target_date,origin_date,actual,point
2015-01-02,2014-12-24,1002.5,1030.018557229943
2015-01-05,2014-12-26,1039.75,1047.971267945077
2015-01-06,2014-12-29,1051.0,1042.4052313557768
2015-01-07,2014-12-30,1052.75,1039.3337817523986
2015-01-08,2014-12-31,1045.0,1020.787764053952
2015-01-09,2015-01-02,1051.5,1004.3280446478983
2015-01-12,2015-01-05,1013.5,1040.46408980724
2015-01-13,2015-01-06,1000.0,1051.8233372604425
2015-01-14,2015-01-07,992.5,1054.4396377858989
2015-01-15,2015-01-08,991.0,1045.2181530460698
2015-01-16,2015-01-09,991.75,1050.6729455695245
2015-01-20,2015-01-12,982.0,1015.489174241132
2015-01-21,2015-01-13,983.5,1002.7582782154416
2015-01-22,2015-01-14,976.75,994.6795630137565
2015-01-23,2015-01-15,972.75,993.8261101755893
2015-01-26,2015-01-16,983.5,994.8129903098902
2015-01-27,2015-01-20,973.75,984.2186083559152
2015-01-28,2015-01-21,970.25,985.074257444303
2015-01-29,2015-01-22,968.25,978.157214876906
2015-01-30,2015-01-23,961.0,974.4877265921482
2015-02-02,2015-01-26,959.5,984.6107986296398
2015-02-03,2015-01-27,987.0,975.0814474738734
2015-02-04,2015-01-28,972.0,971.8782897562771
2015-02-05,2015-01-29,981.25,969.192112927768
2015-02-06,2015-01-30,973.5,962.362142682608
2015-02-09,2015-02-02,978.5,961.2247700734092
2015-02-10,2015-02-03,969.0,987.221487932359
2015-02-11,2015-02-04,977.75,973.1860755762077
2015-02-12,2015-02-05,983.75,982.2163784572434
2015-02-13,2015-02-06,990.5,973.5743597261148
2015-02-17,2015-02-09,1007.75,978.9943299988296
2015-02-18,2015-02-10,995.75,970.4336152847654
2015-02-19,2015-02-11,1007.25,978.5560980055511
2015-02-20,2015-02-12,999.25,984.4248610993034
2015-02-23,2015-02-13,999.25,991.1442056166026
2015-02-24,2015-02-17,1016.0,1007.7355757401812
2015-02-25,2015-02-18,1007.75,996.038743046245
2015-02-26,2015-02-19,1024.0,1007.3559944862133
2015-02-27,2015-02-20,1030.75,999.3963887139646
2015-03-02,2015-02-23,1011.25,1000.1861739442522
2015-03-03,2015-02-24,1008.75,1016.3735252087021
2015-03-04,2015-02-25,989.0,1008.5237021921275
2015-03-05,2015-02-26,979.25,1024.6930057336426
2015-03-06,2015-02-27,979.25,1030.4769345652858
2015-03-09,2015-03-02,988.25,1012.4295908686526
2015-03-10,2015-03-03,980.0,1009.9385303504464
2015-03-11,2015-03-04,989.0,990.3047452648591
2015-03-12,2015-03-05,986.5,981.8113900363359
2015-03-13,2015-03-06,968.25,981.5914472164956
2015-03-16,2015-03-09,969.25,989.9900656386409
2015-03-17,2015-03-10,954.5,982.2295515626022
2015-03-18,2015-03-11,965.0,990.1220883782804
2015-03-19,2015-03-12,961.75,987.109233493732
2015-03-20,2015-03-13,973.75,969.9686102243661
2015-03-23,2015-03-16,983.5,970.6630493812897
2015-03-24,2015-03-17,981.75,956.1026844583271
2015-03-25,2015-03-18,978.75,966.8437012925664
2015-03-26,2015-03-19,974.5,963.40840142653
2015-03-27,2015-03-20,967.25,974.8313953441873
2015-03-30,2015-03-23,967.75,983.9207177049568
2015-03-31,2015-03-24,973.25,982.163960175285
2015-04-01,2015-03-25,989.75,979.3981340070828
2015-04-02,2015-03-26,986.0,974.9402563685613
2015-04-06,2015-03-27,978.5,968.3702018367183
2015-04-07,2015-03-30,971.0,969.1243888699129
2015-04-08,2015-03-31,971.5,974.3513465414673
2015-04-09,2015-04-01,953.5,990.3303245628416
2015-04-10,2015-04-02,951.5,986.7880469689251
2015-04-13,2015-04-06,948.75,979.3347697012467
2015-04-14,2015-04-07,960.25,971.5807250164684
2015-04-15,2015-04-08,965.0,972.3107718086592
2015-04-16,2015-04-09,966.0,955.710816412291
2015-04-17,2015-04-10,968.75,953.5874794423505
2015-04-20,2015-04-13,977.5,950.348959856485
2015-04-21,2015-04-14,975.25,961.5875115017271
2015-04-22,2015-04-15,970.5,966.1875994308814
2015-04-23,2015-04-16,978.25,966.7692703703807
2015-04-24,2015-04-17,969.75,969.0444747199501
2015-04-27,2015-04-20,973.0,977.3369830797458
2015-04-28,2015-04-21,977.5,975.7669449197449
2015-04-29,2015-04-22,988.5,971.3973228850131
2015-04-30,2015-04-23,978.5,978.5441648731936
2015-05-01,2015-04-24,968.5,970.667861740635
2015-05-04,2015-04-27,983.0,974.2156170429353
2015-05-05,2015-04-28,993.5,978.1246449028797
2015-05-06,2015-04-29,990.5,988.9080815602548
2015-05-07,2015-04-30,981.5,979.6400653808216
2015-05-08,2015-05-01,984.5,969.6487645957257
2015-05-11,2015-05-04,983.0,983.1325343975492
2015-05-12,2015-05-05,967.0,993.8014578641411
2015-05-13,2015-05-06,975.0,991.870528657884
2015-05-14,2015-05-07,963.0,982.4583934848132
2015-05-15,2015-05-08,953.25,984.6298392839526
2015-05-18,2015-05-11,954.5,983.8236584566506
2015-05-19,2015-05-12,946.25,969.1053142649786
2015-05-20,2015-05-13,941.25,976.290578433988
2015-05-21,2015-05-14,938.5,964.4159706365092
2015-05-22,2015-05-15,924.25,955.5589220905151
2015-05-26,2015-05-18,922.5,956.0665353405752
2015-05-27,2015-05-19,927.0,947.8737816029618
2015-05-28,2015-05-20,926.0,943.4507101254735
2015-05-29,2015-05-21,934.0,940.0964010758792
2015-06-01,2015-05-22,926.0,926.2154865507749
2015-06-02,2015-05-26,940.75,924.4374366256682
2015-06-03,2015-05-27,935.25,928.2913468955775
2015-06-04,2015-05-28,946.5,927.4915231585737
2015-06-05,2015-05-29,937.75,935.0590547122199
2015-06-08,2015-06-01,944.25,926.8034955252199
2015-06-09,2015-06-02,951.5,940.9603716621976
2015-06-10,2015-06-03,949.5,935.687704000224
2015-06-11,2015-06-04,940.0,946.8729627139337
2015-06-12,2015-06-05,940.0,938.3416541777146
2015-06-15,2015-06-08,937.75,944.6020554766129
2015-06-16,2015-06-09,957.5,951.6901645480488
2015-06-17,2015-06-10,969.0,950.099537236242
2015-06-18,2015-06-11,977.75,941.202123278386
2015-06-19,2015-06-12,971.5,940.5772422607769
2015-06-22,2015-06-15,989.5,938.6441922855313
2015-06-23,2015-06-16,987.5,958.0959509568416
2015-06-24,2015-06-17,981.75,969.2018452805852
2015-06-25,2015-06-18,1000.25,977.723535355072
2015-06-26,2015-06-19,1002.0,971.3825424248612
2015-06-29,2015-06-22,1002.5,988.4027689345529
2015-06-30,2015-06-23,1056.25,987.2168812609725
2015-07-01,2015-06-24,1044.0,982.601924048528
2015-07-02,2015-06-25,1045.25,999.9844266671664
2015-07-06,2015-06-26,1033.75,1001.9059404933876
2015-07-07,2015-06-29,1002.0,1003.4765459643063
2015-07-08,2015-06-30,1006.25,1054.3459348484894
2015-07-09,2015-07-01,1037.75,1043.2165903240762
2015-07-10,2015-07-02,1043.5,1045.6670021781065
2015-07-13,2015-07-06,1045.25,1032.986255884694
2015-07-14,2015-07-07,1039.0,1003.1743022281044
2015-07-15,2015-07-08,1025.0,1008.4899335578651
2015-07-16,2015-07-09,1019.0,1038.289203120875
2015-07-17,2015-07-10,1014.75,1045.1951252950264
2015-07-20,2015-07-13,1007.75,1046.5649629951645
2015-07-21,2015-07-14,1018.75,1038.5757142564223
2015-07-22,2015-07-15,1020.75,1025.3290390735517
2015-07-23,2015-07-16,1010.0,1020.4514500931161
2015-07-24,2015-07-17,991.25,1016.5092756473248
2015-07-27,2015-07-20,961.25,1010.0670313929793
2015-07-28,2015-07-21,974.75,1020.3346322794418
2015-07-29,2015-07-22,983.0,1021.8835815236592
2015-07-30,2015-07-23,990.25,1011.6840211898882
2015-07-31,2015-07-24,980.75,993.0337337116041
2015-08-03,2015-07-27,977.5,963.6072586747689
2015-08-04,2015-07-28,976.0,976.75138406673
2015-08-05,2015-07-29,991.75,984.9146558713779
2015-08-06,2015-07-30,985.5,992.4498940890992
2015-08-07,2015-07-31,1009.0,982.180618085332
2015-08-10,2015-08-03,1044.75,977.8647487250288
2015-08-11,2015-08-04,1014.0,976.6343456081104
2015-08-12,2015-08-05,951.0,992.2831711298898
2015-08-13,2015-08-06,993.0,986.7423156216536
2015-08-14,2015-08-07,978.5,1009.0188544137371
2015-08-17,2015-08-10,927.0,1042.7801041115786
2015-08-18,2015-08-11,913.25,1014.4821686409741
2015-08-19,2015-08-12,903.5,954.0631500460796
2015-08-20,2015-08-13,921.5,992.1255190583905
2015-08-21,2015-08-14,905.25,979.9935733671841
2015-08-24,2015-08-17,892.75,933.5761691336762
2015-08-25,2015-08-18,894.25,916.7860278119647
2015-08-26,2015-08-19,877.75,905.2878815653279
2015-08-27,2015-08-20,886.25,924.9385582441156
2015-08-28,2015-08-21,893.25,908.8361170896857
2015-08-31,2015-08-24,897.5,895.2554709724798
2015-09-01,2015-08-25,884.75,895.2347159660553
2015-09-02,2015-08-26,883.75,879.3173131978101
2015-09-03,2015-08-27,879.75,888.162036580102
2015-09-04,2015-08-28,877.25,893.9879503583574
2015-09-08,2015-08-31,890.75,898.3853151847732
2015-09-09,2015-09-01,882.75,886.0084341208867
2015-09-10,2015-09-02,884.5,884.2238129928214
2015-09-11,2015-09-03,887.75,880.383354385799
2015-09-14,2015-09-04,882.75,878.5838293247346
2015-09-15,2015-09-08,889.0,891.5021034920519
2015-09-16,2015-09-09,887.25,883.6338359179285
2015-09-17,2015-09-10,884.5,885.4567211662688
2015-09-18,2015-09-11,867.25,887.8720560664433
2015-09-21,2015-09-14,874.25,883.4156336149501
2015-09-22,2015-09-15,861.75,889.7621094904483
2015-09-23,2015-09-16,863.75,887.7065306548941
2015-09-24,2015-09-17,868.0,885.4010398547296
2015-09-25,2015-09-18,889.25,868.6888016334703
2015-09-28,2015-09-21,876.75,875.0515888096572
2015-09-29,2015-09-22,884.25,863.1494756992538
2015-09-30,2015-09-23,892.0,865.4719667912632
2015-10-01,2015-09-24,877.25,868.9129859536439
2015-10-02,2015-09-25,874.25,889.1601528066258
2015-10-05,2015-09-28,884.25,877.6634713627125
2015-10-06,2015-09-29,888.0,884.4717426226724
2015-10-07,2015-09-30,891.0,891.2184736791922
2015-10-08,2015-10-01,881.25,878.0519721361975
2015-10-09,2015-10-02,885.75,875.5599362163337
2015-10-12,2015-10-05,887.5,884.2077755714954
2015-10-13,2015-10-06,914.0,888.6508533943473
2015-10-14,2015-10-07,910.5,892.0048448675016
2015-10-15,2015-10-08,905.25,881.9241555966203
2015-10-16,2015-10-09,898.25,886.0052731248359
2015-10-19,2015-10-12,891.0,887.8691874164276
2015-10-20,2015-10-13,896.0,913.7627443674678
2015-10-21,2015-10-14,905.25,910.70067686214
2015-10-22,2015-10-15,898.75,905.7231629053799
2015-10-23,2015-10-16,895.5,898.2789160757999
2015-10-26,2015-10-19,885.0,891.5328042219079
2015-10-27,2015-10-20,891.25,897.1723861582939
2015-10-28,2015-10-21,881.5,906.0100019451877
2015-10-29,2015-10-22,878.75,899.9819187654599
2015-10-30,2015-10-23,883.75,896.4886022056223
2015-11-02,2015-10-26,877.75,885.8002798489003
2015-11-03,2015-10-27,878.5,892.0099656591864
2015-11-04,2015-10-28,882.0,882.959342792796
2015-11-05,2015-10-29,867.75,880.3639002387768
2015-11-06,2015-10-30,871.25,884.5548828535674
2015-11-09,2015-11-02,873.5,878.8046943019189
2015-11-10,2015-11-03,864.5,879.7555652047809
2015-11-11,2015-11-04,868.5,882.4888463938489
2015-11-12,2015-11-05,869.25,869.0485098928386
2015-11-13,2015-11-06,859.0,872.3703375299035
2015-11-16,2015-11-09,859.5,874.0062654427297
2015-11-17,2015-11-10,864.0,865.970229249217
2015-11-18,2015-11-11,857.75,869.621587823711
2015-11-19,2015-11-12,860.0,869.6885574079207
2015-11-20,2015-11-13,857.5,860.3803811828304
2015-11-23,2015-11-16,864.25,860.6241639268326
2015-11-24,2015-11-17,863.75,864.4395440243886
2015-11-25,2015-11-18,875.25,858.9877093731867
2015-11-27,2015-11-19,873.0,861.0657650962579
2015-11-30,2015-11-20,881.0,858.1035696600453
2015-12-01,2015-11-23,889.25,864.7965089423117
2015-12-02,2015-11-24,892.25,864.380406945879
2015-12-03,2015-11-25,897.5,875.3470109306654
2015-12-04,2015-11-27,906.0,873.2078812362499
2015-12-07,2015-11-30,882.25,880.9994975205593
2015-12-08,2015-12-01,876.75,888.8372734395546
2015-12-09,2015-12-02,876.75,892.1060949203879
2015-12-10,2015-12-03,878.25,897.4664748297845
2015-12-11,2015-12-04,870.75,905.4359640235496
2015-12-14,2015-12-07,874.25,883.2364565298603
2015-12-15,2015-12-08,867.25,877.9576107218062
2015-12-16,2015-12-09,862.5,877.3609124414718
2015-12-17,2015-12-10,877.0,879.6490174029907
2015-12-18,2015-12-11,892.25,872.7721985915468
2015-12-21,2015-12-14,891.25,875.1689889032274
2015-12-22,2015-12-15,885.25,868.1563144770507
2015-12-23,2015-12-16,881.75,863.8152207427095
2015-12-24,2015-12-17,875.25,877.367276703297
2015-12-28,2015-12-18,865.0,892.0199909296506
2015-12-29,2015-12-21,870.0,891.7661165726075
2015-12-30,2015-12-22,875.5,885.5551188810302
2015-12-31,2015-12-23,871.25,881.595915737465
2016-01-04,2015-12-24,864.5,875.9221823834534
2016-01-05,2015-12-28,867.75,866.6889973722093
2016-01-06,2015-12-29,875.75,871.2311271330112
2016-01-07,2015-12-30,877.0,876.32298162358
2016-01-08,2015-12-31,879.5,872.5623500456467
2016-01-11,2016-01-04,881.0,865.6888806777065
2016-01-12,2016-01-05,890.75,868.1305053445597
2016-01-13,2016-01-06,899.0,876.0421074992487
2016-01-14,2016-01-07,896.0,877.7761354695092
2016-01-15,2016-01-08,879.0,880.0176155138004
2016-01-19,2016-01-11,883.5,881.0434339817973
2016-01-20,2016-01-12,874.0,890.5579588937132
2016-01-21,2016-01-13,878.5,898.8217336939199
2016-01-22,2016-01-14,876.5,896.2722954728778
2016-01-25,2016-01-15,880.5,879.9578760596978
2016-01-26,2016-01-19,876.5,883.8548353286607
2016-01-27,2016-01-20,883.0,875.0458735954098
2016-01-28,2016-01-21,867.75,880.0668596382397
2016-01-29,2016-01-22,882.25,877.6731944701588
2016-02-01,2016-01-25,880.75,881.2595417935737
2016-02-02,2016-01-26,886.25,877.4102571577492
2016-02-03,2016-01-27,876.75,883.3885958925107
2016-02-04,2016-01-28,874.5,868.8790960254863
2016-02-05,2016-01-29,867.5,882.7021008012282
2016-02-08,2016-02-01,862.5,881.1186211447172
2016-02-09,2016-02-02,863.25,886.9719379881672
2016-02-10,2016-02-03,862.25,877.6365315763578
2016-02-11,2016-02-04,873.5,875.0571134568073
2016-02-12,2016-02-05,872.75,868.52698955175
2016-02-16,2016-02-08,879.75,863.8801062890585
2016-02-17,2016-02-09,882.5,864.5917990689845
2016-02-18,2016-02-10,879.75,863.4078477927847
2016-02-19,2016-02-11,878.25,874.1625767233185
2016-02-22,2016-02-12,881.0,873.2691820378603
2016-02-23,2016-02-16,869.25,879.9943680796571
2016-02-24,2016-02-17,867.5,882.3821767004681
2016-02-25,2016-02-18,859.0,879.9975663701935
2016-02-26,2016-02-19,855.0,878.777475926141
2016-02-29,2016-02-22,853.0,881.2762511127039
2016-03-01,2016-02-23,850.75,870.4281388759528
2016-03-02,2016-02-24,854.25,868.7652948240925
2016-03-03,2016-02-25,856.25,860.2237881075636
2016-03-04,2016-02-26,870.5,856.5294721831149
2016-03-07,2016-02-29,873.5,854.4777797857923
2016-03-08,2016-03-01,877.5,852.0439817314173
2016-03-09,2016-03-02,880.0,855.3088057662728
2016-03-10,2016-03-03,881.75,856.9470147710314
2016-03-11,2016-03-04,888.0,870.5328787920341
2016-03-14,2016-03-07,888.0,873.4356248046204
2016-03-15,2016-03-08,892.0,877.4256399674305
2016-03-16,2016-03-09,894.5,879.6406722331832
2016-03-17,2016-03-10,897.75,881.5109429308861
2016-03-18,2016-03-11,897.5,887.9786706917255
2016-03-21,2016-03-14,902.0,888.1673729345296
2016-03-22,2016-03-15,910.25,892.2080462660668
2016-03-23,2016-03-16,905.25,894.5705890912302
2016-03-24,2016-03-17,910.5,897.888673609258
2016-03-28,2016-03-18,909.0,897.8549046704711
2016-03-29,2016-03-21,916.0,902.1564115345541
2016-03-30,2016-03-22,909.0,910.154682614453
2016-03-31,2016-03-23,910.75,905.7090296745259
2016-04-01,2016-03-24,918.25,910.7751737173526
2016-04-04,2016-03-28,913.5,909.1141204868389
2016-04-05,2016-03-29,904.75,916.3218305618341
2016-04-06,2016-03-30,908.0,909.8232975741715
2016-04-07,2016-03-31,904.5,911.4150466299295
2016-04-08,2016-04-01,916.75,918.4549778654864
2016-04-11,2016-04-04,928.25,914.2607478577954
2016-04-12,2016-04-05,936.25,906.1157197316729
2016-04-13,2016-04-06,955.75,908.5546496897364
2016-04-14,2016-04-07,948.0,905.3666772447057
2016-04-15,2016-04-08,956.0,917.5695052367593
2016-04-18,2016-04-11,954.25,928.3229690854662
2016-04-19,2016-04-12,985.5,936.13722292424
2016-04-20,2016-04-13,1009.75,954.7712452333183
2016-04-21,2016-04-14,1018.75,947.4103310838186
2016-04-22,2016-04-15,987.0,955.5825542668555
2016-04-25,2016-04-18,999.75,953.8105033246491
2016-04-26,2016-04-19,1017.75,984.4043402207942
2016-04-27,2016-04-20,1019.0,1008.3816324995926
2016-04-28,2016-04-21,1018.0,1017.6814740432737
2016-04-29,2016-04-22,1021.0,987.2847331178689
2016-05-02,2016-04-25,1035.5,998.6114808779662
2016-05-03,2016-04-26,1021.5,1016.510037718032
2016-05-04,2016-04-27,1024.5,1020.2332614571371
2016-05-05,2016-04-28,1003.5,1019.3490018796807
2016-05-06,2016-04-29,1026.25,1020.6284702659277
2016-05-09,2016-05-02,1018.75,1035.058154724885
2016-05-10,2016-05-03,1076.0,1022.6140637478858
2016-05-11,2016-05-04,1069.75,1025.4990014804807
2016-05-12,2016-05-05,1064.5,1004.7705582006952
2016-05-13,2016-05-06,1055.0,1026.9032057369106
2016-05-16,2016-05-09,1064.5,1020.0080915984354
2016-05-17,2016-05-10,1080.25,1075.1898732408376
2016-05-18,2016-05-11,1075.25,1069.1509459673966
2016-05-19,2016-05-12,1071.5,1064.65778959403
2016-05-20,2016-05-13,1074.25,1054.5194794960235
2016-05-23,2016-05-16,1058.5,1063.6451796370038
2016-05-24,2016-05-17,1054.75,1080.8682912073782
2016-05-25,2016-05-18,1085.5,1076.4904076783569
2016-05-26,2016-05-19,1079.75,1072.5805296428402
2016-05-27,2016-05-20,1086.5,1074.3333454761773
2016-05-31,2016-05-23,1078.5,1059.8252646496962
2016-06-01,2016-05-24,1099.75,1056.7017568364518
2016-06-02,2016-05-25,1144.25,1085.5136705835894
2016-06-03,2016-05-26,1132.0,1080.7783032905593
2016-06-06,2016-05-27,1138.25,1087.7761796768764
2016-06-07,2016-05-31,1141.25,1078.7064584300076
2016-06-08,2016-06-01,1177.75,1099.1517775923442
2016-06-09,2016-06-02,1176.0,1142.683015811037
2016-06-10,2016-06-03,1178.25,1132.1008660094049
2016-06-13,2016-06-06,1169.0,1138.2454083310136
2016-06-14,2016-06-07,1169.5,1139.590396631229
2016-06-15,2016-06-08,1156.0,1175.9049225499236
2016-06-16,2016-06-09,1134.5,1176.2805999403236
2016-06-17,2016-06-10,1159.5,1178.5168440177797
2016-06-20,2016-06-13,1143.5,1168.9496075812879
2016-06-21,2016-06-14,1133.25,1169.6848951739307
2016-06-22,2016-06-15,1137.5,1157.9024999104436
2016-06-23,2016-06-16,1124.5,1137.3571505468735
2016-06-24,2016-06-17,1103.0,1160.7147918804012
2016-06-27,2016-06-20,1133.0,1145.4824731961044
2016-06-28,2016-06-21,1150.5,1136.3878467381467
2016-06-29,2016-06-22,1144.5,1138.7688050409959
2016-06-30,2016-06-23,1175.0,1126.0396267878832
2016-07-01,2016-06-24,1168.75,1106.4297606398845
2016-07-05,2016-06-27,1117.0,1133.8651312589154
2016-07-06,2016-06-28,1106.25,1150.7122087380783
2016-07-07,2016-06-29,1054.25,1146.4644543651907
2016-07-08,2016-06-30,1089.75,1174.4098424675794
2016-07-11,2016-07-01,1082.75,1167.669174659315
2016-07-12,2016-07-05,1107.25,1119.9149473270625
2016-07-13,2016-07-06,1128.0,1108.512403176469
2016-07-14,2016-07-07,1111.5,1057.7905033210504
2016-07-15,2016-07-08,1072.5,1093.1471641936123
2016-07-18,2016-07-11,1078.25,1085.973518272212
2016-07-19,2016-07-12,1044.0,1109.6005772197168
2016-07-20,2016-07-13,1027.0,1128.0777972671128
2016-07-21,2016-07-14,1032.5,1111.5249120750145
2016-07-22,2016-07-15,1006.5,1074.8835077696817
2016-07-25,2016-07-18,983.75,1078.840827571631
2016-07-26,2016-07-19,993.5,1046.8609658706737
2016-07-27,2016-07-20,1010.5,1031.7596250357224
2016-07-28,2016-07-21,1003.5,1035.3583472058035
2016-07-29,2016-07-22,1032.5,1009.8858812224689
2016-08-01,2016-07-25,996.0,988.2517263497347
2016-08-02,2016-07-26,985.25,995.4794572735067
2016-08-03,2016-07-27,990.5,1011.6531240631482
2016-08-04,2016-07-28,990.5,1006.0305338676551
2016-08-05,2016-07-29,1003.75,1032.4097280864733
2016-08-08,2016-08-01,1018.75,996.7181027043857
2016-08-09,2016-08-02,1022.0,987.0523172494136
2016-08-10,2016-08-03,1017.0,991.149023823325
2016-08-11,2016-08-04,1022.25,991.9877553490961
2016-08-12,2016-08-05,1003.25,1005.7986026043625
2016-08-15,2016-08-08,1023.75,1018.7019107273601
2016-08-16,2016-08-09,1019.5,1021.8596809934978
2016-08-17,2016-08-10,1030.5,1017.2166138435889
2016-08-18,2016-08-11,1032.25,1021.8762620877906
2016-08-19,2016-08-12,1027.0,1004.3131879698079
2016-08-22,2016-08-15,1035.25,1024.359750528893
2016-08-23,2016-08-16,1034.25,1020.2663983768357
2016-08-24,2016-08-17,1030.75,1031.379602351412
2016-08-25,2016-08-18,998.25,1032.631717030893
2016-08-26,2016-08-19,990.75,1027.379090622179
2016-08-29,2016-08-22,983.25,1035.629401370218
2016-08-30,2016-08-23,965.5,1034.5934990630358
2016-08-31,2016-08-24,960.0,1031.9445331600605
2016-09-01,2016-08-25,959.0,1000.7417572572883
2016-09-02,2016-08-26,968.5,992.9438587818672
2016-09-06,2016-08-29,974.25,985.5903867719146
2016-09-07,2016-08-30,991.75,969.2240157028509
2016-09-08,2016-08-31,992.0,963.3873244276463
2016-09-09,2016-09-01,997.25,961.0681389728754
2016-09-12,2016-09-02,984.5,970.1407412772953
2016-09-13,2016-09-06,968.25,975.4647177383531
2016-09-14,2016-09-07,972.0,991.6394624003774
2016-09-15,2016-09-08,950.5,991.7685603432159
2016-09-16,2016-09-09,966.0,996.9103580076033
2016-09-19,2016-09-12,972.5,984.8373712969465
2016-09-20,2016-09-13,989.75,969.6296612989917
2016-09-21,2016-09-14,975.5,973.2581860448545
2016-09-22,2016-09-15,976.5,953.0091287674084
2016-09-23,2016-09-16,955.0,967.9753105872718
2016-09-26,2016-09-19,945.25,973.3796483675155
2016-09-27,2016-09-20,952.5,990.1221738384245
2016-09-28,2016-09-21,945.5,976.48241569429
2016-09-29,2016-09-22,950.25,976.6099079651964
2016-09-30,2016-09-23,954.0,956.1755447031201
2016-10-03,2016-09-26,973.0,947.2846039054766
2016-10-04,2016-09-27,963.5,954.2214426149294
2016-10-05,2016-09-28,956.75,947.5807305920623
2016-10-06,2016-09-29,958.5,952.1804678500528
2016-10-07,2016-09-30,956.75,954.6262975757269
2016-10-11,2016-10-03,954.25,972.6638682496277
2016-10-12,2016-10-04,945.5,964.087128293354
2016-10-13,2016-10-05,956.25,957.4623311731307
2016-10-14,2016-10-06,962.5,958.6143638848565
2016-10-17,2016-10-07,978.25,957.4576893705557
2016-10-18,2016-10-11,972.5,955.8891029725885
2016-10-19,2016-10-12,981.5,947.0414425678464
2016-10-20,2016-10-13,975.5,956.889605159327
2016-10-21,2016-10-14,983.0,962.9906960425141
2016-10-24,2016-10-17,992.0,978.3345401576835
2016-10-25,2016-10-18,990.75,972.7399913348904
2016-10-26,2016-10-19,1010.0,980.9996030187777
2016-10-27,2016-10-20,1014.25,975.4373816096812
2016-10-28,2016-10-21,1001.25,983.1307483251246
2016-10-31,2016-10-24,1002.25,992.0299084799356
2016-11-01,2016-10-25,984.25,991.1105519003945
2016-11-02,2016-10-26,976.75,1009.6568208568447
2016-11-03,2016-10-27,979.75,1013.577483361026
2016-11-04,2016-10-28,981.5,1001.9822764762023
2016-11-07,2016-10-31,989.25,1002.6164573929655
2016-11-08,2016-11-01,1001.75,985.3876838868058
2016-11-09,2016-11-02,982.0,979.0773622562509
2016-11-10,2016-11-03,989.0,981.5843731322716
2016-11-14,2016-11-04,971.0,983.1845066654229
2016-11-15,2016-11-07,989.5,990.6857795722055
2016-11-16,2016-11-08,985.75,1001.8661668231063
2016-11-17,2016-11-09,989.5,983.1072797035072
2016-11-18,2016-11-10,993.75,989.5394804010568
2016-11-21,2016-11-14,1020.25,972.1091837951849
2016-11-22,2016-11-15,1030.0,990.4110931789676
2016-11-23,2016-11-16,1034.25,987.0068735994413
2016-11-25,2016-11-17,1046.0,990.5489344409993
2016-11-28,2016-11-18,1056.0,994.2039681494408
2016-11-29,2016-11-21,1042.5,1019.0374950733451
2016-11-30,2016-11-22,1032.25,1029.3713537832405
2016-12-01,2016-11-23,1029.75,1033.696343033946
2016-12-02,2016-11-25,1027.5,1044.5179018999843
2016-12-05,2016-11-28,1043.5,1054.4546947650074
2016-12-06,2016-11-29,1047.75,1043.004438286769
2016-12-07,2016-11-30,1049.0,1033.296596769815
2016-12-08,2016-12-01,1027.0,1030.6081138419095
2016-12-09,2016-12-02,1037.5,1029.183754937756
2016-12-12,2016-12-05,1031.0,1044.8453297963833
2016-12-13,2016-12-06,1028.0,1048.5635945455779
2016-12-14,2016-12-07,1023.75,1049.660737518244
2016-12-15,2016-12-08,1029.0,1028.2991746194675
2016-12-16,2016-12-09,1036.75,1037.890810209909
2016-12-19,2016-12-12,1021.5,1032.2316269100272
2016-12-20,2016-12-13,1005.25,1030.1468893616611
2016-12-21,2016-12-14,1006.75,1025.5483730525934
2016-12-22,2016-12-15,994.5,1029.8557383490431
2016-12-23,2016-12-16,989.0,1037.671671902016
2016-12-27,2016-12-19,1014.75,1023.2019505916533
2016-12-28,2016-12-20,1006.75,1007.3164692207679
2016-12-29,2016-12-21,1003.25,1007.9849640170811
2016-12-30,2016-12-22,996.5,996.8092940091824
2017-01-03,2016-12-23,986.75,991.9607740461391
2017-01-04,2016-12-27,1006.25,1015.4382154024289
2017-01-05,2016-12-28,1003.5,1007.8223473666509
2017-01-06,2016-12-29,986.0,1004.7909495865716
2017-01-09,2016-12-30,996.5,997.0389399994415
2017-01-10,2017-01-03,1005.5,987.8736858303569
2017-01-11,2017-01-04,1003.0,1007.1312236869537
2017-01-12,2017-01-05,1032.0,1004.5445964025574
2017-01-13,2017-01-06,1042.5,988.1973951489316
2017-01-17,2017-01-09,1069.25,996.9848250027253
2017-01-18,2017-01-10,1075.0,1005.3327568544998
2017-01-19,2017-01-11,1070.25,1004.4419863814855
2017-01-20,2017-01-12,1067.5,1031.4485214835065
2017-01-23,2017-01-13,1057.75,1040.9924885573887
2017-01-24,2017-01-17,1058.5,1067.457889727979
2017-01-25,2017-01-18,1055.25,1073.050182515206
2017-01-26,2017-01-19,1049.5,1068.920867176066
2017-01-27,2017-01-20,1049.25,1066.9168708532065
2017-01-30,2017-01-23,1022.75,1058.110649903586
2017-01-31,2017-01-24,1024.5,1059.8497984304722
2017-02-01,2017-01-25,1036.75,1056.8973613316803
2017-02-02,2017-01-26,1037.25,1051.4359521613435
2017-02-03,2017-01-27,1027.0,1050.8441923957141
2017-02-06,2017-01-30,1036.0,1025.3018571673451
2017-02-07,2017-01-31,1042.75,1026.686032815211
2017-02-08,2017-02-01,1058.75,1037.8491392240576
2017-02-09,2017-02-02,1050.5,1039.016360702477
2017-02-10,2017-02-03,1059.0,1029.1090526099224
2017-02-13,2017-02-06,1054.25,1036.1835352295357
2017-02-14,2017-02-07,1045.0,1042.7850584931684
2017-02-15,2017-02-08,1061.25,1058.9502969226783
2017-02-16,2017-02-09,1043.75,1051.134227709774
2017-02-17,2017-02-10,1032.5,1058.7851048888306
2017-02-21,2017-02-13,1026.25,1054.314623310842
2017-02-22,2017-02-14,1022.75,1046.2044668486487
2017-02-23,2017-02-15,1011.5,1061.7378244864258
2017-02-24,2017-02-16,1013.5,1045.154427679267
2017-02-27,2017-02-17,1011.0,1034.900393358587
2017-02-28,2017-02-21,1025.0,1027.8769491111484
2017-03-01,2017-02-22,1041.25,1024.570625205332
2017-03-02,2017-02-23,1026.75,1014.4563889582175
2017-03-03,2017-02-24,1027.0,1015.5354215982074
2017-03-06,2017-02-27,1026.75,1012.6543981003706
2017-03-07,2017-02-28,1014.75,1025.9611792231697
2017-03-08,2017-03-01,1011.0,1041.288785689212
2017-03-09,2017-03-02,1000.25,1027.6148792325878
2017-03-10,2017-03-03,996.25,1027.5102021858497
2017-03-13,2017-03-06,996.25,1026.7171096414288
2017-03-14,2017-03-07,987.25,1016.402843810719
2017-03-15,2017-03-08,998.0,1013.1077462002161
2017-03-16,2017-03-09,1001.5,1002.1428656567577
2017-03-17,2017-03-10,1000.0,998.4367690542065
2017-03-20,2017-03-13,999.5,998.2043604926971
2017-03-21,2017-03-14,1001.5,989.3880428817677
2017-03-22,2017-03-15,999.75,999.3141063136119
2017-03-23,2017-03-16,991.0,1002.2425402969164
2017-03-24,2017-03-17,975.75,1001.0957674970621
2017-03-27,2017-03-20,971.5,1000.2652811387002
2017-03-28,2017-03-21,972.0,1001.8056436465165
2017-03-29,2017-03-22,969.0,1000.6627492668886
2017-03-30,2017-03-23,963.0,992.4812382909247
2017-03-31,2017-03-24,946.0,977.7141820864974
2017-04-03,2017-03-27,938.25,973.368825269311
2017-04-04,2017-03-28,937.75,973.8653178780736
2017-04-05,2017-03-29,944.25,971.2090368540191
2017-04-06,2017-03-30,941.5,964.9883591107643
2017-04-07,2017-03-31,942.0,948.0601840065308
2017-04-10,2017-04-03,941.75,940.2697802026164
2017-04-11,2017-04-04,939.25,939.6016982803199
2017-04-12,2017-04-05,947.75,945.949443417093
2017-04-13,2017-04-06,955.5,943.239703634526
2017-04-17,2017-04-07,953.25,943.0433152227778
2017-04-18,2017-04-10,946.0,942.3037852163859
2017-04-19,2017-04-11,950.25,940.0515268734808
2017-04-20,2017-04-12,946.75,948.2912744721473
2017-04-21,2017-04-13,951.0,955.660178088923
2017-04-24,2017-04-17,961.25,953.8406396029618
2017-04-25,2017-04-18,954.5,946.7542981032732
2017-04-26,2017-04-19,945.75,950.4333100628589
2017-04-27,2017-04-20,945.75,947.5514151817663
2017-04-28,2017-04-21,945.25,952.0536783686498
2017-05-01,2017-04-24,959.0,961.5383900135815
2017-05-02,2017-04-25,958.0,955.202817699786
2017-05-03,2017-04-26,965.5,946.9265339392664
2017-05-04,2017-04-27,965.25,946.3438679536711
2017-05-05,2017-04-28,963.0,946.2013591831787
2017-05-08,2017-05-01,956.25,959.7995340979884
2017-05-09,2017-05-02,965.25,958.711959622972
2017-05-10,2017-05-03,961.75,965.6762715130764
2017-05-11,2017-05-04,956.0,965.1724320383864
2017-05-12,2017-05-05,954.0,963.2797919324116
2017-05-15,2017-05-08,965.25,957.1475951056126
2017-05-16,2017-05-09,976.25,965.6097811186316
2017-05-17,2017-05-10,975.75,962.6805035794077
2017-05-18,2017-05-11,944.75,957.4199654132659
2017-05-19,2017-05-12,953.0,954.9946510019577
2017-05-22,2017-05-15,956.5,965.5062405224706
2017-05-23,2017-05-16,948.25,976.5671782519615
2017-05-24,2017-05-17,948.25,976.2711437931802
2017-05-25,2017-05-18,939.5,946.4007926728425
2017-05-26,2017-05-19,926.5,953.5132559075807
2017-05-30,2017-05-22,912.75,957.122094107254
2017-05-31,2017-05-23,916.0,950.6516095872928
2017-06-01,2017-05-24,912.25,950.0142879384287
2017-06-02,2017-05-25,921.25,940.4259202099175
2017-06-05,2017-05-26,922.0,928.4840536270982
2017-06-06,2017-05-30,923.5,915.1323745308633
2017-06-07,2017-05-31,930.75,917.7064778343497
2017-06-08,2017-06-01,938.0,914.2568255116933
2017-06-09,2017-06-02,941.5,922.7117621420224
2017-06-12,2017-06-05,931.25,922.8056656707706
2017-06-13,2017-06-06,932.5,923.9722848739277
2017-06-14,2017-06-07,931.75,930.7399979757037
2017-06-15,2017-06-08,934.75,937.6839658671377
2017-06-16,2017-06-09,939.0,941.5337848386321
2017-06-19,2017-06-12,937.75,931.8009894464288
2017-06-20,2017-06-13,927.75,932.816739017089
2017-06-21,2017-06-14,918.75,932.2465571743668
2017-06-22,2017-06-15,904.0,935.678204802308
2017-06-23,2017-06-16,904.5,939.7504371054686
2017-06-26,2017-06-19,906.75,938.3126704021881
2017-06-27,2017-06-20,911.25,928.80704276873
2017-06-28,2017-06-21,914.0,919.9722757317853
2017-06-29,2017-06-22,915.5,905.8595750627564
2017-06-30,2017-06-23,942.25,906.3875453923233
2017-07-03,2017-06-26,964.75,908.4300476813366
2017-07-05,2017-06-27,976.25,912.679143160712
2017-07-06,2017-06-28,980.75,914.8957115791766
2017-07-07,2017-06-29,996.0,915.7983409277575
2017-07-10,2017-06-30,1020.25,941.1662685633839
2017-07-11,2017-07-03,1025.25,962.9985562028162
2017-07-12,2017-07-05,1016.75,974.7822586812633
2017-07-13,2017-07-06,972.5,978.9240114617664
2017-07-14,2017-07-07,985.25,993.3410294623634
2017-07-17,2017-07-10,985.0,1017.6340667952626
2017-07-18,2017-07-11,989.5,1023.8694323447667
2017-07-19,2017-07-12,999.75,1016.302619954344
2017-07-20,2017-07-13,1013.25,973.9217966486808
2017-07-21,2017-07-14,1009.0,985.9572865844684
2017-07-24,2017-07-17,997.5,986.5070124442077
2017-07-25,2017-07-18,981.5,992.1912880844285
2017-07-26,2017-07-19,988.75,1000.899490498238
2017-07-27,2017-07-20,994.75,1012.3780056756543
2017-07-28,2017-07-21,1000.75,1009.0657525709792
2017-07-31,2017-07-24,994.5,998.0255620536263
2017-08-01,2017-07-25,959.5,982.52853814172
2017-08-02,2017-07-26,966.5,989.65561523377
2017-08-03,2017-07-27,950.5,996.0176332133351
2017-08-04,2017-07-28,949.25,1002.050561903568
2017-08-07,2017-07-31,959.75,995.5786833016507
2017-08-08,2017-08-01,963.0,961.5590168717666
2017-08-09,2017-08-02,963.0,967.8486601252862
2017-08-10,2017-08-03,930.75,952.6870756528997
2017-08-11,2017-08-04,935.5,952.3815418265401
2017-08-14,2017-08-07,925.5,961.4272099700925
2017-08-15,2017-08-08,921.75,963.8301483215789
2017-08-16,2017-08-09,921.75,964.1477979865975
2017-08-17,2017-08-10,930.25,932.6007088652507
2017-08-18,2017-08-11,937.5,936.6592874643364
2017-08-21,2017-08-14,932.5,927.2092553394539
2017-08-22,2017-08-15,933.75,924.4712841627379
2017-08-23,2017-08-16,935.0,923.8601320286621
2017-08-24,2017-08-17,941.25,931.0173812675642
2017-08-25,2017-08-18,939.0,938.2114159845087
2017-08-28,2017-08-21,935.25,933.2482389440894
2017-08-29,2017-08-22,930.75,934.1026270588455
2017-08-30,2017-08-23,923.0,935.1466196555059
2017-08-31,2017-08-24,936.25,941.6485060391816
2017-09-01,2017-08-25,942.0,939.8036598591675
2017-09-05,2017-08-28,960.5,936.0758474300267
2017-09-06,2017-08-29,964.5,931.5376193269939
2017-09-07,2017-08-30,963.25,924.2159243512334
2017-09-08,2017-08-31,956.5,936.961501576199
2017-09-11,2017-09-01,954.75,942.5116405281433
2017-09-12,2017-09-05,944.25,960.3679499320947
2017-09-13,2017-09-06,953.0,963.9107978139767
2017-09-14,2017-09-07,967.25,962.7121428228633
2017-09-15,2017-09-08,968.75,956.4322230618995
2017-09-18,2017-09-11,967.75,954.9683399534662
2017-09-19,2017-09-12,965.5,945.6230514100503
2017-09-20,2017-09-13,970.0,954.0842140695867
2017-09-21,2017-09-14,970.75,967.5619950030498
2017-09-22,2017-09-15,984.25,969.2983703778327
2017-09-25,2017-09-18,971.25,968.1509382840812
2017-09-26,2017-09-19,963.5,965.3559114085979
2017-09-27,2017-09-20,965.5,970.032071373899
2017-09-28,2017-09-21,959.5,971.3541609919749
2017-09-29,2017-09-22,968.25,984.365717888322
2017-10-02,2017-09-25,957.25,972.0236742351872
2017-10-03,2017-09-26,955.25,964.5799960535871
2017-10-04,2017-09-27,958.25,966.0560362444297
2017-10-05,2017-09-28,968.25,960.80836101128
2017-10-06,2017-09-29,972.25,969.620623278106
2017-10-09,2017-10-02,966.75,958.5923118283847
2017-10-10,2017-10-03,966.0,956.5297960362666
2017-10-11,2017-10-04,965.25,959.014735005012
2017-10-12,2017-10-05,992.0,968.6777736942979
2017-10-13,2017-10-06,1000.25,972.9152999632446
2017-10-16,2017-10-09,991.0,967.3606525959443
2017-10-17,2017-10-10,984.75,966.3345251272846
2017-10-18,2017-10-11,984.25,965.6657487994775
2017-10-19,2017-10-12,986.5,991.6169896411691
2017-10-20,2017-10-13,978.75,999.929588185277
2017-10-23,2017-10-16,980.75,991.3984316935295
2017-10-24,2017-10-17,975.5,984.7390928031257
2017-10-25,2017-10-18,975.5,984.1254521449216
2017-10-26,2017-10-19,971.25,987.4913198845361
2017-10-27,2017-10-20,975.25,980.4989830513574
2017-10-30,2017-10-23,972.75,981.9297044539792
2017-10-31,2017-10-24,973.75,976.5764358727903
2017-11-01,2017-10-25,981.0,976.7227023918905
2017-11-02,2017-10-26,989.0,972.565028298668
2017-11-03,2017-10-27,977.0,976.1865746955773
2017-11-06,2017-10-30,984.0,973.8263198185196
2017-11-07,2017-10-31,986.0,974.7051433094821
2017-11-08,2017-11-01,988.0,981.4386714992294
2017-11-09,2017-11-02,975.25,989.1016766119683
2017-11-10,2017-11-03,977.25,977.9940607339469
2017-11-13,2017-11-06,963.5,984.3319320375563
2017-11-14,2017-11-07,959.0,986.0981100192209
2017-11-15,2017-11-08,976.25,988.7582790558855
2017-11-16,2017-11-09,972.0,976.6800814673524
2017-11-17,2017-11-10,990.5,978.0240947562403
2017-11-20,2017-11-13,990.0,965.0366054656165
2017-11-21,2017-11-14,989.0,960.9819358910071
2017-11-22,2017-11-15,997.25,977.0471042475176
2017-11-24,2017-11-16,993.25,973.0743279708107
2017-11-27,2017-11-17,996.0,990.8664953928189
2017-11-28,2017-11-20,993.0,989.6089161419659
2017-11-29,2017-11-21,992.5,989.0131185064264
2017-11-30,2017-11-22,985.75,996.9837756805099
2017-12-01,2017-11-24,994.25,993.3370006014537
2017-12-04,2017-11-27,998.5,996.7062524104991
2017-12-05,2017-11-28,1008.5,993.6307900701047
2017-12-06,2017-11-29,1002.75,993.2971099703589
2017-12-07,2017-11-30,992.0,987.025639577138
2017-12-08,2017-12-01,989.75,994.9613600793298
2017-12-11,2017-12-04,982.5,999.1152419835657
2017-12-12,2017-12-05,975.75,1008.8348834297699
2017-12-13,2017-12-06,979.25,1003.2666992438653
2017-12-14,2017-12-07,967.75,992.8379150373702
2017-12-15,2017-12-08,967.25,990.5968945565513
2017-12-18,2017-12-11,961.5,983.9332759548186
2017-12-19,2017-12-12,956.0,977.9289141656565
2017-12-20,2017-12-13,954.0,980.8068426056337
2017-12-21,2017-12-14,948.75,969.5935952254736
2017-12-22,2017-12-15,949.5,969.00181758978
2017-12-26,2017-12-18,959.25,962.9656073379676
2017-12-27,2017-12-19,955.5,957.7136863831706
2017-12-28,2017-12-20,945.75,955.6745285038251
2017-12-29,2017-12-21,951.75,950.3024276867916
2018-01-02,2017-12-22,955.0,950.9673907422091
2018-01-03,2017-12-26,959.75,959.9625938580016
2018-01-04,2017-12-27,959.25,956.4496540077038
2018-01-05,2017-12-28,961.5,947.0388847913473
2018-01-08,2017-12-29,958.25,952.1462649597031
2018-01-09,2018-01-02,955.75,955.4204215590009
2018-01-10,2018-01-03,947.0,960.609125548602
2018-01-11,2018-01-04,940.5,959.8513255054646
2018-01-12,2018-01-05,944.0,961.6719847730461
2018-01-16,2018-01-08,968.0,958.7508256174707
2018-01-17,2018-01-09,968.75,956.539529586053
2018-01-18,2018-01-10,973.0,948.2549639121725
2018-01-19,2018-01-11,977.25,942.0006788425055
2018-01-22,2018-01-12,984.25,945.2354937345419
2018-01-23,2018-01-16,986.25,968.0864102413639
2018-01-24,2018-01-17,992.25,969.1552429214952
2018-01-25,2018-01-18,992.25,973.0262423620534
2018-01-26,2018-01-19,985.5,976.339823322789
2018-01-29,2018-01-22,991.5,983.4816538227567
2018-01-30,2018-01-23,1000.25,986.338457514093
2018-01-31,2018-01-24,995.75,992.1275700213052
2018-02-01,2018-01-25,985.0,992.2726003232251
2018-02-02,2018-01-26,978.75,986.1187018711678
2018-02-05,2018-01-29,969.75,991.862626733252
2018-02-06,2018-01-30,986.25,1000.3779082904957
2018-02-07,2018-01-31,983.0,996.6812493855377
2018-02-08,2018-02-01,987.75,986.2867327308995
2018-02-09,2018-02-02,983.0,979.7515708599223
2018-02-12,2018-02-05,1001.75,971.3828145711554
2018-02-13,2018-02-06,1011.75,987.3992983636767
2018-02-14,2018-02-07,1017.25,984.2937189447009
2018-02-15,2018-02-08,1024.25,988.7371774609961
2018-02-16,2018-02-09,1021.5,983.5195878543835
2018-02-20,2018-02-12,1026.5,1001.2555842160803
2018-02-21,2018-02-13,1034.25,1011.4214245111882
2018-02-22,2018-02-14,1032.0,1017.075150522624
2018-02-23,2018-02-15,1036.25,1023.5932784519332
2018-02-26,2018-02-16,1034.25,1020.9355847716809
2018-02-27,2018-02-20,1038.0,1026.418398371356
2018-02-28,2018-02-21,1045.0,1034.0804325300278
2018-03-01,2018-02-22,1057.5,1032.4606636812719
2018-03-02,2018-02-23,1060.75,1036.675681622813
2018-03-05,2018-02-26,1066.75,1034.5719486270502
2018-03-06,2018-02-27,1064.5,1038.4856695875797
2018-03-07,2018-02-28,1055.0,1045.3247915674306
2018-03-08,2018-03-01,1053.75,1057.4394456735101
2018-03-09,2018-03-02,1029.25,1060.8349858311974
2018-03-12,2018-03-05,1033.25,1066.5383512782232
2018-03-13,2018-03-06,1040.5,1064.436645780745
2018-03-14,2018-03-07,1028.5,1055.7583943644136
2018-03-15,2018-03-08,1040.75,1054.7588950907852
2018-03-16,2018-03-09,1049.5,1031.5232526297282
2018-03-19,2018-03-12,1022.5,1035.3951519888672
2018-03-20,2018-03-13,1028.25,1041.9034654609065
2018-03-21,2018-03-14,1029.75,1030.850798589287
2018-03-22,2018-03-15,1029.75,1042.0465774288366
2018-03-23,2018-03-16,1028.25,1049.369523974468
2018-03-26,2018-03-19,1025.5,1024.452174522849
2018-03-27,2018-03-20,1019.5,1029.5140420291036
2018-03-28,2018-03-21,1018.0,1030.1797810321252
2018-03-29,2018-03-22,1044.75,1031.442895031824
2018-04-02,2018-03-23,1035.5,1029.922698904443
2018-04-03,2018-03-26,1038.0,1026.3404636000687
2018-04-04,2018-03-27,1015.25,1020.7967654275271
2018-04-05,2018-03-28,1031.25,1019.342006109222
2018-04-06,2018-03-29,1033.75,1044.7481492160643
2018-04-09,2018-04-02,1047.0,1036.332330632314
2018-04-10,2018-04-03,1050.0,1038.7861954081795
2018-04-11,2018-04-04,1047.75,1016.1970357839213
2018-04-12,2018-04-05,1060.75,1031.576116056583
2018-04-13,2018-04-06,1054.25,1034.7017254791779
2018-04-16,2018-04-09,1042.0,1047.7905592970615
2018-04-17,2018-04-10,1046.0,1050.2977010474772
2018-04-18,2018-04-11,1041.75,1047.6502658451516
2018-04-19,2018-04-12,1037.25,1060.302886838586
2018-04-20,2018-04-13,1028.75,1054.4566946608772
2018-04-23,2018-04-16,1020.75,1043.4570480528466
2018-04-24,2018-04-17,1022.25,1046.7768340856064
2018-04-25,2018-04-18,1027.5,1042.8571898624014
2018-04-26,2018-04-19,1028.0,1039.255903739896
2018-04-27,2018-04-20,1045.0,1030.5876777956582
2018-04-30,2018-04-23,1037.75,1022.5089476675033
2018-05-01,2018-04-24,1042.5,1023.9189939697044
2018-05-02,2018-04-25,1032.75,1028.836122781206
2018-05-03,2018-04-26,1043.25,1029.343752392344
2018-05-04,2018-04-27,1027.25,1045.1397101500436
2018-05-07,2018-04-30,1002.25,1038.093587549913
2018-05-08,2018-05-01,1011.25,1042.8197894910013
2018-05-09,2018-05-02,1007.25,1033.3335242855808
2018-05-10,2018-05-03,1013.25,1043.6025326512072
2018-05-11,2018-05-04,994.75,1028.8502000560393
2018-05-14,2018-05-07,1013.0,1004.9784975861293
2018-05-15,2018-05-08,1018.75,1012.8118516400194
2018-05-16,2018-05-09,999.75,1008.9712545517145
2018-05-17,2018-05-10,995.0,1015.5181558225711
2018-05-18,2018-05-11,998.5,996.9012944968003
2018-05-21,2018-05-14,1025.25,1013.3558211929821
2018-05-22,2018-05-15,1030.5,1018.9975046478853
2018-05-23,2018-05-16,1039.25,1001.6054344020562
2018-05-24,2018-05-17,1035.75,996.466063487134
2018-05-25,2018-05-18,1041.5,998.8963158697748
2018-05-29,2018-05-21,1030.5,1025.4762027932184
2018-05-30,2018-05-22,1023.0,1031.0140143818153
2018-05-31,2018-05-23,1018.5,1038.891537072751
2018-06-01,2018-05-24,1021.25,1034.9771573542837
2018-06-04,2018-05-25,1001.75,1040.8005378226767
2018-06-05,2018-05-29,1001.25,1031.23705200233
2018-06-06,2018-05-30,994.25,1024.3867743491328
2018-06-07,2018-05-31,974.25,1019.9816493874197
2018-06-08,2018-06-01,969.25,1022.6220939214252
2018-06-11,2018-06-04,953.75,1004.3190153727323
2018-06-12,2018-06-05,954.0,1003.2325367431772
2018-06-13,2018-06-06,936.0,995.9567955144961
2018-06-14,2018-06-07,927.25,977.1277947996124
2018-06-15,2018-06-08,905.5,971.900351986596
2018-06-18,2018-06-11,908.5,956.3102846432478
2018-06-19,2018-06-12,889.0,956.6202934047423
2018-06-20,2018-06-13,889.5,938.9658280585261
2018-06-21,2018-06-14,880.5,929.9863383743292
2018-06-22,2018-06-15,894.5,908.5970692290834
2018-06-25,2018-06-18,874.5,910.9025424001461
2018-06-26,2018-06-19,867.25,892.1350949656326
2018-06-27,2018-06-20,867.5,892.1492682314082
2018-06-28,2018-06-21,861.25,882.7599068968364
2018-06-29,2018-06-22,858.5,895.662208958634
2018-07-02,2018-06-25,848.5,876.6260953848881
2018-07-03,2018-06-26,844.0,869.1346031937613
2018-07-05,2018-06-27,835.5,868.6314831304843
2018-07-06,2018-06-28,874.0,862.8799841676032
2018-07-09,2018-06-29,851.75,860.3821133041291
2018-07-10,2018-07-02,852.25,849.9544565517147
2018-07-11,2018-07-03,829.75,845.3765351226812
2018-07-12,2018-07-05,830.0,837.0998536501534
2018-07-13,2018-07-06,814.0,873.7011269702997
2018-07-16,2018-07-09,829.5,852.8447618876203
2018-07-17,2018-07-10,839.5,853.2240801497853
2018-07-18,2018-07-11,842.25,830.3606158984824
2018-07-19,2018-07-12,846.0,830.819885522015
2018-07-20,2018-07-13,849.75,816.417277072012
2018-07-23,2018-07-16,847.75,830.7910606989809
2018-07-24,2018-07-17,858.0,840.2213267908438
2018-07-25,2018-07-18,860.75,842.7526508654423
2018-07-26,2018-07-19,861.25,845.9660361303868
2018-07-27,2018-07-20,870.5,848.9326969418271
2018-07-30,2018-07-23,875.0,847.7117435923146
2018-07-31,2018-07-24,903.75,857.8040625763716
2018-08-01,2018-07-25,886.75,860.5983139104065
2018-08-02,2018-07-26,882.5,861.4434523743553
2018-08-03,2018-07-27,886.25,870.1789366967953
2018-08-06,2018-07-30,877.25,874.5625405231427
2018-08-07,2018-07-31,889.25,902.55449985222
2018-08-08,2018-08-01,893.75,886.7317485980088
2018-08-09,2018-08-02,887.75,882.6731028477716
2018-08-10,2018-08-03,846.0,885.7628806646064
2018-08-13,2018-08-06,853.5,877.961796286934
2018-08-14,2018-08-07,864.5,890.315176795465
2018-08-15,2018-08-08,857.5,893.9796511051603
2018-08-16,2018-08-09,885.5,888.5141653267904
2018-08-17,2018-08-10,881.5,848.3696921834071
2018-08-20,2018-08-13,881.75,854.5312513768122
2018-08-21,2018-08-14,874.5,865.3570136989808
2018-08-22,2018-08-15,858.25,859.9568417188545
2018-08-23,2018-08-16,842.0,885.9858418805989
2018-08-24,2018-08-17,842.0,880.8048530621724
2018-08-27,2018-08-20,834.75,881.775289748207
2018-08-28,2018-08-21,820.5,874.5433460551474
2018-08-29,2018-08-22,823.25,858.9804667151482
2018-08-30,2018-08-23,819.5,844.1012875710106
2018-08-31,2018-08-24,833.0,843.7268775197984
2018-09-04,2018-08-27,832.0,836.9567557783129
2018-09-05,2018-08-28,825.5,823.2013573487925
2018-09-06,2018-08-29,826.75,824.8012562913884
2018-09-07,2018-08-30,832.0,820.723571808827
2018-09-10,2018-08-31,833.5,833.8129488383523
2018-09-11,2018-09-04,820.25,832.5841295983954
2018-09-12,2018-09-05,829.0,826.0990610558673
2018-09-13,2018-09-06,822.75,826.9383055055825
2018-09-14,2018-09-07,821.5,831.901427220918
2018-09-17,2018-09-10,823.5,834.057747587615
2018-09-18,2018-09-11,814.0,821.383367073316
2018-09-19,2018-09-12,830.0,829.1819809060227
2018-09-20,2018-09-13,850.25,823.3015117452982
2018-09-21,2018-09-14,847.25,822.5963729551215
2018-09-24,2018-09-17,841.0,824.1591267023848
2018-09-25,2018-09-18,845.75,814.8702163319044
2018-09-26,2018-09-19,850.0,830.2670123122484
2018-09-27,2018-09-20,855.0,849.4117872547754
2018-09-28,2018-09-21,845.5,847.2334154816695
2018-10-01,2018-09-24,857.75,841.0460505647727
2018-10-02,2018-09-25,866.0,844.7722546018801
2018-10-03,2018-09-26,861.5,849.681859244908
2018-10-04,2018-09-27,859.25,855.4162770863798
2018-10-05,2018-09-28,869.0,846.2381802633216
2018-10-08,2018-10-01,869.75,857.5195243753037
2018-10-09,2018-10-02,863.0,865.5683838228383
2018-10-10,2018-10-03,852.25,861.9593367816897
2018-10-11,2018-10-04,858.25,859.6440495583154
2018-10-12,2018-10-05,867.5,868.4218839724041
2018-10-15,2018-10-08,891.5,869.892975022366
2018-10-16,2018-10-09,884.75,863.8822446425046
2018-10-17,2018-10-10,885.75,853.1443181707532
2018-10-18,2018-10-11,863.5,858.6107487791076
2018-10-19,2018-10-12,856.75,867.9118518554103
2018-10-22,2018-10-15,858.5,891.1782647010643
2018-10-23,2018-10-16,857.5,884.7507053449963
2018-10-24,2018-10-17,850.25,885.2830602831067
2018-10-25,2018-10-18,841.75,863.8277485856373
2018-10-26,2018-10-19,845.0,857.7473483119404
2018-10-29,2018-10-22,839.0,859.8460001343368
2018-10-30,2018-10-23,833.5,859.1187821266176
2018-10-31,2018-10-24,839.0,852.195392974721
2018-11-01,2018-10-25,869.0,843.0957305184497
2018-11-02,2018-10-26,875.25,845.7858179384486
2018-11-05,2018-10-29,873.0,840.2436377614001
2018-11-06,2018-10-30,872.0,835.0268774894826
2018-11-07,2018-10-31,867.75,839.7198513664282
2018-11-08,2018-11-01,867.5,868.1414103950217
2018-11-09,2018-11-02,875.25,874.810570368581
2018-11-12,2018-11-05,871.75,872.6835225567422
2018-11-13,2018-11-06,867.25,870.9424068485471
2018-11-14,2018-11-07,870.5,867.205234506822
2018-11-15,2018-11-08,888.75,868.0828592968153
2018-11-16,2018-11-09,892.25,875.6366875135557
2018-11-19,2018-11-12,873.75,872.4283252643651
2018-11-20,2018-11-13,881.0,868.0999349487116
2018-11-21,2018-11-14,883.0,870.7655487508821
2018-11-23,2018-11-15,881.0,888.2661042521302
2018-11-26,2018-11-16,862.25,892.2696111631876
2018-11-27,2018-11-19,875.5,874.6643237049636
2018-11-28,2018-11-20,890.5,880.7813857304805
2018-11-29,2018-11-21,887.25,882.8151523141873
2018-11-30,2018-11-23,894.75,882.1033516915729
2018-12-03,2018-11-26,905.75,864.0301653293527
2018-12-04,2018-11-27,911.75,875.7050564272492
2018-12-06,2018-11-28,909.5,890.3397897154023
2018-12-07,2018-11-29,916.75,888.1001372325685
2018-12-10,2018-11-30,909.75,894.8329619068833
2018-12-11,2018-12-03,915.0,904.4497078847313
2018-12-12,2018-12-04,920.0,911.0990496771079
2018-12-13,2018-12-06,907.0,909.5459179819228
2018-12-14,2018-12-07,900.5,916.1729924513534
2018-12-17,2018-12-10,904.75,909.8479038100456
2018-12-18,2018-12-11,907.75,915.3119308754294
2018-12-19,2018-12-12,900.0,920.1104389886136
2018-12-20,2018-12-13,893.5,908.0121026010665
2018-12-21,2018-12-14,884.75,901.775062904391
2018-12-24,2018-12-17,884.0,905.2607670721482
2018-12-26,2018-12-18,870.0,908.609461567617
2018-12-27,2018-12-19,869.0,901.5391553860869
2018-12-28,2018-12-20,882.75,894.6643360402547
2018-12-31,2018-12-21,882.5,885.8930307691552
2019-01-02,2018-12-24,894.75,885.3083722257511
2019-01-03,2018-12-26,900.25,872.0466435035495
2019-01-04,2018-12-27,909.5,870.7337047948547
2019-01-07,2018-12-28,912.25,883.3606200130158
2019-01-08,2018-12-31,906.25,883.3004938655492
2019-01-09,2019-01-02,911.5,894.9923879231146
2019-01-10,2019-01-03,895.5,899.5743486476595
2019-01-11,2019-01-04,899.25,908.671693556953
2019-01-14,2019-01-07,890.75,911.7319143530945
2019-01-15,2019-01-08,893.25,906.1464020706677
2019-01-16,2019-01-09,894.5,911.3728824228784
2019-01-17,2019-01-10,907.75,896.3788816899225
2019-01-18,2019-01-11,916.75,900.2473118410306
2019-01-22,2019-01-14,909.25,891.9684483509512
2019-01-23,2019-01-15,915.0,894.4346068761841
2019-01-24,2019-01-16,916.0,895.5443208436201
2019-01-25,2019-01-17,925.25,907.8392305333525
2019-01-28,2019-01-18,923.25,916.6294426683634
2019-01-29,2019-01-22,919.0,909.4674981277175
2019-01-30,2019-01-23,921.0,914.7336858520584
2019-01-31,2019-01-24,915.25,915.6442931904708
2019-02-01,2019-01-25,917.75,925.2468476236609
2019-02-04,2019-01-28,918.5,923.6400769213487
2019-02-05,2019-01-29,920.25,919.4231551273886
2019-02-06,2019-01-30,921.75,921.2544111992424
2019-02-07,2019-01-31,913.25,915.9556338171999
2019-02-08,2019-02-01,914.5,918.6775822657643
2019-02-11,2019-02-04,905.0,919.2173225476362
2019-02-12,2019-02-05,917.5,920.9093919733863
2019-02-13,2019-02-06,916.5,922.3427141259334
2019-02-14,2019-02-07,903.5,914.0909982835904
2019-02-15,2019-02-08,907.5,915.2254671122603
2019-02-19,2019-02-11,900.75,906.1178885422911
2019-02-20,2019-02-12,902.5,918.1423985437302
2019-02-21,2019-02-13,911.0,917.2368854948826
2019-02-22,2019-02-14,910.25,904.8909485615161
2019-02-25,2019-02-15,911.75,908.1873844383094
2019-02-26,2019-02-19,903.75,901.4650577513978
2019-02-27,2019-02-20,903.5,903.7902819150656
2019-02-28,2019-02-21,897.5,911.6066119363863
2019-03-01,2019-02-22,899.25,910.7528975441842
2019-03-04,2019-02-25,903.25,912.3132940997107
2019-03-05,2019-02-26,901.25,904.299983989263
2019-03-06,2019-02-27,889.75,904.1050010595475
2019-03-07,2019-02-28,890.75,898.5706729217419
2019-03-08,2019-03-01,883.75,900.2991794562736
2019-03-11,2019-03-04,877.75,904.0433958552612
2019-03-12,2019-03-05,884.75,902.0640844252208
2019-03-13,2019-03-06,889.0,891.0323236910499
2019-03-14,2019-03-07,889.5,891.5005249589285
2019-03-15,2019-03-08,909.25,884.8679256474577
2019-03-18,2019-03-11,905.75,879.4248933608837
2019-03-19,2019-03-12,904.0,885.7330187537394
2019-03-20,2019-03-13,906.0,889.572392234768
2019-03-21,2019-03-14,910.5,890.2985072520667
2019-03-22,2019-03-15,903.75,908.6723578812565
2019-03-25,2019-03-18,906.5,905.4083215954506
2019-03-26,2019-03-19,900.75,904.1896153881514
2019-03-27,2019-03-20,887.5,905.7567183530257
2019-03-28,2019-03-21,889.5,910.3097271152317
2019-03-29,2019-03-22,884.25,904.7042946196008
2019-04-01,2019-03-25,895.5,907.0812786372633
2019-04-02,2019-03-26,900.0,901.4378508418567
2019-04-03,2019-03-27,898.75,889.0177933382589
2019-04-04,2019-03-28,906.5,890.6985780340904
2019-04-05,2019-03-29,899.0,885.4963347697155
2019-04-08,2019-04-01,898.75,896.47932476041
2019-04-09,2019-04-02,898.75,900.5117830027032
2019-04-10,2019-04-03,902.0,899.168007513421
2019-04-11,2019-04-04,895.25,906.3423235538626
2019-04-12,2019-04-05,895.25,899.1308292421857
2019-04-15,2019-04-08,898.75,899.3369264521102
2019-04-16,2019-04-09,888.0,899.2366089732459
2019-04-17,2019-04-10,879.0,902.5097183560895
2019-04-18,2019-04-11,880.5,896.3584513806302
2019-04-22,2019-04-12,877.0,896.0167374899635
2019-04-23,2019-04-15,862.0,899.1933076741475
2019-04-24,2019-04-16,855.25,889.1959672992084
2019-04-25,2019-04-17,859.25,880.5566883676543
2019-04-26,2019-04-18,853.75,881.415801973443
2019-04-29,2019-04-22,847.5,878.2723767718828
2019-04-30,2019-04-23,841.25,864.1734890991411
2019-05-01,2019-04-24,839.5,856.991395462799
2019-05-02,2019-04-25,830.5,860.3050853818754
2019-05-03,2019-04-26,829.5,855.4041056321723
2019-05-06,2019-04-29,817.5,849.303180200623
2019-05-07,2019-04-30,817.75,842.52508132094
2019-05-08,2019-05-01,814.25,840.608253724303
2019-05-09,2019-05-02,800.25,832.0756658293202
2019-05-10,2019-05-03,797.0,830.858451507385
2019-05-13,2019-05-06,791.0,819.0764016877193
2019-05-14,2019-05-07,817.75,819.082926039522
2019-05-15,2019-05-08,835.5,815.5102556134417
2019-05-16,2019-05-09,839.75,802.0503044237583
2019-05-17,2019-05-10,821.75,798.5620384255077
2019-05-20,2019-05-13,831.75,792.3039697901374
2019-05-21,2019-05-14,822.0,817.9456912586813
2019-05-22,2019-05-15,828.5,835.0200050744006
2019-05-23,2019-05-16,821.5,839.2264915357673
2019-05-24,2019-05-17,829.75,821.571993200831
2019-05-28,2019-05-20,856.0,830.4581081027948
2019-05-29,2019-05-21,872.0,822.1947418705311
2019-05-30,2019-05-22,889.0,829.4131354785022
2019-05-31,2019-05-23,877.75,822.5199065046953
2019-06-03,2019-05-24,879.0,829.9924799222392
2019-06-04,2019-05-28,881.75,855.1552821063326
2019-06-05,2019-05-29,869.75,870.7232721144434
2019-06-06,2019-05-30,868.75,887.4119171468299
2019-06-07,2019-05-31,856.25,876.3552487122543
2019-06-10,2019-06-03,858.5,877.7810249590977
2019-06-11,2019-06-04,859.25,881.0614644870992
2019-06-12,2019-06-05,878.0,870.6481509889626
2019-06-13,2019-06-06,888.0,870.0314615314371
2019-06-14,2019-06-07,896.75,857.5372709104931
2019-06-17,2019-06-10,912.75,859.8056595596688
2019-06-18,2019-06-11,913.5,860.4443202325297
2019-06-19,2019-06-12,903.25,878.1735738660345
2019-06-20,2019-06-13,915.5,887.7863083670825
2019-06-21,2019-06-14,902.75,895.9955421386139
2019-06-24,2019-06-17,909.0,911.1214988566218
2019-06-25,2019-06-18,903.5,912.1374730486277
2019-06-26,2019-06-19,894.25,903.1629801998669
2019-06-27,2019-06-20,887.75,914.7830429045304
2019-06-28,2019-06-21,899.75,903.1603735555833
2019-07-01,2019-06-24,885.5,909.850622770545
2019-07-02,2019-06-25,876.25,904.2539335924001
2019-07-03,2019-06-26,885.25,895.4264565073292
2019-07-05,2019-06-27,872.25,889.2352899689631
2019-07-08,2019-06-28,875.25,900.1995831230585
2019-07-09,2019-07-01,882.75,887.0957479823065
2019-07-10,2019-07-02,893.0,878.0533719928549
2019-07-11,2019-07-03,896.25,885.722908196828
2019-07-12,2019-07-05,906.75,873.5429141550702
2019-07-15,2019-07-08,901.75,876.8068486324545
2019-07-16,2019-07-09,887.75,883.0904128857879
2019-07-17,2019-07-10,882.5,893.0144346046268
2019-07-18,2019-07-11,881.25,896.486898718442
2019-07-19,2019-07-12,901.5,906.0081313476873
2019-07-22,2019-07-15,888.25,901.3901534015658
2019-07-23,2019-07-16,885.75,888.3825064965947
2019-07-24,2019-07-17,891.0,883.3071038205187
2019-07-25,2019-07-18,882.5,882.2149777279901
2019-07-26,2019-07-19,883.25,902.079944001599
2019-07-29,2019-07-22,885.75,889.5475597274019
2019-07-30,2019-07-23,878.75,886.6449448168046
2019-07-31,2019-07-24,864.0,890.8453501840886
2019-08-01,2019-07-25,847.0,883.2109818186389
2019-08-02,2019-07-26,850.25,884.5240372910868
2019-08-05,2019-07-29,850.25,886.2249691651551
2019-08-06,2019-07-30,847.75,879.7338664346616
2019-08-07,2019-07-31,848.75,865.6893576841153
2019-08-08,2019-08-01,865.0,848.8260471427543
2019-08-09,2019-08-02,873.75,851.7329939980381
2019-08-12,2019-08-05,861.5,851.9517196495458
2019-08-13,2019-08-06,872.0,849.5881356078689
2019-08-14,2019-08-07,861.0,849.759431855935
2019-08-15,2019-08-08,858.0,864.6337351419761
2019-08-16,2019-08-09,867.25,873.3843156403818
2019-08-19,2019-08-12,854.0,861.9661084193517
2019-08-20,2019-08-13,855.75,871.4300106822518
2019-08-21,2019-08-14,860.5,860.9929480283661
2019-08-22,2019-08-15,856.0,859.012707966356
2019-08-23,2019-08-16,843.25,867.6531557030722
2019-08-26,2019-08-19,853.75,855.0234425819148
2019-08-27,2019-08-20,846.25,856.9331514620158
2019-08-28,2019-08-21,852.75,860.7319131690065
2019-08-29,2019-08-22,856.25,856.7919585649424
2019-08-30,2019-08-23,857.0,844.7957444938775
2019-09-03,2019-08-26,856.5,854.0114779369212
2019-09-04,2019-08-27,862.5,847.0974315878938
2019-09-05,2019-08-28,849.75,853.6915656302426
2019-09-06,2019-08-29,845.0,856.5388333606295
2019-09-09,2019-08-30,845.0,857.1654574284958
2019-09-10,2019-09-03,859.25,856.9097147139657
2019-09-11,2019-09-04,854.0,862.3222625017368
2019-09-12,2019-09-05,883.0,850.5354019958479
2019-09-13,2019-09-06,884.75,846.0265342327094
2019-09-16,2019-09-09,900.0,845.7224807923335
2019-09-17,2019-09-10,893.75,859.5504575697355
2019-09-18,2019-09-11,888.75,854.9765085438487
2019-09-19,2019-09-12,893.0,882.0994019679022
2019-09-20,2019-09-13,882.75,883.6479678192816
2019-09-23,2019-09-16,892.5,898.7119411736924
2019-09-24,2019-09-17,894.25,892.8649815404688
2019-09-25,2019-09-18,889.25,888.2109749535903
2019-09-26,2019-09-19,888.5,892.8853092937563
2019-09-27,2019-09-20,883.0,883.4918568983597
2019-09-30,2019-09-23,906.0,893.2661079989783
2019-10-01,2019-09-24,919.5,894.6084220917236
2019-10-02,2019-09-25,913.75,890.0572410333457
2019-10-03,2019-09-26,911.75,889.1299857854549
2019-10-04,2019-09-27,916.25,883.5139124659554
2019-10-07,2019-09-30,915.25,905.7841962005562
2019-10-08,2019-10-01,920.5,919.016318440656
2019-10-09,2019-10-02,923.75,913.9042601789375
2019-10-10,2019-10-03,923.5,911.4530364892119
2019-10-11,2019-10-04,936.0,915.3691991036711
2019-10-14,2019-10-07,940.5,915.5860995193484
2019-10-15,2019-10-08,934.0,921.0934180069274
2019-10-16,2019-10-09,928.0,923.9262965370187
2019-10-17,2019-10-10,931.5,923.7784016661341
2019-10-18,2019-10-11,934.0,935.7324663648499
2019-10-21,2019-10-14,933.25,940.1421792627566
2019-10-22,2019-10-15,934.0,934.382451539505
2019-10-23,2019-10-16,933.75,928.4666970729735
2019-10-24,2019-10-17,933.25,931.6573653129997
2019-10-25,2019-10-18,920.25,934.6756006285713
2019-10-28,2019-10-21,920.75,934.265460043402
2019-10-29,2019-10-22,918.25,934.6198058990175
2019-10-30,2019-10-23,916.0,934.1450729140051
2019-10-31,2019-10-24,916.75,933.8417319710992
2019-11-01,2019-10-25,924.25,921.5285001776265
2019-11-04,2019-10-28,925.75,921.7871177858547
2019-11-05,2019-10-29,921.75,919.3305813073081
2019-11-06,2019-10-30,915.0,917.4118406293079
2019-11-07,2019-10-31,925.0,917.9176400415658
2019-11-08,2019-11-01,919.5,924.6292135094241
2019-11-11,2019-11-04,905.0,926.2223276137502
2019-11-12,2019-11-05,905.75,922.3821917649104
2019-11-13,2019-11-06,902.5,915.6765041565614
2019-11-14,2019-11-07,900.25,925.1120045941261
2019-11-15,2019-11-08,918.25,920.3452306126671
2019-11-18,2019-11-11,910.25,906.713861278856
2019-11-19,2019-11-12,911.5,906.7363827503302
2019-11-20,2019-11-13,905.0,903.4831617920646
2019-11-21,2019-11-14,901.0,901.9169012064237
2019-11-22,2019-11-15,897.0,918.6314417068752
2019-11-25,2019-11-18,892.5,910.8229033509458
2019-11-26,2019-11-19,884.25,912.1076876121072
2019-11-27,2019-11-20,882.0,905.3389177344953
2019-11-29,2019-11-21,876.75,901.7032094850236
2019-12-02,2019-11-22,870.5,898.3256759033931
2019-12-03,2019-11-25,871.0,893.80514840453
2019-12-04,2019-11-26,878.0,885.9124109820957
2019-12-05,2019-11-27,884.25,883.4175477343638
2019-12-06,2019-11-29,889.5,878.1787159308335
2019-12-09,2019-12-02,897.25,872.1170339850817
2019-12-10,2019-12-03,901.25,872.2581479964808
2019-12-11,2019-12-04,893.5,878.6625909850975
2019-12-12,2019-12-05,898.25,884.7259768414688
2019-12-13,2019-12-06,907.5,889.6171165566627
2019-12-16,2019-12-09,922.0,896.7398564056557
2019-12-17,2019-12-10,928.75,900.6594602482187
2019-12-18,2019-12-11,928.5,893.6373829539555
2019-12-19,2019-12-12,924.5,898.186799860568
2019-12-20,2019-12-13,928.25,907.1613987460438
2019-12-23,2019-12-16,934.0,921.6319284409828
2019-12-24,2019-12-17,936.5,928.3299497759338
2019-12-26,2019-12-18,937.75,927.8824434307321
2019-12-27,2019-12-19,929.5,924.0936183433008
2019-12-30,2019-12-20,939.5,927.9342579551474
2019-12-31,2019-12-23,943.0,934.0308255814367
2020-01-02,2019-12-24,944.25,936.8683188476307
2020-01-03,2019-12-26,930.5,938.0203410626706
2020-01-06,2019-12-27,932.75,929.9798262128052
2020-01-07,2019-12-30,935.0,939.5132763732555
2020-01-08,2019-12-31,938.25,943.1997125496464
2020-01-09,2020-01-02,933.75,944.8225065736405
2020-01-10,2020-01-03,935.0,931.5327119955015
2020-01-13,2020-01-06,929.25,933.1994708548847
2020-01-14,2020-01-07,928.5,935.6153958773789
2020-01-15,2020-01-08,928.75,939.2018814324373
2020-01-16,2020-01-09,924.0,934.8534231161038
2020-01-17,2020-01-10,929.75,935.4791527203197
2020-01-21,2020-01-13,916.0,930.0148934808767
2020-01-22,2020-01-14,913.75,929.4352710908554
2020-01-23,2020-01-15,909.5,929.6562214313718
2020-01-24,2020-01-16,902.0,925.1024609438988
2020-01-27,2020-01-17,897.25,930.5164079742618
2020-01-28,2020-01-21,895.0,917.2428808780467
2020-01-29,2020-01-22,893.0,915.0254537576616
2020-01-30,2020-01-23,876.25,910.6564894578778
2020-01-31,2020-01-24,872.5,903.6025414367489
2020-02-03,2020-01-27,877.0,899.0487703024527
2020-02-04,2020-01-28,879.5,896.3452536719981
2020-02-05,2020-01-29,880.0,894.4022442154567
2020-02-06,2020-01-30,881.0,878.2680066432224
2020-02-07,2020-01-31,882.0,874.0705719833754
2020-02-10,2020-02-03,884.25,878.0064943215643
2020-02-11,2020-02-04,884.75,880.686615421312
2020-02-12,2020-02-05,892.5,881.1026322586022
2020-02-13,2020-02-06,896.25,881.348940243864
2020-02-14,2020-02-07,893.75,882.1704925127349
2020-02-18,2020-02-10,892.25,884.5143362674451
2020-02-19,2020-02-11,897.25,885.1075837804522
2020-02-20,2020-02-12,892.75,892.5229329276776
2020-02-21,2020-02-13,890.5,896.2112951458973
2020-02-24,2020-02-14,874.25,894.0055710088477
2020-02-25,2020-02-18,879.0,892.4921310135403
2020-02-26,2020-02-19,881.0,897.2154892856224
2020-02-27,2020-02-20,886.25,893.36115510522
2020-02-28,2020-02-21,883.5,891.3419727108155
2020-03-02,2020-02-24,890.5,875.5647285794785
2020-03-03,2020-02-25,893.0,879.9185550225097
2020-03-04,2020-02-26,898.75,881.9319140864718
2020-03-05,2020-02-27,889.0,887.1837168572957
2020-03-06,2020-02-28,883.25,884.3267489138827
2020-03-09,2020-03-02,863.5,890.4103483832635
2020-03-10,2020-03-03,873.0,892.9645305678479
2020-03-11,2020-03-04,867.75,898.7232887449767
2020-03-12,2020-03-05,855.0,889.5640686396732
2020-03-13,2020-03-06,846.75,883.9037107453614
2020-03-16,2020-03-09,821.75,865.0561517227746
2020-03-17,2020-03-10,824.25,874.1101845184606
2020-03-18,2020-03-11,825.5,869.3035102911776
2020-03-19,2020-03-12,843.25,857.1779756380782
2020-03-20,2020-03-13,862.5,848.4949396433977
2020-03-23,2020-03-16,884.0,823.9058684826409
2020-03-24,2020-03-17,886.75,826.3947474467998
2020-03-25,2020-03-18,881.5,827.2759600034481
2020-03-26,2020-03-19,880.25,844.262157219029
2020-03-27,2020-03-20,881.5,862.2950939091168
2020-03-30,2020-03-23,882.25,882.2523607168314
2020-03-31,2020-03-24,886.0,885.081092364378
2020-04-01,2020-03-25,862.75,880.122634422313
2020-04-02,2020-03-26,858.75,879.2726669366525
2020-04-03,2020-03-27,854.25,881.251264757097
2020-04-06,2020-03-30,855.5,882.8992609133134
2020-04-07,2020-03-31,854.75,886.5746810728351
2020-04-08,2020-04-01,854.5,864.2025533061789
2020-04-09,2020-04-02,863.5,860.0505603115693
2020-04-13,2020-04-03,854.25,855.4841728274154
2020-04-14,2020-04-06,847.0,857.1211348636764
2020-04-15,2020-04-07,842.0,856.3830218966616
2020-04-16,2020-04-08,836.75,855.3685427227746
2020-04-17,2020-04-09,832.5,863.7207697307686
2020-04-20,2020-04-13,826.5,854.8913279161935
2020-04-21,2020-04-14,830.75,847.9710314850323
2020-04-22,2020-04-15,834.75,842.8103519386918
2020-04-23,2020-04-16,839.25,837.9397402505934
2020-04-24,2020-04-17,832.25,834.1542286754018
2020-04-27,2020-04-20,829.0,828.033546313846
2020-04-28,2020-04-21,826.0,831.7720601723678
2020-04-29,2020-04-22,831.75,835.4530577381295
2020-04-30,2020-04-23,850.25,839.7295875369823
2020-05-01,2020-04-24,847.25,832.8502394897179
2020-05-04,2020-04-27,834.0,829.4307757832926
2020-05-05,2020-04-28,838.25,826.5675695721865
2020-05-06,2020-04-29,830.5,832.313593712145
2020-05-07,2020-04-30,841.5,850.1623332487709
2020-05-08,2020-05-01,848.75,847.3623149623531
2020-05-11,2020-05-04,852.25,834.5794882694959
2020-05-12,2020-05-05,849.25,837.9873297141937
2020-05-13,2020-05-06,836.0,831.0004822588585
2020-05-14,2020-05-07,835.25,842.334697346924
2020-05-15,2020-05-08,838.5,849.0027683163875
2020-05-18,2020-05-11,845.0,852.2495820981934
2020-05-19,2020-05-12,842.5,849.3482753581718
2020-05-20,2020-05-13,846.75,836.3829464327403
2020-05-21,2020-05-14,835.0,835.8630785565922
2020-05-22,2020-05-15,833.25,839.1968011977003
2020-05-26,2020-05-18,847.0,845.8060985839304
2020-05-27,2020-05-19,848.5,843.3168857005214
2020-05-28,2020-05-20,847.0,846.8290486346509
2020-05-29,2020-05-21,840.75,835.5367592255914
2020-06-01,2020-05-22,840.5,833.9775059072971
2020-06-02,2020-05-26,850.5,847.0835467554772
2020-06-03,2020-05-27,857.5,848.8834455507463
2020-06-04,2020-05-28,867.75,847.6687600200981
2020-06-05,2020-05-29,867.75,840.9689874435294
2020-06-08,2020-06-01,864.75,840.6719575578729
2020-06-09,2020-06-02,863.25,850.6900112884257
2020-06-10,2020-06-03,865.5,857.6559197592621
2020-06-11,2020-06-04,866.0,867.4851317570926
2020-06-12,2020-06-05,871.25,867.2488309444075
2020-06-15,2020-06-08,869.0,864.4372387131955
2020-06-16,2020-06-09,867.0,863.1985709171182
2020-06-17,2020-06-10,871.25,865.6500851971479
2020-06-18,2020-06-11,873.0,866.5724681967693
2020-06-19,2020-06-12,876.5,871.5994446564059
2020-06-22,2020-06-15,876.25,869.3640346765558
2020-06-23,2020-06-16,875.0,867.4346895955055
2020-06-24,2020-06-17,870.75,871.4136823730266
2020-06-25,2020-06-18,869.25,873.2364236796408
2020-06-26,2020-06-19,865.0,876.8384108704373
2020-06-29,2020-06-22,866.5,876.4756190089415
2020-06-30,2020-06-23,884.25,875.2488528246032
2020-07-01,2020-06-24,893.75,871.282509680939
2020-07-02,2020-06-25,892.5,869.8877101024456
2020-07-06,2020-06-26,898.5,865.9275490315616
2020-07-07,2020-06-29,895.25,867.3496606283568
2020-07-08,2020-06-30,894.75,884.1768638468554
2020-07-09,2020-07-01,898.25,893.428456756041
2020-07-10,2020-07-02,891.5,892.3960766630994
2020-07-13,2020-07-06,876.5,897.6674707088434
2020-07-14,2020-07-07,882.25,894.6959336560959
2020-07-15,2020-07-08,886.25,895.0048681890872
2020-07-16,2020-07-09,893.5,898.5113522461305
2020-07-17,2020-07-10,898.0,892.2074301077787
2020-07-20,2020-07-13,903.0,878.0455130256424
2020-07-21,2020-07-14,896.5,883.0798063668344
2020-07-22,2020-07-15,899.25,886.9838788732864
2020-07-23,2020-07-16,906.25,894.3536206027995
2020-07-24,2020-07-17,904.75,898.2555334963042
2020-07-27,2020-07-20,906.5,902.5704486208988
2020-07-28,2020-07-21,896.75,896.5978843793545
2020-07-29,2020-07-22,891.5,899.3046267812138
2020-07-30,2020-07-23,891.75,906.1546501452744
2020-07-31,2020-07-24,897.5,905.1904987995995
2020-08-03,2020-07-27,897.5,906.9571532377745
2020-08-04,2020-07-28,883.75,897.336953702022
2020-08-05,2020-07-29,882.0,892.4230302096628
2020-08-06,2020-07-30,880.75,892.7038420660879
2020-08-07,2020-07-31,870.25,898.3008880686215
2020-08-10,2020-08-03,876.5,898.4453433149793
2020-08-11,2020-08-04,878.0,884.9937625541318
2020-08-12,2020-08-05,890.5,882.8498443210431
2020-08-13,2020-08-06,907.25,881.5814570414319
2020-08-14,2020-08-07,903.5,872.0177035504094
2020-08-17,2020-08-10,912.5,877.7178185746304
2020-08-18,2020-08-11,912.0,878.653683317023
2020-08-19,2020-08-12,912.5,890.7647341761581
2020-08-20,2020-08-13,903.0,906.5912283453201
2020-08-21,2020-08-14,900.75,903.0108003335322
2020-08-24,2020-08-17,899.75,911.6636506931251
2020-08-25,2020-08-18,913.75,911.1250781554879
2020-08-26,2020-08-19,919.5,912.3914991793936
2020-08-27,2020-08-20,937.25,903.7412898257198
2020-08-28,2020-08-21,950.5,901.4480849046921
2020-08-31,2020-08-24,951.25,900.6867350886836
2020-09-01,2020-08-25,955.0,914.1588192812503
2020-09-02,2020-08-26,962.5,919.7719943893686
2020-09-03,2020-08-27,968.75,936.5083025035221
2020-09-04,2020-08-28,969.5,949.0041305564904
2020-09-08,2020-08-31,973.0,950.0933367880988
2020-09-09,2020-09-01,979.75,954.013403360937
2020-09-10,2020-09-02,985.0,961.3429641257869
2020-09-11,2020-09-03,1005.5,968.2123319020238
2020-09-14,2020-09-04,1019.25,969.4939952311584
2020-09-15,2020-09-08,991.5,972.8051581434602
2020-09-16,2020-09-09,1011.25,979.3737371009996
2020-09-17,2020-09-10,1028.5,984.8170458075456
2020-09-18,2020-09-11,1043.5,1004.6161112148523
2020-09-21,2020-09-14,1022.5,1017.9284593073535
2020-09-22,2020-09-15,1019.75,991.9732675587265
2020-09-23,2020-09-16,1014.5,1010.429920772094
2020-09-24,2020-09-17,1000.0,1026.989017042052
2020-09-25,2020-09-18,1002.5,1043.1473174823645
2020-09-28,2020-09-21,996.25,1023.2850273891887
2020-09-29,2020-09-22,993.0,1019.3814940039952
2020-09-30,2020-09-23,1023.5,1014.7857097344055
2020-10-01,2020-09-24,1023.5,1002.0622994783773
2020-10-02,2020-09-25,1020.75,1004.5790468875956
2020-10-05,2020-09-28,1021.5,997.8657087356856
2020-10-06,2020-09-29,1044.0,994.8446449747839
2020-10-07,2020-09-30,1051.0,1023.4980412314442
2020-10-08,2020-10-01,1050.0,1023.4911436641498
2020-10-09,2020-10-02,1065.5,1021.2421500730136
2020-10-12,2020-10-05,1033.75,1021.0301785753093
2020-10-13,2020-10-06,1044.0,1042.6295499184866
2020-10-14,2020-10-07,1056.25,1050.780275179042
2020-10-15,2020-10-08,1062.25,1050.0776665120816
2020-10-16,2020-10-09,1050.0,1064.3243874301195
2020-10-19,2020-10-12,1054.25,1034.389183686023
2020-10-20,2020-10-13,1064.0,1044.799076180411
2020-10-21,2020-10-14,1072.0,1056.2480323089628
2020-10-22,2020-10-15,1073.75,1062.9923549905225
2020-10-23,2020-10-16,1083.75,1051.5113840111271
2020-10-26,2020-10-19,1087.75,1054.1779507896504
2020-10-27,2020-10-20,1082.25,1063.7874092674733
2020-10-28,2020-10-21,1057.25,1072.3328031500125
2020-10-29,2020-10-22,1051.75,1074.1934827666598
2020-10-30,2020-10-23,1056.5,1083.209485928616
2020-11-02,2020-10-26,1050.75,1087.2555913930005
2020-11-03,2020-10-27,1059.0,1082.5616281099865
2020-11-04,2020-10-28,1079.0,1058.7928648586173
2020-11-05,2020-10-29,1101.75,1053.2924635501836
2020-11-06,2020-10-30,1098.5,1058.0207419639978
2020-11-09,2020-11-02,1105.0,1053.1278981987884
2020-11-10,2020-11-03,1138.25,1060.6522620320286
2020-11-11,2020-11-04,1143.25,1078.7258243146816
2020-11-12,2020-11-05,1137.0,1100.690494084111
2020-11-13,2020-11-06,1141.5,1098.0255574040248
2020-11-16,2020-11-09,1153.5,1103.837585248833
2020-11-17,2020-11-10,1169.75,1135.5582696576278
2020-11-18,2020-11-11,1175.75,1141.8679109406432
2020-11-19,2020-11-12,1177.5,1136.9755044002777
2020-11-20,2020-11-13,1181.0,1140.4900638264942
2020-11-23,2020-11-16,1191.5,1152.3821870764766
2020-11-24,2020-11-17,1191.25,1169.4595355573415
2020-11-25,2020-11-18,1184.0,1175.525330521835
2020-11-27,2020-11-19,1191.75,1176.987782300527
2020-11-30,2020-11-20,1168.5,1180.3520404182948
2020-12-01,2020-11-23,1162.0,1190.8931224364073
2020-12-02,2020-11-24,1153.0,1191.4417039776772
2020-12-03,2020-11-25,1168.25,1184.7894991101307
2020-12-04,2020-11-27,1163.0,1191.965650820874
2020-12-07,2020-11-30,1158.5,1170.136082882891
2020-12-08,2020-12-01,1145.75,1164.2242169076526
2020-12-09,2020-12-02,1158.5,1155.0936815924783
2020-12-10,2020-12-03,1152.75,1169.8018335649954
2020-12-11,2020-12-04,1160.5,1165.0853205197204
2020-12-14,2020-12-07,1169.5,1160.173290769791
2020-12-15,2020-12-08,1184.25,1147.2523546599748
2020-12-16,2020-12-09,1183.75,1159.1659917919428
2020-12-17,2020-12-10,1201.25,1154.2973877001068
2020-12-18,2020-12-11,1220.0,1161.7962537159863
2020-12-21,2020-12-14,1243.25,1169.8899955490183
2020-12-22,2020-12-15,1247.25,1183.9336112787291
2020-12-23,2020-12-16,1258.75,1183.9700288083352
2020-12-24,2020-12-17,1263.5,1200.4750243376434
2020-12-28,2020-12-18,1255.25,1218.6297332623164
2020-12-29,2020-12-21,1295.5,1241.6909943324622
2020-12-30,2020-12-22,1303.75,1246.1401047439672
2020-12-31,2020-12-23,1315.25,1257.1168767884278
2021-01-04,2020-12-24,1316.5,1262.162530342675
2021-01-05,2020-12-28,1350.0,1255.278763419475
2021-01-06,2020-12-29,1365.25,1294.2841134916732
2021-01-07,2020-12-30,1360.5,1302.9739002498184
2021-01-08,2020-12-31,1375.75,1315.081391915131
2021-01-11,2021-01-04,1374.5,1315.7064041745878
2021-01-12,2021-01-05,1422.0,1347.711067942062
2021-01-13,2021-01-06,1411.0,1364.0359895406414
2021-01-14,2021-01-07,1436.5,1360.3399390002019
2021-01-15,2021-01-08,1416.75,1374.7140660801997
2021-01-19,2021-01-11,1385.75,1373.6540337635297
2021-01-20,2021-01-12,1369.5,1420.6904028973815
2021-01-21,2021-01-13,1370.25,1410.9052230342527
2021-01-22,2021-01-14,1311.75,1435.577616014647
2021-01-25,2021-01-15,1343.5,1416.401415718456
2021-01-26,2021-01-19,1370.25,1387.2676362657803
2021-01-27,2021-01-20,1374.75,1372.2074637804697
2021-01-28,2021-01-21,1353.25,1372.7021294985861
2021-01-29,2021-01-22,1370.0,1317.7222075736524
2021-02-01,2021-01-25,1365.25,1346.9956558785334
2021-02-02,2021-01-26,1354.75,1371.3137437497087
2021-02-03,2021-01-27,1371.25,1376.938578191141
2021-02-04,2021-01-28,1372.5,1355.4519367565547
2021-02-05,2021-01-29,1366.75,1368.8694498220127
2021-02-08,2021-02-01,1387.75,1365.6532773546396
2021-02-09,2021-02-02,1401.75,1357.1302157168043
2021-02-10,2021-02-03,1354.0,1372.4459217402066
2021-02-11,2021-02-04,1367.5,1373.1914284414975
2021-02-12,2021-02-05,1372.0,1368.6343992380268
2021-02-16,2021-02-08,1384.75,1388.1000828765145
2021-02-17,2021-02-09,1383.75,1401.4200420858488
2021-02-18,2021-02-10,1375.0,1356.7179261494575
2021-02-19,2021-02-11,1377.25,1368.759820622403
2021-02-22,2021-02-12,1383.75,1372.5044811144667
2021-02-23,2021-02-16,1406.0,1386.779885647738
2021-02-24,2021-02-17,1423.75,1385.8962193455395
2021-02-25,2021-02-18,1406.0,1375.8422606469085
2021-02-26,2021-02-19,1405.25,1378.1419344282444
2021-03-01,2021-02-22,1392.5,1384.606008498031
2021-03-02,2021-02-23,1414.0,1406.6834669910438
2021-03-03,2021-02-24,1410.75,1423.8704619371777
2021-03-04,2021-02-25,1415.25,1406.8022214565926
2021-03-05,2021-02-26,1434.25,1405.6560405878583
2021-03-08,2021-03-01,1437.75,1393.308946456577
2021-03-09,2021-03-02,1441.25,1415.0720976778148
2021-03-10,2021-03-03,1411.5,1412.6918281155165
2021-03-11,2021-03-04,1415.5,1416.767749629402
2021-03-12,2021-03-05,1415.75,1434.4043494032123
2021-03-15,2021-03-08,1419.5,1437.7830794369472
2021-03-16,2021-03-09,1423.25,1442.0208351142546
2021-03-17,2021-03-10,1417.75,1413.1118598591315
2021-03-18,2021-03-11,1392.25,1416.8197663366395
2021-03-19,2021-03-12,1416.25,1417.4994179848
2021-03-22,2021-03-15,1417.5,1421.9104174656181
2021-03-23,2021-03-16,1423.25,1425.3867470634323
2021-03-24,2021-03-17,1432.75,1419.1407255286547
2021-03-25,2021-03-18,1414.25,1394.737536017703
2021-03-26,2021-03-19,1400.5,1417.31653454201
2021-03-29,2021-03-22,1393.0,1418.8840414094254
2021-03-30,2021-03-23,1366.75,1425.2606277654731
2021-03-31,2021-03-24,1436.75,1433.540476040798
2021-04-01,2021-03-25,1402.0,1415.2003475986248
2021-04-05,2021-03-26,1412.75,1402.6392767948414
2021-04-06,2021-03-29,1418.75,1395.0121606542941
2021-04-07,2021-03-30,1408.75,1370.2876510678352
2021-04-08,2021-03-31,1415.25,1437.4695815507828
2021-04-09,2021-04-01,1403.0,1404.2906823556302
2021-04-12,2021-04-05,1382.0,1414.664814469194
2021-04-13,2021-04-06,1389.5,1418.3063809309194
2021-04-14,2021-04-07,1410.0,1409.2395683430884
2021-04-15,2021-04-08,1418.25,1417.389608307185
2021-04-16,2021-04-09,1433.25,1404.4104621986585
2021-04-19,2021-04-12,1449.75,1384.8378453633263
2021-04-20,2021-04-13,1472.0,1391.6152653062254
2021-04-21,2021-04-14,1497.25,1411.1007828073734
2021-04-22,2021-04-15,1533.25,1419.9314168465753
2021-04-23,2021-04-16,1539.75,1433.7854716708875
2021-04-26,2021-04-19,1569.0,1448.6660247464192
2021-04-27,2021-04-20,1549.75,1470.5294932828153
2021-04-28,2021-04-21,1557.75,1495.5959092855637
2021-04-29,2021-04-22,1542.5,1530.5581444985564
2021-04-30,2021-04-23,1571.0,1537.7143655142502
2021-05-03,2021-04-26,1560.25,1566.2649880483204
2021-05-04,2021-04-27,1577.0,1548.6555849276904
2021-05-05,2021-04-28,1582.0,1557.3485855837544
2021-05-06,2021-04-29,1605.5,1543.497087166569
2021-05-07,2021-04-30,1621.0,1571.4374478618645
2021-05-10,2021-05-03,1620.0,1562.3634343096214
2021-05-11,2021-05-04,1637.5,1578.170136588283
2021-05-12,2021-05-05,1660.5,1582.6769439821019
2021-05-13,2021-05-06,1612.25,1605.2673172922598
2021-05-14,2021-05-07,1603.75,1621.0744966524412
2021-05-17,2021-05-10,1587.5,1620.1209933620994
2021-05-18,2021-05-11,1574.25,1637.1139202249071
2021-05-19,2021-05-12,1538.25,1659.3984387079065
2021-05-20,2021-05-13,1533.25,1614.6045793142941
2021-05-21,2021-05-14,1526.25,1606.1148065203693
2021-05-24,2021-05-17,1522.75,1589.7070057737399
2021-05-25,2021-05-18,1511.75,1578.477032950208
2021-05-26,2021-05-19,1503.5,1544.202597583753
2021-05-27,2021-05-20,1537.0,1537.4759609285734
2021-05-28,2021-05-21,1530.5,1530.3133223368372
2021-06-01,2021-05-24,1548.5,1526.9293952310552
2021-06-02,2021-05-25,1562.5,1515.6619921827146
2021-06-03,2021-05-26,1549.25,1506.4375391153878
2021-06-04,2021-05-27,1583.75,1538.2201647366435
2021-06-07,2021-05-28,1560.25,1532.365814287431
2021-06-08,2021-06-01,1580.0,1549.7339184532927
2021-06-09,2021-06-02,1562.5,1562.199722186849
2021-06-10,2021-06-03,1544.0,1549.8653802965312
2021-06-11,2021-06-04,1508.5,1583.6650280157457
2021-06-14,2021-06-07,1472.25,1561.082278654218
2021-06-15,2021-06-08,1465.75,1580.9832616927342
2021-06-16,2021-06-09,1448.5,1563.9622776978154
2021-06-17,2021-06-10,1329.75,1546.3471253248717
2021-06-18,2021-06-11,1396.0,1512.4948794348863
2021-06-21,2021-06-14,1415.0,1476.7282543120748
2021-06-22,2021-06-15,1394.5,1470.7117128912664
2021-06-23,2021-06-16,1385.0,1453.8406612234003
2021-06-24,2021-06-17,1371.25,1338.9742382694867
2021-06-25,2021-06-18,1329.75,1399.8999280488852
2021-06-28,2021-06-21,1357.0,1417.4613554482414
2021-06-29,2021-06-22,1359.75,1400.7230192142126
2021-06-30,2021-06-23,1450.0,1388.5052091006178
2021-07-01,2021-06-24,1446.75,1370.8603599683777
2021-07-02,2021-06-25,1451.75,1333.6755595360319
2021-07-06,2021-06-28,1363.75,1359.9586200283925
2021-07-07,2021-06-29,1386.5,1362.244442897669
2021-07-08,2021-06-30,1390.25,1449.6151565968387
2021-07-09,2021-07-01,1404.0,1446.291304491362
2021-07-12,2021-07-02,1432.5,1450.0805041852382
2021-07-13,2021-07-06,1438.0,1364.7986487706157
2021-07-14,2021-07-07,1467.75,1386.1174338081948
2021-07-15,2021-07-08,1447.5,1392.6738741033519
2021-07-16,2021-07-09,1454.75,1407.962953564538
2021-07-19,2021-07-12,1428.0,1434.5889092292077
2021-07-20,2021-07-13,1443.5,1437.2476088811804
2021-07-21,2021-07-14,1439.25,1466.5600979370663
2021-07-22,2021-07-15,1416.25,1447.2308929757228
2021-07-23,2021-07-16,1401.0,1454.6257515918464
2021-07-26,2021-07-19,1412.75,1429.3867536053317
2021-07-27,2021-07-20,1418.25,1444.7458284366298
2021-07-28,2021-07-21,1432.0,1441.5161220820723
2021-07-29,2021-07-22,1434.25,1419.3791756398944
2021-07-30,2021-07-23,1414.75,1404.075836874079
2021-08-02,2021-07-26,1418.75,1414.266168679757
2021-08-03,2021-07-27,1392.25,1420.6793234504125
2021-08-04,2021-07-28,1403.5,1434.0638102393557
2021-08-05,2021-07-29,1402.5,1435.2562993635727
2021-08-06,2021-07-30,1422.25,1416.0623210692315
2021-08-09,2021-08-02,1433.75,1419.7779477326305
2021-08-10,2021-08-03,1447.5,1394.6927617131828
2021-08-11,2021-08-04,1405.5,1405.9011662278685
2021-08-12,2021-08-05,1401.5,1404.8662303767626
2021-08-13,2021-08-06,1424.25,1423.5936914905114
2021-08-16,2021-08-09,1376.0,1434.6284202157947
2021-08-17,2021-08-10,1369.0,1447.148451626189
2021-08-18,2021-08-11,1358.25,1407.374545955545
2021-08-19,2021-08-12,1323.0,1402.8440591821204
2021-08-20,2021-08-13,1293.75,1424.843108120127
2021-08-23,2021-08-16,1294.0,1380.3580010500496
2021-08-24,2021-08-17,1337.0,1373.257247699698
2021-08-25,2021-08-18,1346.0,1360.7290576260764
2021-08-26,2021-08-19,1367.5,1327.6893718229694
2021-08-27,2021-08-20,1359.25,1299.6303889154897
2021-08-30,2021-08-23,1304.75,1297.7469008961564
2021-08-31,2021-08-24,1298.75,1339.0462402757842
2021-09-01,2021-08-25,1277.75,1348.278473818517
2021-09-02,2021-08-26,1279.25,1367.6471168448072
2021-09-03,2021-08-27,1283.0,1358.2339258568763
2021-09-07,2021-08-30,1268.75,1306.3604533588837
2021-09-08,2021-08-31,1270.75,1300.9696380725961
2021-09-09,2021-09-01,1258.75,1281.2181384348924
2021-09-10,2021-09-02,1275.25,1283.9494060488787
2021-09-13,2021-09-03,1272.5,1286.8074532664855
2021-09-14,2021-09-07,1276.5,1271.6581845691753
2021-09-15,2021-09-08,1294.5,1272.9380851939513
2021-09-16,2021-09-09,1296.0,1260.6325990892024
2021-09-17,2021-09-10,1284.0,1276.5293672967464
2021-09-20,2021-09-13,1262.5,1274.0819926465826
2021-09-21,2021-09-14,1274.0,1277.645772904144
2021-09-22,2021-09-15,1282.75,1294.4958383794778
2021-09-23,2021-09-16,1284.25,1295.9667250293342
2021-09-24,2021-09-17,1285.0,1285.1819971805005
2021-09-27,2021-09-20,1287.5,1264.123273054751
2021-09-28,2021-09-21,1277.0,1274.9639801825256
2021-09-29,2021-09-22,1283.75,1284.2679890699694
2021-09-30,2021-09-23,1256.0,1286.2438346240308
2021-10-01,2021-09-24,1246.5,1286.1781058138095
2021-10-04,2021-09-27,1235.75,1287.7096369728106
2021-10-05,2021-09-28,1250.5,1278.2340683565192
2021-10-06,2021-09-29,1242.0,1284.8405719847237
2021-10-07,2021-09-30,1247.25,1258.4055041192103
2021-10-08,2021-10-01,1243.0,1249.1803980460475
2021-10-11,2021-10-04,1228.25,1238.526057180262
2021-10-12,2021-10-05,1198.25,1252.5643592873512
2021-10-13,2021-10-06,1195.25,1244.8068517864845
2021-10-14,2021-10-07,1206.25,1248.8596920379935
2021-10-15,2021-10-08,1217.75,1244.1363599353413
2021-10-18,2021-10-11,1221.5,1229.925028804739
2021-10-19,2021-10-12,1228.0,1201.4203856516474
2021-10-20,2021-10-13,1245.5,1197.8455187511904
2021-10-21,2021-10-14,1224.0,1208.5664549594853
2021-10-22,2021-10-15,1220.5,1219.961008978777
2021-10-25,2021-10-18,1237.25,1223.018882677965
2021-10-26,2021-10-19,1238.0,1227.9770647297064
2021-10-27,2021-10-20,1239.25,1244.5269971554362
2021-10-28,2021-10-21,1233.75,1224.8123246056325
2021-10-29,2021-10-22,1235.75,1221.5681340768324
2021-11-01,2021-10-25,1236.75,1237.2494633666124
2021-11-02,2021-10-26,1244.0,1239.0024429102732
2021-11-03,2021-10-27,1231.5,1240.8019546429841
2021-11-04,2021-10-28,1209.25,1234.4507464536064
2021-11-05,2021-10-29,1192.25,1236.25358563371
2021-11-08,2021-11-01,1178.0,1237.8213509384138
2021-11-09,2021-11-02,1199.5,1244.8895376954497
2021-11-10,2021-11-03,1203.5,1233.0593504508665
2021-11-11,2021-11-04,1212.25,1211.4945682634202
2021-11-12,2021-11-05,1234.0,1194.8436096564315
2021-11-15,2021-11-08,1257.25,1181.1986445982056
2021-11-16,2021-11-09,1251.25,1201.9483062931158
2021-11-17,2021-11-10,1277.0,1205.6843719807412
2021-11-18,2021-11-11,1265.25,1213.4791703078888
2021-11-19,2021-11-12,1263.25,1233.166242947265
2021-11-22,2021-11-15,1274.25,1255.2191937860978
2021-11-23,2021-11-16,1273.0,1250.6986401623474
2021-11-24,2021-11-17,1266.5,1275.0368307117687
2021-11-26,2021-11-18,1252.75,1264.3523450383577
2021-11-29,2021-11-19,1241.5,1263.5484671117715
2021-11-30,2021-11-22,1217.25,1274.2949331363952
2021-12-01,2021-11-23,1228.25,1273.4791377289953
2021-12-02,2021-11-24,1244.25,1268.2166455729534
2021-12-03,2021-11-26,1267.25,1254.3617311767873
2021-12-06,2021-11-29,1261.5,1243.4447503656484
2021-12-07,2021-11-30,1250.25,1220.5541846058065
2021-12-08,2021-12-01,1261.0,1230.7926678665654
2021-12-09,2021-12-02,1264.5,1245.957283668913
2021-12-10,2021-12-03,1267.75,1268.0010186999193
2021-12-13,2021-12-06,1244.0,1262.0685103541036
2021-12-14,2021-12-07,1259.5,1250.2430586048106
2021-12-15,2021-12-08,1262.5,1260.4460605116308
2021-12-16,2021-12-09,1277.25,1264.8202633452922
2021-12-17,2021-12-10,1285.25,1269.0406341076014
2021-12-20,2021-12-13,1292.25,1245.941061282247
2021-12-21,2021-12-14,1308.0,1259.9962474242602
2021-12-22,2021-12-15,1328.75,1263.3625248808628
2021-12-23,2021-12-16,1332.0,1278.129362959652
2021-12-27,2021-12-17,1362.5,1285.5980656505808
2021-12-28,2021-12-20,1359.25,1291.6207691304894
2021-12-29,2021-12-21,1356.5,1307.110309828705
2021-12-30,2021-12-22,1327.75,1327.22863354192
2021-12-31,2021-12-23,1328.75,1331.223195188931
2022-01-03,2021-12-27,1344.0,1360.4671557692795
2022-01-04,2021-12-28,1378.75,1357.8831693418638
2022-01-05,2021-12-29,1384.25,1356.1026477399898
2022-01-06,2021-12-30,1377.25,1329.0476692452314
2022-01-07,2021-12-31,1401.5,1330.0251196640959
2022-01-10,2022-01-03,1374.75,1345.617530215568
2022-01-11,2022-01-04,1376.75,1379.3335035511489
2022-01-12,2022-01-05,1391.25,1384.7604408454768
2022-01-13,2022-01-06,1365.25,1376.94127465463
2022-01-14,2022-01-07,1356.75,1399.5018420176636
2022-01-18,2022-01-10,1361.25,1375.173667434787
2022-01-19,2022-01-11,1391.25,1378.2851361645144
2022-01-20,2022-01-12,1425.75,1391.7468500075188
2022-01-21,2022-01-13,1414.25,1367.5922287976828
2022-01-24,2022-01-14,1403.0,1359.7910350374673
2022-01-25,2022-01-18,1407.25,1362.6398477849777
2022-01-26,2022-01-19,1440.0,1391.9230562315227
2022-01-27,2022-01-20,1448.25,1425.7224218618394
2022-01-28,2022-01-21,1470.0,1414.232614938227
2022-01-31,2022-01-24,1490.5,1402.6713977916781
2022-02-01,2022-01-25,1528.5,1406.356151291743
2022-02-02,2022-01-26,1545.25,1439.2224915913243
2022-02-03,2022-01-27,1544.25,1449.0021677933937
2022-02-04,2022-01-28,1553.5,1469.3521834009705
2022-02-07,2022-01-31,1581.75,1488.392613379263
2022-02-08,2022-02-01,1569.0,1525.2646728255759
2022-02-09,2022-02-02,1594.75,1542.8110652631324
2022-02-10,2022-02-03,1574.25,1542.4429301271105
2022-02-11,2022-02-04,1583.0,1551.6860973724445
2022-02-14,2022-02-07,1570.0,1579.557416538335
2022-02-15,2022-02-08,1551.25,1569.4847222219735
2022-02-16,2022-02-09,1587.5,1594.434434659682
2022-02-17,2022-02-10,1592.0,1574.7610689897956
2022-02-18,2022-02-11,1601.5,1583.7648983423076
2022-02-22,2022-02-14,1635.0,1571.8809340462076
2022-02-23,2022-02-15,1675.0,1553.9705438300803
2022-02-24,2022-02-16,1661.5,1588.8301207776187
2022-02-25,2022-02-17,1590.25,1593.0920229431256
2022-02-28,2022-02-18,1644.25,1602.9166503788515
2022-03-01,2022-02-22,1705.5,1633.677873019294
2022-03-02,2022-02-23,1677.5,1671.7975378147323
2022-03-03,2022-02-24,1680.25,1660.9555067188364
2022-03-04,2022-02-25,1676.25,1592.7163430047426
2022-03-07,2022-02-28,1674.25,1643.1323502186362
2022-03-08,2022-03-01,1704.5,1703.7452417233915
2022-03-09,2022-03-02,1686.5,1681.0595682024064
2022-03-10,2022-03-03,1700.0,1681.6419362927045
2022-03-11,2022-03-04,1690.75,1674.3477935821984
2022-03-14,2022-03-07,1687.25,1675.378000400105
2022-03-15,2022-03-08,1658.75,1706.180129255368
2022-03-16,2022-03-09,1649.25,1688.4756987870494
2022-03-17,2022-03-10,1668.5,1701.4230814566965
2022-03-18,2022-03-11,1668.0,1691.951900246945
2022-03-21,2022-03-14,1691.0,1689.0470574498117
2022-03-22,2022-03-15,1696.5,1662.4075723157346
2022-03-23,2022-03-16,1718.75,1652.5387605286037
2022-03-24,2022-03-17,1700.75,1671.0958709935896
2022-03-25,2022-03-18,1710.25,1670.9838600207422
2022-03-28,2022-03-21,1664.25,1692.9148227276946
2022-03-29,2022-03-22,1643.0,1697.0164362078701
2022-03-30,2022-03-23,1664.0,1718.2799737705027
2022-03-31,2022-03-24,1618.25,1701.7350911710637
2022-04-01,2022-03-25,1582.75,1710.7556463809885
2022-04-04,2022-03-28,1602.25,1667.309291539453
2022-04-05,2022-03-29,1631.0,1647.0934395883326
2022-04-06,2022-03-30,1619.5,1667.0684123767523
2022-04-07,2022-03-31,1645.5,1623.6717566817842
2022-04-08,2022-04-01,1689.0,1589.4804593186755
2022-04-11,2022-04-04,1655.25,1605.2916664278046
2022-04-12,2022-04-05,1670.25,1633.0867733093555
2022-04-13,2022-04-06,1676.0,1623.640080924418
2022-04-14,2022-04-07,1682.25,1646.2124029071726
2022-04-18,2022-04-08,1714.75,1686.32417093053
2022-04-19,2022-04-11,1716.5,1656.1048798614743
2022-04-20,2022-04-12,1746.75,1670.6716883967053
2022-04-21,2022-04-13,1748.25,1675.1834060589376
2022-04-22,2022-04-14,1716.0,1683.2420401051183
2022-04-25,2022-04-18,1703.5,1715.4071037650115
2022-04-26,2022-04-19,1705.25,1716.376021590792
2022-04-27,2022-04-20,1726.5,1745.938783792667
2022-04-28,2022-04-21,1706.5,1747.4786885321616
2022-04-29,2022-04-22,1708.25,1717.3706739351055
2022-05-02,2022-04-25,1674.0,1705.619639240523
2022-05-03,2022-04-26,1659.0,1707.2056918975513
2022-05-04,2022-04-27,1669.75,1729.1164141449945
2022-05-05,2022-04-28,1678.5,1710.3296992499445
2022-05-06,2022-04-29,1655.5,1710.5766534475267
2022-05-09,2022-05-02,1621.0,1677.0004763658221
2022-05-10,2022-05-03,1630.0,1662.787921080192
2022-05-11,2022-05-04,1650.25,1673.185328362127
2022-05-12,2022-05-05,1660.25,1681.540627212137
2022-05-13,2022-05-06,1723.25,1659.81836387417
2022-05-16,2022-05-09,1656.5,1625.0501089641782
2022-05-17,2022-05-10,1678.0,1632.4153263072005
2022-05-18,2022-05-11,1662.75,1652.5319845723081
2022-05-19,2022-05-12,1690.5,1663.2084526457934
2022-05-20,2022-05-13,1705.25,1722.2993710179242
2022-05-23,2022-05-16,1687.0,1657.9978036241082
2022-05-24,2022-05-17,1693.0,1678.2925258241314
2022-05-25,2022-05-18,1681.0,1663.2959881393124
2022-05-26,2022-05-19,1726.5,1691.7991165978517
2022-05-27,2022-05-20,1732.25,1707.5117926484052
2022-05-31,2022-05-23,1683.25,1688.524858332753
2022-06-01,2022-05-24,1690.25,1694.230615436903
2022-06-02,2022-05-25,1729.25,1682.1448115431526
2022-06-03,2022-05-26,1697.75,1726.9008614465274
2022-06-06,2022-05-27,1699.25,1733.240501365156
2022-06-07,2022-05-31,1728.25,1686.4423578990873
2022-06-08,2022-06-01,1740.0,1691.792299460309
2022-06-09,2022-06-02,1769.0,1728.6086313950154
2022-06-10,2022-06-03,1745.5,1701.696469927192
2022-06-13,2022-06-06,1707.5,1702.563080275643
2022-06-14,2022-06-07,1698.5,1727.7197108987746
2022-06-15,2022-06-08,1693.75,1740.5157817732982
2022-06-16,2022-06-09,1709.5,1769.6053930458
2022-06-17,2022-06-10,1702.0,1746.12612481082
2022-06-21,2022-06-13,1681.0,1709.8201991462035
2022-06-22,2022-06-14,1652.75,1701.0900861781347
2022-06-23,2022-06-15,1593.25,1697.1947753450545
2022-06-24,2022-06-16,1610.75,1713.5264593463482
2022-06-27,2022-06-17,1630.5,1705.6369866350776
2022-06-28,2022-06-21,1663.75,1684.311581456298
2022-06-29,2022-06-22,1674.25,1656.3597615712695
2022-06-30,2022-06-23,1675.0,1599.042807214087
2022-07-01,2022-06-24,1626.0,1615.473946939548
2022-07-05,2022-06-27,1575.25,1634.2816879672635
2022-07-06,2022-06-28,1580.25,1666.5781429496715
2022-07-07,2022-06-29,1591.25,1675.44794473266
2022-07-08,2022-06-30,1630.25,1674.251194910428
2022-07-11,2022-07-01,1641.0,1627.8150634131734
2022-07-12,2022-07-05,1592.75,1579.6029240712107
2022-07-13,2022-07-06,1588.25,1584.457893170531
2022-07-14,2022-07-07,1610.0,1595.7619522030373
2022-07-15,2022-07-08,1466.0,1633.5365994661179
2022-07-18,2022-07-11,1497.25,1642.1908874839146
2022-07-19,2022-07-12,1477.25,1594.8366613068956
2022-07-20,2022-07-13,1449.0,1589.5808795794164
2022-07-21,2022-07-14,1418.5,1610.4128237080654
2022-07-22,2022-07-15,1434.5,1475.4998638903232
2022-07-25,2022-07-18,1473.0,1503.4511285124736
2022-07-26,2022-07-19,1532.75,1481.8799478275412
2022-07-27,2022-07-20,1578.75,1457.1610732405388
2022-07-28,2022-07-21,1609.25,1426.3572094258611
2022-07-29,2022-07-22,1637.0,1436.9591089513547
2022-08-01,2022-07-25,1594.25,1474.945891239117
2022-08-02,2022-07-26,1569.25,1532.0283334047983
2022-08-03,2022-07-27,1558.0,1575.2792796943884
2022-08-04,2022-07-28,1615.0,1603.6666346483228
2022-08-05,2022-07-29,1614.75,1630.7299803914984
2022-08-08,2022-08-01,1619.5,1592.1255427826877
2022-08-09,2022-08-02,1693.25,1569.790571419475
2022-08-10,2022-08-03,1688.75,1560.1066318499738
2022-08-11,2022-08-04,1709.5,1616.0887611647706
2022-08-12,2022-08-05,1669.25,1617.5459394986087
2022-08-15,2022-08-08,1494.0,1620.7402432373483
2022-08-16,2022-08-09,1454.25,1688.559451552806
2022-08-17,2022-08-10,1475.25,1685.615369933355
2022-08-18,2022-08-11,1495.5,1707.8613880086434
2022-08-19,2022-08-12,1488.75,1668.7003198450197
2022-08-22,2022-08-15,1527.0,1502.6705590831475
2022-08-23,2022-08-16,1566.75,1464.3357616815492
2022-08-24,2022-08-17,1560.75,1483.4730215380002
2022-08-25,2022-08-18,1552.5,1505.9813821348566
2022-08-26,2022-08-19,1605.25,1497.4022847506333
2022-08-29,2022-08-22,1534.75,1526.7603432520602
2022-08-30,2022-08-23,1513.0,1563.2623014274259
2022-08-31,2022-08-24,1507.5,1559.5780478552304
2022-09-01,2022-08-25,1472.75,1551.948752975798
2022-09-02,2022-08-26,1510.5,1601.2620931434249
2022-09-06,2022-08-29,1490.0,1537.1255456379733
2022-09-07,2022-08-30,1466.75,1517.3597088876231
2022-09-08,2022-08-31,1470.5,1510.6188378928127
2022-09-09,2022-09-01,1489.25,1479.0771318200893
2022-09-12,2022-09-02,1549.75,1515.745031663202
2022-09-13,2022-09-06,1534.25,1493.519568956966
2022-09-14,2022-09-07,1503.75,1471.265032320532
2022-09-15,2022-09-08,1451.5,1473.054542738615
2022-09-16,2022-09-09,1448.5,1490.086331660318
2022-09-19,2022-09-12,1461.25,1548.970896837946
2022-09-20,2022-09-13,1478.75,1533.8955474281597
2022-09-21,2022-09-14,1461.25,1504.247260674031
2022-09-22,2022-09-15,1457.0,1453.9992457607982
2022-09-23,2022-09-16,1425.75,1452.2447601610522
2022-09-26,2022-09-19,1411.25,1466.4759559537379
2022-09-27,2022-09-20,1408.0,1482.9410974061282
2022-09-28,2022-09-21,1408.75,1464.7639681757519
2022-09-29,2022-09-22,1410.75,1458.349263622428
2022-09-30,2022-09-23,1364.75,1428.4682368981753
2022-10-03,2022-09-26,1374.0,1415.4514069126494
2022-10-04,2022-09-27,1383.5,1412.4815267115716
2022-10-05,2022-09-28,1369.75,1412.7989556251273
2022-10-06,2022-09-29,1358.0,1414.280922912304
2022-10-07,2022-09-30,1367.0,1369.2592300904857
2022-10-10,2022-10-03,1374.0,1376.9677909971326
2022-10-11,2022-10-04,1376.25,1385.5063663920632
2022-10-12,2022-10-05,1396.0,1373.4369769073724
2022-10-13,2022-10-06,1395.75,1361.4709179357583
2022-10-14,2022-10-07,1383.75,1368.041530190364
2022-10-17,2022-10-10,1385.25,1375.3425674834943
2022-10-18,2022-10-11,1372.0,1377.9216052413979
2022-10-19,2022-10-12,1372.5,1395.773415001629
2022-10-20,2022-10-13,1391.5,1395.3495902817847
2022-10-21,2022-10-14,1395.5,1384.6315414200844
2022-10-24,2022-10-17,1372.0,1385.9326581511805
2022-10-25,2022-10-18,1382.0,1373.7593025249548
2022-10-26,2022-10-19,1381.75,1375.0203901273894
2022-10-27,2022-10-20,1382.25,1392.6149969024646
2022-10-28,2022-10-21,1387.75,1396.3558879649572
2022-10-31,2022-10-24,1407.0,1374.2172132191895
2022-11-01,2022-10-25,1435.75,1382.6763930311201
2022-11-02,2022-10-26,1440.0,1382.6138602967308
2022-11-03,2022-10-27,1426.75,1384.298563570782
2022-11-04,2022-10-28,1451.5,1389.1055691062215
2022-11-07,2022-10-31,1440.0,1406.598659573157
2022-11-08,2022-11-01,1444.0,1434.2845122233593
2022-11-09,2022-11-02,1459.75,1438.6689270208726
2022-11-10,2022-11-03,1430.5,1426.315368567224
2022-11-11,2022-11-04,1455.5,1449.603190910415
2022-11-14,2022-11-07,1441.75,1440.0846265338596
2022-11-15,2022-11-08,1457.25,1445.3396161663359
2022-11-16,2022-11-09,1429.25,1459.681380151834
2022-11-17,2022-11-10,1417.0,1432.3874844513052
2022-11-18,2022-11-11,1428.25,1456.4907421222304
2022-11-21,2022-11-14,1436.75,1442.9165816600994
2022-11-22,2022-11-15,1429.75,1458.46190518296
2022-11-23,2022-11-16,1436.0,1431.8379899641436
2022-11-25,2022-11-17,1436.25,1419.6434000288107
2022-11-28,2022-11-18,1457.25,1430.3707849744999
2022-11-29,2022-11-21,1459.5,1438.5445298178554
2022-11-30,2022-11-22,1469.5,1432.449558039316
2022-12-01,2022-11-23,1429.75,1436.9141924594246
2022-12-02,2022-11-25,1438.5,1436.736115470975
2022-12-05,2022-11-28,1437.75,1457.2553409855086
2022-12-06,2022-11-29,1455.0,1459.7102176356918
2022-12-07,2022-11-30,1472.0,1469.2404411815137
2022-12-08,2022-12-01,1486.25,1431.823542424968
2022-12-09,2022-12-02,1483.75,1440.0493211190906
2022-12-12,2022-12-05,1460.5,1439.7713788570632
2022-12-13,2022-12-06,1479.75,1456.954370202338
2022-12-14,2022-12-07,1482.25,1472.7514114366634
2022-12-15,2022-12-08,1473.5,1485.1462169320823
2022-12-16,2022-12-09,1480.0,1483.1543279837845
2022-12-19,2022-12-12,1460.75,1461.3449255226374
2022-12-20,2022-12-13,1478.5,1479.933807286765
2022-12-21,2022-12-14,1481.0,1483.2150020984368
2022-12-22,2022-12-15,1467.75,1476.0027900815926
2022-12-23,2022-12-16,1479.0,1481.294287528251
2022-12-27,2022-12-19,1482.25,1462.5421419704946
2022-12-28,2022-12-20,1506.5,1480.0225657181393
2022-12-29,2022-12-21,1508.75,1482.2600431406786
2022-12-30,2022-12-22,1519.25,1470.0131211745866
2023-01-03,2022-12-23,1487.25,1480.1607405332702
2023-01-04,2022-12-27,1478.25,1482.7581646159488
2023-01-05,2022-12-28,1466.75,1506.6599445658546
2023-01-06,2022-12-29,1501.5,1508.773459703265
2023-01-09,2022-12-30,1503.5,1518.551964612045
2023-01-10,2023-01-03,1510.0,1488.6817727656967
2023-01-11,2023-01-04,1515.0,1480.4208858913125
2023-01-12,2023-01-05,1529.5,1469.9873351043127
2023-01-13,2023-01-06,1538.25,1503.2637274431381
2023-01-17,2023-01-09,1539.75,1505.435189491527
2023-01-18,2023-01-10,1524.5,1510.7074267806015
2023-01-19,2023-01-11,1514.75,1514.4489269220137
2023-01-20,2023-01-12,1506.5,1528.3181436638579
2023-01-23,2023-01-13,1490.25,1538.0291253715952
2023-01-24,2023-01-17,1488.5,1539.7742552357383
2023-01-25,2023-01-18,1502.5,1525.620257270227
2023-01-26,2023-01-19,1523.5,1516.5764262989564
2023-01-27,2023-01-20,1509.5,1509.2201617198743
2023-01-30,2023-01-23,1535.25,1494.2779848203604
2023-01-31,2023-01-24,1538.0,1492.3259051921245
2023-02-01,2023-01-25,1520.25,1504.7803083145668
2023-02-02,2023-01-26,1534.25,1524.454636528689
2023-02-03,2023-01-27,1532.0,1511.0663467188285
2023-02-06,2023-01-30,1521.25,1534.4813811233284
2023-02-07,2023-01-31,1515.25,1537.0961420642357
2023-02-08,2023-02-01,1519.75,1521.7073710217778
2023-02-09,2023-02-02,1519.25,1534.9054693756007
2023-02-10,2023-02-03,1542.5,1532.6525076159746
2023-02-13,2023-02-06,1542.75,1523.9002965143047
2023-02-14,2023-02-07,1537.5,1517.724650779024
2023-02-15,2023-02-08,1525.75,1521.4002600648016
2023-02-16,2023-02-09,1526.5,1521.5692914543267
2023-02-17,2023-02-10,1527.25,1543.304048029294
2023-02-21,2023-02-13,1548.75,1543.2201835856981
2023-02-22,2023-02-14,1539.5,1538.3369560398867
2023-02-23,2023-02-15,1534.25,1527.0613163711541
2023-02-24,2023-02-16,1529.0,1527.9549397930637
2023-02-27,2023-02-17,1518.25,1529.5236416531206
2023-02-28,2023-02-21,1490.5,1549.8625148626284
2023-03-01,2023-02-22,1504.25,1540.9998269288476
2023-03-02,2023-02-23,1519.75,1535.6956637067085
2023-03-03,2023-02-24,1530.5,1530.3577746968035
2023-03-06,2023-02-27,1541.0,1520.6476282222127
2023-03-07,2023-02-28,1525.25,1495.0543544801037
2023-03-08,2023-03-01,1526.75,1507.263376282544
2023-03-09,2023-03-02,1520.0,1521.6463488996583
2023-03-10,2023-03-03,1513.0,1532.0691970860737
2023-03-13,2023-03-06,1500.0,1541.1117126122917
2023-03-14,2023-03-07,1499.75,1525.4680762032147
2023-03-15,2023-03-08,1489.25,1527.4379535188211
2023-03-16,2023-03-09,1491.5,1521.6024021226929
2023-03-17,2023-03-10,1476.5,1515.7519705114455
2023-03-20,2023-03-13,1486.0,1503.4896038940267
2023-03-21,2023-03-14,1467.0,1502.5817481957886
2023-03-22,2023-03-15,1448.5,1492.623703987337
2023-03-23,2023-03-16,1419.5,1494.4353489026919
2023-03-24,2023-03-17,1428.25,1479.7769251383058
2023-03-27,2023-03-20,1442.25,1488.2254753349905
2023-03-28,2023-03-21,1467.75,1470.105919429353
2023-03-29,2023-03-22,1477.25,1452.4084370210085
2023-03-30,2023-03-23,1474.5,1424.4285211061272
2023-03-31,2023-03-24,1505.5,1432.05802301698
2023-04-03,2023-03-27,1522.0,1445.383315748793
2023-04-04,2023-03-28,1517.5,1468.9980782179648
2023-04-05,2023-03-29,1511.0,1477.0016424618643
2023-04-06,2023-03-30,1492.5,1473.5675472852333
2023-04-10,2023-03-31,1487.25,1502.9362990746004
2023-04-11,2023-04-03,1497.25,1519.6177138680634
2023-04-12,2023-04-04,1504.25,1517.0385408036282
2023-04-13,2023-04-05,1501.0,1510.9046523163242
2023-04-14,2023-04-06,1500.5,1493.5859486042154
2023-04-17,2023-04-10,1517.0,1489.902627655126
2023-04-18,2023-04-11,1519.25,1499.7461484503624
2023-04-19,2023-04-12,1506.5,1506.3814896482795
2023-04-20,2023-04-13,1497.5,1502.9989595763473
2023-04-21,2023-04-14,1483.5,1501.623013610051
2023-04-24,2023-04-17,1465.25,1516.9814404288466
2023-04-25,2023-04-18,1445.25,1519.819206889569
2023-04-26,2023-04-19,1436.0,1508.2019485152007
2023-04-27,2023-04-20,1426.75,1499.2541124932823
2023-04-28,2023-04-21,1444.25,1486.093622620612
2023-05-01,2023-04-24,1454.75,1469.492797317726
2023-05-02,2023-04-25,1439.5,1450.3180838309436
2023-05-03,2023-04-26,1448.0,1440.8120962658793
2023-05-04,2023-04-27,1448.5,1431.5180837192543
2023-05-05,2023-04-28,1469.0,1447.3070021124477
2023-05-08,2023-05-01,1468.75,1456.4225707814653
2023-05-09,2023-05-02,1451.75,1441.5415547505181
2023-05-10,2023-05-03,1436.5,1448.6439153839437
2023-05-11,2023-05-04,1443.25,1448.8730807618497
2023-05-12,2023-05-05,1435.0,1469.296149501694
2023-05-15,2023-05-08,1400.75,1469.3026639984123
2023-05-16,2023-05-09,1364.0,1453.0275258946194
2023-05-17,2023-05-10,1337.0,1438.5479736743785
2023-05-18,2023-05-11,1333.25,1444.9712108443466
2023-05-19,2023-05-12,1307.25,1438.141284467747
2023-05-22,2023-05-15,1341.25,1405.7329667648912
2023-05-23,2023-05-16,1322.5,1369.681102269272
2023-05-24,2023-05-17,1324.5,1343.2076022820831
2023-05-25,2023-05-18,1324.0,1339.6485954621478
2023-05-26,2023-05-19,1337.25,1314.4725769935108
2023-05-30,2023-05-22,1296.5,1344.8219583558148
2023-05-31,2023-05-23,1299.75,1325.5355839823142
2023-06-01,2023-05-24,1329.5,1326.79821473298
2023-06-02,2023-05-25,1352.5,1325.143111557483
2023-06-05,2023-05-26,1350.0,1337.457483042946
2023-06-06,2023-05-30,1353.25,1300.1612940268706
2023-06-07,2023-05-31,1360.75,1302.2601103279735
2023-06-08,2023-06-01,1363.25,1329.8484599457654
2023-06-09,2023-06-02,1386.5,1352.53836214094
2023-06-12,2023-06-05,1372.75,1350.4600690046188
2023-06-13,2023-06-06,1399.25,1351.7153184806816
2023-06-14,2023-06-07,1388.25,1359.081283523824
2023-06-15,2023-06-08,1428.25,1363.115659058855
2023-06-16,2023-06-09,1466.5,1385.9100076748682
2023-06-20,2023-06-12,1477.25,1373.060136331612
2023-06-21,2023-06-13,1514.75,1398.2767071623598
2023-06-22,2023-06-14,1500.5,1388.0868675843553
2023-06-23,2023-06-15,1494.5,1426.504120379845
2023-06-26,2023-06-16,1521.0,1463.1109049632332
2023-06-27,2023-06-20,1495.0,1473.9618376690923
2023-06-28,2023-06-21,1451.0,1509.9334064353461
2023-06-29,2023-06-22,1483.0,1496.6857815792348
2023-06-30,2023-06-23,1557.25,1493.3019438211359
2023-07-03,2023-06-26,1562.0,1519.2500078305645
2023-07-05,2023-06-27,1547.25,1496.1897441693206
2023-07-06,2023-06-28,1525.75,1455.893674847758
2023-07-07,2023-06-29,1485.5,1484.4933700925162
2023-07-10,2023-06-30,1508.0,1554.9197743067305
2023-07-11,2023-07-03,1520.5,1561.6595494635935
2023-07-12,2023-07-05,1488.5,1546.5003695191506
2023-07-13,2023-07-06,1518.0,1523.8748458245357
2023-07-14,2023-07-07,1495.75,1487.8760777555713
2023-07-17,2023-07-10,1484.0,1511.6226616939232
2023-07-18,2023-07-11,1492.0,1523.5435128245595
2023-07-19,2023-07-12,1491.5,1493.3019632411736
2023-07-20,2023-07-13,1495.0,1519.2760097450555
2023-07-21,2023-07-14,1501.0,1496.9088268543305
2023-07-24,2023-07-17,1523.25,1487.3417109899383
2023-07-25,2023-07-18,1515.5,1494.1789100929736
2023-07-26,2023-07-19,1546.25,1493.2248054718582
2023-07-27,2023-07-20,1532.0,1497.5373612896014
2023-07-28,2023-07-21,1486.75,1502.1028602754454
2023-07-31,2023-07-24,1445.75,1522.857095369377
2023-08-01,2023-07-25,1446.75,1516.057861892907
2023-08-02,2023-07-26,1429.75,1545.128386302761
2023-08-03,2023-07-27,1428.75,1531.823284523766
2023-08-04,2023-07-28,1444.0,1489.9151284872103
2023-08-07,2023-07-31,1414.5,1450.9076034329764
2023-08-08,2023-08-01,1430.0,1451.4457704147421
2023-08-09,2023-08-02,1431.5,1436.5016517699632
2023-08-10,2023-08-03,1412.0,1434.7875763193815
2023-08-11,2023-08-04,1401.25,1446.7265919068525
2023-08-14,2023-08-07,1391.0,1417.7567676069716
2023-08-15,2023-08-08,1323.25,1432.0180713828522
2023-08-16,2023-08-09,1334.75,1432.4534720422541
2023-08-17,2023-08-10,1336.75,1414.8296678149893
2023-08-18,2023-08-11,1362.75,1404.3933820693785
2023-08-21,2023-08-14,1370.0,1393.6036732366438
2023-08-22,2023-08-15,1351.5,1330.232666826757
2023-08-23,2023-08-16,1359.5,1340.3152979641873
2023-08-24,2023-08-17,1365.75,1340.9996313441231
2023-08-25,2023-08-18,1381.0,1366.0430744718708
2023-08-28,2023-08-21,1395.25,1371.4627407704781
2023-08-29,2023-08-22,1382.0,1351.931072299228
2023-08-30,2023-08-23,1381.25,1359.4804068721523
2023-08-31,2023-08-24,1360.0,1365.690837628842
2023-09-01,2023-08-25,1356.25,1381.5544081302269
2023-09-05,2023-08-28,1349.0,1395.021568119849
2023-09-06,2023-08-29,1360.25,1382.1453796441785
2023-09-07,2023-08-30,1345.0,1381.6459515532824
2023-09-08,2023-08-31,1349.5,1361.7949366708826
2023-09-11,2023-09-01,1352.5,1358.9830153549856
2023-09-12,2023-09-05,1331.75,1352.2294572701644
2023-09-13,2023-09-06,1336.0,1362.5376339188174
2023-09-14,2023-09-07,1343.75,1347.8510092059264
2023-09-15,2023-09-08,1340.25,1351.3092912439745
2023-09-18,2023-09-11,1316.75,1353.6308438213582
2023-09-19,2023-09-12,1315.5,1334.268129511578
2023-09-20,2023-09-13,1320.0,1338.2005767461271
2023-09-21,2023-09-14,1293.75,1344.8459855825722
2023-09-22,2023-09-15,1296.25,1342.155265564701
2023-09-25,2023-09-18,1297.75,1319.716685920233
2023-09-26,2023-09-19,1302.75,1317.5096628423053
2023-09-27,2023-09-20,1303.25,1321.8784848180965
2023-09-28,2023-09-21,1300.5,1297.6763803529457
2023-09-29,2023-09-22,1275.0,1299.3263565284192
2023-10-02,2023-09-25,1277.0,1299.6087669515464
2023-10-03,2023-09-26,1272.75,1304.7456055960552
2023-10-04,2023-09-27,1273.0,1304.9491000883545
2023-10-05,2023-09-28,1280.75,1301.4580961528038
2023-10-06,2023-09-29,1266.0,1277.449051560536
2023-10-09,2023-10-02,1264.25,1279.2152122744537
2023-10-10,2023-10-03,1271.5,1275.1516481127264
2023-10-11,2023-10-04,1252.5,1275.6854009667568
2023-10-12,2023-10-05,1290.0,1282.3969882136093
2023-10-13,2023-10-06,1280.25,1267.7181955917595
2023-10-16,2023-10-09,1286.25,1265.995488001208
2023-10-17,2023-10-10,1296.75,1272.4276811664881
2023-10-18,2023-10-11,1311.0,1254.9095139688225
2023-10-19,2023-10-12,1315.5,1290.1970171521737
2023-10-20,2023-10-13,1302.25,1280.5158788076965
2023-10-23,2023-10-16,1286.75,1286.7268419516174
2023-10-24,2023-10-17,1295.25,1295.9993557528044
2023-10-25,2023-10-18,1288.25,1309.6236708819608
2023-10-26,2023-10-19,1279.5,1315.2670355251043
2023-10-27,2023-10-20,1297.25,1302.5439222462028
2023-10-30,2023-10-23,1282.75,1288.067964972787
2023-10-31,2023-10-24,1287.0,1296.396139345132
2023-11-01,2023-10-25,1291.25,1290.5259842998175
2023-11-02,2023-10-26,1304.0,1282.4307837681636
2023-11-03,2023-10-27,1327.5,1298.1582010698392
2023-11-06,2023-10-30,1340.5,1284.2502732021194
2023-11-07,2023-10-31,1348.75,1288.5901025899625
2023-11-08,2023-11-01,1349.0,1291.8593633228902
2023-11-09,2023-11-02,1327.75,1304.134308723289
2023-11-10,2023-11-03,1333.5,1326.7601391797473
2023-11-13,2023-11-06,1368.0,1338.7943830201948
2023-11-14,2023-11-07,1368.75,1346.9373081019771
2023-11-15,2023-11-08,1385.0,1347.4242627333979
2023-11-16,2023-11-09,1360.25,1328.2249570317863
2023-11-17,2023-11-10,1340.25,1334.4231259232179
2023-11-20,2023-11-13,1367.25,1367.4054286890469
2023-11-21,2023-11-14,1377.25,1369.1252190500868
2023-11-22,2023-11-15,1356.5,1384.2625000072653
2023-11-24,2023-11-16,1330.75,1359.9531837805798
2023-11-27,2023-11-17,1329.75,1341.823435874764
2023-11-28,2023-11-20,1346.5,1367.919508036883
2023-11-29,2023-11-21,1347.0,1378.0969299550472
2023-11-30,2023-11-22,1342.75,1359.3132109273045
2023-12-01,2023-11-24,1325.0,1333.2865192860856
2023-12-04,2023-11-27,1306.25,1331.5247333010666
2023-12-05,2023-11-28,1305.5,1348.5292499649481
2023-12-06,2023-11-29,1295.5,1349.5236148642434
2023-12-07,2023-11-30,1311.75,1344.46964511904
2023-12-08,2023-12-01,1304.0,1326.5547943637018
2023-12-11,2023-12-04,1336.0,1308.9166320636118
2023-12-12,2023-12-05,1323.75,1308.518340637848
2023-12-13,2023-12-06,1307.5,1299.0763872965958
2023-12-14,2023-12-07,1314.0,1314.1040893170498
2023-12-15,2023-12-08,1315.75,1305.9192796588554
2023-12-18,2023-12-11,1327.0,1335.592829056604
2023-12-19,2023-12-12,1312.5,1323.8666817376454
2023-12-20,2023-12-13,1308.25,1308.7713824529255
2023-12-21,2023-12-14,1297.25,1314.6540665602374
2023-12-22,2023-12-15,1299.75,1316.654741208291
2023-12-26,2023-12-18,1313.25,1328.4794163746024
2023-12-27,2023-12-19,1316.75,1314.1288410831826
2023-12-28,2023-12-20,1305.25,1309.6037259054929
2023-12-29,2023-12-21,1293.5,1299.1751154350186
2024-01-02,2023-12-22,1274.0,1301.834682341379
2024-01-03,2023-12-26,1269.5,1314.6845629478094
2024-01-04,2023-12-27,1262.0,1317.6924880757952
2024-01-05,2023-12-28,1249.75,1306.6359739319776
2024-01-08,2023-12-29,1239.5,1294.959939939003
2024-01-09,2024-01-02,1241.5,1276.633004699611
2024-01-10,2024-01-03,1228.75,1272.7395541037617
2024-01-11,2024-01-04,1231.25,1265.5134674828903
2024-01-12,2024-01-05,1205.75,1253.4926105336315
2024-01-16,2024-01-08,1227.25,1242.9558657949374
2024-01-17,2024-01-09,1205.75,1243.9829005213837
2024-01-18,2024-01-10,1213.5,1231.7527857501543
2024-01-19,2024-01-11,1213.25,1233.6664765845367
2024-01-22,2024-01-12,1224.25,1208.896319364302
2024-01-23,2024-01-16,1239.5,1228.7917966926748
2024-01-24,2024-01-17,1240.25,1208.3090792836674
2024-01-25,2024-01-18,1223.0,1215.5359609390493
2024-01-26,2024-01-19,1209.25,1214.5373223129136
2024-01-29,2024-01-22,1194.25,1224.7222705583017
2024-01-30,2024-01-23,1218.75,1239.461303049703
2024-01-31,2024-01-24,1222.25,1239.7825513936816
2024-02-01,2024-01-25,1203.25,1223.8244035682474
2024-02-02,2024-01-26,1188.5,1210.7110473930754
2024-02-05,2024-01-29,1196.25,1196.9288438319052
2024-02-06,2024-01-30,1199.5,1220.5215992062683
2024-02-07,2024-01-31,1189.0,1223.8143117794843
2024-02-08,2024-02-01,1193.5,1205.510872618309
2024-02-09,2024-02-02,1183.5,1190.3241600035865
2024-02-12,2024-02-05,1193.0,1197.1776246813788
2024-02-13,2024-02-06,1186.25,1201.3296712182885
2024-02-14,2024-02-07,1170.5,1191.503530968449
2024-02-15,2024-02-08,1162.25,1194.6704221751656
2024-02-16,2024-02-09,1172.25,1184.7754495185477
2024-02-20,2024-02-12,1179.0,1194.1286312647553
2024-02-21,2024-02-13,1160.75,1187.6458742549025
2024-02-22,2024-02-14,1147.75,1172.6487764117944
2024-02-23,2024-02-15,1133.0,1164.5264225791457
2024-02-26,2024-02-16,1136.0,1173.6382867937443
2024-02-27,2024-02-20,1131.25,1180.4334071738042
2024-02-28,2024-02-21,1134.0,1162.9749398844324
2024-02-29,2024-02-22,1128.25,1149.7919830520998
2024-03-01,2024-02-23,1143.0,1135.4001707638881
2024-03-04,2024-02-26,1147.0,1138.64937347909
2024-03-05,2024-02-27,1140.75,1134.145053071537
2024-03-06,2024-02-28,1140.25,1136.0611847966659
2024-03-07,2024-02-29,1157.0,1129.8856981736717
2024-03-08,2024-03-01,1170.5,1143.3510506315938
2024-03-11,2024-03-04,1165.0,1147.1987581246924
2024-03-12,2024-03-05,1182.0,1141.3911838464355
2024-03-13,2024-03-06,1181.75,1140.7135450534217
2024-03-14,2024-03-07,1180.75,1156.4299367078374
2024-03-15,2024-03-08,1198.25,1169.9703321397935
2024-03-18,2024-03-11,1187.75,1165.1136536025233
2024-03-19,2024-03-12,1185.5,1180.749695153482
2024-03-20,2024-03-13,1209.5,1180.7327978574192
2024-03-21,2024-03-14,1212.0,1180.8403002422235
2024-03-22,2024-03-15,1192.5,1197.4836873126249
2024-03-25,2024-03-18,1209.25,1187.8530438731593
2024-03-26,2024-03-19,1199.0,1186.3958043670752
2024-03-27,2024-03-20,1192.5,1208.6470058953937
2024-03-28,2024-03-21,1191.5,1211.6069936926692
2024-04-01,2024-03-22,1185.75,1193.9349049113653
2024-04-02,2024-03-25,1174.0,1208.8564046657198
2024-04-03,2024-03-26,1182.25,1199.4820160202398
2024-04-04,2024-03-27,1180.0,1194.5182414884816
2024-04-05,2024-03-28,1185.0,1192.9768677976797
2024-04-08,2024-04-01,1181.5,1187.2183895097587
2024-04-09,2024-04-02,1174.5,1176.548956189321
2024-04-10,2024-04-03,1164.75,1183.7248534789114
2024-04-11,2024-04-04,1159.25,1181.4364323397713
2024-04-12,2024-04-05,1174.0,1186.2272575826823
2024-04-15,2024-04-08,1158.25,1182.4492623974756
2024-04-16,2024-04-09,1145.0,1175.6185419876501
2024-04-17,2024-04-10,1149.5,1166.5072303532038
2024-04-18,2024-04-11,1134.25,1161.2083107076603
2024-04-19,2024-04-12,1150.5,1175.1815472291794
2024-04-22,2024-04-15,1161.0,1160.307165450317
2024-04-23,2024-04-16,1167.5,1147.4506334805628
2024-04-24,2024-04-17,1166.0,1150.8081858288094
2024-04-25,2024-04-18,1162.75,1136.596704064593
2024-04-26,2024-04-19,1159.5,1152.2381975683475
2024-04-29,2024-04-22,1160.75,1161.3283652844111
2024-04-30,2024-04-23,1145.5,1167.5191164173702
2024-05-01,2024-04-24,1155.75,1165.9508683395043
2024-05-02,2024-04-25,1190.0,1162.5333472191546
2024-05-03,2024-04-26,1201.75,1160.09738523014
2024-05-06,2024-04-29,1234.75,1161.7112174801066
2024-05-07,2024-04-30,1232.25,1147.5514448151807
2024-05-08,2024-05-01,1212.75,1157.01771034458
2024-05-09,2024-05-02,1192.75,1189.0599770373015
2024-05-10,2024-05-03,1205.0,1200.663512572518
2024-05-13,2024-05-06,1205.5,1231.767717603288
2024-05-14,2024-05-07,1199.0,1229.0133025636324
2024-05-15,2024-05-08,1213.5,1211.805591018949
2024-05-16,2024-05-09,1216.25,1193.77404146676
2024-05-17,2024-05-10,1228.0,1205.9474362259498
2024-05-20,2024-05-13,1248.0,1207.696497054661
2024-05-21,2024-05-14,1236.25,1201.5261654897572
2024-05-22,2024-05-15,1246.25,1213.9634608840422
2024-05-23,2024-05-16,1239.25,1216.133652076486
2024-05-24,2024-05-17,1248.0,1227.8919957960293
2024-05-28,2024-05-20,1229.5,1246.567690362494
2024-05-29,2024-05-21,1214.0,1235.802454032824
2024-05-30,2024-05-22,1209.75,1245.7066599405255
2024-05-31,2024-05-23,1205.0,1239.1481933666005
2024-06-03,2024-05-24,1184.5,1248.328769410754
2024-06-04,2024-05-28,1179.0,1231.2812367880758
2024-06-05,2024-05-29,1177.25,1216.4175296787462
2024-06-06,2024-05-30,1200.0,1212.2027071749517
2024-06-07,2024-05-31,1179.25,1207.6749329529864
2024-06-10,2024-06-03,1188.25,1188.4144201234344
2024-06-11,2024-06-04,1178.0,1182.151010907187
2024-06-12,2024-06-05,1177.25,1179.7251899985163
2024-06-13,2024-06-06,1189.5,1201.1505029903838
2024-06-14,2024-06-07,1179.75,1181.3274982098765
2024-06-17,2024-06-10,1157.75,1189.0339652720572
2024-06-18,2024-06-11,1174.0,1178.7574614823907
2024-06-20,2024-06-12,1155.25,1178.6327660404172
2024-06-21,2024-06-13,1160.5,1190.4025915764134
2024-06-24,2024-06-14,1175.25,1180.8817545079578
2024-06-25,2024-06-17,1163.25,1160.2938883261536
2024-06-26,2024-06-18,1162.75,1174.8037302948019
2024-06-27,2024-06-20,1152.25,1157.3863382360846
2024-06-28,2024-06-21,1150.5,1162.846817551474
2024-07-01,2024-06-24,1159.5,1175.7019032600601
2024-07-02,2024-06-25,1165.0,1164.3307004914172
2024-07-03,2024-06-26,1176.5,1164.0550078524748
2024-07-05,2024-06-27,1188.5,1153.2920501848766
2024-07-08,2024-06-28,1174.25,1152.1306396559917
2024-07-09,2024-07-01,1161.5,1160.8198369049544
2024-07-10,2024-07-02,1141.25,1165.7795308686536
2024-07-11,2024-07-03,1142.75,1176.56681829914
2024-07-12,2024-07-05,1134.5,1187.4866235165441
2024-07-15,2024-07-08,1078.0,1174.3321600069298
2024-07-16,2024-07-09,1090.5,1162.5606885059096
2024-07-17,2024-07-10,1097.25,1143.4691952556345
2024-07-18,2024-07-11,1098.5,1145.3527500491523
2024-07-19,2024-07-12,1097.25,1137.7245467370685
2024-07-22,2024-07-15,1117.75,1083.8281704058045
2024-07-23,2024-07-16,1117.5,1094.2435421398632
2024-07-24,2024-07-17,1111.0,1099.697159775942
2024-07-25,2024-07-18,1116.0,1101.68992800864
2024-07-26,2024-07-19,1077.5,1099.1327357511009
2024-07-29,2024-07-22,1054.75,1116.5923986318544
2024-07-30,2024-07-23,1027.25,1117.109399252552
2024-07-31,2024-07-24,1028.5,1111.451542094459
2024-08-01,2024-07-25,1022.0,1115.8467999991365
2024-08-02,2024-07-26,1029.25,1079.8901437620625
2024-08-05,2024-07-29,1044.25,1058.850959188056
2024-08-06,2024-07-30,1028.5,1032.1316291848725
2024-08-07,2024-07-31,1020.25,1033.1871791451774
2024-08-08,2024-08-01,1009.75,1026.6104169302807
2024-08-09,2024-08-02,1028.0,1032.0975198307237
2024-08-12,2024-08-05,1012.0,1044.889790038424
2024-08-13,2024-08-06,989.0,1029.3692852958234
2024-08-14,2024-08-07,979.75,1021.402797115345
2024-08-15,2024-08-08,951.5,1011.0003294318569
2024-08-16,2024-08-09,938.75,1028.774364720994
2024-08-19,2024-08-12,956.25,1014.1238362475533
2024-08-20,2024-08-13,957.25,991.8581917424455
2024-08-21,2024-08-14,963.0,982.079500078529
2024-08-22,2024-08-15,941.25,955.2775987489712
2024-08-23,2024-08-16,952.0,943.5205055085237
2024-08-26,2024-08-19,959.75,958.904081559619
2024-08-27,2024-08-20,967.5,959.3215171533983
2024-08-28,2024-08-21,958.5,964.2420291933391
2024-08-29,2024-08-22,973.75,942.3217717032474
2024-08-30,2024-08-23,982.0,952.146013310475
2024-09-03,2024-08-26,997.0,959.9403730860064
2024-09-04,2024-08-27,1006.0,967.8394620429304
2024-09-05,2024-08-28,1008.25,959.1572097518164
2024-09-06,2024-08-29,989.25,972.7999454439168
2024-09-09,2024-08-30,1000.0,981.0648934781071
2024-09-10,2024-09-03,977.5,995.9399326842998
2024-09-11,2024-09-04,979.75,1004.5505554996332
2024-09-12,2024-09-05,991.5,1006.7077411770996
2024-09-13,2024-09-06,986.75,989.3849010695827
2024-09-16,2024-09-09,1004.5,999.8214293950273
2024-09-17,2024-09-10,1006.0,979.1682294020294
2024-09-18,2024-09-11,1014.0,981.7828009331579
2024-09-19,2024-09-12,1013.25,992.3311659318958
2024-09-20,2024-09-13,1012.0,987.7895965713303
2024-09-23,2024-09-16,1039.25,1004.5560623652996
2024-09-24,2024-09-17,1042.25,1005.1641793241096
2024-09-25,2024-09-18,1053.25,1013.223740173967
2024-09-26,2024-09-19,1041.0,1012.6996132272101
2024-09-27,2024-09-20,1065.75,1011.7034659450558
2024-09-30,2024-09-23,1057.0,1037.943172590095
2024-10-01,2024-09-24,1057.25,1041.2116628057352
2024-10-02,2024-09-25,1056.0,1052.130063759282
2024-10-03,2024-09-26,1046.0,1040.2821185601406
2024-10-04,2024-09-27,1037.75,1063.9947228317944
2024-10-07,2024-09-30,1034.0,1056.761298575624
2024-10-08,2024-10-01,1016.25,1057.5890967452142
2024-10-09,2024-10-02,1020.25,1056.1851272769472
2024-10-10,2024-10-03,1014.75,1046.888160083672
2024-10-11,2024-10-04,1005.5,1039.6961912339652
2024-10-14,2024-10-07,996.0,1035.7201742748734
2024-10-15,2024-10-08,991.0,1018.9569537148636
2024-10-16,2024-10-09,980.0,1022.4377882933908
2024-10-17,2024-10-10,988.75,1016.7093888478114
2024-10-18,2024-10-11,970.0,1007.8268637966967
2024-10-21,2024-10-14,981.0,998.2300819676753
2024-10-22,2024-10-15,991.75,992.8797960020054
2024-10-23,2024-10-16,997.5,982.5222601018411
2024-10-24,2024-10-17,996.25,990.4308630484586
2024-10-25,2024-10-18,987.75,972.2906177479219
2024-10-28,2024-10-21,974.0,982.3074640050463
2024-10-29,2024-10-22,965.25,991.9369006332865
2024-10-30,2024-10-23,976.5,997.5667721987493
2024-10-31,2024-10-24,982.5,996.3497361939984
2024-11-01,2024-10-25,982.5,987.7488827457202
2024-11-04,2024-10-28,987.25,975.1815220266292
2024-11-05,2024-10-29,993.75,967.207889157209
2024-11-06,2024-10-30,994.5,977.940997824335
2024-11-07,2024-10-31,1015.5,983.6406264021196
2024-11-08,2024-11-01,1016.75,983.307205711207
2024-11-11,2024-11-04,1011.75,987.0434062267248
2024-11-12,2024-11-05,1003.5,993.0286096195496
2024-11-13,2024-11-06,1004.25,994.3433661954816
2024-11-14,2024-11-07,985.75,1014.3588230631285
2024-11-15,2024-11-08,998.5,1015.7388161297476
2024-11-18,2024-11-11,1009.75,1011.4663986106302
2024-11-19,2024-11-12,998.5,1003.6116236236178
2024-11-20,2024-11-13,990.5,1004.5877229417781
2024-11-21,2024-11-14,977.75,987.8701261155229
2024-11-22,2024-11-15,983.5,999.822443773603
2024-11-25,2024-11-18,985.75,1010.1055721022847
2024-11-26,2024-11-19,983.5,999.6474227483168
2024-11-27,2024-11-20,988.75,991.5963914375706
2024-11-29,2024-11-21,989.5,978.8297109795947
2024-12-02,2024-11-22,985.25,984.8702675556086
2024-12-03,2024-11-25,991.75,987.2560652311763
2024-12-04,2024-11-26,983.75,984.8322622843239
2024-12-05,2024-11-27,993.75,989.2067936443491
2024-12-06,2024-11-29,993.75,989.5696893724023
2024-12-09,2024-12-02,990.0,985.8748737069745
2024-12-10,2024-12-03,994.75,991.9526718508807
2024-12-11,2024-12-04,995.5,984.4341959602343
2024-12-12,2024-12-05,995.75,994.1022595188412
2024-12-13,2024-12-06,988.25,994.0015476391959
2024-12-16,2024-12-09,982.0,990.606606130233
2024-12-17,2024-12-10,976.75,995.0104186415285
2024-12-18,2024-12-11,951.75,995.6303626894752
2024-12-19,2024-12-12,963.0,996.3117674405609
2024-12-20,2024-12-13,974.5,989.1087522463856
2024-12-23,2024-12-16,969.5,983.0809448093535
2024-12-24,2024-12-17,975.25,978.1831635765446
2024-12-26,2024-12-18,988.0,954.5741211142642
2024-12-27,2024-12-19,980.0,964.9053897798508
2024-12-30,2024-12-20,982.0,975.394868323649
2024-12-31,2024-12-23,998.25,970.8849483287685
2025-01-02,2024-12-24,999.5,975.5722286376796
2025-01-03,2024-12-26,981.0,986.7720027476912
2025-01-06,2024-12-27,992.5,980.0693376601523
2025-01-07,2024-12-30,992.25,982.2196033163398
2025-01-08,2024-12-31,987.5,997.2626013649118
2025-01-09,2025-01-02,992.25,999.1530078072392
2025-01-10,2025-01-03,1013.5,982.1049954476505
2025-01-13,2025-01-06,1041.5,992.3211899664377
2025-01-14,2025-01-07,1043.0,992.3968281404736
2025-01-15,2025-01-08,1042.75,988.8506119397864
2025-01-16,2025-01-09,1019.0,992.8461597978953
2025-01-17,2025-01-10,1034.0,1012.4341839098633
2025-01-21,2025-01-13,1067.25,1039.5296694497526
2025-01-22,2025-01-14,1056.0,1041.214650751936
2025-01-23,2025-01-15,1065.5,1040.8258464363464
2025-01-24,2025-01-16,1055.75,1018.6483543194586
2025-01-27,2025-01-17,1045.0,1033.8139868036283
2025-01-28,2025-01-21,1045.0,1066.1553081128923
2025-01-29,2025-01-22,1060.5,1056.367846880774
2025-01-30,2025-01-23,1044.0,1064.8245144394864
2025-01-31,2025-01-24,1042.0,1054.596536516322
2025-02-03,2025-01-27,1058.25,1045.7293286410227
2025-02-04,2025-01-28,1075.0,1046.4067155653786
2025-02-05,2025-01-29,1057.0,1060.8539863443284
2025-02-06,2025-01-30,1060.5,1045.7345509327251
2025-02-07,2025-01-31,1049.5,1043.2779539303228
2025-02-10,2025-02-03,1049.5,1057.8711187872668
2025-02-11,2025-02-04,1043.5,1074.367668932231
2025-02-12,2025-02-05,1027.75,1057.974652664508
2025-02-13,2025-02-06,1030.0,1060.4111798154613
2025-02-14,2025-02-07,1036.0,1049.9224549907897
2025-02-18,2025-02-10,1038.5,1050.9488629318946
2025-02-19,2025-02-11,1031.75,1045.4104130948226
2025-02-20,2025-02-12,1045.5,1030.0668962956854
2025-02-21,2025-02-13,1039.5,1031.9250790248568
2025-02-24,2025-02-14,1029.0,1037.1775873632705
2025-02-25,2025-02-18,1031.25,1039.7159257924775
2025-02-26,2025-02-19,1024.5,1032.9012110893227
2025-02-27,2025-02-20,1022.75,1045.2305848588094
2025-02-28,2025-02-21,1011.5,1039.8006558409593
2025-03-03,2025-02-24,998.25,1030.3002583414855
2025-03-04,2025-02-25,984.0,1032.0626769156386
2025-03-05,2025-02-26,997.75,1025.7113945367826
2025-03-06,2025-02-27,1014.0,1024.5256400203891
2025-03-07,2025-02-28,1010.25,1013.4101222834671
2025-03-10,2025-03-03,999.75,1000.5433583511293
2025-03-11,2025-03-04,997.75,986.8444532553077
2025-03-12,2025-03-05,987.5,999.4783386961399
2025-03-13,2025-03-06,996.75,1014.684853288876
2025-03-14,2025-03-07,999.25,1010.9822803316123
2025-03-17,2025-03-10,1015.5,1000.2786427252756
2025-03-18,2025-03-11,1012.75,997.7900775419724
2025-03-19,2025-03-12,1008.25,988.8361855258579
2025-03-20,2025-03-13,1013.0,998.0894786859654
2025-03-21,2025-03-14,1009.75,1000.1573762849378
2025-03-24,2025-03-17,1007.25,1015.3093149531982
2025-03-25,2025-03-18,1001.75,1012.5113381338064
2025-03-26,2025-03-19,1001.0,1008.1510473427553
2025-03-27,2025-03-20,1016.75,1012.722952110208
2025-03-28,2025-03-21,1023.0,1010.0804564906132
2025-03-31,2025-03-24,1014.75,1008.3187451903555
2025-04-01,2025-03-25,1034.25,1002.8417746007226
2025-04-02,2025-03-26,1029.5,1002.0301265987277
2025-04-03,2025-03-27,1011.5,1016.9691292485986
2025-04-04,2025-03-28,977.0,1022.9141552163154
2025-04-07,2025-03-31,983.0,1015.1557819274758
2025-04-08,2025-04-01,992.75,1033.078007471884
2025-04-09,2025-04-02,1012.75,1028.8917956881542
2025-04-10,2025-04-03,1029.0,1012.8291065943921
2025-04-11,2025-04-04,1042.75,979.8746006760157
2025-04-14,2025-04-07,1041.75,985.185175715445
2025-04-15,2025-04-08,1036.0,994.950686525151
2025-04-16,2025-04-09,1038.75,1013.92696359416
2025-04-17,2025-04-10,1036.5,1028.1592323433874
2025-04-21,2025-04-11,1029.5,1040.1253414977239
2025-04-22,2025-04-14,1035.0,1039.599489122992
2025-04-23,2025-04-15,1040.25,1034.824417139967
2025-04-24,2025-04-16,1053.0,1038.2016572282419
2025-04-25,2025-04-17,1049.75,1036.899919523017
2025-04-28,2025-04-21,1052.0,1030.8483340887653
2025-04-29,2025-04-22,1041.0,1035.7786797267436
2025-04-30,2025-04-23,1034.75,1040.58718166105
2025-05-01,2025-04-24,1040.25,1052.840678815781
2025-05-02,2025-04-25,1048.75,1049.6646990345562
2025-05-05,2025-04-28,1038.0,1051.6449937179655
2025-05-06,2025-04-29,1034.75,1041.4068301602285
2025-05-07,2025-04-30,1030.5,1035.8888656256909
2025-05-08,2025-05-01,1036.75,1041.284876519565
2025-05-09,2025-05-02,1044.0,1049.3556327532683
2025-05-12,2025-05-05,1066.0,1039.3134814778628
2025-05-13,2025-05-06,1067.25,1035.7135496924311
2025-05-14,2025-05-07,1067.0,1031.364921707141
2025-05-15,2025-05-08,1051.25,1037.660681678844
2025-05-16,2025-05-09,1050.0,1044.6481950491846
2025-05-19,2025-05-12,1050.75,1065.0557912603958
2025-05-20,2025-05-13,1053.0,1066.2117833875975
2025-05-21,2025-05-14,1062.75,1066.0558883052086
2025-05-22,2025-05-15,1067.5,1051.3571972770796
2025-05-23,2025-05-16,1060.25,1050.6907636919664
2025-05-27,2025-05-19,1062.5,1052.0593585800593
2025-05-28,2025-05-20,1048.5,1054.4027616798949
2025-05-29,2025-05-21,1051.75,1063.3254445544812
2025-05-30,2025-05-22,1041.75,1067.2973725782433
2025-06-02,2025-05-23,1033.5,1060.5490771742748
2025-06-03,2025-05-27,1040.75,1062.5945778057767
2025-06-04,2025-05-28,1045.0,1049.5792957710003
2025-06-05,2025-05-29,1051.75,1053.057584555942
2025-06-06,2025-05-30,1057.25,1043.5552174924849
2025-06-09,2025-06-02,1056.0,1035.6774037050156
2025-06-10,2025-06-03,1057.75,1042.135184429874
2025-06-11,2025-06-04,1050.5,1045.8077939666498
2025-06-12,2025-06-05,1042.25,1052.2999445132914
2025-06-13,2025-06-06,1069.75,1056.959784598079
2025-06-16,2025-06-09,1069.75,1055.6768244817472
2025-06-17,2025-06-10,1074.0,1057.625339548144
2025-06-18,2025-06-11,1074.75,1051.0318652341189
2025-06-20,2025-06-12,1068.0,1043.5848810586526
2025-06-23,2025-06-13,1058.75,1069.459330857052
2025-06-24,2025-06-16,1046.75,1069.697394279783
2025-06-25,2025-06-17,1025.25,1073.9620818951894
2025-06-26,2025-06-18,1022.75,1073.952361921044
2025-06-27,2025-06-20,1027.75,1067.870126080231
2025-06-30,2025-06-23,1024.25,1060.0711104131376
2025-07-01,2025-06-24,1024.75,1048.709141937281
2025-07-02,2025-06-25,1050.5,1028.5119348880412
2025-07-03,2025-06-26,1056.25,1025.8796663913063
2025-07-07,2025-06-27,1031.75,1030.1191653750634
2025-07-08,2025-06-30,1024.25,1026.5529857259173
2025-07-09,2025-07-01,1012.25,1026.2493657702648
2025-07-10,2025-07-02,1012.5,1049.5441611916867
2025-07-11,2025-07-03,1004.0,1055.215636892969
2025-07-14,2025-07-07,997.0,1032.5827336927766
2025-07-15,2025-07-08,995.0,1024.940399643724
2025-07-16,2025-07-09,1013.5,1013.808585569451
2025-07-17,2025-07-10,1021.5,1015.1791060157892
2025-07-18,2025-07-11,1027.75,1006.9102140926473
2025-07-21,2025-07-14,1015.0,999.3938615152432
2025-07-22,2025-07-15,1010.25,996.8870320206966
2025-07-23,2025-07-16,1005.75,1013.8682073699507
2025-07-24,2025-07-17,1004.25,1021.4491355028566
2025-07-25,2025-07-18,998.75,1027.1293656393318
2025-07-28,2025-07-21,988.75,1014.7677559990992
2025-07-29,2025-07-22,981.75,1010.4428547185576
2025-07-30,2025-07-23,967.75,1006.8155838364771
2025-07-31,2025-07-24,961.75,1005.8763155272363
2025-08-01,2025-07-25,961.75,1000.6922319955291
2025-08-04,2025-07-28,969.0,990.7356160162179
2025-08-05,2025-07-29,969.0,983.782766979293
2025-08-06,2025-07-30,961.5,970.334739902163
2025-08-07,2025-07-31,971.75,964.4688027249142
2025-08-08,2025-08-01,966.75,963.9968850030821
2025-08-11,2025-08-04,989.5,970.4407959972046
2025-08-12,2025-08-05,1011.75,970.0581868369541
2025-08-13,2025-08-06,1023.5,962.3962807688603
2025-08-14,2025-08-07,1008.5,971.6703602801607
2025-08-15,2025-08-08,1022.25,967.1220729205088
2025-08-18,2025-08-11,1020.75,988.9044402346315
2025-08-19,2025-08-12,1013.0,1009.652624782673
2025-08-20,2025-08-13,1015.0,1021.0313939970915
2025-08-21,2025-08-14,1034.5,1007.2740665316765
2025-08-22,2025-08-15,1036.5,1020.1521536696843
2025-08-25,2025-08-18,1025.5,1019.8729173285121
2025-08-26,2025-08-19,1028.75,1013.9171797548073
2025-08-27,2025-08-20,1027.25,1015.7100296485576
2025-08-28,2025-08-21,1028.25,1033.7075000922991
2025-08-29,2025-08-22,1036.75,1036.331080710844
2025-09-02,2025-08-25,1025.75,1025.9564932311705
2025-09-03,2025-08-26,1016.0,1028.4697480314856
2025-09-04,2025-08-27,1012.0,1027.4071028734043
2025-09-05,2025-08-28,1006.5,1029.2401887998099
2025-09-08,2025-08-29,1013.5,1037.0546235474335
2025-09-09,2025-09-02,1011.5,1026.4670217120436
2025-09-10,2025-09-03,1005.5,1017.3629512801326
2025-09-11,2025-09-04,1015.25,1013.2953702580123
2025-09-12,2025-09-05,1025.75,1008.3543493786467
2025-09-15,2025-09-08,1042.75,1015.083090000585
2025-09-16,2025-09-09,1049.75,1012.6759290220749
2025-09-17,2025-09-10,1043.75,1006.7144949973568
2025-09-18,2025-09-11,1037.5,1015.4892590207229
2025-09-19,2025-09-12,1025.5,1025.3285886678614
2025-09-22,2025-09-15,1011.0,1041.7611604353206
2025-09-23,2025-09-16,1012.0,1048.251427007063
2025-09-24,2025-09-17,1009.0,1042.6615123898946
2025-09-25,2025-09-18,1012.25,1037.1757409693746
2025-09-26,2025-09-19,1013.75,1026.4185837077712
2025-09-29,2025-09-22,1010.5,1013.4328697176666
2025-09-30,2025-09-23,1001.75,1014.3697521594057
2025-10-01,2025-09-24,1013.0,1011.234244988263
2025-10-02,2025-09-25,1023.75,1014.0064901395353
2025-10-03,2025-09-26,1018.0,1014.7034608738504
2025-10-06,2025-09-29,1017.75,1011.2122962068203
2025-10-07,2025-09-30,1022.0,1002.9132857701893
2025-10-08,2025-10-01,1029.5,1013.330109746985
2025-10-09,2025-10-02,1022.25,1023.6282557350147
2025-10-10,2025-10-03,1006.75,1018.5066373557996
2025-10-13,2025-10-06,1007.75,1017.9076003227691
2025-10-14,2025-10-07,1006.5,1021.6111789521647
2025-10-15,2025-10-08,1006.5,1029.376940944508
2025-10-16,2025-10-09,1010.75,1022.9494363586952
2025-10-17,2025-10-10,1019.5,1008.121444524736
2025-10-20,2025-10-13,1031.75,1008.868887464508
2025-10-21,2025-10-14,1030.75,1007.9374792026189
2025-10-22,2025-10-15,1034.75,1008.2515839302932
2025-10-23,2025-10-16,1044.75,1011.6740021364819
2025-10-24,2025-10-17,1041.75,1019.393386216461
2025-10-27,2025-10-20,1067.25,1031.01585251207
2025-10-28,2025-10-21,1078.25,1030.1508745496049
2025-10-29,2025-10-22,1080.25,1033.9892862014644
2025-10-30,2025-10-23,1091.25,1043.5831907724132
2025-10-31,2025-10-24,1099.75,1041.4536984785423
2025-11-03,2025-10-27,1119.75,1065.8577909139744
2025-11-04,2025-10-28,1108.25,1076.2618683180158
2025-11-05,2025-10-29,1119.75,1078.8386149004766
2025-11-06,2025-10-30,1091.75,1089.294281332112
2025-11-07,2025-10-31,1101.75,1097.6191980904355
2025-11-10,2025-11-03,1116.0,1117.7141302563793
2025-11-11,2025-11-04,1113.25,1107.577479482662
2025-11-12,2025-11-05,1120.5,1118.6672719171768
2025-11-13,2025-11-06,1132.0,1092.6268500337962
2025-11-14,2025-11-07,1112.75,1102.7593985266856
2025-11-17,2025-11-10,1157.25,1116.3849346424963
2025-11-18,2025-11-11,1153.5,1114.1163372815222
2025-11-19,2025-11-12,1136.25,1120.823922434523
2025-11-20,2025-11-13,1122.5,1130.6510242785696
2025-11-21,2025-11-14,1125.0,1113.356184046938
2025-11-24,2025-11-17,1123.25,1155.5733846600738
2025-11-25,2025-11-18,1124.75,1152.0917169486188
2025-11-26,2025-11-19,1131.5,1136.9474018290348
2025-11-28,2025-11-20,1137.75,1123.377668912502
2025-12-01,2025-11-21,1128.0,1125.64514446752
2025-12-02,2025-11-24,1124.75,1125.6336875347292
2025-12-03,2025-11-25,1115.75,1126.773787030116
2025-12-04,2025-11-26,1119.5,1132.2262841556312
2025-12-05,2025-11-28,1105.25,1137.7370687241164
2025-12-08,2025-12-01,1093.75,1128.7023678901965
2025-12-09,2025-12-02,1087.25,1125.5106989037017
2025-12-10,2025-12-03,1091.25,1117.0301819921956
2025-12-11,2025-12-04,1093.5,1120.956248201061
2025-12-12,2025-12-05,1076.75,1107.5717251106096
2025-12-15,2025-12-08,1071.75,1096.357449809253
2025-12-16,2025-12-09,1062.75,1089.699019187984
2025-12-17,2025-12-10,1058.25,1093.2293758651313
2025-12-18,2025-12-11,1052.25,1095.328131310033
2025-12-19,2025-12-12,1049.25,1078.9619698043448
2025-12-22,2025-12-15,1053.25,1073.5650330431324
2025-12-23,2025-12-16,1051.5,1064.7230473403297
2025-12-24,2025-12-17,1063.25,1060.7462236687797
2025-12-26,2025-12-18,1058.75,1054.8108479313591
2025-12-29,2025-12-19,1049.5,1051.3188675286046
2025-12-30,2025-12-22,1046.25,1054.7168043400407
2025-12-31,2025-12-23,1030.5,1052.7379178153603
2026-01-02,2025-12-24,1029.5,1063.5711973696707
2026-01-05,2025-12-26,1047.25,1059.0934679173447
2026-01-06,2025-12-29,1042.0,1050.4461236678744
2026-01-07,2025-12-30,1052.75,1047.2530835470764
2026-01-08,2025-12-31,1047.0,1032.5272730611696
2026-01-09,2026-01-02,1048.5,1031.876111707605
2026-01-12,2026-01-05,1033.0,1048.1481697880988
2026-01-13,2026-01-06,1023.25,1043.0671215285456
2026-01-14,2026-01-07,1030.5,1052.8961561001527
2026-01-15,2026-01-08,1053.0,1046.7158421866877
2026-01-16,2026-01-09,1057.75,1048.5360448360998
2026-01-20,2026-01-12,1053.0,1034.3280476945165
2026-01-21,2026-01-13,1064.5,1025.1144038097016
2026-01-22,2026-01-14,1064.0,1031.9975190961056
2026-01-23,2026-01-15,1067.75,1053.156630523802
2026-01-26,2026-01-16,1061.75,1057.7447449498034
2026-01-27,2026-01-20,1067.25,1052.6655362639337
2026-01-28,2026-01-21,1075.0,1062.9825413815126
2026-01-29,2026-01-22,1072.25,1063.2046951995542
2026-01-30,2026-01-23,1064.25,1067.807120517979
2026-02-02,2026-01-26,1060.25,1062.1327554411023
2026-02-03,2026-01-27,1065.75,1067.3423885523603
2026-02-04,2026-01-28,1092.25,1074.9903993082344
2026-02-05,2026-01-29,1112.25,1072.635235494534
2026-02-06,2026-01-30,1115.25,1065.1089838058317
2026-02-09,2026-02-02,1110.75,1061.052848113571
2026-02-10,2026-02-03,1122.5,1066.506145296121
2026-02-11,2026-02-04,1124.0,1091.7721428257548
2026-02-12,2026-02-05,1137.25,1110.6482441616545
2026-02-13,2026-02-06,1133.0,1113.4048427707594
2026-02-17,2026-02-09,1134.0,1109.0228718367782
2026-02-18,2026-02-10,1133.5,1120.5410862481808
2026-02-19,2026-02-11,1141.0,1123.340783291514
2026-02-20,2026-02-12,1137.5,1136.7608708251917
2026-02-23,2026-02-13,1134.25,1132.7631135610686
2026-02-24,2026-02-17,1139.5,1133.8298013028716
2026-02-25,2026-02-18,1148.25,1133.6380197632097
2026-02-26,2026-02-19,1147.75,1141.0512295968592
2026-02-27,2026-02-20,1157.25,1138.199889504719
2026-03-02,2026-02-23,1150.0,1135.0521543298019
2026-03-03,2026-02-24,1155.75,1139.8792752275808
2026-03-04,2026-02-25,1154.5,1148.2832953731659
2026-03-05,2026-02-26,1163.75,1148.1679660400432
2026-03-06,2026-02-27,1185.0,1156.925285586994
2026-03-09,2026-03-02,1180.5,1150.0526777367957
2026-03-10,2026-03-03,1187.25,1155.8550010270928
2026-03-11,2026-03-04,1200.5,1154.8591131376952
2026-03-12,2026-03-05,1213.0,1163.845928918202
2026-03-13,2026-03-06,1211.0,1184.0245554537519
2026-03-16,2026-03-09,1155.25,1179.9626300441273
2026-03-17,2026-03-10,1157.0,1186.5434980189916
2026-03-18,2026-03-11,1161.75,1198.8951699731383
2026-03-19,2026-03-12,1168.5,1211.6029329696316
2026-03-20,2026-03-13,1161.25,1210.5510858381354
2026-03-23,2026-03-16,1163.5,1157.9392123745256
2026-03-24,2026-03-17,1155.0,1159.5140791784368
2026-03-25,2026-03-18,1171.75,1164.2425780755384
2026-03-26,2026-03-19,1173.75,1171.6875496938123
2026-03-27,2026-03-20,1159.25,1163.8277446536956
2026-03-30,2026-03-23,1159.75,1163.9639475130452
2026-03-31,2026-03-24,1171.0,1155.9881402562044
2026-04-01,2026-03-25,1168.5,1172.0967774038752
2026-04-02,2026-03-26,1163.5,1174.1108004249459
2026-04-06,2026-03-27,1166.75,1160.4939313061604
2026-04-07,2026-03-30,1158.25,1160.6086999559238
2026-04-08,2026-03-31,1162.0,1171.0611108670057
2026-04-09,2026-04-01,1165.25,1169.6014746746243
2026-04-10,2026-04-02,1175.75,1164.7665959197982
2026-04-13,2026-04-06,1162.25,1167.1303128963805
2026-04-14,2026-04-07,1158.0,1159.3612466661084
2026-04-15,2026-04-08,1167.0,1163.2548414902728
2026-04-16,2026-04-09,1163.75,1166.0492424424829
2026-04-17,2026-04-10,1167.25,1175.9656346174038
2026-04-20,2026-04-13,1165.75,1163.283327208926
2026-04-21,2026-04-14,1174.5,1159.0095631048164
2026-04-22,2026-04-15,1164.5,1167.4054743371898
2026-04-23,2026-04-16,1159.75,1164.8275489312916
2026-04-24,2026-04-17,1163.75,1168.3565756594628
2026-04-27,2026-04-20,1177.25,1166.2830245359319
2026-04-28,2026-04-21,1173.0,1174.5867741877737
2026-04-29,2026-04-22,1182.25,1165.4488494876643
2026-04-30,2026-04-23,1182.0,1160.9477824147668
2026-05-01,2026-04-24,1187.75,1164.5895635834013
2026-05-04,2026-04-27,1207.5,1177.4980008697485
2026-05-05,2026-04-28,1195.75,1173.8166034716262
2026-05-06,2026-04-29,1179.0,1182.1241370407502
2026-05-07,2026-04-30,1177.0,1181.6694271687034
2026-05-08,2026-05-01,1194.25,1187.602416360125
2026-05-11,2026-05-04,1199.75,1206.5230280510973
2026-05-12,2026-05-05,1213.5,1195.6914546916523
2026-05-13,2026-05-06,1215.25,1180.2836057223767
2026-05-14,2026-05-07,1174.5,1178.068708353625
2026-05-15,2026-05-08,1177.0,1194.8191322789553
2026-05-18,2026-05-11,1213.0,1200.7802306540566
2026-05-19,2026-05-12,1209.5,1213.215791060527
2026-05-20,2026-05-13,1199.75,1214.1747822932446
2026-05-21,2026-05-14,1194.25,1176.1613654223734
2026-05-22,2026-05-15,1196.5,1178.7971480667775
2026-05-26,2026-05-18,1186.0,1212.738489858184
2026-05-27,2026-05-19,1185.25,1210.713835131086
2026-05-28,2026-05-20,1194.5,1201.1366212971416
2026-05-29,2026-05-21,1186.75,1194.0550014763057
2026-06-01,2026-05-22,1180.75,1196.8214454828783
2026-06-02,2026-05-26,1165.25,1188.2219471385622
2026-06-03,2026-05-27,1154.0,1187.2226864901386
2026-06-04,2026-05-28,1129.5,1195.3622206384966
2026-06-05,2026-05-29,1121.5,1188.0884289767307
2026-06-08,2026-06-01,1115.75,1182.3659773698441
2026-06-09,2026-06-02,1113.75,1167.1684010585302
2026-06-10,2026-06-03,1123.0,1156.6190903695983
2026-06-11,2026-06-04,1115.0,1133.5305677772426
2026-06-12,2026-06-05,1113.5,1125.4967700170073
2026-06-15,2026-06-08,1119.25,1119.369922036523
2026-06-16,2026-06-09,1130.0,1116.9078231114859
2026-06-17,2026-06-10,1132.0,1124.828260517919
2026-06-18,2026-06-11,1122.75,1116.4061222507262
2026-06-22,2026-06-12,1115.75,1114.6699643465972
2026-06-23,2026-06-15,1117.0,1119.6509947958416
2026-06-24,2026-06-16,1108.75,1129.9713655034054
2026-06-25,2026-06-17,1127.5,1132.1905962024393
2026-06-26,2026-06-18,1126.25,1123.2343224448107
2026-06-29,2026-06-22,1108.75,1116.5350564176094
2026-06-30,2026-06-23,1116.75,1117.9431179324527
2026-07-01,2026-06-24,1126.25,1110.623896001321
2026-07-02,2026-06-25,1131.75,1128.2179382039537
2026-07-06,2026-06-26,1182.25,1126.6218295568212
2026-07-07,2026-06-29,1196.75,1110.1940527395625
2026-07-08,2026-06-30,1195.0,1117.284393963844
2026-07-09,2026-07-01,1179.75,1126.1551358949027
2026-07-10,2026-07-02,1196.5,1132.3195205307447
2026-07-13,2026-07-06,1202.0,1179.453709244785
2026-07-14,2026-07-07,1207.25,1192.857853835959
2026-07-15,2026-07-08,1202.25,1192.2640894680655
2026-07-16,2026-07-09,1195.0,1177.9940862479802
2026-07-17,2026-07-10,1204.5,1194.5980192708344
2026-07-20,2026-07-13,1226.0,1201.858096456161
2026-07-21,2026-07-14,1219.5,1207.659896551906
2026-07-22,2026-07-15,1233.0,1202.5192678915841
2026-07-23,2026-07-16,1237.5,1195.426165315896
2026-07-24,2026-07-17,1248.0,1204.9064823397416
2026-07-27,2026-07-20,1208.5,1225.4572691913907
2026-07-28,2026-07-21,1212.0,1219.763508533184
2026-07-29,2026-07-22,1178.0,1232.2121225444782
2026-07-30,2026-07-23,1177.25,1236.140800086377
2026-07-31,2026-07-24,1172.0,1246.9953099066909
2026-08-03,2026-07-27,1168.75,1210.4600157975324
2026-08-04,2026-07-28,1155.0,1213.572374884758
2026-08-05,2026-07-29,1151.5,1181.601660223525
2026-08-06,2026-07-30,1157.25,1181.4531180194858
2026-08-07,2026-07-31,1156.5,1175.773638581809
2026-08-10,2026-08-03,1180.5,1171.7520000212357
