target_date,origin_date,actual,point,q05,q10,q25,q50,q75,q90,q95
2015-01-02,2014-12-01,2.8385,2.9600234031677246,2.774524450302124,2.774524450302124,2.8662943840026855,2.9600234031677246,3.0501465797424316,3.129305124282837,3.129305124282837
2015-01-05,2014-12-02,2.793,2.938002824783325,2.7635467052459717,2.7635467052459717,2.8490917682647705,2.938002824783325,3.0244884490966797,3.100672960281372,3.100672960281372
2015-01-06,2014-12-03,2.804,2.9004156589508057,2.721467971801758,2.721467971801758,2.80888032913208,2.9004156589508057,2.9906835556030273,3.071418523788452,3.071418523788452
2015-01-07,2014-12-04,2.796,2.9179790019989014,2.7462849617004395,2.7462849617004395,2.8296573162078857,2.9179790019989014,3.006204128265381,3.0867867469787598,3.0867867469787598
2015-01-08,2014-12-05,2.807,2.9022293090820312,2.7302703857421875,2.7302703857421875,2.8137145042419434,2.9022293090820312,2.9913272857666016,3.0733089447021484,3.0733089447021484
2015-01-09,2014-12-08,2.7905,2.901177406311035,2.7313456535339355,2.7313456535339355,2.8137383460998535,2.901177406311035,2.9892477989196777,3.070667266845703,3.070667266845703
2015-01-12,2014-12-09,2.763,2.955144166946411,2.793710708618164,2.793710708618164,2.871297836303711,2.955144166946411,3.0392041206359863,3.1166329383850098,3.1166329383850098
2015-01-13,2014-12-10,2.679,2.8858346939086914,2.711003303527832,2.711003303527832,2.7961044311523438,2.8858346939086914,2.9770359992980957,3.060774803161621,3.060774803161621
2015-01-14,2014-12-11,2.553,2.8935019969940186,2.7228291034698486,2.7228291034698486,2.80558180809021,2.8935019969940186,2.9832870960235596,3.0661227703094482,3.0661227703094482
2015-01-15,2014-12-12,2.611,2.9255099296569824,2.75730299949646,2.75730299949646,2.83945894241333,2.9255099296569824,3.013380527496338,3.0945374965667725,3.0945374965667725
2015-01-16,2014-12-15,2.654,2.9142842292785645,2.740612030029297,2.740612030029297,2.8260936737060547,2.9142842292785645,3.0030057430267334,3.083963394165039,3.083963394165039
2015-01-20,2014-12-16,2.6155,2.9474048614501953,2.7729251384735107,2.7729251384735107,2.858896255493164,2.9474048614501953,3.034402847290039,3.112173557281494,3.112173557281494
2015-01-21,2014-12-17,2.615,2.936661958694458,2.7663118839263916,2.7663118839263916,2.8496932983398438,2.936661958694458,3.0242419242858887,3.1034624576568604,3.1034624576568604
2015-01-22,2014-12-18,2.6005,2.9169015884399414,2.747299909591675,2.747299909591675,2.829491376876831,2.9169015884399414,3.0054163932800293,3.084846258163452,3.084846258163452
2015-01-23,2014-12-19,2.5375,2.935263156890869,2.7738988399505615,2.7738988399505615,2.851252555847168,2.935263156890869,3.0211477279663086,3.0996174812316895,3.0996174812316895
2015-01-26,2014-12-22,2.5735,2.898365020751953,2.7393362522125244,2.7393362522125244,2.814690589904785,2.898365020751953,2.9857091903686523,3.0665087699890137,3.0665087699890137
2015-01-27,2014-12-23,2.5135,2.912778377532959,2.746988296508789,2.746988296508789,2.8259153366088867,2.912778377532959,3.0031962394714355,3.086383819580078,3.086383819580078
2015-01-28,2014-12-24,2.5215,2.886136531829834,2.7298693656921387,2.7298693656921387,2.803774118423462,2.886136531829834,2.972245216369629,3.0522069931030273,3.0522069931030273
2015-01-29,2014-12-26,2.4705,2.809967279434204,2.6499977111816406,2.6499977111816406,2.7257728576660156,2.809967279434204,2.8963208198547363,2.9767279624938965,2.9767279624938965
2015-01-30,2014-12-29,2.528,2.8032541275024414,2.6471948623657227,2.6471948623657227,2.7208633422851562,2.8032541275024414,2.8894331455230713,2.9695398807525635,2.9695398807525635
2015-02-02,2014-12-30,2.511,2.817326784133911,2.662299633026123,2.662299633026123,2.735271453857422,2.817326784133911,2.902979850769043,2.982027053833008,2.982027053833008
2015-02-03,2014-12-31,2.6,2.8126537799835205,2.657835006713867,2.657835006713867,2.7308051586151123,2.8126537799835205,2.898428440093994,2.9776313304901123,2.9776313304901123
2015-02-04,2015-01-02,2.612,2.8230950832366943,2.6651434898376465,2.6651434898376465,2.739391803741455,2.8230950832366943,2.910269260406494,2.990220546722412,2.990220546722412
2015-02-05,2015-01-05,2.612,2.7181155681610107,2.5561184883117676,2.5561184883117676,2.6336662769317627,2.7181155681610107,2.803767204284668,2.881765365600586,2.881765365600586
2015-02-06,2015-01-06,2.603,2.7102303504943848,2.5568385124206543,2.5568385124206543,2.6303253173828125,2.7102303504943848,2.7931113243103027,2.86940860748291,2.86940860748291
2015-02-09,2015-01-07,2.599,2.725433349609375,2.572065591812134,2.572065591812134,2.6455345153808594,2.725433349609375,2.810187816619873,2.888979196548462,2.888979196548462
2015-02-10,2015-01-08,2.5625,2.7306900024414062,2.577975034713745,2.577975034713745,2.6513290405273438,2.7306900024414062,2.8152079582214355,2.894273042678833,2.894273042678833
2015-02-11,2015-01-09,2.5525,2.7312073707580566,2.576192855834961,2.576192855834961,2.6513266563415527,2.7312073707580566,2.816667079925537,2.8965392112731934,2.8965392112731934
2015-02-12,2015-01-12,2.609,2.694389820098877,2.540158748626709,2.540158748626709,2.615389347076416,2.694389820098877,2.7763423919677734,2.85351824760437,2.85351824760437
2015-02-13,2015-01-13,2.6135,2.6446452140808105,2.4803385734558105,2.4803385734558105,2.560405969619751,2.6446452140808105,2.725127935409546,2.798402786254883,2.798402786254883
2015-02-17,2015-01-14,2.5945,2.580982208251953,2.405333995819092,2.405333995819092,2.491189956665039,2.580982208251953,2.662863254547119,2.7351901531219482,2.7351901531219482
2015-02-18,2015-01-15,2.6395,2.6216275691986084,2.473207950592041,2.473207950592041,2.54649019241333,2.6216275691986084,2.693580389022827,2.759281873703003,2.759281873703003
2015-02-19,2015-01-16,2.6415,2.6285195350646973,2.4892358779907227,2.4892358779907227,2.557833433151245,2.6285195350646973,2.6969308853149414,2.760622501373291,2.760622501373291
2015-02-20,2015-01-20,2.6105,2.6145308017730713,2.4781107902526855,2.4781107902526855,2.5453901290893555,2.6145308017730713,2.679210901260376,2.7388360500335693,2.7388360500335693
2015-02-23,2015-01-21,2.6395,2.6128740310668945,2.4769933223724365,2.4769933223724365,2.5445008277893066,2.6128740310668945,2.676391124725342,2.735421657562256,2.735421657562256
2015-02-24,2015-01-22,2.7115,2.612461566925049,2.48087215423584,2.48087215423584,2.5465545654296875,2.612461566925049,2.675753116607666,2.736459255218506,2.736459255218506
2015-02-25,2015-01-23,2.7075,2.583008289337158,2.43929386138916,2.43929386138916,2.5112991333007812,2.583008289337158,2.6489005088806152,2.7105696201324463,2.7105696201324463
2015-02-26,2015-01-26,2.714,2.596186637878418,2.457296371459961,2.457296371459961,2.52587890625,2.596186637878418,2.6646227836608887,2.7296650409698486,2.7296650409698486
2015-02-27,2015-01-27,2.716,2.5840983390808105,2.437504291534424,2.437504291534424,2.510071277618408,2.5840983390808105,2.655414581298828,2.7221944332122803,2.7221944332122803
2015-03-02,2015-01-28,2.711,2.570948362350464,2.4333701133728027,2.4333701133728027,2.5016517639160156,2.570948362350464,2.6362857818603516,2.6970460414886475,2.6970460414886475
2015-03-03,2015-01-29,2.6735,2.531520366668701,2.3897817134857178,2.3897817134857178,2.460520029067993,2.531520366668701,2.5963354110717773,2.6556835174560547,2.6556835174560547
2015-03-04,2015-01-30,2.677,2.555868625640869,2.4284873008728027,2.4284873008728027,2.491034984588623,2.555868625640869,2.6190671920776367,2.6790552139282227,2.6790552139282227
2015-03-05,2015-02-02,2.672,2.5523409843444824,2.4260334968566895,2.4260334968566895,2.4880576133728027,2.5523409843444824,2.6163551807403564,2.67814040184021,2.67814040184021
2015-03-06,2015-02-03,2.629,2.5910377502441406,2.462620973587036,2.462620973587036,2.5250744819641113,2.5910377502441406,2.66058349609375,2.7278034687042236,2.7278034687042236
2015-03-09,2015-02-04,2.687,2.5995209217071533,2.474980592727661,2.474980592727661,2.535325527191162,2.5995209217071533,2.667095184326172,2.7313530445098877,2.7313530445098877
2015-03-10,2015-02-05,2.635,2.603917121887207,2.483424663543701,2.483424663543701,2.5424957275390625,2.603917121887207,2.6670289039611816,2.7254843711853027,2.7254843711853027
2015-03-11,2015-02-06,2.6225,2.5878543853759766,2.464949607849121,2.464949607849121,2.5252795219421387,2.5878543853759766,2.651329517364502,2.7100133895874023,2.7100133895874023
2015-03-12,2015-02-09,2.6745,2.6100845336914062,2.492924690246582,2.492924690246582,2.5501723289489746,2.6100845336914062,2.671562910079956,2.7268900871276855,2.7268900871276855
2015-03-13,2015-02-10,2.6785,2.5929744243621826,2.4767370223999023,2.4767370223999023,2.5340023040771484,2.5929744243621826,2.650996208190918,2.7029199600219727,2.7029199600219727
2015-03-16,2015-02-11,2.6775,2.58866024017334,2.4739112854003906,2.4739112854003906,2.5305614471435547,2.58866024017334,2.6463632583618164,2.6974246501922607,2.6974246501922607
2015-03-17,2015-02-12,2.6415,2.625804901123047,2.5094668865203857,2.5094668865203857,2.5662479400634766,2.625804901123047,2.6883883476257324,2.7437469959259033,2.7437469959259033
2015-03-18,2015-02-13,2.587,2.6440322399139404,2.5240492820739746,2.5240492820739746,2.5822558403015137,2.6440322399139404,2.709444999694824,2.7678334712982178,2.7678334712982178
2015-03-19,2015-02-17,2.6745,2.628833770751953,2.507317304611206,2.507317304611206,2.56679105758667,2.628833770751953,2.692990779876709,2.7503676414489746,2.7503676414489746
2015-03-20,2015-02-18,2.775,2.6705451011657715,2.5387954711914062,2.5387954711914062,2.6016416549682617,2.6705451011657715,2.7442829608917236,2.8106555938720703,2.8106555938720703
2015-03-23,2015-02-19,2.808,2.6936488151550293,2.5606229305267334,2.5606229305267334,2.624424695968628,2.6936488151550293,2.7667124271392822,2.8319034576416016,2.8319034576416016
2015-03-24,2015-02-20,2.815,2.675137996673584,2.5487329959869385,2.5487329959869385,2.609931468963623,2.675137996673584,2.7429277896881104,2.8044373989105225,2.8044373989105225
2015-03-25,2015-02-23,2.805,2.671675682067871,2.5491602420806885,2.5491602420806885,2.6087074279785156,2.671675682067871,2.7376420497894287,2.7983298301696777,2.7983298301696777
2015-03-26,2015-02-24,2.8215,2.709991455078125,2.5692474842071533,2.5692474842071533,2.6355719566345215,2.709991455078125,2.789125919342041,2.8602147102355957,2.8602147102355957
2015-03-27,2015-02-25,2.775,2.7189974784851074,2.5830986499786377,2.5830986499786377,2.646693706512451,2.7189974784851074,2.7957096099853516,2.86515212059021,2.86515212059021
2015-03-30,2015-02-26,2.7875,2.7336580753326416,2.6030428409576416,2.6030428409576416,2.6644911766052246,2.7336580753326416,2.8063642978668213,2.872476816177368,2.872476816177368
2015-03-31,2015-02-27,2.747,2.7416019439697266,2.611192226409912,2.611192226409912,2.672820568084717,2.7416019439697266,2.8133881092071533,2.877849817276001,2.877849817276001
2015-04-01,2015-03-02,2.7565,2.756744146347046,2.6332032680511475,2.6332032680511475,2.691791534423828,2.756744146347046,2.8240280151367188,2.8839917182922363,2.8839917182922363
2015-04-02,2015-03-03,2.748,2.737575054168701,2.608433961868286,2.608433961868286,2.669930934906006,2.737575054168701,2.806816577911377,2.8691253662109375,2.8691253662109375
2015-04-06,2015-03-04,2.732,2.740062713623047,2.611351490020752,2.611351490020752,2.6725287437438965,2.740062713623047,2.808467388153076,2.8694682121276855,2.8694682121276855
2015-04-07,2015-03-05,2.777,2.735227108001709,2.6160662174224854,2.6160662174224854,2.6730284690856934,2.735227108001709,2.797212600708008,2.8524014949798584,2.8524014949798584
2015-04-08,2015-03-06,2.7485,2.7161662578582764,2.5962839126586914,2.5962839126586914,2.6540634632110596,2.7161662578582764,2.7770729064941406,2.8305211067199707,2.8305211067199707
2015-04-09,2015-03-09,2.745,2.747290849685669,2.6251063346862793,2.6251063346862793,2.6836483478546143,2.747290849685669,2.8110008239746094,2.866881847381592,2.866881847381592
2015-04-10,2015-03-10,2.7505,2.718533754348755,2.5944876670837402,2.5944876670837402,2.6541852951049805,2.718533754348755,2.7827181816101074,2.839348077774048,2.839348077774048
2015-04-13,2015-03-11,2.737,2.684171438217163,2.5596346855163574,2.5596346855163574,2.620319128036499,2.684171438217163,2.7474148273468018,2.8040077686309814,2.8040077686309814
2015-04-14,2015-03-12,2.7195,2.702139377593994,2.567938804626465,2.567938804626465,2.6324706077575684,2.702139377593994,2.7733826637268066,2.837209939956665,2.837209939956665
2015-04-15,2015-03-13,2.7295,2.7131266593933105,2.5771100521087646,2.5771100521087646,2.643043041229248,2.7131266593933105,2.78401255607605,2.8477351665496826,2.8477351665496826
2015-04-16,2015-03-16,2.7855,2.6852760314941406,2.55484676361084,2.55484676361084,2.6178131103515625,2.6852760314941406,2.7533774375915527,2.81534743309021,2.81534743309021
2015-04-17,2015-03-17,2.7835,2.6261744499206543,2.507061243057251,2.507061243057251,2.565500497817993,2.6261744499206543,2.6872329711914062,2.744206190109253,2.744206190109253
2015-04-20,2015-03-18,2.7355,2.6108388900756836,2.481199264526367,2.481199264526367,2.544621229171753,2.6108388900756836,2.6772499084472656,2.737365961074829,2.737365961074829
2015-04-21,2015-03-19,2.705,2.656582832336426,2.5288894176483154,2.5288894176483154,2.5900027751922607,2.656582832336426,2.7246952056884766,2.7877187728881836,2.7877187728881836
2015-04-22,2015-03-20,2.6695,2.75429105758667,2.6058831214904785,2.6058831214904785,2.676997184753418,2.75429105758667,2.8339147567749023,2.9060182571411133,2.9060182571411133
2015-04-23,2015-03-23,2.698,2.823159694671631,2.667173385620117,2.667173385620117,2.7411997318267822,2.823159694671631,2.9079971313476562,2.982775926589966,2.982775926589966
2015-04-24,2015-03-24,2.752,2.859226703643799,2.710538625717163,2.710538625717163,2.780928134918213,2.859226703643799,2.938573122024536,3.0073819160461426,3.0073819160461426
2015-04-27,2015-03-25,2.774,2.8600597381591797,2.7112646102905273,2.7112646102905273,2.782106876373291,2.8600597381591797,2.938171863555908,3.006624221801758,3.006624221801758
2015-04-28,2015-03-26,2.78,2.874490261077881,2.7235090732574463,2.7235090732574463,2.794673204421997,2.874490261077881,2.954991579055786,3.0252833366394043,3.0252833366394043
2015-04-29,2015-03-27,2.795,2.822451591491699,2.683903455734253,2.683903455734253,2.749603748321533,2.822451591491699,2.8951597213745117,2.9600436687469482,2.9600436687469482
2015-04-30,2015-03-30,2.8865,2.845794200897217,2.7090296745300293,2.7090296745300293,2.7735328674316406,2.845794200897217,2.919198989868164,2.9838104248046875,2.9838104248046875
2015-05-01,2015-03-31,2.9315,2.8115854263305664,2.6709516048431396,2.6709516048431396,2.7380881309509277,2.8115854263305664,2.884709358215332,2.9496946334838867,2.9496946334838867
2015-05-04,2015-04-01,2.924,2.8133811950683594,2.674603223800659,2.674603223800659,2.74114990234375,2.8133811950683594,2.885098457336426,2.9487054347991943,2.9487054347991943
2015-05-05,2015-04-02,2.94,2.7930376529693604,2.6601152420043945,2.6601152420043945,2.7248213291168213,2.7930376529693604,2.859673023223877,2.91935396194458,2.91935396194458
2015-05-06,2015-04-06,2.9325,2.7687854766845703,2.6252434253692627,2.6252434253692627,2.695039987564087,2.7687854766845703,2.841488838195801,2.907835006713867,2.907835006713867
2015-05-07,2015-04-07,2.926,2.805332660675049,2.668992519378662,2.668992519378662,2.7349321842193604,2.805332660675049,2.876054286956787,2.9396328926086426,2.9396328926086426
2015-05-08,2015-04-08,2.931,2.7689151763916016,2.6372978687286377,2.6372978687286377,2.701294422149658,2.7689151763916016,2.8364367485046387,2.898747444152832,2.898747444152832
2015-05-11,2015-04-09,2.9175,2.751368284225464,2.626396656036377,2.626396656036377,2.6879377365112305,2.751368284225464,2.8142051696777344,2.873359203338623,2.873359203338623
2015-05-12,2015-04-10,2.9505,2.765843629837036,2.6461081504821777,2.6461081504821777,2.704233407974243,2.765843629837036,2.830030918121338,2.8901872634887695,2.8901872634887695
2015-05-13,2015-04-13,2.95,2.74631404876709,2.6312122344970703,2.6312122344970703,2.6868510246276855,2.74631404876709,2.808655261993408,2.8680672645568848,2.8680672645568848
2015-05-14,2015-04-14,2.946,2.7085070610046387,2.5861358642578125,2.5861358642578125,2.6453559398651123,2.7085070610046387,2.773045063018799,2.8346669673919678,2.8346669673919678
2015-05-15,2015-04-15,2.949,2.717374324798584,2.5921268463134766,2.5921268463134766,2.652855396270752,2.717374324798584,2.7835335731506348,2.8469297885894775,2.8469297885894775
2015-05-18,2015-04-16,2.93,2.7738168239593506,2.646075963973999,2.646075963973999,2.7071752548217773,2.7738168239593506,2.841872215270996,2.9041178226470947,2.9041178226470947
2015-05-19,2015-04-17,2.8615,2.7845020294189453,2.64997935295105,2.64997935295105,2.71392822265625,2.7845020294189453,2.856250286102295,2.9215781688690186,2.9215781688690186
2015-05-20,2015-04-20,2.8515,2.761078357696533,2.6298680305480957,2.6298680305480957,2.692620277404785,2.761078357696533,2.8291120529174805,2.8906972408294678,2.8906972408294678
2015-05-21,2015-04-21,2.871,2.7521729469299316,2.6236324310302734,2.6236324310302734,2.685194253921509,2.7521729469299316,2.8174445629119873,2.875460147857666,2.875460147857666
2015-05-22,2015-04-22,2.8335,2.746431350708008,2.619572639465332,2.619572639465332,2.6801769733428955,2.746431350708008,2.8105506896972656,2.865818977355957,2.865818977355957
2015-05-26,2015-04-23,2.8535,2.752960681915283,2.6242868900299072,2.6242868900299072,2.685828447341919,2.752960681915283,2.8187851905822754,2.875805139541626,2.875805139541626
2015-05-27,2015-04-24,2.816,2.786210775375366,2.6515462398529053,2.6515462398529053,2.715925931930542,2.786210775375366,2.856724739074707,2.9185383319854736,2.9185383319854736
2015-05-28,2015-04-27,2.793,2.8153185844421387,2.6844305992126465,2.6844305992126465,2.747358560562134,2.8153185844421387,2.883183002471924,2.942220449447632,2.942220449447632
2015-05-29,2015-04-28,2.7595,2.81118106842041,2.6687653064727783,2.6687653064727783,2.7375192642211914,2.81118106842041,2.884922504425049,2.9507834911346436,2.9507834911346436
2015-06-01,2015-04-29,2.741,2.831345796585083,2.6921074390411377,2.6921074390411377,2.7588682174682617,2.831345796585083,2.904695987701416,2.9707319736480713,2.9707319736480713
2015-06-02,2015-04-30,2.758,2.874452590942383,2.7272562980651855,2.7272562980651855,2.7960004806518555,2.874452590942383,2.9584383964538574,3.0331828594207764,3.0331828594207764
2015-06-03,2015-05-01,2.7505,2.899454116821289,2.735060214996338,2.735060214996338,2.8113479614257812,2.899454116821289,2.995368003845215,3.082118034362793,3.082118034362793
2015-06-04,2015-05-04,2.7155,2.9198899269104004,2.7550928592681885,2.7550928592681885,2.832411289215088,2.9198899269104004,3.0134103298187256,3.097590446472168,3.097590446472168
2015-06-05,2015-05-05,2.722,2.926791191101074,2.760430097579956,2.760430097579956,2.838404655456543,2.926791191101074,3.01885986328125,3.101562738418579,3.101562738418579
2015-06-08,2015-05-06,2.716,2.912278175354004,2.754216432571411,2.754216432571411,2.8288774490356445,2.912278175354004,2.995751142501831,3.071307897567749,3.071307897567749
2015-06-09,2015-05-07,2.7405,2.8949873447418213,2.7369039058685303,2.7369039058685303,2.812232494354248,2.8949873447418213,2.975780487060547,3.0493075847625732,3.0493075847625732
2015-06-10,2015-05-08,2.7715,2.919024705886841,2.774286985397339,2.774286985397339,2.8435983657836914,2.919024705886841,2.9923863410949707,3.058532476425171,3.058532476425171
2015-06-11,2015-05-11,2.693,2.9064786434173584,2.761460065841675,2.761460065841675,2.831165075302124,2.9064786434173584,2.9786696434020996,3.0441360473632812,3.0441360473632812
2015-06-12,2015-05-12,2.6995,2.9570813179016113,2.8067610263824463,2.8067610263824463,2.878443717956543,2.9570813179016113,3.0347986221313477,3.1052019596099854,3.1052019596099854
2015-06-15,2015-05-13,2.659,2.972482442855835,2.828380823135376,2.828380823135376,2.897296190261841,2.972482442855835,3.046180009841919,3.1133735179901123,3.1133735179901123
2015-06-16,2015-05-14,2.6265,2.9886910915374756,2.8483996391296387,2.8483996391296387,2.916024684906006,2.9886910915374756,3.059329032897949,3.124333143234253,3.124333143234253
2015-06-17,2015-05-15,2.623,2.986023187637329,2.8397161960601807,2.8397161960601807,2.9099698066711426,2.986023187637329,3.0596861839294434,3.127314329147339,3.127314329147339
2015-06-18,2015-05-18,2.6285,2.96260666847229,2.8144850730895996,2.8144850730895996,2.8858022689819336,2.96260666847229,3.036208152770996,3.1041767597198486,3.1041767597198486
2015-06-19,2015-05-19,2.592,2.927011489868164,2.7738914489746094,2.7738914489746094,2.847600221633911,2.927011489868164,3.0024116039276123,3.07204008102417,3.07204008102417
2015-06-22,2015-05-20,2.588,2.905745029449463,2.7455620765686035,2.7455620765686035,2.822986125946045,2.905745029449463,2.9851644039154053,3.0580220222473145,3.0580220222473145
2015-06-23,2015-05-21,2.634,2.905785083770752,2.7583818435668945,2.7583818435668945,2.829606771469116,2.905785083770752,2.978956460952759,3.0460455417633057,3.0460455417633057
2015-06-24,2015-05-22,2.6465,2.8774333000183105,2.7243332862854004,2.7243332862854004,2.798091411590576,2.8774333000183105,2.9545421600341797,3.0256686210632324,3.0256686210632324
2015-06-25,2015-05-26,2.6455,2.869140625,2.7164664268493652,2.7164664268493652,2.789898157119751,2.869140625,2.946927547454834,3.0192651748657227,3.0192651748657227
2015-06-26,2015-05-27,2.645,2.834394931793213,2.6710405349731445,2.6710405349731445,2.749955654144287,2.834394931793213,2.9174346923828125,2.9944872856140137,2.9944872856140137
2015-06-29,2015-05-28,2.6385,2.778500556945801,2.615079879760742,2.615079879760742,2.693575382232666,2.778500556945801,2.861515522003174,2.9392101764678955,2.9392101764678955
2015-06-30,2015-05-29,2.6235,2.753199338912964,2.5837790966033936,2.5837790966033936,2.6654651165008545,2.753199338912964,2.838103771209717,2.9163594245910645,2.9163594245910645
2015-07-01,2015-06-01,2.6355,2.7200539112091064,2.549099922180176,2.549099922180176,2.632066249847412,2.7200539112091064,2.806168556213379,2.886223793029785,2.886223793029785
2015-07-02,2015-06-02,2.6345,2.759157657623291,2.6051483154296875,2.6051483154296875,2.6793460845947266,2.759157657623291,2.8376903533935547,2.9104607105255127,2.9104607105255127
2015-07-06,2015-06-03,2.543,2.7669737339019775,2.612657070159912,2.612657070159912,2.686676263809204,2.7669737339019775,2.847102403640747,2.921560287475586,2.921560287475586
2015-07-07,2015-06-04,2.451,2.7532148361206055,2.5863988399505615,2.5863988399505615,2.6670870780944824,2.7532148361206055,2.838778018951416,2.9180331230163574,2.9180331230163574
2015-07-08,2015-06-05,2.504,2.75136137008667,2.5917601585388184,2.5917601585388184,2.6681206226348877,2.75136137008667,2.8358302116394043,2.9145917892456055,2.9145917892456055
2015-07-09,2015-06-08,2.558,2.7416458129882812,2.580145835876465,2.580145835876465,2.6570703983306885,2.7416458129882812,2.8284778594970703,2.9090070724487305,2.9090070724487305
2015-07-10,2015-06-09,2.5455,2.7468655109405518,2.5853137969970703,2.5853137969970703,2.6617932319641113,2.7468655109405518,2.8352794647216797,2.9174187183380127,2.9174187183380127
2015-07-13,2015-06-10,2.5555,2.759230613708496,2.590852737426758,2.590852737426758,2.6708946228027344,2.759230613708496,2.8501124382019043,2.9339120388031006,2.9339120388031006
2015-07-14,2015-06-11,2.5445,2.7255351543426514,2.557652711868286,2.557652711868286,2.6374826431274414,2.7255351543426514,2.8157522678375244,2.8979828357696533,2.8979828357696533
2015-07-15,2015-06-12,2.5305,2.7278852462768555,2.549999713897705,2.549999713897705,2.635061740875244,2.7278852462768555,2.8242857456207275,2.912407398223877,2.912407398223877
2015-07-16,2015-06-15,2.5315,2.6906204223632812,2.5113461017608643,2.5113461017608643,2.5980076789855957,2.6906204223632812,2.7846288681030273,2.8690872192382812,2.8690872192382812
2015-07-17,2015-06-16,2.5045,2.6684625148773193,2.480781316757202,2.480781316757202,2.5720696449279785,2.6684625148773193,2.7650928497314453,2.8516159057617188,2.8516159057617188
2015-07-20,2015-06-17,2.484,2.6676583290100098,2.49131441116333,2.49131441116333,2.577018976211548,2.6676583290100098,2.7603349685668945,2.8449134826660156,2.8449134826660156
2015-07-21,2015-06-18,2.4775,2.664597988128662,2.48836088180542,2.48836088180542,2.5739171504974365,2.664597988128662,2.758429527282715,2.8440072536468506,2.8440072536468506
2015-07-22,2015-06-19,2.4315,2.6282718181610107,2.453155279159546,2.453155279159546,2.537808895111084,2.6282718181610107,2.720311164855957,2.8038501739501953,2.8038501739501953
2015-07-23,2015-06-22,2.3855,2.623660087585449,2.4521291255950928,2.4521291255950928,2.5346567630767822,2.623660087585449,2.714215040206909,2.7955455780029297,2.7955455780029297
2015-07-24,2015-06-23,2.3815,2.6549012660980225,2.4925127029418945,2.4925127029418945,2.5700674057006836,2.6549012660980225,2.742258071899414,2.8211312294006348,2.8211312294006348
2015-07-27,2015-06-24,2.3505,2.6808831691741943,2.527031898498535,2.527031898498535,2.5998682975769043,2.6808831691741943,2.764193534851074,2.8385751247406006,2.8385751247406006
2015-07-28,2015-06-25,2.403,2.6792659759521484,2.5270538330078125,2.5270538330078125,2.59875750541687,2.6792659759521484,2.762643337249756,2.83758544921875,2.83758544921875
2015-07-29,2015-06-26,2.408,2.6740877628326416,2.5130789279937744,2.5130789279937744,2.5890517234802246,2.6740877628326416,2.7627758979797363,2.8418447971343994,2.8418447971343994
2015-07-30,2015-06-29,2.3815,2.660794258117676,2.4992737770080566,2.4992737770080566,2.5752809047698975,2.660794258117676,2.7507686614990234,2.8310985565185547,2.8310985565185547
2015-07-31,2015-06-30,2.3675,2.655987501144409,2.490018367767334,2.490018367767334,2.5678868293762207,2.655987501144409,2.7491908073425293,2.8310317993164062,2.8310317993164062
2015-08-03,2015-07-01,2.3475,2.665001630783081,2.498591899871826,2.498591899871826,2.5759119987487793,2.665001630783081,2.7597641944885254,2.8426222801208496,2.8426222801208496
2015-08-04,2015-07-02,2.365,2.6615586280822754,2.4934797286987305,2.4934797286987305,2.571657180786133,2.6615586280822754,2.7569937705993652,2.840409994125366,2.840409994125366
2015-08-05,2015-07-06,2.353,2.6154420375823975,2.4208688735961914,2.4208688735961914,2.514760971069336,2.6154420375823975,2.7159230709075928,2.801492214202881,2.801492214202881
2015-08-06,2015-07-07,2.348,2.540020227432251,2.3128151893615723,2.3128151893615723,2.4239773750305176,2.540020227432251,2.6510562896728516,2.7438511848449707,2.7438511848449707
2015-08-07,2015-07-08,2.3415,2.5728328227996826,2.375333547592163,2.375333547592163,2.47111439704895,2.5728328227996826,2.6728382110595703,2.7576613426208496,2.7576613426208496
2015-08-10,2015-07-09,2.4075,2.6086812019348145,2.420785903930664,2.420785903930664,2.5119123458862305,2.6086812019348145,2.70444917678833,2.786994457244873,2.786994457244873
2015-08-11,2015-07-10,2.341,2.593843698501587,2.4114739894866943,2.4114739894866943,2.5001916885375977,2.593843698501587,2.6878721714019775,2.770785093307495,2.770785093307495
2015-08-12,2015-07-13,2.3605,2.5932512283325195,2.4088196754455566,2.4088196754455566,2.499014377593994,2.5932512283325195,2.6893084049224854,2.775569200515747,2.775569200515747
2015-08-13,2015-07-14,2.3655,2.589329957962036,2.4103593826293945,2.4103593826293945,2.497168779373169,2.589329957962036,2.6833486557006836,2.7687413692474365,2.7687413692474365
2015-08-14,2015-07-15,2.364,2.5914976596832275,2.4143362045288086,2.4143362045288086,2.49991512298584,2.5914976596832275,2.6847221851348877,2.769806385040283,2.769806385040283
2015-08-17,2015-07-16,2.3325,2.596768379211426,2.4219846725463867,2.4219846725463867,2.506527900695801,2.596768379211426,2.6891040802001953,2.7742114067077637,2.7742114067077637
2015-08-18,2015-07-17,2.297,2.571385383605957,2.394068717956543,2.394068717956543,2.4802215099334717,2.571385383605957,2.6641714572906494,2.749213695526123,2.749213695526123
2015-08-19,2015-07-20,2.283,2.5446228981018066,2.3692145347595215,2.3692145347595215,2.453826427459717,2.5446228981018066,2.6367063522338867,2.721945285797119,2.721945285797119
2015-08-20,2015-07-21,2.323,2.53493332862854,2.3570122718811035,2.3570122718811035,2.442983627319336,2.53493332862854,2.6289994716644287,2.715846061706543,2.715846061706543
2015-08-21,2015-07-22,2.307,2.485990524291992,2.2993197441101074,2.2993197441101074,2.3899426460266113,2.485990524291992,2.5824804306030273,2.6714248657226562,2.6714248657226562
2015-08-24,2015-07-23,2.269,2.4483890533447266,2.2430832386016846,2.2430832386016846,2.3447184562683105,2.4483890533447266,2.5504350662231445,2.643300771713257,2.643300771713257
2015-08-25,2015-07-24,2.323,2.4267289638519287,2.2225329875946045,2.2225329875946045,2.3225932121276855,2.4267289638519287,2.5309762954711914,2.6253371238708496,2.6253371238708496
2015-08-26,2015-07-27,2.251,2.387479066848755,2.1588778495788574,2.1588778495788574,2.2723426818847656,2.387479066848755,2.5016331672668457,2.6025333404541016,2.6025333404541016
2015-08-27,2015-07-28,2.334,2.4583592414855957,2.24470853805542,2.24470853805542,2.3492584228515625,2.4583592414855957,2.571545362472534,2.6723084449768066,2.6723084449768066
2015-08-28,2015-07-29,2.3465,2.443783760070801,2.2309274673461914,2.2309274673461914,2.3345203399658203,2.443783760070801,2.55888295173645,2.662177562713623,2.662177562713623
2015-08-31,2015-07-30,2.338,2.3862195014953613,2.1800765991210938,2.1800765991210938,2.2814698219299316,2.3862195014953613,2.495042324066162,2.592822790145874,2.592822790145874
2015-09-01,2015-07-31,2.3025,2.367952823638916,2.1500954627990723,2.1500954627990723,2.258467197418213,2.367952823638916,2.480544090270996,2.580157995223999,2.580157995223999
2015-09-02,2015-08-03,2.333,2.3397998809814453,2.118422746658325,2.118422746658325,2.229743719100952,2.3397998809814453,2.452364206314087,2.553088426589966,2.553088426589966
2015-09-03,2015-08-04,2.39,2.3532533645629883,2.140737295150757,2.140737295150757,2.246614933013916,2.3532533645629883,2.4653258323669434,2.566488742828369,2.566488742828369
2015-09-04,2015-08-05,2.3195,2.340249538421631,2.1307730674743652,2.1307730674743652,2.235574722290039,2.340249538421631,2.449949264526367,2.548999309539795,2.548999309539795
2015-09-08,2015-08-06,2.4385,2.3335134983062744,2.1200432777404785,2.1200432777404785,2.2270171642303467,2.3335134983062744,2.4457573890686035,2.547907829284668,2.547907829284668
2015-09-09,2015-08-07,2.4425,2.332141637802124,2.115774631500244,2.115774631500244,2.224809169769287,2.332141637802124,2.4443979263305664,2.547461986541748,2.547461986541748
2015-09-10,2015-08-10,2.4545,2.395758628845215,2.192906141281128,2.192906141281128,2.293280601501465,2.395758628845215,2.5045006275177,2.6045525074005127,2.6045525074005127
2015-09-11,2015-08-11,2.462,2.3189144134521484,2.1271519660949707,2.1271519660949707,2.222512722015381,2.3189144134521484,2.420628070831299,2.5163333415985107,2.5163333415985107
2015-09-14,2015-08-12,2.414,2.323301315307617,2.145671844482422,2.145671844482422,2.2325329780578613,2.323301315307617,2.421840190887451,2.515310049057007,2.515310049057007
2015-09-15,2015-08-13,2.436,2.3019065856933594,2.140382766723633,2.140382766723633,2.217212677001953,2.3019065856933594,2.396106719970703,2.4858736991882324,2.4858736991882324
2015-09-16,2015-08-14,2.4615,2.3008840084075928,2.1248950958251953,2.1248950958251953,2.209608554840088,2.3008840084075928,2.4013068675994873,2.496957778930664,2.496957778930664
2015-09-17,2015-08-17,2.4615,2.2767834663391113,2.0960819721221924,2.0960819721221924,2.1825132369995117,2.2767834663391113,2.3772058486938477,2.470400094985962,2.470400094985962
2015-09-18,2015-08-18,2.397,2.259838104248047,2.054919719696045,2.054919719696045,2.15555739402771,2.259838104248047,2.3670289516448975,2.4641366004943848,2.4641366004943848
2015-09-21,2015-08-19,2.3985,2.2482736110687256,2.0334701538085938,2.0334701538085938,2.1400630474090576,2.2482736110687256,2.361128807067871,2.463026285171509,2.463026285171509
2015-09-22,2015-08-20,2.307,2.3214216232299805,2.1156044006347656,2.1156044006347656,2.2162363529205322,2.3214216232299805,2.4348621368408203,2.53701114654541,2.53701114654541
2015-09-23,2015-08-21,2.3055,2.2787437438964844,2.0825746059417725,2.0825746059417725,2.1789097785949707,2.2787437438964844,2.3851799964904785,2.480692148208618,2.480692148208618
2015-09-24,2015-08-24,2.312,2.2524220943450928,2.049121618270874,2.049121618270874,2.1504764556884766,2.2524220943450928,2.358651638031006,2.4535646438598633,2.4535646438598633
2015-09-25,2015-08-25,2.2915,2.2982583045959473,2.0997533798217773,2.0997533798217773,2.1979165077209473,2.2982583045959473,2.406167984008789,2.5042924880981445,2.5042924880981445
2015-09-28,2015-08-26,2.256,2.239657402038574,2.0313186645507812,2.0313186645507812,2.135725975036621,2.239657402038574,2.3489608764648438,2.4475884437561035,2.4475884437561035
2015-09-29,2015-08-27,2.2535,2.321957588195801,2.1205458641052246,2.1205458641052246,2.220388412475586,2.321957588195801,2.4312052726745605,2.529972791671753,2.529972791671753
2015-09-30,2015-08-28,2.3455,2.3428497314453125,2.1388702392578125,2.1388702392578125,2.2396292686462402,2.3428497314453125,2.4558119773864746,2.5587873458862305,2.5587873458862305
2015-10-01,2015-08-31,2.3075,2.320366144180298,2.119878053665161,2.119878053665161,2.219576835632324,2.320366144180298,2.430274486541748,2.5314908027648926,2.5314908027648926
2015-10-02,2015-09-01,2.3295,2.2824151515960693,2.0794010162353516,2.0794010162353516,2.180659770965576,2.2824151515960693,2.392202854156494,2.4926555156707764,2.4926555156707764
2015-10-05,2015-09-02,2.36,2.2930636405944824,2.099210262298584,2.099210262298584,2.195296287536621,2.2930636405944824,2.3982887268066406,2.4947617053985596,2.4947617053985596
2015-10-06,2015-09-03,2.359,2.308790683746338,2.106358766555786,2.106358766555786,2.204230785369873,2.308790683746338,2.4207615852355957,2.5224218368530273,2.5224218368530273
2015-10-07,2015-09-04,2.3715,2.200009346008301,2.0125045776367188,2.0125045776367188,2.101132869720459,2.200009346008301,2.3047282695770264,2.400629997253418,2.400629997253418
2015-10-08,2015-09-08,2.347,2.2929892539978027,2.068601608276367,2.068601608276367,2.1752405166625977,2.2929892539978027,2.419529914855957,2.534531593322754,2.534531593322754
2015-10-09,2015-09-09,2.417,2.3232674598693848,2.0926687717437744,2.0926687717437744,2.2010202407836914,2.3232674598693848,2.4504661560058594,2.563251256942749,2.563251256942749
2015-10-12,2015-09-10,2.4195,2.44914174079895,2.222785711288452,2.222785711288452,2.3305556774139404,2.44914174079895,2.5709493160247803,2.677016019821167,2.677016019821167
2015-10-13,2015-09-11,2.3915,2.454948902130127,2.2253801822662354,2.2253801822662354,2.3354296684265137,2.454948902130127,2.5778098106384277,2.6849894523620605,2.6849894523620605
2015-10-14,2015-09-14,2.42,2.420686721801758,2.1986193656921387,2.1986193656921387,2.3055777549743652,2.420686721801758,2.540156364440918,2.646108865737915,2.646108865737915
2015-10-15,2015-09-15,2.426,2.431384801864624,2.2128448486328125,2.2128448486328125,2.318446159362793,2.431384801864624,2.5464489459991455,2.647707223892212,2.647707223892212
2015-10-16,2015-09-16,2.407,2.492731809616089,2.2937474250793457,2.2937474250793457,2.3884339332580566,2.492731809616089,2.599411964416504,2.6934571266174316,2.6934571266174316
2015-10-19,2015-09-17,2.3715,2.4794702529907227,2.2782797813415527,2.2782797813415527,2.375138282775879,2.4794702529907227,2.58647084236145,2.6827051639556885,2.6827051639556885
2015-10-20,2015-09-18,2.3695,2.416828155517578,2.209390163421631,2.209390163421631,2.311325788497925,2.416828155517578,2.5244784355163574,2.622295379638672,2.622295379638672
2015-10-21,2015-09-21,2.364,2.4147136211395264,2.207188606262207,2.207188606262207,2.309598922729492,2.4147136211395264,2.523425579071045,2.623643636703491,2.623643636703491
2015-10-22,2015-09-22,2.3845,2.3154525756835938,2.0621657371520996,2.0621657371520996,2.1901304721832275,2.3154525756835938,2.4411396980285645,2.554973840713501,2.554973840713501
2015-10-23,2015-09-23,2.35,2.302964925765991,2.0513410568237305,2.0513410568237305,2.1789917945861816,2.302964925765991,2.429081439971924,2.544267416000366,2.544267416000366
2015-10-26,2015-09-24,2.3565,2.309814453125,2.077315330505371,2.077315330505371,2.1945958137512207,2.309814453125,2.429340362548828,2.53879451751709,2.53879451751709
2015-10-27,2015-09-25,2.358,2.278899908065796,2.054013729095459,2.054013729095459,2.1674082279205322,2.278899908065796,2.395737648010254,2.5027403831481934,2.5027403831481934
2015-10-28,2015-09-28,2.3545,2.1708791255950928,1.9418694972991943,1.9418694972991943,2.054940700531006,2.1708791255950928,2.290947914123535,2.4012386798858643,2.4012386798858643
2015-10-29,2015-09-29,2.3155,2.12717342376709,1.919848084449768,1.919848084449768,2.019669532775879,2.12717342376709,2.2384350299835205,2.3401436805725098,2.3401436805725098
2015-10-30,2015-09-30,2.3135,2.1622581481933594,1.935123324394226,1.935123324394226,2.0430915355682373,2.1622581481933594,2.288115978240967,2.4047155380249023,2.4047155380249023
2015-11-02,2015-10-01,2.3155,2.096909284591675,1.8806285858154297,1.8806285858154297,1.9834693670272827,2.096909284591675,2.215535879135132,2.3233869075775146,2.3233869075775146
2015-11-03,2015-10-02,2.327,2.2728614807128906,2.046830177307129,2.046830177307129,2.1559898853302,2.2728614807128906,2.397270441055298,2.5099141597747803,2.5099141597747803
2015-11-04,2015-10-05,2.3195,2.2940266132354736,2.061696767807007,2.061696767807007,2.173527717590332,2.2940266132354736,2.42277455329895,2.539052724838257,2.539052724838257
2015-11-05,2015-10-06,2.2535,2.307724952697754,2.075679302215576,2.075679302215576,2.1870639324188232,2.307724952697754,2.4370439052581787,2.5549087524414062,2.5549087524414062
2015-11-06,2015-10-07,2.2415,2.316649913787842,2.085326671600342,2.085326671600342,2.196558952331543,2.316649913787842,2.4438202381134033,2.5587210655212402,2.5587210655212402
2015-11-09,2015-10-08,2.23,2.3632636070251465,2.142674684524536,2.142674684524536,2.250302791595459,2.3632636070251465,2.4831061363220215,2.5928876399993896,2.5928876399993896
2015-11-10,2015-10-09,2.2165,2.442180871963501,2.215397596359253,2.215397596359253,2.324425458908081,2.442180871963501,2.5679714679718018,2.6833479404449463,2.6833479404449463
2015-11-11,2015-10-12,2.2165,2.450096368789673,2.221428394317627,2.221428394317627,2.3318471908569336,2.450096368789673,2.575028419494629,2.6889777183532715,2.6889777183532715
2015-11-12,2015-10-13,2.173,2.4182791709899902,2.202198028564453,2.202198028564453,2.306346893310547,2.4182791709899902,2.536123752593994,2.6470694541931152,2.6470694541931152
2015-11-13,2015-10-14,2.17,2.43886661529541,2.2137255668640137,2.2137255668640137,2.3230175971984863,2.43886661529541,2.561163902282715,2.6767165660858154,2.6767165660858154
2015-11-16,2015-10-15,2.118,2.436068534851074,2.2099528312683105,2.2099528312683105,2.3202102184295654,2.436068534851074,2.558222770690918,2.674246311187744,2.674246311187744
2015-11-17,2015-10-16,2.1055,2.4307799339294434,2.2211780548095703,2.2211780548095703,2.3234050273895264,2.4307799339294434,2.5422677993774414,2.6470537185668945,2.6470537185668945
2015-11-18,2015-10-19,2.078,2.380633592605591,2.166210174560547,2.166210174560547,2.271542549133301,2.380633592605591,2.490896701812744,2.593993902206421,2.593993902206421
2015-11-19,2015-10-20,2.0765,2.300631523132324,2.0940256118774414,2.0940256118774414,2.193329334259033,2.300631523132324,2.4096996784210205,2.511685609817505,2.511685609817505
2015-11-20,2015-10-21,2.054,2.274876356124878,2.079916000366211,2.079916000366211,2.173788547515869,2.274876356124878,2.377662181854248,2.472275972366333,2.472275972366333
2015-11-23,2015-10-22,2.0195,2.2629499435424805,2.06315279006958,2.06315279006958,2.158543109893799,2.2629499435424805,2.370999813079834,2.4704668521881104,2.4704668521881104
2015-11-24,2015-10-23,2.0535,2.180371046066284,1.9837983846664429,1.9837983846664429,2.077613115310669,2.180371046066284,2.2852582931518555,2.3799936771392822,2.3799936771392822
2015-11-25,2015-10-26,2.0445,2.2467942237854004,2.054448127746582,2.054448127746582,2.1460344791412354,2.2467942237854004,2.357163429260254,2.4590864181518555,2.4590864181518555
2015-11-27,2015-10-27,2.0505,2.2362382411956787,2.037968635559082,2.037968635559082,2.1320247650146484,2.2362382411956787,2.350059986114502,2.4538161754608154,2.4538161754608154
2015-11-30,2015-10-28,2.0445,2.2606558799743652,2.0659565925598145,2.0659565925598145,2.1584317684173584,2.2606558799743652,2.374500036239624,2.4804139137268066,2.4804139137268066
2015-12-01,2015-10-29,2.0665,2.211172580718994,2.0071799755096436,2.0071799755096436,2.1053783893585205,2.211172580718994,2.324212074279785,2.427504301071167,2.427504301071167
2015-12-02,2015-10-30,2.029,2.2813587188720703,2.085383415222168,2.085383415222168,2.1806063652038574,2.2813587188720703,2.3910136222839355,2.493197441101074,2.493197441101074
2015-12-03,2015-11-02,2.056,2.278856039047241,2.0804715156555176,2.0804715156555176,2.1769280433654785,2.278856039047241,2.391817092895508,2.4991531372070312,2.4991531372070312
2015-12-04,2015-11-03,2.074,2.2929792404174805,2.0925445556640625,2.0925445556640625,2.189903736114502,2.2929792404174805,2.407736301422119,2.5163307189941406,2.5163307189941406
2015-12-07,2015-11-04,2.0445,2.2709105014801025,2.081066370010376,2.081066370010376,2.1734466552734375,2.2709105014801025,2.3808720111846924,2.4876785278320312,2.4876785278320312
2015-12-08,2015-11-05,2.048,2.2093710899353027,1.9868748188018799,1.9868748188018799,2.097421646118164,2.2093710899353027,2.327946662902832,2.4403796195983887,2.4403796195983887
2015-12-09,2015-11-06,2.06,2.1684978008270264,1.9403302669525146,1.9403302669525146,2.053368091583252,2.1684978008270264,2.288961887359619,2.402667284011841,2.402667284011841
2015-12-10,2015-11-09,2.065,2.1627964973449707,1.9432623386383057,1.9432623386383057,2.0493648052215576,2.1627964973449707,2.281207323074341,2.3907630443573,2.3907630443573
2015-12-11,2015-11-10,2.108,2.1212661266326904,1.9140548706054688,1.9140548706054688,2.0140323638916016,2.1212661266326904,2.234745979309082,2.3400373458862305,2.3400373458862305
2015-12-14,2015-11-11,2.104,2.085771083831787,1.896297574043274,1.896297574043274,1.9882519245147705,2.085771083831787,2.1878795623779297,2.282358407974243,2.282358407974243
2015-12-15,2015-11-12,2.051,2.0630011558532715,1.8694676160812378,1.8694676160812378,1.9639339447021484,2.0630011558532715,2.161534309387207,2.2504448890686035,2.2504448890686035
2015-12-16,2015-11-13,2.061,2.0117275714874268,1.8169255256652832,1.8169255256652832,1.91096830368042,2.0117275714874268,2.108325242996216,2.1952297687530518,2.1952297687530518
2015-12-17,2015-11-16,2.0345,1.9760541915893555,1.774640679359436,1.774640679359436,1.8717372417449951,1.9760541915893555,2.0685009956359863,2.1489169597625732,2.1489169597625732
2015-12-18,2015-11-17,2.103,1.9748930931091309,1.7659227848052979,1.7659227848052979,1.8670010566711426,1.9748930931091309,2.0734384059906006,2.159592628479004,2.159592628479004
2015-12-21,2015-11-18,2.129,1.944317102432251,1.733539342880249,1.733539342880249,1.8350651264190674,1.944317102432251,2.0457568168640137,2.133544445037842,2.133544445037842
2015-12-22,2015-11-19,2.097,1.9472764730453491,1.7418172359466553,1.7418172359466553,1.8397583961486816,1.9472764730453491,2.0490880012512207,2.137638807296753,2.137638807296753
2015-12-23,2015-11-20,2.1115,1.9235150814056396,1.7180968523025513,1.7180968523025513,1.8165642023086548,1.9235150814056396,2.023505687713623,2.110304832458496,2.110304832458496
2015-12-24,2015-11-23,2.1115,1.9205913543701172,1.7123442888259888,1.7123442888259888,1.8135634660720825,1.9205913543701172,2.0230469703674316,2.114335775375366,2.114335775375366
2015-12-28,2015-11-24,2.0665,1.9405670166015625,1.736314058303833,1.736314058303833,1.8333781957626343,1.9405670166015625,2.0498952865600586,2.1506307125091553,2.1506307125091553
2015-12-29,2015-11-25,2.125,1.9414722919464111,1.7350492477416992,1.7350492477416992,1.833522081375122,1.9414722919464111,2.055504322052002,2.16243839263916,2.16243839263916
2015-12-30,2015-11-27,2.137,1.9574947357177734,1.762609601020813,1.762609601020813,1.8557372093200684,1.9574947357177734,2.0619685649871826,2.1611266136169434,2.1611266136169434
2015-12-31,2015-11-30,2.1255,1.9521265029907227,1.7526330947875977,1.7526330947875977,1.8487777709960938,1.9521265029907227,2.0603437423706055,2.164933204650879,2.164933204650879
2016-01-04,2015-12-01,2.0705,1.95009446144104,1.7596584558486938,1.7596584558486938,1.8497154712677002,1.95009446144104,2.0603489875793457,2.1680474281311035,2.1680474281311035
2016-01-05,2015-12-02,2.0885,1.9330792427062988,1.7430659532546997,1.7430659532546997,1.833118200302124,1.9330792427062988,2.035341262817383,2.1310086250305176,2.1310086250305176
2016-01-06,2015-12-03,2.0805,1.9527496099472046,1.7735552787780762,1.7735552787780762,1.8575859069824219,1.9527496099472046,2.051488161087036,2.143531322479248,2.143531322479248
2016-01-07,2015-12-04,2.0155,1.9640004634857178,1.7899020910263062,1.7899020910263062,1.870916724205017,1.9640004634857178,2.0548906326293945,2.13867449760437,2.13867449760437
2016-01-08,2015-12-07,2.0165,1.9675519466400146,1.7958900928497314,1.7958900928497314,1.8756651878356934,1.9675519466400146,2.055130958557129,2.1339645385742188,2.1339645385742188
2016-01-11,2015-12-08,1.9675,1.93092679977417,1.7567871809005737,1.7567871809005737,1.8390007019042969,1.93092679977417,2.012906789779663,2.085908889770508,2.085908889770508
2016-01-12,2015-12-09,1.953,1.9411418437957764,1.7716773748397827,1.7716773748397827,1.8516250848770142,1.9411418437957764,2.021481513977051,2.0935072898864746,2.0935072898864746
2016-01-13,2015-12-10,1.9505,1.9747570753097534,1.8164626359939575,1.8164626359939575,1.8920998573303223,1.9747570753097534,2.056807518005371,2.1324727535247803,2.1324727535247803
2016-01-14,2015-12-11,1.971,1.9941314458847046,1.8259689807891846,1.8259689807891846,1.9033517837524414,1.9941314458847046,2.088759422302246,2.1746861934661865,2.1746861934661865
2016-01-15,2015-12-14,1.9395,2.0143508911132812,1.8512158393859863,1.8512158393859863,1.9268693923950195,2.0143508911132812,2.1064722537994385,2.1916286945343018,2.1916286945343018
2016-01-19,2015-12-15,1.9735,1.9709267616271973,1.7964798212051392,1.7964798212051392,1.8785195350646973,1.9709267616271973,2.060692310333252,2.1406233310699463,2.1406233310699463
2016-01-20,2015-12-16,1.956,1.9924306869506836,1.8270397186279297,1.8270397186279297,1.9047760963439941,1.9924306869506836,2.079820156097412,2.1597235202789307,2.1597235202789307
2016-01-21,2015-12-17,1.993,1.9625983238220215,1.7870010137557983,1.7870010137557983,1.8712007999420166,1.9625983238220215,2.05397367477417,2.140634298324585,2.140634298324585
2016-01-22,2015-12-18,1.9985,2.005943775177002,1.8317455053329468,1.8317455053329468,1.9135005474090576,2.005943775177002,2.1081042289733887,2.20689058303833,2.20689058303833
2016-01-25,2015-12-21,1.9955,2.0456247329711914,1.867969036102295,1.867969036102295,1.9506888389587402,2.0456247329711914,2.150958299636841,2.25346302986145,2.25346302986145
2016-01-26,2015-12-22,2.034,2.0243096351623535,1.847900152206421,1.847900152206421,1.932215929031372,2.0243096351623535,2.1252284049987793,2.2251038551330566,2.2251038551330566
2016-01-27,2015-12-23,2.063,2.007453680038452,1.8289340734481812,1.8289340734481812,1.9142554998397827,2.007453680038452,2.108304500579834,2.20849347114563,2.20849347114563
2016-01-28,2015-12-24,2.049,2.025118827819824,1.8645341396331787,1.8645341396331787,1.9407823085784912,2.025118827819824,2.1132049560546875,2.199223756790161,2.199223756790161
2016-01-29,2015-12-28,2.064,2.0182411670684814,1.8632075786590576,1.8632075786590576,1.938049077987671,2.0182411670684814,2.098341703414917,2.1764702796936035,2.1764702796936035
2016-02-01,2015-12-29,2.0515,2.043433427810669,1.8891315460205078,1.8891315460205078,1.962500810623169,2.043433427810669,2.1249566078186035,2.2036948204040527,2.2036948204040527
2016-02-02,2015-12-30,2.052,2.0724754333496094,1.9134043455123901,1.9134043455123901,1.9883379936218262,2.0724754333496094,2.1597442626953125,2.241927146911621,2.241927146911621
2016-02-03,2015-12-31,2.092,2.0489869117736816,1.8896241188049316,1.8896241188049316,1.9647185802459717,2.0489869117736816,2.1340584754943848,2.2139341831207275,2.2139341831207275
2016-02-04,2016-01-04,2.128,2.0270590782165527,1.8671988248825073,1.8671988248825073,1.9435621500015259,2.0270590782165527,2.1081790924072266,2.182662010192871,2.182662010192871
2016-02-05,2016-01-05,2.1005,2.064155101776123,1.9094182252883911,1.9094182252883911,1.9835059642791748,2.064155101776123,2.1487979888916016,2.2296957969665527,2.2296957969665527
2016-02-08,2016-01-06,2.0885,2.049813985824585,1.8838797807693481,1.8838797807693481,1.9634723663330078,2.049813985824585,2.139517068862915,2.224132776260376,2.224132776260376
2016-02-09,2016-01-07,2.0385,1.9991395473480225,1.8159215450286865,1.8159215450286865,1.9050445556640625,1.9991395473480225,2.093484401702881,2.1807360649108887,2.1807360649108887
2016-02-10,2016-01-08,2.025,1.9809880256652832,1.7955012321472168,1.7955012321472168,1.8866114616394043,1.9809880256652832,2.073261022567749,2.157191038131714,2.157191038131714
2016-02-11,2016-01-11,2.004,1.9404783248901367,1.7375283241271973,1.7375283241271973,1.8386855125427246,1.9404783248901367,2.038738250732422,2.1270620822906494,2.1270620822906494
2016-02-12,2016-01-12,2.027,1.9182521104812622,1.704886794090271,1.704886794090271,1.8138086795806885,1.9182521104812622,2.0216338634490967,2.115805149078369,2.115805149078369
2016-02-16,2016-01-13,2.049,1.8924150466918945,1.6689229011535645,1.6689229011535645,1.7839668989181519,1.8924150466918945,2.001755475997925,2.1028757095336914,2.1028757095336914
2016-02-17,2016-01-14,2.074,1.9263598918914795,1.7251793146133423,1.7251793146133423,1.8277759552001953,1.9263598918914795,2.0305914878845215,2.1310219764709473,2.1310219764709473
2016-02-18,2016-01-15,2.0715,1.8976855278015137,1.684710144996643,1.684710144996643,1.7949647903442383,1.8976855278015137,2.003056049346924,2.1039376258850098,2.1039376258850098
2016-02-19,2016-01-19,2.0755,1.914463758468628,1.712920069694519,1.712920069694519,1.8155145645141602,1.914463758468628,2.019357204437256,2.1220598220825195,2.1220598220825195
2016-02-22,2016-01-20,2.113,1.9232113361358643,1.7476357221603394,1.7476357221603394,1.8352758884429932,1.9232113361358643,2.0135629177093506,2.101334571838379,2.101334571838379
2016-02-23,2016-01-21,2.1045,1.9741339683532715,1.8161299228668213,1.8161299228668213,1.8919790983200073,1.9741339683532715,2.064305305480957,2.1534814834594727,2.1534814834594727
2016-02-24,2016-01-22,2.095,1.9944603443145752,1.849961757659912,1.849961757659912,1.9186052083969116,1.9944603443145752,2.0775864124298096,2.159316062927246,2.159316062927246
2016-02-25,2016-01-25,2.065,2.01224422454834,1.8655648231506348,1.8655648231506348,1.934252381324768,2.01224422454834,2.097679615020752,2.1791558265686035,2.1791558265686035
2016-02-26,2016-01-26,2.118,2.027200222015381,1.8876502513885498,1.8876502513885498,1.9523167610168457,2.027200222015381,2.1109681129455566,2.191539764404297,2.191539764404297
2016-02-29,2016-01-27,2.1285,2.0899603366851807,1.9352295398712158,1.9352295398712158,2.006065607070923,2.0899603366851807,2.1829257011413574,2.2696969509124756,2.2696969509124756
2016-03-01,2016-01-28,2.1415,2.100527048110962,1.9490984678268433,1.9490984678268433,2.0182790756225586,2.100527048110962,2.1923482418060303,2.2792985439300537,2.2792985439300537
2016-03-02,2016-01-29,2.1775,2.112760066986084,1.9571430683135986,1.9571430683135986,2.029092311859131,2.112760066986084,2.205279588699341,2.29305100440979,2.29305100440979
2016-03-03,2016-02-01,2.2045,2.1194934844970703,1.962167739868164,1.962167739868164,2.035275936126709,2.1194934844970703,2.2119102478027344,2.3000926971435547,2.3000926971435547
2016-03-04,2016-02-02,2.271,2.1224281787872314,1.9568123817443848,1.9568123817443848,2.0345635414123535,2.1224281787872314,2.215664863586426,2.303070545196533,2.303070545196533
2016-03-07,2016-02-03,2.2805,2.1626880168914795,1.9843547344207764,1.9843547344207764,2.06838321685791,2.1626880168914795,2.2624406814575195,2.3554859161376953,2.3554859161376953
2016-03-08,2016-02-04,2.2185,2.212278366088867,2.020106077194214,2.020106077194214,2.110041618347168,2.212278366088867,2.3217244148254395,2.4240360260009766,2.4240360260009766
2016-03-09,2016-02-05,2.23,2.158663749694824,1.9590668678283691,1.9590668678283691,2.0529518127441406,2.158663749694824,2.2704997062683105,2.376753330230713,2.376753330230713
2016-03-10,2016-02-08,2.2175,2.137434720993042,1.9461711645126343,1.9461711645126343,2.036538600921631,2.137434720993042,2.24385929107666,2.3480653762817383,2.3480653762817383
2016-03-11,2016-02-09,2.2385,2.091398239135742,1.896287441253662,1.896287441253662,1.9889822006225586,2.091398239135742,2.198399066925049,2.3022665977478027,2.3022665977478027
2016-03-14,2016-02-10,2.237,2.079838275909424,1.8833307027816772,1.8833307027816772,1.9766433238983154,2.079838275909424,2.1883678436279297,2.2932276725769043,2.2932276725769043
2016-03-15,2016-02-11,2.231,2.0661070346832275,1.8923524618148804,1.8923524618148804,1.974797010421753,2.0661070346832275,2.1624770164489746,2.2547543048858643,2.2547543048858643
2016-03-16,2016-02-12,2.2315,2.1156537532806396,1.9547356367111206,1.9547356367111206,2.030245780944824,2.1156537532806396,2.2080674171447754,2.295273542404175,2.295273542404175
2016-03-17,2016-02-16,2.289,2.1321511268615723,1.9794368743896484,1.9794368743896484,2.0506584644317627,2.1321511268615723,2.220963478088379,2.304487705230713,2.304487705230713
2016-03-18,2016-02-17,2.2795,2.1797561645507812,2.0199780464172363,2.0199780464172363,2.0944108963012695,2.1797561645507812,2.273463726043701,2.3593063354492188,2.3593063354492188
2016-03-21,2016-02-18,2.2895,2.177828550338745,2.027952194213867,2.027952194213867,2.0979576110839844,2.177828550338745,2.2650065422058105,2.3447813987731934,2.3447813987731934
2016-03-22,2016-02-19,2.2845,2.194746255874634,2.043581962585449,2.043581962585449,2.1138155460357666,2.194746255874634,2.284359931945801,2.3659234046936035,2.3659234046936035
2016-03-23,2016-02-22,2.2305,2.240522623062134,2.084071159362793,2.084071159362793,2.156205177307129,2.240522623062134,2.3350982666015625,2.421062707901001,2.421062707901001
2016-03-24,2016-02-23,2.2245,2.2319564819335938,2.0826258659362793,2.0826258659362793,2.1517786979675293,2.2319564819335938,2.321892738342285,2.4045608043670654,2.4045608043670654
2016-03-28,2016-02-24,2.2415,2.2401909828186035,2.0894932746887207,2.0894932746887207,2.15964412689209,2.2401909828186035,2.330331802368164,2.4139156341552734,2.4139156341552734
2016-03-29,2016-02-25,2.2085,2.2112553119659424,2.0533366203308105,2.0533366203308105,2.127244472503662,2.2112553119659424,2.302114963531494,2.386086940765381,2.386086940765381
2016-03-30,2016-02-26,2.187,2.2391715049743652,2.081906795501709,2.081906795501709,2.1559386253356934,2.2391715049743652,2.3307650089263916,2.416625738143921,2.416625738143921
2016-03-31,2016-02-29,2.1815,2.2497975826263428,2.086076259613037,2.086076259613037,2.1634891033172607,2.2497975826263428,2.3446455001831055,2.4346506595611572,2.4346506595611572
2016-04-01,2016-03-01,2.161,2.2188401222229004,2.0524439811706543,2.0524439811706543,2.131340503692627,2.2188401222229004,2.314042329788208,2.405888795852661,2.405888795852661
2016-04-04,2016-03-02,2.138,2.229926824569702,2.064298629760742,2.064298629760742,2.142843723297119,2.229926824569702,2.32513689994812,2.419764995574951,2.419764995574951
2016-04-05,2016-03-03,2.135,2.265629768371582,2.0875766277313232,2.0875766277313232,2.171327590942383,2.265629768371582,2.368968963623047,2.470710515975952,2.470710515975952
2016-04-06,2016-03-04,2.1405,2.302267074584961,2.108882427215576,2.108882427215576,2.1985254287719727,2.302267074584961,2.4174437522888184,2.530777931213379,2.530777931213379
2016-04-07,2016-03-07,2.0745,2.31303334236145,2.1240601539611816,2.1240601539611816,2.2116522789001465,2.31303334236145,2.423953056335449,2.5320050716400146,2.5320050716400146
2016-04-08,2016-03-08,2.0865,2.276873826980591,2.1103386878967285,2.1103386878967285,2.189063787460327,2.276873826980591,2.369119167327881,2.460383892059326,2.460383892059326
2016-04-11,2016-03-09,2.0885,2.277480125427246,2.120744466781616,2.120744466781616,2.1946747303009033,2.277480125427246,2.363935947418213,2.449662446975708,2.449662446975708
2016-04-12,2016-03-10,2.145,2.283327579498291,2.1311912536621094,2.1311912536621094,2.202894926071167,2.283327579498291,2.367462158203125,2.449572801589966,2.449572801589966
2016-04-13,2016-03-11,2.1675,2.304276943206787,2.1551156044006348,2.1551156044006348,2.2256901264190674,2.304276943206787,2.3866987228393555,2.4660048484802246,2.4660048484802246
2016-04-14,2016-03-14,2.171,2.3045318126678467,2.160327911376953,2.160327911376953,2.2286012172698975,2.3045318126678467,2.384718656539917,2.4617486000061035,2.4617486000061035
2016-04-15,2016-03-15,2.152,2.2935354709625244,2.148649215698242,2.148649215698242,2.217243194580078,2.2935354709625244,2.374508857727051,2.4529881477355957,2.4529881477355957
2016-04-18,2016-03-16,2.164,2.295881748199463,2.1523799896240234,2.1523799896240234,2.220100164413452,2.295881748199463,2.375535488128662,2.4518706798553467,2.4518706798553467
2016-04-19,2016-03-17,2.223,2.342900037765503,2.195850372314453,2.195850372314453,2.2657179832458496,2.342900037765503,2.424421787261963,2.5024895668029785,2.5024895668029785
2016-04-20,2016-03-18,2.242,2.340435743331909,2.1986138820648193,2.1986138820648193,2.2667481899261475,2.340435743331909,2.416952133178711,2.490550994873047,2.490550994873047
2016-04-21,2016-03-21,2.252,2.3366029262542725,2.1900339126586914,2.1900339126586914,2.2609939575195312,2.3366029262542725,2.4137959480285645,2.488368511199951,2.488368511199951
2016-04-22,2016-03-22,2.269,2.320758104324341,2.1671619415283203,2.1671619415283203,2.2414298057556152,2.320758104324341,2.401181936264038,2.479363203048706,2.479363203048706
2016-04-25,2016-03-23,2.2585,2.2557477951049805,2.082024097442627,2.082024097442627,2.1658568382263184,2.2557477951049805,2.3467867374420166,2.4352669715881348,2.4352669715881348
2016-04-26,2016-03-24,2.2485,2.2285892963409424,2.0596961975097656,2.0596961975097656,2.1409122943878174,2.2285892963409424,2.318364143371582,2.406967878341675,2.406967878341675
2016-04-27,2016-03-28,2.2205,2.245173692703247,2.075166940689087,2.075166940689087,2.1567814350128174,2.245173692703247,2.3374853134155273,2.429593563079834,2.429593563079834
2016-04-28,2016-03-29,2.2245,2.204613208770752,2.0260121822357178,2.0260121822357178,2.1114861965179443,2.204613208770752,2.3020100593566895,2.398824691772461,2.398824691772461
2016-04-29,2016-03-30,2.279,2.1747982501983643,2.000098466873169,2.000098466873169,2.0833141803741455,2.1747982501983643,2.27022385597229,2.36464524269104,2.36464524269104
2016-05-02,2016-03-31,2.2615,2.1699986457824707,2.002612829208374,2.002612829208374,2.082153797149658,2.1699986457824707,2.2619149684906006,2.3518354892730713,2.3518354892730713
2016-05-03,2016-04-01,2.2145,2.1567537784576416,1.9971833229064941,1.9971833229064941,2.0728492736816406,2.1567537784576416,2.243962526321411,2.3290531635284424,2.3290531635284424
2016-05-04,2016-04-04,2.183,2.1414923667907715,1.9824299812316895,1.9824299812316895,2.057987689971924,2.1414923667907715,2.2275662422180176,2.309588670730591,2.309588670730591
2016-05-05,2016-04-05,2.151,2.141669988632202,1.9761595726013184,1.9761595726013184,2.0544068813323975,2.141669988632202,2.23237681388855,2.3174760341644287,2.3174760341644287
2016-05-06,2016-04-06,2.151,2.136972665786743,1.979689359664917,1.979689359664917,2.053309917449951,2.136972665786743,2.2264275550842285,2.3113338947296143,2.3113338947296143
2016-05-09,2016-04-07,2.104,2.0632503032684326,1.8822762966156006,1.8822762966156006,1.9688634872436523,2.0632503032684326,2.1588659286499023,2.247645378112793,2.247645378112793
2016-05-10,2016-04-08,2.09,2.0674798488616943,1.8918230533599854,1.8918230533599854,1.9749494791030884,2.0674798488616943,2.1628663539886475,2.252218246459961,2.252218246459961
2016-05-11,2016-04-11,2.101,2.1068811416625977,1.933549165725708,1.933549165725708,2.014955759048462,2.1068811416625977,2.204322338104248,2.296741008758545,2.296741008758545
2016-05-12,2016-04-12,2.073,2.1716513633728027,1.9991271495819092,1.9991271495819092,2.079380989074707,2.1716513633728027,2.2693591117858887,2.3615877628326416,2.3615877628326416
2016-05-13,2016-04-13,2.075,2.1749954223632812,2.006678581237793,2.006678581237793,2.0855164527893066,2.1749954223632812,2.26967716217041,2.3591222763061523,2.3591222763061523
2016-05-16,2016-04-14,2.091,2.163403272628784,1.996596336364746,1.996596336364746,2.0750725269317627,2.163403272628784,2.257021903991699,2.3456923961639404,2.3456923961639404
2016-05-17,2016-04-15,2.092,2.1322245597839355,1.9620475769042969,1.9620475769042969,2.042490005493164,2.1322245597839355,2.226529121398926,2.3164658546447754,2.3164658546447754
2016-05-18,2016-04-18,2.0815,2.1702916622161865,2.0105652809143066,2.0105652809143066,2.0855469703674316,2.1702916622161865,2.2598795890808105,2.346855640411377,2.346855640411377
2016-05-19,2016-04-19,2.063,2.2378556728363037,2.055994749069214,2.055994749069214,2.1397788524627686,2.2378556728363037,2.3442466259002686,2.4463865756988525,2.4463865756988525
2016-05-20,2016-04-20,2.0585,2.2603471279144287,2.070223808288574,2.070223808288574,2.1575827598571777,2.2603471279144287,2.3714163303375244,2.478196144104004,2.478196144104004
2016-05-23,2016-04-21,2.0575,2.2696967124938965,2.085343837738037,2.085343837738037,2.1699295043945312,2.2696967124938965,2.377046585083008,2.479315996170044,2.479315996170044
2016-05-24,2016-04-22,2.0695,2.28214168548584,2.094942569732666,2.094942569732666,2.181098699569702,2.28214168548584,2.389820098876953,2.490285634994507,2.490285634994507
2016-05-25,2016-04-25,2.105,2.2637174129486084,2.0921032428741455,2.0921032428741455,2.17183780670166,2.2637174129486084,2.35917329788208,2.4489479064941406,2.4489479064941406
2016-05-26,2016-04-26,2.1065,2.2423365116119385,2.072854518890381,2.072854518890381,2.152322769165039,2.2423365116119385,2.3347697257995605,2.4211783409118652,2.4211783409118652
2016-05-27,2016-04-27,2.114,2.228635787963867,2.05784273147583,2.05784273147583,2.1378605365753174,2.228635787963867,2.32155179977417,2.4083619117736816,2.4083619117736816
2016-05-31,2016-04-28,2.0975,2.215388298034668,2.048279285430908,2.048279285430908,2.126333713531494,2.215388298034668,2.3070271015167236,2.391551971435547,2.391551971435547
2016-06-01,2016-04-29,2.0725,2.263463020324707,2.0829172134399414,2.0829172134399414,2.166861057281494,2.263463020324707,2.361894369125366,2.4495506286621094,2.4495506286621094
2016-06-02,2016-05-02,2.0695,2.2481677532196045,2.0711612701416016,2.0711612701416016,2.1539182662963867,2.2481677532196045,2.343065023422241,2.428443193435669,2.428443193435669
2016-06-03,2016-05-03,2.112,2.2209010124206543,2.0505473613739014,2.0505473613739014,2.130685806274414,2.2209010124206543,2.312131404876709,2.3965530395507812,2.3965530395507812
2016-06-06,2016-05-04,2.117,2.215402603149414,2.0461339950561523,2.0461339950561523,2.126178503036499,2.215402603149414,2.304218292236328,2.3864357471466064,2.3864357471466064
2016-06-07,2016-05-05,2.051,2.1878159046173096,2.018808603286743,2.018808603286743,2.0993785858154297,2.1878159046173096,2.27410626411438,2.3537895679473877,2.3537895679473877
2016-06-08,2016-05-06,2.0625,2.1856765747070312,2.0184128284454346,2.0184128284454346,2.097911834716797,2.1856765747070312,2.2718279361724854,2.350571632385254,2.350571632385254
2016-06-09,2016-05-09,2.04,2.140861749649048,1.9574306011199951,1.9574306011199951,2.0452194213867188,2.140861749649048,2.23313307762146,2.3165361881256104,2.3165361881256104
2016-06-10,2016-05-10,2.0315,2.1438355445861816,1.9691216945648193,1.9691216945648193,2.05271577835083,2.1438355445861816,2.2326908111572266,2.314962387084961,2.314962387084961
2016-06-13,2016-05-11,2.0575,2.1269562244415283,1.9453941583633423,1.9453941583633423,2.0306966304779053,2.1269562244415283,2.2250406742095947,2.318593740463257,2.318593740463257
2016-06-14,2016-05-12,2.0445,2.1038882732391357,1.9164113998413086,1.9164113998413086,2.0045571327209473,2.1038882732391357,2.205233573913574,2.3032169342041016,2.3032169342041016
2016-06-15,2016-05-13,2.0935,2.1089792251586914,1.9313831329345703,1.9313831329345703,2.0141611099243164,2.1089792251586914,2.2079575061798096,2.3041012287139893,2.3041012287139893
2016-06-16,2016-05-16,2.05,2.1152706146240234,1.9393810033798218,1.9393810033798218,2.021275520324707,2.1152706146240234,2.214740753173828,2.311508893966675,2.311508893966675
2016-06-17,2016-05-17,2.0525,2.116349697113037,1.9540448188781738,1.9540448188781738,2.0296037197113037,2.116349697113037,2.207357406616211,2.296314239501953,2.296314239501953
2016-06-20,2016-05-18,2.0935,2.094071388244629,1.9388236999511719,1.9388236999511719,2.011146068572998,2.094071388244629,2.1809921264648438,2.265596628189087,2.265596628189087
2016-06-21,2016-05-19,2.1165,2.0932936668395996,1.9310288429260254,1.9310288429260254,2.007035970687866,2.0932936668395996,2.1823084354400635,2.267564296722412,2.267564296722412
2016-06-22,2016-05-20,2.1355,2.0888476371765137,1.9358652830123901,1.9358652830123901,2.007781505584717,2.0888476371765137,2.17244815826416,2.253333568572998,2.253333568572998
2016-06-23,2016-05-23,2.1635,2.0842838287353516,1.925471305847168,1.925471305847168,1.9998483657836914,2.0842838287353516,2.1730704307556152,2.259289503097534,2.259289503097534
2016-06-24,2016-05-24,2.112,2.0858421325683594,1.9285407066345215,1.9285407066345215,2.0018398761749268,2.0858421325683594,2.1734416484832764,2.258324146270752,2.258324146270752
2016-06-27,2016-05-25,2.1265,2.1236629486083984,1.9691059589385986,1.9691059589385986,2.041358470916748,2.1236629486083984,2.208953380584717,2.291107416152954,2.291107416152954
2016-06-28,2016-05-26,2.17,2.1314539909362793,1.9787877798080444,1.9787877798080444,2.050652027130127,2.1314539909362793,2.2143430709838867,2.293692111968994,2.293692111968994
2016-06-29,2016-05-27,2.1835,2.118070602416992,1.9664280414581299,1.9664280414581299,2.0382184982299805,2.118070602416992,2.1998023986816406,2.277682304382324,2.277682304382324
2016-06-30,2016-05-31,2.1945,2.0994811058044434,1.9444139003753662,1.9444139003753662,2.0173821449279785,2.0994811058044434,2.1836376190185547,2.2626566886901855,2.2626566886901855
2016-07-01,2016-06-01,2.215,2.076366901397705,1.9115991592407227,1.9115991592407227,1.9892117977142334,2.076366901397705,2.1642181873321533,2.2463784217834473,2.2463784217834473
2016-07-05,2016-06-02,2.1815,2.090128183364868,1.9356598854064941,1.9356598854064941,2.008635997772217,2.090128183364868,2.172013998031616,2.2488951683044434,2.2488951683044434
2016-07-06,2016-06-03,2.1515,2.0905117988586426,1.9323160648345947,1.9323160648345947,2.0062098503112793,2.0905117988586426,2.1784279346466064,2.262681722640991,2.262681722640991
2016-07-07,2016-06-06,2.1225,2.084996223449707,1.9277088642120361,1.9277088642120361,2.001229763031006,2.084996223449707,2.173370361328125,2.2584760189056396,2.2584760189056396
2016-07-08,2016-06-07,2.1185,2.0318548679351807,1.8724312782287598,1.8724312782287598,1.9474217891693115,2.0318548679351807,2.1221070289611816,2.2082974910736084,2.2082974910736084
2016-07-11,2016-06-08,2.147,2.0357506275177,1.8771220445632935,1.8771220445632935,1.9516503810882568,2.0357506275177,2.126986265182495,2.214008331298828,2.214008331298828
2016-07-12,2016-06-09,2.211,2.0157296657562256,1.8622184991836548,1.8622184991836548,1.934268832206726,2.0157296657562256,2.1032912731170654,2.18601131439209,2.18601131439209
2016-07-13,2016-06-10,2.238,1.9963207244873047,1.8486738204956055,1.8486738204956055,1.9180231094360352,1.9963207244873047,2.080749988555908,2.159649133682251,2.159649133682251
2016-07-14,2016-06-13,2.241,2.0350892543792725,1.8888239860534668,1.8888239860534668,1.9575554132461548,2.0350892543792725,2.1199519634246826,2.200268030166626,2.200268030166626
2016-07-15,2016-06-14,2.2305,2.035017490386963,1.8943681716918945,1.8943681716918945,1.9611353874206543,2.035017490386963,2.1162149906158447,2.193695545196533,2.193695545196533
2016-07-18,2016-06-15,2.234,2.0695688724517822,1.9163298606872559,1.9163298606872559,1.988053560256958,2.0695688724517822,2.1581149101257324,2.2409708499908447,2.2409708499908447
2016-07-19,2016-06-16,2.2615,2.027468681335449,1.8832396268844604,1.8832396268844604,1.952772617340088,2.027468681335449,2.1117730140686035,2.192923069000244,2.192923069000244
2016-07-20,2016-06-17,2.252,2.0434179306030273,1.9004281759262085,1.9004281759262085,1.9689209461212158,2.0434179306030273,2.1253809928894043,2.2042250633239746,2.2042250633239746
2016-07-21,2016-06-20,2.256,2.08020281791687,1.9310129880905151,1.9310129880905151,2.0007195472717285,2.08020281791687,2.16310977935791,2.240675687789917,2.240675687789917
2016-07-22,2016-06-21,2.234,2.1125314235687256,1.960549235343933,1.960549235343933,2.031982421875,2.1125314235687256,2.196373462677002,2.2739646434783936,2.2739646434783936
2016-07-25,2016-06-22,2.216,2.1240856647491455,1.9707942008972168,1.9707942008972168,2.0428175926208496,2.1240856647491455,2.20892333984375,2.2870607376098633,2.2870607376098633
2016-07-26,2016-06-23,2.225,2.141008138656616,1.9755746126174927,1.9755746126174927,2.0530500411987305,2.141008138656616,2.232473373413086,2.3169074058532715,2.3169074058532715
2016-07-27,2016-06-24,2.185,2.1155974864959717,1.973069190979004,1.973069190979004,2.0411970615386963,2.1155974864959717,2.190675735473633,2.2638063430786133,2.2638063430786133
2016-07-28,2016-06-27,2.206,2.104621171951294,1.9477802515029907,1.9477802515029907,2.021759271621704,2.104621171951294,2.189201831817627,2.2722389698028564,2.2722389698028564
2016-07-29,2016-06-28,2.2205,2.13319730758667,1.9697046279907227,1.9697046279907227,2.046017646789551,2.13319730758667,2.2235465049743652,2.3126368522644043,2.3126368522644043
2016-08-01,2016-06-29,2.1965,2.149980068206787,1.9837260246276855,1.9837260246276855,2.06068754196167,2.149980068206787,2.244832992553711,2.3382110595703125,2.3382110595703125
2016-08-02,2016-06-30,2.2065,2.179269313812256,2.0041232109069824,2.0041232109069824,2.085787296295166,2.179269313812256,2.2792153358459473,2.374842882156372,2.374842882156372
2016-08-03,2016-07-01,2.196,2.1801023483276367,2.0083670616149902,2.0083670616149902,2.0886576175689697,2.1801023483276367,2.2754158973693848,2.366241455078125,2.366241455078125
2016-08-04,2016-07-05,2.174,2.153729200363159,1.9841116666793823,1.9841116666793823,2.0639381408691406,2.153729200363159,2.2447519302368164,2.3309504985809326,2.3309504985809326
2016-08-05,2016-07-06,2.153,2.152651786804199,1.9972399473190308,1.9972399473190308,2.0710201263427734,2.152651786804199,2.23506498336792,2.3148205280303955,2.3148205280303955
2016-08-08,2016-07-07,2.164,2.130866050720215,1.9825654029846191,1.9825654029846191,2.053717613220215,2.130866050720215,2.208709239959717,2.28292179107666,2.28292179107666
2016-08-09,2016-07-08,2.1495,2.127187728881836,1.9727180004119873,1.9727180004119873,2.047377109527588,2.127187728881836,2.209315776824951,2.2867820262908936,2.2867820262908936
2016-08-10,2016-07-11,2.1705,2.1474907398223877,1.99043869972229,1.99043869972229,2.065239429473877,2.1474907398223877,2.2307512760162354,2.3077232837677,2.3077232837677
2016-08-11,2016-07-12,2.19,2.202908754348755,2.0329461097717285,2.0329461097717285,2.1129226684570312,2.202908754348755,2.295072555541992,2.3799045085906982,2.3799045085906982
2016-08-12,2016-07-13,2.1405,2.238253355026245,2.059152364730835,2.059152364730835,2.1435868740081787,2.238253355026245,2.3339967727661133,2.420545816421509,2.420545816421509
2016-08-15,2016-07-14,2.1515,2.253385543823242,2.0789268016815186,2.0789268016815186,2.1619675159454346,2.253385543823242,2.343729019165039,2.426065683364868,2.426065683364868
2016-08-16,2016-07-15,2.172,2.2340524196624756,2.061544895172119,2.061544895172119,2.144235134124756,2.2340524196624756,2.3221240043640137,2.403510570526123,2.403510570526123
2016-08-17,2016-07-18,2.152,2.2185909748077393,2.0411813259124756,2.0411813259124756,2.126164674758911,2.2185909748077393,2.3093013763427734,2.3936941623687744,2.3936941623687744
2016-08-18,2016-07-19,2.167,2.2347729206085205,2.0634303092956543,2.0634303092956543,2.14536190032959,2.2347729206085205,2.322812557220459,2.4065821170806885,2.4065821170806885
2016-08-19,2016-07-20,2.1665,2.2107574939727783,2.0281994342803955,2.0281994342803955,2.115264892578125,2.2107574939727783,2.305422782897949,2.3959524631500244,2.3959524631500244
2016-08-22,2016-07-21,2.14,2.215853214263916,2.033970594406128,2.033970594406128,2.1208858489990234,2.215853214263916,2.310029983520508,2.4008612632751465,2.4008612632751465
2016-08-23,2016-07-22,2.115,2.20167875289917,2.0198898315429688,2.0198898315429688,2.106672525405884,2.20167875289917,2.295989513397217,2.3876190185546875,2.3876190185546875
2016-08-24,2016-07-25,2.076,2.208416223526001,2.0302481651306152,2.0302481651306152,2.115828037261963,2.208416223526001,2.30234956741333,2.3939380645751953,2.3939380645751953
2016-08-25,2016-07-26,2.0755,2.194380760192871,2.018108367919922,2.018108367919922,2.102325916290283,2.194380760192871,2.287792205810547,2.3789501190185547,2.3789501190185547
2016-08-26,2016-07-27,2.075,2.174342155456543,1.9978587627410889,1.9978587627410889,2.0828776359558105,2.174342155456543,2.265113353729248,2.3525850772857666,2.3525850772857666
2016-08-29,2016-07-28,2.0725,2.2196552753448486,2.0587944984436035,2.0587944984436035,2.1362860202789307,2.2196552753448486,2.303934097290039,2.3860392570495605,2.3860392570495605
2016-08-30,2016-07-29,2.069,2.2484281063079834,2.095069169998169,2.095069169998169,2.168792724609375,2.2484281063079834,2.3292064666748047,2.406973123550415,2.406973123550415
2016-08-31,2016-08-01,2.0695,2.2078568935394287,2.051830768585205,2.051830768585205,2.1270594596862793,2.2078568935394287,2.288574457168579,2.365593194961548,2.365593194961548
2016-09-01,2016-08-02,2.0685,2.2148475646972656,2.0614116191864014,2.0614116191864014,2.1352627277374268,2.2148475646972656,2.294461488723755,2.370398759841919,2.370398759841919
2016-09-02,2016-08-03,2.0715,2.2029943466186523,2.0468192100524902,2.0468192100524902,2.122375011444092,2.2029943466186523,2.2833917140960693,2.3611881732940674,2.3611881732940674
2016-09-06,2016-08-04,2.084,2.1925933361053467,2.030362606048584,2.030362606048584,2.108977794647217,2.1925933361053467,2.2751245498657227,2.354222297668457,2.354222297668457
2016-09-07,2016-08-05,2.093,2.190610885620117,2.0227882862091064,2.0227882862091064,2.1045191287994385,2.190610885620117,2.274783134460449,2.3552982807159424,2.3552982807159424
2016-09-08,2016-08-08,2.096,2.1851305961608887,2.0228586196899414,2.0228586196899414,2.101724624633789,2.1851305961608887,2.267538547515869,2.3466298580169678,2.3466298580169678
2016-09-09,2016-08-09,2.0885,2.1645240783691406,2.002979278564453,2.002979278564453,2.0814223289489746,2.1645240783691406,2.2468183040618896,2.325385093688965,2.325385093688965
2016-09-12,2016-08-10,2.096,2.18766450881958,2.0384976863861084,2.0384976863861084,2.110567569732666,2.18766450881958,2.264982223510742,2.340388298034668,2.340388298034668
2016-09-13,2016-08-11,2.0955,2.18581485748291,2.02345609664917,2.02345609664917,2.1014156341552734,2.18581485748291,2.2711124420166016,2.3529529571533203,2.3529529571533203
2016-09-14,2016-08-12,2.148,2.1330339908599854,1.9676895141601562,1.9676895141601562,2.0471315383911133,2.1330339908599854,2.2183656692504883,2.3007185459136963,2.3007185459136963
2016-09-15,2016-08-15,2.152,2.1406097412109375,1.9789711236953735,1.9789711236953735,2.0564165115356445,2.1406097412109375,2.2248435020446777,2.307053565979004,2.307053565979004
2016-09-16,2016-08-16,2.1515,2.171816825866699,2.010488986968994,2.010488986968994,2.087726593017578,2.171816825866699,2.258026123046875,2.342162847518921,2.342162847518921
2016-09-19,2016-08-17,2.149,2.144160509109497,1.987785816192627,1.987785816192627,2.062283992767334,2.144160509109497,2.228311061859131,2.3105127811431885,2.3105127811431885
2016-09-20,2016-08-18,2.1555,2.170776605606079,2.01582407951355,2.01582407951355,2.089315891265869,2.170776605606079,2.2551331520080566,2.3366572856903076,2.3366572856903076
2016-09-21,2016-08-19,2.145,2.184027671813965,2.040684223175049,2.040684223175049,2.1085309982299805,2.184027671813965,2.263671636581421,2.3420331478118896,2.3420331478118896
2016-09-22,2016-08-22,2.1875,2.1685681343078613,2.0254695415496826,2.0254695415496826,2.0934383869171143,2.1685681343078613,2.2467103004455566,2.3227763175964355,2.3227763175964355
2016-09-23,2016-08-23,2.1925,2.1240522861480713,1.9744480848312378,1.9744480848312378,2.04608154296875,2.1240522861480713,2.2027924060821533,2.2779648303985596,2.2779648303985596
2016-09-26,2016-08-24,2.19,2.077512264251709,1.913695216178894,1.913695216178894,1.9918591976165771,2.077512264251709,2.161900043487549,2.240530014038086,2.240530014038086
2016-09-27,2016-08-25,2.1615,2.0704479217529297,1.9100968837738037,1.9100968837738037,1.9867039918899536,2.0704479217529297,2.153440475463867,2.231642007827759,2.231642007827759
2016-09-28,2016-08-26,2.1795,2.0532164573669434,1.8936994075775146,1.8936994075775146,1.9694303274154663,2.0532164573669434,2.1369972229003906,2.2151317596435547,2.2151317596435547
2016-09-29,2016-08-29,2.181,2.0482277870178223,1.887204885482788,1.887204885482788,1.9639683961868286,2.0482277870178223,2.133002281188965,2.2120680809020996,2.2120680809020996
2016-09-30,2016-08-30,2.202,2.0442495346069336,1.8848240375518799,1.8848240375518799,1.960814118385315,2.0442495346069336,2.1284985542297363,2.2071802616119385,2.2071802616119385
2016-10-03,2016-08-31,2.1835,2.039907932281494,1.8844192028045654,1.8844192028045654,1.958453893661499,2.039907932281494,2.122068166732788,2.1986594200134277,2.1986594200134277
2016-10-04,2016-09-01,2.1585,2.0590474605560303,1.9179359674453735,1.9179359674453735,1.9848638772964478,2.0590474605560303,2.134449005126953,2.2067813873291016,2.2067813873291016
2016-10-05,2016-09-02,2.156,2.0463268756866455,1.898693323135376,1.898693323135376,1.9687552452087402,2.0463268756866455,2.125575542449951,2.2016780376434326,2.2016780376434326
2016-10-06,2016-09-06,2.148,2.039165735244751,1.8950889110565186,1.8950889110565186,1.9635498523712158,2.039165735244751,2.117979049682617,2.1950271129608154,2.1950271129608154
2016-10-07,2016-09-07,2.1565,2.0584192276000977,1.9122505187988281,1.9122505187988281,1.981238842010498,2.0584192276000977,2.1388401985168457,2.2180795669555664,2.2180795669555664
2016-10-11,2016-09-08,2.1785,2.0636444091796875,1.9148778915405273,1.9148778915405273,1.98520827293396,2.0636444091796875,2.14628529548645,2.228107213973999,2.228107213973999
2016-10-12,2016-09-09,2.1695,2.041119337081909,1.9010570049285889,1.9010570049285889,1.9679110050201416,2.041119337081909,2.119326591491699,2.1977791786193848,2.1977791786193848
2016-10-13,2016-09-12,2.115,2.0746660232543945,1.9362869262695312,1.9362869262695312,2.0021250247955322,2.0746660232543945,2.153351068496704,2.2314796447753906,2.2314796447753906
2016-10-14,2016-09-13,2.1035,2.089066982269287,1.9584527015686035,1.9584527015686035,2.0204124450683594,2.089066982269287,2.1651906967163086,2.2422828674316406,2.2422828674316406
2016-10-17,2016-09-14,2.0995,2.149561882019043,2.004707098007202,2.004707098007202,2.071636915206909,2.149561882019043,2.2333450317382812,2.314018726348877,2.314018726348877
2016-10-18,2016-09-15,2.098,2.153150796890259,2.0102033615112305,2.0102033615112305,2.0772461891174316,2.153150796890259,2.233149290084839,2.3087575435638428,2.3087575435638428
2016-10-19,2016-09-16,2.097,2.1485064029693604,2.0049970149993896,2.0049970149993896,2.072277069091797,2.1485064029693604,2.227539539337158,2.301828622817993,2.301828622817993
2016-10-20,2016-09-19,2.0905,2.1609842777252197,2.018770933151245,2.018770933151245,2.086045742034912,2.1609842777252197,2.238992929458618,2.313333749771118,2.313333749771118
2016-10-21,2016-09-20,2.0835,2.1689953804016113,2.0203917026519775,2.0203917026519775,2.090484142303467,2.1689953804016113,2.2501888275146484,2.3264739513397217,2.3264739513397217
2016-10-24,2016-09-21,2.0875,2.156790018081665,2.0060245990753174,2.0060245990753174,2.077692985534668,2.156790018081665,2.2370681762695312,2.3127496242523193,2.3127496242523193
2016-10-25,2016-09-22,2.1325,2.2028934955596924,2.0482754707336426,2.0482754707336426,2.1208224296569824,2.2028934955596924,2.2864439487457275,2.3634872436523438,2.3634872436523438
2016-10-26,2016-09-23,2.1395,2.196462631225586,2.039261817932129,2.039261817932129,2.113025665283203,2.196462631225586,2.2804551124572754,2.3579225540161133,2.3579225540161133
2016-10-27,2016-09-26,2.1655,2.1802759170532227,2.0335159301757812,2.0335159301757812,2.10269832611084,2.1802759170532227,2.257347345352173,2.3309900760650635,2.3309900760650635
2016-10-28,2016-09-27,2.1885,2.162277936935425,2.010354995727539,2.010354995727539,2.082289695739746,2.162277936935425,2.2418413162231445,2.3180689811706543,2.3180689811706543
2016-10-31,2016-09-28,2.2005,2.1704444885253906,2.0168495178222656,2.0168495178222656,2.089280605316162,2.1704444885253906,2.251903533935547,2.3297407627105713,2.3297407627105713
2016-11-01,2016-09-29,2.2245,2.1680915355682373,2.0113112926483154,2.0113112926483154,2.085179328918457,2.1680915355682373,2.250988245010376,2.33031964302063,2.33031964302063
2016-11-02,2016-09-30,2.226,2.1917474269866943,2.0335094928741455,2.0335094928741455,2.1077284812927246,2.1917474269866943,2.277259588241577,2.359198808670044,2.359198808670044
2016-11-03,2016-10-03,2.2445,2.160820484161377,2.01226806640625,2.01226806640625,2.0825557708740234,2.160820484161377,2.239043712615967,2.314718246459961,2.314718246459961
2016-11-04,2016-10-04,2.261,2.1491141319274902,2.007133960723877,2.007133960723877,2.0746910572052,2.1491141319274902,2.22342586517334,2.2961208820343018,2.2961208820343018
2016-11-07,2016-10-05,2.3065,2.154808521270752,2.024958372116089,2.024958372116089,2.086463451385498,2.154808521270752,2.224231719970703,2.293095350265503,2.293095350265503
2016-11-08,2016-10-06,2.379,2.1411616802215576,2.006854772567749,2.006854772567749,2.070513963699341,2.1411616802215576,2.212522506713867,2.2822675704956055,2.2822675704956055
2016-11-09,2016-10-07,2.459,2.1439685821533203,2.0087575912475586,2.0087575912475586,2.0733132362365723,2.1439685821533203,2.215358257293701,2.284142017364502,2.284142017364502
2016-11-10,2016-10-11,2.5495,2.1652913093566895,2.0256457328796387,2.0256457328796387,2.091825008392334,2.1652913093566895,2.240291118621826,2.3113932609558105,2.3113932609558105
2016-11-14,2016-10-12,2.5185,2.164320945739746,2.0262255668640137,2.0262255668640137,2.092228412628174,2.164320945739746,2.2375001907348633,2.3077313899993896,2.3077313899993896
2016-11-15,2016-10-13,2.502,2.114534854888916,1.9610822200775146,1.9610822200775146,2.034756898880005,2.114534854888916,2.193010091781616,2.2671327590942383,2.2671327590942383
2016-11-16,2016-10-14,2.465,2.101400375366211,1.9446203708648682,1.9446203708648682,2.0202274322509766,2.101400375366211,2.180880069732666,2.255659818649292,2.255659818649292
2016-11-17,2016-10-17,2.4875,2.0979015827178955,1.937579870223999,1.937579870223999,2.014756441116333,2.0979015827178955,2.179450511932373,2.255589008331299,2.255589008331299
2016-11-18,2016-10-18,2.464,2.098391532897949,1.9384156465530396,1.9384156465530396,2.015411138534546,2.098391532897949,2.180053234100342,2.2557170391082764,2.2557170391082764
2016-11-21,2016-10-19,2.5125,2.095223903656006,1.9428703784942627,1.9428703784942627,2.0162909030914307,2.095223903656006,2.173039197921753,2.245914936065674,2.245914936065674
2016-11-22,2016-10-20,2.5425,2.095799207687378,1.9428484439849854,1.9428484439849854,2.0166587829589844,2.095799207687378,2.1739747524261475,2.246936321258545,2.246936321258545
2016-11-23,2016-10-21,2.606,2.0782370567321777,1.9237611293792725,1.9237611293792725,1.9985471963882446,2.0782370567321777,2.15803861618042,2.2334280014038086,2.2334280014038086
2016-11-25,2016-10-24,2.667,2.09318208694458,1.9397046566009521,1.9397046566009521,2.0135297775268555,2.09318208694458,2.173884153366089,2.2509407997131348,2.2509407997131348
2016-11-28,2016-10-25,2.656,2.1590499877929688,2.00435471534729,2.00435471534729,2.077385902404785,2.1590499877929688,2.244481086730957,2.3258728981018066,2.3258728981018066
2016-11-29,2016-10-26,2.595,2.167966842651367,2.0184316635131836,2.0184316635131836,2.0891261100769043,2.167966842651367,2.2505555152893066,2.329633951187134,2.329633951187134
2016-11-30,2016-10-27,2.6215,2.205308198928833,2.0556087493896484,2.0556087493896484,2.125504732131958,2.205308198928833,2.2906622886657715,2.3713796138763428,2.3713796138763428
2016-12-01,2016-10-28,2.6315,2.224205255508423,2.0781328678131104,2.0781328678131104,2.1457178592681885,2.224205255508423,2.309582233428955,2.3908193111419678,2.3908193111419678
2016-12-02,2016-10-31,2.615,2.2345805168151855,2.0900604724884033,2.0900604724884033,2.156838893890381,2.2345805168151855,2.3177566528320312,2.3966801166534424,2.3966801166534424
2016-12-05,2016-11-01,2.689,2.256136894226074,2.110812187194824,2.110812187194824,2.1778621673583984,2.256136894226074,2.3389933109283447,2.4157204627990723,2.4157204627990723
2016-12-06,2016-11-02,2.672,2.2623817920684814,2.1164145469665527,2.1164145469665527,2.183945417404175,2.2623817920684814,2.344243288040161,2.4203543663024902,2.4203543663024902
2016-12-07,2016-11-03,2.637,2.2769157886505127,2.1285407543182373,2.1285407543182373,2.197244644165039,2.2769157886505127,2.3595924377441406,2.4361608028411865,2.4361608028411865
2016-12-08,2016-11-04,2.62,2.304323434829712,2.1490652561187744,2.1490652561187744,2.220890522003174,2.304323434829712,2.389680862426758,2.4672677516937256,2.4672677516937256
2016-12-09,2016-11-07,2.642,2.356118679046631,2.1930627822875977,2.1930627822875977,2.268112897872925,2.356118679046631,2.4475598335266113,2.5291998386383057,2.5291998386383057
2016-12-12,2016-11-08,2.613,2.4133551120758057,2.2292673587799072,2.2292673587799072,2.3126776218414307,2.4133551120758057,2.52317476272583,2.6209778785705566,2.6209778785705566
2016-12-13,2016-11-09,2.593,2.4894983768463135,2.2773852348327637,2.2773852348327637,2.372039794921875,2.4894983768463135,2.622652530670166,2.7446043491363525,2.7446043491363525
2016-12-14,2016-11-10,2.6,2.5673627853393555,2.3088772296905518,2.3088772296905518,2.4248242378234863,2.5673627853393555,2.7340290546417236,2.9076929092407227,2.9076929092407227
2016-12-15,2016-11-14,2.596,2.550241231918335,2.320915937423706,2.320915937423706,2.4248642921447754,2.550241231918335,2.6855363845825195,2.8075013160705566,2.8075013160705566
2016-12-16,2016-11-15,2.561,2.5403149127960205,2.3144285678863525,2.3144285678863525,2.4175586700439453,2.5403149127960205,2.668978214263916,2.7850871086120605,2.7850871086120605
2016-12-19,2016-11-16,2.4965,2.4972710609436035,2.2892374992370605,2.2892374992370605,2.384589195251465,2.4972710609436035,2.61441969871521,2.7218241691589355,2.7218241691589355
2016-12-20,2016-11-17,2.4995,2.553271532058716,2.347979784011841,2.347979784011841,2.4424843788146973,2.553271532058716,2.670271396636963,2.7772064208984375,2.7772064208984375
2016-12-21,2016-11-18,2.4915,2.5208137035369873,2.3212735652923584,2.3212735652923584,2.413282871246338,2.5208137035369873,2.6334872245788574,2.737046480178833,2.737046480178833
2016-12-22,2016-11-21,2.4945,2.586780548095703,2.3777079582214355,2.3777079582214355,2.473846673965454,2.586780548095703,2.706895351409912,2.815347194671631,2.815347194671631
2016-12-23,2016-11-22,2.4725,2.618864059448242,2.4009132385253906,2.4009132385253906,2.5003368854522705,2.618864059448242,2.745373249053955,2.858893394470215,2.858893394470215
2016-12-27,2016-11-23,2.508,2.696887731552124,2.45554780960083,2.45554780960083,2.565670967102051,2.696887731552124,2.837824821472168,2.9637646675109863,2.9637646675109863
2016-12-28,2016-11-25,2.495,2.7803738117218018,2.5226101875305176,2.5226101875305176,2.641277551651001,2.7803738117218018,2.931699275970459,3.070250988006592,3.070250988006592
2016-12-29,2016-11-28,2.479,2.742833137512207,2.502042531967163,2.502042531967163,2.613211154937744,2.742833137512207,2.879786252975464,3.0020675659179688,3.0020675659179688
2016-12-30,2016-11-29,2.4975,2.6599154472351074,2.4352633953094482,2.4352633953094482,2.5393314361572266,2.6599154472351074,2.7839913368225098,2.8964200019836426,2.8964200019836426
2017-01-03,2016-11-30,2.481,2.703249454498291,2.476130485534668,2.476130485534668,2.582411766052246,2.703249454498291,2.828334093093872,2.942595958709717,2.942595958709717
2017-01-04,2016-12-01,2.548,2.707897424697876,2.4879565238952637,2.4879565238952637,2.5912981033325195,2.707897424697876,2.827523708343506,2.9362330436706543,2.9362330436706543
2017-01-05,2016-12-02,2.5295,2.664750576019287,2.4481594562530518,2.4481594562530518,2.550008773803711,2.664750576019287,2.7813425064086914,2.887845754623413,2.887845754623413
2017-01-06,2016-12-05,2.538,2.731834650039673,2.5066182613372803,2.5066182613372803,2.6125693321228027,2.731834650039673,2.854597568511963,2.966369152069092,2.966369152069092
2017-01-09,2016-12-06,2.53,2.703646183013916,2.4737799167633057,2.4737799167633057,2.582306385040283,2.703646183013916,2.82535982131958,2.9367623329162598,2.9367623329162598
2017-01-10,2016-12-07,2.6035,2.669006586074829,2.4450526237487793,2.4450526237487793,2.5509755611419678,2.669006586074829,2.7863411903381348,2.8951351642608643,2.8951351642608643
2017-01-11,2016-12-08,2.601,2.6455938816070557,2.425827980041504,2.425827980041504,2.529963493347168,2.6455938816070557,2.7600996494293213,2.8667285442352295,2.8667285442352295
2017-01-12,2016-12-09,2.6605,2.667213201522827,2.4522292613983154,2.4522292613983154,2.553938388824463,2.667213201522827,2.780628204345703,2.886366367340088,2.886366367340088
2017-01-13,2016-12-12,2.6805,2.643435478210449,2.433227777481079,2.433227777481079,2.5326590538024902,2.643435478210449,2.7546746730804443,2.8587169647216797,2.8587169647216797
2017-01-17,2016-12-13,2.6165,2.623805046081543,2.416578769683838,2.416578769683838,2.514517068862915,2.623805046081543,2.733344554901123,2.836489677429199,2.836489677429199
2017-01-18,2016-12-14,2.608,2.6389358043670654,2.436843156814575,2.436843156814575,2.532593250274658,2.6389358043670654,2.7468302249908447,2.8490495681762695,2.8490495681762695
2017-01-19,2016-12-15,2.6015,2.639345645904541,2.4439404010772705,2.4439404010772705,2.5365517139434814,2.639345645904541,2.743924140930176,2.844029188156128,2.844029188156128
2017-01-20,2016-12-16,2.617,2.5992536544799805,2.3942067623138428,2.3942067623138428,2.4911797046661377,2.5992536544799805,2.7082977294921875,2.812527656555176,2.812527656555176
2017-01-23,2016-12-19,2.6395,2.5508954524993896,2.3210387229919434,2.3210387229919434,2.4282212257385254,2.5508954524993896,2.6754775047302246,2.790393829345703,2.790393829345703
2017-01-24,2016-12-20,2.7005,2.5619866847991943,2.3520336151123047,2.3520336151123047,2.4500293731689453,2.5619866847991943,2.6771249771118164,2.785487651824951,2.785487651824951
2017-01-25,2016-12-21,2.7025,2.5309906005859375,2.336242914199829,2.336242914199829,2.4275147914886475,2.5309906005859375,2.6376662254333496,2.7395477294921875,2.7395477294921875
2017-01-26,2016-12-22,2.666,2.55456805229187,2.351451873779297,2.351451873779297,2.4469008445739746,2.55456805229187,2.6656250953674316,2.7715463638305664,2.7715463638305664
2017-01-27,2016-12-23,2.68,2.532835006713867,2.33180570602417,2.33180570602417,2.426546335220337,2.532835006713867,2.6419708728790283,2.746574878692627,2.746574878692627
2017-01-30,2016-12-27,2.6475,2.5623393058776855,2.364293098449707,2.364293098449707,2.4576120376586914,2.5623393058776855,2.6701242923736572,2.773500680923462,2.773500680923462
2017-01-31,2016-12-28,2.7215,2.5347840785980225,2.337433099746704,2.337433099746704,2.430510997772217,2.5347840785980225,2.640483856201172,2.741633653640747,2.741633653640747
2017-02-01,2016-12-29,2.7045,2.498422861099243,2.2948124408721924,2.2948124408721924,2.391205310821533,2.498422861099243,2.604698657989502,2.7055695056915283,2.7055695056915283
2017-02-02,2016-12-30,2.678,2.5114591121673584,2.311929702758789,2.311929702758789,2.4057745933532715,2.5114591121673584,2.618422508239746,2.720679521560669,2.720679521560669
2017-02-03,2017-01-03,2.6095,2.486370086669922,2.288421869277954,2.288421869277954,2.3815207481384277,2.486370086669922,2.591353416442871,2.6922507286071777,2.6922507286071777
2017-02-06,2017-01-04,2.6455,2.5597662925720215,2.361117124557495,2.361117124557495,2.453620672225952,2.5597662925720215,2.6704351902008057,2.7763864994049072,2.7763864994049072
2017-02-07,2017-01-05,2.626,2.5433638095855713,2.3443548679351807,2.3443548679351807,2.437244415283203,2.5433638095855713,2.6529417037963867,2.757884979248047,2.757884979248047
2017-02-08,2017-01-06,2.6605,2.5617427825927734,2.3618288040161133,2.3618288040161133,2.4550538063049316,2.5617427825927734,2.672473669052124,2.7786104679107666,2.7786104679107666
2017-02-09,2017-01-09,2.648,2.569153070449829,2.3712387084960938,2.3712387084960938,2.463836669921875,2.569153070449829,2.6782784461975098,2.782787799835205,2.782787799835205
2017-02-10,2017-01-10,2.762,2.6406211853027344,2.4396464824676514,2.4396464824676514,2.5328121185302734,2.6406211853027344,2.7578396797180176,2.8702285289764404,2.8702285289764404
2017-02-13,2017-01-11,2.7765,2.641140937805176,2.437863349914551,2.437863349914551,2.532266139984131,2.641140937805176,2.757960796356201,2.8686933517456055,2.8686933517456055
2017-02-14,2017-01-12,2.731,2.703949451446533,2.4876561164855957,2.4876561164855957,2.5875675678253174,2.703949451446533,2.831271171569824,2.9500842094421387,2.9500842094421387
2017-02-15,2017-01-13,2.736,2.7422428131103516,2.5179247856140137,2.5179247856140137,2.621738910675049,2.7422428131103516,2.8726754188537598,2.9933578968048096,2.9933578968048096
2017-02-16,2017-01-17,2.716,2.6793646812438965,2.4670450687408447,2.4670450687408447,2.5660958290100098,2.6793646812438965,2.7975564002990723,2.9085559844970703,2.9085559844970703
2017-02-17,2017-01-18,2.7055,2.660531759262085,2.443878412246704,2.443878412246704,2.5455267429351807,2.660531759262085,2.7789859771728516,2.8892877101898193,2.8892877101898193
2017-02-21,2017-01-19,2.7455,2.6438724994659424,2.4349961280822754,2.4349961280822754,2.5333378314971924,2.6438724994659424,2.7578020095825195,2.864224433898926,2.864224433898926
2017-02-22,2017-01-20,2.7325,2.6486525535583496,2.442126750946045,2.442126750946045,2.539644241333008,2.6486525535583496,2.7610559463500977,2.866414785385132,2.866414785385132
2017-02-23,2017-01-23,2.6425,2.6688034534454346,2.4667160511016846,2.4667160511016846,2.562227725982666,2.6688034534454346,2.7796645164489746,2.8832931518554688,2.8832931518554688
2017-02-24,2017-01-24,2.68,2.7194554805755615,2.5069313049316406,2.5069313049316406,2.6072323322296143,2.7194554805755615,2.8382010459899902,2.948624610900879,2.948624610900879
2017-02-27,2017-01-25,2.6875,2.714594841003418,2.4975197315216064,2.4975197315216064,2.599835157394409,2.714594841003418,2.8353538513183594,2.9476871490478516,2.9476871490478516
2017-02-28,2017-01-26,2.704,2.6606781482696533,2.448254108428955,2.448254108428955,2.548684597015381,2.6606781482696533,2.7755558490753174,2.883626699447632,2.883626699447632
2017-03-01,2017-01-27,2.7265,2.671534776687622,2.4593842029571533,2.4593842029571533,2.5595288276672363,2.671534776687622,2.7870993614196777,2.89656138420105,2.89656138420105
2017-03-02,2017-01-30,2.6795,2.6399753093719482,2.4260830879211426,2.4260830879211426,2.5272598266601562,2.6399753093719482,2.7547311782836914,2.8637585639953613,2.8637585639953613
2017-03-03,2017-01-31,2.687,2.714306354522705,2.4936981201171875,2.4936981201171875,2.597689151763916,2.714306354522705,2.835892677307129,2.951054811477661,2.951054811477661
2017-03-06,2017-02-01,2.643,2.705925464630127,2.49157452583313,2.49157452583313,2.5929718017578125,2.705925464630127,2.822303533554077,2.932084798812866,2.932084798812866
2017-03-07,2017-02-02,2.6095,2.6778953075408936,2.4656968116760254,2.4656968116760254,2.5663750171661377,2.6778953075408936,2.791301965713501,2.897979259490967,2.897979259490967
2017-03-08,2017-02-03,2.592,2.6041312217712402,2.3863542079925537,2.3863542079925537,2.4896626472473145,2.6041312217712402,2.718332529067993,2.8237569332122803,2.8237569332122803
2017-03-09,2017-02-06,2.57,2.658842086791992,2.4471614360809326,2.4471614360809326,2.547377824783325,2.658842086791992,2.7727298736572266,2.8784849643707275,2.8784849643707275
2017-03-10,2017-02-07,2.5865,2.657466411590576,2.449753761291504,2.449753761291504,2.548096179962158,2.657466411590576,2.7681636810302734,2.870222568511963,2.870222568511963
2017-03-13,2017-02-08,2.6165,2.6887710094451904,2.4874777793884277,2.4874777793884277,2.582821846008301,2.6887710094451904,2.7978086471557617,2.899580717086792,2.899580717086792
2017-03-14,2017-02-09,2.624,2.6630234718322754,2.4550857543945312,2.4550857543945312,2.5541858673095703,2.6630234718322754,2.7742159366607666,2.8776915073394775,2.8776915073394775
2017-03-15,2017-02-10,2.6455,2.7462892532348633,2.5341925621032715,2.5341925621032715,2.6345481872558594,2.7462892532348633,2.8650691509246826,2.9768221378326416,2.9768221378326416
2017-03-16,2017-02-13,2.6655,2.7717177867889404,2.5622472763061523,2.5622472763061523,2.661174774169922,2.7717177867889404,2.888631582260132,2.998727321624756,2.998727321624756
2017-03-17,2017-02-14,2.6795,2.7306430339813232,2.5235509872436523,2.5235509872436523,2.6216630935668945,2.7306430339813232,2.842975616455078,2.9490442276000977,2.9490442276000977
2017-03-20,2017-02-15,2.6555,2.734736919403076,2.520728826522827,2.520728826522827,2.622412919998169,2.734736919403076,2.849743366241455,2.958437919616699,2.958437919616699
2017-03-21,2017-02-16,2.61,2.712639331817627,2.4950006008148193,2.4950006008148193,2.5982155799865723,2.712639331817627,2.8283329010009766,2.9376754760742188,2.9376754760742188
2017-03-22,2017-02-17,2.622,2.700438976287842,2.484095811843872,2.484095811843872,2.586606979370117,2.700438976287842,2.8144378662109375,2.9227046966552734,2.9227046966552734
2017-03-23,2017-02-21,2.6365,2.745781421661377,2.530834913253784,2.530834913253784,2.632242202758789,2.745781421661377,2.8620963096618652,2.9733827114105225,2.9733827114105225
2017-03-24,2017-02-22,2.6235,2.743966579437256,2.5274152755737305,2.5274152755737305,2.6300649642944336,2.743966579437256,2.8598926067352295,2.9707746505737305,2.9707746505737305
2017-03-27,2017-02-23,2.625,2.6457345485687256,2.4129040241241455,2.4129040241241455,2.5225443840026855,2.6457345485687256,2.767425537109375,2.8812122344970703,2.8812122344970703
2017-03-28,2017-02-24,2.669,2.7210469245910645,2.5048322677612305,2.5048322677612305,2.606184959411621,2.7210469245910645,2.8357973098754883,2.944995403289795,2.944995403289795
2017-03-29,2017-02-27,2.67,2.7067792415618896,2.4913148880004883,2.4913148880004883,2.592801094055176,2.7067792415618896,2.8210129737854004,2.929640293121338,2.929640293121338
2017-03-30,2017-02-28,2.665,2.7358694076538086,2.5172038078308105,2.5172038078308105,2.6207356452941895,2.7358694076538086,2.8524398803710938,2.9630885124206543,2.9630885124206543
2017-03-31,2017-03-01,2.6465,2.761960983276367,2.540172576904297,2.540172576904297,2.645134449005127,2.761960983276367,2.880680561065674,2.992668867111206,2.992668867111206
2017-04-03,2017-03-02,2.5975,2.7438766956329346,2.5312132835388184,2.5312132835388184,2.6318187713623047,2.7438766956329346,2.856166362762451,2.9618747234344482,2.9618747234344482
2017-04-04,2017-03-03,2.606,2.765216588973999,2.5627431869506836,2.5627431869506836,2.658162832260132,2.765216588973999,2.8737926483154297,2.9782426357269287,2.9782426357269287
2017-04-05,2017-03-06,2.6755,2.6831302642822266,2.472818374633789,2.472818374633789,2.572784185409546,2.6831302642822266,2.7930421829223633,2.8968393802642822,2.8968393802642822
2017-04-06,2017-03-07,2.6555,2.640803813934326,2.4260904788970947,2.4260904788970947,2.5278172492980957,2.640803813934326,2.753328800201416,2.8591573238372803,2.8591573238372803
2017-04-07,2017-03-08,2.645,2.6264150142669678,2.413482666015625,2.413482666015625,2.5142996311187744,2.6264150142669678,2.7374019622802734,2.84123158454895,2.84123158454895
2017-04-10,2017-03-09,2.602,2.605361223220825,2.3920795917510986,2.3920795917510986,2.492522716522217,2.605361223220825,2.7171101570129395,2.820775032043457,2.820775032043457
2017-04-11,2017-03-10,2.606,2.626211404800415,2.4149770736694336,2.4149770736694336,2.514603614807129,2.626211404800415,2.7375950813293457,2.841184616088867,2.841184616088867
2017-04-12,2017-03-13,2.544,2.656985282897949,2.4454562664031982,2.4454562664031982,2.544924736022949,2.656985282897949,2.7705979347229004,2.8764777183532715,2.8764777183532715
2017-04-13,2017-03-14,2.5695,2.675931930541992,2.4625768661499023,2.4625768661499023,2.5626602172851562,2.675931930541992,2.7911081314086914,2.8990888595581055,2.8990888595581055
2017-04-17,2017-03-15,2.595,2.684436798095703,2.477023124694824,2.477023124694824,2.57391095161438,2.684436798095703,2.797724962234497,2.9040441513061523,2.9040441513061523
2017-04-18,2017-03-16,2.529,2.708127737045288,2.4988198280334473,2.4988198280334473,2.5967583656311035,2.708127737045288,2.823029041290283,2.930640697479248,2.930640697479248
2017-04-19,2017-03-17,2.5335,2.725233793258667,2.5107691287994385,2.5107691287994385,2.61134672164917,2.725233793258667,2.8421244621276855,2.9518134593963623,2.9518134593963623
2017-04-20,2017-03-20,2.541,2.7277867794036865,2.5146679878234863,2.5146679878234863,2.6139278411865234,2.7277867794036865,2.8433732986450195,2.9530184268951416,2.9530184268951416
2017-04-21,2017-03-21,2.5365,2.6116039752960205,2.3906090259552,2.3906090259552,2.493528127670288,2.6116039752960205,2.730052947998047,2.839543342590332,2.839543342590332
2017-04-24,2017-03-22,2.5535,2.6411004066467285,2.421710252761841,2.421710252761841,2.524290084838867,2.6411004066467285,2.760192632675171,2.870896339416504,2.870896339416504
2017-04-25,2017-03-23,2.582,2.6602156162261963,2.4438233375549316,2.4438233375549316,2.544677734375,2.6602156162261963,2.7796525955200195,2.890148162841797,2.890148162841797
2017-04-26,2017-03-24,2.591,2.6611313819885254,2.4484455585479736,2.4484455585479736,2.54732084274292,2.6611313819885254,2.7781944274902344,2.8857669830322266,2.8857669830322266
2017-04-27,2017-03-27,2.58,2.6835274696350098,2.4817593097686768,2.4817593097686768,2.5760092735290527,2.6835274696350098,2.794372081756592,2.898172378540039,2.898172378540039
2017-04-28,2017-03-28,2.5965,2.7108330726623535,2.5039961338043213,2.5039961338043213,2.6013379096984863,2.7108330726623535,2.823697566986084,2.928335189819336,2.928335189819336
2017-05-01,2017-03-29,2.65,2.7156407833099365,2.5101451873779297,2.5101451873779297,2.607186794281006,2.7156407833099365,2.827725410461426,2.9326400756835938,2.9326400756835938
2017-05-02,2017-03-30,2.625,2.6962122917175293,2.495046615600586,2.495046615600586,2.5904664993286133,2.6962122917175293,2.804316997528076,2.9049859046936035,2.9049859046936035
2017-05-03,2017-03-31,2.533,2.6689369678497314,2.4692604541778564,2.4692604541778564,2.563843250274658,2.6689369678497314,2.775883197784424,2.8752851486206055,2.8752851486206055
2017-05-04,2017-04-03,2.502,2.619417667388916,2.4135472774505615,2.4135472774505615,2.5107192993164062,2.619417667388916,2.7283854484558105,2.8279871940612793,2.8279871940612793
2017-05-05,2017-04-04,2.5195,2.639322519302368,2.435239315032959,2.435239315032959,2.531482458114624,2.639322519302368,2.748494863510132,2.8489487171173096,2.8489487171173096
2017-05-08,2017-04-05,2.4855,2.700194835662842,2.4943253993988037,2.4943253993988037,2.5908968448638916,2.700194835662842,2.812838077545166,2.9175987243652344,2.9175987243652344
2017-05-09,2017-04-06,2.49,2.6761474609375,2.4763503074645996,2.4763503074645996,2.569946765899658,2.6761474609375,2.7851181030273438,2.8871967792510986,2.8871967792510986
2017-05-10,2017-04-07,2.487,2.6677753925323486,2.463029146194458,2.463029146194458,2.5592284202575684,2.6677753925323486,2.7789835929870605,2.882033586502075,2.882033586502075
2017-05-11,2017-04-10,2.501,2.633143901824951,2.4276247024536133,2.4276247024536133,2.5239250659942627,2.633143901824951,2.743414878845215,2.8461060523986816,2.8461060523986816
2017-05-12,2017-04-11,2.518,2.65999174118042,2.4621009826660156,2.4621009826660156,2.553783416748047,2.65999174118042,2.7675695419311523,2.868521213531494,2.868521213531494
2017-05-15,2017-04-12,2.533,2.5459723472595215,2.3342461585998535,2.3342461585998535,2.4334828853607178,2.5459723472595215,2.657310962677002,2.7582814693450928,2.7582814693450928
2017-05-16,2017-04-13,2.5445,2.596595287322998,2.392728567123413,2.392728567123413,2.488645553588867,2.596595287322998,2.705923557281494,2.80613112449646,2.80613112449646
2017-05-17,2017-04-17,2.5425,2.6316404342651367,2.4361648559570312,2.4361648559570312,2.5280065536499023,2.6316404342651367,2.7373008728027344,2.833355188369751,2.833355188369751
2017-05-18,2017-04-18,2.5265,2.5985400676727295,2.4004123210906982,2.4004123210906982,2.493180751800537,2.5985400676727295,2.7029552459716797,2.7966177463531494,2.7966177463531494
2017-05-19,2017-04-19,2.574,2.5826334953308105,2.393115758895874,2.393115758895874,2.4824657440185547,2.5826334953308105,2.6823179721832275,2.77278733253479,2.77278733253479
2017-05-22,2017-04-20,2.589,2.5767691135406494,2.385636568069458,2.385636568069458,2.476391315460205,2.5767691135406494,2.6772477626800537,2.769141435623169,2.769141435623169
2017-05-23,2017-04-21,2.5905,2.55829119682312,2.365534543991089,2.365534543991089,2.4571757316589355,2.55829119682312,2.6602895259857178,2.754307985305786,2.754307985305786
2017-05-24,2017-04-24,2.578,2.5685923099517822,2.3800439834594727,2.3800439834594727,2.4696195125579834,2.5685923099517822,2.6686816215515137,2.7603352069854736,2.7603352069854736
2017-05-25,2017-04-25,2.592,2.5934524536132812,2.4076263904571533,2.4076263904571533,2.4954872131347656,2.5934524536132812,2.69401478767395,2.7861032485961914,2.7861032485961914
2017-05-26,2017-04-26,2.5595,2.6007280349731445,2.4202232360839844,2.4202232360839844,2.5055577754974365,2.6007280349731445,2.6978812217712402,2.7871053218841553,2.7871053218841553
2017-05-30,2017-04-27,2.561,2.5950231552124023,2.4115803241729736,2.4115803241729736,2.4984188079833984,2.5950231552124023,2.692683219909668,2.7835118770599365,2.7835118770599365
2017-05-31,2017-04-28,2.577,2.615854024887085,2.4241204261779785,2.4241204261779785,2.514139175415039,2.615854024887085,2.71960711479187,2.8160526752471924,2.8160526752471924
2017-06-01,2017-05-01,2.5845,2.6727042198181152,2.486751079559326,2.486751079559326,2.5729808807373047,2.6727042198181152,2.7775487899780273,2.8803353309631348,2.8803353309631348
2017-06-02,2017-05-02,2.5715,2.6413497924804688,2.451876401901245,2.451876401901245,2.540846824645996,2.6413497924804688,2.7440290451049805,2.8385822772979736,2.8385822772979736
2017-06-05,2017-05-03,2.5545,2.536588668823242,2.3325822353363037,2.3325822353363037,2.427955150604248,2.536588668823242,2.645012855529785,2.743791103363037,2.743791103363037
2017-06-06,2017-05-04,2.5445,2.5104284286499023,2.304703950881958,2.304703950881958,2.400238513946533,2.5104284286499023,2.6208343505859375,2.7209632396698,2.7209632396698
2017-06-07,2017-05-05,2.549,2.510176181793213,2.3049156665802,2.3049156665802,2.401782512664795,2.510176181793213,2.618889093399048,2.7173850536346436,2.7173850536346436
2017-06-08,2017-05-08,2.607,2.478041172027588,2.268383741378784,2.268383741378784,2.3678998947143555,2.478041172027588,2.5882954597473145,2.6884427070617676,2.6884427070617676
2017-06-09,2017-05-09,2.646,2.4945757389068604,2.293485164642334,2.293485164642334,2.388821840286255,2.4945757389068604,2.6020355224609375,2.70047926902771,2.70047926902771
2017-06-12,2017-05-10,2.6125,2.5116026401519775,2.3122012615203857,2.3122012615203857,2.4065582752227783,2.5116026401519775,2.6183698177337646,2.7162208557128906,2.7162208557128906
2017-06-13,2017-05-11,2.593,2.519864559173584,2.3287484645843506,2.3287484645843506,2.4194998741149902,2.519864559173584,2.6216304302215576,2.7155418395996094,2.7155418395996094
2017-06-14,2017-05-12,2.5705,2.5531668663024902,2.363154649734497,2.363154649734497,2.4533724784851074,2.5531668663024902,2.656040668487549,2.751491069793701,2.751491069793701
2017-06-15,2017-05-15,2.564,2.5739212036132812,2.381995916366577,2.381995916366577,2.4727423191070557,2.5739212036132812,2.678830146789551,2.7759768962860107,2.7759768962860107
2017-06-16,2017-05-16,2.5625,2.5856432914733887,2.3981575965881348,2.3981575965881348,2.4862518310546875,2.5856432914733887,2.6884958744049072,2.782709836959839,2.782709836959839
2017-06-19,2017-05-17,2.5895,2.5975942611694336,2.4134957790374756,2.4134957790374756,2.499737024307251,2.5975942611694336,2.6993212699890137,2.793147325515747,2.793147325515747
2017-06-20,2017-05-18,2.555,2.5690560340881348,2.3940634727478027,2.3940634727478027,2.476449489593506,2.5690560340881348,2.663395404815674,2.750608444213867,2.750608444213867
2017-06-21,2017-05-19,2.602,2.63122296333313,2.451103448867798,2.451103448867798,2.5354604721069336,2.63122296333313,2.7315518856048584,2.8243613243103027,2.8243613243103027
2017-06-22,2017-05-22,2.598,2.659611940383911,2.465839147567749,2.465839147567749,2.555863380432129,2.659611940383911,2.769680976867676,2.8712120056152344,2.8712120056152344
2017-06-23,2017-05-23,2.623,2.6482784748077393,2.46771240234375,2.46771240234375,2.5519232749938965,2.6482784748077393,2.74984073638916,2.844266891479492,2.844266891479492
2017-06-26,2017-05-24,2.625,2.6201677322387695,2.4455838203430176,2.4455838203430176,2.5279383659362793,2.6201677322387695,2.715306043624878,2.8035902976989746,2.8035902976989746
2017-06-27,2017-05-25,2.6465,2.6404201984405518,2.459669828414917,2.459669828414917,2.5445504188537598,2.6404201984405518,2.7405240535736084,2.8333725929260254,2.8333725929260254
2017-06-28,2017-05-26,2.662,2.5927047729492188,2.410836696624756,2.410836696624756,2.4960880279541016,2.5927047729492188,2.6922576427459717,2.7844643592834473,2.7844643592834473
2017-06-29,2017-05-30,2.683,2.5749142169952393,2.3868300914764404,2.3868300914764404,2.4758896827697754,2.5749142169952393,2.6754322052001953,2.76792573928833,2.76792573928833
2017-06-30,2017-05-31,2.699,2.5880064964294434,2.39837908744812,2.39837908744812,2.488679885864258,2.5880064964294434,2.689399242401123,2.783538818359375,2.783538818359375
2017-07-03,2017-06-01,2.681,2.5861666202545166,2.4045183658599854,2.4045183658599854,2.4909260272979736,2.5861666202545166,2.683830976486206,2.7744555473327637,2.7744555473327637
2017-07-05,2017-06-02,2.649,2.5659425258636475,2.383910655975342,2.383910655975342,2.4709081649780273,2.5659425258636475,2.661284923553467,2.7484772205352783,2.7484772205352783
2017-07-06,2017-06-05,2.6515,2.554324150085449,2.3809657096862793,2.3809657096862793,2.4641032218933105,2.554324150085449,2.6445960998535156,2.727893114089966,2.727893114089966
2017-07-07,2017-06-06,2.6375,2.5526280403137207,2.3744451999664307,2.3744451999664307,2.4604783058166504,2.5526280403137207,2.6450624465942383,2.7317190170288086,2.7317190170288086
2017-07-10,2017-06-07,2.6395,2.558218479156494,2.378408193588257,2.378408193588257,2.465139389038086,2.558218479156494,2.651679277420044,2.7392771244049072,2.7392771244049072
2017-07-11,2017-06-08,2.6645,2.6136417388916016,2.4374501705169678,2.4374501705169678,2.521552562713623,2.6136417388916016,2.708876609802246,2.7982566356658936,2.7982566356658936
2017-07-12,2017-06-09,2.677,2.6693203449249268,2.4902825355529785,2.4902825355529785,2.5751399993896484,2.6693203449249268,2.7688522338867188,2.8624701499938965,2.8624701499938965
2017-07-13,2017-06-12,2.6545,2.623337507247925,2.4621005058288574,2.4621005058288574,2.5393834114074707,2.623337507247925,2.7091245651245117,2.7903285026550293,2.7903285026550293
2017-07-14,2017-06-13,2.684,2.6194958686828613,2.4459779262542725,2.4459779262542725,2.528881788253784,2.6194958686828613,2.712271213531494,2.8000717163085938,2.8000717163085938
2017-07-17,2017-06-14,2.717,2.5846831798553467,2.3956286907196045,2.3956286907196045,2.486577033996582,2.5846831798553467,2.6840498447418213,2.77711820602417,2.77711820602417
2017-07-18,2017-06-15,2.7235,2.5875115394592285,2.411478042602539,2.411478042602539,2.4957821369171143,2.5875115394592285,2.6820549964904785,2.771759510040283,2.771759510040283
2017-07-19,2017-06-16,2.703,2.591071844100952,2.420335531234741,2.420335531234741,2.5023393630981445,2.591071844100952,2.682603359222412,2.7693030834198,2.7693030834198
2017-07-20,2017-06-19,2.7085,2.61405348777771,2.438877582550049,2.438877582550049,2.5229616165161133,2.61405348777771,2.708352565765381,2.7966554164886475,2.7966554164886475
2017-07-21,2017-06-20,2.715,2.56400990486145,2.3857340812683105,2.3857340812683105,2.4717953205108643,2.56400990486145,2.6571640968322754,2.743900775909424,2.743900775909424
2017-07-24,2017-06-21,2.729,2.602212905883789,2.4194416999816895,2.4194416999816895,2.507571220397949,2.602212905883789,2.6979498863220215,2.785688877105713,2.785688877105713
2017-07-25,2017-06-22,2.8405,2.602189064025879,2.417426824569702,2.417426824569702,2.5067830085754395,2.602189064025879,2.698272466659546,2.7861263751983643,2.7861263751983643
2017-07-26,2017-06-23,2.869,2.6241118907928467,2.44405460357666,2.44405460357666,2.530390739440918,2.6241118907928467,2.7197022438049316,2.80729079246521,2.80729079246521
2017-07-27,2017-06-26,2.874,2.6294920444488525,2.448688507080078,2.448688507080078,2.5351810455322266,2.6294920444488525,2.724195957183838,2.8103389739990234,2.8103389739990234
2017-07-28,2017-06-27,2.8705,2.666299343109131,2.4929301738739014,2.4929301738739014,2.5752811431884766,2.666299343109131,2.7596592903137207,2.8455324172973633,2.8455324172973633
2017-07-31,2017-06-28,2.888,2.692962646484375,2.5168049335479736,2.5168049335479736,2.6008248329162598,2.692962646484375,2.7878260612487793,2.875504493713379,2.875504493713379
2017-08-01,2017-06-29,2.879,2.707549810409546,2.5299315452575684,2.5299315452575684,2.6143698692321777,2.707549810409546,2.804236888885498,2.894409656524658,2.894409656524658
2017-08-02,2017-06-30,2.8825,2.7279164791107178,2.54691219329834,2.54691219329834,2.632784843444824,2.7279164791107178,2.8268392086029053,2.919018030166626,2.919018030166626
2017-08-03,2017-07-03,2.877,2.7113189697265625,2.5334601402282715,2.5334601402282715,2.61820387840271,2.7113189697265625,2.8063864707946777,2.8951003551483154,2.8951003551483154
2017-08-04,2017-07-05,2.885,2.6728880405426025,2.4990274906158447,2.4990274906158447,2.5824272632598877,2.6728880405426025,2.7631068229675293,2.8476977348327637,2.8476977348327637
2017-08-07,2017-07-06,2.908,2.6728856563568115,2.4952542781829834,2.4952542781829834,2.5804929733276367,2.6728856563568115,2.7650692462921143,2.8522517681121826,2.8522517681121826
2017-08-08,2017-07-07,2.9425,2.6483500003814697,2.463468313217163,2.463468313217163,2.5518784523010254,2.6483500003814697,2.744020938873291,2.8336689472198486,2.8336689472198486
2017-08-09,2017-07-10,2.93,2.659604549407959,2.484318971633911,2.484318971633911,2.5680465698242188,2.659604549407959,2.7512829303741455,2.8386664390563965,2.8386664390563965
2017-08-10,2017-07-11,2.906,2.6868340969085693,2.5126097202301025,2.5126097202301025,2.5963430404663086,2.6868340969085693,2.777672052383423,2.864409923553467,2.864409923553467
2017-08-11,2017-07-12,2.914,2.6912448406219482,2.5132360458374023,2.5132360458374023,2.5987071990966797,2.6912448406219482,2.783694267272949,2.870656728744507,2.870656728744507
2017-08-14,2017-07-13,2.9065,2.6513638496398926,2.4766123294830322,2.4766123294830322,2.5606908798217773,2.6513638496398926,2.7402334213256836,2.824136257171631,2.824136257171631
2017-08-15,2017-07-14,2.8845,2.6762452125549316,2.492326259613037,2.492326259613037,2.5807995796203613,2.6762452125549316,2.770315170288086,2.858572483062744,2.858572483062744
2017-08-16,2017-07-17,2.9545,2.7109246253967285,2.5195252895355225,2.5195252895355225,2.611656427383423,2.7109246253967285,2.811185836791992,2.905388832092285,2.905388832092285
2017-08-17,2017-07-18,2.938,2.7146778106689453,2.5283541679382324,2.5283541679382324,2.6178293228149414,2.7146778106689453,2.8121843338012695,2.903285503387451,2.903285503387451
2017-08-18,2017-07-19,2.9405,2.6980440616607666,2.516049861907959,2.516049861907959,2.6036572456359863,2.6980440616607666,2.791053533554077,2.877133846282959,2.877133846282959
2017-08-21,2017-07-20,2.981,2.7301201820373535,2.556039571762085,2.556039571762085,2.63980770111084,2.7301201820373535,2.8208799362182617,2.906144380569458,2.906144380569458
2017-08-22,2017-07-21,2.9865,2.7484655380249023,2.5777781009674072,2.5777781009674072,2.660142183303833,2.7484655380249023,2.837373733520508,2.920802116394043,2.920802116394043
2017-08-23,2017-07-24,2.9805,2.7592577934265137,2.5838165283203125,2.5838165283203125,2.6684298515319824,2.7592577934265137,2.850924253463745,2.9374101161956787,2.9374101161956787
2017-08-24,2017-07-25,3.0335,2.867927312850952,2.6691250801086426,2.6691250801086426,2.7630743980407715,2.867927312850952,2.9814021587371826,3.0896284580230713,3.0896284580230713
2017-08-25,2017-07-26,3.033,2.9104526042938232,2.7021875381469727,2.7021875381469727,2.7999815940856934,2.9104526042938232,3.030928611755371,3.147430896759033,3.147430896759033
2017-08-28,2017-07-27,3.065,2.913996696472168,2.7054250240325928,2.7054250240325928,2.8038368225097656,2.913996696472168,3.03208589553833,3.1439366340637207,3.1439366340637207
2017-08-29,2017-07-28,3.081,2.9031195640563965,2.7029778957366943,2.7029778957366943,2.797994375228882,2.9031195640563965,3.014400005340576,3.120022773742676,3.120022773742676
2017-08-30,2017-07-31,3.0645,2.9186155796051025,2.7122817039489746,2.7122817039489746,2.810279130935669,2.9186155796051025,3.0339832305908203,3.1434438228607178,3.1434438228607178
2017-08-31,2017-08-01,3.079,2.909856081008911,2.711858034133911,2.711858034133911,2.806226968765259,2.909856081008911,3.0195624828338623,3.123699426651001,3.123699426651001
2017-09-01,2017-08-02,3.098,2.9114999771118164,2.712341070175171,2.712341070175171,2.8081560134887695,2.9114999771118164,3.0191473960876465,3.1212289333343506,3.1212289333343506
2017-09-05,2017-08-03,3.1075,2.895585298538208,2.6968846321105957,2.6968846321105957,2.793342351913452,2.895585298538208,3.0000386238098145,3.0988268852233887,3.0988268852233887
2017-09-06,2017-08-04,3.1315,2.9039721488952637,2.7015271186828613,2.7015271186828613,2.7995858192443848,2.9039721488952637,3.010471820831299,3.1115200519561768,3.1115200519561768
2017-09-07,2017-08-07,3.123,2.931121349334717,2.7281341552734375,2.7281341552734375,2.8264942169189453,2.931121349334717,3.0386128425598145,3.140953779220581,3.140953779220581
2017-09-08,2017-08-08,3.0215,2.978256940841675,2.7657337188720703,2.7657337188720703,2.868739128112793,2.978256940841675,3.0928025245666504,3.202284812927246,3.202284812927246
2017-09-11,2017-08-09,3.046,2.9551682472229004,2.7416493892669678,2.7416493892669678,2.8455681800842285,2.9551682472229004,3.067324161529541,3.174199104309082,3.174199104309082
2017-09-12,2017-08-10,3.0155,2.9423513412475586,2.731041431427002,2.731041431427002,2.8340859413146973,2.9423513412475586,3.0514283180236816,3.155243396759033,3.155243396759033
2017-09-13,2017-08-11,2.961,2.9685370922088623,2.7680423259735107,2.7680423259735107,2.865544319152832,2.9685370922088623,3.073324203491211,3.173732042312622,3.173732042312622
2017-09-14,2017-08-14,2.9365,2.96256422996521,2.7664499282836914,2.7664499282836914,2.862271785736084,2.96256422996521,3.063504219055176,3.1598634719848633,3.1598634719848633
2017-09-15,2017-08-15,2.928,2.9367642402648926,2.749467134475708,2.749467134475708,2.8415281772613525,2.9367642402648926,3.0306167602539062,3.12129282951355,3.12129282951355
2017-09-18,2017-08-16,2.949,2.990671157836914,2.795663595199585,2.795663595199585,2.8909592628479004,2.990671157836914,3.0922374725341797,3.190345525741577,3.190345525741577
2017-09-19,2017-08-17,2.9495,2.9735560417175293,2.7788567543029785,2.7788567543029785,2.8738973140716553,2.9735560417175293,3.0739927291870117,3.1706886291503906,3.1706886291503906
2017-09-20,2017-08-18,2.9495,2.9698843955993652,2.7775461673736572,2.7775461673736572,2.87160062789917,2.9698843955993652,3.068352699279785,3.163177251815796,3.163177251815796
2017-09-21,2017-08-21,2.914,3.007094144821167,2.8113346099853516,2.8113346099853516,2.9063916206359863,3.007094144821167,3.109954595565796,3.208873748779297,3.208873748779297
2017-09-22,2017-08-22,2.9245,3.017040491104126,2.81437349319458,2.81437349319458,2.912749767303467,3.017040491104126,3.1234359741210938,3.225555658340454,3.225555658340454
2017-09-25,2017-08-23,2.9175,3.008744239807129,2.8077824115753174,2.8077824115753174,2.905329704284668,3.008744239807129,3.1137216091156006,3.214242696762085,3.214242696762085
2017-09-26,2017-08-24,2.8975,3.044849157333374,2.832271099090576,2.832271099090576,2.934549331665039,3.044849157333374,3.158906936645508,3.2667503356933594,3.2667503356933594
2017-09-27,2017-08-25,2.911,3.032381057739258,2.8171067237854004,2.8171067237854004,2.921359062194824,3.032381057739258,3.144962787628174,3.251058340072632,3.251058340072632
2017-09-28,2017-08-28,2.9625,3.0669302940368652,2.83357572555542,2.83357572555542,2.9458229541778564,3.0669302940368652,3.189985752105713,3.3056273460388184,3.3056273460388184
2017-09-29,2017-08-29,2.9375,3.089247941970825,2.8548583984375,2.8548583984375,2.9678313732147217,3.089247941970825,3.2113146781921387,3.3246426582336426,3.3246426582336426
2017-10-02,2017-08-30,2.9395,3.078796625137329,2.850898027420044,2.850898027420044,2.9616928100585938,3.078796625137329,3.1945419311523438,3.30264949798584,3.30264949798584
2017-10-03,2017-08-31,2.9485,3.0903990268707275,2.860731840133667,2.860731840133667,2.972787380218506,3.0903990268707275,3.205869674682617,3.313479423522949,3.313479423522949
2017-10-04,2017-09-01,2.9445,3.1117753982543945,2.8738367557525635,2.8738367557525635,2.9896225929260254,3.1117753982543945,3.2315316200256348,3.34244704246521,3.34244704246521
2017-10-05,2017-09-05,3.0315,3.1375386714935303,2.902710437774658,2.902710437774658,3.016533374786377,3.1375386714935303,3.2564990520477295,3.366147518157959,3.366147518157959
2017-10-06,2017-09-06,3.0145,3.159834384918213,2.921700954437256,2.921700954437256,3.0375924110412598,3.159834384918213,3.279951572418213,3.3900890350341797,3.3900890350341797
2017-10-09,2017-09-07,3.017,3.136375665664673,2.9077415466308594,2.9077415466308594,3.019850254058838,3.136375665664673,3.249344825744629,3.354567527770996,3.354567527770996
2017-10-10,2017-09-08,3.0455,3.0046985149383545,2.7725534439086914,2.7725534439086914,2.8851470947265625,3.0046985149383545,3.1184377670288086,3.2242584228515625,3.2242584228515625
2017-10-11,2017-09-11,3.08,3.011310338973999,2.7882332801818848,2.7882332801818848,2.8961973190307617,3.011310338973999,3.122023105621338,3.2250466346740723,3.2250466346740723
2017-10-12,2017-09-12,3.104,2.9809985160827637,2.7654225826263428,2.7654225826263428,2.8694872856140137,2.9809985160827637,3.088677406311035,3.189445734024048,3.189445734024048
2017-10-13,2017-09-13,3.1185,2.934377670288086,2.7072880268096924,2.7072880268096924,2.8162782192230225,2.934377670288086,3.0484516620635986,3.1546459197998047,3.1546459197998047
2017-10-16,2017-09-14,3.224,2.9342775344848633,2.698134422302246,2.698134422302246,2.8113646507263184,2.9342775344848633,3.0532960891723633,3.164659023284912,3.164659023284912
2017-10-17,2017-09-15,3.1805,2.943835735321045,2.714240074157715,2.714240074157715,2.824378252029419,2.943835735321045,3.060600519180298,3.1714353561401367,3.1714353561401367
2017-10-18,2017-09-18,3.1635,2.9675655364990234,2.7435109615325928,2.7435109615325928,2.8511433601379395,2.9675655364990234,3.0833675861358643,3.193844795227051,3.193844795227051
2017-10-19,2017-09-19,3.153,2.952968120574951,2.7289719581604004,2.7289719581604004,2.836580276489258,2.952968120574951,3.0687003135681152,3.1789815425872803,3.1789815425872803
2017-10-20,2017-09-20,3.1515,2.9611594676971436,2.7304646968841553,2.7304646968841553,2.840940475463867,2.9611594676971436,3.08154296875,3.1967945098876953,3.1967945098876953
2017-10-23,2017-09-21,3.174,2.9269683361053467,2.6977200508117676,2.6977200508117676,2.8077454566955566,2.9269683361053467,3.0448639392852783,3.1572837829589844,3.1572837829589844
2017-10-24,2017-09-22,3.1865,2.93986177444458,2.722524642944336,2.722524642944336,2.8270816802978516,2.93986177444458,3.052476644515991,3.1608986854553223,3.1608986854553223
2017-10-25,2017-09-25,3.1715,2.9291207790374756,2.71034836769104,2.71034836769104,2.8153653144836426,2.9291207790374756,3.0429232120513916,3.1526575088500977,3.1526575088500977
2017-10-26,2017-09-26,3.1675,2.921975612640381,2.700131893157959,2.700131893157959,2.8064961433410645,2.921975612640381,3.0365960597991943,3.1465811729431152,3.1465811729431152
2017-10-27,2017-09-27,3.0935,2.9477486610412598,2.7393550872802734,2.7393550872802734,2.839064598083496,2.9477486610412598,3.057422161102295,3.1639204025268555,3.1639204025268555
2017-10-30,2017-09-28,3.102,2.981250762939453,2.7686452865600586,2.7686452865600586,2.869980812072754,2.981250762939453,3.093654155731201,3.20082426071167,3.20082426071167
2017-10-31,2017-09-29,3.092,2.9498257637023926,2.749587059020996,2.749587059020996,2.845935106277466,2.9498257637023926,3.052021026611328,3.150789499282837,3.150789499282837
2017-11-01,2017-10-02,3.133,2.92740797996521,2.717259407043457,2.717259407043457,2.8179378509521484,2.92740797996521,3.0355584621429443,3.1392674446105957,3.1392674446105957
2017-11-02,2017-10-03,3.1355,2.9289162158966064,2.7227377891540527,2.7227377891540527,2.8214292526245117,2.9289162158966064,3.0357425212860107,3.1378331184387207,3.1378331184387207
2017-11-03,2017-10-04,3.1105,2.9358644485473633,2.737755537033081,2.737755537033081,2.833134174346924,2.9358644485473633,3.0377941131591797,3.13555908203125,3.13555908203125
2017-11-06,2017-10-05,3.1505,2.9993109703063965,2.772711992263794,2.772711992263794,2.880188465118408,2.9993109703063965,3.120760440826416,3.2355146408081055,3.2355146408081055
2017-11-07,2017-10-06,3.0825,3.0008699893951416,2.76298189163208,2.76298189163208,2.8764281272888184,3.0008699893951416,3.1256370544433594,3.2432613372802734,3.2432613372802734
2017-11-08,2017-10-09,3.093,3.022160291671753,2.7898809909820557,2.7898809909820557,2.901270866394043,3.022160291671753,3.144010066986084,3.2600290775299072,3.2600290775299072
2017-11-09,2017-10-10,3.08,3.055697441101074,2.8183131217956543,2.8183131217956543,2.9321746826171875,3.055697441101074,3.1809494495391846,3.3000433444976807,3.3000433444976807
2017-11-10,2017-10-11,3.0695,3.0984702110290527,2.8531076908111572,2.8531076908111572,2.9708731174468994,3.0984702110290527,3.2287778854370117,3.3527262210845947,3.3527262210845947
2017-11-13,2017-10-12,3.1115,3.140259265899658,2.88862943649292,2.88862943649292,3.0088095664978027,3.140259265899658,3.275381565093994,3.403517246246338,3.403517246246338
2017-11-14,2017-10-13,3.06,3.145785093307495,2.8853869438171387,2.8853869438171387,3.00962495803833,3.145785093307495,3.283668041229248,3.4120335578918457,3.4120335578918457
2017-11-15,2017-10-16,3.049,3.228090763092041,2.9423274993896484,2.9423274993896484,3.077221393585205,3.228090763092041,3.3896501064300537,3.5440969467163086,3.5440969467163086
2017-11-16,2017-10-17,3.0435,3.194847345352173,2.917466640472412,2.917466640472412,3.049792766571045,3.194847345352173,3.342249870300293,3.479715585708618,3.479715585708618
2017-11-17,2017-10-18,3.0625,3.213493824005127,2.9479141235351562,2.9479141235351562,3.0751142501831055,3.213493824005127,3.3519344329833984,3.481342315673828,3.481342315673828
2017-11-20,2017-10-19,3.0905,3.212702512741089,2.966402292251587,2.966402292251587,3.0844016075134277,3.212702512741089,3.3414783477783203,3.461873769760132,3.461873769760132
2017-11-21,2017-10-20,3.1255,3.1939780712127686,2.939669132232666,2.939669132232666,3.061887264251709,3.1939780712127686,3.3237197399139404,3.4436097145080566,3.4436097145080566
2017-11-22,2017-10-23,3.1345,3.2117724418640137,2.9658236503601074,2.9658236503601074,3.084969997406006,3.2117724418640137,3.3351893424987793,3.4497575759887695,3.4497575759887695
2017-11-24,2017-10-24,3.166,3.1915271282196045,2.9335100650787354,2.9335100650787354,3.057910919189453,3.1915271282196045,3.3205552101135254,3.438875198364258,3.438875198364258
2017-11-27,2017-10-25,3.1325,3.154700994491577,2.906511068344116,2.906511068344116,3.026170492172241,3.154700994491577,3.2791025638580322,3.3932363986968994,3.3932363986968994
2017-11-28,2017-10-26,3.0705,3.15645694732666,2.9151954650878906,2.9151954650878906,3.0316548347473145,3.15645694732666,3.2775166034698486,3.389370918273926,3.389370918273926
2017-11-29,2017-10-27,3.04,3.040835380554199,2.7966020107269287,2.7966020107269287,2.913283348083496,3.040835380554199,3.1648058891296387,3.2791125774383545,3.2791125774383545
2017-11-30,2017-10-30,3.037,3.0655574798583984,2.8101141452789307,2.8101141452789307,2.9323620796203613,3.0655574798583984,3.195826530456543,3.3172569274902344,3.3172569274902344
2017-12-01,2017-10-31,3.0655,3.087632179260254,2.849658489227295,2.849658489227295,2.964261531829834,3.087632179260254,3.208803176879883,3.323772430419922,3.323772430419922
2017-12-04,2017-11-01,3.063,3.1391725540161133,2.902064323425293,2.902064323425293,3.016226291656494,3.1391725540161133,3.262402296066284,3.379951000213623,3.379951000213623
2017-12-05,2017-11-02,2.9205,3.1781983375549316,2.9531030654907227,2.9531030654907227,3.062331438064575,3.1781983375549316,3.294450283050537,3.4062390327453613,3.4062390327453613
2017-12-06,2017-11-03,2.9365,3.158994436264038,2.9331178665161133,2.9331178665161133,3.042555809020996,3.158994436264038,3.2745532989501953,3.3861141204833984,3.3861141204833984
2017-12-07,2017-11-06,2.9405,3.177626609802246,2.942625045776367,2.942625045776367,3.056234359741211,3.177626609802246,3.2975308895111084,3.41180682182312,3.41180682182312
2017-12-08,2017-11-07,2.955,3.1134564876556396,2.880445957183838,2.880445957183838,2.992673873901367,3.1134564876556396,3.231374740600586,3.3432884216308594,3.3432884216308594
2017-12-11,2017-11-08,2.988,3.118494987487793,2.8873131275177,2.8873131275177,2.9986941814422607,3.118494987487793,3.2357466220855713,3.346548318862915,3.346548318862915
2017-12-12,2017-11-09,2.9995,3.127394914627075,2.9046549797058105,2.9046549797058105,3.0123229026794434,3.127394914627075,3.238818645477295,3.344320774078369,3.344320774078369
2017-12-13,2017-11-10,3.0295,3.1232447624206543,2.9069294929504395,2.9069294929504395,3.0114994049072266,3.1232447624206543,3.2317259311676025,3.334567070007324,3.334567070007324
2017-12-14,2017-11-13,3.0485,3.139165163040161,2.9214563369750977,2.9214563369750977,3.026636838912964,3.139165163040161,3.2497916221618652,3.3533082008361816,3.3533082008361816
2017-12-15,2017-11-14,3.11,3.0659563541412354,2.857241153717041,2.857241153717041,2.95858097076416,3.0659563541412354,3.1679813861846924,3.2632415294647217,3.2632415294647217
2017-12-18,2017-11-15,3.122,3.0674986839294434,2.849558115005493,2.849558115005493,2.954857349395752,3.0674986839294434,3.175478935241699,3.2759499549865723,3.2759499549865723
2017-12-19,2017-11-16,3.1275,3.063615322113037,2.855215549468994,2.855215549468994,2.9557714462280273,3.063615322113037,3.168813705444336,3.267331600189209,3.267331600189209
2017-12-20,2017-11-17,3.1715,3.0949621200561523,2.891378402709961,2.891378402709961,2.9895572662353516,3.0949621200561523,3.1997551918029785,3.2985963821411133,3.2985963821411133
2017-12-21,2017-11-20,3.1945,3.136841058731079,2.9325337409973145,2.9325337409973145,3.030756950378418,3.136841058731079,3.245450019836426,3.348184585571289,3.348184585571289
2017-12-22,2017-11-21,3.2145,3.1990468502044678,2.980274200439453,2.980274200439453,3.0852932929992676,3.1990468502044678,3.3170676231384277,3.4294939041137695,3.4294939041137695
2017-12-26,2017-11-22,3.256,3.2388148307800293,3.032866954803467,3.032866954803467,3.1323909759521484,3.2388148307800293,3.3495731353759766,3.456359386444092,3.456359386444092
2017-12-27,2017-11-24,3.257,3.2779061794281006,3.0750844478607178,3.0750844478607178,3.1732263565063477,3.2779061794281006,3.3879642486572266,3.494201183319092,3.494201183319092
2017-12-28,2017-11-27,3.286,3.2536933422088623,3.050806760787964,3.050806760787964,3.149869441986084,3.2536933422088623,3.360691785812378,3.4640018939971924,3.4640018939971924
2017-12-29,2017-11-28,3.2795,3.199009418487549,2.978977680206299,2.978977680206299,3.0857789516448975,3.199009418487549,3.3129005432128906,3.4220166206359863,3.4220166206359863
2018-01-02,2017-11-29,3.256,3.159815788269043,2.9296932220458984,2.9296932220458984,3.0409955978393555,3.159815788269043,3.278829336166382,3.390900135040283,3.390900135040283
2018-01-03,2017-11-30,3.237,3.143237829208374,2.9258666038513184,2.9258666038513184,3.031036376953125,3.143237829208374,3.25656795501709,3.362917900085449,3.362917900085449
2018-01-04,2017-12-01,3.2425,3.157254457473755,2.9431004524230957,2.9431004524230957,3.046501636505127,3.157254457473755,3.2701289653778076,3.375095844268799,3.375095844268799
2018-01-05,2017-12-04,3.207,3.1583411693573,2.9494428634643555,2.9494428634643555,3.050055980682373,3.1583411693573,3.26751446723938,3.368598461151123,3.368598461151123
2018-01-08,2017-12-05,3.201,3.0411508083343506,2.8014705181121826,2.8014705181121826,2.915889024734497,3.0411508083343506,3.160761833190918,3.265895128250122,3.265895128250122
2018-01-09,2017-12-06,3.1945,3.038790225982666,2.8070387840270996,2.8070387840270996,2.917531967163086,3.038790225982666,3.1571736335754395,3.2623462677001953,3.2623462677001953
2018-01-10,2017-12-07,3.215,3.0109763145446777,2.8026576042175293,2.8026576042175293,2.9022216796875,3.0109763145446777,3.116788864135742,3.2120747566223145,3.2120747566223145
2018-01-11,2017-12-08,3.2135,3.0285823345184326,2.8196845054626465,2.8196845054626465,2.919448137283325,3.0285823345184326,3.1360344886779785,3.234264850616455,3.234264850616455
2018-01-12,2017-12-11,3.2,3.0615763664245605,2.860412359237671,2.860412359237671,2.9561057090759277,3.0615763664245605,3.1674885749816895,3.2647576332092285,3.2647576332092285
2018-01-16,2017-12-12,3.199,3.0630617141723633,2.864409923553467,2.864409923553467,2.9589791297912598,3.0630617141723633,3.168264865875244,3.265411138534546,3.265411138534546
2018-01-17,2017-12-13,3.1665,3.091848373413086,2.8941822052001953,2.8941822052001953,2.988321304321289,3.091848373413086,3.1987662315368652,3.299663782119751,3.299663782119751
2018-01-18,2017-12-14,3.177,3.133805274963379,2.9269447326660156,2.9269447326660156,3.0253398418426514,3.133805274963379,3.247912883758545,3.3577046394348145,3.3577046394348145
2018-01-19,2017-12-15,3.167,3.210644245147705,3.000673770904541,3.000673770904541,3.100372791290283,3.210644245147705,3.3286046981811523,3.4432311058044434,3.4432311058044434
2018-01-22,2017-12-18,3.1775,3.223642587661743,3.0133509635925293,3.0133509635925293,3.1135001182556152,3.223642587661743,3.3411741256713867,3.4555931091308594,3.4555931091308594
2018-01-23,2017-12-19,3.0895,3.244054079055786,3.0336718559265137,3.0336718559265137,3.1345229148864746,3.244054079055786,3.360743522644043,3.4745125770568848,3.4745125770568848
2018-01-24,2017-12-20,3.2085,3.299006938934326,3.0663304328918457,3.0663304328918457,3.1771748065948486,3.299006938934326,3.429931640625,3.5566322803497314,3.5566322803497314
2018-01-25,2017-12-21,3.199,3.321316719055176,3.073240280151367,3.073240280151367,3.1910786628723145,3.321316719055176,3.4604296684265137,3.5930099487304688,3.5930099487304688
2018-01-26,2017-12-22,3.1825,3.3328607082366943,3.0892791748046875,3.0892791748046875,3.2050089836120605,3.3328607082366943,3.4694130420684814,3.5984408855438232,3.5984408855438232
2018-01-30,2017-12-26,3.177,3.386941909790039,3.1384341716766357,3.1384341716766357,3.2557950019836426,3.386941909790039,3.5279507637023926,3.659736156463623,3.659736156463623
2018-01-31,2017-12-27,3.184,3.3869810104370117,3.15421724319458,3.15421724319458,3.263805389404297,3.3869810104370117,3.517784595489502,3.6391777992248535,3.6391777992248535
2018-02-01,2017-12-28,3.197,3.4091429710388184,3.1573948860168457,3.1573948860168457,3.276129722595215,3.4091429710388184,3.547741174697876,3.6756443977355957,3.6756443977355957
2018-02-02,2017-12-29,3.1765,3.3758862018585205,3.1240406036376953,3.1240406036376953,3.2441115379333496,3.3758862018585205,3.5085690021514893,3.630038261413574,3.630038261413574
2018-02-05,2018-01-02,3.2105,3.3495230674743652,3.1054975986480713,3.1054975986480713,3.22267484664917,3.3495230674743652,3.474912643432617,3.5898890495300293,3.5898890495300293
2018-02-06,2018-01-03,3.1775,3.323026418685913,3.077859401702881,3.077859401702881,3.1954240798950195,3.323026418685913,3.448148250579834,3.562345504760742,3.562345504760742
2018-02-07,2018-01-04,3.0765,3.3281500339508057,3.087902545928955,3.087902545928955,3.2025821208953857,3.3281500339508057,3.4535131454467773,3.568570137023926,3.568570137023926
2018-02-08,2018-01-05,3.072,3.273068428039551,3.0344619750976562,3.0344619750976562,3.1485142707824707,3.273068428039551,3.396085739135742,3.510287284851074,3.510287284851074
2018-02-09,2018-01-08,3.0245,3.2622103691101074,3.0238218307495117,3.0238218307495117,3.13736891746521,3.2622103691101074,3.387342929840088,3.5039730072021484,3.5039730072021484
2018-02-12,2018-01-09,3.0775,3.2635114192962646,3.022972583770752,3.022972583770752,3.137559413909912,3.2635114192962646,3.3905632495880127,3.510313034057617,3.510313034057617
2018-02-13,2018-01-10,3.1545,3.2914483547210693,3.0540568828582764,3.0540568828582764,3.1670942306518555,3.2914483547210693,3.4166784286499023,3.535440444946289,3.535440444946289
2018-02-14,2018-01-11,3.2285,3.2637391090393066,3.035407066345215,3.035407066345215,3.1443567276000977,3.2637391090393066,3.3826990127563477,3.495971918106079,3.495971918106079
2018-02-15,2018-01-12,3.239,3.243602991104126,3.019279956817627,3.019279956817627,3.1267504692077637,3.243602991104126,3.3588857650756836,3.4681389331817627,3.4681389331817627
2018-02-16,2018-01-16,3.243,3.2353055477142334,3.000030517578125,3.000030517578125,3.1126461029052734,3.2353055477142334,3.355762481689453,3.4700703620910645,3.4700703620910645
2018-02-20,2018-01-17,3.186,3.18440580368042,2.9523422718048096,2.9523422718048096,3.0634169578552246,3.18440580368042,3.3010764122009277,3.4111275672912598,3.4111275672912598
2018-02-21,2018-01-18,3.2115,3.199669361114502,2.9776864051818848,2.9776864051818848,3.084036350250244,3.199669361114502,3.3130855560302734,3.421022415161133,3.421022415161133
2018-02-22,2018-01-19,3.2375,3.17566180229187,2.9575562477111816,2.9575562477111816,3.0620505809783936,3.17566180229187,3.286447525024414,3.391989231109619,3.391989231109619
2018-02-23,2018-01-22,3.2085,3.1976318359375,2.9948747158050537,2.9948747158050537,3.0913829803466797,3.1976318359375,3.3035833835601807,3.404322624206543,3.404322624206543
2018-02-26,2018-01-23,3.196,3.119140863418579,2.8876760005950928,2.8876760005950928,2.997558355331421,3.119140863418579,3.2353498935699463,3.342858076095581,3.342858076095581
2018-02-27,2018-01-24,3.1575,3.242514133453369,3.0163016319274902,3.0163016319274902,3.124053478240967,3.242514133453369,3.3600940704345703,3.4699296951293945,3.4699296951293945
2018-02-28,2018-01-25,3.1075,3.2396464347839355,3.0198628902435303,3.0198628902435303,3.1254425048828125,3.2396464347839355,3.352055549621582,3.4572672843933105,3.4572672843933105
2018-03-01,2018-01-26,3.0995,3.2500879764556885,3.021852970123291,3.021852970123291,3.131553888320923,3.2500879764556885,3.3670215606689453,3.4763104915618896,3.4763104915618896
2018-03-02,2018-01-30,3.101,3.2427330017089844,3.022848606109619,3.022848606109619,3.128523826599121,3.2427330017089844,3.3569183349609375,3.4644670486450195,3.4644670486450195
2018-03-05,2018-01-31,3.1055,3.2309470176696777,3.0117573738098145,3.0117573738098145,3.1168971061706543,3.2309470176696777,3.3445398807525635,3.4522647857666016,3.4522647857666016
2018-03-06,2018-02-01,3.137,3.2502989768981934,3.035163164138794,3.035163164138794,3.1387178897857666,3.2502989768981934,3.362987518310547,3.4714252948760986,3.4714252948760986
2018-03-07,2018-02-02,3.114,3.2348952293395996,3.0165467262268066,3.0165467262268066,3.1219825744628906,3.2348952293395996,3.348276138305664,3.4591264724731445,3.4591264724731445
2018-03-08,2018-02-05,3.0585,3.2599730491638184,3.0472476482391357,3.0472476482391357,3.1499500274658203,3.2599730491638184,3.3719325065612793,3.4820804595947266,3.4820804595947266
2018-03-09,2018-02-06,3.116,3.2070131301879883,2.9987680912017822,2.9987680912017822,3.0996532440185547,3.2070131301879883,3.314633846282959,3.4213080406188965,3.4213080406188965
2018-03-12,2018-02-07,3.104,3.126460552215576,2.887319564819336,2.887319564819336,3.0017714500427246,3.126460552215576,3.2454028129577637,3.35715651512146,3.35715651512146
2018-03-13,2018-02-08,3.119,3.150627374649048,2.9107983112335205,2.9107983112335205,3.0251846313476562,3.150627374649048,3.2728476524353027,3.3878402709960938,3.3878402709960938
2018-03-14,2018-02-09,3.14,3.1172730922698975,2.877228021621704,2.877228021621704,2.9913899898529053,3.1172730922698975,3.2399168014526367,3.353940486907959,3.353940486907959
2018-03-15,2018-02-12,3.111,3.175705909729004,2.9452931880950928,2.9452931880950928,3.0548272132873535,3.175705909729004,3.296743869781494,3.4102492332458496,3.4102492332458496
2018-03-16,2018-02-13,3.093,3.2561044692993164,3.0254898071289062,3.0254898071289062,3.134624481201172,3.2561044692993164,3.3803367614746094,3.495542526245117,3.495542526245117
2018-03-19,2018-02-14,3.0695,3.359387159347534,3.1185202598571777,3.1185202598571777,3.2316341400146484,3.359387159347534,3.494142770767212,3.6190669536590576,3.6190669536590576
2018-03-20,2018-02-15,3.0255,3.3961081504821777,3.155724048614502,3.155724048614502,3.2688136100769043,3.3961081504821777,3.5279524326324463,3.6502959728240967,3.6502959728240967
2018-03-21,2018-02-16,3.0485,3.37603497505188,3.1383304595947266,3.1383304595947266,3.251559257507324,3.37603497505188,3.5018839836120605,3.6200411319732666,3.6200411319732666
2018-03-22,2018-02-20,3.012,3.3164451122283936,3.0739645957946777,3.0739645957946777,3.190448045730591,3.3164451122283936,3.439791679382324,3.554931640625,3.554931640625
2018-03-23,2018-02-21,2.9845,3.357532024383545,3.113973379135132,3.113973379135132,3.230412483215332,3.357532024383545,3.4845290184020996,3.6033926010131836,3.6033926010131836
2018-03-26,2018-02-22,2.9605,3.3858964443206787,3.1491498947143555,3.1491498947143555,3.262167453765869,3.3858964443206787,3.5124435424804688,3.6314854621887207,3.6314854621887207
2018-03-27,2018-02-23,2.9915,3.3403000831604004,3.105344772338867,3.105344772338867,3.2176194190979004,3.3403000831604004,3.464743137359619,3.5830326080322266,3.5830326080322266
2018-03-28,2018-02-26,2.994,3.3077259063720703,3.078824996948242,3.078824996948242,3.1882879734039307,3.3077259063720703,3.4281773567199707,3.544264078140259,3.544264078140259
2018-03-29,2018-02-27,3.019,3.2561004161834717,3.0218889713287354,3.0218889713287354,3.1336915493011475,3.2561004161834717,3.3785133361816406,3.4969534873962402,3.4969534873962402
2018-04-02,2018-02-28,3.0405,3.2137465476989746,2.9701757431030273,2.9701757431030273,3.0868773460388184,3.2137465476989746,3.338184118270874,3.457180976867676,3.457180976867676
2018-04-03,2018-03-01,3.058,3.185112714767456,2.957455635070801,2.957455635070801,3.0669050216674805,3.185112714767456,3.3023455142974854,3.4158520698547363,3.4158520698547363
2018-04-04,2018-03-02,3.007,3.1870322227478027,2.961158514022827,2.961158514022827,3.070218086242676,3.1870322227478027,3.3033618927001953,3.4163169860839844,3.4163169860839844
2018-04-05,2018-03-05,3.0695,3.212188720703125,2.9829039573669434,2.9829039573669434,3.0932698249816895,3.212188720703125,3.33174991607666,3.448620319366455,3.448620319366455
2018-04-06,2018-03-06,3.054,3.227261781692505,3.002929210662842,3.002929210662842,3.1105966567993164,3.227261781692505,3.3465166091918945,3.464245080947876,3.464245080947876
2018-04-09,2018-03-07,3.0715,3.1790833473205566,2.962174892425537,2.962174892425537,3.0661675930023193,3.1790833473205566,3.293787956237793,3.408318042755127,3.408318042755127
2018-04-10,2018-03-08,3.131,3.1283483505249023,2.9006404876708984,2.9006404876708984,3.009768009185791,3.1283483505249023,3.2457680702209473,3.3616342544555664,3.3616342544555664
2018-04-11,2018-03-09,3.112,3.181079864501953,2.957543134689331,2.957543134689331,3.0649356842041016,3.181079864501953,3.296884059906006,3.412147045135498,3.412147045135498
2018-04-12,2018-03-12,3.06,3.2024905681610107,2.971695899963379,2.971695899963379,3.0822525024414062,3.2024905681610107,3.3232150077819824,3.443432569503784,3.443432569503784
2018-04-13,2018-03-13,3.0675,3.2005255222320557,2.9642832279205322,2.9642832279205322,3.0778932571411133,3.2005255222320557,3.3229658603668213,3.443470001220703,3.443470001220703
2018-04-16,2018-03-14,3.0915,3.214851140975952,2.974308967590332,2.974308967590332,3.090552568435669,3.214851140975952,3.33892822265625,3.459289073944092,3.459289073944092
2018-04-17,2018-03-15,3.075,3.188107967376709,2.951127529144287,2.951127529144287,3.0649139881134033,3.188107967376709,3.311141014099121,3.430957078933716,3.430957078933716
2018-04-18,2018-03-16,3.1535,3.1650781631469727,2.9244720935821533,2.9244720935821533,3.0392093658447266,3.1650781631469727,3.2906558513641357,3.4115514755249023,3.4115514755249023
2018-04-19,2018-03-19,3.128,3.132901668548584,2.895130157470703,2.895130157470703,3.008246898651123,3.132901668548584,3.2570173740386963,3.375701427459717,3.375701427459717
2018-04-20,2018-03-20,3.1315,3.0808420181274414,2.8481507301330566,2.8481507301330566,2.958590030670166,3.0808420181274414,3.2012054920196533,3.3155033588409424,3.3155033588409424
2018-04-23,2018-03-21,3.108,3.094043254852295,2.8677759170532227,2.8677759170532227,2.9751439094543457,3.094043254852295,3.212918281555176,3.326920509338379,3.326920509338379
2018-04-24,2018-03-22,3.1385,3.030134677886963,2.799050807952881,2.799050807952881,2.9088683128356934,3.030134677886963,3.15027117729187,3.265807867050171,3.265807867050171
2018-04-25,2018-03-23,3.132,2.987748384475708,2.7642295360565186,2.7642295360565186,2.8704581260681152,2.987748384475708,3.103508949279785,3.2147722244262695,3.2147722244262695
2018-04-26,2018-03-26,3.113,2.968315362930298,2.738865852355957,2.738865852355957,2.847795248031616,2.968315362930298,3.0885825157165527,3.2037439346313477,3.2037439346313477
2018-04-27,2018-03-27,3.046,3.0409035682678223,2.8095057010650635,2.8095057010650635,2.9186644554138184,3.0409035682678223,3.1644816398620605,3.2820301055908203,3.2820301055908203
2018-04-30,2018-03-28,3.0525,3.033759593963623,2.8086085319519043,2.8086085319519043,2.9145519733428955,3.033759593963623,3.155184268951416,3.2717137336730957,3.2717137336730957
2018-05-01,2018-03-29,3.015,3.0561513900756836,2.8361976146698,2.8361976146698,2.9399819374084473,3.0561513900756836,3.174081802368164,3.287398338317871,3.287398338317871
2018-05-02,2018-04-02,3.0475,3.068195343017578,2.851619005203247,2.851619005203247,2.9537370204925537,3.068195343017578,3.185110569000244,3.296685218811035,3.296685218811035
2018-05-03,2018-04-03,3.059,3.088402271270752,2.8729231357574463,2.8729231357574463,2.975038528442383,3.088402271270752,3.2032437324523926,3.3127057552337646,3.3127057552337646
2018-05-04,2018-04-04,3.0655,3.043405055999756,2.822133779525757,2.822133779525757,2.927295684814453,3.043405055999756,3.158977746963501,3.2701807022094727,3.2701807022094727
2018-05-07,2018-04-05,3.0595,3.088521718978882,2.857264280319214,2.857264280319214,2.9669582843780518,3.088521718978882,3.2109885215759277,3.326174736022949,3.326174736022949
2018-05-08,2018-04-06,3.0405,3.069709062576294,2.8373985290527344,2.8373985290527344,2.9486021995544434,3.069709062576294,3.1899235248565674,3.3028740882873535,3.3028740882873535
2018-05-09,2018-04-09,3.0395,3.126734733581543,2.895169258117676,2.895169258117676,3.004964828491211,3.126734733581543,3.251645565032959,3.369588613510132,3.369588613510132
2018-05-10,2018-04-10,3.0925,3.196739673614502,2.9517621994018555,2.9517621994018555,3.0663909912109375,3.196739673614502,3.334028482437134,3.4609246253967285,3.4609246253967285
2018-05-11,2018-04-11,3.095,3.158395767211914,2.9187841415405273,2.9187841415405273,3.031374931335449,3.158395767211914,3.2898263931274414,3.411328077316284,3.411328077316284
2018-05-14,2018-04-12,3.0785,3.1002440452575684,2.8723955154418945,2.8723955154418945,2.9800658226013184,3.1002440452575684,3.221383571624756,3.335240364074707,3.335240364074707
2018-05-15,2018-04-13,3.0425,3.1123836040496826,2.8842899799346924,2.8842899799346924,2.9920754432678223,3.1123836040496826,3.235650062561035,3.3527474403381348,3.3527474403381348
2018-05-16,2018-04-16,3.0585,3.1145830154418945,2.885148048400879,2.885148048400879,2.9936089515686035,3.1145830154418945,3.2381935119628906,3.3546576499938965,3.3546576499938965
2018-05-17,2018-04-17,3.077,3.0861246585845947,2.874495267868042,2.874495267868042,2.975620746612549,3.0861246585845947,3.197366714477539,3.3026208877563477,3.3026208877563477
2018-05-18,2018-04-18,3.051,3.1680781841278076,2.931387186050415,2.931387186050415,3.0437393188476562,3.1680781841278076,3.295806646347046,3.414883613586426,3.414883613586426
2018-05-21,2018-04-19,3.0855,3.156902313232422,2.924382209777832,2.924382209777832,3.0356903076171875,3.156902313232422,3.278174877166748,3.391230583190918,3.391230583190918
2018-05-22,2018-04-20,3.119,3.17600417137146,2.9476282596588135,2.9476282596588135,3.0571300983428955,3.17600417137146,3.29719877243042,3.4129183292388916,3.4129183292388916
2018-05-23,2018-04-23,3.0605,3.1545772552490234,2.9317262172698975,2.9317262172698975,3.0392630100250244,3.1545772552490234,3.270324945449829,3.3814313411712646,3.3814313411712646
2018-05-24,2018-04-24,3.0855,3.18692946434021,2.9630513191223145,2.9630513191223145,3.070573329925537,3.18692946434021,3.305492877960205,3.4185197353363037,3.4185197353363037
2018-05-25,2018-04-25,3.067,3.1835134029388428,2.961030960083008,2.961030960083008,3.068143367767334,3.1835134029388428,3.299058437347412,3.4091718196868896,3.4091718196868896
2018-05-29,2018-04-26,3.052,3.1637046337127686,2.9421281814575195,2.9421281814575195,3.0491533279418945,3.1637046337127686,3.277947187423706,3.3873696327209473,3.3873696327209473
2018-05-30,2018-04-27,3.0595,3.073277711868286,2.836362600326538,2.836362600326538,2.9503817558288574,3.073277711868286,3.1915102005004883,3.3008790016174316,3.3008790016174316
2018-05-31,2018-04-30,3.058,3.0828769207000732,2.8447818756103516,2.8447818756103516,2.9603512287139893,3.0828769207000732,3.2006516456604004,3.310481071472168,3.310481071472168
2018-06-01,2018-05-01,3.0915,3.060398578643799,2.820046901702881,2.820046901702881,2.935202121734619,3.060398578643799,3.1845040321350098,3.3010101318359375,3.3010101318359375
2018-06-04,2018-05-02,3.1265,3.1049258708953857,2.865827798843384,2.865827798843384,2.9793171882629395,3.1049258708953857,3.2333755493164062,3.3541793823242188,3.3541793823242188
2018-06-05,2018-05-03,3.191,3.12027645111084,2.8859713077545166,2.8859713077545166,2.99648380279541,3.12027645111084,3.248065233230591,3.367720127105713,3.367720127105713
2018-06-06,2018-05-04,3.2545,3.1156861782073975,2.8904709815979004,2.8904709815979004,2.996857166290283,3.1156861782073975,3.238952875137329,3.355685234069824,3.355685234069824
2018-06-07,2018-05-07,3.268,3.105242967605591,2.8869123458862305,2.8869123458862305,2.990389347076416,3.105242967605591,3.2262988090515137,3.3443799018859863,3.3443799018859863
2018-06-08,2018-05-08,3.293,3.0760741233825684,2.8598170280456543,2.8598170280456543,2.9628491401672363,3.0760741233825684,3.1939215660095215,3.309767246246338,3.309767246246338
2018-06-11,2018-05-09,3.2505,3.061800956726074,2.8596255779266357,2.8596255779266357,2.9564499855041504,3.061800956726074,3.1711320877075195,3.278866767883301,3.278866767883301
2018-06-12,2018-05-10,3.2425,3.115428924560547,2.8975985050201416,2.8975985050201416,3.001559257507324,3.115428924560547,3.2358124256134033,3.3538408279418945,3.3538408279418945
2018-06-13,2018-05-11,3.248,3.12428879737854,2.9050800800323486,2.9050800800323486,3.009970188140869,3.12428879737854,3.243135452270508,3.359402894973755,3.359402894973755
2018-06-14,2018-05-14,3.2165,3.1241190433502197,2.914008617401123,2.914008617401123,3.015413284301758,3.1241190433502197,3.2378532886505127,3.352123260498047,3.352123260498047
2018-06-15,2018-05-15,3.141,3.089611530303955,2.883222818374634,2.883222818374634,2.9833006858825684,3.089611530303955,3.1990606784820557,3.3093085289001465,3.3093085289001465
2018-06-18,2018-05-16,3.1035,3.1197669506073,2.9139885902404785,2.9139885902404785,3.0134286880493164,3.1197669506073,3.230846405029297,3.341888189315796,3.341888189315796
2018-06-19,2018-05-17,3.0465,3.1459765434265137,2.9419569969177246,2.9419569969177246,3.04032301902771,3.1459765434265137,3.256722927093506,3.3665363788604736,3.3665363788604736
2018-06-20,2018-05-18,3.0465,3.1054940223693848,2.9049155712127686,2.9049155712127686,3.0025906562805176,3.1054940223693848,3.2102904319763184,3.314169406890869,3.314169406890869
2018-06-21,2018-05-21,3.025,3.1253609657287598,2.917255401611328,2.917255401611328,3.018261432647705,3.1253609657287598,3.2355880737304688,3.3423426151275635,3.3423426151275635
2018-06-22,2018-05-22,3.0325,3.1809463500976562,2.965008497238159,2.965008497238159,3.0697264671325684,3.1809463500976562,3.2975645065307617,3.4095101356506348,3.4095101356506348
2018-06-25,2018-05-23,2.992,3.1400883197784424,2.932804584503174,2.932804584503174,3.0329465866088867,3.1400883197784424,3.251828670501709,3.361110210418701,3.361110210418701
2018-06-26,2018-05-24,2.997,3.1737446784973145,2.9633567333221436,2.9633567333221436,3.06386137008667,3.1737446784973145,3.2905406951904297,3.4035511016845703,3.4035511016845703
2018-06-27,2018-05-25,2.9895,3.165631055831909,2.959064245223999,2.959064245223999,3.057241678237915,3.165631055831909,3.2814526557922363,3.393596887588501,3.393596887588501
2018-06-28,2018-05-29,2.9535,3.131687641143799,2.938030958175659,2.938030958175659,3.0301718711853027,3.131687641143799,3.2395858764648438,3.344573974609375,3.344573974609375
2018-06-29,2018-05-30,2.951,3.1215758323669434,2.935473918914795,2.935473918914795,3.0242834091186523,3.1215758323669434,3.2253527641296387,3.327314853668213,3.327314853668213
2018-07-02,2018-05-31,2.9315,3.114288091659546,2.9306015968322754,2.9306015968322754,3.0189216136932373,3.114288091659546,3.214346408843994,3.312832832336426,3.312832832336426
2018-07-03,2018-06-01,2.906,3.1350040435791016,2.956555128097534,2.956555128097534,3.0418264865875244,3.1350040435791016,3.233881950378418,3.329033851623535,3.329033851623535
2018-07-05,2018-06-04,2.814,3.1863644123077393,2.989570140838623,2.989570140838623,3.0831069946289062,3.1863644123077393,3.297389030456543,3.4032633304595947,3.4032633304595947
2018-07-06,2018-06-05,2.813,3.2712562084198,3.0531461238861084,3.0531461238861084,3.1557374000549316,3.2712562084198,3.3974342346191406,3.5160534381866455,3.5160534381866455
2018-07-09,2018-06-06,2.839,3.360663414001465,3.1224520206451416,3.1224520206451416,3.2332119941711426,3.360663414001465,3.505364418029785,3.6420633792877197,3.6420633792877197
2018-07-10,2018-06-07,2.8285,3.351759910583496,3.0991837978363037,3.0991837978363037,3.217440605163574,3.351759910583496,3.4973177909851074,3.6321372985839844,3.6321372985839844
2018-07-11,2018-06-08,2.7335,3.3759374618530273,3.1212143898010254,3.1212143898010254,3.2405691146850586,3.3759374618530273,3.521144390106201,3.6549930572509766,3.6549930572509766
2018-07-12,2018-06-11,2.768,3.3219926357269287,3.08162522315979,3.08162522315979,3.195356845855713,3.3219926357269287,3.4530534744262695,3.574122667312622,3.574122667312622
2018-07-13,2018-06-12,2.77,3.2986538410186768,3.0616605281829834,3.0616605281829834,3.1749439239501953,3.2986538410186768,3.4242334365844727,3.5416812896728516,3.5416812896728516
2018-07-16,2018-06-13,2.757,3.274369955062866,3.039693593978882,3.039693593978882,3.152099609375,3.274369955062866,3.396233081817627,3.5086750984191895,3.5086750984191895
2018-07-17,2018-06-14,2.7395,3.2660393714904785,3.0378031730651855,3.0378031730651855,3.148322343826294,3.2660393714904785,3.381495714187622,3.4890825748443604,3.4890825748443604
2018-07-18,2018-06-15,2.752,3.1871774196624756,2.945561170578003,2.945561170578003,3.0623130798339844,3.1871774196624756,3.3076162338256836,3.4199976921081543,3.4199976921081543
2018-07-19,2018-06-18,2.686,3.150697946548462,2.907745361328125,2.907745361328125,3.0244884490966797,3.150697946548462,3.2729625701904297,3.3867459297180176,3.3867459297180176
2018-07-20,2018-06-19,2.746,3.0779078006744385,2.830887794494629,2.830887794494629,2.94883394241333,3.0779078006744385,3.2028603553771973,3.318939208984375,3.318939208984375
2018-07-23,2018-06-20,2.737,3.081573486328125,2.855867385864258,2.855867385864258,2.9636614322662354,3.081573486328125,3.1997790336608887,3.312847375869751,3.312847375869751
2018-07-24,2018-06-21,2.8,3.052680253982544,2.831542730331421,2.831542730331421,2.936891555786133,3.052680253982544,3.1715731620788574,3.287598133087158,3.287598133087158
2018-07-25,2018-06-22,2.806,3.064133405685425,2.84912109375,2.84912109375,2.9513120651245117,3.064133405685425,3.1823267936706543,3.2991292476654053,3.2991292476654053
2018-07-26,2018-06-25,2.804,3.005708932876587,2.792980670928955,2.792980670928955,2.894470691680908,3.005708932876587,3.120779037475586,3.2346439361572266,3.2346439361572266
2018-07-27,2018-06-26,2.7875,3.008347511291504,2.7947089672088623,2.7947089672088623,2.89619517326355,3.008347511291504,3.126342296600342,3.243694305419922,3.243694305419922
2018-07-30,2018-06-27,2.779,3.0028576850891113,2.7909646034240723,2.7909646034240723,2.8914976119995117,3.0028576850891113,3.1195807456970215,3.235429048538208,3.235429048538208
2018-07-31,2018-06-28,2.819,2.9552314281463623,2.743164539337158,2.743164539337158,2.8438100814819336,2.9552314281463623,3.0712180137634277,3.187931537628174,3.187931537628174
2018-08-01,2018-06-29,2.735,2.948878288269043,2.73966121673584,2.73966121673584,2.8384225368499756,2.948878288269043,3.06461238861084,3.1808512210845947,3.1808512210845947
2018-08-02,2018-07-02,2.727,2.9208571910858154,2.7110610008239746,2.7110610008239746,2.810385227203369,2.9208571910858154,3.0349268913269043,3.1496260166168213,3.1496260166168213
2018-08-03,2018-07-03,2.7535,2.882481098175049,2.6703240871429443,2.6703240871429443,2.770700454711914,2.882481098175049,2.996366024017334,3.109802722930908,3.109802722930908
2018-08-06,2018-07-05,2.721,2.814366340637207,2.568445920944214,2.568445920944214,2.6844050884246826,2.814366340637207,2.939828634262085,3.058407783508301,3.058407783508301
2018-08-07,2018-07-06,2.741,2.825094223022461,2.589906692504883,2.589906692504883,2.6998209953308105,2.825094223022461,2.9478511810302734,3.062922239303589,3.062922239303589
2018-08-08,2018-07-09,2.7405,2.8705711364746094,2.650447130203247,2.650447130203247,2.75311279296875,2.8705711364746094,2.987705707550049,3.0985286235809326,3.0985286235809326
2018-08-09,2018-07-10,2.7555,2.8487491607666016,2.6339221000671387,2.6339221000671387,2.733623504638672,2.8487491607666016,2.964745283126831,3.075971841812134,3.075971841812134
2018-08-10,2018-07-11,2.7325,2.813394784927368,2.5778446197509766,2.5778446197509766,2.6871180534362793,2.813394784927368,2.935516595840454,3.0477921962738037,3.0477921962738037
2018-08-13,2018-07-12,2.722,2.838015079498291,2.618133068084717,2.618133068084717,2.719449996948242,2.838015079498291,2.9556210041046143,3.0640833377838135,3.0640833377838135
2018-08-14,2018-07-13,2.6755,2.828928232192993,2.621276378631592,2.621276378631592,2.717106342315674,2.828928232192993,2.940829038619995,3.0448243618011475,3.0448243618011475
2018-08-15,2018-07-16,2.557,2.808645486831665,2.610454797744751,2.610454797744751,2.7017672061920166,2.808645486831665,2.917548656463623,3.0213205814361572,3.0213205814361572
2018-08-16,2018-07-17,2.6135,2.787559986114502,2.5883421897888184,2.5883421897888184,2.68037748336792,2.787559986114502,2.8971049785614014,3.0022482872009277,3.0022482872009277
2018-08-17,2018-07-18,2.6245,2.79003643989563,2.598747730255127,2.598747730255127,2.6873764991760254,2.79003643989563,2.896064043045044,2.998847484588623,2.998847484588623
2018-08-20,2018-07-19,2.6635,2.749434471130371,2.544978380203247,2.544978380203247,2.6404550075531006,2.749434471130371,2.8586106300354004,2.9630255699157715,2.9630255699157715
2018-08-21,2018-07-20,2.6895,2.825493812561035,2.6235435009002686,2.6235435009002686,2.7173023223876953,2.825493812561035,2.935678482055664,3.0393731594085693,3.0393731594085693
2018-08-22,2018-07-23,2.6685,2.784621238708496,2.5880513191223145,2.5880513191223145,2.6788177490234375,2.784621238708496,2.8943724632263184,2.9996109008789062,2.9996109008789062
2018-08-23,2018-07-24,2.6525,2.868617057800293,2.674091339111328,2.674091339111328,2.7634072303771973,2.868617057800293,2.980095624923706,3.0845837593078613,3.0845837593078613
2018-08-24,2018-07-25,2.699,2.8761038780212402,2.68076753616333,2.68076753616333,2.7702584266662598,2.8761038780212402,2.988123893737793,3.0924501419067383,3.0924501419067383
2018-08-27,2018-07-26,2.705,2.849048137664795,2.6563515663146973,2.6563515663146973,2.7447333335876465,2.849048137664795,2.9590938091278076,3.062844753265381,3.062844753265381
2018-08-28,2018-07-27,2.734,2.7968180179595947,2.6071298122406006,2.6071298122406006,2.694368839263916,2.7968180179595947,2.9018702507019043,2.999516725540161,2.999516725540161
2018-08-29,2018-07-30,2.709,2.795804977416992,2.601797103881836,2.601797103881836,2.691129207611084,2.795804977416992,2.9020192623138428,2.999953508377075,2.999953508377075
2018-08-30,2018-07-31,2.6905,2.856391191482544,2.6634719371795654,2.6634719371795654,2.752371072769165,2.856391191482544,2.9627256393432617,3.0599312782287598,3.0599312782287598
2018-08-31,2018-08-01,2.649,2.775496006011963,2.5807273387908936,2.5807273387908936,2.6696581840515137,2.775496006011963,2.882441520690918,2.9803240299224854,2.9803240299224854
2018-09-04,2018-08-02,2.5835,2.775364875793457,2.5767133235931396,2.5767133235931396,2.6675214767456055,2.775364875793457,2.882387161254883,2.977741003036499,2.977741003036499
2018-09-05,2018-08-03,2.5925,2.795206308364868,2.6058943271636963,2.6058943271636963,2.692286491394043,2.795206308364868,2.898291826248169,2.989210605621338,2.989210605621338
2018-09-06,2018-08-06,2.6185,2.7637577056884766,2.5854804515838623,2.5854804515838623,2.666879892349243,2.7637577056884766,2.85951828956604,2.943506956100464,2.943506956100464
2018-09-07,2018-08-07,2.6035,2.7809336185455322,2.6151504516601562,2.6151504516601562,2.6907591819763184,2.7809336185455322,2.870265007019043,2.9480581283569336,2.9480581283569336
2018-09-10,2018-08-08,2.6105,2.7747457027435303,2.6094419956207275,2.6094419956207275,2.6852333545684814,2.7747457027435303,2.8632214069366455,2.941572427749634,2.941572427749634
2018-09-11,2018-08-09,2.604,2.788214683532715,2.628632068634033,2.628632068634033,2.7020087242126465,2.788214683532715,2.873795747756958,2.9499351978302,2.9499351978302
2018-09-12,2018-08-10,2.6585,2.7820284366607666,2.613847255706787,2.613847255706787,2.691944122314453,2.7820284366607666,2.871570348739624,2.9521048069000244,2.9521048069000244
2018-09-13,2018-08-13,2.6645,2.787505626678467,2.607231616973877,2.607231616973877,2.691545009613037,2.787505626678467,2.882631540298462,2.968327522277832,2.968327522277832
2018-09-14,2018-08-14,2.6275,2.7440690994262695,2.557716131210327,2.557716131210327,2.6451809406280518,2.7440690994262695,2.84248423576355,2.9326701164245605,2.9326701164245605
2018-09-17,2018-08-15,2.6335,2.6834139823913574,2.4700355529785156,2.4700355529785156,2.5710668563842773,2.6834139823913574,2.792264461517334,2.8890597820281982,2.8890597820281982
2018-09-18,2018-08-16,2.712,2.740119218826294,2.541430950164795,2.541430950164795,2.6346287727355957,2.740119218826294,2.845911979675293,2.9404847621917725,2.9404847621917725
2018-09-19,2018-08-17,2.71,2.754909038543701,2.5599730014801025,2.5599730014801025,2.651170253753662,2.754909038543701,2.8600950241088867,2.9554660320281982,2.9554660320281982
2018-09-20,2018-08-20,2.721,2.8189499378204346,2.635032892227173,2.635032892227173,2.7216908931732178,2.8189499378204346,2.916347026824951,3.002622365951538,3.002622365951538
2018-09-21,2018-08-21,2.8365,2.8237144947052,2.6355464458465576,2.6355464458465576,2.723949432373047,2.8237144947052,2.9239697456359863,3.012855052947998,3.012855052947998
2018-09-24,2018-08-22,2.816,2.7946834564208984,2.6068363189697266,2.6068363189697266,2.694748878479004,2.7946834564208984,2.8941540718078613,2.9835729598999023,2.9835729598999023
2018-09-25,2018-08-23,2.8035,2.7847723960876465,2.592944860458374,2.592944860458374,2.682746171951294,2.7847723960876465,2.886361598968506,2.977958917617798,2.977958917617798
2018-09-26,2018-08-24,2.807,2.8262991905212402,2.6385319232940674,2.6385319232940674,2.7260117530822754,2.8262991905212402,2.9269440174102783,3.017260789871216,3.017260789871216
2018-09-27,2018-08-27,2.7645,2.836000442504883,2.6563587188720703,2.6563587188720703,2.7398436069488525,2.836000442504883,2.9326272010803223,3.0193443298339844,3.0193443298339844
2018-09-28,2018-08-28,2.787,2.8665785789489746,2.699406862258911,2.699406862258911,2.7770721912384033,2.8665785789489746,2.956578493118286,3.036156177520752,3.036156177520752
2018-10-01,2018-08-29,2.774,2.840388774871826,2.6851391792297363,2.6851391792297363,2.7580270767211914,2.840388774871826,2.9212629795074463,2.993695020675659,2.993695020675659
2018-10-02,2018-08-30,2.795,2.8205373287200928,2.6627438068389893,2.6627438068389893,2.7369625568389893,2.8205373287200928,2.9019718170166016,2.9752819538116455,2.9752819538116455
2018-10-03,2018-08-31,2.8225,2.798431873321533,2.641627550125122,2.641627550125122,2.7154242992401123,2.798431873321533,2.8787341117858887,2.950011968612671,2.950011968612671
2018-10-04,2018-09-04,2.765,2.748131275177002,2.573331832885742,2.573331832885742,2.6559228897094727,2.748131275177002,2.8366692066192627,2.914710521697998,2.914710521697998
2018-10-05,2018-09-05,2.751,2.7437286376953125,2.561441659927368,2.561441659927368,2.647092342376709,2.7437286376953125,2.839033603668213,2.923556327819824,2.923556327819824
2018-10-08,2018-09-06,2.755,2.7332422733306885,2.5558645725250244,2.5558645725250244,2.6385626792907715,2.7332422733306885,2.8298702239990234,2.9175546169281006,2.9175546169281006
2018-10-09,2018-09-07,2.795,2.702070474624634,2.5260660648345947,2.5260660648345947,2.607999086380005,2.702070474624634,2.7995965480804443,2.8886473178863525,2.8886473178863525
2018-10-10,2018-09-10,2.769,2.699119806289673,2.5266854763031006,2.5266854763031006,2.6062874794006348,2.699119806289673,2.797488212585449,2.887383460998535,2.887383460998535
2018-10-11,2018-09-11,2.797,2.679039239883423,2.5078225135803223,2.5078225135803223,2.5860514640808105,2.679039239883423,2.7792656421661377,2.872568368911743,2.872568368911743
2018-10-12,2018-09-12,2.793,2.7326033115386963,2.564274787902832,2.564274787902832,2.640789031982422,2.7326033115386963,2.828871250152588,2.9154281616210938,2.9154281616210938
2018-10-15,2018-09-13,2.7805,2.71989107131958,2.549741506576538,2.549741506576538,2.627694606781006,2.71989107131958,2.8155698776245117,2.9013888835906982,2.9013888835906982
2018-10-16,2018-09-14,2.7705,2.6842663288116455,2.5138046741485596,2.5138046741485596,2.592163562774658,2.6842663288116455,2.779421806335449,2.8648219108581543,2.8648219108581543
2018-10-17,2018-09-17,2.767,2.684932231903076,2.511240005493164,2.511240005493164,2.591287136077881,2.684932231903076,2.7819252014160156,2.869504451751709,2.869504451751709
2018-10-18,2018-09-18,2.7375,2.7365036010742188,2.562656879425049,2.562656879425049,2.6423749923706055,2.7365036010742188,2.8342857360839844,2.920769453048706,2.920769453048706
2018-10-19,2018-09-19,2.768,2.742137908935547,2.565311908721924,2.565311908721924,2.6461236476898193,2.742137908935547,2.8411269187927246,2.9281411170959473,2.9281411170959473
2018-10-22,2018-09-20,2.774,2.763747453689575,2.591247797012329,2.591247797012329,2.6698760986328125,2.763747453689575,2.860692024230957,2.9445295333862305,2.9445295333862305
2018-10-23,2018-09-21,2.747,2.8528153896331787,2.6681671142578125,2.6681671142578125,2.7510323524475098,2.8528153896331787,2.9626951217651367,3.0568082332611084,3.0568082332611084
2018-10-24,2018-09-24,2.7465,2.85776424407959,2.6749322414398193,2.6749322414398193,2.757356643676758,2.85776424407959,2.9631357192993164,3.052630662918091,3.052630662918091
2018-10-25,2018-09-25,2.7485,2.8645176887512207,2.6973886489868164,2.6973886489868164,2.7728962898254395,2.8645176887512207,2.9597978591918945,3.0407824516296387,3.0407824516296387
2018-10-26,2018-09-26,2.744,2.8727798461914062,2.7067079544067383,2.7067079544067383,2.7823359966278076,2.8727798461914062,2.9663896560668945,3.0462303161621094,3.0462303161621094
2018-10-29,2018-09-27,2.7385,2.8376657962799072,2.6641814708709717,2.6641814708709717,2.7439026832580566,2.8376657962799072,2.933171510696411,3.01564884185791,3.01564884185791
2018-10-30,2018-09-28,2.663,2.838958263397217,2.661832332611084,2.661832332611084,2.7427749633789062,2.838958263397217,2.9385032653808594,3.0245461463928223,3.0245461463928223
2018-10-31,2018-10-01,2.6635,2.8066675662994385,2.6238975524902344,2.6238975524902344,2.7084178924560547,2.8066675662994385,2.9075918197631836,2.9959914684295654,2.9959914684295654
2018-11-01,2018-10-02,2.7215,2.82149600982666,2.6402742862701416,2.6402742862701416,2.723857879638672,2.82149600982666,2.9224090576171875,3.0118002891540527,3.0118002891540527
2018-11-02,2018-10-03,2.803,2.8586134910583496,2.676361322402954,2.676361322402954,2.7594265937805176,2.8586134910583496,2.9627232551574707,3.054929256439209,3.054929256439209
2018-11-05,2018-10-04,2.7555,2.791303873062134,2.623478412628174,2.623478412628174,2.7006635665893555,2.791303873062134,2.882798194885254,2.9623827934265137,2.9623827934265137
2018-11-06,2018-10-05,2.7305,2.761453151702881,2.591444492340088,2.591444492340088,2.6703243255615234,2.761453151702881,2.8519649505615234,2.9300544261932373,2.9300544261932373
2018-11-07,2018-10-08,2.7525,2.783918857574463,2.6145567893981934,2.6145567893981934,2.693127155303955,2.783918857574463,2.874030351638794,2.9517900943756104,2.9517900943756104
2018-11-08,2018-10-09,2.737,2.793856382369995,2.6210029125213623,2.6210029125213623,2.700819969177246,2.793856382369995,2.887540340423584,2.9685380458831787,2.9685380458831787
2018-11-09,2018-10-10,2.6865,2.7744269371032715,2.598432779312134,2.598432779312134,2.680262565612793,2.7744269371032715,2.868074893951416,2.949124813079834,2.949124813079834
2018-11-12,2018-10-11,2.678,2.804645299911499,2.6253204345703125,2.6253204345703125,2.708618402481079,2.804645299911499,2.899848461151123,2.9817941188812256,2.9817941188812256
2018-11-13,2018-10-12,2.687,2.816232442855835,2.647109270095825,2.647109270095825,2.7259035110473633,2.816232442855835,2.9050865173339844,2.981192111968994,2.981192111968994
2018-11-14,2018-10-15,2.7095,2.8009464740753174,2.6343932151794434,2.6343932151794434,2.711947441101074,2.8009464740753174,2.8889570236206055,2.9651124477386475,2.9651124477386475
2018-11-15,2018-10-16,2.749,2.810321092605591,2.641051769256592,2.641051769256592,2.720165729522705,2.810321092605591,2.899047613143921,2.9758081436157227,2.9758081436157227
2018-11-16,2018-10-17,2.804,2.8374531269073486,2.681687355041504,2.681687355041504,2.754201889038086,2.8374531269073486,2.9199419021606445,2.990777015686035,2.990777015686035
2018-11-19,2018-10-18,2.8045,2.8233625888824463,2.670182466506958,2.670182466506958,2.7416157722473145,2.8233625888824463,2.9031708240509033,2.9713997840881348,2.9713997840881348
2018-11-20,2018-10-19,2.7665,2.8407955169677734,2.685450792312622,2.685450792312622,2.7577149868011475,2.8407955169677734,2.9230458736419678,2.9933252334594727,2.9933252334594727
2018-11-21,2018-10-22,2.7945,2.8398489952087402,2.6830337047576904,2.6830337047576904,2.7561416625976562,2.8398489952087402,2.9235687255859375,2.9962146282196045,2.9962146282196045
2018-11-23,2018-10-23,2.7705,2.8054938316345215,2.6391847133636475,2.6391847133636475,2.717573642730713,2.8054938316345215,2.8928287029266357,2.9701876640319824,2.9701876640319824
2018-11-26,2018-10-24,2.7585,2.7968783378601074,2.631287097930908,2.631287097930908,2.709287166595459,2.7968783378601074,2.884286403656006,2.9631223678588867,2.9631223678588867
2018-11-27,2018-10-25,2.7105,2.8275935649871826,2.6620616912841797,2.6620616912841797,2.7397122383117676,2.8275935649871826,2.916088104248047,2.9957988262176514,2.9957988262176514
2018-11-28,2018-10-26,2.796,2.8548424243927,2.7005021572113037,2.7005021572113037,2.7730865478515625,2.8548424243927,2.9357664585113525,3.007077217102051,3.007077217102051
2018-11-29,2018-10-29,2.778,2.8466758728027344,2.6918187141418457,2.6918187141418457,2.765080213546753,2.8466758728027344,2.9264254570007324,2.9962401390075684,2.9962401390075684
2018-11-30,2018-10-30,2.7775,2.7910282611846924,2.6150851249694824,2.6150851249694824,2.699155330657959,2.7910282611846924,2.877427577972412,2.951564073562622,2.951564073562622
2018-12-03,2018-10-31,2.7995,2.7888050079345703,2.604003667831421,2.604003667831421,2.6924123764038086,2.7888050079345703,2.8803234100341797,2.959336280822754,2.959336280822754
2018-12-04,2018-11-01,2.7485,2.8021163940429688,2.6168229579925537,2.6168229579925537,2.705728054046631,2.8021163940429688,2.8946356773376465,2.9744246006011963,2.9744246006011963
2018-12-06,2018-11-02,2.7405,2.8596713542938232,2.667081117630005,2.667081117630005,2.758622169494629,2.8596713542938232,2.959458351135254,3.0451669692993164,3.0451669692993164
2018-12-07,2018-11-05,2.7575,2.8058154582977295,2.6207773685455322,2.6207773685455322,2.709118366241455,2.8058154582977295,2.899022102355957,2.978638172149658,2.978638172149658
2018-12-10,2018-11-06,2.7185,2.7766640186309814,2.5952415466308594,2.5952415466308594,2.6812853813171387,2.7766640186309814,2.8697681427001953,2.950418710708618,2.950418710708618
2018-12-11,2018-11-07,2.766,2.7954795360565186,2.614046096801758,2.614046096801758,2.6997618675231934,2.7954795360565186,2.8898043632507324,2.9720170497894287,2.9720170497894287
2018-12-12,2018-11-08,2.7685,2.7875168323516846,2.6179091930389404,2.6179091930389404,2.697970390319824,2.7875168323516846,2.876410961151123,2.955301284790039,2.955301284790039
2018-12-13,2018-11-09,2.7625,2.7613041400909424,2.5897436141967773,2.5897436141967773,2.6709227561950684,2.7613041400909424,2.8505423069000244,2.9294354915618896,2.9294354915618896
2018-12-14,2018-11-12,2.7605,2.7603373527526855,2.5889549255371094,2.5889549255371094,2.6698451042175293,2.7603373527526855,2.850666046142578,2.9309844970703125,2.9309844970703125
2018-12-17,2018-11-13,2.753,2.7665605545043945,2.598912000656128,2.598912000656128,2.6783392429351807,2.7665605545043945,2.855701446533203,2.935753345489502,2.935753345489502
2018-12-18,2018-11-14,2.671,2.7434606552124023,2.5648787021636963,2.5648787021636963,2.649986743927002,2.7434606552124023,2.8383798599243164,2.9235668182373047,2.9235668182373047
2018-12-19,2018-11-15,2.7215,2.769310474395752,2.592125177383423,2.592125177383423,2.6756300926208496,2.769310474395752,2.8654513359069824,2.952540159225464,2.952540159225464
2018-12-20,2018-11-16,2.702,2.8834452629089355,2.7101309299468994,2.7101309299468994,2.7902135848999023,2.8834452629089355,2.9822254180908203,3.0699636936187744,3.0699636936187744
2018-12-21,2018-11-19,2.6785,2.899879217147827,2.7423737049102783,2.7423737049102783,2.8154821395874023,2.899879217147827,2.986503839492798,3.0619490146636963,3.0619490146636963
2018-12-24,2018-11-20,2.6685,2.8628010749816895,2.7034573554992676,2.7034573554992676,2.7777857780456543,2.8628010749816895,2.948744297027588,3.024038076400757,3.024038076400757
2018-12-26,2018-11-21,2.7085,2.8779475688934326,2.7136611938476562,2.7136611938476562,2.7902588844299316,2.8779475688934326,2.9667811393737793,3.0446152687072754,3.0446152687072754
2018-12-27,2018-11-23,2.6675,2.8142690658569336,2.6436197757720947,2.6436197757720947,2.7230896949768066,2.8142690658569336,2.906290292739868,2.9878604412078857,2.9878604412078857
2018-12-28,2018-11-26,2.679,2.7837281227111816,2.61430287361145,2.61430287361145,2.6934330463409424,2.7837281227111816,2.874100923538208,2.953632354736328,2.953632354736328
2018-12-31,2018-11-27,2.628,2.729834794998169,2.5489180088043213,2.5489180088043213,2.6334025859832764,2.729834794998169,2.825988531112671,2.911043405532837,2.911043405532837
2019-01-02,2018-11-28,2.625,2.813775062561035,2.6351327896118164,2.6351327896118164,2.7180657386779785,2.813775062561035,2.909813165664673,2.9929139614105225,2.9929139614105225
2019-01-03,2018-11-29,2.5705,2.765554189682007,2.5888407230377197,2.5888407230377197,2.6704025268554688,2.765554189682007,2.861142158508301,2.9447224140167236,2.9447224140167236
2019-01-04,2018-11-30,2.6515,2.777700424194336,2.5948145389556885,2.5948145389556885,2.6800217628479004,2.777700424194336,2.875401496887207,2.961845874786377,2.961845874786377
2019-01-07,2018-12-03,2.641,2.7928502559661865,2.6172702312469482,2.6172702312469482,2.698558807373047,2.7928502559661865,2.887831449508667,2.972111225128174,2.972111225128174
2019-01-08,2018-12-04,2.6605,2.787078857421875,2.619537353515625,2.619537353515625,2.6975879669189453,2.787078857421875,2.8763701915740967,2.9570441246032715,2.9570441246032715
2019-01-09,2018-12-06,2.662,2.790644884109497,2.625122547149658,2.625122547149658,2.7020153999328613,2.790644884109497,2.8798651695251465,2.96168851852417,2.96168851852417
2019-01-10,2018-12-07,2.6435,2.809189796447754,2.651017665863037,2.651017665863037,2.724365711212158,2.809189796447754,2.8963968753814697,2.9770939350128174,2.9770939350128174
2019-01-11,2018-12-10,2.6695,2.7568557262420654,2.585657835006714,2.585657835006714,2.6654744148254395,2.7568557262420654,2.8503880500793457,2.936552047729492,2.936552047729492
2019-01-14,2018-12-11,2.6455,2.764730215072632,2.5928242206573486,2.5928242206573486,2.6725640296936035,2.764730215072632,2.859990358352661,2.948716163635254,2.948716163635254
2019-01-15,2018-12-12,2.6505,2.813309669494629,2.6535732746124268,2.6535732746124268,2.7273542881011963,2.813309669494629,2.902851104736328,2.986687183380127,2.986687183380127
2019-01-16,2018-12-13,2.6935,2.818690061569214,2.663930654525757,2.663930654525757,2.735708236694336,2.818690061569214,2.9034066200256348,2.981318712234497,2.981318712234497
2019-01-17,2018-12-14,2.7,2.813410997390747,2.6562743186950684,2.6562743186950684,2.7295286655426025,2.813410997390747,2.8983774185180664,2.9763495922088623,2.9763495922088623
2019-01-18,2018-12-17,2.741,2.793635845184326,2.6323516368865967,2.6323516368865967,2.7082347869873047,2.793635845184326,2.8794546127319336,2.9584484100341797,2.9584484100341797
2019-01-22,2018-12-18,2.689,2.7237887382507324,2.5388126373291016,2.5388126373291016,2.6258606910705566,2.7237887382507324,2.81976318359375,2.906075954437256,2.906075954437256
2019-01-23,2018-12-19,2.694,2.7476401329040527,2.566568374633789,2.566568374633789,2.651078462600708,2.7476401329040527,2.843233108520508,2.9284026622772217,2.9284026622772217
2019-01-24,2018-12-20,2.6735,2.7194576263427734,2.537661552429199,2.537661552429199,2.623065948486328,2.7194576263427734,2.815067768096924,2.900343418121338,2.900343418121338
2019-01-25,2018-12-21,2.738,2.7151150703430176,2.530219078063965,2.530219078063965,2.617706775665283,2.7151150703430176,2.811187982559204,2.895831346511841,2.895831346511841
2019-01-28,2018-12-24,2.6875,2.6897754669189453,2.5041487216949463,2.5041487216949463,2.591686248779297,2.6897754669189453,2.786693572998047,2.8724563121795654,2.8724563121795654
2019-01-29,2018-12-26,2.732,2.714531421661377,2.52504563331604,2.52504563331604,2.614790678024292,2.714531421661377,2.8137316703796387,2.902073860168457,2.902073860168457
2019-01-30,2018-12-27,2.773,2.690626382827759,2.5075767040252686,2.5075767040252686,2.594254493713379,2.690626382827759,2.7868905067443848,2.873286485671997,2.873286485671997
2019-01-31,2018-12-28,2.789,2.6948888301849365,2.5204546451568604,2.5204546451568604,2.6022839546203613,2.6948888301849365,2.7879626750946045,2.8721659183502197,2.8721659183502197
2019-02-01,2018-12-31,2.775,2.6652331352233887,2.482667922973633,2.482667922973633,2.5688295364379883,2.6652331352233887,2.7615227699279785,2.849372386932373,2.849372386932373
2019-02-04,2019-01-02,2.795,2.6589019298553467,2.4807519912719727,2.4807519912719727,2.5646090507507324,2.6589019298553467,2.754748821258545,2.8428409099578857,2.8428409099578857
2019-02-05,2019-01-03,2.817,2.6147971153259277,2.418104410171509,2.418104410171509,2.5124568939208984,2.6147971153259277,2.7162973880767822,2.8082921504974365,2.8082921504974365
2019-02-06,2019-01-04,2.8355,2.657752513885498,2.4718871116638184,2.4718871116638184,2.559910297393799,2.657752513885498,2.757340908050537,2.8493762016296387,2.8493762016296387
2019-02-07,2019-01-07,2.8285,2.6855671405792236,2.5134153366088867,2.5134153366088867,2.5943310260772705,2.6855671405792236,2.7795233726501465,2.867927312850952,2.867927312850952
2019-02-08,2019-01-08,2.81,2.7110071182250977,2.5393283367156982,2.5393283367156982,2.6197147369384766,2.7110071182250977,2.8042397499084473,2.8903236389160156,2.8903236389160156
2019-02-11,2019-01-09,2.7915,2.6939587593078613,2.523935317993164,2.523935317993164,2.6042585372924805,2.6939587593078613,2.7849109172821045,2.869720697402954,2.869720697402954
2019-02-12,2019-01-10,2.7745,2.668139696121216,2.493568181991577,2.493568181991577,2.577414035797119,2.668139696121216,2.759336471557617,2.844778299331665,2.844778299331665
2019-02-13,2019-01-11,2.774,2.6845574378967285,2.5137102603912354,2.5137102603912354,2.594694137573242,2.6845574378967285,2.7751240730285645,2.859598159790039,2.859598159790039
2019-02-14,2019-01-14,2.776,2.6598501205444336,2.487651824951172,2.487651824951172,2.5688281059265137,2.6598501205444336,2.7517483234405518,2.83720064163208,2.83720064163208
2019-02-15,2019-01-15,2.8025,2.665248155593872,2.4975924491882324,2.4975924491882324,2.5765347480773926,2.665248155593872,2.755103588104248,2.8387291431427,2.8387291431427
2019-02-19,2019-01-16,2.8815,2.7027523517608643,2.5324676036834717,2.5324676036834717,2.6125054359436035,2.7027523517608643,2.7945656776428223,2.879173517227173,2.879173517227173
2019-02-20,2019-01-17,2.93,2.689638376235962,2.524364709854126,2.524364709854126,2.6017651557922363,2.689638376235962,2.7796998023986816,2.8637022972106934,2.8637022972106934
2019-02-21,2019-01-18,2.9025,2.735870122909546,2.5654540061950684,2.5654540061950684,2.6455271244049072,2.735870122909546,2.8289594650268555,2.914520263671875,2.914520263671875
2019-02-22,2019-01-22,2.961,2.7005860805511475,2.5350749492645264,2.5350749492645264,2.6130528450012207,2.7005860805511475,2.7903056144714355,2.874004364013672,2.874004364013672
2019-02-25,2019-01-23,2.95,2.699043035507202,2.5403473377227783,2.5403473377227783,2.6147713661193848,2.699043035507202,2.7863106727600098,2.8676774501800537,2.8676774501800537
2019-02-26,2019-01-24,2.944,2.6854677200317383,2.5339975357055664,2.5339975357055664,2.6051506996154785,2.6854677200317383,2.769209146499634,2.8488433361053467,2.8488433361053467
2019-02-27,2019-01-25,2.959,2.723947286605835,2.5733156204223633,2.5733156204223633,2.6432440280914307,2.723947286605835,2.809911012649536,2.8915231227874756,2.8915231227874756
2019-02-28,2019-01-28,2.95,2.710689067840576,2.559274673461914,2.559274673461914,2.6304335594177246,2.710689067840576,2.794956684112549,2.8754723072052,2.8754723072052
2019-03-01,2019-01-29,2.9335,2.7326393127441406,2.5820508003234863,2.5820508003234863,2.652554750442505,2.7326393127441406,2.817626953125,2.898826837539673,2.898826837539673
2019-03-04,2019-01-30,2.911,2.7605574131011963,2.612114191055298,2.612114191055298,2.680685520172119,2.7605574131011963,2.8466858863830566,2.9297993183135986,2.9297993183135986
2019-03-05,2019-01-31,2.936,2.790958881378174,2.636533260345459,2.636533260345459,2.708186388015747,2.790958881378174,2.877464532852173,2.958738327026367,2.958738327026367
2019-03-06,2019-02-01,2.9185,2.7695324420928955,2.613013982772827,2.613013982772827,2.686131477355957,2.7695324420928955,2.8557474613189697,2.936997413635254,2.936997413635254
2019-03-07,2019-02-04,2.9115,2.781383752822876,2.6171936988830566,2.6171936988830566,2.693974733352661,2.781383752822876,2.8714025020599365,2.954814910888672,2.954814910888672
2019-03-08,2019-02-05,2.894,2.806365489959717,2.634589910507202,2.634589910507202,2.714740753173828,2.806365489959717,2.899808645248413,2.9851176738739014,2.9851176738739014
2019-03-11,2019-02-06,2.9,2.801301956176758,2.6226541996002197,2.6226541996002197,2.7055234909057617,2.801301956176758,2.8985700607299805,2.986311674118042,2.986311674118042
2019-03-12,2019-02-07,2.9275,2.8173654079437256,2.639624834060669,2.639624834060669,2.7224862575531006,2.8173654079437256,2.9122426509857178,2.9982457160949707,2.9982457160949707
2019-03-13,2019-02-08,2.9335,2.7919886112213135,2.6167309284210205,2.6167309284210205,2.69879150390625,2.7919886112213135,2.884610652923584,2.9695351123809814,2.9695351123809814
2019-03-14,2019-02-11,2.8885,2.764035940170288,2.5894904136657715,2.5894904136657715,2.671308994293213,2.764035940170288,2.856215000152588,2.941681385040283,2.941681385040283
2019-03-15,2019-02-12,2.9035,2.761667251586914,2.590394973754883,2.590394973754883,2.6714444160461426,2.761667251586914,2.85127329826355,2.9353549480438232,2.9353549480438232
2019-03-18,2019-02-13,2.9035,2.759653091430664,2.5918385982513428,2.5918385982513428,2.6715874671936035,2.759653091430664,2.8468589782714844,2.92885160446167,2.92885160446167
2019-03-19,2019-02-14,2.9195,2.7625725269317627,2.6011974811553955,2.6011974811553955,2.6782350540161133,2.7625725269317627,2.8462324142456055,2.925304889678955,2.925304889678955
2019-03-20,2019-02-15,2.9155,2.770477771759033,2.609957218170166,2.609957218170166,2.686211347579956,2.770477771759033,2.8546695709228516,2.934424638748169,2.934424638748169
2019-03-21,2019-02-19,2.9,2.816420793533325,2.6467368602752686,2.6467368602752686,2.72627592086792,2.816420793533325,2.9091038703918457,2.996628522872925,2.996628522872925
2019-03-22,2019-02-20,2.836,2.8658368587493896,2.6878466606140137,2.6878466606140137,2.7710022926330566,2.8658368587493896,2.964249610900879,3.0563111305236816,3.0563111305236816
2019-03-25,2019-02-21,2.8495,2.8356211185455322,2.662419319152832,2.662419319152832,2.7438998222351074,2.8356211185455322,2.9286694526672363,3.0167386531829834,3.0167386531829834
2019-03-26,2019-02-22,2.8505,2.8637733459472656,2.681885242462158,2.681885242462158,2.7661404609680176,2.8637733459472656,2.9652886390686035,3.0619442462921143,3.0619442462921143
2019-03-27,2019-02-25,2.858,2.872572422027588,2.689321994781494,2.689321994781494,2.775275468826294,2.872572422027588,2.969815492630005,3.060072660446167,3.060072660446167
2019-03-28,2019-02-26,2.8685,2.8531532287597656,2.670474052429199,2.670474052429199,2.7559971809387207,2.8531532287597656,2.9495882987976074,3.038367986679077,3.038367986679077
2019-03-29,2019-02-27,2.936,2.882626533508301,2.695126533508301,2.695126533508301,2.7840042114257812,2.882626533508301,2.980257987976074,3.0685534477233887,3.0685534477233887
2019-04-01,2019-02-28,2.9205,2.8737287521362305,2.6835122108459473,2.6835122108459473,2.773524045944214,2.8737287521362305,2.971405029296875,3.058114767074585,3.058114767074585
2019-04-02,2019-03-01,2.904,2.829328775405884,2.6382710933685303,2.6382710933685303,2.727519989013672,2.829328775405884,2.9286084175109863,3.016441822052002,3.016441822052002
2019-04-03,2019-03-04,2.9465,2.8041622638702393,2.615030527114868,2.615030527114868,2.702975273132324,2.8041622638702393,2.9022512435913086,2.9887843132019043,2.9887843132019043
2019-04-04,2019-03-05,2.9085,2.8254268169403076,2.6352219581604004,2.6352219581604004,2.7242465019226074,2.8254268169403076,2.9235849380493164,3.0098018646240234,3.0098018646240234
2019-04-05,2019-03-06,2.8925,2.8114168643951416,2.6193878650665283,2.6193878650665283,2.709651470184326,2.8114168643951416,2.9094347953796387,2.996119976043701,2.996119976043701
2019-04-08,2019-03-07,2.9295,2.8159024715423584,2.624835252761841,2.624835252761841,2.7151105403900146,2.8159024715423584,2.9132702350616455,3.0000314712524414,3.0000314712524414
2019-04-09,2019-03-08,2.9315,2.8043899536132812,2.6151492595672607,2.6151492595672607,2.704770565032959,2.8043899536132812,2.9003119468688965,2.9860551357269287,2.9860551357269287
2019-04-10,2019-03-11,2.9225,2.810159206390381,2.6300222873687744,2.6300222873687744,2.715575695037842,2.810159206390381,2.9010515213012695,2.98258638381958,2.98258638381958
2019-04-11,2019-03-12,2.886,2.8112568855285645,2.633445978164673,2.633445978164673,2.7170329093933105,2.8112568855285645,2.9027962684631348,2.9852254390716553,2.9852254390716553
2019-04-12,2019-03-13,2.946,2.8403382301330566,2.668334722518921,2.668334722518921,2.7493395805358887,2.8403382301330566,2.929750442504883,3.0114634037017822,3.0114634037017822
2019-04-15,2019-03-14,2.934,2.8093631267547607,2.635655641555786,2.635655641555786,2.717406749725342,2.8093631267547607,2.8995022773742676,2.982816457748413,2.982816457748413
2019-04-16,2019-03-15,2.9305,2.839114189147949,2.670322895050049,2.670322895050049,2.7499427795410156,2.839114189147949,2.9262237548828125,3.0074055194854736,3.0074055194854736
2019-04-17,2019-03-18,2.9755,2.8385212421417236,2.6728873252868652,2.6728873252868652,2.750777244567871,2.8385212421417236,2.924651622772217,3.0062501430511475,3.0062501430511475
2019-04-18,2019-03-19,2.9275,2.8487355709075928,2.675710916519165,2.675710916519165,2.7577569484710693,2.8487355709075928,2.9375386238098145,3.0194849967956543,3.0194849967956543
2019-04-22,2019-03-20,2.9065,2.8414762020111084,2.667865753173828,2.667865753173828,2.7500858306884766,2.8414762020111084,2.9310967922210693,3.0139338970184326,3.0139338970184326
2019-04-23,2019-03-21,2.8985,2.8555147647857666,2.6841182708740234,2.6841182708740234,2.7662601470947266,2.8555147647857666,2.942653179168701,3.0238687992095947,3.0238687992095947
2019-04-24,2019-03-22,2.9175,2.787328004837036,2.6081912517547607,2.6081912517547607,2.693213939666748,2.787328004837036,2.8789467811584473,2.962338447570801,2.962338447570801
2019-04-25,2019-03-25,2.8775,2.785125732421875,2.6089229583740234,2.6089229583740234,2.6920132637023926,2.785125732421875,2.8766279220581055,2.9595582485198975,2.9595582485198975
2019-04-26,2019-03-26,2.97,2.7742271423339844,2.60610032081604,2.60610032081604,2.685213804244995,2.7742271423339844,2.8627538681030273,2.9433066844940186,2.9433066844940186
2019-04-29,2019-03-27,2.895,2.7912845611572266,2.62760853767395,2.62760853767395,2.7045931816101074,2.7912845611572266,2.8783316612243652,2.9576075077056885,2.9576075077056885
2019-04-30,2019-03-28,2.9015,2.811338424682617,2.647174119949341,2.647174119949341,2.7243056297302246,2.811338424682617,2.8992624282836914,2.9801366329193115,2.9801366329193115
2019-05-01,2019-03-29,2.803,2.853200912475586,2.6806437969207764,2.6806437969207764,2.7613401412963867,2.853200912475586,2.9474501609802246,3.03377628326416,3.03377628326416
2019-05-02,2019-04-01,2.784,2.8571383953094482,2.6889214515686035,2.6889214515686035,2.7678439617156982,2.8571383953094482,2.9482898712158203,3.032731056213379,3.032731056213379
2019-05-03,2019-04-02,2.825,2.857567071914673,2.691868543624878,2.691868543624878,2.770209312438965,2.857567071914673,2.945847511291504,3.0279786586761475,3.0279786586761475
2019-05-06,2019-04-03,2.837,2.8882734775543213,2.7182810306549072,2.7182810306549072,2.7988104820251465,2.8882734775543213,2.9789929389953613,3.0627846717834473,3.0627846717834473
2019-05-07,2019-04-04,2.794,2.8739681243896484,2.7136178016662598,2.7136178016662598,2.789527177810669,2.8739681243896484,2.9598231315612793,3.0405592918395996,3.0405592918395996
2019-05-08,2019-04-05,2.7855,2.867748260498047,2.706254243850708,2.706254243850708,2.7826688289642334,2.867748260498047,2.953976631164551,3.0346765518188477,3.0346765518188477
2019-05-09,2019-04-08,2.7835,2.9097864627838135,2.749335765838623,2.749335765838623,2.8252227306365967,2.9097864627838135,2.9963440895080566,3.077063798904419,3.077063798904419
2019-05-10,2019-04-09,2.785,2.904232978820801,2.743363618850708,2.743363618850708,2.8192849159240723,2.904232978820801,2.991225242614746,3.0728023052215576,3.0728023052215576
2019-05-13,2019-04-10,2.7295,2.89817214012146,2.727525472640991,2.727525472640991,2.809227705001831,2.89817214012146,2.986719846725464,3.0675604343414307,3.0675604343414307
2019-05-14,2019-04-11,2.7345,2.8559577465057373,2.6832149028778076,2.6832149028778076,2.766024589538574,2.8559577465057373,2.9450511932373047,3.026402711868286,3.026402711868286
2019-05-15,2019-04-12,2.7535,2.8928451538085938,2.7191553115844727,2.7191553115844727,2.802220344543457,2.8928451538085938,2.984489917755127,3.0691616535186768,3.0691616535186768
2019-05-16,2019-04-15,2.7585,2.895684003829956,2.717689275741577,2.717689275741577,2.802900791168213,2.895684003829956,2.9883012771606445,3.0720181465148926,3.0720181465148926
2019-05-17,2019-04-16,2.748,2.8862359523773193,2.707322120666504,2.707322120666504,2.792372226715088,2.8862359523773193,2.979206085205078,3.0620853900909424,3.0620853900909424
2019-05-20,2019-04-17,2.736,2.9089953899383545,2.7255356311798096,2.7255356311798096,2.8119208812713623,2.9089953899383545,3.006213665008545,3.092533588409424,3.092533588409424
2019-05-21,2019-04-18,2.7235,2.9016449451446533,2.726715326309204,2.726715326309204,2.80938720703125,2.9016449451446533,2.992921829223633,3.074742555618286,3.074742555618286
2019-05-22,2019-04-22,2.686,2.891517162322998,2.7186713218688965,2.7186713218688965,2.8004698753356934,2.891517162322998,2.981579542160034,3.0634751319885254,3.0634751319885254
2019-05-23,2019-04-23,2.6865,2.876113176345825,2.702188014984131,2.702188014984131,2.7844367027282715,2.876113176345825,2.9671730995178223,3.050729513168335,3.050729513168335
2019-05-24,2019-04-24,2.7065,2.8928256034851074,2.7234723567962646,2.7234723567962646,2.8035783767700195,2.8928256034851074,2.9814505577087402,3.063220739364624,3.063220739364624
2019-05-28,2019-04-25,2.7035,2.883817434310913,2.7192318439483643,2.7192318439483643,2.7978787422180176,2.883817434310913,2.967989206314087,3.0461792945861816,3.0461792945861816
2019-05-29,2019-04-26,2.6725,2.951401948928833,2.7817091941833496,2.7817091941833496,2.8624658584594727,2.951401948928833,3.040074348449707,3.1212382316589355,3.1212382316589355
2019-05-30,2019-04-29,2.6605,2.891432046890259,2.7281014919281006,2.7281014919281006,2.8054990768432617,2.891432046890259,2.9774208068847656,3.058272123336792,3.058272123336792
2019-05-31,2019-04-30,2.646,2.9015772342681885,2.740933895111084,2.740933895111084,2.816939353942871,2.9015772342681885,2.9869027137756348,3.0673396587371826,3.0673396587371826
2019-06-03,2019-05-01,2.6555,2.8405368328094482,2.6612515449523926,2.6612515449523926,2.746429443359375,2.8405368328094482,2.9342823028564453,3.021848678588867,3.021848678588867
2019-06-04,2019-05-02,2.6735,2.7964134216308594,2.6101791858673096,2.6101791858673096,2.698824167251587,2.7964134216308594,2.893951654434204,2.9857494831085205,2.9857494831085205
2019-06-05,2019-05-03,2.627,2.849400758743286,2.657994508743286,2.657994508743286,2.7503585815429688,2.849400758743286,2.94698429107666,3.0362396240234375,3.0362396240234375
2019-06-06,2019-05-06,2.654,2.8351669311523438,2.642915964126587,2.642915964126587,2.7355704307556152,2.8351669311523438,2.934027671813965,3.0240280628204346,3.0240280628204346
2019-06-07,2019-05-07,2.6305,2.7589495182037354,2.554575204849243,2.554575204849243,2.653611183166504,2.7589495182037354,2.8631060123443604,2.958813428878784,2.958813428878784
2019-06-10,2019-05-08,2.664,2.7745964527130127,2.57047176361084,2.57047176361084,2.6691975593566895,2.7745964527130127,2.878511667251587,2.9726688861846924,2.9726688861846924
2019-06-11,2019-05-09,2.6755,2.7630178928375244,2.5652143955230713,2.5652143955230713,2.6599538326263428,2.7630178928375244,2.86489200592041,2.9568023681640625,2.9568023681640625
2019-06-12,2019-05-10,2.659,2.743044853210449,2.5500450134277344,2.5500450134277344,2.6418755054473877,2.743044853210449,2.843923568725586,2.9354088306427,2.9354088306427
2019-06-13,2019-05-13,2.661,2.7125558853149414,2.512270450592041,2.512270450592041,2.608663320541382,2.7125558853149414,2.8147077560424805,2.906259059906006,2.906259059906006
2019-06-14,2019-05-14,2.6345,2.7277441024780273,2.5332963466644287,2.5332963466644287,2.626962184906006,2.7277441024780273,2.828143835067749,2.919086456298828,2.919086456298828
2019-06-17,2019-05-15,2.651,2.725426435470581,2.537039041519165,2.537039041519165,2.6272740364074707,2.725426435470581,2.8247811794281006,2.9155781269073486,2.9155781269073486
2019-06-18,2019-05-16,2.707,2.7251455783843994,2.539835214614868,2.539835214614868,2.6283864974975586,2.7251455783843994,2.8235254287719727,2.913595676422119,2.913595676422119
2019-06-19,2019-05-17,2.6845,2.7394659519195557,2.556640863418579,2.556640863418579,2.645099639892578,2.7394659519195557,2.835322380065918,2.923001289367676,2.923001289367676
2019-06-20,2019-05-20,2.7155,2.7362096309661865,2.554203748703003,2.554203748703003,2.6432418823242188,2.7362096309661865,2.8305020332336426,2.917386531829834,2.917386531829834
2019-06-21,2019-05-21,2.706,2.692962884902954,2.519193410873413,2.519193410873413,2.6035654544830322,2.692962884902954,2.7848572731018066,2.871837615966797,2.871837615966797
2019-06-24,2019-05-22,2.7055,2.667860746383667,2.493180990219116,2.493180990219116,2.5786032676696777,2.667860746383667,2.7581112384796143,2.843806505203247,2.843806505203247
2019-06-25,2019-05-23,2.7355,2.654633045196533,2.4768779277801514,2.4768779277801514,2.5642881393432617,2.654633045196533,2.7467260360717773,2.833313226699829,2.833313226699829
2019-06-26,2019-05-24,2.711,2.6465346813201904,2.468794107437134,2.468794107437134,2.5565152168273926,2.6465346813201904,2.7394063472747803,2.826842784881592,2.826842784881592
2019-06-27,2019-05-28,2.7125,2.67754864692688,2.4935028553009033,2.4935028553009033,2.5849661827087402,2.67754864692688,2.771533250808716,2.8572022914886475,2.8572022914886475
2019-06-28,2019-05-29,2.7055,2.6306560039520264,2.442932605743408,2.442932605743408,2.5359320640563965,2.6306560039520264,2.7264211177825928,2.8139522075653076,2.8139522075653076
2019-07-01,2019-05-30,2.6795,2.5622541904449463,2.379901885986328,2.379901885986328,2.468698024749756,2.5622541904449463,2.6579742431640625,2.7473366260528564,2.7473366260528564
2019-07-02,2019-05-31,2.6575,2.590092182159424,2.4012069702148438,2.4012069702148438,2.4940779209136963,2.590092182159424,2.6868391036987305,2.774610996246338,2.774610996246338
2019-07-03,2019-06-03,2.6795,2.5916643142700195,2.4157514572143555,2.4157514572143555,2.5007400512695312,2.5916643142700195,2.6844990253448486,2.7689108848571777,2.7689108848571777
2019-07-05,2019-06-04,2.6585,2.579740524291992,2.411745071411133,2.411745071411133,2.491546154022217,2.579740524291992,2.6720592975616455,2.756688356399536,2.756688356399536
2019-07-08,2019-06-05,2.656,2.5427677631378174,2.3785951137542725,2.3785951137542725,2.4569194316864014,2.5427677631378174,2.632873058319092,2.7162063121795654,2.7162063121795654
2019-07-09,2019-06-06,2.6245,2.5680384635925293,2.409186601638794,2.409186601638794,2.4848625659942627,2.5680384635925293,2.6567020416259766,2.7395823001861572,2.7395823001861572
2019-07-10,2019-06-07,2.693,2.5483171939849854,2.3928029537200928,2.3928029537200928,2.4670209884643555,2.5483171939849854,2.6354682445526123,2.7178635597229004,2.7178635597229004
2019-07-11,2019-06-10,2.6825,2.583717107772827,2.4251956939697266,2.4251956939697266,2.50034236907959,2.583717107772827,2.673842430114746,2.7584564685821533,2.7584564685821533
2019-07-12,2019-06-11,2.6915,2.632831573486328,2.464805841445923,2.464805841445923,2.545534610748291,2.632831573486328,2.7261252403259277,2.8124122619628906,2.8124122619628906
2019-07-15,2019-06-12,2.7075,2.633057117462158,2.4688658714294434,2.4688658714294434,2.548067569732666,2.633057117462158,2.7237367630004883,2.8081445693969727,2.8081445693969727
2019-07-16,2019-06-13,2.6935,2.608980178833008,2.4565205574035645,2.4565205574035645,2.5290000438690186,2.608980178833008,2.694735050201416,2.7753467559814453,2.7753467559814453
2019-07-17,2019-06-14,2.71,2.6139957904815674,2.461092948913574,2.461092948913574,2.53417706489563,2.6139957904815674,2.69893217086792,2.777679204940796,2.777679204940796
2019-07-18,2019-06-17,2.704,2.621063232421875,2.4705898761749268,2.4705898761749268,2.542395830154419,2.621063232421875,2.70601224899292,2.7842116355895996,2.7842116355895996
2019-07-19,2019-06-18,2.7445,2.670264482498169,2.5095489025115967,2.5095489025115967,2.5869531631469727,2.670264482498169,2.758922815322876,2.838677167892456,2.838677167892456
2019-07-22,2019-06-19,2.7145,2.674708366394043,2.5134096145629883,2.5134096145629883,2.5919458866119385,2.674708366394043,2.7611451148986816,2.837867021560669,2.837867021560669
2019-07-23,2019-06-20,2.694,2.7128231525421143,2.5527336597442627,2.5527336597442627,2.6305713653564453,2.7128231525421143,2.798067569732666,2.8724255561828613,2.8724255561828613
2019-07-24,2019-06-21,2.704,2.656747817993164,2.4963889122009277,2.4963889122009277,2.574321746826172,2.656747817993164,2.7421371936798096,2.818807363510132,2.818807363510132
2019-07-25,2019-06-24,2.6955,2.7315661907196045,2.579458236694336,2.579458236694336,2.6536147594451904,2.7315661907196045,2.811084747314453,2.880528211593628,2.880528211593628
2019-07-26,2019-06-25,2.6765,2.7582764625549316,2.613959789276123,2.613959789276123,2.6828556060791016,2.7582764625549316,2.8357839584350586,2.903003454208374,2.903003454208374
2019-07-29,2019-06-26,2.7095,2.7055277824401855,2.5555667877197266,2.5555667877197266,2.627124071121216,2.7055277824401855,2.7865817546844482,2.858506441116333,2.858506441116333
2019-07-30,2019-06-27,2.6705,2.679971694946289,2.525334358215332,2.525334358215332,2.599684238433838,2.679971694946289,2.762451171875,2.8360440731048584,2.8360440731048584
2019-07-31,2019-06-28,2.658,2.6426589488983154,2.4929685592651367,2.4929685592651367,2.564891815185547,2.6426589488983154,2.723092555999756,2.79628586769104,2.79628586769104
2019-08-01,2019-07-01,2.66,2.6158056259155273,2.4678492546081543,2.4678492546081543,2.5392649173736572,2.6158056259155273,2.694614887237549,2.7673561573028564,2.7673561573028564
2019-08-02,2019-07-02,2.565,2.5784711837768555,2.429790496826172,2.429790496826172,2.5012893676757812,2.5784711837768555,2.6577508449554443,2.731473207473755,2.731473207473755
2019-08-05,2019-07-03,2.537,2.5826523303985596,2.429257392883301,2.429257392883301,2.5032355785369873,2.5826523303985596,2.664694309234619,2.7402546405792236,2.7402546405792236
2019-08-06,2019-07-05,2.551,2.5626420974731445,2.415466547012329,2.415466547012329,2.4861669540405273,2.5626420974731445,2.6413893699645996,2.714487075805664,2.714487075805664
2019-08-07,2019-07-08,2.565,2.537374496459961,2.4028239250183105,2.4028239250183105,2.4666666984558105,2.537374496459961,2.6106979846954346,2.678917407989502,2.678917407989502
2019-08-08,2019-07-09,2.602,2.544097423553467,2.4031832218170166,2.4031832218170166,2.470790386199951,2.544097423553467,2.619490623474121,2.689772367477417,2.689772367477417
2019-08-09,2019-07-10,2.584,2.6018805503845215,2.462855100631714,2.462855100631714,2.529353618621826,2.6018805503845215,2.677610397338867,2.747498035430908,2.747498035430908
2019-08-12,2019-07-11,2.58,2.579183578491211,2.441028118133545,2.441028118133545,2.5063905715942383,2.579183578491211,2.6557059288024902,2.727764129638672,2.727764129638672
2019-08-13,2019-07-12,2.6245,2.642174243927002,2.4970862865448,2.4970862865448,2.567227840423584,2.642174243927002,2.7193715572357178,2.7896251678466797,2.7896251678466797
2019-08-14,2019-07-15,2.5865,2.6830551624298096,2.541865348815918,2.541865348815918,2.609626531600952,2.6830551624298096,2.7589125633239746,2.827472686767578,2.827472686767578
2019-08-15,2019-07-16,2.5895,2.6075527667999268,2.4682908058166504,2.4682908058166504,2.5345640182495117,2.6075527667999268,2.6827216148376465,2.752018928527832,2.752018928527832
2019-08-16,2019-07-17,2.59,2.7031445503234863,2.566338062286377,2.566338062286377,2.6324265003204346,2.7031445503234863,2.7742714881896973,2.8373939990997314,2.8373939990997314
2019-08-19,2019-07-18,2.597,2.7038962841033936,2.5743494033813477,2.5743494033813477,2.6363306045532227,2.7038962841033936,2.771714687347412,2.8321475982666016,2.8321475982666016
2019-08-20,2019-07-19,2.574,2.7299599647521973,2.598888635635376,2.598888635635376,2.661803722381592,2.7299599647521973,2.7991786003112793,2.859734296798706,2.859734296798706
2019-08-21,2019-07-22,2.5815,2.6594855785369873,2.5245168209075928,2.5245168209075928,2.5895438194274902,2.6594855785369873,2.729567527770996,2.791879653930664,2.791879653930664
2019-08-22,2019-07-23,2.5535,2.611760377883911,2.4819324016571045,2.4819324016571045,2.5446043014526367,2.611760377883911,2.6798758506774902,2.7413411140441895,2.7413411140441895
2019-08-23,2019-07-24,2.526,2.627892255783081,2.501124143600464,2.501124143600464,2.5624520778656006,2.627892255783081,2.695143938064575,2.756831169128418,2.756831169128418
2019-08-26,2019-07-25,2.54,2.5988922119140625,2.4743733406066895,2.4743733406066895,2.5344927310943604,2.5988922119140625,2.6658198833465576,2.7279255390167236,2.7279255390167236
2019-08-27,2019-07-26,2.5435,2.5972304344177246,2.4692230224609375,2.4692230224609375,2.5311472415924072,2.5972304344177246,2.6660704612731934,2.729340076446533,2.729340076446533
2019-08-28,2019-07-29,2.551,2.635709762573242,2.503675699234009,2.503675699234009,2.567408800125122,2.635709762573242,2.7066943645477295,2.771700143814087,2.771700143814087
2019-08-29,2019-07-30,2.5595,2.6021478176116943,2.4791793823242188,2.4791793823242188,2.538647413253784,2.6021478176116943,2.667687177658081,2.7283010482788086,2.7283010482788086
2019-08-30,2019-07-31,2.533,2.6158740520477295,2.492480516433716,2.492480516433716,2.552408218383789,2.6158740520477295,2.6811182498931885,2.7422218322753906,2.7422218322753906
2019-09-03,2019-08-01,2.5125,2.6302900314331055,2.510275363922119,2.510275363922119,2.568504810333252,2.6302900314331055,2.6948156356811523,2.755166530609131,2.755166530609131
2019-09-04,2019-08-02,2.579,2.5217976570129395,2.376596689224243,2.376596689224243,2.447885513305664,2.5217976570129395,2.5946059226989746,2.6628634929656982,2.6628634929656982
2019-09-05,2019-08-05,2.6245,2.5078353881835938,2.3483080863952637,2.3483080863952637,2.427185297012329,2.5078353881835938,2.5866599082946777,2.6580862998962402,2.6580862998962402
2019-09-06,2019-08-06,2.6155,2.51932430267334,2.3648626804351807,2.3648626804351807,2.440976142883301,2.51932430267334,2.5972862243652344,2.6681485176086426,2.6681485176086426
2019-09-09,2019-08-07,2.6105,2.4870340824127197,2.3448328971862793,2.3448328971862793,2.4143548011779785,2.4870340824127197,2.559504270553589,2.6268157958984375,2.6268157958984375
2019-09-10,2019-08-08,2.6105,2.5861656665802,2.427621603012085,2.427621603012085,2.5062966346740723,2.5861656665802,2.6646385192871094,2.7341551780700684,2.7341551780700684
2019-09-11,2019-08-09,2.5975,2.579106330871582,2.4280521869659424,2.4280521869659424,2.5021767616271973,2.579106330871582,2.655160903930664,2.723472833633423,2.723472833633423
2019-09-12,2019-08-12,2.6235,2.5827865600585938,2.4336814880371094,2.4336814880371094,2.5072951316833496,2.5827865600585938,2.658820629119873,2.7274322509765625,2.7274322509765625
2019-09-13,2019-08-13,2.681,2.6235930919647217,2.47159743309021,2.47159743309021,2.5465970039367676,2.6235930919647217,2.6991164684295654,2.7654671669006348,2.7654671669006348
2019-09-16,2019-08-14,2.621,2.596466064453125,2.4483518600463867,2.4483518600463867,2.5215702056884766,2.596466064453125,2.6705849170684814,2.7370171546936035,2.7370171546936035
2019-09-17,2019-08-15,2.6095,2.609426259994507,2.465831756591797,2.465831756591797,2.536526918411255,2.609426259994507,2.683864116668701,2.7514843940734863,2.7514843940734863
2019-09-18,2019-08-16,2.5955,2.5879311561584473,2.4488086700439453,2.4488086700439453,2.5168280601501465,2.5879311561584473,2.6615333557128906,2.7296698093414307,2.7296698093414307
2019-09-19,2019-08-19,2.591,2.605924367904663,2.470924139022827,2.470924139022827,2.536500930786133,2.605924367904663,2.678584337234497,2.7458128929138184,2.7458128929138184
2019-09-20,2019-08-20,2.59,2.59531569480896,2.4520320892333984,2.4520320892333984,2.5224528312683105,2.59531569480896,2.6701979637145996,2.739236354827881,2.739236354827881
2019-09-23,2019-08-21,2.5945,2.5823233127593994,2.4459352493286133,2.4459352493286133,2.5122838020324707,2.5823233127593994,2.6554455757141113,2.723811149597168,2.723811149597168
2019-09-24,2019-08-22,2.5895,2.5634474754333496,2.430950880050659,2.430950880050659,2.4951887130737305,2.5634474754333496,2.634920597076416,2.7023119926452637,2.7023119926452637
2019-09-25,2019-08-23,2.595,2.5389297008514404,2.400871992111206,2.400871992111206,2.4679758548736572,2.5389297008514404,2.6120057106018066,2.679701328277588,2.679701328277588
2019-09-26,2019-08-26,2.56,2.501739263534546,2.3623321056365967,2.3623321056365967,2.429779052734375,2.501739263534546,2.5768556594848633,2.646958112716675,2.646958112716675
2019-09-27,2019-08-27,2.583,2.496875047683716,2.350078582763672,2.350078582763672,2.421156406402588,2.496875047683716,2.576045513153076,2.647878885269165,2.647878885269165
2019-09-30,2019-08-28,2.5645,2.5036404132843018,2.3606953620910645,2.3606953620910645,2.4294638633728027,2.5036404132843018,2.5811564922332764,2.65165114402771,2.65165114402771
2019-10-01,2019-08-29,2.552,2.498009204864502,2.3601200580596924,2.3601200580596924,2.426560640335083,2.498009204864502,2.5716989040374756,2.6391851902008057,2.6391851902008057
2019-10-02,2019-08-30,2.5615,2.5153374671936035,2.3633885383605957,2.3633885383605957,2.43747615814209,2.5153374671936035,2.594625473022461,2.6649065017700195,2.6649065017700195
2019-10-03,2019-09-03,2.5455,2.517458200454712,2.3668837547302246,2.3668837547302246,2.4399850368499756,2.517458200454712,2.5958571434020996,2.6649553775787354,2.6649553775787354
2019-10-04,2019-09-04,2.5555,2.578477621078491,2.421393871307373,2.421393871307373,2.497478485107422,2.578477621078491,2.6604630947113037,2.7321267127990723,2.7321267127990723
2019-10-07,2019-09-05,2.572,2.619673013687134,2.461732864379883,2.461732864379883,2.5378973484039307,2.619673013687134,2.7018074989318848,2.772055149078369,2.772055149078369
2019-10-08,2019-09-06,2.5635,2.609550952911377,2.458289861679077,2.458289861679077,2.5311026573181152,2.609550952911377,2.6881866455078125,2.7568516731262207,2.7568516731262207
2019-10-09,2019-09-09,2.562,2.6233649253845215,2.4745798110961914,2.4745798110961914,2.545783758163452,2.6233649253845215,2.7020316123962402,2.772064447402954,2.772064447402954
2019-10-10,2019-09-10,2.605,2.6173670291900635,2.472292423248291,2.472292423248291,2.541630506515503,2.6173670291900635,2.693844795227051,2.7627642154693604,2.7627642154693604
2019-10-11,2019-09-11,2.6185,2.6059517860412598,2.4662041664123535,2.4662041664123535,2.532674789428711,2.6059517860412598,2.680344820022583,2.748145341873169,2.748145341873169
2019-10-14,2019-09-12,2.6235,2.6307809352874756,2.4914679527282715,2.4914679527282715,2.557335138320923,2.6307809352874756,2.7050790786743164,2.772937536239624,2.772937536239624
2019-10-15,2019-09-13,2.604,2.6552581787109375,2.517489433288574,2.517489433288574,2.581737995147705,2.6552581787109375,2.7312726974487305,2.7999560832977295,2.7999560832977295
2019-10-16,2019-09-16,2.5795,2.616413116455078,2.4811010360717773,2.4811010360717773,2.5449533462524414,2.616413116455078,2.688751697540283,2.7554781436920166,2.7554781436920166
2019-10-17,2019-09-17,2.587,2.5924108028411865,2.4533920288085938,2.4533920288085938,2.519526243209839,2.5924108028411865,2.6662964820861816,2.734431505203247,2.734431505203247
2019-10-18,2019-09-18,2.625,2.553086519241333,2.4106249809265137,2.4106249809265137,2.4789113998413086,2.553086519241333,2.628408908843994,2.698664665222168,2.698664665222168
2019-10-21,2019-09-19,2.635,2.559264898300171,2.408134937286377,2.408134937286377,2.481489419937134,2.559264898300171,2.637722969055176,2.7099225521087646,2.7099225521087646
2019-10-22,2019-09-20,2.622,2.553272008895874,2.4041354656219482,2.4041354656219482,2.4768824577331543,2.553272008895874,2.6298837661743164,2.7010140419006348,2.7010140419006348
2019-10-23,2019-09-23,2.6625,2.5557098388671875,2.416282892227173,2.416282892227173,2.4843268394470215,2.5557098388671875,2.6273927688598633,2.6945836544036865,2.6945836544036865
2019-10-24,2019-09-24,2.659,2.577526807785034,2.4305732250213623,2.4305732250213623,2.5026063919067383,2.577526807785034,2.652554750442505,2.72072172164917,2.72072172164917
2019-10-25,2019-09-25,2.6665,2.572448253631592,2.4297215938568115,2.4297215938568115,2.498713731765747,2.572448253631592,2.647216320037842,2.714707136154175,2.714707136154175
2019-10-28,2019-09-26,2.6725,2.553084135055542,2.404782772064209,2.404782772064209,2.476994037628174,2.553084135055542,2.6297690868377686,2.698538064956665,2.698538064956665
2019-10-29,2019-09-27,2.6825,2.5657148361206055,2.4217798709869385,2.4217798709869385,2.491955280303955,2.5657148361206055,2.640293836593628,2.707510471343994,2.707510471343994
2019-10-30,2019-09-30,2.6805,2.550487518310547,2.4109034538269043,2.4109034538269043,2.479043960571289,2.550487518310547,2.622950553894043,2.689636707305908,2.689636707305908
2019-10-31,2019-10-01,2.633,2.560894012451172,2.4159796237945557,2.4159796237945557,2.4869384765625,2.560894012451172,2.6357665061950684,2.704028367996216,2.704028367996216
2019-11-01,2019-10-02,2.651,2.576396942138672,2.4329168796539307,2.4329168796539307,2.502598285675049,2.576396942138672,2.6513304710388184,2.7195308208465576,2.7195308208465576
2019-11-04,2019-10-03,2.667,2.555306911468506,2.4172091484069824,2.4172091484069824,2.4838056564331055,2.555306911468506,2.6288833618164062,2.696890115737915,2.696890115737915
2019-11-05,2019-10-04,2.695,2.565051555633545,2.432799816131592,2.432799816131592,2.4958600997924805,2.565051555633545,2.6373724937438965,2.7052669525146484,2.7052669525146484
2019-11-06,2019-10-07,2.661,2.582695245742798,2.455670118331909,2.455670118331909,2.5155415534973145,2.582695245742798,2.654114246368408,2.7219457626342773,2.7219457626342773
2019-11-07,2019-10-08,2.724,2.5895259380340576,2.467203140258789,2.467203140258789,2.524824619293213,2.5895259380340576,2.658566474914551,2.7248950004577637,2.7248950004577637
2019-11-08,2019-10-09,2.678,2.5757057666778564,2.4560999870300293,2.4560999870300293,2.512577533721924,2.5757057666778564,2.6431493759155273,2.7086493968963623,2.7086493968963623
2019-11-11,2019-10-10,2.66,2.605788230895996,2.478696823120117,2.478696823120117,2.538419008255005,2.605788230895996,2.6769790649414062,2.745279312133789,2.745279312133789
2019-11-12,2019-10-11,2.642,2.640115737915039,2.5033326148986816,2.5033326148986816,2.5674073696136475,2.640115737915039,2.7162137031555176,2.786369562149048,2.786369562149048
2019-11-13,2019-10-14,2.6365,2.648391008377075,2.511805295944214,2.511805295944214,2.575620651245117,2.648391008377075,2.7236242294311523,2.7930068969726562,2.7930068969726562
2019-11-14,2019-10-15,2.6185,2.625063896179199,2.4967169761657715,2.4967169761657715,2.5573887825012207,2.625063896179199,2.694711685180664,2.7607085704803467,2.7607085704803467
2019-11-15,2019-10-16,2.635,2.615973711013794,2.4813082218170166,2.4813082218170166,2.5449604988098145,2.615973711013794,2.688811779022217,2.756114959716797,2.756114959716797
2019-11-18,2019-10-17,2.6175,2.6132729053497314,2.483790874481201,2.483790874481201,2.544492721557617,2.6132729053497314,2.6845853328704834,2.7500674724578857,2.7500674724578857
2019-11-19,2019-10-18,2.6535,2.645665407180786,2.511471748352051,2.511471748352051,2.5739402770996094,2.645665407180786,2.7211432456970215,2.7906179428100586,2.7906179428100586
2019-11-20,2019-10-21,2.6465,2.652026414871216,2.5203819274902344,2.5203819274902344,2.582364082336426,2.652026414871216,2.724022388458252,2.7905611991882324,2.7905611991882324
2019-11-21,2019-10-22,2.621,2.6401259899139404,2.514615774154663,2.514615774154663,2.573989152908325,2.6401259899139404,2.7084250450134277,2.7731287479400635,2.7731287479400635
2019-11-22,2019-10-23,2.6475,2.683063268661499,2.5520966053009033,2.5520966053009033,2.613101005554199,2.683063268661499,2.7572569847106934,2.8268826007843018,2.8268826007843018
2019-11-25,2019-10-24,2.6475,2.6888420581817627,2.557682752609253,2.557682752609253,2.6191344261169434,2.6888420581817627,2.761730194091797,2.8303751945495605,2.8303751945495605
2019-11-26,2019-10-25,2.6745,2.704261064529419,2.57785701751709,2.57785701751709,2.636837959289551,2.704261064529419,2.7748208045959473,2.840911865234375,2.840911865234375
2019-11-27,2019-10-28,2.6745,2.7133595943450928,2.589202880859375,2.589202880859375,2.6471898555755615,2.7133595943450928,2.7825334072113037,2.84786319732666,2.84786319732666
2019-11-29,2019-10-29,2.642,2.7132091522216797,2.589249849319458,2.589249849319458,2.646880626678467,2.7132091522216797,2.7824149131774902,2.8479580879211426,2.8479580879211426
2019-12-02,2019-10-30,2.6325,2.718873977661133,2.595839262008667,2.595839262008667,2.6529245376586914,2.718873977661133,2.787447452545166,2.8520050048828125,2.8520050048828125
2019-12-03,2019-10-31,2.608,2.6596744060516357,2.5385074615478516,2.5385074615478516,2.595165252685547,2.6596744060516357,2.7261359691619873,2.79036021232605,2.79036021232605
2019-12-04,2019-11-01,2.644,2.651299476623535,2.5258748531341553,2.5258748531341553,2.5846567153930664,2.651299476623535,2.71940279006958,2.7846152782440186,2.7846152782440186
2019-12-05,2019-11-04,2.6485,2.6699702739715576,2.5378947257995605,2.5378947257995605,2.6000306606292725,2.6699702739715576,2.740776538848877,2.806194543838501,2.806194543838501
2019-12-06,2019-11-05,2.711,2.70756196975708,2.5729076862335205,2.5729076862335205,2.6358513832092285,2.70756196975708,2.780644416809082,2.8470325469970703,2.8470325469970703
2019-12-09,2019-11-06,2.7465,2.6787354946136475,2.550780773162842,2.550780773162842,2.611104726791382,2.6787354946136475,2.746486186981201,2.80916690826416,2.80916690826416
2019-12-10,2019-11-07,2.7555,2.7457985877990723,2.6063334941864014,2.6063334941864014,2.6715378761291504,2.7457985877990723,2.8222668170928955,2.8907713890075684,2.8907713890075684
2019-12-11,2019-11-08,2.7825,2.7291510105133057,2.5972959995269775,2.5972959995269775,2.659120559692383,2.7291510105133057,2.7997894287109375,2.863058090209961,2.863058090209961
2019-12-12,2019-11-11,2.7895,2.712318181991577,2.5794942378997803,2.5794942378997803,2.6416985988616943,2.712318181991577,2.7839207649230957,2.8492581844329834,2.8492581844329834
2019-12-13,2019-11-12,2.7805,2.6859800815582275,2.556863307952881,2.556863307952881,2.6175403594970703,2.6859800815582275,2.7545108795166016,2.8172378540039062,2.8172378540039062
2019-12-16,2019-11-13,2.8205,2.6696367263793945,2.54717755317688,2.54717755317688,2.6049575805664062,2.6696367263793945,2.7350497245788574,2.796189546585083,2.796189546585083
2019-12-17,2019-11-14,2.8195,2.6597683429718018,2.535611867904663,2.535611867904663,2.5940797328948975,2.6597683429718018,2.7268335819244385,2.789532423019409,2.789532423019409
2019-12-18,2019-11-15,2.817,2.673760175704956,2.5479702949523926,2.5479702949523926,2.607435703277588,2.673760175704956,2.7409472465515137,2.803692102432251,2.803692102432251
2019-12-19,2019-11-18,2.8315,2.66572904586792,2.5440497398376465,2.5440497398376465,2.6015748977661133,2.66572904586792,2.730930805206299,2.792095422744751,2.792095422744751
2019-12-20,2019-11-19,2.811,2.6825432777404785,2.562682867050171,2.562682867050171,2.6191935539245605,2.6825432777404785,2.7467803955078125,2.8077392578125,2.8077392578125
2019-12-23,2019-11-20,2.817,2.663010358810425,2.549377202987671,2.549377202987671,2.6030139923095703,2.663010358810425,2.7240147590637207,2.782322645187378,2.782322645187378
2019-12-24,2019-11-21,2.8385,2.6577887535095215,2.5429177284240723,2.5429177284240723,2.5973291397094727,2.6577887535095215,2.7191920280456543,2.777845859527588,2.777845859527588
2019-12-26,2019-11-22,2.8645,2.663125991821289,2.5523457527160645,2.5523457527160645,2.604668140411377,2.663125991821289,2.7237017154693604,2.782226085662842,2.782226085662842
2019-12-27,2019-11-25,2.8365,2.676011800765991,2.5626769065856934,2.5626769065856934,2.6164746284484863,2.676011800765991,2.737185478210449,2.7962963581085205,2.7962963581085205
2019-12-30,2019-11-26,2.8275,2.713170051574707,2.5935468673706055,2.5935468673706055,2.6505160331726074,2.713170051574707,2.7768232822418213,2.836477756500244,2.836477756500244
2019-12-31,2019-11-27,2.794,2.7355360984802246,2.616239547729492,2.616239547729492,2.6731314659118652,2.7355360984802246,2.7980446815490723,2.8566837310791016,2.8566837310791016
2020-01-02,2019-11-29,2.833,2.7147369384765625,2.602170944213867,2.602170944213867,2.6560440063476562,2.7147369384765625,2.772845506668091,2.827951431274414,2.827951431274414
2020-01-03,2019-12-02,2.7985,2.7250401973724365,2.609311819076538,2.609311819076538,2.664743423461914,2.7250401973724365,2.7845897674560547,2.839423418045044,2.839423418045044
2020-01-06,2019-12-03,2.8005,2.7078709602355957,2.5918025970458984,2.5918025970458984,2.647181987762451,2.7078709602355957,2.76749849319458,2.8214380741119385,2.8214380741119385
2020-01-07,2019-12-04,2.804,2.725367546081543,2.608150005340576,2.608150005340576,2.663912296295166,2.725367546081543,2.7868151664733887,2.8435070514678955,2.8435070514678955
2020-01-08,2019-12-05,2.819,2.714287042617798,2.602034091949463,2.602034091949463,2.655503749847412,2.714287042617798,2.7727437019348145,2.8265252113342285,2.8265252113342285
2020-01-09,2019-12-06,2.8105,2.7509825229644775,2.631208896636963,2.631208896636963,2.6873865127563477,2.7509825229644775,2.817092180252075,2.877929449081421,2.877929449081421
2020-01-10,2019-12-09,2.8185,2.7941176891326904,2.662036895751953,2.662036895751953,2.723050117492676,2.7941176891326904,2.870063304901123,2.9394164085388184,2.9394164085388184
2020-01-13,2019-12-10,2.8615,2.8026177883148193,2.6708009243011475,2.6708009243011475,2.732154607772827,2.8026177883148193,2.8765857219696045,2.9444689750671387,2.9444689750671387
2020-01-14,2019-12-11,2.876,2.8326945304870605,2.6954081058502197,2.6954081058502197,2.758971929550171,2.8326945304870605,2.9106783866882324,2.981936454772949,2.981936454772949
2020-01-15,2019-12-12,2.87,2.836143732070923,2.701230764389038,2.701230764389038,2.7640390396118164,2.836143732070923,2.9122390747070312,2.9828131198883057,2.9828131198883057
2020-01-16,2019-12-13,2.852,2.8146231174468994,2.690408229827881,2.690408229827881,2.7483596801757812,2.8146231174468994,2.8837227821350098,2.948976993560791,2.948976993560791
2020-01-17,2019-12-16,2.8495,2.8491482734680176,2.7091307640075684,2.7091307640075684,2.773649215698242,2.8491482734680176,2.9290390014648438,3.0027995109558105,3.0027995109558105
2020-01-21,2019-12-17,2.7985,2.865349769592285,2.7223830223083496,2.7223830223083496,2.7885468006134033,2.865349769592285,2.946957588195801,3.022353172302246,3.022353172302246
2020-01-22,2019-12-18,2.767,2.8619372844696045,2.719709634780884,2.719709634780884,2.785928964614868,2.8619372844696045,2.941157817840576,3.014406681060791,3.014406681060791
2020-01-23,2019-12-19,2.726,2.8856728076934814,2.735771417617798,2.735771417617798,2.805840492248535,2.8856728076934814,2.967597484588623,3.0420703887939453,3.0420703887939453
2020-01-24,2019-12-20,2.6855,2.8664257526397705,2.723984718322754,2.723984718322754,2.7911317348480225,2.8664257526397705,2.9420125484466553,3.0118110179901123,3.0118110179901123
2020-01-27,2019-12-23,2.5965,2.8670482635498047,2.726684093475342,2.726684093475342,2.793402671813965,2.8670482635498047,2.9396047592163086,3.0070114135742188,3.0070114135742188
2020-01-28,2019-12-24,2.5795,2.8984827995300293,2.760514497756958,2.760514497756958,2.8262996673583984,2.8984827995300293,2.970460891723633,3.036508321762085,3.036508321762085
2020-01-29,2019-12-26,2.5535,2.9155681133270264,2.777113676071167,2.777113676071167,2.8430395126342773,2.9155681133270264,2.988762378692627,3.055157423019409,3.055157423019409
2020-01-30,2019-12-27,2.5235,2.8925082683563232,2.750476837158203,2.750476837158203,2.8183932304382324,2.8925082683563232,2.965987205505371,3.0339980125427246,3.0339980125427246
2020-01-31,2019-12-30,2.52,2.8773980140686035,2.736140489578247,2.736140489578247,2.8040196895599365,2.8773980140686035,2.949517250061035,3.0164740085601807,3.0164740085601807
2020-02-03,2019-12-31,2.513,2.8308334350585938,2.6882896423339844,2.6882896423339844,2.756467819213867,2.8308334350585938,2.9040279388427734,2.9738645553588867,2.9738645553588867
2020-02-04,2020-01-02,2.5475,2.8570265769958496,2.7177255153656006,2.7177255153656006,2.78433895111084,2.8570265769958496,2.930443286895752,3.000692367553711,3.000692367553711
2020-02-05,2020-01-03,2.579,2.824537515640259,2.690635919570923,2.690635919570923,2.7550530433654785,2.824537515640259,2.8926453590393066,2.958440065383911,2.958440065383911
2020-02-06,2020-01-06,2.5985,2.8218727111816406,2.692286968231201,2.692286968231201,2.7542121410369873,2.8218727111816406,2.888399124145508,2.9529049396514893,2.9529049396514893
2020-02-07,2020-01-07,2.559,2.8159615993499756,2.690403938293457,2.690403938293457,2.750565528869629,2.8159615993499756,2.8801021575927734,2.942389965057373,2.942389965057373
2020-02-10,2020-01-08,2.5575,2.810285806655884,2.693063259124756,2.693063259124756,2.7490978240966797,2.810285806655884,2.8707332611083984,2.929433584213257,2.929433584213257
2020-02-11,2020-01-09,2.5885,2.8051764965057373,2.683586597442627,2.683586597442627,2.7415013313293457,2.8051764965057373,2.8680901527404785,2.92922306060791,2.92922306060791
2020-02-12,2020-01-10,2.606,2.809659242630005,2.6853652000427246,2.6853652000427246,2.744450092315674,2.809659242630005,2.8747682571411133,2.9382457733154297,2.9382457733154297
2020-02-13,2020-01-13,2.6195,2.8272316455841064,2.696852445602417,2.696852445602417,2.75824236869812,2.8272316455841064,2.8965630531311035,2.9626424312591553,2.9626424312591553
2020-02-14,2020-01-14,2.6055,2.846823215484619,2.708158016204834,2.708158016204834,2.7732598781585693,2.846823215484619,2.9206337928771973,2.988604784011841,2.988604784011841
2020-02-18,2020-01-15,2.61,2.8412070274353027,2.703040599822998,2.703040599822998,2.7678372859954834,2.8412070274353027,2.9140796661376953,2.980693817138672,2.980693817138672
2020-02-19,2020-01-16,2.6125,2.824115037918091,2.686882972717285,2.686882972717285,2.751823663711548,2.824115037918091,2.894901752471924,2.9601309299468994,2.9601309299468994
2020-02-20,2020-01-17,2.595,2.840573310852051,2.7062606811523438,2.7062606811523438,2.7699108123779297,2.840573310852051,2.9106690883636475,2.975118398666382,2.975118398666382
2020-02-21,2020-01-21,2.618,2.797899007797241,2.662806749343872,2.662806749343872,2.726609706878662,2.797899007797241,2.8678016662597656,2.9319772720336914,2.9319772720336914
2020-02-24,2020-01-22,2.5925,2.762256145477295,2.6211414337158203,2.6211414337158203,2.6879196166992188,2.762256145477295,2.8343827724456787,2.9011433124542236,2.9011433124542236
2020-02-25,2020-01-23,2.5965,2.72908616065979,2.5808181762695312,2.5808181762695312,2.651848077774048,2.72908616065979,2.8029534816741943,2.870342493057251,2.870342493057251
2020-02-26,2020-01-24,2.5765,2.682708740234375,2.5306296348571777,2.5306296348571777,2.6038901805877686,2.682708740234375,2.757716655731201,2.8265411853790283,2.8265411853790283
2020-02-27,2020-01-27,2.5715,2.619580030441284,2.447314977645874,2.447314977645874,2.531740665435791,2.619580030441284,2.7035136222839355,2.780289649963379,2.780289649963379
2020-02-28,2020-01-28,2.546,2.5852837562561035,2.424988269805908,2.424988269805908,2.5038208961486816,2.5852837562561035,2.666275978088379,2.7426202297210693,2.7426202297210693
2020-03-02,2020-01-29,2.601,2.5486083030700684,2.3999550342559814,2.3999550342559814,2.4730706214904785,2.5486083030700684,2.6275148391723633,2.7040438652038574,2.7040438652038574
2020-03-03,2020-01-30,2.5795,2.498870372772217,2.33931565284729,2.33931565284729,2.4188966751098633,2.498870372772217,2.5816969871520996,2.6613335609436035,2.6613335609436035
2020-03-04,2020-01-31,2.593,2.4860196113586426,2.3457746505737305,2.3457746505737305,2.4156508445739746,2.4860196113586426,2.562077522277832,2.6378893852233887,2.6378893852233887
2020-03-05,2020-02-03,2.5825,2.4860384464263916,2.3550355434417725,2.3550355434417725,2.419421672821045,2.4860384464263916,2.560725688934326,2.637058973312378,2.637058973312378
2020-03-06,2020-02-04,2.573,2.5174975395202637,2.381727695465088,2.381727695465088,2.448117256164551,2.5174975395202637,2.5938074588775635,2.6713454723358154,2.6713454723358154
2020-03-09,2020-02-05,2.524,2.5421862602233887,2.3976454734802246,2.3976454734802246,2.467883825302124,2.5421862602233887,2.62185001373291,2.701704978942871,2.701704978942871
2020-03-10,2020-02-06,2.534,2.5601048469543457,2.415727138519287,2.415727138519287,2.485213279724121,2.5601048469543457,2.638035535812378,2.7145767211914062,2.7145767211914062
2020-03-11,2020-02-07,2.512,2.5330817699432373,2.3840038776397705,2.3840038776397705,2.457005500793457,2.5330817699432373,2.6110119819641113,2.6862800121307373,2.6862800121307373
2020-03-12,2020-02-10,2.481,2.548588514328003,2.3980233669281006,2.3980233669281006,2.4719486236572266,2.548588514328003,2.626338481903076,2.7009639739990234,2.7009639739990234
2020-03-13,2020-02-11,2.474,2.5764355659484863,2.4281492233276367,2.4281492233276367,2.500319719314575,2.5764355659484863,2.651768445968628,2.722646474838257,2.722646474838257
2020-03-16,2020-02-12,2.3985,2.5961482524871826,2.4500436782836914,2.4500436782836914,2.52056884765625,2.5961482524871826,2.6705265045166016,2.738673448562622,2.738673448562622
2020-03-17,2020-02-13,2.3155,2.5953145027160645,2.4503092765808105,2.4503092765808105,2.5203990936279297,2.5953145027160645,2.6684422492980957,2.7353780269622803,2.7353780269622803
2020-03-18,2020-02-14,2.1605,2.5792746543884277,2.4308714866638184,2.4308714866638184,2.5029358863830566,2.5792746543884277,2.652822971343994,2.719571828842163,2.719571828842163
2020-03-19,2020-02-18,2.2,2.566584825515747,2.4167211055755615,2.4167211055755615,2.489637613296509,2.566584825515747,2.6407575607299805,2.708686113357544,2.708686113357544
2020-03-20,2020-02-19,2.1905,2.567870616912842,2.4223170280456543,2.4223170280456543,2.4929165840148926,2.567870616912842,2.6408309936523438,2.7085464000701904,2.7085464000701904
2020-03-23,2020-02-20,2.1195,2.5286812782287598,2.385495185852051,2.385495185852051,2.455160617828369,2.5286812782287598,2.599813938140869,2.6668405532836914,2.6668405532836914
2020-03-24,2020-02-21,2.1975,2.533207893371582,2.401305913925171,2.401305913925171,2.4646401405334473,2.533207893371582,2.601248264312744,2.666440963745117,2.666440963745117
2020-03-25,2020-02-24,2.234,2.509965181350708,2.3741185665130615,2.3741185665130615,2.4403209686279297,2.509965181350708,2.5789098739624023,2.6451539993286133,2.6451539993286133
2020-03-26,2020-02-25,2.208,2.510082960128784,2.3818907737731934,2.3818907737731934,2.4443130493164062,2.510082960128784,2.5768659114837646,2.642022132873535,2.642022132873535
2020-03-27,2020-02-26,2.197,2.515904426574707,2.388662576675415,2.388662576675415,2.450345277786255,2.515904426574707,2.5837974548339844,2.6508231163024902,2.6508231163024902
2020-03-30,2020-02-27,2.162,2.5263710021972656,2.398118495941162,2.398118495941162,2.460536479949951,2.5263710021972656,2.59507417678833,2.6620001792907715,2.6620001792907715
2020-03-31,2020-02-28,2.24,2.504579782485962,2.364039659500122,2.364039659500122,2.433079719543457,2.504579782485962,2.577803134918213,2.647799491882324,2.647799491882324
2020-04-01,2020-03-02,2.192,2.5621578693389893,2.427414655685425,2.427414655685425,2.4922640323638916,2.5621578693389893,2.632549285888672,2.698272943496704,2.698272943496704
2020-04-02,2020-03-03,2.233,2.559324026107788,2.427907943725586,2.427907943725586,2.492063045501709,2.559324026107788,2.627659320831299,2.691680431365967,2.691680431365967
2020-04-03,2020-03-04,2.21,2.577812671661377,2.447993516921997,2.447993516921997,2.5115091800689697,2.577812671661377,2.645279884338379,2.7084405422210693,2.7084405422210693
2020-04-06,2020-03-05,2.235,2.574195623397827,2.4484505653381348,2.4484505653381348,2.5097126960754395,2.574195623397827,2.640620708465576,2.7020773887634277,2.7020773887634277
2020-04-07,2020-03-06,2.2885,2.5784623622894287,2.453291416168213,2.453291416168213,2.5139527320861816,2.5784623622894287,2.6444249153137207,2.7045528888702393,2.7045528888702393
2020-04-08,2020-03-09,2.278,2.5429680347442627,2.400249481201172,2.400249481201172,2.470521926879883,2.5429680347442627,2.6131205558776855,2.6757168769836426,2.6757168769836426
2020-04-09,2020-03-10,2.2775,2.5468297004699707,2.411245346069336,2.411245346069336,2.4784889221191406,2.5468297004699707,2.6159629821777344,2.6782610416412354,2.6782610416412354
2020-04-13,2020-03-11,2.3205,2.5110647678375244,2.3669238090515137,2.3669238090515137,2.439229965209961,2.5110647678375244,2.583868980407715,2.649649143218994,2.649649143218994
2020-04-14,2020-03-12,2.347,2.49387264251709,2.3407633304595947,2.3407633304595947,2.417130947113037,2.49387264251709,2.5694079399108887,2.6370725631713867,2.6370725631713867
2020-04-15,2020-03-13,2.3125,2.477297067642212,2.33018159866333,2.33018159866333,2.403144359588623,2.477297067642212,2.551365375518799,2.619288682937622,2.619288682937622
2020-04-16,2020-03-16,2.3045,2.403721332550049,2.2458417415618896,2.2458417415618896,2.3240725994110107,2.403721332550049,2.4807286262512207,2.552013397216797,2.552013397216797
2020-04-17,2020-03-17,2.3535,2.351790428161621,2.176401376724243,2.176401376724243,2.263592481613159,2.351790428161621,2.434802532196045,2.5108160972595215,2.5108160972595215
2020-04-20,2020-03-18,2.3345,2.236758232116699,2.0370662212371826,2.0370662212371826,2.1361494064331055,2.236758232116699,2.3291053771972656,2.413438081741333,2.413438081741333
2020-04-21,2020-03-19,2.267,2.2761850357055664,2.104182720184326,2.104182720184326,2.1886255741119385,2.2761850357055664,2.3629355430603027,2.443845272064209,2.443845272064209
2020-04-22,2020-03-20,2.3175,2.267832040786743,2.0832834243774414,2.0832834243774414,2.1732215881347656,2.267832040786743,2.366661548614502,2.4580368995666504,2.4580368995666504
2020-04-23,2020-03-23,2.324,2.20025897026062,1.9936633110046387,1.9936633110046387,2.0951666831970215,2.20025897026062,2.306316375732422,2.4030981063842773,2.4030981063842773
2020-04-24,2020-03-24,2.348,2.2771828174591064,2.106422185897827,2.106422185897827,2.189177989959717,2.2771828174591064,2.3712875843048096,2.45902419090271,2.45902419090271
2020-04-27,2020-03-25,2.382,2.3011529445648193,2.1428613662719727,2.1428613662719727,2.219552516937256,2.3011529445648193,2.3867392539978027,2.4670093059539795,2.4670093059539795
2020-04-28,2020-03-26,2.379,2.2760236263275146,2.1192679405212402,2.1192679405212402,2.1952805519104004,2.2760236263275146,2.3602709770202637,2.4404735565185547,2.4404735565185547
2020-04-29,2020-03-27,2.3745,2.2598745822906494,2.0955288410186768,2.0955288410186768,2.1750741004943848,2.2598745822906494,2.34895396232605,2.432931900024414,2.432931900024414
2020-04-30,2020-03-30,2.354,2.2753853797912598,2.10439395904541,2.10439395904541,2.187368869781494,2.2753853797912598,2.365812301635742,2.4486963748931885,2.4486963748931885
2020-05-01,2020-03-31,2.3185,2.305356502532959,2.1543242931365967,2.1543242931365967,2.2270913124084473,2.305356502532959,2.386672258377075,2.462913990020752,2.462913990020752
2020-05-04,2020-04-01,2.324,2.25484037399292,2.0969491004943848,2.0969491004943848,2.172924041748047,2.25484037399292,2.338686943054199,2.415508985519409,2.415508985519409
2020-05-05,2020-04-02,2.341,2.249438524246216,2.0886402130126953,2.0886402130126953,2.1662344932556152,2.249438524246216,2.334791660308838,2.412304639816284,2.412304639816284
2020-05-06,2020-04-03,2.3525,2.2321181297302246,2.0720467567443848,2.0720467567443848,2.150182008743286,2.2321181297302246,2.3162074089050293,2.3935048580169678,2.3935048580169678
2020-05-07,2020-04-06,2.3855,2.2386884689331055,2.0913147926330566,2.0913147926330566,2.1627860069274902,2.2386884689331055,2.3171193599700928,2.389798641204834,2.389798641204834
2020-05-08,2020-04-07,2.4085,2.26896071434021,2.1299686431884766,2.1299686431884766,2.196887731552124,2.26896071434021,2.343745231628418,2.4129269123077393,2.4129269123077393
2020-05-11,2020-04-08,2.382,2.245401620864868,2.108558416366577,2.108558416366577,2.1735262870788574,2.245401620864868,2.3205299377441406,2.3898653984069824,2.3898653984069824
2020-05-12,2020-04-09,2.3605,2.1600735187530518,2.0241522789001465,2.0241522789001465,2.089542865753174,2.1600735187530518,2.2332606315612793,2.302509307861328,2.302509307861328
2020-05-13,2020-04-13,2.349,2.2356739044189453,2.0948381423950195,2.0948381423950195,2.1619701385498047,2.2356739044189453,2.3128139972686768,2.384438991546631,2.384438991546631
2020-05-14,2020-04-14,2.351,2.299081563949585,2.1395864486694336,2.1395864486694336,2.215237617492676,2.299081563949585,2.3875279426574707,2.4680728912353516,2.4680728912353516
2020-05-15,2020-04-15,2.3335,2.257883071899414,2.0956568717956543,2.0956568717956543,2.173438787460327,2.257883071899414,2.3445897102355957,2.424870014190674,2.424870014190674
2020-05-18,2020-04-16,2.405,2.2650504112243652,2.107656955718994,2.107656955718994,2.183591365814209,2.2650504112243652,2.3472323417663574,2.4223458766937256,2.4223458766937256
2020-05-19,2020-04-17,2.423,2.301508665084839,2.150616407394409,2.150616407394409,2.222918748855591,2.301508665084839,2.3811824321746826,2.4528377056121826,2.4528377056121826
2020-05-20,2020-04-20,2.4675,2.3099539279937744,2.1568946838378906,2.1568946838378906,2.230739116668701,2.3099539279937744,2.3893609046936035,2.461498260498047,2.461498260498047
2020-05-21,2020-04-21,2.452,2.271092653274536,2.0983781814575195,2.0983781814575195,2.1833226680755615,2.271092653274536,2.356609344482422,2.4335100650787354,2.4335100650787354
2020-05-22,2020-04-22,2.409,2.306335926055908,2.15195369720459,2.15195369720459,2.2266948223114014,2.306335926055908,2.3848562240600586,2.4551897048950195,2.4551897048950195
2020-05-26,2020-04-23,2.4385,2.2749838829040527,2.13037109375,2.13037109375,2.2001397609710693,2.2749838829040527,2.3488941192626953,2.415814161300659,2.415814161300659
2020-05-27,2020-04-24,2.4025,2.284825325012207,2.1366488933563232,2.1366488933563232,2.207920789718628,2.284825325012207,2.3599448204040527,2.4266915321350098,2.4266915321350098
2020-05-28,2020-04-27,2.413,2.2941739559173584,2.1414055824279785,2.1414055824279785,2.2143149375915527,2.2941739559173584,2.373086929321289,2.4433093070983887,2.4433093070983887
2020-05-29,2020-04-28,2.4265,2.2894535064697266,2.1334919929504395,2.1334919929504395,2.208439826965332,2.2894535064697266,2.370143413543701,2.4435834884643555,2.4435834884643555
2020-06-01,2020-04-29,2.4745,2.2637407779693604,2.123169422149658,2.123169422149658,2.1902050971984863,2.2637407779693604,2.3371458053588867,2.4051239490509033,2.4051239490509033
2020-06-02,2020-04-30,2.4945,2.2298669815063477,2.095407485961914,2.095407485961914,2.1602816581726074,2.2298669815063477,2.2980470657348633,2.360858917236328,2.360858917236328
2020-06-03,2020-05-01,2.4965,2.221327781677246,2.086937189102173,2.086937189102173,2.1527953147888184,2.221327781677246,2.288926124572754,2.3506481647491455,2.3506481647491455
2020-06-04,2020-05-04,2.493,2.1884372234344482,2.0554823875427246,2.0554823875427246,2.121236562728882,2.1884372234344482,2.25406551361084,2.314831495285034,2.314831495285034
2020-06-05,2020-05-05,2.557,2.2408952713012695,2.1059255599975586,2.1059255599975586,2.171792984008789,2.2408952713012695,2.3089818954467773,2.371185064315796,2.371185064315796
2020-06-08,2020-05-06,2.57,2.2711663246154785,2.121082305908203,2.121082305908203,2.1943445205688477,2.2711663246154785,2.34616756439209,2.4134163856506348,2.4134163856506348
2020-06-09,2020-05-07,2.6005,2.28072452545166,2.1160852909088135,2.1160852909088135,2.1968865394592285,2.28072452545166,2.363297939300537,2.436898946762085,2.436898946762085
2020-06-10,2020-05-08,2.657,2.3088386058807373,2.150424003601074,2.150424003601074,2.227144718170166,2.3088386058807373,2.3886630535125732,2.458397150039673,2.458397150039673
2020-06-11,2020-05-11,2.5865,2.301344871520996,2.155937671661377,2.155937671661377,2.226689338684082,2.301344871520996,2.3716225624084473,2.432781219482422,2.432781219482422
2020-06-12,2020-05-12,2.6015,2.298207998275757,2.1533126831054688,2.1533126831054688,2.224313735961914,2.298207998275757,2.367218494415283,2.427497148513794,2.427497148513794
2020-06-15,2020-05-13,2.5685,2.305098533630371,2.1531524658203125,2.1531524658203125,2.227834701538086,2.305098533630371,2.377254009246826,2.440019130706787,2.440019130706787
2020-06-16,2020-05-14,2.566,2.3066325187683105,2.1723318099975586,2.1723318099975586,2.2377007007598877,2.3066325187683105,2.371565818786621,2.428178310394287,2.428178310394287
2020-06-17,2020-05-15,2.592,2.2803690433502197,2.1556267738342285,2.1556267738342285,2.216048002243042,2.2803690433502197,2.3405511379241943,2.392822504043579,2.392822504043579
2020-06-18,2020-05-18,2.591,2.3551762104034424,2.213393449783325,2.213393449783325,2.2822213172912598,2.3551762104034424,2.4241466522216797,2.4829678535461426,2.4829678535461426
2020-06-19,2020-05-19,2.615,2.376904249191284,2.2325878143310547,2.2325878143310547,2.3024840354919434,2.376904249191284,2.4477109909057617,2.507826089859009,2.507826089859009
2020-06-22,2020-05-20,2.6555,2.432229995727539,2.2627696990966797,2.2627696990966797,2.344663619995117,2.432229995727539,2.5202507972717285,2.596102714538574,2.596102714538574
2020-06-23,2020-05-21,2.66,2.4067494869232178,2.25430965423584,2.25430965423584,2.3276705741882324,2.4067494869232178,2.4852640628814697,2.5539326667785645,2.5539326667785645
2020-06-24,2020-05-22,2.6505,2.3644704818725586,2.218557834625244,2.218557834625244,2.2894515991210938,2.3644704818725586,2.4366087913513184,2.499845504760742,2.499845504760742
2020-06-25,2020-05-26,2.6625,2.397346258163452,2.243718147277832,2.243718147277832,2.31823992729187,2.397346258163452,2.4744009971618652,2.541041374206543,2.541041374206543
2020-06-26,2020-05-27,2.672,2.3523058891296387,2.2002456188201904,2.2002456188201904,2.274899959564209,2.3523058891296387,2.426319122314453,2.491147041320801,2.491147041320801
2020-06-29,2020-05-28,2.6795,2.3753950595855713,2.2241783142089844,2.2241783142089844,2.2983226776123047,2.3753950595855713,2.4492979049682617,2.5133249759674072,2.5133249759674072
2020-06-30,2020-05-29,2.7135,2.384861946105957,2.226999282836914,2.226999282836914,2.304734706878662,2.384861946105957,2.462747573852539,2.5300686359405518,2.5300686359405518
2020-07-01,2020-06-01,2.717,2.4293622970581055,2.25693941116333,2.25693941116333,2.3412904739379883,2.4293622970581055,2.5175585746765137,2.593632221221924,2.593632221221924
2020-07-02,2020-06-02,2.7335,2.452348232269287,2.2862980365753174,2.2862980365753174,2.3663010597229004,2.452348232269287,2.5387356281280518,2.6126394271850586,2.6126394271850586
2020-07-06,2020-06-03,2.766,2.4787063598632812,2.32271671295166,2.32271671295166,2.397592067718506,2.4787063598632812,2.558513641357422,2.626382350921631,2.626382350921631
2020-07-07,2020-06-04,2.7875,2.499664068222046,2.3441598415374756,2.3441598415374756,2.419377565383911,2.499664068222046,2.578092336654663,2.6447970867156982,2.6447970867156982
2020-07-08,2020-06-05,2.8145,2.5693037509918213,2.3903307914733887,2.3903307914733887,2.476123809814453,2.5693037509918213,2.664891242980957,2.74627685546875,2.74627685546875
2020-07-09,2020-06-08,2.828,2.595773458480835,2.436344623565674,2.436344623565674,2.5112152099609375,2.595773458480835,2.6831676959991455,2.7580418586730957,2.7580418586730957
2020-07-10,2020-06-09,2.887,2.6417810916900635,2.481581211090088,2.481581211090088,2.5553741455078125,2.6417810916900635,2.7320117950439453,2.809267520904541,2.809267520904541
2020-07-13,2020-06-10,2.942,2.71988582611084,2.527961015701294,2.527961015701294,2.617438793182373,2.71988582611084,2.8291707038879395,2.926020860671997,2.926020860671997
2020-07-14,2020-06-11,2.916,2.6460378170013428,2.4795796871185303,2.4795796871185303,2.5578222274780273,2.6460378170013428,2.7345519065856934,2.8098111152648926,2.8098111152648926
2020-07-15,2020-06-12,2.8705,2.6658289432525635,2.4850316047668457,2.4850316047668457,2.570009708404541,2.6658289432525635,2.7630739212036133,2.8461544513702393,2.8461544513702393
2020-07-16,2020-06-15,2.886,2.640491485595703,2.4673261642456055,2.4673261642456055,2.548696517944336,2.640491485595703,2.732870101928711,2.8119094371795654,2.8119094371795654
2020-07-17,2020-06-16,2.8875,2.646512985229492,2.4725611209869385,2.4725611209869385,2.554600477218628,2.646512985229492,2.7377917766571045,2.815577268600464,2.815577268600464
2020-07-20,2020-06-17,2.8985,2.6776998043060303,2.5041463375091553,2.5041463375091553,2.586740732192993,2.6776998043060303,2.7684450149536133,2.8458962440490723,2.8458962440490723
2020-07-21,2020-06-18,2.941,2.6881070137023926,2.5210344791412354,2.5210344791412354,2.600825786590576,2.6881070137023926,2.7751264572143555,2.8498098850250244,2.8498098850250244
2020-07-22,2020-06-19,2.9085,2.6914360523223877,2.5245232582092285,2.5245232582092285,2.603374719619751,2.6914360523223877,2.7806506156921387,2.8578054904937744,2.8578054904937744
2020-07-23,2020-06-22,2.9245,2.734175443649292,2.5560011863708496,2.5560011863708496,2.639831066131592,2.734175443649292,2.8316988945007324,2.91652250289917,2.91652250289917
2020-07-24,2020-06-23,2.882,2.752913475036621,2.5745158195495605,2.5745158195495605,2.659168243408203,2.752913475036621,2.849820613861084,2.93497633934021,2.93497633934021
2020-07-27,2020-06-24,2.888,2.7568116188049316,2.582064151763916,2.582064151763916,2.664663553237915,2.7568116188049316,2.852358341217041,2.936912775039673,2.936912775039673
2020-07-28,2020-06-25,2.905,2.7749788761138916,2.610628128051758,2.610628128051758,2.688445806503296,2.7749788761138916,2.8645362854003906,2.94427227973938,2.94427227973938
2020-07-29,2020-06-26,2.9055,2.786841869354248,2.6245763301849365,2.6245763301849365,2.7015514373779297,2.786841869354248,2.8750805854797363,2.954143524169922,2.954143524169922
2020-07-30,2020-06-29,2.9045,2.780322313308716,2.609398603439331,2.609398603439331,2.6912007331848145,2.780322313308716,2.8727283477783203,2.9558053016662598,2.9558053016662598
2020-07-31,2020-06-30,2.859,2.808119535446167,2.6414504051208496,2.6414504051208496,2.720263957977295,2.808119535446167,2.8996732234954834,2.9813337326049805,2.9813337326049805
2020-08-03,2020-07-01,2.908,2.823866367340088,2.666364908218384,2.666364908218384,2.7401671409606934,2.823866367340088,2.910172462463379,2.9875969886779785,2.9875969886779785
2020-08-04,2020-07-02,2.8895,2.8374056816101074,2.6699061393737793,2.6699061393737793,2.749096393585205,2.8374056816101074,2.9280295372009277,3.0084786415100098,3.0084786415100098
2020-08-05,2020-07-06,2.9115,2.8635318279266357,2.689674139022827,2.689674139022827,2.7716736793518066,2.8635318279266357,2.958601474761963,3.042327404022217,3.042327404022217
2020-08-06,2020-07-07,2.9055,2.879263162612915,2.693413257598877,2.693413257598877,2.780900478363037,2.879263162612915,2.981095790863037,3.0715413093566895,3.0715413093566895
2020-08-07,2020-07-08,2.7905,2.9153804779052734,2.731017589569092,2.731017589569092,2.8174681663513184,2.9153804779052734,3.017965793609619,3.109154462814331,3.109154462814331
2020-08-10,2020-07-09,2.8585,2.9541194438934326,2.7671608924865723,2.7671608924865723,2.855584144592285,2.9541194438934326,3.0561814308166504,3.145472288131714,3.145472288131714
2020-08-11,2020-07-10,2.872,3.0077524185180664,2.8089969158172607,2.8089969158172607,2.9036126136779785,3.0077524185180664,3.1183462142944336,3.2183103561401367,3.2183103561401367
2020-08-12,2020-07-13,2.887,3.0854573249816895,2.865499973297119,2.865499973297119,2.9706783294677734,3.0854573249816895,3.2106919288635254,3.3320224285125732,3.3320224285125732
2020-08-13,2020-07-14,2.804,3.043285369873047,2.833569049835205,2.833569049835205,2.9339160919189453,3.043285369873047,3.1577537059783936,3.261030435562134,3.261030435562134
2020-08-14,2020-07-15,2.856,2.9873743057250977,2.7774853706359863,2.7774853706359863,2.8783600330352783,2.9873743057250977,3.097977638244629,3.196880340576172,3.196880340576172
2020-08-17,2020-07-16,2.898,2.9976248741149902,2.7942004203796387,2.7942004203796387,2.8922910690307617,2.9976248741149902,3.104854106903076,3.201220750808716,3.201220750808716
2020-08-18,2020-07-17,2.971,3.010617971420288,2.81046724319458,2.81046724319458,2.906846046447754,3.010617971420288,3.115140914916992,3.2086689472198486,3.2086689472198486
2020-08-19,2020-07-20,3.019,3.027320146560669,2.832716226577759,2.832716226577759,2.926013946533203,3.027320146560669,3.1297311782836914,3.2215237617492676,3.2215237617492676
2020-08-20,2020-07-21,2.97,3.074960708618164,2.872868537902832,2.872868537902832,2.9693784713745117,3.074960708618164,3.183382511138916,3.280876636505127,3.280876636505127
2020-08-21,2020-07-22,2.9135,3.026561975479126,2.816986322402954,2.816986322402954,2.918379306793213,3.026561975479126,3.134112596511841,3.2302355766296387,3.2302355766296387
2020-08-24,2020-07-23,2.9225,3.034306526184082,2.836886405944824,2.836886405944824,2.9319560527801514,3.034306526184082,3.136988639831543,3.228957176208496,3.228957176208496
2020-08-25,2020-07-24,2.931,2.9853339195251465,2.793853998184204,2.793853998184204,2.885639190673828,2.9853339195251465,3.082411527633667,3.168900489807129,3.168900489807129
2020-08-26,2020-07-27,2.9595,2.966297149658203,2.772575855255127,2.772575855255127,2.865422248840332,2.966297149658203,3.0664539337158203,3.155592679977417,3.155592679977417
2020-08-27,2020-07-28,2.965,2.962334632873535,2.7808022499084473,2.7808022499084473,2.867748737335205,2.962334632873535,3.0573136806488037,3.14253830909729,3.14253830909729
2020-08-28,2020-07-29,2.995,2.927504777908325,2.744126796722412,2.744126796722412,2.8329663276672363,2.927504777908325,3.0216617584228516,3.1063153743743896,3.1063153743743896
2020-08-31,2020-07-30,3.041,2.926852226257324,2.752438545227051,2.752438545227051,2.83644437789917,2.926852226257324,3.0177388191223145,3.099992275238037,3.099992275238037
2020-09-01,2020-07-31,3.0095,2.883103132247925,2.696882963180542,2.696882963180542,2.7879385948181152,2.883103132247925,2.9746484756469727,3.0561797618865967,3.0561797618865967
2020-09-02,2020-08-03,3.003,2.934185028076172,2.7587392330169678,2.7587392330169678,2.843775749206543,2.934185028076172,3.024329662322998,3.106346368789673,3.106346368789673
2020-09-03,2020-08-04,2.958,2.9176135063171387,2.7501168251037598,2.7501168251037598,2.8311779499053955,2.9176135063171387,3.004519462585449,3.0843732357025146,3.0843732357025146
2020-09-04,2020-08-05,3.0465,2.9353365898132324,2.7682132720947266,2.7682132720947266,2.848446846008301,2.9353365898132324,3.0239391326904297,3.1046929359436035,3.1046929359436035
2020-09-08,2020-08-06,3.0125,2.939333915710449,2.765054702758789,2.765054702758789,2.8486900329589844,2.939333915710449,3.0323050022125244,3.117609739303589,3.117609739303589
2020-09-09,2020-08-07,3.04,2.8092567920684814,2.5904955863952637,2.5904955863952637,2.698202610015869,2.8092567920684814,2.9139304161071777,3.0044145584106445,3.0044145584106445
2020-09-10,2020-08-10,2.987,2.8521924018859863,2.6486334800720215,2.6486334800720215,2.748750686645508,2.8521924018859863,2.9526124000549316,3.041400194168091,3.041400194168091
2020-09-11,2020-08-11,3.034,2.854149103164673,2.660041332244873,2.660041332244873,2.755687713623047,2.854149103164673,2.9510042667388916,3.0373077392578125,3.0373077392578125
2020-09-14,2020-08-12,3.0665,2.8706488609313965,2.678415060043335,2.678415060043335,2.7733206748962402,2.8706488609313965,2.966895818710327,3.053154468536377,3.053154468536377
2020-09-15,2020-08-13,3.063,2.8147106170654297,2.591594696044922,2.591594696044922,2.703129529953003,2.8147106170654297,2.9190707206726074,3.0090408325195312,3.0090408325195312
2020-09-16,2020-08-14,3.058,2.8474886417388916,2.6393964290618896,2.6393964290618896,2.7427070140838623,2.8474886417388916,2.948918581008911,3.038426637649536,3.038426637649536
2020-09-17,2020-08-17,3.0665,2.8871171474456787,2.7021520137786865,2.7021520137786865,2.7921254634857178,2.8871171474456787,2.98152756690979,3.065532684326172,3.065532684326172
2020-09-18,2020-08-18,3.1135,2.953218698501587,2.7551474571228027,2.7551474571228027,2.8500618934631348,2.953218698501587,3.0610971450805664,3.160578489303589,3.160578489303589
2020-09-21,2020-08-19,3.0295,3.011075258255005,2.8027496337890625,2.8027496337890625,2.9012017250061035,3.011075258255005,3.1287195682525635,3.2422122955322266,3.2422122955322266
2020-09-22,2020-08-20,3.059,2.9430551528930664,2.756115198135376,2.756115198135376,2.8446741104125977,2.9430551528930664,3.043734312057495,3.1339657306671143,3.1339657306671143
2020-09-23,2020-08-21,2.9935,2.9034321308135986,2.726372480392456,2.726372480392456,2.8107972145080566,2.9034321308135986,2.9959964752197266,3.0784103870391846,3.0784103870391846
2020-09-24,2020-08-24,2.969,2.926025629043579,2.7505905628204346,2.7505905628204346,2.834481954574585,2.926025629043579,3.017127513885498,3.097776174545288,3.097776174545288
2020-09-25,2020-08-25,2.973,2.916334629058838,2.741943359375,2.741943359375,2.825505256652832,2.916334629058838,3.006723403930664,3.087139129638672,3.087139129638672
2020-09-28,2020-08-26,2.9895,2.94075345993042,2.760359287261963,2.760359287261963,2.8465700149536133,2.94075345993042,3.0369725227355957,3.123249053955078,3.123249053955078
2020-09-29,2020-08-27,2.9835,2.9452483654022217,2.7652995586395264,2.7652995586395264,2.851372718811035,2.9452483654022217,3.0408124923706055,3.126168727874756,3.126168727874756
2020-09-30,2020-08-28,3.0285,2.977849006652832,2.786032199859619,2.786032199859619,2.8771963119506836,2.977849006652832,3.0826659202575684,3.177133560180664,3.177133560180664
2020-10-01,2020-08-31,2.8635,3.009251832962036,2.7983388900756836,2.7983388900756836,2.8984246253967285,3.009251832962036,3.1246163845062256,3.22818922996521,3.22818922996521
2020-10-02,2020-09-01,2.9785,2.978534460067749,2.769496440887451,2.769496440887451,2.8701565265655518,2.978534460067749,3.087224006652832,3.183809518814087,3.183809518814087
2020-10-05,2020-09-02,2.965,2.968620777130127,2.761613130569458,2.761613130569458,2.8618688583374023,2.968620777130127,3.074498176574707,3.167882204055786,3.167882204055786
2020-10-06,2020-09-03,2.9655,2.9262213706970215,2.722071409225464,2.722071409225464,2.822373628616333,2.9262213706970215,3.026336669921875,3.1143057346343994,3.1143057346343994
2020-10-07,2020-09-04,3.0345,3.005239248275757,2.789095878601074,2.789095878601074,2.8942840099334717,3.005239248275757,3.1154794692993164,3.213207244873047,3.213207244873047
2020-10-08,2020-09-08,3.042,2.9798190593719482,2.775310516357422,2.775310516357422,2.8756039142608643,2.9798190593719482,3.0803089141845703,3.1686594486236572,3.1686594486236572
2020-10-09,2020-09-09,3.0795,2.996495246887207,2.7924437522888184,2.7924437522888184,2.8908228874206543,2.996495246887207,3.099412441253662,3.1889843940734863,3.1889843940734863
2020-10-12,2020-09-10,3.061,2.9281997680664062,2.725102663040161,2.725102663040161,2.8246102333068848,2.9281997680664062,3.024982452392578,3.108489513397217,3.108489513397217
2020-10-13,2020-09-11,3.0425,2.9440813064575195,2.7424638271331787,2.7424638271331787,2.839756965637207,2.9440813064575195,3.043550968170166,3.129756450653076,3.129756450653076
2020-10-14,2020-09-14,3.0475,2.966714382171631,2.7650396823883057,2.7650396823883057,2.8619837760925293,2.966714382171631,3.068183422088623,3.156818389892578,3.156818389892578
2020-10-15,2020-09-15,3.083,2.964259624481201,2.7648918628692627,2.7648918628692627,2.8602657318115234,2.964259624481201,3.0654139518737793,3.153947114944458,3.153947114944458
2020-10-16,2020-09-16,3.065,2.9688546657562256,2.7661657333374023,2.7661657333374023,2.8632164001464844,2.9688546657562256,3.070873737335205,3.159397602081299,3.159397602081299
2020-10-19,2020-09-17,3.081,2.9882559776306152,2.791445255279541,2.791445255279541,2.886214017868042,2.9882559776306152,3.087801456451416,3.175605058670044,3.175605058670044
2020-10-20,2020-09-18,3.1435,3.041858673095703,2.832770347595215,2.832770347595215,2.9329802989959717,3.041858673095703,3.1513657569885254,3.2493808269500732,3.2493808269500732
2020-10-21,2020-09-21,3.1945,2.971510887145996,2.76932954788208,2.76932954788208,2.866896390914917,2.971510887145996,3.0722804069519043,3.162435293197632,3.162435293197632
2020-10-22,2020-09-22,3.15,3.003854274749756,2.8002302646636963,2.8002302646636963,2.8984384536743164,3.003854274749756,3.1075315475463867,3.201378345489502,3.201378345489502
2020-10-23,2020-09-23,3.1255,2.9273605346679688,2.7126712799072266,2.7126712799072266,2.8171916007995605,2.9273605346679688,3.0326361656188965,3.1262588500976562,3.1262588500976562
2020-10-26,2020-09-24,3.0885,2.903514862060547,2.691812515258789,2.691812515258789,2.7945542335510254,2.903514862060547,3.006809711456299,3.0975899696350098,3.0975899696350098
2020-10-27,2020-09-25,3.09,2.8934500217437744,2.68784236907959,2.68784236907959,2.787731647491455,2.8934500217437744,2.993764638900757,3.082078695297241,3.082078695297241
2020-10-28,2020-09-28,3.057,2.903103828430176,2.6994364261627197,2.6994364261627197,2.798011302947998,2.903103828430176,3.0029473304748535,3.0901129245758057,3.0901129245758057
2020-10-29,2020-09-29,3.052,2.9049012660980225,2.69974422454834,2.69974422454834,2.799459934234619,2.9049012660980225,3.0051658153533936,3.09324312210083,3.09324312210083
2020-10-30,2020-09-30,3.0435,2.9447085857391357,2.7444441318511963,2.7444441318511963,2.8413028717041016,2.9447085857391357,3.0448057651519775,3.133155107498169,3.133155107498169
2020-11-02,2020-10-01,3.0735,2.7750587463378906,2.546365261077881,2.546365261077881,2.657853126525879,2.7750587463378906,2.8822720050811768,2.972421407699585,2.972421407699585
2020-11-03,2020-10-02,3.087,2.84495210647583,2.628237724304199,2.628237724304199,2.7337610721588135,2.84495210647583,2.950031280517578,3.0419516563415527,3.0419516563415527
2020-11-04,2020-10-05,3.101,2.8278005123138428,2.6199491024017334,2.6199491024017334,2.7210307121276855,2.8278005123138428,2.92948055267334,3.01830792427063,3.01830792427063
2020-11-05,2020-10-06,3.1045,2.8399882316589355,2.636214017868042,2.636214017868042,2.7346222400665283,2.8399882316589355,2.9422011375427246,3.031257152557373,3.031257152557373
2020-11-06,2020-10-07,3.149,2.8900561332702637,2.6859230995178223,2.6859230995178223,2.7817397117614746,2.8900561332702637,2.9993577003479004,3.0951685905456543,3.0951685905456543
2020-11-09,2020-10-08,3.1515,2.92277193069458,2.7106072902679443,2.7106072902679443,2.8098058700561523,2.92277193069458,3.036215305328369,3.135221004486084,3.135221004486084
2020-11-10,2020-10-09,3.1505,2.975739002227783,2.759157419204712,2.759157419204712,2.8604965209960938,2.975739002227783,3.092503547668457,3.196859359741211,3.196859359741211
2020-11-11,2020-10-12,3.129,2.9838297367095947,2.767223834991455,2.767223834991455,2.869140625,2.9838297367095947,3.098428726196289,3.2000324726104736,3.2000324726104736
2020-11-12,2020-10-13,3.143,2.9708118438720703,2.7576189041137695,2.7576189041137695,2.8582065105438232,2.9708118438720703,3.080596923828125,3.1768276691436768,3.1768276691436768
2020-11-13,2020-10-14,3.1755,2.9923994541168213,2.780557632446289,2.780557632446289,2.8806796073913574,2.9923994541168213,3.102024793624878,3.1985175609588623,3.1985175609588623
2020-11-16,2020-10-15,3.22,3.0186281204223633,2.8007426261901855,2.8007426261901855,2.903733730316162,3.0186281204223633,3.133176803588867,3.2336463928222656,3.2336463928222656
2020-11-17,2020-10-16,3.1965,2.999427318572998,2.781346082687378,2.781346082687378,2.885025978088379,2.999427318572998,3.1103506088256836,3.2057807445526123,3.2057807445526123
2020-11-18,2020-10-19,3.198,3.018551826477051,2.802091121673584,2.802091121673584,2.9051105976104736,3.018551826477051,3.1284327507019043,3.222783088684082,3.222783088684082
2020-11-19,2020-10-20,3.2035,3.0954747200012207,2.863532781600952,2.863532781600952,2.9733219146728516,3.0954747200012207,3.2190439701080322,3.325981855392456,3.325981855392456
2020-11-20,2020-10-21,3.2935,3.1570000648498535,2.912172794342041,2.912172794342041,3.0276763439178467,3.1570000648498535,3.292978286743164,3.417938232421875,3.417938232421875
2020-11-23,2020-10-22,3.2595,3.1302318572998047,2.9052560329437256,2.9052560329437256,3.0126125812530518,3.1302318572998047,3.249335765838623,3.354971408843994,3.354971408843994
2020-11-24,2020-10-23,3.3,3.1223204135894775,2.894040584564209,2.894040584564209,3.002809762954712,3.1223204135894775,3.2419919967651367,3.347036361694336,3.347036361694336
2020-11-25,2020-10-26,3.312,3.093538761138916,2.86918306350708,2.86918306350708,2.976539134979248,3.093538761138916,3.209254026412964,3.3118319511413574,3.3118319511413574
2020-11-27,2020-10-27,3.3995,3.075321912765503,2.8521888256073,2.8521888256073,2.958566188812256,3.075321912765503,3.1897525787353516,3.290055513381958,3.290055513381958
2020-11-30,2020-10-28,3.4205,3.036783218383789,2.8245139122009277,2.8245139122009277,2.9254322052001953,3.036783218383789,3.1449718475341797,3.240097761154175,3.240097761154175
2020-12-01,2020-10-29,3.468,3.025390148162842,2.8198983669281006,2.8198983669281006,2.9173355102539062,3.025390148162842,3.129321575164795,3.220982551574707,3.220982551574707
2020-12-02,2020-10-30,3.475,3.008558750152588,2.803995132446289,2.803995132446289,2.901420831680298,3.008558750152588,3.1107797622680664,3.201490640640259,3.201490640640259
2020-12-03,2020-11-02,3.479,3.0317447185516357,2.8281478881835938,2.8281478881835938,2.924940824508667,3.0317447185516357,3.1344103813171387,3.226104259490967,3.226104259490967
2020-12-04,2020-11-03,3.514,3.048306941986084,2.8419058322906494,2.8419058322906494,2.9398655891418457,3.048306941986084,3.154021739959717,3.2485995292663574,3.2485995292663574
2020-12-07,2020-11-04,3.5085,3.0710229873657227,2.859166383743286,2.859166383743286,2.9594156742095947,3.0710229873657227,3.180276870727539,3.2770423889160156,3.2770423889160156
2020-12-08,2020-11-05,3.494,3.0790886878967285,2.868875741958618,2.868875741958618,2.968189239501953,3.0790886878967285,3.1887855529785156,3.286254405975342,3.286254405975342
2020-12-09,2020-11-06,3.508,3.1313157081604004,2.916473388671875,2.916473388671875,3.018069267272949,3.1313157081604004,3.2455947399139404,3.347405433654785,3.347405433654785
2020-12-10,2020-11-09,3.5705,3.1541643142700195,2.944319725036621,2.944319725036621,3.0440571308135986,3.1541643142700195,3.263702869415283,3.3605964183807373,3.3605964183807373
2020-12-11,2020-11-10,3.524,3.171877384185791,2.968623638153076,2.968623638153076,3.0655622482299805,3.171877384185791,3.2766730785369873,3.3695268630981445,3.3695268630981445
2020-12-14,2020-11-11,3.522,3.169214963912964,2.962195634841919,2.962195634841919,3.0613369941711426,3.169214963912964,3.2747228145599365,3.3692755699157715,3.3692755699157715
2020-12-15,2020-11-12,3.538,3.188042163848877,2.977792978286743,2.977792978286743,3.0787546634674072,3.188042163848877,3.295560359954834,3.3929362297058105,3.3929362297058105
2020-12-16,2020-11-13,3.554,3.232562780380249,3.0307178497314453,3.0307178497314453,3.127290964126587,3.232562780380249,3.3383190631866455,3.4333653450012207,3.4333653450012207
2020-12-17,2020-11-16,3.597,3.2918028831481934,3.073439836502075,3.073439836502075,3.177135944366455,3.2918028831481934,3.4100656509399414,3.516242504119873,3.516242504119873
2020-12-18,2020-11-17,3.6285,3.2773070335388184,3.055802345275879,3.055802345275879,3.1617558002471924,3.2773070335388184,3.393691301345825,3.4986090660095215,3.4986090660095215
2020-12-21,2020-11-18,3.573,3.26000714302063,3.0424294471740723,3.0424294471740723,3.146686315536499,3.26000714302063,3.371957778930664,3.472153902053833,3.472153902053833
2020-12-22,2020-11-19,3.518,3.2568130493164062,3.0408730506896973,3.0408730506896973,3.144439697265625,3.2568130493164062,3.3671483993530273,3.4655699729919434,3.4655699729919434
2020-12-23,2020-11-20,3.552,3.3415613174438477,3.1156184673309326,3.1156184673309326,3.2227864265441895,3.3415613174438477,3.4626049995422363,3.5719282627105713,3.5719282627105713
2020-12-24,2020-11-23,3.56,3.337574005126953,3.108872413635254,3.108872413635254,3.2181735038757324,3.337574005126953,3.4557440280914307,3.5617799758911133,3.5617799758911133
2020-12-28,2020-11-24,3.57,3.3685007095336914,3.1393487453460693,3.1393487453460693,3.249488353729248,3.3685007095336914,3.486490488052368,3.5926880836486816,3.5926880836486816
2020-12-29,2020-11-25,3.553,3.402164936065674,3.175463914871216,3.175463914871216,3.284249782562256,3.402164936065674,3.5197153091430664,3.6258385181427,3.6258385181427
2020-12-30,2020-11-27,3.543,3.5117857456207275,3.254749298095703,3.254749298095703,3.376838207244873,3.5117857456207275,3.65105938911438,3.777432680130005,3.777432680130005
2020-12-31,2020-11-30,3.514,3.5485963821411133,3.2703640460968018,3.2703640460968018,3.4018852710723877,3.5485963821411133,3.7024922370910645,3.8465800285339355,3.8465800285339355
2021-01-04,2020-12-01,3.553,3.586313486099243,3.2980480194091797,3.2980480194091797,3.4338173866271973,3.586313486099243,3.748678207397461,3.9038171768188477,3.9038171768188477
2021-01-05,2020-12-02,3.6405,3.6193225383758545,3.3342859745025635,3.3342859745025635,3.4688503742218018,3.6193225383758545,3.774972677230835,3.9154610633850098,3.9154610633850098
2021-01-06,2020-12-03,3.65,3.652639389038086,3.3673882484436035,3.3673882484436035,3.5016891956329346,3.652639389038086,3.8056387901306152,3.940430164337158,3.940430164337158
2021-01-07,2020-12-04,3.6955,3.685995101928711,3.377622127532959,3.377622127532959,3.5224499702453613,3.685995101928711,3.853144407272339,4.000757694244385,4.000757694244385
2021-01-08,2020-12-07,3.6735,3.663635730743408,3.3626275062561035,3.3626275062561035,3.505369186401367,3.663635730743408,3.823403835296631,3.965555191040039,3.965555191040039
2021-01-11,2020-12-08,3.564,3.631910562515259,3.347774028778076,3.347774028778076,3.4826667308807373,3.631910562515259,3.7805895805358887,3.9112753868103027,3.9112753868103027
2021-01-12,2020-12-09,3.605,3.6597342491149902,3.380427122116089,3.380427122116089,3.5134682655334473,3.6597342491149902,3.805083751678467,3.931381940841675,3.931381940841675
2021-01-13,2020-12-10,3.617,3.759453058242798,3.466747760772705,3.466747760772705,3.6061813831329346,3.759453058242798,3.9146852493286133,4.048967361450195,4.048967361450195
2021-01-14,2020-12-11,3.668,3.683633804321289,3.4010167121887207,3.4010167121887207,3.536769151687622,3.683633804321289,3.8294553756713867,3.9573891162872314,3.9573891162872314
2021-01-15,2020-12-14,3.603,3.671520709991455,3.395380973815918,3.395380973815918,3.52817440032959,3.671520709991455,3.814105987548828,3.939995288848877,3.939995288848877
2021-01-19,2020-12-15,3.636,3.7056429386138916,3.4418139457702637,3.4418139457702637,3.5689454078674316,3.7056429386138916,3.842064142227173,3.963698387145996,3.963698387145996
2021-01-20,2020-12-16,3.6475,3.7337050437927246,3.465031862258911,3.465031862258911,3.595065116882324,3.7337050437927246,3.871788740158081,3.996026039123535,3.996026039123535
2021-01-21,2020-12-17,3.6555,3.7688090801239014,3.506720781326294,3.506720781326294,3.633507490158081,3.7688090801239014,3.905000686645508,4.027795791625977,4.027795791625977
2021-01-22,2020-12-18,3.6355,3.80287766456604,3.5438287258148193,3.5438287258148193,3.6691832542419434,3.80287766456604,3.9403207302093506,4.065370559692383,4.065370559692383
2021-01-25,2020-12-21,3.6405,3.7474188804626465,3.4807863235473633,3.4807863235473633,3.6103339195251465,3.7474188804626465,3.8831987380981445,4.0068864822387695,4.0068864822387695
2021-01-26,2020-12-22,3.628,3.6492838859558105,3.3621103763580322,3.3621103763580322,3.5003843307495117,3.6492838859558105,3.7940030097961426,3.926457405090332,3.926457405090332
2021-01-27,2020-12-23,3.5715,3.6602816581726074,3.3856658935546875,3.3856658935546875,3.517880916595459,3.6602816581726074,3.8020458221435547,3.932819366455078,3.932819366455078
2021-01-28,2020-12-24,3.583,3.6899967193603516,3.42117977142334,3.42117977142334,3.550786018371582,3.6899967193603516,3.8299388885498047,3.958906888961792,3.958906888961792
2021-01-29,2020-12-28,3.5735,3.7056636810302734,3.438392162322998,3.438392162322998,3.5673933029174805,3.7056636810302734,3.8471667766571045,3.977870464324951,3.977870464324951
2021-02-01,2020-12-29,3.562,3.659264087677002,3.3760290145874023,3.3760290145874023,3.5123629570007324,3.659264087677002,3.807842493057251,3.944401741027832,3.944401741027832
2021-02-02,2020-12-30,3.539,3.637660503387451,3.3609933853149414,3.3609933853149414,3.4940030574798584,3.637660503387451,3.783106803894043,3.917203426361084,3.917203426361084
2021-02-03,2020-12-31,3.5785,3.6187877655029297,3.358685255050659,3.358685255050659,3.4831738471984863,3.6187877655029297,3.755237579345703,3.879566192626953,3.879566192626953
2021-02-04,2021-01-04,3.566,3.7241570949554443,3.474017381668091,3.474017381668091,3.594205379486084,3.7241570949554443,3.859503746032715,3.983819007873535,3.983819007873535
2021-02-05,2021-01-05,3.639,3.807435989379883,3.5356249809265137,3.5356249809265137,3.6653146743774414,3.807435989379883,3.9588778018951416,4.097184181213379,4.097184181213379
2021-02-08,2021-01-06,3.679,3.8208913803100586,3.5549895763397217,3.5549895763397217,3.682814836502075,3.8208913803100586,3.9656291007995605,4.097137451171875,4.097137451171875
2021-02-09,2021-01-07,3.7335,3.8628478050231934,3.5911855697631836,3.5911855697631836,3.7220582962036133,3.8628478050231934,4.011100769042969,4.146405220031738,4.146405220031738
2021-02-10,2021-01-08,3.7855,3.832700252532959,3.5813589096069336,3.5813589096069336,3.703909158706665,3.832700252532959,3.965069055557251,4.08547830581665,4.08547830581665
2021-02-11,2021-01-11,3.7875,3.7279117107391357,3.463393211364746,3.463393211364746,3.5922632217407227,3.7279117107391357,3.862140417098999,3.984219551086426,3.984219551086426
2021-02-12,2021-01-12,3.802,3.7608838081359863,3.499514102935791,3.499514102935791,3.626461982727051,3.7608838081359863,3.8955674171447754,4.0178632736206055,4.0178632736206055
2021-02-16,2021-01-13,3.848,3.779205560684204,3.5264642238616943,3.5264642238616943,3.650114059448242,3.779205560684204,3.9097838401794434,4.028269290924072,4.028269290924072
2021-02-17,2021-01-14,3.836,3.823770523071289,3.56437349319458,3.56437349319458,3.6916098594665527,3.823770523071289,3.95925235748291,4.082520484924316,4.082520484924316
2021-02-18,2021-01-15,3.9165,3.734187602996826,3.4612770080566406,3.4612770080566406,3.5939865112304688,3.734187602996826,3.8766095638275146,4.006924152374268,4.006924152374268
2021-02-19,2021-01-19,4.09,3.740157127380371,3.467498540878296,3.467498540878296,3.599548578262329,3.740157127380371,3.8846516609191895,4.016382217407227,4.016382217407227
2021-02-22,2021-01-20,4.1525,3.7912936210632324,3.5244362354278564,3.5244362354278564,3.6541781425476074,3.7912936210632324,3.9318935871124268,4.060454368591309,4.060454368591309
2021-02-23,2021-01-21,4.1875,3.8193302154541016,3.5504281520843506,3.5504281520843506,3.681338310241699,3.8193302154541016,3.9616379737854004,4.093130111694336,4.093130111694336
2021-02-24,2021-01-22,4.301,3.7860610485076904,3.508577585220337,3.508577585220337,3.643512010574341,3.7860610485076904,3.931375741958618,4.0661211013793945,4.0661211013793945
2021-02-25,2021-01-25,4.266,3.7722363471984863,3.503267765045166,3.503267765045166,3.634427070617676,3.7722363471984863,3.9114418029785156,4.039539813995361,4.039539813995361
2021-02-26,2021-01-26,4.0945,3.755216598510742,3.5020036697387695,3.5020036697387695,3.62505841255188,3.755216598510742,3.886115312576294,4.005107402801514,4.005107402801514
2021-03-01,2021-01-27,4.1195,3.7111992835998535,3.454420804977417,3.454420804977417,3.579632520675659,3.7111992835998535,3.8387484550476074,3.9539263248443604,3.9539263248443604
2021-03-02,2021-01-28,4.2315,3.690894365310669,3.423288345336914,3.423288345336914,3.5536346435546875,3.690894365310669,3.824125051498413,3.944831371307373,3.944831371307373
2021-03-03,2021-01-29,4.153,3.6451516151428223,3.382286548614502,3.382286548614502,3.51009202003479,3.6451516151428223,3.7751970291137695,3.8927626609802246,3.8927626609802246
2021-03-04,2021-02-01,3.991,3.5626578330993652,3.2909770011901855,3.2909770011901855,3.4221482276916504,3.5626578330993652,3.696384906768799,3.815387725830078,3.815387725830078
2021-03-05,2021-02-02,4.087,3.5237042903900146,3.2610342502593994,3.2610342502593994,3.3883275985717773,3.5237042903900146,3.6516916751861572,3.76440167427063,3.76440167427063
2021-03-08,2021-02-03,4.1035,3.60473370552063,3.340291976928711,3.340291976928711,3.468308925628662,3.60473370552063,3.7376880645751953,3.8577442169189453,3.8577442169189453
2021-03-09,2021-02-04,4.0195,3.574054718017578,3.3112664222717285,3.3112664222717285,3.4386415481567383,3.574054718017578,3.7063026428222656,3.8255133628845215,3.8255133628845215
2021-03-10,2021-02-05,4.042,3.6137123107910156,3.3436055183410645,3.3436055183410645,3.473261833190918,3.6137123107910156,3.751173973083496,3.8722147941589355,3.8722147941589355
2021-03-11,2021-02-08,4.143,3.6253645420074463,3.337347984313965,3.337347984313965,3.4749205112457275,3.6253645420074463,3.7725088596343994,3.900710105895996,3.900710105895996
2021-03-12,2021-02-09,4.1455,3.764538288116455,3.456503391265869,3.456503391265869,3.6038761138916016,3.764538288116455,3.926391363143921,4.071253776550293,4.071253776550293
2021-03-15,2021-02-10,4.1465,3.774667978286743,3.439728260040283,3.439728260040283,3.5985331535339355,3.774667978286743,3.9538321495056152,4.113693714141846,4.113693714141846
2021-03-16,2021-02-11,4.079,3.760298013687134,3.4323670864105225,3.4323670864105225,3.5887537002563477,3.760298013687134,3.9302239418029785,4.079607009887695,4.079607009887695
2021-03-17,2021-02-12,4.128,3.8154263496398926,3.4901113510131836,3.4901113510131836,3.6464622020721436,3.8154263496398926,3.9820094108581543,4.130298614501953,4.130298614501953
2021-03-18,2021-02-16,4.117,3.92757511138916,3.5835869312286377,3.5835869312286377,3.7494213581085205,3.92757511138916,4.105437278747559,4.266343116760254,4.266343116760254
2021-03-19,2021-02-17,4.1235,3.889251947402954,3.557101011276245,3.557101011276245,3.7175540924072266,3.889251947402954,4.0569071769714355,4.206206321716309,4.206206321716309
2021-03-22,2021-02-18,4.149,3.982100009918213,3.654851198196411,3.654851198196411,3.8111605644226074,3.982100009918213,4.156426429748535,4.3127055168151855,4.3127055168151855
2021-03-23,2021-02-19,4.088,4.100350856781006,3.687551498413086,3.687551498413086,3.880525588989258,4.100350856781006,4.336604118347168,4.565497875213623,4.565497875213623
2021-03-24,2021-02-22,4.0715,4.145798206329346,3.708087921142578,3.708087921142578,3.91414213180542,4.145798206329346,4.390072345733643,4.620072841644287,4.620072841644287
2021-03-25,2021-02-23,3.985,4.164379119873047,3.71490216255188,3.71490216255188,3.9267868995666504,4.164379119873047,4.4128217697143555,4.640026569366455,4.640026569366455
2021-03-26,2021-02-24,4.0785,4.264359951019287,3.7436342239379883,3.7436342239379883,3.989271402359009,4.264359951019287,4.557175636291504,4.852858066558838,4.852858066558838
2021-03-29,2021-02-25,4.043,4.150867462158203,3.6808347702026367,3.6808347702026367,3.903089761734009,4.150867462158203,4.403842926025391,4.629505157470703,4.629505157470703
2021-03-30,2021-02-26,3.983,3.982067108154297,3.547548294067383,3.547548294067383,3.753737449645996,3.982067108154297,4.211180210113525,4.415592193603516,4.415592193603516
2021-03-31,2021-03-01,4.003,4.017753601074219,3.591599464416504,3.591599464416504,3.7945237159729004,4.017753601074219,4.242036819458008,4.4423394203186035,4.4423394203186035
2021-04-01,2021-03-02,4.0035,4.134404182434082,3.686713457107544,3.686713457107544,3.899972915649414,4.134404182434082,4.371481418609619,4.58627462387085,4.58627462387085
2021-04-05,2021-03-03,4.149,4.037271022796631,3.601543426513672,3.601543426513672,3.8103249073028564,4.037271022796631,4.25912618637085,4.458281993865967,4.458281993865967
2021-04-06,2021-03-04,4.1265,3.8734235763549805,3.456303119659424,3.456303119659424,3.657646894454956,3.8734235763549805,4.080371856689453,4.266770362854004,4.266770362854004
2021-04-07,2021-03-05,4.064,3.9996588230133057,3.567945718765259,3.567945718765259,3.7739992141723633,3.9996588230133057,4.221632480621338,4.423048496246338,4.423048496246338
2021-04-08,2021-03-08,4.1035,4.10664176940918,3.688084602355957,3.688084602355957,3.8889575004577637,4.10664176940918,4.318704128265381,4.509648323059082,4.509648323059082
2021-04-09,2021-03-09,4.0505,4.048188209533691,3.637085437774658,3.637085437774658,3.835160255432129,4.048188209533691,4.2545928955078125,4.441411018371582,4.441411018371582
2021-04-12,2021-03-10,4.03,4.073690414428711,3.6600475311279297,3.6600475311279297,3.8593764305114746,4.073690414428711,4.283328056335449,4.474642276763916,4.474642276763916
2021-04-13,2021-03-11,4.043,4.205259799957275,3.77656888961792,3.77656888961792,3.982470989227295,4.205259799957275,4.429401397705078,4.638121604919434,4.638121604919434
2021-04-14,2021-03-12,4.14,4.273184299468994,3.8819265365600586,3.8819265365600586,4.070409774780273,4.273184299468994,4.479181289672852,4.672120094299316,4.672120094299316
2021-04-15,2021-03-15,4.2305,4.243678092956543,3.856294870376587,3.856294870376587,4.043628215789795,4.243678092956543,4.445368766784668,4.634511947631836,4.634511947631836
2021-04-16,2021-03-16,4.18,4.190250873565674,3.806192636489868,3.806192636489868,3.9923758506774902,4.190250873565674,4.387260437011719,4.571514129638672,4.571514129638672
2021-04-19,2021-03-17,4.25,4.25485372543335,3.8717212677001953,3.8717212677001953,4.057410717010498,4.25485372543335,4.453390121459961,4.6408891677856445,4.6408891677856445
2021-04-20,2021-03-18,4.224,4.269980430603027,3.884699821472168,3.884699821472168,4.071897506713867,4.269980430603027,4.469213008880615,4.65916633605957,4.65916633605957
2021-04-21,2021-03-19,4.2865,4.273162364959717,3.899414539337158,3.899414539337158,4.081434726715088,4.273162364959717,4.466540336608887,4.65020227432251,4.65020227432251
2021-04-22,2021-03-22,4.2805,4.349166393280029,3.965226411819458,3.965226411819458,4.151982307434082,4.349166393280029,4.550673961639404,4.742218017578125,4.742218017578125
2021-04-23,2021-03-23,4.343,4.242603302001953,3.872131824493408,3.872131824493408,4.05311393737793,4.242603302001953,4.433060646057129,4.613446235656738,4.613446235656738
2021-04-26,2021-03-24,4.448,4.242020606994629,3.8727993965148926,3.8727993965148926,4.053153038024902,4.242020606994629,4.430502891540527,4.606097221374512,4.606097221374512
2021-04-27,2021-03-25,4.743,4.080985069274902,3.697866916656494,3.697866916656494,3.883419990539551,4.080985069274902,4.2705583572387695,4.444535732269287,4.444535732269287
2021-04-28,2021-03-26,4.537,4.130734443664551,3.751276731491089,3.751276731491089,3.935912609100342,4.130734443664551,4.323328495025635,4.503007411956787,4.503007411956787
2021-04-29,2021-03-29,4.493,4.105191230773926,3.72267746925354,3.72267746925354,3.9084103107452393,4.105191230773926,4.300469875335693,4.4810309410095215,4.4810309410095215
2021-04-30,2021-03-30,4.479,4.103638648986816,3.7113523483276367,3.7113523483276367,3.9005613327026367,4.103638648986816,4.303792953491211,4.48677396774292,4.48677396774292
2021-05-03,2021-03-31,4.543,4.122097015380859,3.73618483543396,3.73618483543396,3.92319655418396,4.122097015380859,4.319757461547852,4.502440452575684,4.502440452575684
2021-05-04,2021-04-01,4.536,4.132318496704102,3.7504870891571045,3.7504870891571045,3.935211658477783,4.132318496704102,4.330716133117676,4.515554904937744,4.515554904937744
2021-05-05,2021-04-05,4.539,4.370013236999512,3.937506675720215,3.937506675720215,4.1424970626831055,4.370013236999512,4.611860275268555,4.841214656829834,4.841214656829834
2021-05-06,2021-04-06,4.619,4.391932010650635,4.010735511779785,4.010735511779785,4.192166328430176,4.391932010650635,4.603903293609619,4.803332805633545,4.803332805633545
2021-05-07,2021-04-07,4.766,4.277663230895996,3.9167957305908203,3.9167957305908203,4.090063571929932,4.277663230895996,4.469135284423828,4.648728847503662,4.648728847503662
2021-05-10,2021-04-08,4.7335,4.293238639831543,3.9294416904449463,3.9294416904449463,4.104184150695801,4.293238639831543,4.488716125488281,4.671932220458984,4.671932220458984
2021-05-11,2021-04-09,4.7785,4.2283616065979,3.8788657188415527,3.8788657188415527,4.047499656677246,4.2283616065979,4.413993835449219,4.588042736053467,4.588042736053467
2021-05-12,2021-04-12,4.7525,4.206915378570557,3.8498435020446777,3.8498435020446777,4.022407531738281,4.206915378570557,4.395333290100098,4.573728561401367,4.573728561401367
2021-05-13,2021-04-13,4.7055,4.195920467376709,3.8558647632598877,3.8558647632598877,4.020800590515137,4.195920467376709,4.375843048095703,4.545985698699951,4.545985698699951
2021-05-14,2021-04-14,4.664,4.276941299438477,3.9275801181793213,3.9275801181793213,4.097420692443848,4.276941299438477,4.464527606964111,4.643535137176514,4.643535137176514
2021-05-17,2021-04-15,4.7215,4.358353614807129,3.99220609664917,3.99220609664917,4.169793605804443,4.358353614807129,4.557973861694336,4.749804496765137,4.749804496765137
2021-05-18,2021-04-16,4.7355,4.329185485839844,3.982001543045044,3.982001543045044,4.151569366455078,4.329185485839844,4.514296531677246,4.688481330871582,4.688481330871582
2021-05-19,2021-04-19,4.5895,4.40631628036499,4.028800964355469,4.028800964355469,4.212437629699707,4.40631628036499,4.607653617858887,4.7969584465026855,4.7969584465026855
2021-05-20,2021-04-20,4.582,4.354769706726074,3.996171712875366,3.996171712875366,4.171725273132324,4.354769706726074,4.546245574951172,4.727266311645508,4.727266311645508
2021-05-21,2021-04-21,4.496,4.409614086151123,4.024468421936035,4.024468421936035,4.211542129516602,4.409614086151123,4.617152214050293,4.811652183532715,4.811652183532715
2021-05-24,2021-04-22,4.5415,4.435388088226318,4.0478515625,4.0478515625,4.23600435256958,4.435388088226318,4.640801429748535,4.830883026123047,4.830883026123047
2021-05-25,2021-04-23,4.522,4.535457611083984,4.134980201721191,4.134980201721191,4.3283891677856445,4.535457611083984,4.753108978271484,4.9572248458862305,4.9572248458862305
2021-05-26,2021-04-26,4.533,4.707435131072998,4.2672200202941895,4.2672200202941895,4.476135730743408,4.707435131072998,4.959053993225098,5.200015544891357,5.200015544891357
2021-05-27,2021-04-27,4.6665,5.045528411865234,4.459470748901367,4.459470748901367,4.727206230163574,5.045528411865234,5.423903942108154,5.876437187194824,5.876437187194824
2021-05-28,2021-04-28,4.6825,4.800111293792725,4.371994495391846,4.371994495391846,4.5751051902771,4.800111293792725,5.0424299240112305,5.275636196136475,5.275636196136475
2021-06-01,2021-04-29,4.662,4.725543022155762,4.324440956115723,4.324440956115723,4.516868591308594,4.725543022155762,4.945082187652588,5.1545000076293945,5.1545000076293945
2021-06-02,2021-04-30,4.6,4.725768089294434,4.33128023147583,4.33128023147583,4.520211219787598,4.725768089294434,4.9442572593688965,5.155147552490234,5.155147552490234
2021-06-03,2021-05-03,4.4715,4.8011884689331055,4.410822868347168,4.410822868347168,4.598099708557129,4.8011884689331055,5.0199503898620605,5.23137092590332,5.23137092590332
2021-06-04,2021-05-04,4.5375,4.788344383239746,4.405453205108643,4.405453205108643,4.590554714202881,4.788344383239746,4.9988250732421875,5.2023820877075195,5.2023820877075195
2021-06-07,2021-05-05,4.535,4.747418403625488,4.391384124755859,4.391384124755859,4.565357685089111,4.747418403625488,4.941545486450195,5.129840850830078,5.129840850830078
2021-06-08,2021-05-06,4.563,4.815071105957031,4.443462371826172,4.443462371826172,4.624165058135986,4.815071105957031,5.02169942855835,5.223139762878418,5.223139762878418
2021-06-09,2021-05-07,4.5365,4.9630513191223145,4.568164348602295,4.568164348602295,4.758728981018066,4.9630513191223145,5.191287994384766,5.419101715087891,5.419101715087891
2021-06-10,2021-05-10,4.49,5.024877071380615,4.635741233825684,4.635741233825684,4.823879241943359,5.024877071380615,5.246842861175537,5.465038299560547,5.465038299560547
2021-06-11,2021-05-11,4.5415,5.118930816650391,4.696403980255127,4.696403980255127,4.9005045890808105,5.118930816650391,5.360109806060791,5.597929000854492,5.597929000854492
2021-06-14,2021-05-12,4.532,5.094453811645508,4.681277751922607,4.681277751922607,4.881664276123047,5.094453811645508,5.327048301696777,5.5610785484313965,5.5610785484313965
2021-06-15,2021-05-13,4.34,5.025867462158203,4.61851692199707,4.61851692199707,4.815589904785156,5.025867462158203,5.2529096603393555,5.476670265197754,5.476670265197754
2021-06-16,2021-05-14,4.3925,4.98408842086792,4.580565452575684,4.580565452575684,4.775389671325684,4.98408842086792,5.205162525177002,5.418308258056641,5.418308258056641
2021-06-17,2021-05-17,4.1845,5.033695220947266,4.628835201263428,4.628835201263428,4.824740409851074,5.033695220947266,5.2589874267578125,5.478150367736816,5.478150367736816
2021-06-18,2021-05-18,4.1625,5.087416172027588,4.680245399475098,4.680245399475098,4.876427173614502,5.087416172027588,5.316489219665527,5.540383815765381,5.540383815765381
2021-06-21,2021-05-19,4.1875,4.967043876647949,4.513855457305908,4.513855457305908,4.730175018310547,4.967043876647949,5.212726593017578,5.454006195068359,5.454006195068359
2021-06-22,2021-05-20,4.2345,4.927835464477539,4.527114391326904,4.527114391326904,4.719047546386719,4.927835464477539,5.144900321960449,5.3549699783325195,5.3549699783325195
2021-06-23,2021-05-21,4.331,4.907137870788574,4.508068561553955,4.508068561553955,4.7002668380737305,4.907137870788574,5.1209564208984375,5.33370304107666,5.33370304107666
2021-06-24,2021-05-24,4.3115,4.9572014808654785,4.579819679260254,4.579819679260254,4.760957717895508,4.9572014808654785,5.1696295738220215,5.384405136108398,5.384405136108398
2021-06-25,2021-05-25,4.299,4.892548561096191,4.530304431915283,4.530304431915283,4.705698013305664,4.892548561096191,5.093581199645996,5.2959747314453125,5.2959747314453125
2021-06-28,2021-05-26,4.278,4.862027645111084,4.5000104904174805,4.5000104904174805,4.67498779296875,4.862027645111084,5.061368942260742,5.261209487915039,5.261209487915039
2021-06-29,2021-05-27,4.2765,4.953088760375977,4.597345352172852,4.597345352172852,4.769539833068848,4.953088760375977,5.152294635772705,5.3537821769714355,5.3537821769714355
2021-06-30,2021-05-28,4.2965,4.985597610473633,4.629820823669434,4.629820823669434,4.801836013793945,4.985597610473633,5.184462547302246,5.384687423706055,5.384687423706055
2021-07-01,2021-06-01,4.242,4.988376617431641,4.630779266357422,4.630779266357422,4.80359411239624,4.988376617431641,5.18876838684082,5.393222808837891,5.393222808837891
2021-07-02,2021-06-02,4.282,4.980586528778076,4.624734878540039,4.624734878540039,4.796664714813232,4.980586528778076,5.179076194763184,5.37921667098999,5.37921667098999
2021-07-06,2021-06-03,4.258,4.898002624511719,4.508907318115234,4.508907318115234,4.696921348571777,4.898002624511719,5.106209754943848,5.313665390014648,5.313665390014648
2021-07-07,2021-06-04,4.329,4.922101974487305,4.548725128173828,4.548725128173828,4.728978633880615,4.922101974487305,5.129446983337402,5.340653419494629,5.340653419494629
2021-07-08,2021-06-07,4.2715,4.895326137542725,4.518767833709717,4.518767833709717,4.699915885925293,4.895326137542725,5.106285095214844,5.316891193389893,5.316891193389893
2021-07-09,2021-06-08,4.3525,4.899751663208008,4.527911186218262,4.527911186218262,4.706586837768555,4.899751663208008,5.109506607055664,5.31594181060791,5.31594181060791
2021-07-12,2021-06-09,4.323,4.835016250610352,4.466963768005371,4.466963768005371,4.644515037536621,4.835016250610352,5.039768218994141,5.243372917175293,5.243372917175293
2021-07-13,2021-06-10,4.3145,4.851696014404297,4.481118202209473,4.481118202209473,4.660941123962402,4.851696014404297,5.053155422210693,5.256405830383301,5.256405830383301
2021-07-14,2021-06-11,4.277,4.858645439147949,4.481322765350342,4.481322765350342,4.662850379943848,4.858645439147949,5.070716857910156,5.28635311126709,5.28635311126709
2021-07-15,2021-06-14,4.333,4.861153602600098,4.508925914764404,4.508925914764404,4.677615165710449,4.861153602600098,5.060388088226318,5.257168769836426,5.257168769836426
2021-07-16,2021-06-15,4.3325,4.817458152770996,4.414840221405029,4.414840221405029,4.609314918518066,4.817458152770996,5.026085376739502,5.23161506652832,5.23161506652832
2021-07-19,2021-06-16,4.2105,4.818063735961914,4.443601608276367,4.443601608276367,4.623693466186523,4.818063735961914,5.0222344398498535,5.22628116607666,5.22628116607666
2021-07-20,2021-06-17,4.2735,4.646574020385742,4.2332563400268555,4.2332563400268555,4.432076930999756,4.646574020385742,4.8547515869140625,5.0505146980285645,5.0505146980285645
2021-07-21,2021-06-18,4.2825,4.574847221374512,4.162257194519043,4.162257194519043,4.359241485595703,4.574847221374512,4.786484241485596,4.981191635131836,4.981191635131836
2021-07-22,2021-06-21,4.348,4.573478698730469,4.1856160163879395,4.1856160163879395,4.3698320388793945,4.573478698730469,4.779278755187988,4.969666004180908,4.969666004180908
2021-07-23,2021-06-22,4.4065,4.623660564422607,4.244688987731934,4.244688987731934,4.424239158630371,4.623660564422607,4.827484607696533,5.0188307762146,5.0188307762146
2021-07-26,2021-06-23,4.589,4.681130886077881,4.310437202453613,4.310437202453613,4.485910415649414,4.681130886077881,4.88592529296875,5.080718517303467,5.080718517303467
2021-07-27,2021-06-24,4.546,4.687898635864258,4.329802513122559,4.329802513122559,4.500404357910156,4.687898635864258,4.887239933013916,5.0780792236328125,5.0780792236328125
2021-07-28,2021-06-25,4.479,4.644912242889404,4.2636260986328125,4.2636260986328125,4.445012092590332,4.644912242889404,4.858213424682617,5.06251335144043,5.06251335144043
2021-07-29,2021-06-28,4.52,4.536295413970947,4.154500961303711,4.154500961303711,4.334973335266113,4.536295413970947,4.749973773956299,4.957406044006348,4.957406044006348
2021-07-30,2021-06-29,4.4805,4.507509231567383,4.116541385650635,4.116541385650635,4.300759315490723,4.507509231567383,4.724571228027344,4.930139541625977,4.930139541625977
2021-08-02,2021-06-30,4.432,4.510704040527344,4.129762649536133,4.129762649536133,4.309366226196289,4.510704040527344,4.722345352172852,4.921777248382568,4.921777248382568
2021-08-03,2021-07-01,4.383,4.397503852844238,4.018373012542725,4.018373012542725,4.19732666015625,4.397503852844238,4.602746486663818,4.79562520980835,4.79562520980835
2021-08-04,2021-07-02,4.33,4.425428867340088,4.0587158203125,4.0587158203125,4.232295513153076,4.425428867340088,4.623561859130859,4.811795234680176,4.811795234680176
2021-08-05,2021-07-06,4.3455,4.360818862915039,3.987255096435547,3.987255096435547,4.16300106048584,4.360818862915039,4.567363739013672,4.7663984298706055,4.7663984298706055
2021-08-06,2021-07-07,4.3455,4.477724552154541,4.133969783782959,4.133969783782959,4.2955827713012695,4.477724552154541,4.669255256652832,4.847765922546387,4.847765922546387
2021-08-09,2021-07-08,4.287,4.416205406188965,4.053768157958984,4.053768157958984,4.225833892822266,4.416205406188965,4.611950874328613,4.801568984985352,4.801568984985352
2021-08-10,2021-07-09,4.3515,4.466296195983887,4.120822429656982,4.120822429656982,4.284655570983887,4.466296195983887,4.659028053283691,4.846256256103516,4.846256256103516
2021-08-11,2021-07-12,4.364,4.424605846405029,4.086574077606201,4.086574077606201,4.2485785484313965,4.424605846405029,4.607295989990234,4.780941009521484,4.780941009521484
2021-08-12,2021-07-13,4.356,4.438398838043213,4.095793724060059,4.095793724060059,4.259968280792236,4.438398838043213,4.621527671813965,4.792468070983887,4.792468070983887
2021-08-13,2021-07-14,4.387,4.389925003051758,4.046014308929443,4.046014308929443,4.211479663848877,4.389925003051758,4.5708112716674805,4.7394585609436035,4.7394585609436035
2021-08-16,2021-07-15,4.322,4.45761775970459,4.1144022941589355,4.1144022941589355,4.279610633850098,4.45761775970459,4.641053199768066,4.81148099899292,4.81148099899292
2021-08-17,2021-07-16,4.2,4.450376510620117,4.107490062713623,4.107490062713623,4.272427558898926,4.450376510620117,4.633489608764648,4.803852558135986,4.803852558135986
2021-08-18,2021-07-19,4.116,4.343026638031006,3.977036476135254,3.977036476135254,4.153523921966553,4.343026638031006,4.532855987548828,4.708780765533447,4.708780765533447
2021-08-19,2021-07-20,4.0385,4.368899822235107,4.002129077911377,4.002129077911377,4.178347587585449,4.368899822235107,4.5635833740234375,4.7456254959106445,4.7456254959106445
2021-08-20,2021-07-21,4.1345,4.364505767822266,4.0107879638671875,4.0107879638671875,4.179928779602051,4.364505767822266,4.554604530334473,4.731429100036621,4.731429100036621
2021-08-23,2021-07-22,4.2345,4.424241065979004,4.051872253417969,4.051872253417969,4.228729724884033,4.424241065979004,4.626152038574219,4.808881759643555,4.808881759643555
2021-08-24,2021-07-23,4.255,4.487600326538086,4.112758636474609,4.112758636474609,4.290468215942383,4.487600326538086,4.691555023193359,4.874773025512695,4.874773025512695
2021-08-25,2021-07-26,4.265,4.610575199127197,4.205611705780029,4.205611705780029,4.395400047302246,4.610575199127197,4.834356307983398,5.035585880279541,5.035585880279541
2021-08-26,2021-07-27,4.246,4.537095069885254,4.148491859436035,4.148491859436035,4.332606315612793,4.537095069885254,4.74420166015625,4.928123474121094,4.928123474121094
2021-08-27,2021-07-28,4.3165,4.432188510894775,4.038691997528076,4.038691997528076,4.225349426269531,4.432188510894775,4.635946750640869,4.820767879486084,4.820767879486084
2021-08-30,2021-07-29,4.361,4.557870388031006,4.190544128417969,4.190544128417969,4.364938735961914,4.557870388031006,4.754093170166016,4.930486679077148,4.930486679077148
2021-08-31,2021-07-30,4.36,4.524945259094238,4.1454057693481445,4.1454057693481445,4.327028274536133,4.524945259094238,4.724212169647217,4.907416820526123,4.907416820526123
2021-09-01,2021-08-02,4.263,4.487678050994873,4.120791435241699,4.120791435241699,4.29573917388916,4.487678050994873,4.683028221130371,4.864219665527344,4.864219665527344
2021-09-02,2021-08-03,4.29,4.41398286819458,4.059276580810547,4.059276580810547,4.228758335113525,4.41398286819458,4.600343227386475,4.769777297973633,4.769777297973633
2021-09-03,2021-08-04,4.3255,4.3775224685668945,4.016100883483887,4.016100883483887,4.188381195068359,4.3775224685668945,4.5657806396484375,4.7349042892456055,4.7349042892456055
2021-09-07,2021-08-05,4.2775,4.405426979064941,4.047598361968994,4.047598361968994,4.218379020690918,4.405426979064941,4.593459606170654,4.762484550476074,4.762484550476074
2021-09-08,2021-08-06,4.232,4.448585033416748,4.088801860809326,4.088801860809326,4.260740756988525,4.448585033416748,4.638942241668701,4.810282230377197,4.810282230377197
2021-09-09,2021-08-09,4.2835,4.393283367156982,4.03021764755249,4.03021764755249,4.203823566436768,4.393283367156982,4.583192825317383,4.754696846008301,4.754696846008301
2021-09-10,2021-08-10,4.448,4.438963413238525,4.086488723754883,4.086488723754883,4.256519317626953,4.438963413238525,4.62397575378418,4.789167404174805,4.789167404174805
2021-09-13,2021-08-11,4.3635,4.411820888519287,4.053574562072754,4.053574562072754,4.226428031921387,4.411820888519287,4.5997772216796875,4.767998218536377,4.767998218536377
2021-09-14,2021-08-12,4.318,4.397787094116211,4.0429558753967285,4.0429558753967285,4.214068412780762,4.397787094116211,4.585470199584961,4.7549333572387695,4.7549333572387695
2021-09-15,2021-08-13,4.4035,4.434082984924316,4.064516067504883,4.064516067504883,4.2420501708984375,4.434082984924316,4.631319522857666,4.807600498199463,4.807600498199463
2021-09-16,2021-08-16,4.2785,4.35237455368042,3.9759445190429688,3.9759445190429688,4.156994819641113,4.35237455368042,4.549508094787598,4.727646350860596,4.727646350860596
2021-09-17,2021-08-17,4.2455,4.21682596206665,3.8046798706054688,3.8046798706054688,4.000479698181152,4.21682596206665,4.428431510925293,4.61688232421875,4.61688232421875
2021-09-20,2021-08-18,4.117,4.157784461975098,3.734729051589966,3.734729051589966,3.9344537258148193,4.157784461975098,4.373369216918945,4.562907695770264,4.562907695770264
2021-09-21,2021-08-19,4.128,4.030755996704102,3.6047072410583496,3.6047072410583496,3.805058479309082,4.030755996704102,4.25040340423584,4.444013595581055,4.444013595581055
2021-09-22,2021-08-20,4.2525,4.2951979637146,3.9262518882751465,3.9262518882751465,4.100802421569824,4.2951979637146,4.492331504821777,4.672462463378906,4.672462463378906
2021-09-23,2021-08-23,4.231,4.389801979064941,3.9992737770080566,3.9992737770080566,4.184017181396484,4.389801979064941,4.598687171936035,4.789002418518066,4.789002418518066
2021-09-24,2021-08-24,4.2875,4.406925678253174,4.034883975982666,4.034883975982666,4.210942268371582,4.406925678253174,4.607754230499268,4.79353141784668,4.79353141784668
2021-09-27,2021-08-25,4.2935,4.401455879211426,4.043542385101318,4.043542385101318,4.213541030883789,4.401455879211426,4.591969013214111,4.766329765319824,4.766329765319824
2021-09-28,2021-08-26,4.245,4.395362854003906,4.03890323638916,4.03890323638916,4.209028244018555,4.395362854003906,4.5829572677612305,4.753352642059326,4.753352642059326
2021-09-29,2021-08-27,4.2,4.460691452026367,4.10275411605835,4.10275411605835,4.273664951324463,4.460691452026367,4.651269912719727,4.822920799255371,4.822920799255371
2021-09-30,2021-08-30,4.09,4.525482177734375,4.1532087326049805,4.1532087326049805,4.331520080566406,4.525482177734375,4.722838401794434,4.899356365203857,4.899356365203857
2021-10-01,2021-08-31,4.1935,4.509239196777344,4.140469551086426,4.140469551086426,4.317601680755615,4.509239196777344,4.702084541320801,4.874128818511963,4.874128818511963
2021-10-04,2021-09-01,4.2465,4.383805751800537,3.999638557434082,3.999638557434082,4.185666561126709,4.383805751800537,4.578118801116943,4.750944137573242,4.750944137573242
2021-10-05,2021-09-02,4.202,4.402803897857666,4.027362823486328,4.027362823486328,4.209150314331055,4.402803897857666,4.595154285430908,4.765891075134277,4.765891075134277
2021-10-06,2021-09-03,4.157,4.456268310546875,4.088199615478516,4.088199615478516,4.2659759521484375,4.456268310546875,4.646610260009766,4.814146041870117,4.814146041870117
2021-10-07,2021-09-07,4.251,4.411386966705322,4.039569854736328,4.039569854736328,4.218062400817871,4.411386966705322,4.602590084075928,4.769031524658203,4.769031524658203
2021-10-08,2021-09-08,4.283,4.3455400466918945,3.970092535018921,3.970092535018921,4.150190830230713,4.3455400466918945,4.53495979309082,4.700616836547852,4.700616836547852
2021-10-11,2021-09-09,4.3745,4.360779285430908,3.974994659423828,3.974994659423828,4.15968132019043,4.360779285430908,4.554396629333496,4.722525596618652,4.722525596618652
2021-10-12,2021-09-10,4.329,4.534666061401367,4.130287170410156,4.130287170410156,4.32291316986084,4.534666061401367,4.741124153137207,4.918351173400879,4.918351173400879
2021-10-13,2021-09-13,4.5205,4.38154935836792,3.9946272373199463,3.9946272373199463,4.179128170013428,4.38154935836792,4.577696800231934,4.750405311584473,4.750405311584473
2021-10-14,2021-09-14,4.6315,4.401110649108887,4.039169788360596,4.039169788360596,4.2120161056518555,4.401110649108887,4.587391376495361,4.754316806793213,4.754316806793213
2021-10-15,2021-09-15,4.734,4.466729164123535,4.095292091369629,4.095292091369629,4.273137092590332,4.466729164123535,4.659418106079102,4.834092140197754,4.834092140197754
2021-10-18,2021-09-16,4.7305,4.351657867431641,3.9886581897735596,3.9886581897735596,4.161948204040527,4.351657867431641,4.541383743286133,4.718127727508545,4.718127727508545
2021-10-19,2021-09-17,4.714,4.317697048187256,3.967784881591797,3.967784881591797,4.134359836578369,4.317697048187256,4.500692367553711,4.671581745147705,4.671581745147705
2021-10-20,2021-09-20,4.756,4.180652618408203,3.804818630218506,3.804818630218506,3.9839582443237305,4.180652618408203,4.372393608093262,4.55010986328125,4.55010986328125
2021-10-21,2021-09-21,4.5865,4.205704212188721,3.839144229888916,3.839144229888916,4.01370906829834,4.205704212188721,4.396354675292969,4.574424743652344,4.574424743652344
2021-10-22,2021-09-22,4.526,4.337221622467041,3.964832067489624,3.964832067489624,4.142432689666748,4.337221622467041,4.532768249511719,4.7136735916137695,4.7136735916137695
2021-10-25,2021-09-23,4.5515,4.2893781661987305,3.9225354194641113,3.9225354194641113,4.097137451171875,4.2893781661987305,4.481555461883545,4.658409118652344,4.658409118652344
2021-10-26,2021-09-24,4.4865,4.3533477783203125,3.9859683513641357,3.9859683513641357,4.162199974060059,4.3533477783203125,4.544458389282227,4.718912124633789,4.718912124633789
2021-10-27,2021-09-27,4.387,4.343164443969727,3.980663299560547,3.980663299560547,4.155213832855225,4.343164443969727,4.530311584472656,4.700747013092041,4.700747013092041
2021-10-28,2021-09-28,4.4375,4.301204681396484,3.9367356300354004,3.9367356300354004,4.111689567565918,4.301204681396484,4.488981246948242,4.65985107421875,4.65985107421875
2021-10-29,2021-09-29,4.3755,4.279700756072998,3.91833233833313,3.91833233833313,4.091177940368652,4.279700756072998,4.466968059539795,4.6354827880859375,4.6354827880859375
2021-11-01,2021-09-30,4.402,4.141624450683594,3.7562127113342285,3.7562127113342285,3.9399919509887695,4.141624450683594,4.337677478790283,4.514125823974609,4.514125823974609
2021-11-02,2021-10-01,4.374,4.218728065490723,3.8417744636535645,3.8417744636535645,4.021480560302734,4.218728065490723,4.415029048919678,4.592707633972168,4.592707633972168
2021-11-03,2021-10-04,4.326,4.275136947631836,3.8987679481506348,3.8987679481506348,4.077323913574219,4.275136947631836,4.471594333648682,4.646877288818359,4.646877288818359
2021-11-04,2021-10-05,4.326,4.222452640533447,3.8537437915802,3.8537437915802,4.029548645019531,4.222452640533447,4.41364860534668,4.588517189025879,4.588517189025879
2021-11-05,2021-10-06,4.349,4.1613593101501465,3.813192367553711,3.813192367553711,3.9796574115753174,4.1613593101501465,4.338733196258545,4.50192928314209,4.50192928314209
2021-11-08,2021-10-07,4.405,4.267621040344238,3.9170312881469727,3.9170312881469727,4.084380626678467,4.267621040344238,4.450003623962402,4.617626667022705,4.617626667022705
2021-11-09,2021-10-08,4.38,4.313047409057617,3.96565318107605,3.96565318107605,4.130462646484375,4.313047409057617,4.500021934509277,4.673630714416504,4.673630714416504
2021-11-10,2021-10-11,4.328,4.395839214324951,4.0567522048950195,4.0567522048950195,4.216513633728027,4.395839214324951,4.582851409912109,4.7568488121032715,4.7568488121032715
2021-11-11,2021-10-12,4.4045,4.345555782318115,4.002094745635986,4.002094745635986,4.165363311767578,4.345555782318115,4.528378963470459,4.69663143157959,4.69663143157959
2021-11-12,2021-10-13,4.4555,4.466063976287842,4.110837459564209,4.110837459564209,4.278119087219238,4.466063976287842,4.664093971252441,4.849739074707031,4.849739074707031
2021-11-15,2021-10-14,4.407,4.5987629890441895,4.204280376434326,4.204280376434326,4.3902177810668945,4.5987629890441895,4.818674087524414,5.024728775024414,5.024728775024414
2021-11-16,2021-10-15,4.3585,4.680455207824707,4.258002758026123,4.258002758026123,4.456564903259277,4.680455207824707,4.91670036315918,5.137739181518555,5.137739181518555
2021-11-17,2021-10-18,4.273,4.7402729988098145,4.319183349609375,4.319183349609375,4.519781112670898,4.7402729988098145,4.966008186340332,5.173419952392578,5.173419952392578
2021-11-18,2021-10-19,4.31,4.754131317138672,4.331451892852783,4.331451892852783,4.533119201660156,4.754131317138672,4.977534294128418,5.178338527679443,5.178338527679443
2021-11-19,2021-10-20,4.4085,4.79081916809082,4.359301567077637,4.359301567077637,4.56505823135376,4.79081916809082,5.020081520080566,5.226467132568359,5.226467132568359
2021-11-22,2021-10-21,4.3955,4.660876274108887,4.229798316955566,4.229798316955566,4.435255527496338,4.660876274108887,4.885075092315674,5.084436893463135,5.084436893463135
2021-11-23,2021-10-22,4.4235,4.6084370613098145,4.1659746170043945,4.1659746170043945,4.376554489135742,4.6084370613098145,4.836447715759277,5.039454460144043,5.039454460144043
2021-11-24,2021-10-25,4.458,4.673043251037598,4.240133762359619,4.240133762359619,4.447052955627441,4.673043251037598,4.896671772003174,5.098921775817871,5.098921775817871
2021-11-26,2021-10-26,4.2815,4.598362922668457,4.183665752410889,4.183665752410889,4.381625175476074,4.598362922668457,4.810861587524414,5.001552581787109,5.001552581787109
2021-11-29,2021-10-27,4.337,4.49123477935791,4.053305625915527,4.053305625915527,4.2610039710998535,4.49123477935791,4.715160846710205,4.916348457336426,4.916348457336426
2021-11-30,2021-10-28,4.278,4.519282341003418,4.121422290802002,4.121422290802002,4.3103742599487305,4.519282341003418,4.72537088394165,4.910322189331055,4.910322189331055
2021-12-01,2021-10-29,4.2475,4.484001636505127,4.079983234405518,4.079983234405518,4.272531032562256,4.484001636505127,4.691220283508301,4.877812385559082,4.877812385559082
2021-12-02,2021-11-01,4.299,4.52366304397583,4.126646518707275,4.126646518707275,4.314992904663086,4.52366304397583,4.735505104064941,4.931522846221924,4.931522846221924
2021-12-03,2021-11-02,4.2665,4.488648414611816,4.110584259033203,4.110584259033203,4.290756702423096,4.488648414611816,4.6900129318237305,4.878500461578369,4.878500461578369
2021-12-06,2021-11-03,4.337,4.395617485046387,4.021666526794434,4.021666526794434,4.200718879699707,4.395617485046387,4.591009140014648,4.773711204528809,4.773711204528809
2021-12-07,2021-11-04,4.338,4.370911598205566,4.0139923095703125,4.0139923095703125,4.185819625854492,4.370911598205566,4.5559563636779785,4.730705738067627,4.730705738067627
2021-12-08,2021-11-05,4.391,4.34213399887085,3.9684319496154785,3.9684319496154785,4.148401260375977,4.34213399887085,4.5340681076049805,4.7138214111328125,4.7138214111328125
2021-12-09,2021-11-08,4.33,4.39348030090332,4.0141377449035645,4.0141377449035645,4.195800304412842,4.39348030090332,4.591118335723877,4.77451229095459,4.77451229095459
2021-12-10,2021-11-09,4.283,4.3607072830200195,3.9865334033966064,3.9865334033966064,4.167742729187012,4.3607072830200195,4.5513997077941895,4.728335380554199,4.728335380554199
2021-12-13,2021-11-10,4.28,4.338820934295654,3.966310501098633,3.966310501098633,4.146544933319092,4.338820934295654,4.528994560241699,4.707087516784668,4.707087516784668
2021-12-14,2021-11-11,4.254,4.412331581115723,4.046578884124756,4.046578884124756,4.222929000854492,4.412331581115723,4.60206413269043,4.779125213623047,4.779125213623047
2021-12-15,2021-11-12,4.1795,4.4861650466918945,4.113762855529785,4.113762855529785,4.292410373687744,4.4861650466918945,4.682879447937012,4.864171504974365,4.864171504974365
2021-12-16,2021-11-15,4.3005,4.439304351806641,4.06454610824585,4.06454610824585,4.244388580322266,4.439304351806641,4.634206295013428,4.816781044006348,4.816781044006348
2021-12-17,2021-11-16,4.291,4.4173736572265625,4.0501556396484375,4.0501556396484375,4.228078842163086,4.4173736572265625,4.602789878845215,4.778075695037842,4.778075695037842
2021-12-20,2021-11-17,4.288,4.370988368988037,3.9921019077301025,3.9921019077301025,4.174308776855469,4.370988368988037,4.559501647949219,4.734125137329102,4.734125137329102
2021-12-21,2021-11-18,4.338,4.4044036865234375,4.011200904846191,4.011200904846191,4.199611663818359,4.4044036865234375,4.604957580566406,4.793065071105957,4.793065071105957
2021-12-22,2021-11-19,4.3895,4.510156631469727,4.1503705978393555,4.1503705978393555,4.322849273681641,4.510156631469727,4.697529315948486,4.870696544647217,4.870696544647217
2021-12-23,2021-11-22,4.387,4.520272254943848,4.146059513092041,4.146059513092041,4.3255109786987305,4.520272254943848,4.71475887298584,4.896430492401123,4.896430492401123
2021-12-27,2021-11-23,4.465,4.573455333709717,4.20014762878418,4.20014762878418,4.3783159255981445,4.573455333709717,4.774986267089844,4.9688639640808105,4.9688639640808105
2021-12-28,2021-11-24,4.42,4.595992088317871,4.227999687194824,4.227999687194824,4.403500556945801,4.595992088317871,4.792836666107178,4.983932971954346,4.983932971954346
2021-12-29,2021-11-26,4.402,4.437466621398926,4.060194969177246,4.060194969177246,4.240288734436035,4.437466621398926,4.631859302520752,4.819766044616699,4.819766044616699
2021-12-30,2021-11-29,4.3845,4.482943534851074,4.12001371383667,4.12001371383667,4.293276786804199,4.482943534851074,4.671118259429932,4.85205078125,4.85205078125
2021-12-31,2021-11-30,4.455,4.382580757141113,4.013733386993408,4.013733386993408,4.189876079559326,4.382580757141113,4.570748805999756,4.748330116271973,4.748330116271973
2022-01-03,2021-12-01,4.4145,4.316423416137695,3.9497196674346924,3.9497196674346924,4.124558448791504,4.316423416137695,4.502238750457764,4.676396369934082,4.676396369934082
2022-01-04,2021-12-02,4.466,4.359261512756348,4.005559921264648,4.005559921264648,4.175864219665527,4.359261512756348,4.535200119018555,4.699540615081787,4.699540615081787
2022-01-05,2021-12-03,4.4045,4.327735424041748,3.989030122756958,3.989030122756958,4.151159286499023,4.327735424041748,4.498286724090576,4.658493995666504,4.658493995666504
2022-01-06,2021-12-06,4.348,4.386218070983887,4.04578161239624,4.04578161239624,4.207550525665283,4.386218070983887,4.559444904327393,4.719919204711914,4.719919204711914
2022-01-07,2021-12-07,4.403,4.400462627410889,4.060587406158447,4.060587406158447,4.222208499908447,4.400462627410889,4.57700252532959,4.740212917327881,4.740212917327881
2022-01-10,2021-12-08,4.3445,4.429088115692139,4.083147048950195,4.083147048950195,4.246814250946045,4.429088115692139,4.612519264221191,4.782104015350342,4.782104015350342
2022-01-11,2021-12-09,4.4205,4.318482398986816,3.978954792022705,3.978954792022705,4.1406354904174805,4.318482398986816,4.4932403564453125,4.65627908706665,4.65627908706665
2022-01-12,2021-12-10,4.564,4.295772075653076,3.9589569568634033,3.9589569568634033,4.118380069732666,4.295772075653076,4.468859672546387,4.628833770751953,4.628833770751953
2022-01-13,2021-12-13,4.534,4.293415069580078,3.943071126937866,3.943071126937866,4.109148025512695,4.293415069580078,4.476215839385986,4.648390769958496,4.648390769958496
2022-01-14,2021-12-14,4.4115,4.278538227081299,3.9543981552124023,3.9543981552124023,4.108741760253906,4.278538227081299,4.444458961486816,4.600033760070801,4.600033760070801
2022-01-18,2021-12-15,4.376,4.1600775718688965,3.8268728256225586,3.8268728256225586,3.9861459732055664,4.1600775718688965,4.325695991516113,4.483376979827881,4.483376979827881
2022-01-19,2021-12-16,4.4625,4.280762195587158,3.9489591121673584,3.9489591121673584,4.106989860534668,4.280762195587158,4.453815460205078,4.623106956481934,4.623106956481934
2022-01-20,2021-12-17,4.5765,4.212982654571533,3.893812656402588,3.893812656402588,4.046110153198242,4.212982654571533,4.377219200134277,4.539752006530762,4.539752006530762
2022-01-21,2021-12-20,4.5125,4.197150230407715,3.867992877960205,3.867992877960205,4.024717807769775,4.197150230407715,4.365612983703613,4.529730319976807,4.529730319976807
2022-01-24,2021-12-21,4.403,4.24594259262085,3.9285573959350586,3.9285573959350586,4.080099105834961,4.24594259262085,4.411408424377441,4.573391914367676,4.573391914367676
2022-01-25,2021-12-22,4.443,4.2761688232421875,3.9536619186401367,3.9536619186401367,4.107835292816162,4.2761688232421875,4.445642948150635,4.608652591705322,4.608652591705322
2022-01-26,2021-12-23,4.5045,4.275749206542969,3.9598608016967773,3.9598608016967773,4.112320899963379,4.275749206542969,4.438382148742676,4.596380710601807,4.596380710601807
2022-01-27,2021-12-27,4.413,4.350749492645264,4.0247344970703125,4.0247344970703125,4.1832075119018555,4.350749492645264,4.5184831619262695,4.679093837738037,4.679093837738037
2022-01-28,2021-12-28,4.303,4.329494953155518,4.0215582847595215,4.0215582847595215,4.172083377838135,4.329494953155518,4.486335277557373,4.637468338012695,4.637468338012695
2022-01-31,2021-12-29,4.318,4.295241832733154,3.983870267868042,3.983870267868042,4.135517120361328,4.295241832733154,4.4527082443237305,4.602776050567627,4.602776050567627
2022-02-01,2021-12-30,4.429,4.312956809997559,3.995607852935791,3.995607852935791,4.150537490844727,4.312956809997559,4.474709510803223,4.6275129318237305,4.6275129318237305
2022-02-02,2021-12-31,4.491,4.426438331604004,4.113743305206299,4.113743305206299,4.2662506103515625,4.426438331604004,4.591108322143555,4.748133659362793,4.748133659362793
2022-02-03,2022-01-03,4.4665,4.36173152923584,4.043033123016357,4.043033123016357,4.198830604553223,4.36173152923584,4.5237836837768555,4.676210403442383,4.676210403442383
2022-02-04,2022-01-04,4.4835,4.389562606811523,4.0600996017456055,4.0600996017456055,4.219174385070801,4.389562606811523,4.557031154632568,4.71045446395874,4.71045446395874
2022-02-07,2022-01-05,4.4615,4.3791985511779785,4.057428359985352,4.057428359985352,4.214805603027344,4.3791985511779785,4.538338661193848,4.6885223388671875,4.6885223388671875
2022-02-08,2022-01-06,4.4595,4.336008071899414,4.024901866912842,4.024901866912842,4.176905632019043,4.336008071899414,4.486872673034668,4.626932144165039,4.626932144165039
2022-02-09,2022-01-07,4.6005,4.344383239746094,4.023158550262451,4.023158550262451,4.179455757141113,4.344383239746094,4.501407623291016,4.645872592926025,4.645872592926025
2022-02-10,2022-01-10,4.6575,4.311679363250732,3.9907028675079346,3.9907028675079346,4.146258354187012,4.311679363250732,4.468585968017578,4.613574028015137,4.613574028015137
2022-02-11,2022-01-11,4.505,4.3215813636779785,4.00131368637085,4.00131368637085,4.1563615798950195,4.3215813636779785,4.478798866271973,4.6221184730529785,4.6221184730529785
2022-02-14,2022-01-12,4.5075,4.46039342880249,4.111217498779297,4.111217498779297,4.277957916259766,4.46039342880249,4.642049789428711,4.807635307312012,4.807635307312012
2022-02-15,2022-01-13,4.5315,4.476992607116699,4.140587329864502,4.140587329864502,4.302295207977295,4.476992607116699,4.649649620056152,4.808072566986084,4.808072566986084
2022-02-16,2022-01-14,4.5405,4.411145210266113,4.074799537658691,4.074799537658691,4.236601829528809,4.411145210266113,4.579934120178223,4.735677242279053,4.735677242279053
2022-02-17,2022-01-18,4.525,4.374015808105469,4.048084259033203,4.048084259033203,4.2055888175964355,4.374015808105469,4.534870147705078,4.685453414916992,4.685453414916992
2022-02-18,2022-01-19,4.5195,4.440633773803711,4.098766803741455,4.098766803741455,4.265129089355469,4.440633773803711,4.609386444091797,4.76620626449585,4.76620626449585
2022-02-22,2022-01-20,4.51,4.547572612762451,4.197940826416016,4.197940826416016,4.367297172546387,4.547572612762451,4.7245683670043945,4.891232013702393,4.891232013702393
2022-02-23,2022-01-21,4.4815,4.509629249572754,4.167623043060303,4.167623043060303,4.3337507247924805,4.509629249572754,4.677778244018555,4.833771705627441,4.833771705627441
2022-02-24,2022-01-24,4.454,4.4711833000183105,4.1252946853637695,4.1252946853637695,4.293436050415039,4.4711833000183105,4.640067100524902,4.798357009887695,4.798357009887695
2022-02-25,2022-01-25,4.472,4.5096211433410645,4.173325538635254,4.173325538635254,4.3366241455078125,4.5096211433410645,4.676799774169922,4.836092948913574,4.836092948913574
2022-02-28,2022-01-26,4.4445,4.542003631591797,4.2000226974487305,4.2000226974487305,4.365959167480469,4.542003631591797,4.713289260864258,4.8768463134765625,4.8768463134765625
2022-03-01,2022-01-27,4.5865,4.461175918579102,4.110435485839844,4.110435485839844,4.2799482345581055,4.461175918579102,4.633705139160156,4.796020984649658,4.796020984649658
2022-03-02,2022-01-28,4.6555,4.428112506866455,4.081817150115967,4.081817150115967,4.248629570007324,4.428112506866455,4.598130226135254,4.759986877441406,4.759986877441406
2022-03-03,2022-01-31,4.7715,4.424727439880371,4.087942600250244,4.087942600250244,4.25004768371582,4.424727439880371,4.592600345611572,4.75131368637085,4.75131368637085
2022-03-04,2022-02-01,4.929,4.5114312171936035,4.170080184936523,4.170080184936523,4.335294723510742,4.5114312171936035,4.683630466461182,4.848811149597168,4.848811149597168
2022-03-07,2022-02-02,4.722,4.580864429473877,4.243827819824219,4.243827819824219,4.40662956237793,4.580864429473877,4.755141258239746,4.923295974731445,4.923295974731445
2022-03-08,2022-02-03,4.7005,4.583102226257324,4.264607906341553,4.264607906341553,4.41925048828125,4.583102226257324,4.745016574859619,4.903233528137207,4.903233528137207
2022-03-09,2022-02-04,4.564,4.604870796203613,4.280074119567871,4.280074119567871,4.43772029876709,4.604870796203613,4.769902229309082,4.929683685302734,4.929683685302734
2022-03-10,2022-02-07,4.6435,4.599394798278809,4.279423236846924,4.279423236846924,4.4347429275512695,4.599394798278809,4.758963584899902,4.912942886352539,4.912942886352539
2022-03-11,2022-02-08,4.616,4.573143005371094,4.25325345993042,4.25325345993042,4.40837287902832,4.573143005371094,4.731814384460449,4.884106636047363,4.884106636047363
2022-03-14,2022-02-09,4.5125,4.602700710296631,4.26810884475708,4.26810884475708,4.429071426391602,4.602700710296631,4.772671699523926,4.934395790100098,4.934395790100098
2022-03-15,2022-02-10,4.5015,4.642533779144287,4.280255317687988,4.280255317687988,4.454287052154541,4.642533779144287,4.82652473449707,4.998086929321289,4.998086929321289
2022-03-16,2022-02-11,4.588,4.480722427368164,4.126681327819824,4.126681327819824,4.2961883544921875,4.480722427368164,4.653473854064941,4.813860893249512,4.813860893249512
2022-03-17,2022-02-14,4.6905,4.43105411529541,4.071635723114014,4.071635723114014,4.242856025695801,4.43105411529541,4.605406761169434,4.765927314758301,4.765927314758301
2022-03-18,2022-02-15,4.7305,4.474998950958252,4.115893840789795,4.115893840789795,4.286970138549805,4.474998950958252,4.653650283813477,4.820318222045898,4.820318222045898
2022-03-21,2022-02-16,4.7015,4.436239242553711,4.084868907928467,4.084868907928467,4.2525248527526855,4.436239242553711,4.611517906188965,4.774693489074707,4.774693489074707
2022-03-22,2022-02-17,4.689,4.444544792175293,4.084672451019287,4.084672451019287,4.257307052612305,4.444544792175293,4.621249198913574,4.785304546356201,4.785304546356201
2022-03-23,2022-02-18,4.7625,4.472711563110352,4.108010292053223,4.108010292053223,4.283444404602051,4.472711563110352,4.650794982910156,4.815483093261719,4.815483093261719
2022-03-24,2022-02-22,4.729,4.469137191772461,4.119225978851318,4.119225978851318,4.287731170654297,4.469137191772461,4.641021251678467,4.8030900955200195,4.8030900955200195
2022-03-25,2022-02-23,4.686,4.449823379516602,4.121044158935547,4.121044158935547,4.279790878295898,4.449823379516602,4.611625671386719,4.765071868896484,4.765071868896484
2022-03-28,2022-02-24,4.714,4.432330131530762,4.112679958343506,4.112679958343506,4.267627716064453,4.432330131530762,4.588628768920898,4.739901542663574,4.739901542663574
2022-03-29,2022-02-25,4.7165,4.5052337646484375,4.193639755249023,4.193639755249023,4.344315052032471,4.5052337646484375,4.660542011260986,4.811594009399414,4.811594009399414
2022-03-30,2022-02-28,4.7395,4.443889141082764,4.145255088806152,4.145255088806152,4.289490699768066,4.443889141082764,4.591702461242676,4.7367072105407715,4.7367072105407715
2022-03-31,2022-03-01,4.743,4.581320762634277,4.27541971206665,4.27541971206665,4.422566890716553,4.581320762634277,4.737781524658203,4.888858795166016,4.888858795166016
2022-04-01,2022-03-02,4.6825,4.614163398742676,4.317561149597168,4.317561149597168,4.460501670837402,4.614163398742676,4.768075942993164,4.9177937507629395,4.9177937507629395
2022-04-04,2022-03-03,4.7765,4.685418128967285,4.37300968170166,4.37300968170166,4.523406982421875,4.685418128967285,4.851794719696045,5.012892246246338,5.012892246246338
2022-04-05,2022-03-04,4.791,4.7967305183410645,4.437417030334473,4.437417030334473,4.607421875,4.7967305183410645,4.994266510009766,5.186637878417969,5.186637878417969
2022-04-06,2022-03-07,4.7335,4.688881874084473,4.332381725311279,4.332381725311279,4.503670692443848,4.688881874084473,4.871014595031738,5.046006202697754,5.046006202697754
2022-04-07,2022-03-08,4.695,4.623906135559082,4.268774509429932,4.268774509429932,4.4389872550964355,4.623906135559082,4.802713394165039,4.974826812744141,4.974826812744141
2022-04-08,2022-03-09,4.72,4.5032429695129395,4.143673419952393,4.143673419952393,4.315673828125,4.5032429695129395,4.680174827575684,4.850577354431152,4.850577354431152
2022-04-11,2022-03-10,4.6285,4.618403911590576,4.255096435546875,4.255096435546875,4.4289960861206055,4.618403911590576,4.803813934326172,4.982213973999023,4.982213973999023
2022-04-12,2022-03-11,4.704,4.613725662231445,4.257911682128906,4.257911682128906,4.428407192230225,4.613725662231445,4.79435920715332,4.96597146987915,4.96597146987915
2022-04-13,2022-03-14,4.707,4.565986156463623,4.196447372436523,4.196447372436523,4.373785972595215,4.565986156463623,4.751439094543457,4.928033351898193,4.928033351898193
2022-04-14,2022-03-15,4.717,4.488195419311523,4.110951900482178,4.110951900482178,4.29196834564209,4.488195419311523,4.676076889038086,4.854052543640137,4.854052543640137
2022-04-18,2022-03-16,4.796,4.53143310546875,4.177459239959717,4.177459239959717,4.346905708312988,4.53143310546875,4.713212966918945,4.888838768005371,4.888838768005371
2022-04-19,2022-03-17,4.714,4.603487014770508,4.2558369636535645,4.2558369636535645,4.4223151206970215,4.603487014770508,4.786579132080078,4.963448524475098,4.963448524475098
2022-04-20,2022-03-18,4.6495,4.67930269241333,4.333769798278809,4.333769798278809,4.499712944030762,4.67930269241333,4.861370086669922,5.036795616149902,5.036795616149902
2022-04-21,2022-03-21,4.7035,4.701002597808838,4.364373207092285,4.364373207092285,4.525812149047852,4.701002597808838,4.878628730773926,5.049394130706787,5.049394130706787
2022-04-22,2022-03-22,4.5825,4.6811933517456055,4.354067802429199,4.354067802429199,4.510763168334961,4.6811933517456055,4.853191375732422,5.018925666809082,5.018925666809082
2022-04-25,2022-03-23,4.449,4.823907852172852,4.496267318725586,4.496267318725586,4.6521735191345215,4.823907852172852,5.000188827514648,5.167205810546875,5.167205810546875
2022-04-26,2022-03-24,4.44,4.802818298339844,4.493434429168701,4.493434429168701,4.6405792236328125,4.802818298339844,4.965415000915527,5.117847442626953,5.117847442626953
2022-04-27,2022-03-25,4.4545,4.761203765869141,4.443386077880859,4.443386077880859,4.595137596130371,4.761203765869141,4.925816059112549,5.080466270446777,5.080466270446777
2022-04-28,2022-03-28,4.4135,4.817501068115234,4.504305839538574,4.504305839538574,4.654127597808838,4.817501068115234,4.977514266967773,5.129181385040283,5.129181385040283
2022-04-29,2022-03-29,4.395,4.831408977508545,4.522170066833496,4.522170066833496,4.6710381507873535,4.831408977508545,4.9869160652160645,5.135013580322266,5.135013580322266
2022-05-02,2022-03-30,4.2555,4.819691181182861,4.509467601776123,4.509467601776123,4.6588544845581055,4.819691181182861,4.97377872467041,5.117206573486328,5.117206573486328
2022-05-03,2022-03-31,4.271,4.811206817626953,4.496771812438965,4.496771812438965,4.648172378540039,4.811206817626953,4.965133190155029,5.107706069946289,5.107706069946289
2022-05-04,2022-04-01,4.3285,4.805619716644287,4.487072944641113,4.487072944641113,4.640392780303955,4.805619716644287,4.964361667633057,5.112261772155762,5.112261772155762
2022-05-05,2022-04-04,4.285,4.876468658447266,4.557629108428955,4.557629108428955,4.711330890655518,4.876468658447266,5.03809928894043,5.189590930938721,5.189590930938721
2022-05-06,2022-04-05,4.2615,4.913328647613525,4.581146240234375,4.581146240234375,4.742048263549805,4.913328647613525,5.079723358154297,5.236565589904785,5.236565589904785
2022-05-09,2022-04-06,4.193,4.825072765350342,4.469283580780029,4.469283580780029,4.641366004943848,4.825072765350342,4.999276161193848,5.159989356994629,5.159989356994629
2022-05-10,2022-04-07,4.1545,4.778376579284668,4.440555572509766,4.440555572509766,4.604350566864014,4.778376579284668,4.945121765136719,5.101914882659912,5.101914882659912
2022-05-11,2022-04-08,4.2125,4.838444709777832,4.514225959777832,4.514225959777832,4.67127799987793,4.838444709777832,5.00358247756958,5.159981727600098,5.159981727600098
2022-05-12,2022-04-11,4.105,4.818027019500732,4.486028671264648,4.486028671264648,4.646064758300781,4.818027019500732,4.983558654785156,5.138660430908203,5.138660430908203
2022-05-13,2022-04-12,4.1805,4.853428840637207,4.52748441696167,4.52748441696167,4.684009075164795,4.853428840637207,5.018696308135986,5.173161029815674,5.173161029815674
2022-05-16,2022-04-13,4.1965,4.844083786010742,4.5316925048828125,4.5316925048828125,4.681733131408691,4.844083786010742,5.000579833984375,5.147263526916504,5.147263526916504
2022-05-17,2022-04-14,4.2395,4.87423038482666,4.5655341148376465,4.5655341148376465,4.714244842529297,4.87423038482666,5.02650260925293,5.169785976409912,5.169785976409912
2022-05-18,2022-04-18,4.182,4.934338569641113,4.642873287200928,4.642873287200928,4.781597137451172,4.934338569641113,5.080298900604248,5.216097831726074,5.216097831726074
2022-05-19,2022-04-19,4.285,4.8825507164001465,4.590643882751465,4.590643882751465,4.730010032653809,4.8825507164001465,5.026004314422607,5.159537315368652,5.159537315368652
2022-05-20,2022-04-20,4.281,4.828660488128662,4.530824661254883,4.530824661254883,4.6720991134643555,4.828660488128662,4.974240303039551,5.110280990600586,5.110280990600586
2022-05-23,2022-04-21,4.3475,4.849387168884277,4.552056789398193,4.552056789398193,4.693844795227051,4.849387168884277,4.994922637939453,5.130457878112793,5.130457878112793
2022-05-24,2022-04-22,4.3255,4.719025611877441,4.4131269454956055,4.4131269454956055,4.558283805847168,4.719025611877441,4.866545677185059,4.998939037322998,4.998939037322998
2022-05-25,2022-04-25,4.277,4.599628925323486,4.2576117515563965,4.2576117515563965,4.418200969696045,4.599628925323486,4.761801242828369,4.905046463012695,4.905046463012695
2022-05-26,2022-04-26,4.255,4.585516929626465,4.244741916656494,4.244741916656494,4.405534744262695,4.585516929626465,4.752066612243652,4.902835845947266,4.902835845947266
2022-05-27,2022-04-27,4.304,4.565993309020996,4.229816913604736,4.229816913604736,4.3886518478393555,4.565993309020996,4.734343528747559,4.890911102294922,4.890911102294922
2022-05-31,2022-04-28,4.295,4.522869110107422,4.1710524559021,4.1710524559021,4.336713790893555,4.522869110107422,4.701195240020752,4.869171619415283,4.869171619415283
2022-06-01,2022-04-29,4.33,4.435849666595459,4.094518184661865,4.094518184661865,4.253592014312744,4.435849666595459,4.610426425933838,4.774499893188477,4.774499893188477
2022-06-02,2022-05-02,4.554,4.329359531402588,3.9779880046844482,3.9779880046844482,4.141749382019043,4.329359531402588,4.508444309234619,4.677384376525879,4.677384376525879
2022-06-03,2022-05-03,4.4775,4.362509727478027,4.018743991851807,4.018743991851807,4.178208351135254,4.362509727478027,4.54366397857666,4.716452598571777,4.716452598571777
2022-06-06,2022-05-04,4.4395,4.394679069519043,4.054433822631836,4.054433822631836,4.211774826049805,4.394679069519043,4.575502872467041,4.744911193847656,4.744911193847656
2022-06-07,2022-05-05,4.4395,4.3344645500183105,4.000860214233398,4.000860214233398,4.155176162719727,4.3344645500183105,4.511526584625244,4.679169654846191,4.679169654846191
2022-06-08,2022-05-06,4.4585,4.29314661026001,3.9742209911346436,3.9742209911346436,4.12211799621582,4.29314661026001,4.461754322052002,4.623768329620361,4.623768329620361
2022-06-09,2022-05-09,4.389,4.232305526733398,3.9038054943084717,3.9038054943084717,4.05662727355957,4.232305526733398,4.405679702758789,4.573271751403809,4.573271751403809
2022-06-10,2022-05-10,4.301,4.25762939453125,3.933793067932129,3.933793067932129,4.084807395935059,4.25762939453125,4.427247047424316,4.591471195220947,4.591471195220947
2022-06-13,2022-05-11,4.2165,4.28193998336792,3.9722399711608887,3.9722399711608887,4.116219520568848,4.28193998336792,4.449138641357422,4.613437175750732,4.613437175750732
2022-06-14,2022-05-12,4.1615,4.178008079528809,3.8547322750091553,3.8547322750091553,4.006246566772461,4.178008079528809,4.34943962097168,4.5161566734313965,4.5161566734313965
2022-06-15,2022-05-13,4.1675,4.2403154373168945,3.927586078643799,3.927586078643799,4.073345184326172,4.2403154373168945,4.410444736480713,4.576402187347412,4.576402187347412
2022-06-16,2022-05-16,4.112,4.238121509552002,3.9449470043182373,3.9449470043182373,4.082501411437988,4.238121509552002,4.398294925689697,4.552613735198975,4.552613735198975
2022-06-17,2022-05-17,4.0175,4.283019065856934,3.9929940700531006,3.9929940700531006,4.12863826751709,4.283019065856934,4.443072319030762,4.5958943367004395,4.5958943367004395
2022-06-21,2022-05-18,4.043,4.220053672790527,3.9211747646331787,3.9211747646331787,4.062350273132324,4.220053672790527,4.385128021240234,4.5461649894714355,4.5461649894714355
2022-06-22,2022-05-19,3.9515,4.30322265625,4.001939296722412,4.001939296722412,4.144717693328857,4.30322265625,4.466536045074463,4.6213178634643555,4.6213178634643555
2022-06-23,2022-05-20,3.7585,4.333526611328125,4.01674222946167,4.01674222946167,4.166177749633789,4.333526611328125,4.506112098693848,4.6691107749938965,4.6691107749938965
2022-06-24,2022-05-23,3.76,4.3516435623168945,4.040140151977539,4.040140151977539,4.186618804931641,4.3516435623168945,4.518907070159912,4.6697587966918945,4.6697587966918945
2022-06-27,2022-05-24,3.779,4.308051586151123,3.990281343460083,3.990281343460083,4.139553070068359,4.308051586151123,4.478399276733398,4.6322479248046875,4.6322479248046875
2022-06-28,2022-05-25,3.784,4.283263683319092,3.970637083053589,3.970637083053589,4.117605209350586,4.283263683319092,4.452919006347656,4.607661247253418,4.607661247253418
2022-06-29,2022-05-26,3.779,4.2782721519470215,3.970541000366211,3.970541000366211,4.1163482666015625,4.2782721519470215,4.442666053771973,4.5896782875061035,4.5896782875061035
2022-06-30,2022-05-27,3.7145,4.342194557189941,4.042443752288818,4.042443752288818,4.183758735656738,4.342194557189941,4.504578590393066,4.649302005767822,4.649302005767822
2022-07-01,2022-05-31,3.619,4.357039451599121,4.07749080657959,4.07749080657959,4.210039138793945,4.357039451599121,4.507208347320557,4.642014503479004,4.642014503479004
2022-07-05,2022-06-01,3.425,4.406809329986572,4.125347137451172,4.125347137451172,4.2584228515625,4.406809329986572,4.559536933898926,4.695690155029297,4.695690155029297
2022-07-06,2022-06-02,3.418,4.57668399810791,4.2836151123046875,4.2836151123046875,4.420639514923096,4.57668399810791,4.743376731872559,4.892080783843994,4.892080783843994
2022-07-07,2022-06-03,3.582,4.56715726852417,4.276503562927246,4.276503562927246,4.4128642082214355,4.56715726852417,4.728321075439453,4.871943473815918,4.871943473815918
2022-07-08,2022-06-06,3.532,4.549749374389648,4.2591681480407715,4.2591681480407715,4.3955979347229,4.549749374389648,4.7081708908081055,4.849777698516846,4.849777698516846
2022-07-11,2022-06-07,3.4375,4.547134876251221,4.253647804260254,4.253647804260254,4.391461372375488,4.547134876251221,4.706872463226318,4.851409912109375,4.851409912109375
2022-07-12,2022-06-08,3.2965,4.559789657592773,4.282345294952393,4.282345294952393,4.412667274475098,4.559789657592773,4.710519313812256,4.845534801483154,4.845534801483154
2022-07-13,2022-06-09,3.3255,4.557539463043213,4.292858123779297,4.292858123779297,4.417713642120361,4.557539463043213,4.700690746307373,4.830172061920166,4.830172061920166
2022-07-14,2022-06-10,3.2105,4.474130153656006,4.202388763427734,4.202388763427734,4.33218240737915,4.474130153656006,4.617280960083008,4.747583389282227,4.747583389282227
2022-07-15,2022-06-13,3.2345,4.381397724151611,4.1009721755981445,4.1009721755981445,4.235910415649414,4.381397724151611,4.525215148925781,4.6580586433410645,4.6580586433410645
2022-07-18,2022-06-14,3.348,4.326334476470947,4.0276384353637695,4.0276384353637695,4.1711812019348145,4.326334476470947,4.478996276855469,4.622124195098877,4.622124195098877
2022-07-19,2022-06-15,3.2915,4.338034152984619,4.045398235321045,4.045398235321045,4.185242652893066,4.338034152984619,4.489535331726074,4.631361484527588,4.631361484527588
2022-07-20,2022-06-16,3.3295,4.26194953918457,3.9699506759643555,3.9699506759643555,4.108952045440674,4.26194953918457,4.414369583129883,4.559003829956055,4.559003829956055
2022-07-21,2022-06-17,3.302,4.161734580993652,3.8658244609832764,3.8658244609832764,4.006103038787842,4.161734580993652,4.315938949584961,4.462734222412109,4.462734222412109
2022-07-22,2022-06-21,3.3485,4.180830001831055,3.8845973014831543,3.8845973014831543,4.025101661682129,4.180830001831055,4.3379316329956055,4.48569393157959,4.48569393157959
2022-07-25,2022-06-22,3.351,4.099334239959717,3.777698040008545,3.777698040008545,3.9299073219299316,4.099334239959717,4.268684387207031,4.42813777923584,4.42813777923584
2022-07-26,2022-06-23,3.3825,4.007148742675781,3.645127773284912,3.645127773284912,3.818206787109375,4.007148742675781,4.186336517333984,4.351993560791016,4.351993560791016
2022-07-27,2022-06-24,3.4295,3.9752869606018066,3.5902717113494873,3.5902717113494873,3.774786949157715,3.9752869606018066,4.170783996582031,4.3495001792907715,4.3495001792907715
2022-07-28,2022-06-27,3.475,3.959630250930786,3.5699119567871094,3.5699119567871094,3.7583768367767334,3.959630250930786,4.1604838371276855,4.348470687866211,4.348470687866211
2022-07-29,2022-06-28,3.584,3.9572067260742188,3.563755989074707,3.563755989074707,3.753570079803467,3.9572067260742188,4.160805702209473,4.350852966308594,4.350852966308594
2022-08-01,2022-06-29,3.552,3.9499621391296387,3.5744998455047607,3.5744998455047607,3.756272315979004,3.9499621391296387,4.140547275543213,4.31788969039917,4.31788969039917
2022-08-02,2022-06-30,3.5245,3.8856821060180664,3.4963889122009277,3.4963889122009277,3.6848742961883545,3.8856821060180664,4.082485198974609,4.263922691345215,4.263922691345215
2022-08-03,2022-07-01,3.4695,3.805936574935913,3.400963068008423,3.400963068008423,3.597357749938965,3.805936574935913,4.005735397338867,4.186736106872559,4.186736106872559
2022-08-04,2022-07-05,3.483,3.7325456142425537,3.26507830619812,3.26507830619812,3.491575241088867,3.7325456142425537,3.9522242546081543,4.141230583190918,4.141230583190918
2022-08-05,2022-07-06,3.553,3.7179150581359863,3.266871213912964,3.266871213912964,3.4837746620178223,3.7179150581359863,3.938632011413574,4.1303229331970215,4.1303229331970215
2022-08-08,2022-07-07,3.5875,3.852537155151367,3.441002368927002,3.441002368927002,3.639460325241089,3.852537155151367,4.054740905761719,4.232249736785889,4.232249736785889
2022-08-09,2022-07-08,3.5925,3.819042682647705,3.4060046672821045,3.4060046672821045,3.6059694290161133,3.819042682647705,4.019800186157227,4.197055816650391,4.197055816650391
2022-08-10,2022-07-11,3.6555,3.7606849670410156,3.3451461791992188,3.3451461791992188,3.546210527420044,3.7606849670410156,3.9608116149902344,4.135284900665283,4.135284900665283
2022-08-11,2022-07-12,3.7105,3.682605028152466,3.201143741607666,3.201143741607666,3.436333656311035,3.682605028152466,3.9088382720947266,4.100978374481201,4.100978374481201
2022-08-12,2022-07-13,3.676,3.7060153484344482,3.2578516006469727,3.2578516006469727,3.4744973182678223,3.7060153484344482,3.9253005981445312,4.113367080688477,4.113367080688477
2022-08-15,2022-07-14,3.629,3.546374797821045,3.0781452655792236,3.0781452655792236,3.305387020111084,3.546374797821045,3.7748427391052246,3.970585584640503,3.970585584640503
2022-08-16,2022-07-15,3.6365,3.4988460540771484,3.0334115028381348,3.0334115028381348,3.2563719749450684,3.4988460540771484,3.73984956741333,3.948742389678955,3.948742389678955
2022-08-17,2022-07-18,3.598,3.593728542327881,3.135092258453369,3.135092258453369,3.354546546936035,3.593728542327881,3.834627389907837,4.042747974395752,4.042747974395752
2022-08-18,2022-07-19,3.6465,3.4919347763061523,3.0172250270843506,3.0172250270843506,3.2450976371765137,3.4919347763061523,3.7432522773742676,3.9609649181365967,3.9609649181365967
2022-08-19,2022-07-20,3.6835,3.471129894256592,3.022090435028076,3.022090435028076,3.2390286922454834,3.471129894256592,3.7107110023498535,3.924207925796509,3.924207925796509
2022-08-22,2022-07-21,3.6705,3.444303274154663,3.036369800567627,3.036369800567627,3.230313777923584,3.444303274154663,3.6680045127868652,3.870698928833008,3.870698928833008
2022-08-23,2022-07-22,3.7045,3.477579116821289,3.0875344276428223,3.0875344276428223,3.2729570865631104,3.477579116821289,3.6898560523986816,3.881023645401001,3.881023645401001
2022-08-24,2022-07-25,3.6605,3.494168758392334,3.132930278778076,3.132930278778076,3.303199291229248,3.494168758392334,3.6931052207946777,3.8715145587921143,3.8715145587921143
2022-08-25,2022-07-26,3.7105,3.500220537185669,3.1580638885498047,3.1580638885498047,3.318800210952759,3.500220537185669,3.689466953277588,3.8582875728607178,3.8582875728607178
2022-08-26,2022-07-27,3.7115,3.5930778980255127,3.2356109619140625,3.2356109619140625,3.4009180068969727,3.5930778980255127,3.7937111854553223,3.9702963829040527,3.9702963829040527
2022-08-29,2022-07-28,3.6265,3.6559951305389404,3.3025612831115723,3.3025612831115723,3.4653825759887695,3.6559951305389404,3.854088306427002,4.028820037841797,4.028820037841797
2022-08-30,2022-07-29,3.545,3.7727062702178955,3.411524772644043,3.411524772644043,3.5788040161132812,3.7727062702178955,3.9679012298583984,4.134683132171631,4.134683132171631
2022-08-31,2022-08-01,3.5185,3.739595651626587,3.373291015625,3.373291015625,3.545886993408203,3.739595651626587,3.9286491870880127,4.090788841247559,4.090788841247559
2022-09-01,2022-08-02,3.4145,3.7297189235687256,3.385374069213867,3.385374069213867,3.547529935836792,3.7297189235687256,3.9056384563446045,4.0561347007751465,4.0561347007751465
2022-09-02,2022-08-03,3.4215,3.7000560760498047,3.340824842453003,3.340824842453003,3.5106635093688965,3.7000560760498047,3.882080316543579,4.036121368408203,4.036121368408203
2022-09-06,2022-08-04,3.469,3.6971182823181152,3.351057529449463,3.351057529449463,3.513252019882202,3.6971182823181152,3.8756422996520996,4.0256500244140625,4.0256500244140625
2022-09-07,2022-08-05,3.438,3.712631940841675,3.389627456665039,3.389627456665039,3.540346622467041,3.712631940841675,3.8814163208007812,4.021448135375977,4.021448135375977
2022-09-08,2022-08-08,3.536,3.7278881072998047,3.407806396484375,3.407806396484375,3.5553627014160156,3.7278881072998047,3.9014806747436523,4.0464630126953125,4.0464630126953125
2022-09-09,2022-08-09,3.581,3.6939518451690674,3.3694303035736084,3.3694303035736084,3.519533634185791,3.6939518451690674,3.869335651397705,4.0162200927734375,4.0162200927734375
2022-09-12,2022-08-10,3.6255,3.733020305633545,3.401865005493164,3.401865005493164,3.5556797981262207,3.733020305633545,3.9124956130981445,4.063775539398193,4.063775539398193
2022-09-13,2022-08-11,3.581,3.7631592750549316,3.425649642944336,3.425649642944336,3.5827105045318604,3.7631592750549316,3.9470129013061523,4.104264259338379,4.104264259338379
2022-09-14,2022-08-12,3.5455,3.77584171295166,3.46347713470459,3.46347713470459,3.608069896697998,3.77584171295166,3.945587158203125,4.091825008392334,4.091825008392334
2022-09-15,2022-08-15,3.5235,3.7279305458068848,3.4181909561157227,3.4181909561157227,3.561893939971924,3.7279305458068848,3.8911805152893066,4.030605316162109,4.030605316162109
2022-09-16,2022-08-16,3.561,3.7150847911834717,3.415128707885742,3.415128707885742,3.554521322250366,3.7150847911834717,3.8732988834381104,4.0092291831970215,4.0092291831970215
2022-09-19,2022-08-17,3.5575,3.6523399353027344,3.3608834743499756,3.3608834743499756,3.495481014251709,3.6523399353027344,3.8080544471740723,3.943439245223999,3.943439245223999
2022-09-20,2022-08-18,3.548,3.658278465270996,3.3551816940307617,3.3551816940307617,3.494980573654175,3.658278465270996,3.8223843574523926,3.9657628536224365,3.9657628536224365
2022-09-21,2022-08-19,3.512,3.6705710887908936,3.366835117340088,3.366835117340088,3.5070457458496094,3.6705710887908936,3.8369598388671875,3.984173536300659,3.984173536300659
2022-09-22,2022-08-22,3.4985,3.639498233795166,3.318837881088257,3.318837881088257,3.4679346084594727,3.639498233795166,3.8093299865722656,3.959947347640991,3.959947347640991
2022-09-23,2022-08-23,3.3715,3.680492639541626,3.3459863662719727,3.3459863662719727,3.5039443969726562,3.680492639541626,3.8512706756591797,4.001771450042725,4.001771450042725
2022-09-26,2022-08-24,3.3135,3.6509249210357666,3.3293943405151367,3.3293943405151367,3.4797890186309814,3.6509249210357666,3.816481113433838,3.962146520614624,3.962146520614624
2022-09-27,2022-08-25,3.323,3.6894068717956543,3.3567991256713867,3.3567991256713867,3.512932300567627,3.6894068717956543,3.860640525817871,4.009529113769531,4.009529113769531
2022-09-28,2022-08-26,3.382,3.7205395698547363,3.412536859512329,3.412536859512329,3.5553436279296875,3.7205395698547363,3.8831787109375,4.0254387855529785,4.0254387855529785
2022-09-29,2022-08-29,3.44,3.667147397994995,3.3660621643066406,3.3660621643066406,3.50675630569458,3.667147397994995,3.8247733116149902,3.964054822921753,3.964054822921753
2022-09-30,2022-08-30,3.442,3.626594305038452,3.318233013153076,3.318233013153076,3.461843490600586,3.626594305038452,3.7892911434173584,3.934194803237915,3.934194803237915
2022-10-03,2022-08-31,3.458,3.6135013103485107,3.3139209747314453,3.3139209747314453,3.4536142349243164,3.6135013103485107,3.769016742706299,3.906367063522339,3.906367063522339
2022-10-04,2022-09-01,3.518,3.499664306640625,3.1803650856018066,3.1803650856018066,3.331494092941284,3.499664306640625,3.661006450653076,3.8023760318756104,3.8023760318756104
2022-10-05,2022-09-02,3.5325,3.5181946754455566,3.20644474029541,3.20644474029541,3.3535094261169434,3.5181946754455566,3.6788148880004883,3.8200671672821045,3.8200671672821045
2022-10-06,2022-09-06,3.475,3.6007168292999268,3.315164566040039,3.315164566040039,3.447272777557373,3.6007168292999268,3.752781391143799,3.8853471279144287,3.8853471279144287
2022-10-07,2022-09-07,3.4125,3.589536666870117,3.31087589263916,3.31087589263916,3.4403514862060547,3.589536666870117,3.735935688018799,3.861567735671997,3.861567735671997
2022-10-10,2022-09-08,3.4535,3.6707966327667236,3.403470516204834,3.403470516204834,3.5268216133117676,3.6707966327667236,3.8126864433288574,3.9343419075012207,3.9343419075012207
2022-10-11,2022-09-09,3.478,3.7104146480560303,3.4536187648773193,3.4536187648773193,3.5711398124694824,3.7104146480560303,3.848621368408203,3.9675168991088867,3.9675168991088867
2022-10-12,2022-09-12,3.4445,3.7693746089935303,3.507629871368408,3.507629871368408,3.6266956329345703,3.7693746089935303,3.9117355346679688,4.033929347991943,4.033929347991943
2022-10-13,2022-09-13,3.4675,3.720506429672241,3.4598615169525146,3.4598615169525146,3.5788798332214355,3.720506429672241,3.860516309738159,3.9812402725219727,3.9812402725219727
2022-10-14,2022-09-14,3.4505,3.692815065383911,3.434356451034546,3.434356451034546,3.5529208183288574,3.692815065383911,3.829136371612549,3.9462575912475586,3.9462575912475586
2022-10-17,2022-09-15,3.4555,3.7000012397766113,3.4392971992492676,3.4392971992492676,3.5586471557617188,3.7000012397766113,3.8373756408691406,3.9553990364074707,3.9553990364074707
2022-10-18,2022-09-16,3.4065,3.74611496925354,3.4932198524475098,3.4932198524475098,3.6070170402526855,3.74611496925354,3.883897542953491,4.000972270965576,4.000972270965576
2022-10-19,2022-09-19,3.3605,3.7646985054016113,3.5011050701141357,3.5011050701141357,3.6205391883850098,3.7646985054016113,3.907979965209961,4.031065940856934,4.031065940856934
2022-10-20,2022-09-20,3.451,3.807373523712158,3.561347484588623,3.561347484588623,3.673459529876709,3.807373523712158,3.9400219917297363,4.052870750427246,4.052870750427246
2022-10-21,2022-09-21,3.523,3.780097007751465,3.510399103164673,3.510399103164673,3.635101556777954,3.780097007751465,3.925210475921631,4.050983428955078,4.050983428955078
2022-10-24,2022-09-22,3.4795,3.7551348209381104,3.475977897644043,3.475977897644043,3.605881929397583,3.7551348209381104,3.905578136444092,4.038104057312012,4.038104057312012
2022-10-25,2022-09-23,3.4505,3.6754283905029297,3.377316474914551,3.377316474914551,3.517200469970703,3.6754283905029297,3.8302407264709473,3.961798667907715,3.961798667907715
2022-10-26,2022-09-26,3.6295,3.641403913497925,3.312722682952881,3.312722682952881,3.468162775039673,3.641403913497925,3.8100953102111816,3.951805830001831,3.951805830001831
2022-10-27,2022-09-27,3.6255,3.6384406089782715,3.3109171390533447,3.3109171390533447,3.464437961578369,3.6384406089782715,3.8130030632019043,3.9620120525360107,3.9620120525360107
2022-10-28,2022-09-28,3.466,3.7370245456695557,3.4304566383361816,3.4304566383361816,3.5727434158325195,3.7370245456695557,3.9049172401428223,4.049351692199707,4.049351692199707
2022-10-31,2022-09-29,3.4135,3.7950572967529297,3.5086541175842285,3.5086541175842285,3.642474412918091,3.7950572967529297,3.95017671585083,4.0834879875183105,4.0834879875183105
2022-11-01,2022-09-30,3.5095,3.817321300506592,3.5468010902404785,3.5468010902404785,3.673996925354004,3.817321300506592,3.9621167182922363,4.08836030960083,4.08836030960083
2022-11-02,2022-10-03,3.5055,3.8335819244384766,3.582880735397339,3.582880735397339,3.7004024982452393,3.8335819244384766,3.9690511226654053,4.088268280029297,4.088268280029297
2022-11-03,2022-10-04,3.4565,3.9270198345184326,3.68772029876709,3.68772029876709,3.799616813659668,3.9270198345184326,4.057037830352783,4.170116901397705,4.170116901397705
2022-11-04,2022-10-05,3.7145,3.9190547466278076,3.685011386871338,3.685011386871338,3.7940473556518555,3.9190547466278076,4.046998023986816,4.158998966217041,4.158998966217041
2022-11-07,2022-10-06,3.6295,3.899740695953369,3.6639363765716553,3.6639363765716553,3.7744531631469727,3.899740695953369,4.025119304656982,4.135492324829102,4.135492324829102
2022-11-08,2022-10-07,3.7055,3.860487461090088,3.6056387424468994,3.6056387424468994,3.725281238555908,3.860487461090088,3.9931535720825195,4.107766628265381,4.107766628265381
2022-11-09,2022-10-10,3.7415,3.8839364051818848,3.6318492889404297,3.6318492889404297,3.7492151260375977,3.8839364051818848,4.018603801727295,4.134119510650635,4.134119510650635
2022-11-10,2022-10-11,3.796,3.8894271850585938,3.6327521800994873,3.6327521800994873,3.7521982192993164,3.8894271850585938,4.026534080505371,4.1445465087890625,4.1445465087890625
2022-11-11,2022-10-12,3.951,3.8773574829101562,3.623757839202881,3.623757839202881,3.742377281188965,3.8773574829101562,4.011247634887695,4.126122951507568,4.126122951507568
2022-11-14,2022-10-13,3.855,3.8068768978118896,3.531182289123535,3.531182289123535,3.659928798675537,3.8068768978118896,3.9559431076049805,4.086642265319824,4.086642265319824
2022-11-15,2022-10-14,3.8395,3.7274317741394043,3.4468445777893066,3.4468445777893066,3.57808780670166,3.7274317741394043,3.881039619445801,4.020243167877197,4.020243167877197
2022-11-16,2022-10-17,3.788,3.7352161407470703,3.4592766761779785,3.4592766761779785,3.589054584503174,3.7352161407470703,3.885481119155884,4.020406723022461,4.020406723022461
2022-11-17,2022-10-18,3.6895,3.670161247253418,3.3708038330078125,3.3708038330078125,3.512799024581909,3.670161247253418,3.8292646408081055,3.9711060523986816,3.9711060523986816
2022-11-18,2022-10-19,3.632,3.6142868995666504,3.2863850593566895,3.2863850593566895,3.4434814453125,3.6142868995666504,3.786527633666992,3.9405341148376465,3.9405341148376465
2022-11-21,2022-10-20,3.5715,3.6617929935455322,3.3499269485473633,3.3499269485473633,3.4968249797821045,3.6617929935455322,3.83376407623291,3.988044261932373,3.988044261932373
2022-11-22,2022-10-21,3.6145,3.682518243789673,3.3832192420959473,3.3832192420959473,3.523531198501587,3.682518243789673,3.847268581390381,3.994293212890625,3.994293212890625
2022-11-23,2022-10-24,3.6175,3.6353859901428223,3.351759672164917,3.351759672164917,3.4864702224731445,3.6353859901428223,3.7862491607666016,3.9234790802001953,3.9234790802001953
2022-11-25,2022-10-25,3.6265,3.5881218910217285,3.3125548362731934,3.3125548362731934,3.443565845489502,3.5881218910217285,3.735677719116211,3.8719019889831543,3.8719019889831543
2022-11-28,2022-10-26,3.6105,3.7536747455596924,3.4944093227386475,3.4944093227386475,3.616128444671631,3.7536747455596924,3.897822380065918,4.027303695678711,4.027303695678711
2022-11-29,2022-10-27,3.63,3.7120790481567383,3.4657866954803467,3.4657866954803467,3.5813040733337402,3.7120790481567383,3.8495750427246094,3.9755196571350098,3.9755196571350098
2022-11-30,2022-10-28,3.7295,3.632352828979492,3.369920015335083,3.369920015335083,3.4943320751190186,3.632352828979492,3.7737255096435547,3.9038054943084717,3.9038054943084717
2022-12-01,2022-10-31,3.814,3.603942632675171,3.3082356452941895,3.3082356452941895,3.4509990215301514,3.603942632675171,3.757843494415283,3.8969058990478516,3.8969058990478516
2022-12-02,2022-11-01,3.848,3.6264419555664062,3.344243049621582,3.344243049621582,3.478250741958618,3.6264419555664062,3.780529022216797,3.920443534851074,3.920443534851074
2022-12-05,2022-11-02,3.7895,3.591097116470337,3.309379816055298,3.309379816055298,3.4437718391418457,3.591097116470337,3.7442164421081543,3.8848865032196045,3.8848865032196045
2022-12-06,2022-11-03,3.8115,3.5511083602905273,3.257925510406494,3.257925510406494,3.3976340293884277,3.5511083602905273,3.7101244926452637,3.8560945987701416,3.8560945987701416
2022-12-07,2022-11-04,3.8555,3.6335458755493164,3.3099443912506104,3.3099443912506104,3.4615373611450195,3.6335458755493164,3.818946361541748,3.9836578369140625,3.9836578369140625
2022-12-08,2022-11-07,3.8805,3.4742271900177,3.153043270111084,3.153043270111084,3.304814338684082,3.4742271900177,3.6517820358276367,3.813969612121582,3.813969612121582
2022-12-09,2022-11-08,3.876,3.6295700073242188,3.3118951320648193,3.3118951320648193,3.4622597694396973,3.6295700073242188,3.803713321685791,3.9615254402160645,3.9615254402160645
2022-12-12,2022-11-09,3.7985,3.633632183074951,3.3113348484039307,3.3113348484039307,3.4635963439941406,3.633632183074951,3.8116660118103027,3.9706168174743652,3.9706168174743652
2022-12-13,2022-11-10,3.8395,3.6891632080078125,3.348653554916382,3.348653554916382,3.5093464851379395,3.6891632080078125,3.8769359588623047,4.045108795166016,4.045108795166016
2022-12-14,2022-11-11,3.875,3.7688722610473633,3.4001827239990234,3.4001827239990234,3.570822238922119,3.7688722610473633,3.981621265411377,4.173704624176025,4.173704624176025
2022-12-15,2022-11-14,3.763,3.715698003768921,3.3718976974487305,3.3718976974487305,3.5317118167877197,3.715698003768921,3.9075028896331787,4.078585624694824,4.078585624694824
2022-12-16,2022-11-15,3.7615,3.679776668548584,3.34543514251709,3.34543514251709,3.5026698112487793,3.679776668548584,3.8594000339508057,4.01956844329834,4.01956844329834
2022-12-19,2022-11-16,3.783,3.6515088081359863,3.331057071685791,3.331057071685791,3.4839491844177246,3.6515088081359863,3.8193392753601074,3.971872568130493,3.971872568130493
2022-12-20,2022-11-17,3.7975,3.5921471118927,3.2862043380737305,3.2862043380737305,3.435141086578369,3.5921471118927,3.746671199798584,3.8899447917938232,3.8899447917938232
2022-12-21,2022-11-18,3.806,3.5445103645324707,3.2657549381256104,3.2657549381256104,3.40096378326416,3.5445103645324707,3.6873669624328613,3.8212461471557617,3.8212461471557617
2022-12-22,2022-11-21,3.7515,3.5228261947631836,3.2291433811187744,3.2291433811187744,3.372706890106201,3.5228261947631836,3.670535087585449,3.8074445724487305,3.8074445724487305
2022-12-23,2022-11-22,3.803,3.545243263244629,3.234405040740967,3.234405040740967,3.387420654296875,3.545243263244629,3.702637195587158,3.8468716144561768,3.8468716144561768
2022-12-27,2022-11-23,3.8335,3.5377626419067383,3.2328014373779297,3.2328014373779297,3.379819869995117,3.5377626419067383,3.6992244720458984,3.8487741947174072,3.8487741947174072
2022-12-28,2022-11-25,3.832,3.54557466506958,3.241673231124878,3.241673231124878,3.387417793273926,3.54557466506958,3.706480026245117,3.8561527729034424,3.8561527729034424
2022-12-29,2022-11-28,3.821,3.532261848449707,3.230055809020996,3.230055809020996,3.3747055530548096,3.532261848449707,3.69376277923584,3.846626043319702,3.846626043319702
2022-12-30,2022-11-29,3.8055,3.530097246170044,3.2101144790649414,3.2101144790649414,3.36517333984375,3.530097246170044,3.7003860473632812,3.862025499343872,3.862025499343872
2023-01-03,2022-11-30,3.766,3.5940890312194824,3.2466132640838623,3.2466132640838623,3.4129085540771484,3.5940890312194824,3.7805678844451904,3.953136444091797,3.953136444091797
2023-01-04,2022-12-01,3.7395,3.686058759689331,3.321486234664917,3.321486234664917,3.496246576309204,3.686058759689331,3.881065845489502,4.059042930603027,4.059042930603027
2023-01-05,2022-12-02,3.818,3.7776923179626465,3.3996033668518066,3.3996033668518066,3.5812010765075684,3.7776923179626465,3.9793224334716797,4.159693241119385,4.159693241119385
2023-01-06,2022-12-05,3.9085,3.700596809387207,3.318307638168335,3.318307638168335,3.5025417804718018,3.700596809387207,3.899930477142334,4.080754280090332,4.080754280090332
2023-01-09,2022-12-06,4.0185,3.761296272277832,3.3888745307922363,3.3888745307922363,3.566171646118164,3.761296272277832,3.9598259925842285,4.140772819519043,4.140772819519043
2023-01-10,2022-12-07,4.067,3.8168938159942627,3.4574477672576904,3.4574477672576904,3.6268510818481445,3.8168938159942627,4.01104736328125,4.1862006187438965,4.1862006187438965
2023-01-11,2022-12-08,4.1545,3.8203907012939453,3.4458158016204834,3.4458158016204834,3.6233859062194824,3.8203907012939453,4.018600940704346,4.194034099578857,4.194034099578857
2023-01-12,2022-12-09,4.186,3.805875301361084,3.4367151260375977,3.4367151260375977,3.612654447555542,3.805875301361084,3.997051239013672,4.16635799407959,4.16635799407959
2023-01-13,2022-12-12,4.2075,3.703160524368286,3.3639414310455322,3.3639414310455322,3.5250320434570312,3.703160524368286,3.8754374980926514,4.033703327178955,4.033703327178955
2023-01-17,2022-12-13,4.215,3.756972074508667,3.449782609939575,3.449782609939575,3.595087766647339,3.756972074508667,3.9133787155151367,4.057771682739258,4.057771682739258
2023-01-18,2022-12-14,4.2285,3.7756881713867188,3.471151828765869,3.471151828765869,3.615769863128662,3.7756881713867188,3.929356575012207,4.070898056030273,4.070898056030273
2023-01-19,2022-12-15,4.2265,3.6788949966430664,3.3581323623657227,3.3581323623657227,3.5124595165252686,3.6788949966430664,3.837958574295044,3.9857735633850098,3.9857735633850098
2023-01-20,2022-12-16,4.2485,3.7160420417785645,3.3916077613830566,3.3916077613830566,3.5468976497650146,3.7160420417785645,3.8788394927978516,4.028474807739258,4.028474807739258
2023-01-23,2022-12-19,4.254,3.768022298812866,3.4539382457733154,3.4539382457733154,3.604703903198242,3.768022298812866,3.925902843475342,4.072865009307861,4.072865009307861
2023-01-24,2022-12-20,4.2455,3.796879529953003,3.483203411102295,3.483203411102295,3.633903980255127,3.796879529953003,3.956312656402588,4.1059160232543945,4.1059160232543945
2023-01-25,2022-12-21,4.24,3.827099084854126,3.5112223625183105,3.5112223625183105,3.6629269123077393,3.827099084854126,3.9890174865722656,4.140463829040527,4.140463829040527
2023-01-26,2022-12-22,4.267,3.7856969833374023,3.453124523162842,3.453124523162842,3.6141369342803955,3.7856969833374023,3.9537887573242188,4.109268665313721,4.109268665313721
2023-01-27,2022-12-23,4.224,3.7399065494537354,3.4047508239746094,3.4047508239746094,3.5672035217285156,3.7399065494537354,3.909562587738037,4.066375255584717,4.066375255584717
2023-01-30,2022-12-27,4.2035,3.809058666229248,3.4723169803619385,3.4723169803619385,3.636301040649414,3.809058666229248,3.9800519943237305,4.137115478515625,4.137115478515625
2023-01-31,2022-12-28,4.2285,3.805947780609131,3.4603843688964844,3.4603843688964844,3.628593921661377,3.805947780609131,3.982226848602295,4.14503288269043,4.14503288269043
2023-02-01,2022-12-29,4.111,3.7919023036956787,3.4511656761169434,3.4511656761169434,3.6163763999938965,3.7919023036956787,3.9666378498077393,4.129940032958984,4.129940032958984
2023-02-02,2022-12-30,4.094,3.767394542694092,3.4303858280181885,3.4303858280181885,3.5932984352111816,3.767394542694092,3.9399638175964355,4.100350856781006,4.100350856781006
2023-02-03,2023-01-03,4.063,3.6806700229644775,3.332465171813965,3.332465171813965,3.501866579055786,3.6806700229644775,3.8542134761810303,4.013889789581299,4.013889789581299
2023-02-06,2023-01-04,4.0435,3.595344305038452,3.2605533599853516,3.2605533599853516,3.4233765602111816,3.595344305038452,3.760430097579956,3.912930488586426,3.912930488586426
2023-02-07,2023-01-05,4.0885,3.564206600189209,3.2586076259613037,3.2586076259613037,3.4038517475128174,3.564206600189209,3.7183847427368164,3.86208438873291,3.86208438873291
2023-02-08,2023-01-06,4.0435,3.6308236122131348,3.349156618118286,3.349156618118286,3.481566905975342,3.6308236122131348,3.77561092376709,3.9104349613189697,3.9104349613189697
2023-02-09,2023-01-09,4.1055,3.71315598487854,3.4134154319763184,3.4134154319763184,3.5530362129211426,3.71315598487854,3.868380069732666,4.00992488861084,4.00992488861084
2023-02-10,2023-01-10,4.0275,3.754032611846924,3.4272918701171875,3.4272918701171875,3.5792856216430664,3.754032611846924,3.923628807067871,4.074705123901367,4.074705123901367
2023-02-13,2023-01-11,4.087,3.834779977798462,3.4929358959198,3.4929358959198,3.6506106853485107,3.834779977798462,4.016898155212402,4.176943778991699,4.176943778991699
2023-02-14,2023-01-12,4.11,3.8895435333251953,3.5505475997924805,3.5505475997924805,3.707828998565674,3.8895435333251953,4.068288803100586,4.2256340980529785,4.2256340980529785
2023-02-15,2023-01-13,4.052,3.9955265522003174,3.645063877105713,3.645063877105713,3.8079123497009277,3.9955265522003174,4.181482315063477,4.3454084396362305,4.3454084396362305
2023-02-16,2023-01-17,4.1655,4.058681964874268,3.7085604667663574,3.7085604667663574,3.8721866607666016,4.058681964874268,4.243372917175293,4.406967639923096,4.406967639923096
2023-02-17,2023-01-18,4.114,4.113042831420898,3.765241861343384,3.765241861343384,3.928455352783203,4.113042831420898,4.296268463134766,4.459427833557129,4.459427833557129
2023-02-21,2023-01-19,4.2345,4.12033748626709,3.7518980503082275,3.7518980503082275,3.9274444580078125,4.12033748626709,4.308154106140137,4.475789546966553,4.475789546966553
2023-02-22,2023-01-20,4.2025,4.177426815032959,3.8248932361602783,3.8248932361602783,3.993663787841797,4.177426815032959,4.358750343322754,4.522549152374268,4.522549152374268
2023-02-23,2023-01-23,4.073,4.160264015197754,3.793173313140869,3.793173313140869,3.968860626220703,4.160264015197754,4.348169326782227,4.517044544219971,4.517044544219971
2023-02-24,2023-01-24,3.955,4.113912105560303,3.764221668243408,3.764221668243408,3.9304122924804688,4.113912105560303,4.292825698852539,4.454596996307373,4.454596996307373
2023-02-27,2023-01-25,4.009,4.105965614318848,3.7730982303619385,3.7730982303619385,3.931191921234131,4.105965614318848,4.275576591491699,4.43080997467041,4.43080997467041
2023-02-28,2023-01-26,4.0975,4.132122039794922,3.798701047897339,3.798701047897339,3.958331346511841,4.132122039794922,4.299861907958984,4.452910423278809,4.452910423278809
2023-03-01,2023-01-27,4.168,4.060825824737549,3.7240121364593506,3.7240121364593506,3.885183811187744,4.060825824737549,4.228682518005371,4.381231784820557,4.381231784820557
2023-03-02,2023-01-30,4.084,3.9237821102142334,3.5802557468414307,3.5802557468414307,3.742140769958496,3.9237821102142334,4.096780776977539,4.252532482147217,4.252532482147217
2023-03-03,2023-01-31,4.078,3.914482831954956,3.5903425216674805,3.5903425216674805,3.741936683654785,3.914482831954956,4.0792694091796875,4.226988315582275,4.226988315582275
2023-03-06,2023-02-01,4.1005,3.799992561340332,3.470428705215454,3.470428705215454,3.6254682540893555,3.799992561340332,3.9657559394836426,4.11578893661499,4.11578893661499
2023-03-07,2023-02-02,3.9865,3.7980549335479736,3.4597859382629395,3.4597859382629395,3.6194894313812256,3.7980549335479736,3.967467784881592,4.1206135749816895,4.1206135749816895
2023-03-08,2023-02-03,4.0415,3.792750835418701,3.4583752155303955,3.4583752155303955,3.6166930198669434,3.792750835418701,3.9600465297698975,4.111171722412109,4.111171722412109
2023-03-09,2023-02-06,4.0545,3.7773749828338623,3.4567675590515137,3.4567675590515137,3.609621524810791,3.7773749828338623,3.9359569549560547,4.080212593078613,4.080212593078613
2023-03-10,2023-02-07,4.0455,3.8604917526245117,3.538323402404785,3.538323402404785,3.6913962364196777,3.8604917526245117,4.024044990539551,4.173713684082031,4.173713684082031
2023-03-13,2023-02-08,4.0695,3.858400821685791,3.5397329330444336,3.5397329330444336,3.693513870239258,3.858400821685791,4.0171074867248535,4.1634931564331055,4.1634931564331055
2023-03-14,2023-02-09,4.0105,3.920422077178955,3.6001362800598145,3.6001362800598145,3.7543249130249023,3.920422077178955,4.082475662231445,4.231700897216797,4.231700897216797
2023-03-15,2023-02-10,3.8565,3.8651559352874756,3.5291800498962402,3.5291800498962402,3.6923770904541016,3.8651559352874756,4.030893325805664,4.1830902099609375,4.1830902099609375
2023-03-16,2023-02-13,3.8855,3.94858980178833,3.6182947158813477,3.6182947158813477,3.7787024974823,3.94858980178833,4.115460395812988,4.2697062492370605,4.2697062492370605
2023-03-17,2023-02-14,3.9135,3.9698522090911865,3.6274948120117188,3.6274948120117188,3.793545722961426,3.9698522090911865,4.145445823669434,4.3079514503479,4.3079514503479
2023-03-20,2023-02-15,3.9755,3.940847158432007,3.6052803993225098,3.6052803993225098,3.767554759979248,3.940847158432007,4.112497329711914,4.271978378295898,4.271978378295898
2023-03-21,2023-02-16,4.0185,4.010171890258789,3.683023691177368,3.683023691177368,3.8381850719451904,4.010171890258789,4.183992385864258,4.34575080871582,4.34575080871582
2023-03-22,2023-02-17,4.0685,4.006214618682861,3.6751716136932373,3.6751716136932373,3.8341007232666016,4.006214618682861,4.177613735198975,4.335963249206543,4.335963249206543
2023-03-23,2023-02-21,4.146,4.086275577545166,3.7463715076446533,3.7463715076446533,3.9075722694396973,4.086275577545166,4.269163131713867,4.4368133544921875,4.4368133544921875
2023-03-24,2023-02-22,4.1015,4.015480995178223,3.671860694885254,3.671860694885254,3.8324615955352783,4.015480995178223,4.199630260467529,4.367002010345459,4.367002010345459
2023-03-27,2023-02-23,4.1045,3.9197254180908203,3.5911898612976074,3.5911898612976074,3.7449963092803955,3.9197254180908203,4.091492652893066,4.2484869956970215,4.2484869956970215
2023-03-28,2023-02-24,4.112,3.8511340618133545,3.50955867767334,3.50955867767334,3.66982364654541,3.8511340618133545,4.026318550109863,4.185726642608643,4.185726642608643
2023-03-29,2023-02-27,4.115,3.877560615539551,3.528104782104492,3.528104782104492,3.6924142837524414,3.877560615539551,4.05838680267334,4.221656799316406,4.221656799316406
2023-03-30,2023-02-28,4.0905,3.932440757751465,3.584336519241333,3.584336519241333,3.7477951049804688,3.932440757751465,4.114546775817871,4.27757453918457,4.27757453918457
2023-03-31,2023-03-01,4.1045,3.989966869354248,3.6449363231658936,3.6449363231658936,3.8076205253601074,3.989966869354248,4.1721086502075195,4.335229873657227,4.335229873657227
2023-04-03,2023-03-02,4.0595,3.9662914276123047,3.6258468627929688,3.6258468627929688,3.7878785133361816,3.9662914276123047,4.142237663269043,4.300955772399902,4.300955772399902
2023-04-04,2023-03-03,3.9835,4.031891345977783,3.7073168754577637,3.7073168754577637,3.8633837699890137,4.031891345977783,4.197592735290527,4.3491668701171875,4.3491668701171875
2023-04-05,2023-03-06,3.998,4.074235439300537,3.749891996383667,3.749891996383667,3.90683650970459,4.074235439300537,4.239706993103027,4.39106559753418,4.39106559753418
2023-04-06,2023-03-07,4.026,3.964480400085449,3.635416030883789,3.635416030883789,3.7943897247314453,3.964480400085449,4.132055282592773,4.285120964050293,4.285120964050293
2023-04-10,2023-03-08,3.9865,4.035852432250977,3.709083318710327,3.709083318710327,3.866852283477783,4.035852432250977,4.204561233520508,4.356911659240723,4.356911659240723
2023-04-11,2023-03-09,4.0245,4.061164379119873,3.7276980876922607,3.7276980876922607,3.8885483741760254,4.061164379119873,4.234374046325684,4.390880584716797,4.390880584716797
2023-04-12,2023-03-10,4.0845,4.075174331665039,3.7494659423828125,3.7494659423828125,3.9068636894226074,4.075174331665039,4.242644309997559,4.394567489624023,4.394567489624023
2023-04-13,2023-03-13,4.124,4.0731024742126465,3.7515206336975098,3.7515206336975098,3.9056107997894287,4.0731024742126465,4.238792419433594,4.388140678405762,4.388140678405762
2023-04-14,2023-03-14,4.1075,4.02561092376709,3.69785213470459,3.69785213470459,3.856645107269287,4.02561092376709,4.189480781555176,4.336012363433838,4.336012363433838
2023-04-17,2023-03-15,4.066,3.89878511428833,3.5497193336486816,3.5497193336486816,3.7186789512634277,3.89878511428833,4.0720930099487305,4.2284321784973145,4.2284321784973145
2023-04-18,2023-03-16,4.0895,3.867699146270752,3.5370686054229736,3.5370686054229736,3.694967269897461,3.867699146270752,4.0368123054504395,4.189441204071045,4.189441204071045
2023-04-19,2023-03-17,4.072,3.8812859058380127,3.567422866821289,3.567422866821289,3.7167532444000244,3.8812859058380127,4.042581558227539,4.187984466552734,4.187984466552734
2023-04-20,2023-03-20,4.022,3.9515862464904785,3.6248631477355957,3.6248631477355957,3.7806472778320312,3.9515862464904785,4.119078159332275,4.267653942108154,4.267653942108154
2023-04-21,2023-03-21,3.98,3.953950881958008,3.6116271018981934,3.6116271018981934,3.775566339492798,3.953950881958008,4.129603862762451,4.285088539123535,4.285088539123535
2023-04-24,2023-03-22,3.953,3.949544906616211,3.6105103492736816,3.6105103492736816,3.7719454765319824,3.949544906616211,4.126049041748047,4.283818244934082,4.283818244934082
2023-04-25,2023-03-23,3.846,3.994323253631592,3.6526474952697754,3.6526474952697754,3.8156938552856445,3.994323253631592,4.172283172607422,4.330771446228027,4.330771446228027
2023-04-26,2023-03-24,3.85,3.9510204792022705,3.6139373779296875,3.6139373779296875,3.7752432823181152,3.9510204792022705,4.125556945800781,4.283494472503662,4.283494472503662
2023-04-27,2023-03-27,3.8645,3.968550205230713,3.644514560699463,3.644514560699463,3.800968885421753,3.968550205230713,4.134550094604492,4.28542423248291,4.28542423248291
2023-04-28,2023-03-28,3.87,3.940687894821167,3.6084299087524414,3.6084299087524414,3.7692394256591797,3.940687894821167,4.110257148742676,4.264249324798584,4.264249324798584
2023-05-01,2023-03-29,3.917,4.032958507537842,3.7118475437164307,3.7118475437164307,3.867234468460083,4.032958507537842,4.195583343505859,4.3428144454956055,4.3428144454956055
2023-05-02,2023-03-30,3.848,3.996169328689575,3.667109251022339,3.667109251022339,3.8266191482543945,3.996169328689575,4.162981986999512,4.314149379730225,4.314149379730225
2023-05-03,2023-03-31,3.8315,4.034068584442139,3.7075142860412598,3.7075142860412598,3.8651819229125977,4.034068584442139,4.2014970779418945,4.35482120513916,4.35482120513916
2023-05-04,2023-04-03,3.85,3.9689817428588867,3.6376841068267822,3.6376841068267822,3.7994956970214844,3.9689817428588867,4.135405540466309,4.287998199462891,4.287998199462891
2023-05-05,2023-04-04,3.8715,3.899920701980591,3.5603621006011963,3.5603621006011963,3.7260053157806396,3.899920701980591,4.0682783126831055,4.221034526824951,4.221034526824951
2023-05-08,2023-04-05,3.918,3.892484664916992,3.5634400844573975,3.5634400844573975,3.724029779434204,3.892484664916992,4.054683685302734,4.2000732421875,4.2000732421875
2023-05-09,2023-04-06,3.889,3.931051254272461,3.602715492248535,3.602715492248535,3.762826442718506,3.931051254272461,4.093764305114746,4.238210678100586,4.238210678100586
2023-05-10,2023-04-10,3.828,3.866386890411377,3.523587942123413,3.523587942123413,3.6913251876831055,3.866386890411377,4.0349273681640625,4.185719966888428,4.185719966888428
2023-05-11,2023-04-11,3.6975,3.865946054458618,3.5332815647125244,3.5332815647125244,3.6944525241851807,3.865946054458618,4.034245014190674,4.184015274047852,4.184015274047852
2023-05-12,2023-04-12,3.7165,3.96734881401062,3.6274561882019043,3.6274561882019043,3.791328191757202,3.96734881401062,4.140220642089844,4.2915472984313965,4.2915472984313965
2023-05-15,2023-04-13,3.7375,4.036558151245117,3.69821834564209,3.69821834564209,3.8617916107177734,4.036558151245117,4.207584381103516,4.355735778808594,4.355735778808594
2023-05-16,2023-04-14,3.6545,4.003114223480225,3.6704659461975098,3.6704659461975098,3.8318939208984375,4.003114223480225,4.169134140014648,4.315187454223633,4.315187454223633
2023-05-17,2023-04-17,3.743,3.969705820083618,3.6417531967163086,3.6417531967163086,3.8005270957946777,3.969705820083618,4.133149147033691,4.276861190795898,4.276861190795898
2023-05-18,2023-04-18,3.6815,4.000460147857666,3.6853878498077393,3.6853878498077393,3.8367724418640137,4.000460147857666,4.160758972167969,4.299932479858398,4.299932479858398
2023-05-19,2023-04-19,3.7225,3.9986884593963623,3.6976382732391357,3.6976382732391357,3.842684030532837,3.9986884593963623,4.149540424346924,4.280186653137207,4.280186653137207
2023-05-22,2023-04-20,3.674,3.901492118835449,3.584430456161499,3.584430456161499,3.739084243774414,3.901492118835449,4.057058334350586,4.19182014465332,4.19182014465332
2023-05-23,2023-04-21,3.6415,3.9441628456115723,3.644162893295288,3.644162893295288,3.7900190353393555,3.9441628456115723,4.093097686767578,4.222722053527832,4.222722053527832
2023-05-24,2023-04-24,3.5535,3.91052508354187,3.605884552001953,3.605884552001953,3.754128932952881,3.91052508354187,4.061423301696777,4.193488121032715,4.193488121032715
2023-05-25,2023-04-25,3.5805,3.803513288497925,3.477370500564575,3.477370500564575,3.637667417526245,3.803513288497925,3.9605307579040527,4.099181652069092,4.099181652069092
2023-05-26,2023-04-26,3.6735,3.8156163692474365,3.4978199005126953,3.4978199005126953,3.6532464027404785,3.8156163692474365,3.9714317321777344,4.109537601470947,4.109537601470947
2023-05-30,2023-04-27,3.658,3.82806396484375,3.5125205516815186,3.5125205516815186,3.6661720275878906,3.82806396484375,3.9845612049102783,4.124176979064941,4.124176979064941
2023-05-31,2023-04-28,3.631,3.823082447052002,3.514852285385132,3.514852285385132,3.664154052734375,3.823082447052002,3.9768052101135254,4.113983631134033,4.113983631134033
2023-06-01,2023-05-01,3.7065,3.9101738929748535,3.6109652519226074,3.6109652519226074,3.754610061645508,3.9101738929748535,4.064634799957275,4.201515197753906,4.201515197753906
2023-06-02,2023-05-02,3.7225,3.785522937774658,3.47128963470459,3.47128963470459,3.6227428913116455,3.785522937774658,3.9422125816345215,4.0832061767578125,4.0832061767578125
2023-06-05,2023-05-03,3.7625,3.7157881259918213,3.401766300201416,3.401766300201416,3.5542843341827393,3.7157881259918213,3.86952543258667,4.008894443511963,4.008894443511963
2023-06-06,2023-05-04,3.767,3.8771393299102783,3.584705352783203,3.584705352783203,3.725741386413574,3.8771393299102783,4.024661540985107,4.157365798950195,4.157365798950195
2023-06-07,2023-05-05,3.7545,3.934290647506714,3.6449198722839355,3.6449198722839355,3.784891128540039,3.934290647506714,4.080259323120117,4.209829330444336,4.209829330444336
2023-06-08,2023-05-08,3.7965,3.963426351547241,3.6716208457946777,3.6716208457946777,3.812812089920044,3.963426351547241,4.111301422119141,4.241876125335693,4.241876125335693
2023-06-09,2023-05-09,3.789,3.965400218963623,3.6770033836364746,3.6770033836364746,3.816976547241211,3.965400218963623,4.110171318054199,4.238409996032715,4.238409996032715
2023-06-12,2023-05-10,3.7505,3.9352364540100098,3.6470205783843994,3.6470205783843994,3.78737211227417,3.9352364540100098,4.079374313354492,4.206423759460449,4.206423759460449
2023-06-13,2023-05-11,3.8285,3.822209119796753,3.49753737449646,3.49753737449646,3.6577513217926025,3.822209119796753,3.977034568786621,4.1101789474487305,4.1101789474487305
2023-06-14,2023-05-12,3.866,3.7805421352386475,3.4438910484313965,3.4438910484313965,3.6113219261169434,3.7805421352386475,3.941603183746338,4.080102443695068,4.080102443695068
2023-06-15,2023-05-15,3.8965,3.8250579833984375,3.4944236278533936,3.4944236278533936,3.6602680683135986,3.8250579833984375,3.982124090194702,4.11639928817749,4.11639928817749
2023-06-16,2023-05-16,3.8845,3.727942943572998,3.3763439655303955,3.3763439655303955,3.552628517150879,3.727942943572998,3.8948612213134766,4.038455963134766,4.038455963134766
2023-06-20,2023-05-17,3.8785,3.7733490467071533,3.4213757514953613,3.4213757514953613,3.597852945327759,3.7733490467071533,3.944096088409424,4.089366436004639,4.089366436004639
2023-06-21,2023-05-18,3.911,3.6542601585388184,3.295433282852173,3.295433282852173,3.4736506938934326,3.6542601585388184,3.829211711883545,3.9788951873779297,3.9788951873779297
2023-06-22,2023-05-19,3.8885,3.7149763107299805,3.3693480491638184,3.3693480491638184,3.5405466556549072,3.7149763107299805,3.884674549102783,4.029315948486328,4.029315948486328
2023-06-23,2023-05-22,3.806,3.6717002391815186,3.3361027240753174,3.3361027240753174,3.502255916595459,3.6717002391815186,3.8354835510253906,3.9775424003601074,3.9775424003601074
2023-06-26,2023-05-23,3.7865,3.7103826999664307,3.383354425430298,3.383354425430298,3.545443296432495,3.7103826999664307,3.870506763458252,4.010713577270508,4.010713577270508
2023-06-27,2023-05-24,3.7815,3.5008389949798584,3.172628879547119,3.172628879547119,3.333735942840576,3.5008389949798584,3.660569190979004,3.8020873069763184,3.8020873069763184
2023-06-28,2023-05-25,3.7205,3.4881234169006348,3.1855595111846924,3.1855595111846924,3.3327362537384033,3.4881234169006348,3.638805389404297,3.7718191146850586,3.7718191146850586
2023-06-29,2023-05-26,3.6775,3.724595546722412,3.433056116104126,3.433056116104126,3.576261520385742,3.724595546722412,3.869401216506958,3.9949891567230225,3.9949891567230225
2023-06-30,2023-05-30,3.741,3.6920011043548584,3.398571014404297,3.398571014404297,3.543447971343994,3.6920011043548584,3.836451530456543,3.962176561355591,3.962176561355591
2023-07-03,2023-05-31,3.779,3.6052896976470947,3.3115086555480957,3.3115086555480957,3.4557175636291504,3.6052896976470947,3.7508859634399414,3.8791162967681885,3.8791162967681885
2023-07-05,2023-06-01,3.7535,3.7667737007141113,3.48427152633667,3.48427152633667,3.622560739517212,3.7667737007141113,3.9097070693969727,4.035545349121094,4.035545349121094
2023-07-06,2023-06-02,3.72,3.764439821243286,3.4870147705078125,3.4870147705078125,3.6220202445983887,3.764439821243286,3.906128168106079,4.030457019805908,4.030457019805908
2023-07-07,2023-06-05,3.767,3.8134398460388184,3.5327868461608887,3.5327868461608887,3.6701221466064453,3.8134398460388184,3.9557676315307617,4.0798749923706055,4.0798749923706055
2023-07-10,2023-06-06,3.7715,3.7734949588775635,3.4791197776794434,3.4791197776794434,3.6247692108154297,3.7734949588775635,3.919664144515991,4.046470642089844,4.046470642089844
2023-07-11,2023-06-07,3.7535,3.7331342697143555,3.422832489013672,3.422832489013672,3.578124523162842,3.7331342697143555,3.8837006092071533,4.015712738037109,4.015712738037109
2023-07-12,2023-06-08,3.842,3.7734360694885254,3.451446294784546,3.451446294784546,3.612605333328247,3.7734360694885254,3.9306681156158447,4.068454265594482,4.068454265594482
2023-07-13,2023-06-09,3.9295,3.7121875286102295,3.3777694702148438,3.3777694702148438,3.545773983001709,3.7121875286102295,3.874418258666992,4.0184736251831055,4.0184736251831055
2023-07-14,2023-06-12,3.922,3.5982491970062256,3.2497525215148926,3.2497525215148926,3.4242587089538574,3.5982491970062256,3.7662792205810547,3.9158949851989746,3.9158949851989746
2023-07-17,2023-06-13,3.832,3.73286771774292,3.3928890228271484,3.3928890228271484,3.5643348693847656,3.73286771774292,3.898145914077759,4.0447516441345215,4.0447516441345215
2023-07-18,2023-06-14,3.816,3.801959991455078,3.4765419960021973,3.4765419960021973,3.6405632495880127,3.801959991455078,3.9596011638641357,4.098517417907715,4.098517417907715
2023-07-19,2023-06-15,3.7995,3.9326443672180176,3.635162830352783,3.635162830352783,3.7823262214660645,3.9326443672180176,4.0813188552856445,4.211117267608643,4.211117267608643
2023-07-20,2023-06-16,3.8175,3.9162075519561768,3.6231043338775635,3.6231043338775635,3.768192768096924,3.9162075519561768,4.061078071594238,4.188017845153809,4.188017845153809
2023-07-21,2023-06-20,3.803,3.858492612838745,3.57779860496521,3.57779860496521,3.7166309356689453,3.858492612838745,3.9970104694366455,4.118664264678955,4.118664264678955
2023-07-24,2023-06-21,3.8405,3.953259229660034,3.690241575241089,3.690241575241089,3.8181893825531006,3.953259229660034,4.0850300788879395,4.199114799499512,4.199114799499512
2023-07-25,2023-06-22,3.902,3.9527509212493896,3.696052074432373,3.696052074432373,3.8206887245178223,3.9527509212493896,4.081027984619141,4.193244934082031,4.193244934082031
2023-07-26,2023-06-23,3.8905,3.8641018867492676,3.6002626419067383,3.6002626419067383,3.7290287017822266,3.8641018867492676,3.9940130710601807,4.108375072479248,4.108375072479248
2023-07-27,2023-06-26,3.8635,3.882028818130493,3.613483190536499,3.613483190536499,3.7436816692352295,3.882028818130493,4.0165019035339355,4.13474702835083,4.13474702835083
2023-07-28,2023-06-27,3.917,3.8865528106689453,3.6247615814208984,3.6247615814208984,3.7512412071228027,3.8865528106689453,4.018749237060547,4.133056163787842,4.133056163787842
2023-07-31,2023-06-28,3.9945,3.8388118743896484,3.566765069961548,3.566765069961548,3.6985459327697754,3.8388118743896484,3.973304033279419,4.089895725250244,4.089895725250244
2023-08-01,2023-06-29,3.8935,3.7472338676452637,3.4582817554473877,3.4582817554473877,3.6003191471099854,3.7472338676452637,3.885165214538574,4.004077434539795,4.004077434539795
2023-08-02,2023-06-30,3.8275,3.7634212970733643,3.471160888671875,3.471160888671875,3.615933895111084,3.7634212970733643,3.904388427734375,4.026780605316162,4.026780605316162
2023-08-03,2023-07-03,3.876,3.77170467376709,3.460658073425293,3.460658073425293,3.616152763366699,3.77170467376709,3.9204611778259277,4.0499796867370605,4.0499796867370605
2023-08-04,2023-07-05,3.845,3.718947410583496,3.401700258255005,3.401700258255005,3.561911106109619,3.718947410583496,3.8687281608581543,4.000598907470703,4.000598907470703
2023-08-07,2023-07-06,3.813,3.6438608169555664,3.318934679031372,3.318934679031372,3.483954906463623,3.6438608169555664,3.794363021850586,3.9274213314056396,3.9274213314056396
2023-08-08,2023-07-07,3.748,3.688924551010132,3.3694300651550293,3.3694300651550293,3.5321249961853027,3.688924551010132,3.839228391647339,3.9739127159118652,3.9739127159118652
2023-08-09,2023-07-10,3.7675,3.6928186416625977,3.390160083770752,3.390160083770752,3.543865919113159,3.6928186416625977,3.8364086151123047,3.9664900302886963,3.9664900302886963
2023-08-10,2023-07-11,3.751,3.7159245014190674,3.430159091949463,3.430159091949463,3.5741004943847656,3.7159245014190674,3.854877471923828,3.982071876525879,3.982071876525879
2023-08-11,2023-07-12,3.7145,3.843649387359619,3.5719375610351562,3.5719375610351562,3.706911087036133,3.843649387359619,3.9802393913269043,4.103366374969482,4.103366374969482
2023-08-14,2023-07-13,3.7245,3.9098711013793945,3.6471571922302246,3.6471571922302246,3.775327205657959,3.9098711013793945,4.046896934509277,4.167856216430664,4.167856216430664
2023-08-15,2023-07-14,3.6615,3.9129559993743896,3.6555776596069336,3.6555776596069336,3.7798922061920166,3.9129559993743896,4.047176837921143,4.165446758270264,4.165446758270264
2023-08-16,2023-07-17,3.6515,3.900026321411133,3.647742509841919,3.647742509841919,3.7699570655822754,3.900026321411133,4.029205322265625,4.143007755279541,4.143007755279541
2023-08-17,2023-07-18,3.6855,3.912147045135498,3.6702208518981934,3.6702208518981934,3.7859413623809814,3.912147045135498,4.038290977478027,4.148441791534424,4.148441791534424
2023-08-18,2023-07-19,3.699,3.9038491249084473,3.6657087802886963,3.6657087802886963,3.779388904571533,3.9038491249084473,4.02869176864624,4.137712001800537,4.137712001800537
2023-08-21,2023-07-20,3.712,3.938434600830078,3.7079381942749023,3.7079381942749023,3.817601442337036,3.938434600830078,4.061774253845215,4.167665004730225,4.167665004730225
2023-08-22,2023-07-21,3.7505,3.93719220161438,3.7020628452301025,3.7020628452301025,3.8136777877807617,3.93719220161438,4.0619282722473145,4.167857646942139,4.167857646942139
2023-08-23,2023-07-24,3.8035,3.968106985092163,3.7318594455718994,3.7318594455718994,3.843540668487549,3.968106985092163,4.094939231872559,4.202456474304199,4.202456474304199
2023-08-24,2023-07-25,3.7675,4.004685401916504,3.761718511581421,3.761718511581421,3.8767523765563965,4.004685401916504,4.136429786682129,4.2477216720581055,4.2477216720581055
2023-08-25,2023-07-26,3.76,3.985287666320801,3.7339630126953125,3.7339630126953125,3.8536581993103027,3.985287666320801,4.120291709899902,4.236201763153076,4.236201763153076
2023-08-28,2023-07-27,3.754,3.978973388671875,3.7239789962768555,3.7239789962768555,3.8462557792663574,3.978973388671875,4.115144729614258,4.233429431915283,4.233429431915283
2023-08-29,2023-07-28,3.793,4.040096759796143,3.777512788772583,3.777512788772583,3.9035098552703857,4.040096759796143,4.181890487670898,4.304052352905273,4.304052352905273
2023-08-30,2023-07-31,3.785,4.121368885040283,3.850770950317383,3.850770950317383,3.9794397354125977,4.121368885040283,4.270574569702148,4.398446559906006,4.398446559906006
2023-08-31,2023-08-01,3.7725,4.046844482421875,3.787358522415161,3.787358522415161,3.9123194217681885,4.046844482421875,4.184778213500977,4.3052449226379395,4.3052449226379395
2023-09-01,2023-08-02,3.8125,3.9897758960723877,3.740750789642334,3.740750789642334,3.8608462810516357,3.9897758960723877,4.1213698387146,4.237576007843018,4.237576007843018
2023-09-05,2023-08-03,3.811,4.002126693725586,3.768944501876831,3.768944501876831,3.8801522254943848,4.002126693725586,4.127046585083008,4.237668991088867,4.237668991088867
2023-09-06,2023-08-04,3.7485,3.9947566986083984,3.7730722427368164,3.7730722427368164,3.8782875537872314,3.9947566986083984,4.113157749176025,4.217130661010742,4.217130661010742
2023-09-07,2023-08-07,3.726,4.006046295166016,3.7798147201538086,3.7798147201538086,3.887347936630249,4.006046295166016,4.124753952026367,4.228189468383789,4.228189468383789
2023-09-08,2023-08-08,3.6805,4.011792182922363,3.7728307247161865,3.7728307247161865,3.887566566467285,4.011792182922363,4.133223533630371,4.237536907196045,4.237536907196045
2023-09-11,2023-08-09,3.77,4.055905342102051,3.8286936283111572,3.8286936283111572,3.93656587600708,4.055905342102051,4.175873756408691,4.279335021972656,4.279335021972656
2023-09-12,2023-08-10,3.752,4.0569939613342285,3.8309690952301025,3.8309690952301025,3.9384102821350098,4.0569939613342285,4.177586555480957,4.283241271972656,4.283241271972656
2023-09-13,2023-08-11,3.756,4.062824249267578,3.8336310386657715,3.8336310386657715,3.942640542984009,4.062824249267578,4.185734748840332,4.293131351470947,4.293131351470947
2023-09-14,2023-08-14,3.7825,4.054049968719482,3.820924997329712,3.820924997329712,3.931159496307373,4.054049968719482,4.180642127990723,4.29181432723999,4.29181432723999
2023-09-15,2023-08-15,3.7635,4.001810073852539,3.762711763381958,3.762711763381958,3.8765435218811035,4.001810073852539,4.128410339355469,4.239078044891357,4.239078044891357
2023-09-18,2023-08-16,3.7415,3.9825642108917236,3.7384843826293945,3.7384843826293945,3.855356454849243,3.9825642108917236,4.110531806945801,4.223580837249756,4.223580837249756
2023-09-19,2023-08-17,3.714,3.951511859893799,3.7012665271759033,3.7012665271759033,3.8216378688812256,3.951511859893799,4.082354545593262,4.199491500854492,4.199491500854492
2023-09-20,2023-08-18,3.7465,3.904797077178955,3.64939284324646,3.64939284324646,3.7727341651916504,3.904797077178955,4.037809371948242,4.158565998077393,4.158565998077393
2023-09-21,2023-08-21,3.6665,3.8674659729003906,3.6049065589904785,3.6049065589904785,3.732567310333252,3.8674659729003906,4.0027570724487305,4.126278400421143,4.126278400421143
2023-09-22,2023-08-22,3.6655,3.847393035888672,3.5772297382354736,3.5772297382354736,3.7082886695861816,3.847393035888672,3.986983060836792,4.115850925445557,4.115850925445557
2023-09-25,2023-08-23,3.6495,3.8499810695648193,3.582397222518921,3.582397222518921,3.712294816970825,3.8499810695648193,3.987144708633423,4.113509178161621,4.113509178161621
2023-09-26,2023-08-24,3.625,3.813559055328369,3.55228853225708,3.55228853225708,3.6790523529052734,3.813559055328369,3.9464893341064453,4.069768905639648,4.069768905639648
2023-09-27,2023-08-25,3.627,3.816112518310547,3.5799777507781982,3.5799777507781982,3.69466495513916,3.816112518310547,3.936981439590454,4.050104141235352,4.050104141235352
2023-09-28,2023-08-28,3.6945,3.7910478115081787,3.564962863922119,3.564962863922119,3.6752114295959473,3.7910478115081787,3.9078171253204346,4.016974925994873,4.016974925994873
2023-09-29,2023-08-29,3.726,3.8781604766845703,3.644761085510254,3.644761085510254,3.7572319507598877,3.8781604766845703,3.99989652633667,4.112694263458252,4.112694263458252
2023-10-02,2023-08-30,3.632,3.8849968910217285,3.6445424556732178,3.6445424556732178,3.7598438262939453,3.8849968910217285,4.012221813201904,4.129678249359131,4.129678249359131
2023-10-03,2023-08-31,3.6155,3.9274020195007324,3.6876535415649414,3.6876535415649414,3.8014025688171387,3.9274020195007324,4.056563377380371,4.1761298179626465,4.1761298179626465
2023-10-04,2023-09-01,3.584,3.96466326713562,3.730741500854492,3.730741500854492,3.8409180641174316,3.96466326713562,4.094089984893799,4.2134928703308105,4.2134928703308105
2023-10-05,2023-09-05,3.547,3.9850895404815674,3.7535829544067383,3.7535829544067383,3.8618078231811523,3.9850895404815674,4.113245964050293,4.230088233947754,4.230088233947754
2023-10-06,2023-09-06,3.6245,3.9263126850128174,3.687135696411133,3.687135696411133,3.799276351928711,3.9263126850128174,4.055361747741699,4.172445774078369,4.172445774078369
2023-10-09,2023-09-07,3.6425,3.8743958473205566,3.6342597007751465,3.6342597007751465,3.7471907138824463,3.8743958473205566,4.002981185913086,4.117609977722168,4.117609977722168
2023-10-10,2023-09-08,3.632,3.810253143310547,3.565418243408203,3.565418243408203,3.681788921356201,3.810253143310547,3.9376235008239746,4.050917148590088,4.050917148590088
2023-10-11,2023-09-11,3.614,3.827805757522583,3.586540699005127,3.586540699005127,3.700852394104004,3.827805757522583,3.9547057151794434,4.067086219787598,4.067086219787598
2023-10-12,2023-09-12,3.594,3.754908800125122,3.5114893913269043,3.5114893913269043,3.628537654876709,3.754908800125122,3.878887891769409,3.991095781326294,3.991095781326294
2023-10-13,2023-09-13,3.58,3.7404749393463135,3.496987819671631,3.496987819671631,3.6149044036865234,3.7404749393463135,3.8630971908569336,3.9755375385284424,3.9755375385284424
2023-10-16,2023-09-14,3.587,3.7464234828948975,3.5006792545318604,3.5006792545318604,3.6193952560424805,3.7464234828948975,3.872488498687744,3.9897027015686035,3.9897027015686035
2023-10-17,2023-09-15,3.5755,3.7197694778442383,3.478844165802002,3.478844165802002,3.5957860946655273,3.7197694778442383,3.843108654022217,3.958134412765503,3.958134412765503
2023-10-18,2023-09-18,3.582,3.71659517288208,3.49090576171875,3.49090576171875,3.5996694564819336,3.71659517288208,3.834254503250122,3.9457075595855713,3.9457075595855713
2023-10-19,2023-09-19,3.5915,3.704517126083374,3.493630886077881,3.493630886077881,3.596163272857666,3.704517126083374,3.812215566635132,3.915473461151123,3.915473461151123
2023-10-20,2023-09-20,3.542,3.71301531791687,3.506477117538452,3.506477117538452,3.6066813468933105,3.71301531791687,3.8204503059387207,3.9230458736419678,3.9230458736419678
2023-10-23,2023-09-21,3.573,3.6545052528381348,3.428579330444336,3.428579330444336,3.5372138023376465,3.6545052528381348,3.77089786529541,3.880554676055908,3.880554676055908
2023-10-24,2023-09-22,3.61,3.6775565147399902,3.447789430618286,3.447789430618286,3.5580596923828125,3.6775565147399902,3.7960987091064453,3.9066643714904785,3.9066643714904785
2023-10-25,2023-09-25,3.572,3.694183349609375,3.467132568359375,3.467132568359375,3.576033592224121,3.694183349609375,3.8115196228027344,3.921207904815674,3.921207904815674
2023-10-26,2023-09-26,3.5685,3.6640117168426514,3.4345273971557617,3.4345273971557617,3.5452375411987305,3.6640117168426514,3.7819900512695312,3.89253568649292,3.89253568649292
2023-10-27,2023-09-27,3.634,3.672001838684082,3.453213930130005,3.453213930130005,3.5586419105529785,3.672001838684082,3.786989688873291,3.8949673175811768,3.8949673175811768
2023-10-30,2023-09-28,3.6495,3.7344441413879395,3.510117769241333,3.510117769241333,3.617316246032715,3.7344441413879395,3.853846311569214,3.9645514488220215,3.9645514488220215
2023-10-31,2023-09-29,3.6415,3.779329776763916,3.557042121887207,3.557042121887207,3.6630935668945312,3.779329776763916,3.899221420288086,4.010194778442383,4.010194778442383
2023-11-01,2023-10-02,3.645,3.695648431777954,3.4779727458953857,3.4779727458953857,3.582857608795166,3.695648431777954,3.8086447715759277,3.9135780334472656,3.9135780334472656
2023-11-02,2023-10-03,3.667,3.6565914154052734,3.4350380897521973,3.4350380897521973,3.5423476696014404,3.6565914154052734,3.7706117630004883,3.8767635822296143,3.8767635822296143
2023-11-03,2023-10-04,3.6745,3.624410390853882,3.3956923484802246,3.3956923484802246,3.5070133209228516,3.624410390853882,3.7401931285858154,3.8475921154022217,3.8475921154022217
2023-11-06,2023-10-05,3.7095,3.617464303970337,3.383800506591797,3.383800506591797,3.4974775314331055,3.617464303970337,3.734829902648926,3.8426313400268555,3.8426313400268555
2023-11-07,2023-10-06,3.67,3.691514015197754,3.4651527404785156,3.4651527404785156,3.573869466781616,3.691514015197754,3.8107118606567383,3.9196019172668457,3.9196019172668457
2023-11-08,2023-10-09,3.628,3.7288761138916016,3.5047459602355957,3.5047459602355957,3.612084150314331,3.7288761138916016,3.8486063480377197,3.9578962326049805,3.9578962326049805
2023-11-09,2023-10-10,3.635,3.725443124771118,3.504815101623535,3.504815101623535,3.610407829284668,3.725443124771118,3.8435802459716797,3.953047275543213,3.953047275543213
2023-11-10,2023-10-11,3.5835,3.705089569091797,3.496863603591919,3.496863603591919,3.5970189571380615,3.705089569091797,3.813523769378662,3.9150822162628174,3.9150822162628174
2023-11-13,2023-10-12,3.6625,3.6746604442596436,3.4742774963378906,3.4742774963378906,3.570943832397461,3.6746604442596436,3.7777414321899414,3.874605178833008,3.874605178833008
2023-11-14,2023-10-13,3.6825,3.678529977798462,3.4702951908111572,3.4702951908111572,3.57027268409729,3.678529977798462,3.785104274749756,3.885136365890503,3.885136365890503
2023-11-15,2023-10-16,3.7175,3.7196130752563477,3.51314377784729,3.51314377784729,3.6118664741516113,3.7196130752563477,3.827068328857422,3.9271721839904785,3.9271721839904785
2023-11-16,2023-10-17,3.7045,3.7005152702331543,3.4915623664855957,3.4915623664855957,3.5913805961608887,3.7005152702331543,3.8100085258483887,3.9126126766204834,3.9126126766204834
2023-11-17,2023-10-18,3.7375,3.687778949737549,3.478450298309326,3.478450298309326,3.578796863555908,3.687778949737549,3.7981700897216797,3.903015613555908,3.903015613555908
2023-11-20,2023-10-19,3.8125,3.686758518218994,3.490192413330078,3.490192413330078,3.5842695236206055,3.686758518218994,3.793755054473877,3.8979475498199463,3.8979475498199463
2023-11-21,2023-10-20,3.8145,3.6799025535583496,3.4816689491271973,3.4816689491271973,3.576260566711426,3.6799025535583496,3.7866225242614746,3.88935923576355,3.88935923576355
2023-11-22,2023-10-23,3.7665,3.7028188705444336,3.51470685005188,3.51470685005188,3.604130268096924,3.7028188705444336,3.808363437652588,3.910904884338379,3.910904884338379
2023-11-23,2023-10-24,3.779,3.731682300567627,3.5526950359344482,3.5526950359344482,3.6377148628234863,3.731682300567627,3.833925247192383,3.9336228370666504,3.9336228370666504
2023-11-24,2023-10-25,3.7965,3.715223550796509,3.536083221435547,3.536083221435547,3.621422290802002,3.715223550796509,3.815544605255127,3.9133334159851074,3.9133334159851074
2023-11-27,2023-10-26,3.7625,3.703612804412842,3.521122932434082,3.521122932434082,3.6086959838867188,3.703612804412842,3.8037185668945312,3.9010415077209473,3.9010415077209473
2023-11-28,2023-10-27,3.801,3.75471568107605,3.5737497806549072,3.5737497806549072,3.6600608825683594,3.75471568107605,3.8555898666381836,3.9532036781311035,3.9532036781311035
2023-11-29,2023-10-30,3.786,3.7787351608276367,3.59858775138855,3.59858775138855,3.68386173248291,3.7787351608276367,3.8809900283813477,3.9810287952423096,3.9810287952423096
2023-11-30,2023-10-31,3.829,3.779783248901367,3.601224899291992,3.601224899291992,3.6856775283813477,3.779783248901367,3.8797998428344727,3.977795362472534,3.977795362472534
2023-12-01,2023-11-01,3.909,3.7700870037078857,3.5934178829193115,3.5934178829193115,3.677433967590332,3.7700870037078857,3.867496967315674,3.963785171508789,3.963785171508789
2023-12-04,2023-11-02,3.8205,3.7753453254699707,3.608757972717285,3.608757972717285,3.6889772415161133,3.7753453254699707,3.8646254539489746,3.9535062313079834,3.9535062313079834
2023-12-05,2023-11-03,3.7725,3.772951126098633,3.613001585006714,3.613001585006714,3.6905927658081055,3.772951126098633,3.857867479324341,3.94295597076416,3.94295597076416
2023-12-06,2023-11-06,3.7165,3.827096462249756,3.658564805984497,3.658564805984497,3.739877462387085,3.827096462249756,3.916651725769043,4.004669189453125,4.004669189453125
2023-12-07,2023-11-07,3.7845,3.8347525596618652,3.665107250213623,3.665107250213623,3.7467081546783447,3.8347525596618652,3.9252161979675293,4.014502048492432,4.014502048492432
2023-12-08,2023-11-08,3.82,3.787778615951538,3.6096081733703613,3.6096081733703613,3.694406747817993,3.787778615951538,3.884213447570801,3.979757785797119,3.979757785797119
2023-12-11,2023-11-09,3.78,3.757643222808838,3.572598457336426,3.572598457336426,3.661020517349243,3.757643222808838,3.858266830444336,3.9567246437072754,3.9567246437072754
2023-12-12,2023-11-10,3.786,3.7110588550567627,3.5209784507751465,3.5209784507751465,3.611858606338501,3.7110588550567627,3.8131277561187744,3.9133317470550537,3.9133317470550537
2023-12-13,2023-11-13,3.786,3.7722651958465576,3.594266891479492,3.594266891479492,3.677992820739746,3.7722651958465576,3.8715293407440186,3.9693849086761475,3.9693849086761475
2023-12-14,2023-11-14,3.8885,3.7634522914886475,3.586094856262207,3.586094856262207,3.6689376831054688,3.7634522914886475,3.8646786212921143,3.9641082286834717,3.9641082286834717
2023-12-15,2023-11-15,3.885,3.8016374111175537,3.616921901702881,3.616921901702881,3.702475070953369,3.8016374111175537,3.909118175506592,4.012238502502441,4.012238502502441
2023-12-18,2023-11-16,3.848,3.79089617729187,3.603757858276367,3.603757858276367,3.6906981468200684,3.79089617729187,3.896942377090454,3.9978280067443848,3.9978280067443848
2023-12-19,2023-11-17,3.896,3.7990522384643555,3.6112465858459473,3.6112465858459473,3.6984827518463135,3.7990522384643555,3.9067468643188477,4.010364532470703,4.010364532470703
2023-12-20,2023-11-20,3.9015,3.866708993911743,3.67036771774292,3.67036771774292,3.762000799179077,3.866708993911743,3.9795098304748535,4.085578918457031,4.085578918457031
2023-12-21,2023-11-21,3.9085,3.8626644611358643,3.665867328643799,3.665867328643799,3.758279800415039,3.8626644611358643,3.9746038913726807,4.081328868865967,4.081328868865967
2023-12-22,2023-11-22,3.8955,3.8052477836608887,3.6169593334198,3.6169593334198,3.706160068511963,3.8052477836608887,3.910362720489502,4.012075424194336,4.012075424194336
2023-12-26,2023-11-23,3.8955,3.7994093894958496,3.6163408756256104,3.6163408756256104,3.7033767700195312,3.7994093894958496,3.901571750640869,4.000878810882568,4.000878810882568
2023-12-27,2023-11-24,3.9435,3.82452654838562,3.648017644882202,3.648017644882202,3.732410192489624,3.82452654838562,3.9206933975219727,4.01369571685791,4.01369571685791
2023-12-28,2023-11-27,3.913,3.7926580905914307,3.6209890842437744,3.6209890842437744,3.703627586364746,3.7926580905914307,3.8839359283447266,3.9722979068756104,3.9722979068756104
2023-12-29,2023-11-28,3.8805,3.822239398956299,3.637960433959961,3.637960433959961,3.7259511947631836,3.822239398956299,3.9201695919036865,4.013238430023193,4.013238430023193
2024-01-02,2023-11-29,3.869,3.848906993865967,3.6636929512023926,3.6636929512023926,3.75215744972229,3.848906993865967,3.946280002593994,4.039364337921143,4.039364337921143
2024-01-03,2023-11-30,3.8475,3.8823037147521973,3.694519519805908,3.694519519805908,3.7832958698272705,3.8823037147521973,3.984025478363037,4.081849098205566,4.081849098205566
2024-01-04,2023-12-01,3.831,3.940910577774048,3.7408313751220703,3.7408313751220703,3.835361957550049,3.940910577774048,4.0526580810546875,4.15799617767334,4.15799617767334
2024-01-05,2023-12-04,3.7945,3.8635613918304443,3.669454574584961,3.669454574584961,3.7613813877105713,3.8635613918304443,3.969991683959961,4.071671009063721,4.071671009063721
2024-01-08,2023-12-05,3.7995,3.8635363578796387,3.668189764022827,3.668189764022827,3.7599239349365234,3.8635363578796387,3.971977710723877,4.074528217315674,4.074528217315674
2024-01-09,2023-12-06,3.7485,3.805968999862671,3.6099791526794434,3.6099791526794434,3.7018136978149414,3.805968999862671,3.914586067199707,4.015396595001221,4.015396595001221
2024-01-10,2023-12-07,3.781,3.8544931411743164,3.6657118797302246,3.6657118797302246,3.753310441970825,3.8544931411743164,3.9625887870788574,4.0627336502075195,4.0627336502075195
2024-01-11,2023-12-08,3.7765,3.8752102851867676,3.6872546672821045,3.6872546672821045,3.77401065826416,3.8752102851867676,3.9841651916503906,4.085513591766357,4.085513591766357
2024-01-12,2023-12-11,3.74,3.8265607357025146,3.633200168609619,3.633200168609619,3.722352981567383,3.8265607357025146,3.938616991043091,4.043601036071777,4.043601036071777
2024-01-16,2023-12-12,3.7665,3.836165428161621,3.638725519180298,3.638725519180298,3.7306857109069824,3.836165428161621,3.948004961013794,4.052268028259277,4.052268028259277
2024-01-17,2023-12-13,3.7325,3.8177552223205566,3.6172428131103516,3.6172428131103516,3.7110204696655273,3.8177552223205566,3.92997407913208,4.035709857940674,4.035709857940674
2024-01-18,2023-12-14,3.745,3.873309373855591,3.6659345626831055,3.6659345626831055,3.761751651763916,3.873309373855591,3.9918534755706787,4.10045051574707,4.10045051574707
2024-01-19,2023-12-15,3.787,3.8654966354370117,3.6566054821014404,3.6566054821014404,3.7524290084838867,3.8654966354370117,3.9848952293395996,4.093295574188232,4.093295574188232
2024-01-22,2023-12-18,3.764,3.8721463680267334,3.6706085205078125,3.6706085205078125,3.76424503326416,3.8721463680267334,3.983323812484741,4.084374904632568,4.084374904632568
2024-01-23,2023-12-19,3.7905,3.917109489440918,3.7212724685668945,3.7212724685668945,3.8123703002929688,3.917109489440918,4.025166988372803,4.122686862945557,4.122686862945557
2024-01-24,2023-12-20,3.8825,3.9207956790924072,3.7256321907043457,3.7256321907043457,3.816448211669922,3.9207956790924072,4.027503490447998,4.124324321746826,4.124324321746826
2024-01-25,2023-12-21,3.8655,3.931273937225342,3.7367970943450928,3.7367970943450928,3.827421188354492,3.931273937225342,4.037143707275391,4.134040832519531,4.134040832519531
2024-01-26,2023-12-22,3.8505,3.935195207595825,3.738504409790039,3.738504409790039,3.8301055431365967,3.935195207595825,4.044192314147949,4.145115852355957,4.145115852355957
2024-01-29,2023-12-26,3.873,3.956251382827759,3.7604074478149414,3.7604074478149414,3.852444648742676,3.956251382827759,4.064284324645996,4.164384841918945,4.164384841918945
2024-01-30,2023-12-27,3.9065,4.001280307769775,3.8025197982788086,3.8025197982788086,3.8948559761047363,4.001280307769775,4.114060401916504,4.217593193054199,4.217593193054199
2024-01-31,2023-12-28,3.9025,3.9896883964538574,3.8012309074401855,3.8012309074401855,3.8887557983398438,3.9896883964538574,4.095865726470947,4.194023132324219,4.194023132324219
2024-02-01,2023-12-29,3.8525,3.972973585128784,3.782504081726074,3.782504081726074,3.8706657886505127,3.972973585128784,4.081250190734863,4.181453704833984,4.181453704833984
2024-02-02,2024-01-02,3.8215,3.9522714614868164,3.7638537883758545,3.7638537883758545,3.8512701988220215,3.9522714614868164,4.058404922485352,4.158082962036133,4.158082962036133
2024-02-05,2024-01-03,3.772,3.9427921772003174,3.750229835510254,3.750229835510254,3.839419364929199,3.9427921772003174,4.050641059875488,4.152073383331299,4.152073383331299
2024-02-06,2024-01-04,3.7825,3.9274256229400635,3.7277991771698,3.7277991771698,3.819932460784912,3.9274256229400635,4.039149284362793,4.14475154876709,4.14475154876709
2024-02-07,2024-01-05,3.7375,3.8959341049194336,3.686008930206299,3.686008930206299,3.783961772918701,3.8959341049194336,4.009090423583984,4.114829063415527,4.114829063415527
2024-02-08,2024-01-08,3.7055,3.8604447841644287,3.6527233123779297,3.6527233123779297,3.7502074241638184,3.8604447841644287,3.972273826599121,4.078448295593262,4.078448295593262
2024-02-09,2024-01-09,3.686,3.8092234134674072,3.5894787311553955,3.5894787311553955,3.692596912384033,3.8092234134674072,3.925446033477783,4.034548282623291,4.034548282623291
2024-02-12,2024-01-10,3.7285,3.832465648651123,3.6243083477020264,3.6243083477020264,3.721607208251953,3.832465648651123,3.9451544284820557,4.05205774307251,4.05205774307251
2024-02-13,2024-01-11,3.714,3.8183350563049316,3.622493028640747,3.622493028640747,3.714775562286377,3.8183350563049316,3.923142910003662,4.023146152496338,4.023146152496338
2024-02-14,2024-01-12,3.7005,3.769465208053589,3.573624610900879,3.573624610900879,3.6664061546325684,3.769465208053589,3.873152732849121,3.972367286682129,3.972367286682129
2024-02-15,2024-01-16,3.7565,3.7693371772766113,3.579315185546875,3.579315185546875,3.668808937072754,3.7693371772766113,3.872861862182617,3.971776008605957,3.971776008605957
2024-02-16,2024-01-17,3.838,3.7267913818359375,3.5351943969726562,3.5351943969726562,3.6254420280456543,3.7267913818359375,3.8308253288269043,3.9299588203430176,3.9299588203430176
2024-02-20,2024-01-18,3.8665,3.7261900901794434,3.537491798400879,3.537491798400879,3.626119613647461,3.7261900901794434,3.8312430381774902,3.9330873489379883,3.9330873489379883
2024-02-21,2024-01-19,3.8745,3.7874653339385986,3.6007184982299805,3.6007184982299805,3.6884050369262695,3.7874653339385986,3.8923654556274414,3.993610382080078,3.993610382080078
2024-02-22,2024-01-22,3.8975,3.776453971862793,3.590667486190796,3.590667486190796,3.677790641784668,3.776453971862793,3.880686044692993,3.982198476791382,3.982198476791382
2024-02-23,2024-01-23,3.882,3.8218047618865967,3.6321604251861572,3.6321604251861572,3.7207820415496826,3.8218047618865967,3.928933620452881,4.032376289367676,4.032376289367676
2024-02-26,2024-01-24,3.824,3.9318697452545166,3.7268333435058594,3.7268333435058594,3.8204703330993652,3.9318697452545166,4.054345607757568,4.169153690338135,4.169153690338135
2024-02-27,2024-01-25,3.831,3.9011104106903076,3.6970107555389404,3.6970107555389404,3.790250301361084,3.9011104106903076,4.0230302810668945,4.138265609741211,4.138265609741211
2024-02-28,2024-01-26,3.8275,3.886474370956421,3.6757237911224365,3.6757237911224365,3.7719404697418213,3.886474370956421,4.011885166168213,4.130490303039551,4.130490303039551
2024-02-29,2024-01-29,3.8345,3.9211418628692627,3.7011892795562744,3.7011892795562744,3.801650047302246,3.9211418628692627,4.052148818969727,4.176106929779053,4.176106929779053
2024-03-01,2024-01-30,3.855,3.9591286182403564,3.7355215549468994,3.7355215549468994,3.838170289993286,3.9591286182403564,4.089839935302734,4.211312294006348,4.211312294006348
2024-03-04,2024-01-31,3.852,3.930229663848877,3.710571050643921,3.710571050643921,3.8119468688964844,3.930229663848877,4.057238578796387,4.176743984222412,4.176743984222412
2024-03-05,2024-02-01,3.844,3.890606164932251,3.668642282485962,3.668642282485962,3.7711243629455566,3.890606164932251,4.015933036804199,4.133371353149414,4.133371353149414
2024-03-06,2024-02-02,3.8705,3.8716788291931152,3.6580288410186768,3.6580288410186768,3.756791830062866,3.8716788291931152,3.9914698600769043,4.1039042472839355,4.1039042472839355
2024-03-07,2024-02-05,3.9195,3.8283441066741943,3.627593994140625,3.627593994140625,3.72149658203125,3.8283441066741943,3.9357194900512695,4.036031723022461,4.036031723022461
2024-03-08,2024-02-06,3.885,3.8054680824279785,3.612881898880005,3.612881898880005,3.7033801078796387,3.8054680824279785,3.9091591835021973,4.0062947273254395,4.0062947273254395
2024-03-11,2024-02-07,3.9225,3.768829345703125,3.5751636028289795,3.5751636028289795,3.6666128635406494,3.768829345703125,3.8703677654266357,3.964487314224243,3.964487314224243
2024-03-12,2024-02-08,3.925,3.735856771469116,3.5379841327667236,3.5379841327667236,3.6322529315948486,3.735856771469116,3.8375627994537354,3.932279586791992,3.932279586791992
2024-03-13,2024-02-09,4.0525,3.6818604469299316,3.481022596359253,3.481022596359253,3.5768203735351562,3.6818604469299316,3.7868194580078125,3.8864002227783203,3.8864002227783203
2024-03-14,2024-02-12,4.037,3.7187623977661133,3.518320322036743,3.518320322036743,3.613663911819458,3.7187623977661133,3.825967788696289,3.9277987480163574,3.9277987480163574
2024-03-15,2024-02-13,4.1125,3.7030229568481445,3.4990243911743164,3.4990243911743164,3.5960028171539307,3.7030229568481445,3.813351631164551,3.919938325881958,3.919938325881958
2024-03-18,2024-02-14,4.1145,3.6755623817443848,3.4787423610687256,3.4787423610687256,3.572956085205078,3.6755623817443848,3.781795024871826,3.8859426975250244,3.8859426975250244
2024-03-19,2024-02-15,4.0585,3.731497049331665,3.528935670852661,3.528935670852661,3.6246533393859863,3.731497049331665,3.845916748046875,3.9568469524383545,3.9568469524383545
2024-03-20,2024-02-16,4.0385,3.840526819229126,3.6173524856567383,3.6173524856567383,3.7205681800842285,3.840526819229126,3.973703384399414,4.099820137023926,4.099820137023926
2024-03-21,2024-02-20,4.0465,3.8337700366973877,3.6056013107299805,3.6056013107299805,3.7107930183410645,3.8337700366973877,3.970067262649536,4.098122596740723,4.098122596740723
2024-03-22,2024-02-21,3.996,3.8517112731933594,3.6137869358062744,3.6137869358062744,3.723329782485962,3.8517112731933594,3.9925272464752197,4.1244282722473145,4.1244282722473145
2024-03-25,2024-02-22,4.007,3.8789150714874268,3.6424849033355713,3.6424849033355713,3.751387596130371,3.8789150714874268,4.0177483558654785,4.14637565612793,4.14637565612793
2024-03-26,2024-02-23,3.996,3.8609747886657715,3.628997325897217,3.628997325897217,3.736203670501709,3.8609747886657715,3.994316577911377,4.11837100982666,4.11837100982666
2024-03-27,2024-02-26,3.9925,3.8478598594665527,3.623039722442627,3.623039722442627,3.727738380432129,3.8478598594665527,3.973206043243408,4.090047836303711,4.090047836303711
2024-03-28,2024-02-27,4.0035,3.8768627643585205,3.666128158569336,3.666128158569336,3.764700412750244,3.8768627643585205,3.9953722953796387,4.106276512145996,4.106276512145996
2024-04-01,2024-02-28,4.046,3.876980781555176,3.6889824867248535,3.6889824867248535,3.7784972190856934,3.876980781555176,3.979715585708618,4.076703071594238,4.076703071594238
2024-04-02,2024-02-29,4.07,3.863450527191162,3.6797807216644287,3.6797807216644287,3.7678089141845703,3.863450527191162,3.962378740310669,4.054842948913574,4.054842948913574
2024-04-03,2024-03-01,4.193,3.8887696266174316,3.703214168548584,3.703214168548584,3.7919390201568604,3.8887696266174316,3.9895153045654297,4.083019733428955,4.083019733428955
2024-04-04,2024-03-04,4.2465,3.881666421890259,3.6967689990997314,3.6967689990997314,3.7855019569396973,3.881666421890259,3.9804906845092773,4.073206424713135,4.073206424713135
2024-04-05,2024-03-05,4.2395,3.830214738845825,3.6417977809906006,3.6417977809906006,3.7324182987213135,3.830214738845825,3.930671215057373,4.025981903076172,4.025981903076172
2024-04-08,2024-03-06,4.277,3.863788604736328,3.6730659008026123,3.6730659008026123,3.764716148376465,3.863788604736328,3.9665870666503906,4.0630574226379395,4.0630574226379395
2024-04-09,2024-03-07,4.286,3.932081460952759,3.717515707015991,3.717515707015991,3.8188838958740234,3.932081460952759,4.054044246673584,4.167537689208984,4.167537689208984
2024-04-10,2024-03-08,4.282,3.890204906463623,3.6832168102264404,3.6832168102264404,3.7818994522094727,3.890204906463623,4.002705097198486,4.108773708343506,4.108773708343506
2024-04-11,2024-03-11,4.252,3.9370195865631104,3.7253403663635254,3.7253403663635254,3.8250913619995117,3.9370195865631104,4.056854724884033,4.169291973114014,4.169291973114014
2024-04-12,2024-03-12,4.2575,3.945531129837036,3.73000431060791,3.73000431060791,3.831556797027588,3.945531129837036,4.065467834472656,4.177573204040527,4.177573204040527
2024-04-15,2024-03-13,4.379,4.091984748840332,3.832942485809326,3.832942485809326,3.9511117935180664,4.091984748840332,4.248785495758057,4.393152713775635,4.393152713775635
2024-04-16,2024-03-14,4.3055,4.080157279968262,3.824782609939575,3.824782609939575,3.9417495727539062,4.080157279968262,4.2296528816223145,4.365553379058838,4.365553379058838
2024-04-17,2024-03-15,4.3425,4.189518451690674,3.915363311767578,3.915363311767578,4.040429592132568,4.189518451690674,4.354169845581055,4.502041339874268,4.502041339874268
2024-04-18,2024-03-18,4.4405,4.163705825805664,3.9010937213897705,3.9010937213897705,4.0226826667785645,4.163705825805664,4.3137969970703125,4.447810649871826,4.447810649871826
2024-04-19,2024-03-19,4.502,4.120634078979492,3.8695425987243652,3.8695425987243652,3.9868574142456055,4.120634078979492,4.259371280670166,4.384466171264648,4.384466171264648
2024-04-22,2024-03-20,4.5005,4.114382266998291,3.8631210327148438,3.8631210327148438,3.9807610511779785,4.114382266998291,4.251742362976074,4.376057147979736,4.376057147979736
2024-04-23,2024-03-21,4.4905,4.119467258453369,3.886105537414551,3.886105537414551,3.996847152709961,4.119467258453369,4.244119644165039,4.357494831085205,4.357494831085205
2024-04-24,2024-03-22,4.467,4.058575630187988,3.8272781372070312,3.8272781372070312,3.9376964569091797,4.058575630187988,4.179051399230957,4.28898286819458,4.28898286819458
2024-04-25,2024-03-25,4.5705,4.06993293762207,3.840686559677124,3.840686559677124,3.949934720993042,4.06993293762207,4.190577983856201,4.3008809089660645,4.3008809089660645
2024-04-26,2024-03-26,4.569,4.043571472167969,3.822082996368408,3.822082996368408,3.927687168121338,4.043571472167969,4.159950256347656,4.266023635864258,4.266023635864258
2024-04-29,2024-03-27,4.659,4.019054412841797,3.793963670730591,3.793963670730591,3.9011852741241455,4.019054412841797,4.139501094818115,4.250218391418457,4.250218391418457
2024-04-30,2024-03-28,4.5645,4.034157752990723,3.8164191246032715,3.8164191246032715,3.9203035831451416,4.034157752990723,4.151719093322754,4.259974002838135,4.259974002838135
2024-05-01,2024-04-01,4.5525,4.076748847961426,3.8427820205688477,3.8427820205688477,3.953340530395508,4.076748847961426,4.206086158752441,4.324212551116943,4.324212551116943
2024-05-02,2024-04-02,4.494,4.1264567375183105,3.8921685218811035,3.8921685218811035,4.002455234527588,4.1264567375183105,4.2560248374938965,4.375288963317871,4.375288963317871
2024-05-03,2024-04-03,4.5735,4.278291702270508,3.9973466396331787,3.9973466396331787,4.126235008239746,4.278291702270508,4.44553804397583,4.598130226135254,4.598130226135254
2024-05-06,2024-04-04,4.6345,4.3273210525512695,4.025482177734375,4.025482177734375,4.165063858032227,4.3273210525512695,4.502838611602783,4.662060737609863,4.662060737609863
2024-05-07,2024-04-05,4.6255,4.304622650146484,4.013092994689941,4.013092994689941,4.149126052856445,4.304622650146484,4.468462944030762,4.616582870483398,4.616582870483398
2024-05-08,2024-04-08,4.562,4.3367600440979,4.034250259399414,4.034250259399414,4.175828456878662,4.3367600440979,4.504844665527344,4.656932830810547,4.656932830810547
2024-05-09,2024-04-09,4.6075,4.342914581298828,4.046108245849609,4.046108245849609,4.185805320739746,4.342914581298828,4.504703044891357,4.651648998260498,4.651648998260498
2024-05-10,2024-04-10,4.6935,4.312493324279785,4.027435779571533,4.027435779571533,4.162317276000977,4.312493324279785,4.464155197143555,4.601346969604492,4.601346969604492
2024-05-13,2024-04-11,4.8045,4.250743389129639,3.9677979946136475,3.9677979946136475,4.1025590896606445,4.250743389129639,4.398323059082031,4.531466484069824,4.531466484069824
2024-05-14,2024-04-12,4.9535,4.218216419219971,3.9262962341308594,3.9262962341308594,4.064900875091553,4.218216419219971,4.370667934417725,4.506474494934082,4.506474494934082
2024-05-15,2024-04-15,4.9695,4.327361106872559,4.014609336853027,4.014609336853027,4.162629127502441,4.327361106872559,4.494381904602051,4.642932891845703,4.642932891845703
2024-05-16,2024-04-16,4.892,4.2239580154418945,3.9294726848602295,3.9294726848602295,4.069312572479248,4.2239580154418945,4.37802791595459,4.5146918296813965,4.5146918296813965
2024-05-17,2024-04-17,5.057,4.287783145904541,3.9966602325439453,3.9966602325439453,4.133986949920654,4.287783145904541,4.442625999450684,4.5811052322387695,4.5811052322387695
2024-05-20,2024-04-18,5.0875,4.410933971405029,4.095737457275391,4.095737457275391,4.243801116943359,4.410933971405029,4.58303165435791,4.738643646240234,4.738643646240234
2024-05-21,2024-04-19,5.119,4.535743713378906,4.186854362487793,4.186854362487793,4.34957218170166,4.535743713378906,4.73310661315918,4.924314498901367,4.924314498901367
2024-05-22,2024-04-22,4.8675,4.5438995361328125,4.192696571350098,4.192696571350098,4.356693267822266,4.5438995361328125,4.738912582397461,4.92032527923584,4.92032527923584
2024-05-23,2024-04-23,4.8165,4.566209316253662,4.2203168869018555,4.2203168869018555,4.382649898529053,4.566209316253662,4.7559494972229,4.929244041442871,4.929244041442871
2024-05-24,2024-04-24,4.7785,4.515629291534424,4.187417507171631,4.187417507171631,4.342561721801758,4.515629291534424,4.69235897064209,4.852899074554443,4.852899074554443
2024-05-28,2024-04-25,4.8755,4.6348347663879395,4.276448726654053,4.276448726654053,4.443978309631348,4.6348347663879395,4.840185165405273,5.036430835723877,5.036430835723877
2024-05-29,2024-04-26,4.8055,4.6705708503723145,4.308422088623047,4.308422088623047,4.479203224182129,4.6705708503723145,4.870613098144531,5.055247783660889,5.055247783660889
2024-05-30,2024-04-29,4.672,4.762699604034424,4.372854709625244,4.372854709625244,4.557127952575684,4.762699604034424,4.981257438659668,5.191553115844727,5.191553115844727
2024-05-31,2024-04-30,4.61,4.6300368309021,4.27592658996582,4.27592658996582,4.444202899932861,4.6300368309021,4.82010555267334,4.994845390319824,4.994845390319824
2024-06-03,2024-05-01,4.677,4.607750415802002,4.258186340332031,4.258186340332031,4.425256729125977,4.607750415802002,4.791248321533203,4.95948600769043,4.95948600769043
2024-06-04,2024-05-02,4.548,4.5332560539245605,4.197880744934082,4.197880744934082,4.359654426574707,4.5332560539245605,4.702522277832031,4.857521057128906,4.857521057128906
2024-06-05,2024-05-03,4.6195,4.596894264221191,4.249784469604492,4.249784469604492,4.417675971984863,4.596894264221191,4.774369239807129,4.937380313873291,4.937380313873291
2024-06-06,2024-05-06,4.691,4.659254550933838,4.300300598144531,4.300300598144531,4.473832130432129,4.659254550933838,4.845653057098389,5.016583442687988,5.016583442687988
2024-06-07,2024-05-07,4.4945,4.633191108703613,4.289189338684082,4.289189338684082,4.456267356872559,4.633191108703613,4.807811737060547,4.968212604522705,4.968212604522705
2024-06-10,2024-05-08,4.5565,4.584151744842529,4.24308443069458,4.24308443069458,4.409976959228516,4.584151744842529,4.753657341003418,4.9101338386535645,4.9101338386535645
2024-06-11,2024-05-09,4.523,4.639225482940674,4.309150218963623,4.309150218963623,4.470117092132568,4.639225482940674,4.806351661682129,4.961694240570068,4.961694240570068
2024-06-12,2024-05-10,4.5815,4.7196431159973145,4.376282691955566,4.376282691955566,4.543121814727783,4.7196431159973145,4.898638725280762,5.064796447753906,5.064796447753906
2024-06-13,2024-05-13,4.5075,4.859148025512695,4.482428550720215,4.482428550720215,4.663422584533691,4.859148025512695,5.064898490905762,5.25944709777832,5.25944709777832
2024-06-14,2024-05-14,4.551,5.038301944732666,4.593352317810059,4.593352317810059,4.806137561798096,5.038301944732666,5.2917070388793945,5.553181171417236,5.553181171417236
2024-06-17,2024-05-15,4.5215,5.094911575317383,4.635169982910156,4.635169982910156,4.85552978515625,5.094911575317383,5.3491106033325195,5.603043556213379,5.603043556213379
2024-06-18,2024-05-16,4.562,5.007250785827637,4.59616231918335,4.59616231918335,4.794867515563965,5.007250785827637,5.225656509399414,5.433864593505859,5.433864593505859
2024-06-20,2024-05-17,4.618,5.174415111541748,4.7003912925720215,4.7003912925720215,4.926948547363281,5.174415111541748,5.443087577819824,5.724006652832031,5.724006652832031
2024-06-21,2024-05-20,4.494,5.2488250732421875,4.757391452789307,4.757391452789307,4.992231845855713,5.2488250732421875,5.5222907066345215,5.80296516418457,5.80296516418457
2024-06-24,2024-05-21,4.527,5.266446113586426,4.779804229736328,4.779804229736328,5.011682510375977,5.266446113586426,5.535138130187988,5.797313690185547,5.797313690185547
2024-06-25,2024-05-22,4.381,4.985316276550293,4.53068733215332,4.53068733215332,4.748878479003906,4.985316276550293,5.220704078674316,5.438143253326416,5.438143253326416
2024-06-26,2024-05-23,4.3675,4.915173530578613,4.473689556121826,4.473689556121826,4.686422824859619,4.915173530578613,5.144049167633057,5.355680465698242,5.355680465698242
2024-06-27,2024-05-24,4.3285,4.860779762268066,4.443107604980469,4.443107604980469,4.645695686340332,4.860779762268066,5.074883937835693,5.273815155029297,5.273815155029297
2024-06-28,2024-05-28,4.3905,4.949056625366211,4.528914928436279,4.528914928436279,4.732538223266602,4.949056625366211,5.168880939483643,5.375171184539795,5.375171184539795
2024-07-01,2024-05-29,4.4265,4.91115665435791,4.497435569763184,4.497435569763184,4.69825553894043,4.91115665435791,5.124266624450684,5.3225836753845215,5.3225836753845215
2024-07-02,2024-05-30,4.4295,4.783947467803955,4.364205837249756,4.364205837249756,4.56887149810791,4.783947467803955,4.995700836181641,5.19113826751709,5.19113826751709
2024-07-03,2024-05-31,4.541,4.757660865783691,4.340742588043213,4.340742588043213,4.545512676239014,4.757660865783691,4.968067169189453,5.163297653198242,5.163297653198242
2024-07-05,2024-06-03,4.6585,4.831121921539307,4.434479713439941,4.434479713439941,4.628328800201416,4.831121921539307,5.036803245544434,5.230712890625,5.230712890625
2024-07-08,2024-06-04,4.622,4.74918270111084,4.33889102935791,4.33889102935791,4.5403242111206055,4.74918270111084,4.957406044006348,5.151456832885742,5.151456832885742
2024-07-09,2024-06-05,4.578,4.860710620880127,4.43093204498291,4.43093204498291,4.639877796173096,4.860710620880127,5.085805892944336,5.298008441925049,5.298008441925049
2024-07-10,2024-06-06,4.6075,4.918912887573242,4.462705612182617,4.462705612182617,4.684237480163574,4.918912887573242,5.160466194152832,5.38738489151001,5.38738489151001
2024-07-11,2024-06-07,4.5085,4.757273197174072,4.2634477615356445,4.2634477615356445,4.501486778259277,4.757273197174072,5.0096940994262695,5.23947811126709,5.23947811126709
2024-07-12,2024-06-10,4.5985,4.790927410125732,4.33428430557251,4.33428430557251,4.555591106414795,4.790927410125732,5.028428077697754,5.252155780792236,5.252155780792236
2024-07-15,2024-06-11,4.529,4.712134838104248,4.281270980834961,4.281270980834961,4.487905502319336,4.712134838104248,4.9437360763549805,5.165338516235352,5.165338516235352
2024-07-16,2024-06-12,4.444,4.765049457550049,4.330688953399658,4.330688953399658,4.537854194641113,4.765049457550049,4.9997429847717285,5.222537994384766,5.222537994384766
2024-07-17,2024-06-13,4.399,4.657350063323975,4.24012565612793,4.24012565612793,4.4382524490356445,4.657350063323975,4.881439208984375,5.092645645141602,5.092645645141602
2024-07-18,2024-06-14,4.266,4.683571815490723,4.270442008972168,4.270442008972168,4.467292785644531,4.683571815490723,4.902953624725342,5.109121799468994,5.109121799468994
2024-07-19,2024-06-17,4.219,4.628663539886475,4.242448806762695,4.242448806762695,4.427549362182617,4.628663539886475,4.832834243774414,5.025450706481934,5.025450706481934
2024-07-22,2024-06-18,4.1805,4.642108917236328,4.273128509521484,4.273128509521484,4.451240062713623,4.642108917236328,4.836122035980225,5.020613670349121,5.020613670349121
2024-07-23,2024-06-20,4.146,4.68925666809082,4.3195085525512695,4.3195085525512695,4.497629165649414,4.68925666809082,4.886143684387207,5.074513912200928,5.074513912200928
2024-07-24,2024-06-21,4.099,4.629490852355957,4.249399185180664,4.249399185180664,4.432356834411621,4.629490852355957,4.8262128829956055,5.012152671813965,5.012152671813965
2024-07-25,2024-06-24,4.1125,4.635308265686035,4.271718978881836,4.271718978881836,4.44793701171875,4.635308265686035,4.822804927825928,5.000495910644531,5.000495910644531
2024-07-26,2024-06-25,4.1045,4.520695209503174,4.140548229217529,4.140548229217529,4.325173377990723,4.520695209503174,4.713448524475098,4.892282485961914,4.892282485961914
2024-07-29,2024-06-26,4.062,4.537389755249023,4.17257833480835,4.17257833480835,4.349523544311523,4.537389755249023,4.7260050773620605,4.901492595672607,4.901492595672607
2024-07-30,2024-06-27,4.063,4.48606014251709,4.1123785972595215,4.1123785972595215,4.293199062347412,4.48606014251709,4.6811418533325195,4.863238334655762,4.863238334655762
2024-07-31,2024-06-28,4.16,4.556173324584961,4.166645050048828,4.166645050048828,4.354304313659668,4.556173324584961,4.763092041015625,4.956274032592773,4.956274032592773
2024-08-01,2024-07-01,4.0665,4.559807777404785,4.183648109436035,4.183648109436035,4.364114761352539,4.559807777404785,4.766495704650879,4.962316513061523,4.962316513061523
2024-08-02,2024-07-02,4.084,4.52754020690918,4.141359329223633,4.141359329223633,4.326229095458984,4.52754020690918,4.74017333984375,4.942923545837402,4.942923545837402
2024-08-05,2024-07-03,3.984,4.683241367340088,4.281726837158203,4.281726837158203,4.474066257476807,4.683241367340088,4.907538414001465,5.121772766113281,5.121772766113281
2024-08-06,2024-07-05,4.0115,4.795413017272949,4.369859218597412,4.369859218597412,4.571369647979736,4.795413017272949,5.041163444519043,5.273003578186035,5.273003578186035
2024-08-07,2024-07-08,3.9375,4.7601728439331055,4.349542140960693,4.349542140960693,4.544769287109375,4.7601728439331055,4.992778778076172,5.211619853973389,5.211619853973389
2024-08-08,2024-07-09,3.945,4.713345527648926,4.317439556121826,4.317439556121826,4.505048751831055,4.713345527648926,4.9346184730529785,5.141594886779785,5.141594886779785
2024-08-09,2024-07-10,3.98,4.724823474884033,4.340724945068359,4.340724945068359,4.523102760314941,4.724823474884033,4.93848180770874,5.13771390914917,5.13771390914917
2024-08-12,2024-07-11,4.055,4.653106689453125,4.284172534942627,4.284172534942627,4.459470272064209,4.653106689453125,4.8564133644104,5.044981479644775,5.044981479644775
2024-08-13,2024-07-12,4.036,4.724952697753906,4.384077072143555,4.384077072143555,4.546984672546387,4.724952697753906,4.912574768066406,5.087034702301025,5.087034702301025
2024-08-14,2024-07-15,4.025,4.662233352661133,4.327848434448242,4.327848434448242,4.487617492675781,4.662233352661133,4.842390060424805,5.009032726287842,5.009032726287842
2024-08-15,2024-07-16,4.139,4.638998031616211,4.2927398681640625,4.2927398681640625,4.457951545715332,4.638998031616211,4.822074890136719,4.989068984985352,4.989068984985352
2024-08-16,2024-07-17,4.1275,4.564261436462402,4.229292392730713,4.229292392730713,4.389684200286865,4.564261436462402,4.740600109100342,4.901542663574219,4.901542663574219
2024-08-19,2024-07-18,4.1665,4.4691643714904785,4.113010406494141,4.113010406494141,4.283928394317627,4.4691643714904785,4.655416488647461,4.8221235275268555,4.8221235275268555
2024-08-20,2024-07-19,4.1495,4.432666778564453,4.080386161804199,4.080386161804199,4.249059200286865,4.432666778564453,4.620269775390625,4.7885894775390625,4.7885894775390625
2024-08-21,2024-07-22,4.1815,4.360227108001709,4.009012222290039,4.009012222290039,4.176877975463867,4.360227108001709,4.550556182861328,4.724513530731201,4.724513530731201
2024-08-22,2024-07-23,4.141,4.287497043609619,3.9190609455108643,3.9190609455108643,4.09439754486084,4.287497043609619,4.490227699279785,4.677876949310303,4.677876949310303
2024-08-23,2024-07-24,4.1945,4.20904541015625,3.8379974365234375,3.8379974365234375,4.014360427856445,4.20904541015625,4.41737174987793,4.61310338973999,4.61310338973999
2024-08-26,2024-07-25,4.2115,4.184896469116211,3.8452703952789307,3.8452703952789307,4.005678176879883,4.184896469116211,4.383056640625,4.575315475463867,4.575315475463867
2024-08-27,2024-07-26,4.2305,4.190365314483643,3.854079008102417,3.854079008102417,4.014232635498047,4.190365314483643,4.384382247924805,4.5763750076293945,4.5763750076293945
2024-08-28,2024-07-29,4.145,4.119053840637207,3.7997524738311768,3.7997524738311768,3.950915575027466,4.119053840637207,4.305385589599609,4.491943836212158,4.491943836212158
2024-08-29,2024-07-30,4.1475,4.120810031890869,3.81742787361145,3.81742787361145,3.9603781700134277,4.120810031890869,4.3037943840026855,4.490604877471924,4.490604877471924
2024-08-30,2024-07-31,4.145,4.223670959472656,3.8957207202911377,3.8957207202911377,4.049622535705566,4.223670959472656,4.419058799743652,4.611916542053223,4.611916542053223
2024-09-03,2024-08-01,4.032,4.166770935058594,3.849062442779541,3.849062442779541,3.9977591037750244,4.166770935058594,4.353140830993652,4.5349273681640625,4.5349273681640625
2024-09-04,2024-08-02,4.0195,4.195285320281982,3.8815014362335205,3.8815014362335205,4.028192043304443,4.195285320281982,4.381008148193359,4.562431812286377,4.562431812286377
2024-09-05,2024-08-05,4.0775,4.1251301765441895,3.7984912395477295,3.7984912395477295,3.952786922454834,4.1251301765441895,4.3109049797058105,4.4871954917907715,4.4871954917907715
2024-09-06,2024-08-06,4.0145,4.169522285461426,3.8467462062835693,3.8467462062835693,3.9984917640686035,4.169522285461426,4.3575053215026855,4.538117408752441,4.538117408752441
2024-09-09,2024-08-07,4.0845,4.093777656555176,3.7620086669921875,3.7620086669921875,3.918369770050049,4.093777656555176,4.278256416320801,4.449032306671143,4.449032306671143
2024-09-10,2024-08-08,4.0405,4.088305473327637,3.7755513191223145,3.7755513191223145,3.923222780227661,4.088305473327637,4.261040687561035,4.4200897216796875,4.4200897216796875
2024-09-11,2024-08-09,4.083,4.109796047210693,3.806185245513916,3.806185245513916,3.950565814971924,4.109796047210693,4.278656959533691,4.436160087585449,4.436160087585449
2024-09-12,2024-08-12,4.133,4.177068710327148,3.868972063064575,3.868972063064575,4.015673637390137,4.177068710327148,4.350933074951172,4.511707305908203,4.511707305908203
2024-09-13,2024-08-13,4.175,4.135077953338623,3.832051992416382,3.832051992416382,3.9766945838928223,4.135077953338623,4.302940368652344,4.460025787353516,4.460025787353516
2024-09-16,2024-08-14,4.213,4.074559211730957,3.775723695755005,3.775723695755005,3.9178390502929688,4.074559211730957,4.239546775817871,4.396411895751953,4.396411895751953
2024-09-17,2024-08-15,4.2135,4.157539367675781,3.846057415008545,3.846057415008545,3.9946517944335938,4.157539367675781,4.333545684814453,4.499943733215332,4.499943733215332
2024-09-18,2024-08-16,4.238,4.157898426055908,3.858160972595215,3.858160972595215,4.0008158683776855,4.157898426055908,4.327490329742432,4.488579273223877,4.488579273223877
2024-09-19,2024-08-19,4.286,4.204249382019043,3.889181613922119,3.889181613922119,4.040238380432129,4.204249382019043,4.378937244415283,4.544185161590576,4.544185161590576
2024-09-20,2024-08-20,4.2815,4.183370113372803,3.8902313709259033,3.8902313709259033,4.029544830322266,4.183370113372803,4.347138404846191,4.503078937530518,4.503078937530518
2024-09-23,2024-08-21,4.289,4.223133087158203,3.9347450733184814,3.9347450733184814,4.0705060958862305,4.223133087158203,4.39070987701416,4.550371170043945,4.550371170043945
2024-09-24,2024-08-22,4.4295,4.2125701904296875,3.929412841796875,3.929412841796875,4.062570095062256,4.2125701904296875,4.373761177062988,4.525373458862305,4.525373458862305
2024-09-25,2024-08-23,4.428,4.27974796295166,3.9833905696868896,3.9833905696868896,4.121936798095703,4.27974796295166,4.449751377105713,4.606728553771973,4.606728553771973
2024-09-26,2024-08-26,4.581,4.334532737731934,4.037956714630127,4.037956714630127,4.176296234130859,4.334532737731934,4.507236480712891,4.666158676147461,4.666158676147461
2024-09-27,2024-08-27,4.541,4.357421875,4.06964111328125,4.06964111328125,4.204952716827393,4.357421875,4.522040367126465,4.672695159912109,4.672695159912109
2024-09-30,2024-08-28,4.496,4.295225620269775,4.003098487854004,4.003098487854004,4.138946533203125,4.295225620269775,4.464583396911621,4.62087345123291,4.62087345123291
2024-10-01,2024-08-29,4.5355,4.302532196044922,4.007136344909668,4.007136344909668,4.144984245300293,4.302532196044922,4.470064163208008,4.622657299041748,4.622657299041748
2024-10-02,2024-08-30,4.596,4.283783912658691,4.0034637451171875,4.0034637451171875,4.13442325592041,4.283783912658691,4.441312789916992,4.584601879119873,4.584601879119873
2024-10-03,2024-09-03,4.502,4.13709020614624,3.838557004928589,3.838557004928589,3.979128837585449,4.13709020614624,4.300148010253906,4.449198246002197,4.449198246002197
2024-10-04,2024-09-04,4.5225,4.1227335929870605,3.8298118114471436,3.8298118114471436,3.968458652496338,4.1227335929870605,4.283501625061035,4.430924415588379,4.430924415588379
2024-10-07,2024-09-05,4.519,4.134912490844727,3.846417188644409,3.846417188644409,3.9836032390594482,4.134912490844727,4.2913713455200195,4.435612678527832,4.435612678527832
2024-10-08,2024-09-06,4.412,4.0388288497924805,3.7586545944213867,3.7586545944213867,3.891500949859619,4.0388288497924805,4.188901901245117,4.329600811004639,4.329600811004639
2024-10-09,2024-09-09,4.355,4.086655616760254,3.8113718032836914,3.8113718032836914,3.942105770111084,4.086655616760254,4.239421844482422,4.385217189788818,4.385217189788818
2024-10-10,2024-09-10,4.385,4.068938732147217,3.802368402481079,3.802368402481079,3.9294543266296387,4.068938732147217,4.2164154052734375,4.359288215637207,4.359288215637207
2024-10-11,2024-09-11,4.4515,4.0957489013671875,3.8246021270751953,3.8246021270751953,3.954725503921509,4.0957489013671875,4.243406295776367,4.386376857757568,4.386376857757568
2024-10-14,2024-09-12,4.3635,4.151623249053955,3.8941543102264404,3.8941543102264404,4.016745090484619,4.151623249053955,4.2974419593811035,4.439016342163086,4.439016342163086
2024-10-15,2024-09-13,4.3005,4.206376075744629,3.950329065322876,3.950329065322876,4.071893692016602,4.206376075744629,4.356643199920654,4.50273323059082,4.50273323059082
2024-10-16,2024-09-16,4.3315,4.264191150665283,4.0048112869262695,4.0048112869262695,4.127078056335449,4.264191150665283,4.417819976806641,4.5648651123046875,4.5648651123046875
2024-10-17,2024-09-17,4.2865,4.284432411193848,4.014862537384033,4.014862537384033,4.141607284545898,4.284432411193848,4.44271183013916,4.592869758605957,4.592869758605957
2024-10-18,2024-09-18,4.346,4.325244426727295,4.052060604095459,4.052060604095459,4.179866790771484,4.325244426727295,4.485408782958984,4.636517524719238,4.636517524719238
2024-10-21,2024-09-19,4.323,4.363040924072266,4.095133304595947,4.095133304595947,4.220785140991211,4.363040924072266,4.518657684326172,4.663381576538086,4.663381576538086
2024-10-22,2024-09-20,4.348,4.374251842498779,4.100085735321045,4.100085735321045,4.22784423828125,4.374251842498779,4.5356974601745605,4.687338829040527,4.687338829040527
2024-10-23,2024-09-23,4.3045,4.396160125732422,4.12094259262085,4.12094259262085,4.249819278717041,4.396160125732422,4.554200172424316,4.699279308319092,4.699279308319092
2024-10-24,2024-09-24,4.3195,4.502325057983398,4.2182440757751465,4.2182440757751465,4.350261688232422,4.502325057983398,4.671494007110596,4.824957847595215,4.824957847595215
2024-10-25,2024-09-25,4.3395,4.505092144012451,4.22277307510376,4.22277307510376,4.354923725128174,4.505092144012451,4.671615123748779,4.823404312133789,4.823404312133789
2024-10-28,2024-09-26,4.332,4.580181121826172,4.261028289794922,4.261028289794922,4.408500671386719,4.580181121826172,4.778073310852051,4.963155746459961,4.963155746459961
2024-10-29,2024-09-27,4.3325,4.568992614746094,4.25009822845459,4.25009822845459,4.399998664855957,4.568992614746094,4.754083633422852,4.921205043792725,4.921205043792725
2024-10-30,2024-09-30,4.3275,4.529665946960449,4.205897808074951,4.205897808074951,4.358531951904297,4.529665946960449,4.714654922485352,4.884311199188232,4.884311199188232
2024-10-31,2024-10-01,4.3135,4.559683322906494,4.234263896942139,4.234263896942139,4.387550354003906,4.559683322906494,4.74863338470459,4.923912048339844,4.923912048339844
2024-11-01,2024-10-02,4.3475,4.6146559715271,4.272024154663086,4.272024154663086,4.432221412658691,4.6146559715271,4.819237232208252,5.012781143188477,5.012781143188477
2024-11-04,2024-10-03,4.407,4.559952735900879,4.232835292816162,4.232835292816162,4.386826515197754,4.559952735900879,4.748771667480469,4.926272392272949,4.926272392272949
2024-11-05,2024-10-04,4.4505,4.573428630828857,4.245143413543701,4.245143413543701,4.399635314941406,4.573428630828857,4.763776779174805,4.941987037658691,4.941987037658691
2024-11-06,2024-10-07,4.2225,4.594975471496582,4.2640485763549805,4.2640485763549805,4.420122146606445,4.594975471496582,4.785299301147461,4.963198184967041,4.963198184967041
2024-11-07,2024-10-08,4.41,4.537200927734375,4.215401649475098,4.215401649475098,4.3670148849487305,4.537200927734375,4.72277307510376,4.896563529968262,4.896563529968262
2024-11-08,2024-10-09,4.2865,4.484493255615234,4.164858818054199,4.164858818054199,4.314741134643555,4.484493255615234,4.66788387298584,4.839876174926758,4.839876174926758
2024-11-11,2024-10-10,4.211,4.501412868499756,4.187445640563965,4.187445640563965,4.334329605102539,4.501412868499756,4.682575225830078,4.852086544036865,4.852086544036865
2024-11-12,2024-10-11,4.1195,4.539470672607422,4.226665496826172,4.226665496826172,4.374077796936035,4.539470672607422,4.7159743309021,4.879444599151611,4.879444599151611
2024-11-13,2024-10-14,4.066,4.464357376098633,4.146899700164795,4.146899700164795,4.296112060546875,4.464357376098633,4.64176082611084,4.80609130859375,4.80609130859375
2024-11-14,2024-10-15,4.073,4.426513671875,4.105074405670166,4.105074405670166,4.256490230560303,4.426513671875,4.603562831878662,4.7644829750061035,4.7644829750061035
2024-11-15,2024-10-16,4.051,4.437711238861084,4.128714561462402,4.128714561462402,4.273455619812012,4.437711238861084,4.611617088317871,4.771380424499512,4.771380424499512
2024-11-18,2024-10-17,4.108,4.4254679679870605,4.124284744262695,4.124284744262695,4.265618324279785,4.4254679679870605,4.5962677001953125,4.755456924438477,4.755456924438477
2024-11-19,2024-10-18,4.13,4.473061561584473,4.16200065612793,4.16200065612793,4.308616638183594,4.473061561584473,4.649997711181641,4.814351558685303,4.814351558685303
2024-11-20,2024-10-21,4.1435,4.470221519470215,4.172591686248779,4.172591686248779,4.313563346862793,4.470221519470215,4.638104438781738,4.795130729675293,4.795130729675293
2024-11-21,2024-10-22,4.113,4.486815929412842,4.189420223236084,4.189420223236084,4.329668045043945,4.486815929412842,4.658108234405518,4.821714401245117,4.821714401245117
2024-11-22,2024-10-23,4.074,4.43018102645874,4.131336688995361,4.131336688995361,4.273678779602051,4.43018102645874,4.600976467132568,4.765995025634766,4.765995025634766
2024-11-25,2024-10-24,4.0915,4.438586235046387,4.136133193969727,4.136133193969727,4.2792205810546875,4.438586235046387,4.614508628845215,4.786383152008057,4.786383152008057
2024-11-26,2024-10-25,4.039,4.474245071411133,4.182124614715576,4.182124614715576,4.319267749786377,4.474245071411133,4.644245624542236,4.810399532318115,4.810399532318115
2024-11-27,2024-10-28,4.067,4.451300144195557,4.17202615737915,4.17202615737915,4.303272247314453,4.451300144195557,4.614916801452637,4.776395320892334,4.776395320892334
2024-11-29,2024-10-29,4.0805,4.428101539611816,4.159917831420898,4.159917831420898,4.287128448486328,4.428101539611816,4.582156181335449,4.734276294708252,4.734276294708252
2024-12-02,2024-10-30,4.0755,4.430496692657471,4.160988807678223,4.160988807678223,4.288293838500977,4.430496692657471,4.585871696472168,4.7375993728637695,4.7375993728637695
2024-12-03,2024-10-31,4.146,4.413058757781982,4.1425957679748535,4.1425957679748535,4.270319938659668,4.413058757781982,4.566995620727539,4.716454982757568,4.716454982757568
2024-12-04,2024-11-01,4.142,4.455429553985596,4.183525085449219,4.183525085449219,4.311979293823242,4.455429553985596,4.611377716064453,4.761549949645996,4.761549949645996
2024-12-05,2024-11-04,4.135,4.512701034545898,4.242676734924316,4.242676734924316,4.37091064453125,4.512701034545898,4.666501998901367,4.8132548332214355,4.8132548332214355
2024-12-06,2024-11-05,4.1385,4.5550055503845215,4.277259826660156,4.277259826660156,4.408310890197754,4.5550055503845215,4.714973449707031,4.866728782653809,4.866728782653809
2024-12-09,2024-11-06,4.2235,4.354887962341309,4.031055927276611,4.031055927276611,4.186013221740723,4.354887962341309,4.5257768630981445,4.68320369720459,4.68320369720459
2024-12-10,2024-11-07,4.2235,4.481339931488037,4.172369003295898,4.172369003295898,4.319329261779785,4.481339931488037,4.650336265563965,4.807045936584473,4.807045936584473
2024-12-11,2024-11-08,4.214,4.40588903427124,4.1006951332092285,4.1006951332092285,4.246182441711426,4.40588903427124,4.572643280029297,4.728902816772461,4.728902816772461
2024-12-12,2024-11-11,4.195,4.336395740509033,4.000534534454346,4.000534534454346,4.1616315841674805,4.336395740509033,4.517061233520508,4.686364650726318,4.686364650726318
2024-12-13,2024-11-12,4.149,4.26297664642334,3.900653123855591,3.900653123855591,4.075516700744629,4.26297664642334,4.454104423522949,4.630544185638428,4.630544185638428
2024-12-16,2024-11-13,4.1435,4.20036506652832,3.841571092605591,3.841571092605591,4.013067245483398,4.20036506652832,4.394101142883301,4.574066638946533,4.574066638946533
2024-12-17,2024-11-14,4.0915,4.149760723114014,3.8053719997406006,3.8053719997406006,3.9707794189453125,4.149760723114014,4.337760925292969,4.514001369476318,4.514001369476318
2024-12-18,2024-11-15,4.1,4.117591857910156,3.780888319015503,3.780888319015503,3.9408679008483887,4.117591857910156,4.308707237243652,4.490664005279541,4.490664005279541
2024-12-19,2024-11-18,4.0205,4.189873695373535,3.864914894104004,3.864914894104004,4.018235206604004,4.189873695373535,4.375366687774658,4.553062915802002,4.553062915802002
2024-12-20,2024-11-19,4.041,4.195647239685059,3.894375801086426,3.894375801086426,4.033773899078369,4.195647239685059,4.375932693481445,4.552601337432861,4.552601337432861
2024-12-23,2024-11-20,4.023,4.185088634490967,3.8988280296325684,3.8988280296325684,4.032057285308838,4.185088634490967,4.35450553894043,4.521389961242676,4.521389961242676
2024-12-24,2024-11-21,4.0495,4.134681701660156,3.844672679901123,3.844672679901123,3.9818172454833984,4.134681701660156,4.301877975463867,4.466184616088867,4.466184616088867
2024-12-26,2024-11-22,4.072,4.113760948181152,3.8169846534729004,3.8169846534729004,3.9574978351593018,4.113760948181152,4.282196998596191,4.4464287757873535,4.4464287757873535
2024-12-27,2024-11-25,4.0625,4.134293556213379,3.8370108604431152,3.8370108604431152,3.978172779083252,4.134293556213379,4.302579402923584,4.466988563537598,4.466988563537598
2024-12-30,2024-11-26,4.0455,4.069549560546875,3.7582545280456543,3.7582545280456543,3.9088172912597656,4.069549560546875,4.236703872680664,4.39670467376709,4.39670467376709
2024-12-31,2024-11-27,3.986,4.0724053382873535,3.7716636657714844,3.7716636657714844,3.916382312774658,4.0724053382873535,4.236909866333008,4.3965654373168945,4.3965654373168945
2025-01-02,2024-11-29,3.9885,4.081975936889648,3.7980852127075195,3.7980852127075195,3.9334046840667725,4.081975936889648,4.239375591278076,4.39303731918335,4.39303731918335
2025-01-03,2024-12-02,4.0395,4.04185152053833,3.7673540115356445,3.7673540115356445,3.8986411094665527,4.04185152053833,4.193728446960449,4.343288421630859,4.343288421630859
2025-01-06,2024-12-03,4.127,4.103390216827393,3.82499623298645,3.82499623298645,3.958629608154297,4.103390216827393,4.257129192352295,4.407438278198242,4.407438278198242
2025-01-07,2024-12-04,4.1605,4.101874351501465,3.8207812309265137,3.8207812309265137,3.9549856185913086,4.101874351501465,4.25837516784668,4.412542343139648,4.412542343139648
2025-01-08,2024-12-05,4.2275,4.122353553771973,3.838226556777954,3.838226556777954,3.9744491577148438,4.122353553771973,4.279614448547363,4.433807849884033,4.433807849884033
2025-01-09,2024-12-06,4.2795,4.133835315704346,3.852979898452759,3.852979898452759,3.98740291595459,4.133835315704346,4.290225028991699,4.443829536437988,4.443829536437988
2025-01-10,2024-12-09,4.2745,4.1657304763793945,3.887768030166626,3.887768030166626,4.019683837890625,4.1657304763793945,4.324942588806152,4.480685234069824,4.480685234069824
2025-01-13,2024-12-10,4.2955,4.168564796447754,3.8905892372131348,3.8905892372131348,4.02126407623291,4.168564796447754,4.331035614013672,4.489862442016602,4.489862442016602
2025-01-14,2024-12-11,4.3105,4.187703609466553,3.9099392890930176,3.9099392890930176,4.039770603179932,4.187703609466553,4.348658084869385,4.5052876472473145,4.5052876472473145
2025-01-15,2024-12-12,4.3595,4.168374538421631,3.904528856277466,3.904528856277466,4.026360511779785,4.168374538421631,4.324236869812012,4.477527618408203,4.477527618408203
2025-01-16,2024-12-13,4.4105,4.136739730834961,3.8785955905914307,3.8785955905914307,3.9995784759521484,4.136739730834961,4.281739711761475,4.4232940673828125,4.4232940673828125
2025-01-17,2024-12-16,4.3375,4.120882987976074,3.8659260272979736,3.8659260272979736,3.9865198135375977,4.120882987976074,4.2622270584106445,4.400674819946289,4.400674819946289
2025-01-21,2024-12-17,4.311,4.078540802001953,3.812851905822754,3.812851905822754,3.9399309158325195,4.078540802001953,4.221224784851074,4.359952926635742,4.359952926635742
2025-01-22,2024-12-18,4.2715,4.076052188873291,3.80487060546875,3.80487060546875,3.9351792335510254,4.076052188873291,4.221158981323242,4.362093925476074,4.362093925476074
2025-01-23,2024-12-19,4.2995,3.9953408241271973,3.699371576309204,3.699371576309204,3.8443427085876465,3.9953408241271973,4.144787788391113,4.285944938659668,4.285944938659668
2025-01-24,2024-12-20,4.29,4.011462688446045,3.7297356128692627,3.7297356128692627,3.8663530349731445,4.011462688446045,4.159005165100098,4.299942493438721,4.299942493438721
2025-01-27,2024-12-23,4.2035,3.9900460243225098,3.726531982421875,3.726531982421875,3.8541691303253174,3.9900460243225098,4.129714012145996,4.264438152313232,4.264438152313232
2025-01-28,2024-12-24,4.2205,3.992253065109253,3.738356590270996,3.738356590270996,3.860908031463623,3.992253065109253,4.129225730895996,4.261782169342041,4.261782169342041
2025-01-29,2024-12-26,4.2575,4.002266883850098,3.754979133605957,3.754979133605957,3.8752644062042236,4.002266883850098,4.135308265686035,4.264650344848633,4.264650344848633
2025-01-30,2024-12-27,4.288,4.0096845626831055,3.7617244720458984,3.7617244720458984,3.881478786468506,4.0096845626831055,4.144954681396484,4.276284694671631,4.276284694671631
2025-01-31,2024-12-30,4.262,4.027836322784424,3.7821707725524902,3.7821707725524902,3.901047706604004,4.027836322784424,4.161974906921387,4.292884826660156,4.292884826660156
2025-02-03,2024-12-31,4.294,3.9934659004211426,3.7379631996154785,3.7379631996154785,3.862053394317627,3.9934659004211426,4.129323959350586,4.262125015258789,4.262125015258789
2025-02-04,2025-01-02,4.3425,3.9989635944366455,3.753521203994751,3.753521203994751,3.872553825378418,3.9989635944366455,4.1304521560668945,4.2598443031311035,4.2598443031311035
2025-02-05,2025-01-03,4.4345,4.048078536987305,3.814748525619507,3.814748525619507,3.9270362854003906,4.048078536987305,4.176074981689453,4.303257465362549,4.303257465362549
2025-02-06,2025-01-06,4.4535,4.104337215423584,3.863431930541992,3.863431930541992,3.9772493839263916,4.104337215423584,4.240182399749756,4.374832630157471,4.374832630157471
2025-02-07,2025-01-07,4.5815,4.130685329437256,3.9016129970550537,3.9016129970550537,4.008138656616211,4.130685329437256,4.263702869415283,4.397199630737305,4.397199630737305
2025-02-10,2025-01-08,4.7005,4.19603967666626,3.9559733867645264,3.9559733867645264,4.066388130187988,4.19603967666626,4.338184833526611,4.478445529937744,4.478445529937744
2025-02-11,2025-01-09,4.5945,4.226280689239502,3.9679105281829834,3.9679105281829834,4.085714340209961,4.226280689239502,4.38135290145874,4.5331339836120605,4.5331339836120605
2025-02-12,2025-01-10,4.698,4.214235782623291,3.9483065605163574,3.9483065605163574,4.0706281661987305,4.214235782623291,4.368267059326172,4.516829013824463,4.516829013824463
2025-02-13,2025-01-13,4.769,4.214896202087402,3.9376091957092285,3.9376091957092285,4.065896987915039,4.214896202087402,4.373317241668701,4.5249834060668945,4.5249834060668945
2025-02-14,2025-01-14,4.6565,4.201165199279785,3.9213287830352783,3.9213287830352783,4.052928924560547,4.201165199279785,4.354610443115234,4.498941898345947,4.498941898345947
2025-02-18,2025-01-15,4.585,4.233651638031006,3.9477434158325195,3.9477434158325195,4.080267906188965,4.233651638031006,4.395380020141602,4.547158241271973,4.547158241271973
2025-02-19,2025-01-16,4.557,4.293709754943848,4.010038375854492,4.010038375854492,4.139880180358887,4.293709754943848,4.459970474243164,4.616384506225586,4.616384506225586
2025-02-20,2025-01-17,4.608,4.246383190155029,3.9770429134368896,3.9770429134368896,4.101792335510254,4.246383190155029,4.39869499206543,4.542863845825195,4.542863845825195
2025-02-21,2025-01-21,4.56,4.260056018829346,4.0041937828063965,4.0041937828063965,4.123800277709961,4.260056018829346,4.403522491455078,4.5412163734436035,4.5412163734436035
2025-02-24,2025-01-22,4.517,4.240931987762451,3.984772205352783,3.984772205352783,4.104654312133789,4.240931987762451,4.382813453674316,4.518678665161133,4.518678665161133
2025-02-25,2025-01-23,4.486,4.2602996826171875,3.996814489364624,3.996814489364624,4.119801998138428,4.2602996826171875,4.406015396118164,4.543513774871826,4.543513774871826
2025-02-26,2025-01-24,4.542,4.254504680633545,3.9933600425720215,3.9933600425720215,4.115808486938477,4.254504680633545,4.396154403686523,4.530009746551514,4.530009746551514
2025-02-27,2025-01-27,4.58,4.184572219848633,3.936589002609253,3.936589002609253,4.053359508514404,4.184572219848633,4.319497108459473,4.4489922523498535,4.4489922523498535
2025-02-28,2025-01-28,4.5145,4.209052085876465,3.9630320072174072,3.9630320072174072,4.07884407043457,4.209052085876465,4.344586372375488,4.475612163543701,4.475612163543701
2025-03-03,2025-01-29,4.5765,4.193009376525879,3.93266224861145,3.93266224861145,4.0542192459106445,4.193009376525879,4.335904121398926,4.470574378967285,4.470574378967285
2025-03-04,2025-01-30,4.5275,4.208793640136719,3.9471378326416016,3.9471378326416016,4.067380905151367,4.208793640136719,4.356128692626953,4.495214939117432,4.495214939117432
2025-03-05,2025-01-31,4.7665,4.211599349975586,3.952901601791382,3.952901601791382,4.0731096267700195,4.211599349975586,4.353819847106934,4.4889421463012695,4.4889421463012695
2025-03-06,2025-02-03,4.779,4.228572368621826,3.962982177734375,3.962982177734375,4.086236000061035,4.228572368621826,4.375071048736572,4.513747692108154,4.513747692108154
2025-03-07,2025-02-04,4.683,4.263885498046875,3.9832661151885986,3.9832661151885986,4.112714767456055,4.263885498046875,4.419483661651611,4.56364107131958,4.56364107131958
2025-03-10,2025-02-05,4.6395,4.324941635131836,4.022435665130615,4.022435665130615,4.16017484664917,4.324941635131836,4.498210906982422,4.6586527824401855,4.6586527824401855
2025-03-11,2025-02-06,4.74,4.3150224685668945,4.008303165435791,4.008303165435791,4.149360656738281,4.3150224685668945,4.486311912536621,4.642732620239258,4.642732620239258
2025-03-12,2025-02-07,4.821,4.38694429397583,4.057164669036865,4.057164669036865,4.205892562866211,4.38694429397583,4.586349010467529,4.782739162445068,4.782739162445068
2025-03-13,2025-02-10,4.8985,4.507613182067871,4.144190788269043,4.144190788269043,4.307523727416992,4.507613182067871,4.737476348876953,4.982905387878418,4.982905387878418
2025-03-14,2025-02-11,4.8695,4.437228679656982,4.1179890632629395,4.1179890632629395,4.262373924255371,4.437228679656982,4.629452228546143,4.821720123291016,4.821720123291016
2025-03-17,2025-02-12,4.9335,4.5019145011901855,4.17930793762207,4.17930793762207,4.324440002441406,4.5019145011901855,4.704598903656006,4.922544002532959,4.922544002532959
2025-03-18,2025-02-13,4.993,4.513402938842773,4.1816725730896,4.1816725730896,4.329571723937988,4.513402938842773,4.726423740386963,4.955136299133301,4.955136299133301
2025-03-19,2025-02-14,5.076,4.491067409515381,4.174826622009277,4.174826622009277,4.31859827041626,4.491067409515381,4.681888580322266,4.87398624420166,4.87398624420166
2025-03-20,2025-02-18,5.085,4.475856781005859,4.167103290557861,4.167103290557861,4.308594703674316,4.475856781005859,4.661346912384033,4.849370956420898,4.849370956420898
2025-03-21,2025-02-19,5.0875,4.448055267333984,4.144967555999756,4.144967555999756,4.283349514007568,4.448055267333984,4.63422155380249,4.825874328613281,4.825874328613281
2025-03-24,2025-02-20,5.064,4.472646713256836,4.174816131591797,4.174816131591797,4.31092643737793,4.472646713256836,4.657588005065918,4.855691909790039,4.855691909790039
2025-03-25,2025-02-21,5.183,4.44921350479126,4.149541854858398,4.149541854858398,4.286994457244873,4.44921350479126,4.62640380859375,4.806303977966309,4.806303977966309
2025-03-26,2025-02-24,5.216,4.387439727783203,4.113953590393066,4.113953590393066,4.238841533660889,4.387439727783203,4.552309036254883,4.719653129577637,4.719653129577637
2025-03-27,2025-02-25,5.0975,4.393698692321777,4.118001461029053,4.118001461029053,4.244839191436768,4.393698692321777,4.5548200607299805,4.717903137207031,4.717903137207031
2025-03-28,2025-02-26,5.1125,4.380393028259277,4.10014009475708,4.10014009475708,4.228362083435059,4.380393028259277,4.547737121582031,4.721118927001953,4.721118927001953
2025-03-31,2025-02-27,5.02,4.403245449066162,4.0904765129089355,4.0904765129089355,4.232592582702637,4.403245449066162,4.590108871459961,4.786091327667236,4.786091327667236
2025-04-01,2025-02-28,5.019,4.369003772735596,4.062503337860107,4.062503337860107,4.203008651733398,4.369003772735596,4.54557991027832,4.7238078117370605,4.7238078117370605
2025-04-02,2025-03-03,5.0235,4.450653553009033,4.112007141113281,4.112007141113281,4.268868446350098,4.450653553009033,4.639252662658691,4.8274922370910645,4.8274922370910645
2025-04-03,2025-03-04,4.811,4.447757720947266,4.120641231536865,4.120641231536865,4.272402763366699,4.447757720947266,4.628610610961914,4.804725170135498,4.804725170135498
2025-04-04,2025-03-05,4.3845,4.6255784034729,4.2353925704956055,4.2353925704956055,4.4156622886657715,4.6255784034729,4.861361503601074,5.126771926879883,5.126771926879883
2025-04-07,2025-03-06,4.169,4.683346748352051,4.2955193519592285,4.2955193519592285,4.474649906158447,4.683346748352051,4.91752290725708,5.176863193511963,5.176863193511963
2025-04-08,2025-03-07,4.1275,4.601831912994385,4.255016803741455,4.255016803741455,4.413525581359863,4.601831912994385,4.812554359436035,5.040318012237549,5.040318012237549
2025-04-09,2025-03-10,4.1755,4.558932781219482,4.2311110496521,4.2311110496521,4.380943298339844,4.558932781219482,4.755823135375977,4.958045482635498,4.958045482635498
2025-04-10,2025-03-11,4.321,4.686070442199707,4.321924686431885,4.321924686431885,4.490849494934082,4.686070442199707,4.8992462158203125,5.121425628662109,5.121425628662109
2025-04-11,2025-03-12,4.5075,4.7895121574401855,4.39479398727417,4.39479398727417,4.579384803771973,4.7895121574401855,5.020856857299805,5.272078990936279,5.272078990936279
2025-04-14,2025-03-13,4.6105,4.895833492279053,4.472321510314941,4.472321510314941,4.67132568359375,4.895833492279053,5.146841049194336,5.428678512573242,5.428678512573242
2025-04-15,2025-03-14,4.611,4.838647842407227,4.426354885101318,4.426354885101318,4.618736743927002,4.838647842407227,5.076577186584473,5.332541465759277,5.332541465759277
2025-04-16,2025-03-17,4.674,4.923972129821777,4.493975639343262,4.493975639343262,4.696493148803711,4.923972129821777,5.168616771697998,5.43574333190918,5.43574333190918
2025-04-17,2025-03-18,4.7315,4.932769775390625,4.4785261154174805,4.4785261154174805,4.6903157234191895,4.932769775390625,5.196345329284668,5.489963531494141,5.489963531494141
2025-04-21,2025-03-19,4.721,5.012948989868164,4.53826904296875,4.53826904296875,4.760027885437012,5.012948989868164,5.290186882019043,5.600559234619141,5.600559234619141
2025-04-22,2025-03-20,4.8705,4.99006462097168,4.4948649406433105,4.4948649406433105,4.725798606872559,4.99006462097168,5.272646903991699,5.577491760253906,5.577491760253906
2025-04-23,2025-03-21,4.8355,5.06479024887085,4.563160419464111,4.563160419464111,4.800441741943359,5.06479024887085,5.342267036437988,5.6349310874938965,5.6349310874938965
2025-04-24,2025-03-24,4.85,5.059170246124268,4.569685459136963,4.569685459136963,4.8024444580078125,5.059170246124268,5.3269805908203125,5.606215476989746,5.606215476989746
2025-04-25,2025-03-25,4.8355,5.243416786193848,4.761377334594727,4.761377334594727,4.993110656738281,5.243416786193848,5.51085901260376,5.799526214599609,5.799526214599609
2025-04-28,2025-03-26,4.838,5.273713111877441,4.79895544052124,4.79895544052124,5.025568962097168,5.273713111877441,5.5377678871154785,5.8154473304748535,5.8154473304748535
2025-04-29,2025-03-27,4.823,5.172385215759277,4.7303147315979,4.7303147315979,4.940601348876953,5.172385215759277,5.410799026489258,5.64394998550415,5.64394998550415
2025-04-30,2025-03-28,4.56,5.246737003326416,4.828887939453125,4.828887939453125,5.029181480407715,5.246737003326416,5.4667510986328125,5.672155380249023,5.672155380249023
2025-05-01,2025-03-31,4.581,5.161937713623047,4.749022483825684,4.749022483825684,4.947346210479736,5.161937713623047,5.376054286956787,5.575959205627441,5.575959205627441
2025-05-02,2025-04-01,4.6275,5.192122459411621,4.794247627258301,4.794247627258301,4.985771179199219,5.192122459411621,5.397927761077881,5.590786457061768,5.590786457061768
2025-05-05,2025-04-02,4.655,5.18351936340332,4.797384738922119,4.797384738922119,4.984492301940918,5.18351936340332,5.380398750305176,5.564938545227051,5.564938545227051
2025-05-06,2025-04-03,4.735,5.005436897277832,4.580844402313232,4.580844402313232,4.7833147048950195,5.005436897277832,5.225373268127441,5.426399230957031,5.426399230957031
2025-05-07,2025-04-04,4.6165,4.635032653808594,4.154904842376709,4.154904842376709,4.367284774780273,4.635032653808594,4.936296463012695,5.22645378112793,5.22645378112793
2025-05-08,2025-04-07,4.561,4.384187698364258,3.9796762466430664,3.9796762466430664,4.15380859375,4.384187698364258,4.674962043762207,4.978577613830566,4.978577613830566
2025-05-09,2025-04-08,4.611,4.252333164215088,3.912217617034912,3.912217617034912,4.060797691345215,4.252333164215088,4.499853610992432,4.767779350280762,4.767779350280762
2025-05-12,2025-04-09,4.5785,4.255102157592773,3.9623289108276367,3.9623289108276367,4.09238862991333,4.255102157592773,4.467512607574463,4.708387851715088,4.708387851715088
2025-05-13,2025-04-10,4.6815,4.398571968078613,4.050256729125977,4.050256729125977,4.207930564880371,4.398571968078613,4.643150329589844,4.9202752113342285,4.9202752113342285
2025-05-14,2025-04-11,4.611,4.553231716156006,4.111530303955078,4.111530303955078,4.311463832855225,4.553231716156006,4.850728988647461,5.182277202606201,5.182277202606201
2025-05-15,2025-04-14,4.6445,4.645485877990723,4.16539192199707,4.16539192199707,4.384426116943359,4.645485877990723,4.952313423156738,5.285710334777832,5.285710334777832
2025-05-16,2025-04-15,4.5555,4.59131383895874,4.149828910827637,4.149828910827637,4.353084564208984,4.59131383895874,4.870473861694336,5.168381690979004,5.168381690979004
2025-05-19,2025-04-16,4.6335,4.7077813148498535,4.24028205871582,4.24028205871582,4.460091590881348,4.7077813148498535,4.9883527755737305,5.287354946136475,5.287354946136475
2025-05-20,2025-04-17,4.6195,4.765800952911377,4.3010029792785645,4.3010029792785645,4.520806312561035,4.765800952911377,5.032201290130615,5.301885604858398,5.301885604858398
2025-05-21,2025-04-21,4.638,4.726848125457764,4.281374931335449,4.281374931335449,4.492694854736328,4.726848125457764,4.977688789367676,5.223019599914551,5.223019599914551
2025-05-22,2025-04-22,4.6485,4.910238265991211,4.439210891723633,4.439210891723633,4.66212272644043,4.910238265991211,5.179483413696289,5.4521894454956055,5.4521894454956055
2025-05-23,2025-04-23,4.8065,4.832785129547119,4.379169464111328,4.379169464111328,4.594173431396484,4.832785129547119,5.086851119995117,5.337929725646973,5.337929725646973
2025-05-27,2025-04-24,4.71,4.882424831390381,4.428635597229004,4.428635597229004,4.644278049468994,4.882424831390381,5.1346235275268555,5.386585235595703,5.386585235595703
2025-05-28,2025-04-25,4.644,4.902221202850342,4.446658134460449,4.446658134460449,4.665243148803711,4.902221202850342,5.139351844787598,5.362735271453857,5.362735271453857
2025-05-29,2025-04-28,4.6535,4.875288486480713,4.4270453453063965,4.4270453453063965,4.643149375915527,4.875288486480713,5.108155727386475,5.329231262207031,5.329231262207031
2025-05-30,2025-04-29,4.6525,4.805187225341797,4.3568596839904785,4.3568596839904785,4.571428298950195,4.805187225341797,5.048299312591553,5.2869672775268555,5.2869672775268555
2025-06-02,2025-04-30,4.8345,4.663325309753418,4.199966907501221,4.199966907501221,4.411259651184082,4.663325309753418,4.9426374435424805,5.2184224128723145,5.2184224128723145
2025-06-03,2025-05-01,4.8095,4.715578556060791,4.254955291748047,4.254955291748047,4.4697747230529785,4.715578556060791,4.985147476196289,5.258718967437744,5.258718967437744
2025-06-04,2025-05-02,4.8645,4.755324840545654,4.3098063468933105,4.3098063468933105,4.516571044921875,4.755324840545654,5.026641368865967,5.313950061798096,5.313950061798096
2025-06-05,2025-05-05,4.9135,4.805151462554932,4.35830545425415,4.35830545425415,4.565852165222168,4.805151462554932,5.077482223510742,5.3656487464904785,5.3656487464904785
2025-06-06,2025-05-06,4.83,4.856390476226807,4.376834392547607,4.376834392547607,4.599621772766113,4.856390476226807,5.140740871429443,5.434863090515137,5.434863090515137
2025-06-09,2025-05-07,4.9095,4.7435784339904785,4.29197883605957,4.29197883605957,4.501201629638672,4.7435784339904785,5.011948108673096,5.275973796844482,5.275973796844482
2025-06-10,2025-05-08,4.884,4.6996917724609375,4.275060176849365,4.275060176849365,4.470832824707031,4.6996917724609375,4.957366943359375,5.2105255126953125,5.2105255126953125
2025-06-11,2025-05-09,4.801,4.759795665740967,4.3226470947265625,4.3226470947265625,4.526733875274658,4.759795665740967,5.01697301864624,5.266852378845215,5.266852378845215
2025-06-12,2025-05-12,4.8215,4.715053081512451,4.294844150543213,4.294844150543213,4.490133762359619,4.715053081512451,4.9610700607299805,5.192114353179932,5.192114353179932
2025-06-13,2025-05-13,4.803,4.791579246520996,4.3610124588012695,4.3610124588012695,4.561773300170898,4.791579246520996,5.037858963012695,5.264606952667236,5.264606952667236
2025-06-16,2025-05-14,4.8265,4.732912540435791,4.329958915710449,4.329958915710449,4.516741752624512,4.732912540435791,4.971373558044434,5.194255828857422,5.194255828857422
2025-06-17,2025-05-15,4.8005,4.760826110839844,4.361419677734375,4.361419677734375,4.547118663787842,4.760826110839844,4.997196197509766,5.220426559448242,5.220426559448242
2025-06-18,2025-05-16,4.845,4.7041144371032715,4.318615913391113,4.318615913391113,4.497738838195801,4.7041144371032715,4.936094284057617,5.159304618835449,5.159304618835449
2025-06-20,2025-05-19,4.826,4.776828289031982,4.374696731567383,4.374696731567383,4.563733100891113,4.776828289031982,5.011696815490723,5.2359700202941895,5.2359700202941895
2025-06-23,2025-05-20,4.843,4.745184421539307,4.348853588104248,4.348853588104248,4.5374932289123535,4.745184421539307,4.970495223999023,5.184572696685791,5.184572696685791
2025-06-24,2025-05-21,4.867,4.723942279815674,4.338240146636963,4.338240146636963,4.522617340087891,4.723942279815674,4.944949150085449,5.158153533935547,5.158153533935547
2025-06-25,2025-05-22,4.913,4.732227802276611,4.336545944213867,4.336545944213867,4.526350021362305,4.732227802276611,4.958416938781738,5.183003902435303,5.183003902435303
2025-06-26,2025-05-23,5.0655,4.833224296569824,4.4012885093688965,4.4012885093688965,4.607029438018799,4.833224296569824,5.083567142486572,5.338970184326172,5.338970184326172
2025-06-27,2025-05-27,5.0685,4.781093597412109,4.377340316772461,4.377340316772461,4.568462371826172,4.781093597412109,5.02125358581543,5.27214241027832,5.27214241027832
2025-06-30,2025-05-28,5.03,4.734890937805176,4.3411407470703125,4.3411407470703125,4.527351379394531,4.734890937805176,4.9709978103637695,5.218162536621094,5.218162536621094
2025-07-01,2025-05-29,5.048,4.739152431488037,4.347135066986084,4.347135066986084,4.532621383666992,4.739152431488037,4.97144889831543,5.2110466957092285,5.2110466957092285
2025-07-02,2025-05-30,5.149,4.753643989562988,4.363707065582275,4.363707065582275,4.549929618835449,4.753643989562988,4.978997230529785,5.2082014083862305,5.2082014083862305
2025-07-03,2025-06-02,5.097,4.8889031410217285,4.460855960845947,4.460855960845947,4.664434909820557,4.8889031410217285,5.142791748046875,5.414083957672119,5.414083957672119
2025-07-04,2025-06-03,5.0185,4.866169452667236,4.445616722106934,4.445616722106934,4.647585868835449,4.866169452667236,5.107634544372559,5.3503522872924805,5.3503522872924805
2025-07-07,2025-06-04,4.9845,4.940406322479248,4.500288009643555,4.500288009643555,4.711962699890137,4.940406322479248,5.186902046203613,5.425533771514893,5.425533771514893
2025-07-08,2025-06-05,5.645,5.006080150604248,4.565521240234375,4.565521240234375,4.778233528137207,5.006080150604248,5.249605178833008,5.4842071533203125,5.4842071533203125
2025-07-09,2025-06-06,5.4435,4.948980331420898,4.5246686935424805,4.5246686935424805,4.7286376953125,4.948980331420898,5.184038162231445,5.412314414978027,5.412314414978027
2025-07-10,2025-06-09,5.548,5.02758264541626,4.589347839355469,4.589347839355469,4.799718856811523,5.02758264541626,5.271955490112305,5.512183666229248,5.512183666229248
2025-07-11,2025-06-10,5.562,5.037708282470703,4.62371301651001,4.62371301651001,4.822566032409668,5.037708282470703,5.268813133239746,5.496347904205322,5.496347904205322
2025-07-14,2025-06-11,5.515,4.971993923187256,4.556704044342041,4.556704044342041,4.756419658660889,4.971993923187256,5.198321342468262,5.418447494506836,5.418447494506836
2025-07-15,2025-06-12,5.546,4.9968156814575195,4.58662748336792,4.58662748336792,4.784236907958984,4.9968156814575195,5.216822624206543,5.429884910583496,5.429884910583496
2025-07-16,2025-06-13,5.4965,4.9372429847717285,4.536871433258057,4.536871433258057,4.728649139404297,4.9372429847717285,5.155416488647461,5.365363121032715,5.365363121032715
2025-07-17,2025-06-16,5.486,4.9484405517578125,4.5350775718688965,4.5350775718688965,4.731498718261719,4.9484405517578125,5.172328948974609,5.384646415710449,5.384646415710449
2025-07-18,2025-06-17,5.578,4.89274787902832,4.490511417388916,4.490511417388916,4.681568622589111,4.89274787902832,5.107684135437012,5.3095245361328125,5.3095245361328125
2025-07-21,2025-06-18,5.6105,4.919116973876953,4.537021160125732,4.537021160125732,4.716869831085205,4.919116973876953,5.131810665130615,5.3320770263671875,5.3320770263671875
2025-07-22,2025-06-20,5.697,4.895196437835693,4.5226240158081055,4.5226240158081055,4.696348190307617,4.895196437835693,5.106245994567871,5.304142475128174,5.304142475128174
2025-07-23,2025-06-23,5.795,4.881574630737305,4.506687641143799,4.506687641143799,4.680859088897705,4.881574630737305,5.094582557678223,5.292604446411133,5.292604446411133
2025-07-24,2025-06-24,5.777,4.906235694885254,4.536546230316162,4.536546230316162,4.709827423095703,4.906235694885254,5.1145124435424805,5.307958602905273,5.307958602905273
2025-07-25,2025-06-25,5.7635,4.934023380279541,4.565235614776611,4.565235614776611,4.738249778747559,4.934023380279541,5.144254207611084,5.342884063720703,5.342884063720703
2025-07-28,2025-06-26,5.595,5.024176597595215,4.629661560058594,4.629661560058594,4.814339637756348,5.024176597595215,5.25316047668457,5.473124980926514,5.473124980926514
2025-07-29,2025-06-27,5.6035,5.020576000213623,4.615664005279541,4.615664005279541,4.808116436004639,5.020576000213623,5.241057395935059,5.446502685546875,5.446502685546875
2025-07-30,2025-06-30,5.57,5.015864849090576,4.614797592163086,4.614797592163086,4.807247161865234,5.015864849090576,5.227793216705322,5.4265642166137695,5.4265642166137695
2025-07-31,2025-07-01,4.3305,5.025616645812988,4.622111797332764,4.622111797332764,4.815759658813477,5.025616645812988,5.238949775695801,5.4375901222229,5.4375901222229
2025-08-01,2025-07-02,4.4125,5.1093010902404785,4.696695327758789,4.696695327758789,4.894789695739746,5.1093010902404785,5.328611373901367,5.533154010772705,5.533154010772705
2025-08-04,2025-07-03,4.415,5.086870193481445,4.683733940124512,4.683733940124512,4.877996444702148,5.086870193481445,5.293506622314453,5.484984874725342,5.484984874725342
2025-08-05,2025-07-04,4.364,5.017141342163086,4.606588363647461,4.606588363647461,4.805962562561035,5.017141342163086,5.223410606384277,5.415083885192871,5.415083885192871
2025-08-06,2025-07-07,4.391,4.996038436889648,4.596742630004883,4.596742630004883,4.792327880859375,4.996038436889648,5.19218635559082,5.373249053955078,5.373249053955078
2025-08-07,2025-07-08,4.3785,5.309401512145996,4.820247173309326,4.820247173309326,5.052066802978516,5.309401512145996,5.6004743576049805,5.9181623458862305,5.9181623458862305
2025-08-08,2025-07-09,4.4555,5.173002243041992,4.688871383666992,4.688871383666992,4.915677070617676,5.173002243041992,5.4384918212890625,5.690924167633057,5.690924167633057
2025-08-11,2025-07-10,4.4235,5.250882625579834,4.702566623687744,4.702566623687744,4.954662799835205,5.250882625579834,5.562097549438477,5.874660968780518,5.874660968780518
2025-08-12,2025-07-11,4.5085,5.264147758483887,4.71275520324707,4.71275520324707,4.964177131652832,5.264147758483887,5.578062534332275,5.886067867279053,5.886067867279053
2025-08-13,2025-07-14,4.482,5.200003623962402,4.668670654296875,4.668670654296875,4.910644054412842,5.200003623962402,5.497076988220215,5.772346019744873,5.772346019744873
2025-08-14,2025-07-15,4.4645,5.177624702453613,4.628132343292236,4.628132343292236,4.8766937255859375,5.177624702453613,5.4896440505981445,5.774658679962158,5.774658679962158
2025-08-15,2025-07-16,4.478,5.217691421508789,4.66897439956665,4.66897439956665,4.920592308044434,5.217691421508789,5.522796630859375,5.79998779296875,5.79998779296875
2025-08-18,2025-07-17,4.457,5.20216178894043,4.66254997253418,4.66254997253418,4.911118507385254,5.20216178894043,5.4997968673706055,5.765552520751953,5.765552520751953
2025-08-19,2025-07-18,4.409,5.305805206298828,4.711907386779785,4.711907386779785,4.985542297363281,5.305805206298828,5.631780624389648,5.926450729370117,5.926450729370117
2025-08-20,2025-07-21,4.426,5.354788303375244,4.741024017333984,4.741024017333984,5.025908470153809,5.354788303375244,5.686244964599609,5.979301452636719,5.979301452636719
2025-08-21,2025-07-22,4.4315,5.527482986450195,4.908247470855713,4.908247470855713,5.199832916259766,5.527482986450195,5.859491348266602,6.156617164611816,6.156617164611816
2025-08-22,2025-07-23,4.4475,5.590352535247803,4.946824073791504,4.946824073791504,5.249732971191406,5.590352535247803,5.93670129776001,6.245206832885742,6.245206832885742
2025-08-25,2025-07-24,4.4665,5.58341121673584,4.960254192352295,4.960254192352295,5.256823539733887,5.58341121673584,5.906100273132324,6.192353248596191,6.192353248596191
2025-08-26,2025-07-25,4.4505,5.558452606201172,4.949610710144043,4.949610710144043,5.23984956741333,5.558452606201172,5.866428375244141,6.1356635093688965,6.1356635093688965
2025-08-27,2025-07-28,4.4145,5.405603408813477,4.809360504150391,4.809360504150391,5.092812538146973,5.405603408813477,5.706050872802734,5.970583438873291,5.970583438873291
2025-08-28,2025-07-29,4.4635,5.417535781860352,4.8556623458862305,4.8556623458862305,5.124781608581543,5.417535781860352,5.701361179351807,5.954708099365234,5.954708099365234
2025-08-29,2025-07-30,4.5185,5.34543514251709,4.792381286621094,4.792381286621094,5.054544448852539,5.34543514251709,5.632441520690918,5.892944812774658,5.892944812774658
2025-09-02,2025-07-31,4.5695,4.63992166519165,3.99588680267334,3.99588680267334,4.278636932373047,4.63992166519165,5.016651153564453,5.359651565551758,5.359651565551758
2025-09-03,2025-08-01,4.5585,4.483132839202881,3.9723401069641113,3.9723401069641113,4.197694778442383,4.483132839202881,4.809911727905273,5.128294467926025,5.128294467926025
2025-09-04,2025-08-04,4.488,4.382962226867676,3.960820198059082,3.960820198059082,4.149895668029785,4.382962226867676,4.655766010284424,4.935399532318115,4.935399532318115
2025-09-05,2025-08-05,4.4825,4.242212295532227,3.8676133155822754,3.8676133155822754,4.039205074310303,4.242212295532227,4.47898006439209,4.732451915740967,4.732451915740967
2025-09-08,2025-08-06,4.4905,4.211293697357178,3.852281332015991,3.852281332015991,4.016403675079346,4.211293697357178,4.439023971557617,4.684704780578613,4.684704780578613
2025-09-09,2025-08-07,4.501,4.177884101867676,3.824801445007324,3.824801445007324,3.98681902885437,4.177884101867676,4.400040149688721,4.640101432800293,4.640101432800293
2025-09-10,2025-08-08,4.55,4.261680603027344,3.8921589851379395,3.8921589851379395,4.0640764236450195,4.261680603027344,4.494192123413086,4.749481678009033,4.749481678009033
2025-09-11,2025-08-11,4.5905,4.253819942474365,3.8767354488372803,3.8767354488372803,4.052829742431641,4.253819942474365,4.490275859832764,4.7600812911987305,4.7600812911987305
2025-09-12,2025-08-12,4.5885,4.380161762237549,3.966874837875366,3.966874837875366,4.161065101623535,4.380161762237549,4.6357316970825195,4.916904449462891,4.916904449462891
2025-09-15,2025-08-13,4.6555,4.397660255432129,3.986956834793091,3.986956834793091,4.181669235229492,4.397660255432129,4.6467461585998535,4.915971279144287,4.915971279144287
2025-09-16,2025-08-14,4.633,4.371845245361328,3.987966299057007,3.987966299057007,4.171047210693359,4.371845245361328,4.6024885177612305,4.855520248413086,4.855520248413086
2025-09-17,2025-08-15,4.571,4.416060447692871,4.0091376304626465,4.0091376304626465,4.200987815856934,4.416060447692871,4.664669990539551,4.933535575866699,4.933535575866699
2025-09-18,2025-08-18,4.541,4.404987335205078,4.010217666625977,4.010217666625977,4.196153163909912,4.404987335205078,4.643046855926514,4.895604133605957,4.895604133605957
2025-09-19,2025-08-19,4.569,4.378725528717041,3.9967379570007324,3.9967379570007324,4.176797866821289,4.378725528717041,4.610564231872559,4.8578081130981445,4.8578081130981445
2025-09-22,2025-08-20,4.573,4.3740644454956055,3.9743916988372803,3.9743916988372803,4.164169788360596,4.3740644454956055,4.609651565551758,4.8551025390625,4.8551025390625
2025-09-23,2025-08-21,4.5845,4.38608980178833,4.018653869628906,4.018653869628906,4.191250801086426,4.38608980178833,4.608707427978516,4.846713542938232,4.846713542938232
2025-09-24,2025-08-22,4.7525,4.368552207946777,4.006717681884766,4.006717681884766,4.176557540893555,4.368552207946777,4.583474159240723,4.815954685211182,4.815954685211182
2025-09-25,2025-08-25,4.7,4.41811990737915,4.062143802642822,4.062143802642822,4.230709075927734,4.41811990737915,4.630372047424316,4.855067253112793,4.855067253112793
2025-09-26,2025-08-26,4.7155,4.364416122436523,4.03699254989624,4.03699254989624,4.190944671630859,4.364416122436523,4.557744026184082,4.761967182159424,4.761967182159424
2025-09-29,2025-08-27,4.841,4.337207317352295,4.0189900398254395,4.0189900398254395,4.168919086456299,4.337207317352295,4.518638610839844,4.710151195526123,4.710151195526123
2025-09-30,2025-08-28,4.805,4.381858825683594,4.044256687164307,4.044256687164307,4.201507568359375,4.381858825683594,4.5789666175842285,4.782557487487793,4.782557487487793
2025-10-01,2025-08-29,4.8305,4.423539161682129,4.067023754119873,4.067023754119873,4.232050895690918,4.423539161682129,4.633115291595459,4.841922760009766,4.841922760009766
2025-10-02,2025-09-02,4.898,4.494836807250977,4.114547252655029,4.114547252655029,4.291321754455566,4.494836807250977,4.719855308532715,4.945598125457764,4.945598125457764
2025-10-03,2025-09-03,5.058,4.504622936248779,4.139524459838867,4.139524459838867,4.3119964599609375,4.504622936248779,4.718505859375,4.935773849487305,4.935773849487305
2025-10-06,2025-09-04,4.987,4.464855194091797,4.122870922088623,4.122870922088623,4.287296772003174,4.464855194091797,4.656260013580322,4.850040912628174,4.850040912628174
2025-10-07,2025-09-05,5.048,4.481281280517578,4.1364264488220215,4.1364264488220215,4.302987575531006,4.481281280517578,4.672206878662109,4.863986015319824,4.863986015319824
2025-10-08,2025-09-08,5.046,4.493386268615723,4.155138969421387,4.155138969421387,4.3195648193359375,4.493386268615723,4.679473876953125,4.868804931640625,4.868804931640625
2025-10-09,2025-09-09,5.0755,4.543992519378662,4.196374416351318,4.196374416351318,4.362745761871338,4.543992519378662,4.743793487548828,4.947264194488525,4.947264194488525
2025-10-10,2025-09-10,4.8485,4.596095561981201,4.235238075256348,4.235238075256348,4.406432151794434,4.596095561981201,4.803734302520752,5.010750770568848,5.010750770568848
2025-10-13,2025-09-11,5.1005,4.6536993980407715,4.28364896774292,4.28364896774292,4.457496643066406,4.6536993980407715,4.871435642242432,5.089008808135986,5.089008808135986
2025-10-14,2025-09-12,4.9805,4.678593635559082,4.303964614868164,4.303964614868164,4.483388900756836,4.678593635559082,4.891716957092285,5.104783535003662,5.104783535003662
2025-10-15,2025-09-15,4.972,4.696356773376465,4.330260276794434,4.330260276794434,4.500982284545898,4.696356773376465,4.920589447021484,5.157280921936035,5.157280921936035
2025-10-16,2025-09-16,4.958,4.710403919219971,4.343978404998779,4.343978404998779,4.513887882232666,4.710403919219971,4.944085597991943,5.199241638183594,5.199241638183594
2025-10-17,2025-09-17,4.9315,4.736783504486084,4.373495101928711,4.373495101928711,4.541769504547119,4.736783504486084,4.968689918518066,5.211560249328613,5.211560249328613
2025-10-20,2025-09-18,4.998,4.7155632972717285,4.368818759918213,4.368818759918213,4.528088569641113,4.7155632972717285,4.94119930267334,5.178201675415039,5.178201675415039
2025-10-21,2025-09-19,4.93,4.709407806396484,4.377819061279297,4.377819061279297,4.530020713806152,4.709407806396484,4.928666114807129,5.168164253234863,5.168164253234863
2025-10-22,2025-09-22,4.961,4.740996837615967,4.400419235229492,4.400419235229492,4.556919097900391,4.740996837615967,4.968114376068115,5.224422454833984,5.224422454833984
2025-10-23,2025-09-23,5.082,4.752615451812744,4.401922225952148,4.401922225952148,4.564122200012207,4.752615451812744,4.979298114776611,5.234750747680664,5.234750747680664
2025-10-24,2025-09-24,5.0935,4.8961639404296875,4.439830303192139,4.439830303192139,4.643934726715088,4.8961639404296875,5.203629016876221,5.550886154174805,5.550886154174805
2025-10-27,2025-09-25,5.1405,4.843719482421875,4.435665607452393,4.435665607452393,4.622061729431152,4.843719482421875,5.108676910400391,5.403168201446533,5.403168201446533
2025-10-28,2025-09-26,5.1405,4.833820343017578,4.439967155456543,4.439967155456543,4.619819641113281,4.833820343017578,5.086061954498291,5.362377643585205,5.362377643585205
2025-10-29,2025-09-29,5.2335,4.9504594802856445,4.495208263397217,4.495208263397217,4.700235843658447,4.9504594802856445,5.2461042404174805,5.566944122314453,5.566944122314453
2025-10-30,2025-09-30,5.078,4.908230781555176,4.463776588439941,4.463776588439941,4.665213584899902,4.908230781555176,5.187439918518066,5.4737348556518555,5.4737348556518555
2025-10-31,2025-10-01,5.0655,4.990899562835693,4.5255866050720215,4.5255866050720215,4.733867645263672,4.990899562835693,5.291530609130859,5.598051071166992,5.598051071166992
2025-11-03,2025-10-02,5.047,5.075687885284424,4.601080417633057,4.601080417633057,4.813126564025879,5.075687885284424,5.381777763366699,5.6941728591918945,5.6941728591918945
2025-11-04,2025-10-03,4.926,5.194946765899658,4.661888122558594,4.661888122558594,4.897158145904541,5.194946765899658,5.5442399978637695,5.9141645431518555,5.9141645431518555
2025-11-05,2025-10-06,4.963,5.198764324188232,4.6879754066467285,4.6879754066467285,4.9177680015563965,5.198764324188232,5.517334938049316,5.8393425941467285,5.8393425941467285
2025-11-06,2025-10-07,4.9455,5.223940849304199,4.71760892868042,4.71760892868042,4.944371223449707,5.223940849304199,5.535930633544922,5.850344657897949,5.850344657897949
2025-11-07,2025-10-08,4.938,5.280686855316162,4.76637601852417,4.76637601852417,4.997413635253906,5.280686855316162,5.599522590637207,5.92353630065918,5.92353630065918
2025-11-10,2025-10-09,5.087,5.337549209594727,4.839183330535889,4.839183330535889,5.064949989318848,5.337549209594727,5.64443302154541,5.954020023345947,5.954020023345947
2025-11-11,2025-10-10,5.0485,5.069802761077881,4.595607757568359,4.595607757568359,4.802994728088379,5.069802761077881,5.384969234466553,5.6925764083862305,5.6925764083862305
2025-11-12,2025-10-13,5.0895,5.231791973114014,4.701476097106934,4.701476097106934,4.937183380126953,5.231791973114014,5.5628533363342285,5.8909759521484375,5.8909759521484375
2025-11-13,2025-10-14,5.0875,5.194091320037842,4.684438228607178,4.684438228607178,4.910069465637207,5.194091320037842,5.52817440032959,5.864605903625488,5.864605903625488
2025-11-14,2025-10-15,5.0495,5.163509368896484,4.659503936767578,4.659503936767578,4.882635116577148,5.163509368896484,5.499258995056152,5.845806121826172,5.845806121826172
2025-11-17,2025-10-16,5.0,5.117184162139893,4.620927810668945,4.620927810668945,4.8420329093933105,5.117184162139893,5.442737579345703,5.785339832305908,5.785339832305908
2025-11-18,2025-10-17,4.9625,5.074594974517822,4.617598533630371,4.617598533630371,4.8234543800354,5.074594974517822,5.373486042022705,5.6930108070373535,5.6930108070373535
2025-11-19,2025-10-20,5.008,5.117300987243652,4.662333965301514,4.662333965301514,4.86724328994751,5.117300987243652,5.416011333465576,5.735915184020996,5.735915184020996
2025-11-20,2025-10-21,4.9595,5.1217827796936035,4.666497230529785,4.666497230529785,4.871914386749268,5.1217827796936035,5.41655158996582,5.726681232452393,5.726681232452393
2025-11-21,2025-10-22,5.0085,5.124204635620117,4.66652774810791,4.66652774810791,4.873606204986572,5.124204635620117,5.418179512023926,5.727331638336182,5.727331638336182
2025-11-24,2025-10-23,4.962,5.239450454711914,4.754511833190918,4.754511833190918,4.97174596786499,5.239450454711914,5.557166576385498,5.894230365753174,5.894230365753174
2025-11-25,2025-10-24,4.9995,5.341893672943115,4.845067501068115,4.845067501068115,5.067996978759766,5.341893672943115,5.665127754211426,6.0094499588012695,6.0094499588012695
2025-11-26,2025-10-27,5.1045,5.407583713531494,4.870535373687744,4.870535373687744,5.111787796020508,5.407583713531494,5.745698928833008,6.101855278015137,6.101855278015137
2025-11-28,2025-10-28,5.1855,5.444629192352295,4.897369384765625,4.897369384765625,5.147202968597412,5.444629192352295,5.766304016113281,6.091475486755371,6.091475486755371
2025-12-01,2025-10-29,5.219,5.410775184631348,4.859866142272949,4.859866142272949,5.108905792236328,5.410775184631348,5.7363481521606445,6.060115337371826,6.060115337371826
2025-12-02,2025-10-30,5.161,5.256936550140381,4.731003284454346,4.731003284454346,4.965066909790039,5.256936550140381,5.583754062652588,5.908878326416016,5.908878326416016
2025-12-03,2025-10-31,5.308,5.26661491394043,4.756160736083984,4.756160736083984,4.983578681945801,5.26661491394043,5.585979461669922,5.897227764129639,5.897227764129639
2025-12-04,2025-11-03,5.2915,5.1606669425964355,4.650680065155029,4.650680065155029,4.876479148864746,5.1606669425964355,5.477356433868408,5.7773895263671875,5.7773895263671875
2025-12-05,2025-11-04,5.382,5.048647880554199,4.541517734527588,4.541517734527588,4.762071132659912,5.048647880554199,5.381635665893555,5.698493003845215,5.698493003845215
2025-12-08,2025-11-05,5.3645,5.077434539794922,4.5804948806762695,4.5804948806762695,4.796402931213379,5.077434539794922,5.410561561584473,5.734837532043457,5.734837532043457
2025-12-09,2025-11-06,5.2405,5.02439022064209,4.543560028076172,4.543560028076172,4.752634048461914,5.02439022064209,5.351288795471191,5.676974296569824,5.676974296569824
2025-12-10,2025-11-07,5.2755,4.981108665466309,4.521861553192139,4.521861553192139,4.723211765289307,4.981108665466309,5.2892045974731445,5.598247528076172,5.598247528076172
2025-12-11,2025-11-10,5.427,5.095560073852539,4.629573345184326,4.629573345184326,4.835858345031738,5.095560073852539,5.404104709625244,5.717715263366699,5.717715263366699
2025-12-12,2025-11-11,5.2835,5.055077075958252,4.6140947341918945,4.6140947341918945,4.810797691345215,5.055077075958252,5.342221260070801,5.631316184997559,5.631316184997559
2025-12-15,2025-11-12,5.3385,5.100619792938232,4.641396522521973,4.641396522521973,4.847051620483398,5.100619792938232,5.391835689544678,5.687229633331299,5.687229633331299
2025-12-16,2025-11-13,5.287,5.093000411987305,4.633883476257324,4.633883476257324,4.841048240661621,5.093000411987305,5.376961708068848,5.66961669921875,5.66961669921875
2025-12-17,2025-11-14,5.3635,5.097538471221924,4.661476135253906,4.661476135253906,4.85921573638916,5.097538471221924,5.369050979614258,5.6524128913879395,5.6524128913879395
2025-12-18,2025-11-17,5.3665,5.0966973304748535,4.657689571380615,4.657689571380615,4.855181694030762,5.0966973304748535,5.379193305969238,5.675595283508301,5.675595283508301
2025-12-19,2025-11-18,5.4395,5.06958532333374,4.636360168457031,4.636360168457031,4.831844329833984,5.06958532333374,5.348562717437744,5.640446662902832,5.640446662902832
2025-12-22,2025-11-19,5.4375,5.099186897277832,4.6447858810424805,4.6447858810424805,4.850955963134766,5.099186897277832,5.38565731048584,5.677145481109619,5.677145481109619
2025-12-23,2025-11-20,5.476,5.043758869171143,4.623921871185303,4.623921871185303,4.814589500427246,5.043758869171143,5.306180000305176,5.5617828369140625,5.5617828369140625
2025-12-24,2025-11-21,5.4985,5.08353328704834,4.669562816619873,4.669562816619873,4.856321811676025,5.08353328704834,5.349972724914551,5.617170333862305,5.617170333862305
2025-12-26,2025-11-24,5.7665,5.109733581542969,4.706333637237549,4.706333637237549,4.888154983520508,5.109733581542969,5.370358467102051,5.630699157714844,5.630699157714844
2025-12-29,2025-11-25,5.4905,5.105708122253418,4.686516284942627,4.686516284942627,4.874500274658203,5.105708122253418,5.3720622062683105,5.637151718139648,5.637151718139648
2025-12-30,2025-11-26,5.7275,5.137577056884766,4.683170795440674,4.683170795440674,4.8842058181762695,5.137577056884766,5.429744720458984,5.72227668762207,5.72227668762207
2025-12-31,2025-11-28,5.63,5.188636302947998,4.705352306365967,4.705352306365967,4.917822360992432,5.188636302947998,5.501691818237305,5.8146820068359375,5.8146820068359375
2026-01-02,2025-12-01,5.64,5.2422051429748535,4.7411909103393555,4.7411909103393555,4.963460922241211,5.2422051429748535,5.560385704040527,5.880349159240723,5.880349159240723
2026-01-05,2025-12-02,5.9245,5.2128586769104,4.7313079833984375,4.7313079833984375,4.947140693664551,5.2128586769104,5.504688262939453,5.788447380065918,5.788447380065918
2026-01-06,2025-12-03,6.0105,5.342649459838867,4.833683490753174,4.833683490753174,5.063950538635254,5.342649459838867,5.654749870300293,5.9746479988098145,5.9746479988098145
2026-01-07,2025-12-04,5.809,5.344790458679199,4.850006103515625,4.850006103515625,5.076484203338623,5.344790458679199,5.637126922607422,5.9305291175842285,5.9305291175842285
2026-01-08,2025-12-05,5.7465,5.397324085235596,4.865008354187012,4.865008354187012,5.108590126037598,5.397324085235596,5.71170711517334,6.029176235198975,6.029176235198975
2026-01-09,2025-12-08,5.8555,5.383062362670898,4.854284286499023,4.854284286499023,5.098270416259766,5.383062362670898,5.686302661895752,5.987891674041748,5.987891674041748
2026-01-12,2025-12-09,5.985,5.3080668449401855,4.83616304397583,4.83616304397583,5.055169105529785,5.3080668449401855,5.576197624206543,5.834000110626221,5.834000110626221
2026-01-13,2025-12-10,5.97,5.356100559234619,4.882424354553223,4.882424354553223,5.101137161254883,5.356100559234619,5.627643585205078,5.889434337615967,5.889434337615967
2026-01-14,2025-12-11,6.009,5.430722713470459,4.943826198577881,4.943826198577881,5.167675018310547,5.430722713470459,5.722317695617676,6.0179443359375,6.0179443359375
2026-01-15,2025-12-12,5.948,5.316262245178223,4.864754676818848,4.864754676818848,5.075486183166504,5.316262245178223,5.57557487487793,5.8250508308410645,5.8250508308410645
2026-01-16,2025-12-15,5.7885,5.340825080871582,4.920820713043213,4.920820713043213,5.119640350341797,5.340825080871582,5.577174186706543,5.804965019226074,5.804965019226074
2026-01-20,2025-12-16,5.773,5.319369792938232,4.906925201416016,4.906925201416016,5.10173225402832,5.319369792938232,5.549067974090576,5.774154186248779,5.774154186248779
2026-01-21,2025-12-17,5.7295,5.4036545753479,5.004909515380859,5.004909515380859,5.193875312805176,5.4036545753479,5.62847375869751,5.851015090942383,5.851015090942383
2026-01-22,2025-12-18,5.7425,5.4124956130981445,5.023584842681885,5.023584842681885,5.208281517028809,5.4124956130981445,5.632656097412109,5.853704452514648,5.853704452514648
2026-01-23,2025-12-19,5.911,5.437089920043945,5.012748718261719,5.012748718261719,5.21356201171875,5.437089920043945,5.6792192459106445,5.919007778167725,5.919007778167725
2026-01-26,2025-12-22,5.984,5.452503204345703,5.028988838195801,5.028988838195801,5.230589866638184,5.452503204345703,5.688467979431152,5.920259475708008,5.920259475708008
2026-01-27,2025-12-23,5.8285,5.5096869468688965,5.080970764160156,5.080970764160156,5.2863311767578125,5.5096869468688965,5.748719692230225,5.985103607177734,5.985103607177734
2026-01-28,2025-12-24,5.8925,5.53341817855835,5.095470428466797,5.095470428466797,5.307594299316406,5.53341817855835,5.7701005935668945,6.003806114196777,6.003806114196777
2026-01-29,2025-12-26,6.1755,5.655854225158691,5.184668064117432,5.184668064117432,5.40924072265625,5.655854225158691,5.9361419677734375,6.223050594329834,6.223050594329834
2026-01-30,2025-12-29,5.897,5.5428690910339355,5.13274621963501,5.13274621963501,5.331259250640869,5.5428690910339355,5.770149230957031,5.996859550476074,5.996859550476074
2026-02-02,2025-12-30,5.8015,5.719452857971191,5.243526935577393,5.243526935577393,5.472621917724609,5.719452857971191,5.982419967651367,6.240967750549316,6.240967750549316
2026-02-03,2025-12-31,6.0625,5.735233306884766,5.2546844482421875,5.2546844482421875,5.487581253051758,5.735233306884766,5.991892337799072,6.2443718910217285,6.2443718910217285
2026-02-04,2026-01-02,5.826,5.735146999359131,5.2797651290893555,5.2797651290893555,5.499386787414551,5.735146999359131,5.980963706970215,6.22337007522583,6.22337007522583
2026-02-05,2026-01-05,5.799,5.875751972198486,5.354435920715332,5.354435920715332,5.601655006408691,5.875751972198486,6.176055908203125,6.488478660583496,6.488478660583496
2026-02-06,2026-01-06,5.8635,6.0263519287109375,5.432084083557129,5.432084083557129,5.713096618652344,6.0263519287109375,6.368496894836426,6.730029106140137,6.730029106140137
2026-02-09,2026-01-07,5.945,5.906286239624023,5.353485107421875,5.353485107421875,5.619553089141846,5.906286239624023,6.199708938598633,6.486903190612793,6.486903190612793
2026-02-10,2026-01-08,5.896,5.791837692260742,5.277982234954834,5.277982234954834,5.52642297744751,5.791837692260742,6.059503555297852,6.3184051513671875,6.3184051513671875
2026-02-11,2026-01-09,5.949,5.86691427230835,5.326085567474365,5.326085567474365,5.586409568786621,5.86691427230835,6.1557512283325195,6.4371490478515625,6.4371490478515625
2026-02-12,2026-01-12,5.771,5.965025424957275,5.401693344116211,5.401693344116211,5.672479152679443,5.965025424957275,6.2728118896484375,6.575499534606934,6.575499534606934
2026-02-13,2026-01-13,5.7925,6.028234958648682,5.466490745544434,5.466490745544434,5.737226963043213,6.028234958648682,6.335882186889648,6.636905193328857,6.636905193328857
2026-02-17,2026-01-14,5.633,6.08467960357666,5.503292083740234,5.503292083740234,5.786057949066162,6.08467960357666,6.395089149475098,6.692720413208008,6.692720413208008
2026-02-18,2026-01-15,5.7935,6.022974967956543,5.464606285095215,5.464606285095215,5.7371439933776855,6.022974967956543,6.311907768249512,6.5846781730651855,6.5846781730651855
2026-02-19,2026-01-16,5.73,5.894948482513428,5.365072250366211,5.365072250366211,5.622162818908691,5.894948482513428,6.177379608154297,6.443050384521484,6.443050384521484
2026-02-20,2026-01-20,5.831,5.899304389953613,5.379351615905762,5.379351615905762,5.6319193840026855,5.899304389953613,6.175189018249512,6.433077812194824,6.433077812194824
2026-02-23,2026-01-21,5.773,5.854903697967529,5.352973937988281,5.352973937988281,5.596236228942871,5.854903697967529,6.124603271484375,6.375131607055664,6.375131607055664
2026-02-24,2026-01-22,5.923,5.918445587158203,5.427404880523682,5.427404880523682,5.666040420532227,5.918445587158203,6.179324150085449,6.4244585037231445,6.4244585037231445
2026-02-25,2026-01-23,5.9795,6.025608539581299,5.509377479553223,5.509377479553223,5.76126766204834,6.025608539581299,6.297333717346191,6.555283069610596,6.555283069610596
2026-02-26,2026-01-26,5.947,6.1014485359191895,5.561291694641113,5.561291694641113,5.825295448303223,6.1014485359191895,6.382573127746582,6.652209281921387,6.652209281921387
2026-02-27,2026-01-27,6.0045,5.949310302734375,5.462335586547852,5.462335586547852,5.699365615844727,5.949310302734375,6.199343681335449,6.441102504730225,6.441102504730225
2026-03-02,2026-01-28,5.8945,6.0037760734558105,5.513282775878906,5.513282775878906,5.751455307006836,6.0037760734558105,6.258488178253174,6.507401943206787,6.507401943206787
2026-03-03,2026-01-29,5.7735,6.223207950592041,5.659596920013428,5.659596920013428,5.929399490356445,6.223207950592041,6.531850814819336,6.837772846221924,6.837772846221924
2026-03-04,2026-01-30,5.855,6.086536884307861,5.563174247741699,5.563174247741699,5.815411567687988,6.086536884307861,6.360475540161133,6.632240295410156,6.632240295410156
2026-03-05,2026-02-02,5.753,5.9822516441345215,5.488109111785889,5.488109111785889,5.72531795501709,5.9822516441345215,6.242964267730713,6.501176834106445,6.501176834106445
2026-03-06,2026-02-03,5.757,6.132446765899658,5.605439186096191,5.605439186096191,5.858798027038574,6.132446765899658,6.4177117347717285,6.701089859008789,6.701089859008789
2026-03-09,2026-02-04,5.8005,6.05070686340332,5.529487133026123,5.529487133026123,5.778423309326172,6.05070686340332,6.330780982971191,6.605162620544434,6.605162620544434
2026-03-10,2026-02-05,5.904,6.083824634552002,5.579297065734863,5.579297065734863,5.820058822631836,6.083824634552002,6.3580851554870605,6.6315460205078125,6.6315460205078125
2026-03-11,2026-02-06,5.8455,6.110685348510742,5.604043006896973,5.604043006896973,5.847849369049072,6.110685348510742,6.381792068481445,6.650561809539795,6.650561809539795
2026-03-12,2026-02-09,5.8245,6.142409801483154,5.651137351989746,5.651137351989746,5.889705657958984,6.142409801483154,6.398547172546387,6.649121284484863,6.649121284484863
2026-03-13,2026-02-10,5.7145,6.132980823516846,5.661177635192871,5.661177635192871,5.891586780548096,6.132980823516846,6.375916481018066,6.613316059112549,6.613316059112549
2026-03-16,2026-02-11,5.7905,6.175079345703125,5.688684463500977,5.688684463500977,5.926192283630371,6.175079345703125,6.423565864562988,6.663487911224365,6.663487911224365
2026-03-17,2026-02-12,5.7265,6.010095596313477,5.507889270782471,5.507889270782471,5.751086711883545,6.010095596313477,6.263586521148682,6.504436492919922,6.504436492919922
2026-03-18,2026-02-13,5.554,6.0388617515563965,5.555010795593262,5.555010795593262,5.7904276847839355,6.0388617515563965,6.280238628387451,6.513278961181641,6.513278961181641
2026-03-19,2026-02-17,5.433,5.846643924713135,5.307847023010254,5.307847023010254,5.570348739624023,5.846643924713135,6.109015941619873,6.350325107574463,6.350325107574463
2026-03-20,2026-02-18,5.3425,5.963451385498047,5.427441596984863,5.427441596984863,5.689679145812988,5.963451385498047,6.229050636291504,6.479755878448486,6.479755878448486
2026-03-23,2026-02-19,5.4395,5.9190263748168945,5.414913177490234,5.414913177490234,5.6607770919799805,5.9190263748168945,6.166801452636719,6.400846481323242,6.400846481323242
2026-03-24,2026-02-20,5.4225,5.951841831207275,5.439025402069092,5.439025402069092,5.688623428344727,5.951841831207275,6.206541538238525,6.449289321899414,6.449289321899414
2026-03-25,2026-02-23,5.529,5.926344871520996,5.414044380187988,5.414044380187988,5.662097930908203,5.926344871520996,6.186219215393066,6.4380316734313965,6.4380316734313965
2026-03-26,2026-02-24,5.4465,6.045369625091553,5.5319504737854,5.5319504737854,5.7791643142700195,6.045369625091553,6.311259746551514,6.57034969329834,6.57034969329834
2026-03-27,2026-02-25,5.467,6.110198497772217,5.61790657043457,5.61790657043457,5.854413032531738,6.110198497772217,6.368370056152344,6.622062683105469,6.622062683105469
2026-03-30,2026-02-26,5.476,6.097814083099365,5.594761371612549,5.594761371612549,5.838552951812744,6.097814083099365,6.357275009155273,6.610447883605957,6.610447883605957
2026-03-31,2026-02-27,5.5875,6.143732070922852,5.641528606414795,5.641528606414795,5.8843913078308105,6.143732070922852,6.405372142791748,6.659054756164551,6.659054756164551
2026-04-01,2026-03-02,5.624,6.074905872344971,5.5945658683776855,5.5945658683776855,5.826143741607666,6.074905872344971,6.326986789703369,6.573666572570801,6.573666572570801
2026-04-02,2026-03-03,5.563,5.936951160430908,5.4249958992004395,5.4249958992004395,5.671263694763184,5.936951160430908,6.205859184265137,6.461966037750244,6.461966037750244
2026-04-06,2026-03-04,5.5835,5.998451232910156,5.499907493591309,5.499907493591309,5.740389347076416,5.998451232910156,6.259944915771484,6.50679874420166,6.50679874420166
2026-04-07,2026-03-05,5.5445,5.920587062835693,5.434483051300049,5.434483051300049,5.6680498123168945,5.920587062835693,6.179813385009766,6.426027297973633,6.426027297973633
2026-04-08,2026-03-06,5.7595,5.919223308563232,5.424160003662109,5.424160003662109,5.663540840148926,5.919223308563232,6.178277969360352,6.422680377960205,6.422680377960205
2026-04-09,2026-03-09,5.748,5.913146495819092,5.4195756912231445,5.4195756912231445,5.657779693603516,5.913146495819092,6.173201560974121,6.417407989501953,6.417407989501953
2026-04-10,2026-03-10,5.8705,6.007533073425293,5.511751651763916,5.511751651763916,5.753222465515137,6.007533073425293,6.266201972961426,6.510297775268555,6.510297775268555
2026-04-13,2026-03-11,5.976,5.9525651931762695,5.434305667877197,5.434305667877197,5.687363147735596,5.9525651931762695,6.2154154777526855,6.462649345397949,6.462649345397949
2026-04-14,2026-03-12,6.0705,5.963320732116699,5.444345951080322,5.444345951080322,5.6990861892700195,5.963320732116699,6.228387355804443,6.48232364654541,6.48232364654541
2026-04-15,2026-03-13,6.072,5.871786117553711,5.370936870574951,5.370936870574951,5.6172590255737305,5.871786117553711,6.12387752532959,6.365682125091553,6.365682125091553
2026-04-16,2026-03-16,6.0665,5.906606197357178,5.41176700592041,5.41176700592041,5.655398845672607,5.906606197357178,6.158249855041504,6.400618553161621,6.400618553161621
2026-04-17,2026-03-17,6.1035,5.834529399871826,5.33134126663208,5.33134126663208,5.578022480010986,5.834529399871826,6.094663143157959,6.3495001792907715,6.3495001792907715
2026-04-20,2026-03-18,6.036,5.6931471824646,5.168984889984131,5.168984889984131,5.423562049865723,5.6931471824646,5.967243194580078,6.227129936218262,6.227129936218262
2026-04-21,2026-03-19,6.0015,5.647952079772949,5.136787414550781,5.136787414550781,5.382383346557617,5.647952079772949,5.922494411468506,6.181259632110596,6.181259632110596
2026-04-22,2026-03-20,6.12,5.484565258026123,4.9587836265563965,4.9587836265563965,5.207679748535156,5.484565258026123,5.777606010437012,6.052384376525879,6.052384376525879
2026-04-23,2026-03-23,6.0755,5.534238338470459,5.025496959686279,5.025496959686279,5.266046047210693,5.534238338470459,5.8270673751831055,6.105705738067627,6.105705738067627
2026-04-24,2026-03-24,6.0235,5.530428409576416,5.028061866760254,5.028061866760254,5.263649940490723,5.530428409576416,5.833907127380371,6.1381072998046875,6.1381072998046875
2026-04-27,2026-03-25,6.018,5.5560302734375,5.034942150115967,5.034942150115967,5.280113220214844,5.5560302734375,5.86341667175293,6.16831111907959,6.16831111907959
2026-04-28,2026-03-26,5.9145,5.498063564300537,4.997159004211426,4.997159004211426,5.231666564941406,5.498063564300537,5.796255111694336,6.092748641967773,6.092748641967773
2026-04-29,2026-03-27,5.8785,5.536126136779785,5.035873889923096,5.035873889923096,5.269725799560547,5.536126136779785,5.8452959060668945,6.174161434173584,6.174161434173584
2026-04-30,2026-03-30,5.926,5.562924861907959,5.064128398895264,5.064128398895264,5.3016791343688965,5.562924861907959,5.8588714599609375,6.174445152282715,6.174445152282715
2026-05-01,2026-03-31,5.932,5.641702651977539,5.144431114196777,5.144431114196777,5.381450176239014,5.641702651977539,5.935107231140137,6.243097305297852,6.243097305297852
2026-05-04,2026-04-01,5.795,5.710784912109375,5.220055103302002,5.220055103302002,5.455292224884033,5.710784912109375,5.994104862213135,6.284951686859131,6.284951686859131
2026-05-05,2026-04-02,5.943,5.688422203063965,5.205361366271973,5.205361366271973,5.438745021820068,5.688422203063965,5.960797309875488,6.240920066833496,6.240920066833496
2026-05-06,2026-04-06,6.1365,5.705677032470703,5.213365077972412,5.213365077972412,5.4526214599609375,5.705677032470703,5.983767986297607,6.277154922485352,6.277154922485352
2026-05-07,2026-04-07,6.1275,5.690081596374512,5.2203803062438965,5.2203803062438965,5.449400901794434,5.690081596374512,5.949034690856934,6.214468002319336,6.214468002319336
2026-05-08,2026-04-08,6.249,5.838397026062012,5.336662292480469,5.336662292480469,5.581153869628906,5.838397026062012,6.117016792297363,6.405165672302246,6.405165672302246
2026-05-11,2026-04-09,6.4135,5.868648529052734,5.351718425750732,5.351718425750732,5.602344512939453,5.868648529052734,6.1513566970825195,6.434600830078125,6.434600830078125
2026-05-12,2026-04-10,6.485,6.004334449768066,5.471999168395996,5.471999168395996,5.728477478027344,6.004334449768066,6.297368049621582,6.581150054931641,6.581150054931641
2026-05-13,2026-04-13,6.6355,6.0925421714782715,5.567512512207031,5.567512512207031,5.822175979614258,6.0925421714782715,6.386346817016602,6.681730270385742,6.681730270385742
2026-05-14,2026-04-14,6.5675,6.195533752441406,5.585640907287598,5.585640907287598,5.881894111633301,6.195533752441406,6.53839111328125,6.901432991027832,6.901432991027832
2026-05-15,2026-04-15,6.2515,6.272814750671387,5.6698408126831055,5.6698408126831055,5.9605560302734375,6.272814750671387,6.613456726074219,6.963559150695801,6.963559150695801
2026-05-18,2026-04-16,6.272,6.3075385093688965,5.699130058288574,5.699130058288574,5.990805149078369,6.3075385093688965,6.658078193664551,7.022598743438721,7.022598743438721
2026-05-19,2026-04-17,6.165,6.362489700317383,5.738778114318848,5.738778114318848,6.039875507354736,6.362489700317383,6.712338447570801,7.0705156326293945,7.0705156326293945
2026-05-20,2026-04-20,6.2905,6.255344867706299,5.652813911437988,5.652813911437988,5.945163726806641,6.255344867706299,6.585058212280273,6.912013053894043,6.912013053894043
2026-05-21,2026-04-21,6.257,6.283233642578125,5.661501407623291,5.661501407623291,5.96262264251709,6.283233642578125,6.633941650390625,6.996621131896973,6.996621131896973
2026-05-22,2026-04-22,6.342,6.526440620422363,5.8823957443237305,5.8823957443237305,6.19512939453125,6.526440620422363,6.89186429977417,7.274734973907471,7.274734973907471
2026-05-26,2026-04-23,6.361,6.5223894119262695,5.873891830444336,5.873891830444336,6.188109874725342,6.5223894119262695,6.886875152587891,7.270498275756836,7.270498275756836
2026-05-27,2026-04-24,6.305,6.428404331207275,5.81428337097168,5.81428337097168,6.113161087036133,6.428404331207275,6.761136054992676,7.095000267028809,7.095000267028809
2026-05-28,2026-04-27,6.396,6.313837051391602,5.7250895500183105,5.7250895500183105,6.016677379608154,6.313837051391602,6.616355895996094,6.906055450439453,6.906055450439453
2026-05-29,2026-04-28,6.3595,6.183541774749756,5.5812578201293945,5.5812578201293945,5.880426406860352,6.183541774749756,6.4897613525390625,6.785388946533203,6.785388946533203
2026-06-01,2026-04-29,6.524,6.156086444854736,5.597877025604248,5.597877025604248,5.875905990600586,6.156086444854736,6.435536861419678,6.69606876373291,6.69606876373291
2026-06-02,2026-04-30,6.6495,6.143679618835449,5.598360538482666,5.598360538482666,5.871599197387695,6.143679618835449,6.412481307983398,6.660065650939941,6.660065650939941
2026-06-03,2026-05-01,6.481,6.077688217163086,5.5478339195251465,5.5478339195251465,5.816047668457031,6.077688217163086,6.3363494873046875,6.576798915863037,6.576798915863037
2026-06-04,2026-05-04,6.511,5.939690589904785,5.404262542724609,5.404262542724609,5.674389839172363,5.939690589904785,6.197358131408691,6.434442520141602,6.434442520141602
2026-06-05,2026-05-05,6.2635,6.009117126464844,5.503719329833984,5.503719329833984,5.758784294128418,6.009117126464844,6.254840850830078,6.488384246826172,6.488384246826172
2026-06-08,2026-05-06,6.3295,6.184708595275879,5.632368564605713,5.632368564605713,5.909231185913086,6.184708595275879,6.466278076171875,6.7415924072265625,6.7415924072265625
2026-06-09,2026-05-07,6.3025,6.218157768249512,5.682507038116455,5.682507038116455,5.94946813583374,6.218157768249512,6.490447998046875,6.754664421081543,6.754664421081543
2026-06-10,2026-05-08,6.249,6.360990524291992,5.810904026031494,5.810904026031494,6.079382419586182,6.360990524291992,6.663652420043945,6.962606430053711,6.962606430053711
2026-06-11,2026-05-11,6.259,6.558550834655762,5.9774065017700195,5.9774065017700195,6.258111476898193,6.558550834655762,6.889007568359375,7.219930648803711,7.219930648803711
2026-06-12,2026-05-12,6.4305,6.671743392944336,6.059958457946777,6.059958457946777,6.356276035308838,6.671743392944336,7.01680850982666,7.364845275878906,7.364845275878906
2026-06-15,2026-05-13,6.4825,6.865818500518799,6.157413005828857,6.157413005828857,6.498007774353027,6.865818500518799,7.281958103179932,7.726901054382324,7.726901054382324
2026-06-16,2026-05-14,6.489,6.867464542388916,6.244503974914551,6.244503974914551,6.54617166519165,6.867464542388916,7.216486930847168,7.559834003448486,7.559834003448486
2026-06-17,2026-05-15,6.4815,6.6053948402404785,6.023094177246094,6.023094177246094,6.307253837585449,6.6053948402404785,6.9165239334106445,7.217418193817139,7.217418193817139
2026-06-18,2026-05-18,6.3745,6.673030853271484,6.117484092712402,6.117484092712402,6.388304710388184,6.673030853271484,6.976078987121582,7.272693634033203,7.272693634033203
2026-06-22,2026-05-19,6.3565,6.583539962768555,6.008786678314209,6.008786678314209,6.290500164031982,6.583539962768555,6.887210845947266,7.178250789642334,7.178250789642334
2026-06-23,2026-05-20,6.141,6.620100975036621,6.014422416687012,6.014422416687012,6.312806129455566,6.620100975036621,6.941028594970703,7.2515459060668945,7.2515459060668945
2026-06-24,2026-05-21,5.943,6.617483139038086,6.051257133483887,6.051257133483887,6.332086563110352,6.617483139038086,6.914158344268799,7.205331802368164,7.205331802368164
2026-06-25,2026-05-22,6.0705,6.712207794189453,6.161995887756348,6.161995887756348,6.433992385864258,6.712207794189453,7.009370803833008,7.305449485778809,7.305449485778809
2026-06-26,2026-05-26,6.1415,6.715633869171143,6.185731887817383,6.185731887817383,6.450418472290039,6.715633869171143,6.9989728927612305,7.284900665283203,7.284900665283203
2026-06-29,2026-05-27,6.0975,6.665846347808838,6.147350311279297,6.147350311279297,6.4048309326171875,6.665846347808838,6.940291881561279,7.2158894538879395,7.2158894538879395
2026-06-30,2026-05-28,6.1925,6.673871994018555,6.1395697593688965,6.1395697593688965,6.404346466064453,6.673871994018555,6.955812931060791,7.237898826599121,7.237898826599121
2026-07-01,2026-05-29,6.1235,6.659502029418945,6.096680164337158,6.096680164337158,6.377885818481445,6.659502029418945,6.952139854431152,7.24627685546875,7.24627685546875
2026-07-02,2026-06-01,6.1145,6.729587554931641,6.156266212463379,6.156266212463379,6.437170028686523,6.729587554931641,7.0400519371032715,7.346352577209473,7.346352577209473
2026-07-06,2026-06-02,6.178,6.848684787750244,6.242645740509033,6.242645740509033,6.533435821533203,6.848684787750244,7.189067840576172,7.524532318115234,7.524532318115234
2026-07-07,2026-06-03,6.1715,6.769881725311279,6.195702075958252,6.195702075958252,6.4766740798950195,6.769881725311279,7.071040153503418,7.370073318481445,7.370073318481445
2026-07-08,2026-06-04,6.0545,6.818781852722168,6.250430583953857,6.250430583953857,6.527336120605469,6.818781852722168,7.117209434509277,7.411291122436523,7.411291122436523
2026-07-09,2026-06-05,6.215,6.621665000915527,6.035867691040039,6.035867691040039,6.319589138031006,6.621665000915527,6.919890403747559,7.206601142883301,7.206601142883301
2026-07-10,2026-06-08,6.2335,6.689330101013184,6.136346817016602,6.136346817016602,6.404663562774658,6.689330101013184,6.976779937744141,7.25634765625,7.25634765625
2026-07-13,2026-06-09,6.233,6.677187919616699,6.130491256713867,6.130491256713867,6.394252777099609,6.677187919616699,6.960201740264893,7.236288070678711,7.236288070678711
2026-07-14,2026-06-10,6.33,6.636784553527832,6.101204872131348,6.101204872131348,6.360373020172119,6.636784553527832,6.911633491516113,7.1791486740112305,7.1791486740112305
2026-07-15,2026-06-11,6.2935,6.574069976806641,6.020697593688965,6.020697593688965,6.2881669998168945,6.574069976806641,6.856433868408203,7.129056930541992,7.129056930541992
2026-07-16,2026-06-12,6.296,6.661057472229004,6.067215442657471,6.067215442657471,6.354021072387695,6.661057472229004,6.966817855834961,7.2609782218933105,7.2609782218933105
2026-07-17,2026-06-15,6.22,6.728090286254883,6.141209602355957,6.141209602355957,6.425875186920166,6.728090286254883,7.026984214782715,7.314737319946289,7.314737319946289
2026-07-20,2026-06-16,6.299,6.748547554016113,6.172987937927246,6.172987937927246,6.4541707038879395,6.748547554016113,7.037190914154053,7.31650447845459,7.31650447845459
2026-07-21,2026-06-17,6.511,6.717844009399414,6.160650730133057,6.160650730133057,6.43743371963501,6.717844009399414,6.990037441253662,7.258661270141602,7.258661270141602
2026-07-22,2026-06-18,6.451,6.660581588745117,6.122376441955566,6.122376441955566,6.3902812004089355,6.660581588745117,6.920845031738281,7.180305004119873,7.180305004119873
2026-07-23,2026-06-22,6.305,6.60633659362793,6.0698347091674805,6.0698347091674805,6.336141586303711,6.60633659362793,6.866527080535889,7.125481605529785,7.125481605529785
2026-07-24,2026-06-23,6.32,6.366146564483643,5.735919952392578,5.735919952392578,6.051329135894775,6.366146564483643,6.6549248695373535,6.929877758026123,6.929877758026123
2026-07-27,2026-06-24,6.339,6.192460536956787,5.5219221115112305,5.5219221115112305,5.855984687805176,6.192460536956787,6.500838279724121,6.785396575927734,6.785396575927734
2026-07-28,2026-06-25,6.322,6.312427043914795,5.695060729980469,5.695060729980469,5.998683929443359,6.312427043914795,6.613609313964844,6.9026594161987305,6.9026594161987305
2026-07-29,2026-06-26,6.2735,6.34647274017334,5.720964431762695,5.720964431762695,6.027416229248047,6.34647274017334,6.649181365966797,6.935938358306885,6.935938358306885
2026-07-30,2026-06-29,6.4445,6.323698997497559,5.717955112457275,5.717955112457275,6.013750076293945,6.323698997497559,6.621055603027344,6.903842449188232,6.903842449188232
2026-07-31,2026-06-30,6.436,6.399967193603516,5.804980754852295,5.804980754852295,6.094409465789795,6.399967193603516,6.698638439178467,6.98436164855957,6.98436164855957
2026-08-03,2026-07-01,6.514,6.3064775466918945,5.714085102081299,5.714085102081299,6.001002311706543,6.3064775466918945,6.604660511016846,6.888912200927734,6.888912200927734
2026-08-04,2026-07-02,6.6185,6.305220603942871,5.726043701171875,5.726043701171875,6.0069475173950195,6.305220603942871,6.5935258865356445,6.86598539352417,6.86598539352417
2026-08-05,2026-07-06,6.703,6.318961143493652,5.744479656219482,5.744479656219482,6.022316932678223,6.318961143493652,6.60270881652832,6.868070602416992,6.868070602416992
2026-08-06,2026-07-07,6.687,6.264312267303467,5.676809310913086,5.676809310913086,5.96450138092041,6.264312267303467,6.5536603927612305,6.826746463775635,6.826746463775635
2026-08-07,2026-07-08,6.5705,6.146503448486328,5.541046619415283,5.541046619415283,5.84091854095459,6.146503448486328,6.437918663024902,6.713693618774414,6.713693618774414
2026-08-10,2026-07-09,6.631,6.285572052001953,5.69606351852417,5.69606351852417,5.9879913330078125,6.285572052001953,6.570258140563965,6.839817047119141,6.839817047119141
