target_date,origin_date,actual,point,q05,q10,q25,q50,q75,q90,q95
2015-01-02,2014-12-01,56.42,73.71298217773438,65.05195617675781,65.05195617675781,69.3433609008789,73.71298217773438,78.13516235351562,82.18698120117188,82.18698120117188
2015-01-05,2014-12-02,53.11,70.33240509033203,60.34176254272461,60.34176254272461,65.35920715332031,70.33240509033203,75.30675506591797,79.79792785644531,79.79792785644531
2015-01-06,2014-12-03,51.1,68.75074768066406,58.090171813964844,58.090171813964844,63.476932525634766,68.75074768066406,74.033203125,78.86751556396484,78.86751556396484
2015-01-07,2014-12-04,51.15,68.73106384277344,58.41969680786133,58.41969680786133,63.61474609375,68.73106384277344,73.9085464477539,78.73563385009766,78.73563385009766
2015-01-08,2014-12-05,50.96,68.85382080078125,59.3381462097168,59.3381462097168,64.05145263671875,68.85382080078125,73.77317810058594,78.44335174560547,78.44335174560547
2015-01-09,2014-12-08,50.11,66.66293334960938,55.701438903808594,55.701438903808594,61.201812744140625,66.66293334960938,72.04684448242188,77.05992126464844,77.05992126464844
2015-01-12,2014-12-09,47.43,66.45795440673828,56.481346130371094,56.481346130371094,61.46260452270508,66.45795440673828,71.54813385009766,76.4193344116211,76.4193344116211
2015-01-13,2014-12-10,46.59,63.26374053955078,52.08321762084961,52.08321762084961,57.75218963623047,63.26374053955078,68.69522094726562,73.80328369140625,73.80328369140625
2015-01-14,2014-12-11,48.69,64.12147521972656,53.80722427368164,53.80722427368164,58.96211242675781,64.12147521972656,69.24617004394531,74.08063507080078,74.08063507080078
2015-01-15,2014-12-12,47.67,61.83180618286133,50.60067367553711,50.60067367553711,56.24504089355469,61.83180618286133,67.3889389038086,72.62641906738281,72.62641906738281
2015-01-16,2014-12-15,47.69,61.47721481323242,50.330989837646484,50.330989837646484,55.924232482910156,61.47721481323242,66.99700927734375,72.26145935058594,72.26145935058594
2015-01-20,2014-12-16,47.99,60.152774810791016,48.733726501464844,48.733726501464844,54.504295349121094,60.152774810791016,65.72614288330078,71.07066345214844,71.07066345214844
2015-01-21,2014-12-17,49.03,60.42573165893555,49.90382385253906,49.90382385253906,55.1104736328125,60.42573165893555,65.68951416015625,70.78865051269531,70.78865051269531
2015-01-22,2014-12-18,48.52,60.3675537109375,50.32124328613281,50.32124328613281,55.29136657714844,60.3675537109375,65.46482849121094,70.37210845947266,70.37210845947266
2015-01-23,2014-12-19,48.79,63.090999603271484,54.199527740478516,54.199527740478516,58.56817626953125,63.090999603271484,67.90636444091797,72.56144714355469,72.56144714355469
2015-01-26,2014-12-22,48.16,62.09347915649414,53.74461364746094,53.74461364746094,57.8350944519043,62.09347915649414,66.65679931640625,71.13630676269531,71.13630676269531
2015-01-27,2014-12-23,49.6,62.579246520996094,54.47373962402344,54.47373962402344,58.433067321777344,62.579246520996094,67.16802978515625,71.60768127441406,71.60768127441406
2015-01-28,2014-12-24,48.47,60.63287353515625,52.40092086791992,52.40092086791992,56.4677848815918,60.63287353515625,65.06361389160156,69.34278869628906,69.34278869628906
2015-01-29,2014-12-26,49.13,59.72411346435547,51.0573616027832,51.0573616027832,55.385921478271484,59.72411346435547,64.31401824951172,68.79312133789062,68.79312133789062
2015-01-30,2014-12-29,52.99,58.63261795043945,49.775421142578125,49.775421142578125,54.206207275390625,58.63261795043945,63.220584869384766,67.69183349609375,67.69183349609375
2015-02-02,2014-12-30,54.75,58.63113784790039,49.9255485534668,49.9255485534668,54.278099060058594,58.63113784790039,63.149749755859375,67.6335220336914,67.6335220336914
2015-02-03,2014-12-31,57.91,58.37561798095703,49.74327850341797,49.74327850341797,54.032127380371094,58.37561798095703,62.9902229309082,67.554443359375,67.554443359375
2015-02-04,2015-01-02,54.16,57.45834732055664,48.70009231567383,48.70009231567383,53.064170837402344,57.45834732055664,61.86920928955078,66.19305419921875,66.19305419921875
2015-02-05,2015-01-05,56.57,55.047603607177734,45.7243537902832,45.7243537902832,50.405235290527344,55.047603607177734,59.48204040527344,63.71894454956055,63.71894454956055
2015-02-06,2015-01-06,57.8,53.39845657348633,43.578975677490234,43.578975677490234,48.49699401855469,53.39845657348633,58.07013702392578,62.41539764404297,62.41539764404297
2015-02-09,2015-01-07,58.34,51.97341537475586,41.851627349853516,41.851627349853516,46.93415832519531,51.97341537475586,56.95688247680664,61.64882278442383,61.64882278442383
2015-02-10,2015-01-08,56.43,52.171295166015625,42.095062255859375,42.095062255859375,47.09996032714844,52.171295166015625,57.305686950683594,62.258907318115234,62.258907318115234
2015-02-11,2015-01-09,54.66,50.6776237487793,40.022926330566406,40.022926330566406,45.355445861816406,50.6776237487793,55.99406433105469,61.10169982910156,61.10169982910156
2015-02-12,2015-01-12,57.05,48.403839111328125,36.795387268066406,36.795387268066406,42.62671661376953,48.403839111328125,54.01301574707031,59.30461502075195,59.30461502075195
2015-02-13,2015-01-13,57.39,46.93067169189453,34.789756774902344,34.789756774902344,40.95104217529297,46.93067169189453,52.8163948059082,58.38475036621094,58.38475036621094
2015-02-17,2015-01-14,62.53,50.26292037963867,40.033973693847656,40.033973693847656,45.09530258178711,50.26292037963867,55.66448974609375,60.85807418823242,60.85807418823242
2015-02-18,2015-01-15,60.53,50.9771728515625,41.66312789916992,41.66312789916992,46.17658233642578,50.9771728515625,56.016517639160156,60.92410659790039,60.92410659790039
2015-02-19,2015-01-16,60.21,49.32390213012695,39.41408920288086,39.41408920288086,44.307769775390625,49.32390213012695,54.446624755859375,59.32594299316406,59.32594299316406
2015-02-20,2015-01-20,60.22,50.16335678100586,41.12029266357422,41.12029266357422,45.535118103027344,50.16335678100586,55.01279067993164,59.74039077758789,59.74039077758789
2015-02-23,2015-01-21,58.9,50.72476577758789,41.69964599609375,41.69964599609375,46.13622283935547,50.72476577758789,55.75625991821289,60.79768753051758,60.79768753051758
2015-02-24,2015-01-22,58.66,49.9035530090332,40.951412200927734,40.951412200927734,45.35599899291992,49.9035530090332,54.749549865722656,59.603694915771484,59.603694915771484
2015-02-25,2015-01-23,61.63,49.77306365966797,40.94318771362305,40.94318771362305,45.30747985839844,49.77306365966797,54.52597427368164,59.320003509521484,59.320003509521484
2015-02-26,2015-01-26,60.05,49.37422561645508,40.427650451660156,40.427650451660156,44.92005157470703,49.37422561645508,53.950408935546875,58.46164321899414,58.46164321899414
2015-02-27,2015-01-27,62.58,50.49658966064453,42.12275314331055,42.12275314331055,46.29447937011719,50.49658966064453,54.74893569946289,58.95538330078125,58.95538330078125
2015-03-02,2015-01-28,59.54,50.41218948364258,42.410972595214844,42.410972595214844,46.386817932128906,50.41218948364258,54.356414794921875,58.24321746826172,58.24321746826172
2015-03-03,2015-01-29,61.02,50.91998291015625,43.170475006103516,43.170475006103516,47.00550079345703,50.91998291015625,54.670074462890625,58.265350341796875,58.265350341796875
2015-03-04,2015-01-30,60.55,52.24221420288086,43.868873596191406,43.868873596191406,47.88653564453125,52.24221420288086,57.07789993286133,61.665306091308594,61.665306091308594
2015-03-05,2015-02-02,60.48,53.57936096191406,44.7291374206543,44.7291374206543,48.94651412963867,53.57936096191406,59.092838287353516,64.41617584228516,64.41617584228516
2015-03-06,2015-02-03,59.73,56.57563018798828,45.30828094482422,45.30828094482422,50.85338592529297,56.57563018798828,63.39418029785156,69.92974853515625,69.92974853515625
2015-03-09,2015-02-04,58.53,53.01537322998047,44.49652099609375,44.49652099609375,48.57774353027344,53.01537322998047,57.6392707824707,62.06535720825195,62.06535720825195
2015-03-10,2015-02-05,56.39,55.551361083984375,46.73698425292969,46.73698425292969,50.955108642578125,55.551361083984375,60.66030502319336,65.58416748046875,65.58416748046875
2015-03-11,2015-02-06,57.54,56.11555862426758,48.22563171386719,48.22563171386719,51.932838439941406,56.11555862426758,60.68312072753906,65.10578918457031,65.10578918457031
2015-03-12,2015-02-09,57.08,57.16963577270508,48.94644546508789,48.94644546508789,52.80530548095703,57.16963577270508,61.86846160888672,66.41900634765625,66.41900634765625
2015-03-13,2015-02-10,54.67,54.0794792175293,45.6109619140625,45.6109619140625,49.6343994140625,54.0794792175293,58.66143035888672,63.09952163696289,63.09952163696289
2015-03-16,2015-02-11,53.44,53.08058547973633,44.398582458496094,44.398582458496094,48.52992248535156,53.08058547973633,57.699974060058594,62.20502471923828,62.20502471923828
2015-03-17,2015-02-12,53.43,54.772865295410156,46.43294143676758,46.43294143676758,50.41423416137695,54.772865295410156,59.456295013427734,64.19336700439453,64.19336700439453
2015-03-18,2015-02-13,55.91,54.791656494140625,46.5694694519043,46.5694694519043,50.496620178222656,54.791656494140625,59.32624053955078,63.91034698486328,63.91034698486328
2015-03-19,2015-02-17,54.43,59.59775161743164,49.2640495300293,49.2640495300293,54.20870590209961,59.59775161743164,66.00664520263672,72.49388885498047,72.49388885498047
2015-03-20,2015-02-18,55.32,59.4540901184082,49.39577102661133,49.39577102661133,54.26129913330078,59.4540901184082,65.30158996582031,71.09466552734375,71.09466552734375
2015-03-23,2015-02-19,55.92,57.593929290771484,48.225242614746094,48.225242614746094,52.84221649169922,57.593929290771484,62.89522933959961,68.21954345703125,68.21954345703125
2015-03-24,2015-02-20,55.11,57.69423294067383,49.24824905395508,49.24824905395508,53.32378387451172,57.69423294067383,62.58686065673828,67.50704956054688,67.50704956054688
2015-03-25,2015-02-23,56.48,56.42438888549805,48.557395935058594,48.557395935058594,52.34731674194336,56.42438888549805,60.68033981323242,64.82408905029297,64.82408905029297
2015-03-26,2015-02-24,59.19,54.88143539428711,46.12217712402344,46.12217712402344,50.41192626953125,54.88143539428711,59.663047790527344,64.42070770263672,64.42070770263672
2015-03-27,2015-02-25,56.41,57.38131332397461,48.98739242553711,48.98739242553711,53.02285385131836,57.38131332397461,62.44276809692383,67.56245422363281,67.56245422363281
2015-03-30,2015-02-26,56.29,55.14971923828125,45.952056884765625,45.952056884765625,50.52843475341797,55.14971923828125,60.250579833984375,65.47515106201172,65.47515106201172
2015-03-31,2015-02-27,55.11,58.277008056640625,49.27082061767578,49.27082061767578,53.58385467529297,58.277008056640625,63.57410430908203,68.81694030761719,68.81694030761719
2015-04-01,2015-03-02,57.1,55.381656646728516,46.82257080078125,46.82257080078125,50.99348449707031,55.381656646728516,60.1396484375,64.91895294189453,64.91895294189453
2015-04-02,2015-03-03,54.95,54.3597412109375,46.701229095458984,46.701229095458984,50.34760284423828,54.3597412109375,58.52912902832031,62.681087493896484,62.681087493896484
2015-04-06,2015-03-04,58.12,54.27062225341797,46.49307632446289,46.49307632446289,50.21359634399414,54.27062225341797,58.470367431640625,62.70370101928711,62.70370101928711
2015-04-07,2015-03-05,59.1,54.60395050048828,46.14506912231445,46.14506912231445,50.20737075805664,54.60395050048828,59.18766403198242,63.693687438964844,63.693687438964844
2015-04-08,2015-03-06,55.55,54.11970520019531,45.61332702636719,45.61332702636719,49.70189666748047,54.11970520019531,58.73946762084961,63.277366638183594,63.277366638183594
2015-04-09,2015-03-09,56.57,53.21834945678711,43.97972869873047,43.97972869873047,48.61427307128906,53.21834945678711,57.90437698364258,62.500205993652344,62.500205993652344
2015-04-10,2015-03-10,57.87,50.84944152832031,40.65627670288086,40.65627670288086,45.92436218261719,50.84944152832031,55.67826843261719,60.29164123535156,60.29164123535156
2015-04-13,2015-03-11,57.93,51.42858123779297,41.565250396728516,41.565250396728516,46.56507110595703,51.42858123779297,56.38172912597656,61.23550033569336,61.23550033569336
2015-04-14,2015-03-12,58.43,53.2425537109375,43.969234466552734,43.969234466552734,48.697105407714844,53.2425537109375,58.10334014892578,62.92243576049805,62.92243576049805
2015-04-15,2015-03-13,60.32,50.39255905151367,39.47084045410156,39.47084045410156,45.23506546020508,50.39255905151367,56.06999206542969,61.56614303588867,61.56614303588867
2015-04-16,2015-03-16,60.4,50.43450164794922,40.22895812988281,40.22895812988281,45.547828674316406,50.43450164794922,55.79094696044922,61.01662063598633,61.01662063598633
2015-04-17,2015-03-17,63.45,50.651554107666016,41.21223831176758,41.21223831176758,46.01136779785156,50.651554107666016,55.731590270996094,60.65156173706055,60.65156173706055
2015-04-20,2015-03-18,63.45,52.02096176147461,42.44919967651367,42.44919967651367,47.19160079956055,52.02096176147461,57.80497741699219,63.56037521362305,63.56037521362305
2015-04-21,2015-03-19,62.08,50.43680191040039,40.848045349121094,40.848045349121094,45.739402770996094,50.43680191040039,55.71278381347656,61.02684783935547,61.02684783935547
2015-04-22,2015-03-20,62.73,50.30704116821289,40.2351188659668,40.2351188659668,45.36510467529297,50.30704116821289,55.9002685546875,61.60722732543945,61.60722732543945
2015-04-23,2015-03-23,64.85,50.76200866699219,40.75516128540039,40.75516128540039,45.69008255004883,50.76200866699219,56.2208366394043,61.66391372680664,61.66391372680664
2015-04-24,2015-03-24,65.28,50.73211669921875,40.5345344543457,40.5345344543457,45.624080657958984,50.73211669921875,56.228668212890625,61.731719970703125,61.731719970703125
2015-04-27,2015-03-25,64.83,50.982845306396484,41.8695068359375,41.8695068359375,46.29450988769531,50.982845306396484,55.649757385253906,60.251190185546875,60.251190185546875
2015-04-28,2015-03-26,64.64,54.25930404663086,45.28694152832031,45.28694152832031,49.558441162109375,54.25930404663086,59.384708404541016,64.4674072265625,64.4674072265625
2015-04-29,2015-03-27,65.84,52.882015228271484,43.69459533691406,43.69459533691406,48.22832489013672,52.882015228271484,57.624916076660156,62.190223693847656,62.190223693847656
2015-04-30,2015-03-30,66.78,53.515838623046875,44.611454010009766,44.611454010009766,49.012451171875,53.515838623046875,58.094146728515625,62.43476104736328,62.43476104736328
2015-05-01,2015-03-31,66.46,52.92219924926758,44.27874755859375,44.27874755859375,48.704193115234375,52.92219924926758,56.99329376220703,60.82143020629883,60.82143020629883
2015-05-04,2015-04-01,66.45,54.56058883666992,46.47027587890625,46.47027587890625,50.529258728027344,54.56058883666992,58.67403030395508,62.570194244384766,62.570194244384766
2015-05-05,2015-04-02,67.52,51.88702392578125,42.844146728515625,42.844146728515625,47.527183532714844,51.88702392578125,55.957000732421875,59.86262130737305,59.86262130737305
2015-05-06,2015-04-06,67.77,56.14112854003906,47.68317413330078,47.68317413330078,51.972755432128906,56.14112854003906,60.711097717285156,65.00369262695312,65.00369262695312
2015-05-07,2015-04-07,65.54,58.10264205932617,49.02098083496094,49.02098083496094,53.562171936035156,58.10264205932617,63.451072692871094,68.49909210205078,68.49909210205078
2015-05-08,2015-04-08,65.39,54.959632873535156,46.95127487182617,46.95127487182617,51.044002532958984,54.959632873535156,59.18635940551758,63.292625427246094,63.292625427246094
2015-05-11,2015-04-09,64.91,54.92794418334961,47.259639739990234,47.259639739990234,51.08946990966797,54.92794418334961,59.08952713012695,63.10151672363281,63.10151672363281
2015-05-12,2015-04-10,66.86,56.07916259765625,47.89862823486328,47.89862823486328,52.00727844238281,56.07916259765625,60.706703186035156,65.24981689453125,65.24981689453125
2015-05-13,2015-04-13,66.81,57.365142822265625,49.63700866699219,49.63700866699219,53.477291107177734,57.365142822265625,61.70964050292969,66.02581787109375,66.02581787109375
2015-05-14,2015-04-14,66.59,56.79654312133789,48.23570251464844,48.23570251464844,52.58209991455078,56.79654312133789,61.496299743652344,66.28582000732422,66.28582000732422
2015-05-15,2015-04-15,66.57,57.638282775878906,48.48465347290039,48.48465347290039,53.06932067871094,57.638282775878906,62.7216796875,67.74678039550781,67.74678039550781
2015-05-18,2015-04-16,66.27,58.87648010253906,49.07284164428711,49.07284164428711,53.85020446777344,58.87648010253906,64.24444580078125,69.43185424804688,69.43185424804688
2015-05-19,2015-04-17,64.02,60.309478759765625,50.19955825805664,50.19955825805664,55.00080108642578,60.309478759765625,65.85032653808594,71.00595092773438,71.00595092773438
2015-05-20,2015-04-20,65.03,62.30836486816406,52.82897186279297,52.82897186279297,57.31816482543945,62.30836486816406,67.36317443847656,72.04654693603516,72.04654693603516
2015-05-21,2015-04-21,66.54,62.19417953491211,53.30155944824219,53.30155944824219,57.55473709106445,62.19417953491211,66.75978088378906,70.90125274658203,70.90125274658203
2015-05-22,2015-04-22,65.37,62.612571716308594,54.031036376953125,54.031036376953125,58.12179183959961,62.612571716308594,67.04823303222656,71.0832290649414,71.0832290649414
2015-05-26,2015-04-23,63.72,64.97106170654297,56.553680419921875,56.553680419921875,60.52522277832031,64.97106170654297,69.4574203491211,73.53955841064453,73.53955841064453
2015-05-27,2015-04-24,62.06,66.17520141601562,57.34648513793945,57.34648513793945,61.52898406982422,66.17520141601562,70.82583618164062,75.05892181396484,75.05892181396484
2015-05-28,2015-04-27,62.58,63.934539794921875,55.30364990234375,55.30364990234375,59.41490173339844,63.934539794921875,68.39888000488281,72.56614685058594,72.56614685058594
2015-05-29,2015-04-28,65.56,64.13524627685547,55.86043930053711,55.86043930053711,59.818607330322266,64.13524627685547,68.36170959472656,72.34062957763672,72.34062957763672
2015-06-01,2015-04-29,64.88,66.99247741699219,57.46675491333008,57.46675491333008,62.00776672363281,66.99247741699219,71.99838256835938,76.71975708007812,76.71975708007812
2015-06-02,2015-04-30,65.49,69.69108581542969,60.419559478759766,60.419559478759766,64.80398559570312,69.69108581542969,74.68850708007812,79.32107543945312,79.32107543945312
2015-06-03,2015-05-01,63.8,68.9948501586914,59.7026481628418,59.7026481628418,64.10760498046875,68.9948501586914,73.91358184814453,78.49592590332031,78.49592590332031
2015-06-04,2015-05-04,62.03,68.17599487304688,58.48278045654297,58.48278045654297,63.157344818115234,68.17599487304688,73.28201293945312,78.26270294189453,78.26270294189453
2015-06-05,2015-05-05,63.31,70.60906219482422,61.576332092285156,61.576332092285156,65.8736572265625,70.60906219482422,75.6164779663086,80.56034851074219,80.56034851074219
2015-06-08,2015-05-06,62.69,70.03473663330078,60.73876190185547,60.73876190185547,65.2214584350586,70.03473663330078,75.03395080566406,80.01167297363281,80.01167297363281
2015-06-09,2015-05-07,64.88,65.87751007080078,55.92975616455078,55.92975616455078,60.7606201171875,65.87751007080078,70.97154235839844,76.00718688964844,76.00718688964844
2015-06-10,2015-05-08,65.7,65.1011962890625,55.0306396484375,55.0306396484375,60.01283645629883,65.1011962890625,70.22723388671875,75.34512329101562,75.34512329101562
2015-06-11,2015-05-11,65.11,64.21387481689453,54.86800003051758,54.86800003051758,59.42047882080078,64.21387481689453,69.09241485595703,73.91539001464844,73.91539001464844
2015-06-12,2015-05-12,63.87,67.83098602294922,60.00716018676758,60.00716018676758,63.767948150634766,67.83098602294922,72.08678436279297,76.2728500366211,76.2728500366211
2015-06-15,2015-05-13,62.61,68.89987182617188,61.021324157714844,61.021324157714844,64.83351135253906,68.89987182617188,73.13855743408203,77.26582336425781,77.26582336425781
2015-06-16,2015-05-14,62.63,68.39970397949219,61.06972122192383,61.06972122192383,64.61571502685547,68.39970397949219,72.39045715332031,76.2898941040039,76.2898941040039
2015-06-17,2015-05-15,63.87,68.12100219726562,61.48793029785156,61.48793029785156,64.67606353759766,68.12100219726562,71.80907440185547,75.42665100097656,75.42665100097656
2015-06-18,2015-05-18,64.26,66.69636535644531,59.681793212890625,59.681793212890625,63.04890441894531,66.69636535644531,70.59874725341797,74.46923828125,74.46923828125
2015-06-19,2015-05-19,63.02,64.7564926147461,56.848907470703125,56.848907470703125,60.626216888427734,64.7564926147461,69.04917907714844,73.2349853515625,73.2349853515625
2015-06-22,2015-05-20,63.34,65.43963623046875,58.46963882446289,58.46963882446289,61.790313720703125,65.43963623046875,69.30226135253906,73.05824279785156,73.05824279785156
2015-06-23,2015-05-21,64.45,66.73770141601562,58.54880142211914,58.54880142211914,62.419578552246094,66.73770141601562,71.5430908203125,76.28885650634766,76.28885650634766
2015-06-24,2015-05-22,63.49,66.78677368164062,59.0317268371582,59.0317268371582,62.700035095214844,66.78677368164062,71.35539245605469,75.88063049316406,75.88063049316406
2015-06-25,2015-05-26,63.2,63.80803680419922,55.066749572753906,55.066749572753906,59.2325325012207,63.80803680419922,68.84652709960938,73.80549621582031,73.80549621582031
2015-06-26,2015-05-27,63.26,59.635433197021484,48.91033172607422,48.91033172607422,54.30693054199219,59.635433197021484,65.59379577636719,71.41203308105469,71.41203308105469
2015-06-29,2015-05-28,62.01,59.916770935058594,49.518558502197266,49.518558502197266,54.690956115722656,59.916770935058594,66.1304702758789,72.318603515625,72.318603515625
2015-06-30,2015-05-29,63.59,64.32722473144531,54.241065979003906,54.241065979003906,59.097557067871094,64.32722473144531,70.263916015625,76.208984375,76.208984375
2015-07-01,2015-06-01,62.01,64.4656982421875,55.43465042114258,55.43465042114258,59.74659729003906,64.4656982421875,69.65678405761719,74.81982421875,74.81982421875
2015-07-02,2015-06-02,62.07,65.66876983642578,56.526004791259766,56.526004791259766,60.9071159362793,65.66876983642578,70.930419921875,76.1634292602539,76.1634292602539
2015-07-06,2015-06-03,56.54,62.822105407714844,54.16714096069336,54.16714096069336,58.377349853515625,62.822105407714844,67.72810363769531,72.70856475830078,72.70856475830078
2015-07-07,2015-06-04,56.85,61.32208251953125,52.152503967285156,52.152503967285156,56.59779357910156,61.32208251953125,66.27125549316406,71.06034851074219,71.06034851074219
2015-07-08,2015-06-05,57.05,62.610801696777344,54.28126907348633,54.28126907348633,58.305809020996094,62.610801696777344,67.20440673828125,71.70038604736328,71.70038604736328
2015-07-09,2015-06-08,58.61,61.843536376953125,53.88400650024414,53.88400650024414,57.71955490112305,61.843536376953125,66.29485321044922,70.63654327392578,70.63654327392578
2015-07-10,2015-06-09,58.73,65.1089096069336,58.02958679199219,58.02958679199219,61.404510498046875,65.1089096069336,69.07428741455078,72.91505432128906,72.91505432128906
2015-07-13,2015-06-10,57.85,66.22074127197266,58.697566986083984,58.697566986083984,62.27788162231445,66.22074127197266,70.46646881103516,74.59579467773438,74.59579467773438
2015-07-14,2015-06-11,58.51,66.08854675292969,59.030738830566406,59.030738830566406,62.382591247558594,66.08854675292969,70.17523193359375,74.32852172851562,74.32852172851562
2015-07-15,2015-06-12,57.05,64.75281524658203,58.00594711303711,58.00594711303711,61.25016784667969,64.75281524658203,68.59435272216797,72.48588562011719,72.48588562011719
2015-07-16,2015-06-15,57.51,61.79460906982422,53.66189956665039,53.66189956665039,57.63798522949219,61.79460906982422,66.60769653320312,71.52647399902344,71.52647399902344
2015-07-17,2015-06-16,57.52,62.016910552978516,54.20664596557617,54.20664596557617,57.9722900390625,62.016910552978516,66.71047973632812,71.50311279296875,71.50311279296875
2015-07-20,2015-06-17,56.65,64.53728485107422,56.42818832397461,56.42818832397461,60.26089096069336,64.53728485107422,69.51637268066406,74.4508056640625,74.4508056640625
2015-07-21,2015-06-18,57.04,64.68699645996094,56.01863479614258,56.01863479614258,60.142005920410156,64.68699645996094,69.94505310058594,75.20427703857422,75.20427703857422
2015-07-22,2015-06-19,56.13,62.25871276855469,53.364959716796875,53.364959716796875,57.64005661010742,62.25871276855469,67.67718505859375,73.2413558959961,73.2413558959961
2015-07-23,2015-06-22,55.27,61.280723571777344,52.72230911254883,52.72230911254883,56.909210205078125,61.280723571777344,66.32694244384766,71.61351013183594,71.61351013183594
2015-07-24,2015-06-23,54.62,63.206504821777344,55.4912109375,55.4912109375,59.1889762878418,63.206504821777344,67.83683776855469,72.5613784790039,72.5613784790039
2015-07-27,2015-06-24,53.47,62.179752349853516,54.343017578125,54.343017578125,58.157562255859375,62.179752349853516,66.76456451416016,71.48130798339844,71.48130798339844
2015-07-28,2015-06-25,53.3,61.21875762939453,53.91743469238281,53.91743469238281,57.497802734375,61.21875762939453,65.42501831054688,69.68795776367188,69.68795776367188
2015-07-29,2015-06-26,53.38,61.45091247558594,54.74384307861328,54.74384307861328,58.02128219604492,61.45091247558594,65.24785614013672,69.02816772460938,69.02816772460938
2015-07-30,2015-06-29,53.31,59.82229232788086,52.83506774902344,52.83506774902344,56.26599884033203,59.82229232788086,63.72317123413086,67.54766845703125,67.54766845703125
2015-07-31,2015-06-30,52.21,61.58895492553711,55.185550689697266,55.185550689697266,58.28766632080078,61.58895492553711,65.31417846679688,68.9926528930664,68.9926528930664
2015-08-03,2015-07-01,49.52,60.21222686767578,54.142215728759766,54.142215728759766,57.14701461791992,60.21222686767578,63.542442321777344,66.8721923828125,66.8721923828125
2015-08-04,2015-07-02,49.99,59.51802444458008,52.75946044921875,52.75946044921875,56.11555099487305,59.51802444458008,63.147918701171875,66.76451873779297,66.76451873779297
2015-08-05,2015-07-06,49.59,52.938934326171875,41.59108352661133,41.59108352661133,47.318077087402344,52.938934326171875,58.680198669433594,63.98997116088867,63.98997116088867
2015-08-06,2015-07-07,49.52,52.803836822509766,42.079986572265625,42.079986572265625,47.46302795410156,52.803836822509766,58.269447326660156,63.2635383605957,63.2635383605957
2015-08-07,2015-07-08,48.61,52.43558120727539,41.233455657958984,41.233455657958984,46.90504455566406,52.43558120727539,58.38301086425781,63.94281768798828,63.94281768798828
2015-08-10,2015-07-09,50.41,54.937950134277344,45.163272857666016,45.163272857666016,49.93763732910156,54.937950134277344,60.470741271972656,65.868896484375,65.868896484375
2015-08-11,2015-07-10,49.18,56.27650451660156,46.3282585144043,46.3282585144043,51.174644470214844,56.27650451660156,61.983726501464844,67.542236328125,67.542236328125
2015-08-12,2015-07-13,49.66,55.001277923583984,44.28385543823242,44.28385543823242,49.66785430908203,55.001277923583984,61.1055793762207,67.15866088867188,67.15866088867188
2015-08-13,2015-07-14,49.22,55.921104431152344,45.41854476928711,45.41854476928711,50.65979766845703,55.921104431152344,62.02253341674805,68.2530517578125,68.2530517578125
2015-08-14,2015-07-15,49.03,53.21742630004883,42.335792541503906,42.335792541503906,47.88338851928711,53.21742630004883,59.14524841308594,65.15274047851562,65.15274047851562
2015-08-17,2015-07-16,49.03,53.153499603271484,42.949798583984375,42.949798583984375,48.045230865478516,53.153499603271484,58.7448844909668,64.33140563964844,64.33140563964844
2015-08-18,2015-07-17,48.81,55.531959533691406,45.71327590942383,45.71327590942383,50.64949035644531,55.531959533691406,61.227386474609375,67.07039642333984,67.07039642333984
2015-08-19,2015-07-20,47.16,53.411319732666016,43.776878356933594,43.776878356933594,48.581809997558594,53.411319732666016,58.84781265258789,64.32194519042969,64.32194519042969
2015-08-20,2015-07-21,46.62,54.01862335205078,45.56356430053711,45.56356430053711,49.76600646972656,54.01862335205078,58.79209899902344,63.64393615722656,63.64393615722656
2015-08-21,2015-07-22,45.46,52.73690414428711,44.06538772583008,44.06538772583008,48.352622985839844,52.73690414428711,57.50877380371094,62.28606414794922,62.28606414794922
2015-08-24,2015-07-23,42.69,50.68764114379883,41.712440490722656,41.712440490722656,46.15400695800781,50.68764114379883,55.37775802612305,59.94960021972656,59.94960021972656
2015-08-25,2015-07-24,43.21,49.88862609863281,40.94087219238281,40.94087219238281,45.37042236328125,49.88862609863281,54.33534240722656,58.561241149902344,58.561241149902344
2015-08-26,2015-07-27,43.14,48.232845306396484,38.58940124511719,38.58940124511719,43.41901779174805,48.232845306396484,52.92140197753906,57.31449890136719,57.31449890136719
2015-08-27,2015-07-28,47.56,48.344276428222656,38.55232238769531,38.55232238769531,43.460205078125,48.344276428222656,53.43632888793945,58.539817810058594,58.539817810058594
2015-08-28,2015-07-29,50.05,49.083648681640625,39.78268051147461,39.78268051147461,44.42817687988281,49.083648681640625,54.02400207519531,58.926265716552734,58.926265716552734
2015-08-31,2015-07-30,54.15,50.29094696044922,40.877403259277344,40.877403259277344,45.59608459472656,50.29094696044922,55.67231750488281,61.18547058105469,61.18547058105469
2015-09-01,2015-07-31,49.56,49.547523498535156,40.26728057861328,40.26728057861328,44.86761474609375,49.547523498535156,54.73352813720703,60.03413772583008,60.03413772583008
2015-09-02,2015-08-03,50.5,46.46720886230469,34.831783294677734,34.831783294677734,40.74679946899414,46.46720886230469,52.43450927734375,58.203125,58.203125
2015-09-03,2015-08-04,50.68,45.71934127807617,34.13379669189453,34.13379669189453,40.040550231933594,45.71934127807617,51.80059814453125,57.77806854248047,57.77806854248047
2015-09-04,2015-08-05,49.61,44.68216323852539,33.19245910644531,33.19245910644531,39.01067352294922,44.68216323852539,50.73479080200195,56.759605407714844,56.759605407714844
2015-09-08,2015-08-06,49.52,43.71648025512695,32.64887619018555,32.64887619018555,38.21651077270508,43.71648025512695,49.56718444824219,55.421905517578125,55.421905517578125
2015-09-09,2015-08-07,47.58,42.374332427978516,31.607913970947266,31.607913970947266,36.88829803466797,42.374332427978516,48.140953063964844,53.79368591308594,53.79368591308594
2015-09-10,2015-08-10,48.89,47.30216979980469,37.150997161865234,37.150997161865234,42.089942932128906,47.30216979980469,53.468658447265625,59.746925354003906,59.746925354003906
2015-09-11,2015-08-11,48.14,43.676292419433594,34.16346740722656,34.16346740722656,38.779632568359375,43.676292419433594,48.984771728515625,54.245723724365234,54.245723724365234
2015-09-14,2015-08-12,46.37,44.998722076416016,36.10377502441406,36.10377502441406,40.37693786621094,44.998722076416016,49.962425231933594,54.862144470214844,54.862144470214844
2015-09-15,2015-08-13,46.63,44.86442565917969,36.1036491394043,36.1036491394043,40.31001663208008,44.86442565917969,49.6824951171875,54.34757995605469,54.34757995605469
2015-09-16,2015-08-14,46.61,44.79521560668945,36.48369598388672,36.48369598388672,40.47358703613281,44.79521560668945,49.30386734008789,53.66175079345703,53.66175079345703
2015-09-17,2015-08-17,49.08,44.48579406738281,36.36371994018555,36.36371994018555,40.23139572143555,44.48579406738281,48.70001220703125,52.6748046875,52.6748046875
2015-09-18,2015-08-18,47.47,45.15778350830078,36.94539260864258,36.94539260864258,40.89677810668945,45.15778350830078,49.51081085205078,53.6389274597168,53.6389274597168
2015-09-21,2015-08-19,48.92,43.57611083984375,34.54711151123047,34.54711151123047,38.9876708984375,43.57611083984375,48.400115966796875,53.144771575927734,53.144771575927734
2015-09-22,2015-08-20,49.08,43.09846878051758,33.80726623535156,33.80726623535156,38.41474151611328,43.09846878051758,48.00699234008789,52.69114685058594,52.69114685058594
2015-09-23,2015-08-21,47.75,42.09616470336914,31.865833282470703,31.865833282470703,37.004783630371094,42.09616470336914,47.37309265136719,52.44204330444336,52.44204330444336
2015-09-24,2015-08-24,48.17,38.99522018432617,27.507381439208984,27.507381439208984,33.29258346557617,38.99522018432617,44.469566345214844,49.59307098388672,49.59307098388672
2015-09-25,2015-08-25,48.6,40.113643646240234,29.557754516601562,29.557754516601562,34.7637825012207,40.113643646240234,45.628135681152344,50.896728515625,50.896728515625
2015-09-28,2015-08-26,47.34,39.791805267333984,29.218425750732422,29.218425750732422,34.45623779296875,39.791805267333984,45.50230026245117,51.06771469116211,51.06771469116211
2015-09-29,2015-08-27,48.23,45.76518630981445,34.69289016723633,34.69289016723633,39.92348861694336,45.76518630981445,52.430633544921875,58.96018981933594,58.96018981933594
2015-09-30,2015-08-28,48.37,51.45126724243164,38.990325927734375,38.990325927734375,44.81443786621094,51.45126724243164,59.127220153808594,66.54023742675781,66.54023742675781
2015-10-01,2015-08-31,47.69,58.264060974121094,43.86768341064453,43.86768341064453,50.59087371826172,58.264060974121094,67.0212631225586,75.34222412109375,75.34222412109375
2015-10-02,2015-09-01,48.13,49.49085998535156,38.20330047607422,38.20330047607422,43.526126861572266,49.49085998535156,56.18696975708008,62.70817565917969,62.70817565917969
2015-10-05,2015-09-02,49.25,47.6409797668457,37.66219711303711,37.66219711303711,42.37506866455078,47.6409797668457,53.559791564941406,59.397315979003906,59.397315979003906
2015-10-06,2015-09-03,51.92,47.981571197509766,39.16727066040039,39.16727066040039,43.30767059326172,47.981571197509766,53.155006408691406,58.22062683105469,58.22062683105469
2015-10-07,2015-09-04,51.33,47.78263854980469,38.847469329833984,38.847469329833984,43.05982971191406,47.78263854980469,52.92041778564453,57.900794982910156,57.900794982910156
2015-10-08,2015-09-08,53.05,46.70626449584961,38.533023834228516,38.533023834228516,42.4202766418457,46.70626449584961,51.45148468017578,56.10704040527344,56.10704040527344
2015-10-09,2015-09-09,52.65,44.4869384765625,36.19293975830078,36.19293975830078,40.14631271362305,44.4869384765625,49.04558563232422,53.44335174560547,53.44335174560547
2015-10-12,2015-09-10,49.86,46.174949645996094,38.19001388549805,38.19001388549805,42.006431579589844,46.174949645996094,50.65018081665039,54.959320068359375,54.959320068359375
2015-10-13,2015-09-11,49.24,45.955902099609375,37.35906219482422,37.35906219482422,41.505882263183594,45.955902099609375,50.754539489746094,55.570465087890625,55.570465087890625
2015-10-14,2015-09-14,49.15,44.64218521118164,35.478965759277344,35.478965759277344,40.01259231567383,44.64218521118164,49.46563720703125,54.26472473144531,54.26472473144531
2015-10-15,2015-09-15,48.71,44.63661193847656,35.44684600830078,35.44684600830078,40.02412414550781,44.63661193847656,49.528778076171875,54.43308639526367,54.43308639526367
2015-10-16,2015-09-16,48.73,44.59083557128906,35.92681884765625,35.92681884765625,40.153480529785156,44.59083557128906,49.293006896972656,54.09394836425781,54.09394836425781
2015-10-19,2015-09-17,48.61,47.42955780029297,38.87004470825195,38.87004470825195,42.950584411621094,47.42955780029297,52.460533142089844,57.55933380126953,57.55933380126953
2015-10-20,2015-09-18,48.71,45.48778533935547,37.269874572753906,37.269874572753906,41.232688903808594,45.48778533935547,50.19552993774414,54.980281829833984,54.980281829833984
2015-10-21,2015-09-21,47.85,45.4642448425293,37.5455436706543,37.5455436706543,41.33892822265625,45.4642448425293,50.084693908691406,54.79564666748047,54.79564666748047
2015-10-22,2015-09-22,48.08,45.45307540893555,37.63441848754883,37.63441848754883,41.355899810791016,45.45307540893555,50.210693359375,55.16778564453125,55.16778564453125
2015-10-23,2015-09-23,47.99,44.4190559387207,36.194793701171875,36.194793701171875,40.11625289916992,44.4190559387207,49.15411376953125,54.089576721191406,54.089576721191406
2015-10-26,2015-09-24,47.54,45.31481170654297,37.751651763916016,37.751651763916016,41.33868408203125,45.31481170654297,49.932682037353516,54.78507995605469,54.78507995605469
2015-10-27,2015-09-25,46.81,45.73217010498047,38.61085891723633,38.61085891723633,41.96380615234375,45.73217010498047,50.146915435791016,54.774478912353516,54.774478912353516
2015-10-28,2015-09-28,49.05,44.98566436767578,38.29746627807617,38.29746627807617,41.40348434448242,44.98566436767578,48.964881896972656,53.01912307739258,53.01912307739258
2015-10-29,2015-09-29,48.8,46.224693298339844,39.59618377685547,39.59618377685547,42.69055938720703,46.224693298339844,50.284767150878906,54.45206069946289,54.45206069946289
2015-10-30,2015-09-30,49.56,45.64573287963867,38.93521499633789,38.93521499633789,42.065650939941406,45.64573287963867,49.566402435302734,53.565162658691406,53.565162658691406
2015-11-02,2015-10-01,48.79,45.17196273803711,38.513587951660156,38.513587951660156,41.62322235107422,45.17196273803711,48.840675354003906,52.53379821777344,52.53379821777344
2015-11-03,2015-10-02,50.54,45.479957580566406,38.63157272338867,38.63157272338867,41.84874725341797,45.479957580566406,49.21246337890625,52.93915557861328,52.93915557861328
2015-11-04,2015-10-05,48.58,46.66905212402344,39.59196853637695,39.59196853637695,42.968746185302734,46.66905212402344,50.801944732666016,55.10948944091797,55.10948944091797
2015-11-05,2015-10-06,47.98,50.608192443847656,42.55457305908203,42.55457305908203,46.321170806884766,50.608192443847656,55.637813568115234,60.713623046875,60.713623046875
2015-11-06,2015-10-07,47.42,51.35548782348633,43.033267974853516,43.033267974853516,46.987098693847656,51.35548782348633,56.37903594970703,61.43804168701172,61.43804168701172
2015-11-09,2015-10-08,47.19,54.92399597167969,45.4530143737793,45.4530143737793,49.88758850097656,54.92399597167969,60.49201965332031,65.91603088378906,65.91603088378906
2015-11-10,2015-10-09,47.44,55.78301239013672,45.86769104003906,45.86769104003906,50.515647888183594,55.78301239013672,61.50827407836914,67.07221221923828,67.07221221923828
2015-11-11,2015-10-12,45.81,49.94955062866211,41.223358154296875,41.223358154296875,45.378623962402344,49.94955062866211,55.058204650878906,60.314849853515625,60.314849853515625
2015-11-12,2015-10-13,44.06,47.00795364379883,38.571842193603516,38.571842193603516,42.642765045166016,47.00795364379883,51.718387603759766,56.53710174560547,56.53710174560547
2015-11-13,2015-10-14,43.61,45.72235107421875,37.27625274658203,37.27625274658203,41.347469329833984,45.72235107421875,50.55089569091797,55.54563903808594,55.54563903808594
2015-11-16,2015-10-15,43.58,45.336273193359375,37.012168884277344,37.012168884277344,41.0111083984375,45.336273193359375,49.940853118896484,54.758785247802734,54.758785247802734
2015-11-17,2015-10-16,43.57,45.37371063232422,37.090171813964844,37.090171813964844,41.05710220336914,45.37371063232422,50.03173828125,54.833168029785156,54.833168029785156
2015-11-18,2015-10-19,44.14,45.07704544067383,37.12936782836914,37.12936782836914,40.95220184326172,45.07704544067383,49.42025375366211,53.88685607910156,53.88685607910156
2015-11-19,2015-10-20,44.18,44.28652572631836,37.132850646972656,37.132850646972656,40.47365188598633,44.28652572631836,48.045249938964844,51.80809020996094,51.80809020996094
2015-11-20,2015-10-21,44.66,44.460269927978516,37.054569244384766,37.054569244384766,40.58135223388672,44.460269927978516,48.338653564453125,52.21369171142578,52.21369171142578
2015-11-23,2015-10-22,44.83,44.53923797607422,37.255699157714844,37.255699157714844,40.81639099121094,44.53923797607422,48.288726806640625,52.07434844970703,52.07434844970703
2015-11-24,2015-10-23,46.12,44.34908676147461,37.39346694946289,37.39346694946289,40.73439025878906,44.34908676147461,47.88552474975586,51.437767028808594,51.437767028808594
2015-11-25,2015-10-26,46.17,43.8591423034668,36.71971130371094,36.71971130371094,40.196590423583984,43.8591423034668,47.41185760498047,50.99813461303711,50.99813461303711
2015-11-27,2015-10-27,44.86,43.99580383300781,36.60548400878906,36.60548400878906,40.29376983642578,43.99580383300781,47.71245574951172,51.586341857910156,51.586341857910156
2015-11-30,2015-10-28,44.61,45.18770217895508,37.51306915283203,37.51306915283203,41.16217041015625,45.18770217895508,49.446258544921875,53.88832092285156,53.88832092285156
2015-12-01,2015-10-29,44.44,46.000118255615234,38.55039978027344,38.55039978027344,42.16778564453125,46.000118255615234,50.233299255371094,54.63044738769531,54.63044738769531
2015-12-02,2015-10-30,42.49,45.58668518066406,37.75093460083008,37.75093460083008,41.44253921508789,45.58668518066406,50.00069046020508,54.532188415527344,54.532188415527344
2015-12-03,2015-11-02,43.84,44.92518997192383,37.338260650634766,37.338260650634766,40.921600341796875,44.92518997192383,49.02312088012695,53.196533203125,53.196533203125
2015-12-04,2015-11-03,43.0,46.80794143676758,39.36683654785156,39.36683654785156,42.88648986816406,46.80794143676758,51.22868347167969,55.69673156738281,55.69673156738281
2015-12-07,2015-11-04,40.73,44.255428314208984,36.349220275878906,36.349220275878906,40.209163665771484,44.255428314208984,48.21701431274414,52.14695739746094,52.14695739746094
2015-12-08,2015-11-05,40.26,43.607444763183594,35.29706954956055,35.29706954956055,39.37836837768555,43.607444763183594,47.80906677246094,52.00061798095703,52.00061798095703
2015-12-09,2015-11-06,40.11,44.0941162109375,36.13335037231445,36.13335037231445,40.10942840576172,44.0941162109375,48.028228759765625,51.985748291015625,51.985748291015625
2015-12-10,2015-11-09,39.73,44.20473098754883,36.453250885009766,36.453250885009766,40.3561897277832,44.20473098754883,48.10458755493164,52.05638122558594,52.05638122558594
2015-12-11,2015-11-10,37.93,44.2574577331543,36.808937072753906,36.808937072753906,40.5650634765625,44.2574577331543,48.02595520019531,51.87682342529297,51.87682342529297
2015-12-14,2015-11-11,37.92,42.515541076660156,35.02195739746094,35.02195739746094,38.711944580078125,42.515541076660156,46.06092834472656,49.542179107666016,49.542179107666016
2015-12-15,2015-11-12,38.45,41.693878173828125,33.583404541015625,33.583404541015625,37.625640869140625,41.693878173828125,45.606773376464844,49.40581512451172,49.40581512451172
2015-12-16,2015-11-13,37.19,41.117340087890625,32.89162063598633,32.89162063598633,37.078041076660156,41.117340087890625,45.04231262207031,48.9210205078125,48.9210205078125
2015-12-17,2015-11-16,37.18,40.66179275512695,33.04536056518555,33.04536056518555,36.79955291748047,40.66179275512695,44.27060317993164,47.83971405029297,47.83971405029297
2015-12-18,2015-11-17,36.88,40.40232849121094,32.92938232421875,32.92938232421875,36.592735290527344,40.40232849121094,43.95500564575195,47.4867057800293,47.4867057800293
2015-12-21,2015-11-18,36.35,41.698123931884766,34.250221252441406,34.250221252441406,37.944549560546875,41.698123931884766,45.61958312988281,49.727989196777344,49.727989196777344
2015-12-22,2015-11-19,36.11,40.71281814575195,33.03977584838867,33.03977584838867,36.733760833740234,40.71281814575195,44.823219299316406,49.19291687011719,49.19291687011719
2015-12-23,2015-11-20,37.36,42.00208282470703,34.34001541137695,34.34001541137695,38.08733367919922,42.00208282470703,46.26765441894531,50.760921478271484,50.760921478271484
2015-12-24,2015-11-23,37.89,41.31568908691406,33.55375671386719,33.55375671386719,37.29264831542969,41.31568908691406,45.556007385253906,50.0284423828125,50.0284423828125
2015-12-28,2015-11-24,36.62,42.90212631225586,35.47273254394531,35.47273254394531,38.97489929199219,42.90212631225586,47.16133499145508,51.569091796875,51.569091796875
2015-12-29,2015-11-25,37.79,44.1906852722168,37.1822624206543,37.1822624206543,40.52189636230469,44.1906852722168,48.32184600830078,52.550537109375,52.550537109375
2015-12-30,2015-11-27,36.46,41.91304016113281,34.642452239990234,34.642452239990234,38.171722412109375,41.91304016113281,45.67007064819336,49.409934997558594,49.409934997558594
2015-12-31,2015-11-30,37.28,41.66191864013672,34.37621307373047,34.37621307373047,37.95356750488281,41.66191864013672,45.45066452026367,49.26493835449219,49.26493835449219
2016-01-04,2015-12-01,37.22,42.96540069580078,36.15032958984375,36.15032958984375,39.531097412109375,42.96540069580078,46.51042175292969,50.157386779785156,50.157386779785156
2016-01-05,2015-12-02,36.42,41.276161193847656,33.81156921386719,33.81156921386719,37.556251525878906,41.276161193847656,45.09629821777344,48.92341232299805,48.92341232299805
2016-01-06,2015-12-03,34.23,42.86029815673828,36.263545989990234,36.263545989990234,39.5481071472168,42.86029815673828,46.4495849609375,50.156410217285156,50.156410217285156
2016-01-07,2015-12-04,33.75,41.65013885498047,34.977046966552734,34.977046966552734,38.24911117553711,41.65013885498047,45.055355072021484,48.508846282958984,48.508846282958984
2016-01-08,2015-12-07,33.55,39.64292526245117,31.770191192626953,31.770191192626953,35.65593719482422,39.64292526245117,43.63829803466797,47.5348014831543,47.5348014831543
2016-01-11,2015-12-08,31.55,38.417877197265625,30.348655700683594,30.348655700683594,34.427001953125,38.417877197265625,42.46961975097656,46.48859786987305,46.48859786987305
2016-01-12,2015-12-09,30.86,36.946266174316406,29.06698989868164,29.06698989868164,32.9556884765625,36.946266174316406,40.785614013671875,44.65728759765625,44.65728759765625
2016-01-13,2015-12-10,30.31,35.730560302734375,27.82110595703125,27.82110595703125,31.715532302856445,35.730560302734375,39.446258544921875,43.22052764892578,43.22052764892578
2016-01-14,2015-12-11,31.03,33.86555099487305,24.61768341064453,24.61768341064453,29.295684814453125,33.86555099487305,38.26155090332031,42.66486740112305,42.66486740112305
2016-01-15,2015-12-14,31.01,33.980857849121094,25.20947265625,25.20947265625,29.58710479736328,33.980857849121094,38.39947509765625,43.04419708251953,43.04419708251953
2016-01-19,2015-12-15,28.76,35.404903411865234,27.177486419677734,27.177486419677734,31.268579483032227,35.404903411865234,39.85250473022461,44.45796585083008,44.45796585083008
2016-01-20,2015-12-16,27.88,34.892757415771484,26.79547119140625,26.79547119140625,30.79997444152832,34.892757415771484,39.23912811279297,43.718929290771484,43.718929290771484
2016-01-21,2015-12-17,29.25,35.31883239746094,27.476390838623047,27.476390838623047,31.348894119262695,35.31883239746094,39.50273513793945,43.705753326416016,43.705753326416016
2016-01-22,2015-12-18,32.18,34.574398040771484,26.645545959472656,26.645545959472656,30.547380447387695,34.574398040771484,38.92403793334961,43.285614013671875,43.285614013671875
2016-01-25,2015-12-21,30.5,34.01137924194336,26.289508819580078,26.289508819580078,30.120986938476562,34.01137924194336,37.96766662597656,41.79494857788086,41.79494857788086
2016-01-26,2015-12-22,31.8,33.35331726074219,25.412090301513672,25.412090301513672,29.341712951660156,33.35331726074219,37.50201416015625,41.51584243774414,41.51584243774414
2016-01-27,2015-12-23,33.1,36.32703399658203,28.64215850830078,28.64215850830078,32.385009765625,36.32703399658203,40.574180603027344,44.76033401489258,44.76033401489258
2016-01-28,2015-12-24,33.89,38.01601791381836,30.35401153564453,30.35401153564453,34.04127502441406,38.01601791381836,42.567169189453125,47.16606140136719,47.16606140136719
2016-01-29,2015-12-28,34.74,34.98762130737305,27.693531036376953,27.693531036376953,31.270288467407227,34.98762130737305,39.147857666015625,43.34895706176758,43.34895706176758
2016-02-01,2015-12-29,34.69,36.17259979248047,29.32564926147461,29.32564926147461,32.636878967285156,36.17259979248047,40.018821716308594,43.91115951538086,43.91115951538086
2016-02-02,2015-12-30,32.72,35.36027908325195,28.36223602294922,28.36223602294922,31.770925521850586,35.36027908325195,39.259368896484375,43.22806930541992,43.22806930541992
2016-02-03,2015-12-31,35.04,36.72206497192383,30.136646270751953,30.136646270751953,33.35304260253906,36.72206497192383,40.661006927490234,44.737735748291016,44.737735748291016
2016-02-04,2016-01-04,34.46,36.1455192565918,29.622909545898438,29.622909545898438,32.79558181762695,36.1455192565918,39.75580596923828,43.53856658935547,43.53856658935547
2016-02-05,2016-01-05,34.06,34.97209930419922,28.18981170654297,28.18981170654297,31.517276763916016,34.97209930419922,38.42859649658203,41.97528076171875,41.97528076171875
2016-02-08,2016-01-06,32.88,32.39101028442383,24.305870056152344,24.305870056152344,28.335899353027344,32.39101028442383,36.48509216308594,40.63101577758789,40.63101577758789
2016-02-09,2016-01-07,30.32,31.931446075439453,23.906822204589844,23.906822204589844,27.895336151123047,31.931446075439453,36.14830017089844,40.45261001586914,40.45261001586914
2016-02-10,2016-01-08,30.84,32.05299377441406,24.214141845703125,24.214141845703125,28.100296020507812,32.05299377441406,36.22337341308594,40.40306854248047,40.40306854248047
2016-02-11,2016-01-11,30.06,30.480571746826172,21.979698181152344,21.979698181152344,26.184364318847656,30.480571746826172,34.76806640625,38.920982360839844,38.920982360839844
2016-02-12,2016-01-12,33.36,29.590877532958984,20.754562377929688,20.754562377929688,25.144540786743164,29.590877532958984,33.92631530761719,38.04051971435547,38.04051971435547
2016-02-16,2016-01-13,32.18,27.730850219726562,18.817161560058594,18.817161560058594,23.23041343688965,27.730850219726562,32.29593276977539,36.604148864746094,36.604148864746094
2016-02-17,2016-01-14,34.5,30.530704498291016,22.547157287597656,22.547157287597656,26.4412899017334,30.530704498291016,34.762733459472656,38.73077392578125,38.73077392578125
2016-02-18,2016-01-15,34.28,30.12445831298828,22.224849700927734,22.224849700927734,26.05685806274414,30.12445831298828,34.51317596435547,38.72299575805664,38.72299575805664
2016-02-19,2016-01-19,33.01,28.064842224121094,18.650474548339844,18.650474548339844,23.2872371673584,28.064842224121094,32.931556701660156,37.56243896484375,37.56243896484375
2016-02-22,2016-01-20,34.69,26.760494232177734,16.515804290771484,16.515804290771484,21.55276107788086,26.760494232177734,32.210819244384766,37.508995056152344,37.508995056152344
2016-02-23,2016-01-21,33.27,28.646137237548828,20.251483917236328,20.251483917236328,24.339475631713867,28.646137237548828,33.46427917480469,38.272605895996094,38.272605895996094
2016-02-24,2016-01-22,34.41,32.11096954345703,24.093109130859375,24.093109130859375,27.93445587158203,32.11096954345703,36.75838851928711,41.45466613769531,41.45466613769531
2016-02-25,2016-01-25,35.29,32.21345520019531,24.536014556884766,24.536014556884766,28.2191219329834,32.21345520019531,36.720985412597656,41.28515625,41.28515625
2016-02-26,2016-01-26,35.1,33.776573181152344,26.21786117553711,26.21786117553711,29.83051109313965,33.776573181152344,38.39061737060547,43.175392150878906,43.175392150878906
2016-02-29,2016-01-27,35.97,35.03886795043945,27.83965301513672,27.83965301513672,31.25713348388672,35.03886795043945,39.41319274902344,43.96491241455078,43.96491241455078
2016-03-01,2016-01-28,35.96,36.02753829956055,29.04084014892578,29.04084014892578,32.306846618652344,36.02753829956055,40.357627868652344,44.79022979736328,44.79022979736328
2016-03-02,2016-01-29,36.93,37.152976989746094,29.923389434814453,29.923389434814453,33.273956298828125,37.152976989746094,41.72120666503906,46.49308776855469,46.49308776855469
2016-03-03,2016-02-01,37.07,37.31183624267578,30.170482635498047,30.170482635498047,33.4756965637207,37.31183624267578,41.77565002441406,46.50078201293945,46.50078201293945
2016-03-04,2016-02-02,38.72,35.10484313964844,27.734230041503906,27.734230041503906,31.25426483154297,35.10484313964844,39.359981536865234,43.84445571899414,43.84445571899414
2016-03-07,2016-02-03,40.84,38.05706787109375,30.994705200195312,30.994705200195312,34.26351547241211,38.05706787109375,42.19886016845703,46.34315490722656,46.34315490722656
2016-03-08,2016-02-04,39.65,37.827762603759766,30.965412139892578,30.965412139892578,34.14807891845703,37.827762603759766,41.79419708251953,45.673133850097656,45.673133850097656
2016-03-09,2016-02-05,41.07,36.53525161743164,29.603370666503906,29.603370666503906,32.885589599609375,36.53525161743164,40.49983215332031,44.433837890625,44.433837890625
2016-03-10,2016-02-08,40.05,36.628196716308594,29.922710418701172,29.922710418701172,33.097774505615234,36.628196716308594,40.38567352294922,44.034732818603516,44.034732818603516
2016-03-11,2016-02-09,40.39,33.3061408996582,25.134761810302734,25.134761810302734,29.1152400970459,33.3061408996582,37.657875061035156,41.92195129394531,41.92195129394531
2016-03-14,2016-02-10,39.53,33.87788009643555,26.33928680419922,26.33928680419922,30.007780075073242,33.87788009643555,37.87202835083008,41.798309326171875,41.798309326171875
2016-03-15,2016-02-11,38.74,32.09907150268555,23.78253936767578,23.78253936767578,27.83026695251465,32.09907150268555,36.660064697265625,41.19325256347656,41.19325256347656
2016-03-16,2016-02-12,40.33,34.48625183105469,27.324356079101562,27.324356079101562,30.769287109375,34.48625183105469,38.66291809082031,42.88266372680664,42.88266372680664
2016-03-17,2016-02-16,41.54,34.15852355957031,26.944805145263672,26.944805145263672,30.456836700439453,34.15852355957031,38.194541931152344,42.284095764160156,42.284095764160156
2016-03-18,2016-02-17,41.2,36.24315643310547,29.118419647216797,29.118419647216797,32.552513122558594,36.24315643310547,40.33705139160156,44.541847229003906,44.541847229003906
2016-03-21,2016-02-18,41.54,36.19853210449219,29.28131866455078,29.28131866455078,32.639556884765625,36.19853210449219,40.2715950012207,44.52977752685547,44.52977752685547
2016-03-22,2016-02-19,41.79,34.551597595214844,27.923213958740234,27.923213958740234,31.17672348022461,34.551597595214844,38.39210510253906,42.41312026977539,42.41312026977539
2016-03-23,2016-02-22,40.47,35.65092086791992,29.256996154785156,29.256996154785156,32.351165771484375,35.65092086791992,39.46458053588867,43.451988220214844,43.451988220214844
2016-03-24,2016-02-23,40.44,34.383567810058594,27.402118682861328,27.402118682861328,30.769363403320312,34.383567810058594,38.51898956298828,42.90443801879883,42.90443801879883
2016-03-28,2016-02-24,40.27,36.590667724609375,29.998977661132812,29.998977661132812,33.126800537109375,36.590667724609375,40.746925354003906,45.256980895996094,45.256980895996094
2016-03-29,2016-02-25,39.14,38.327239990234375,31.965984344482422,31.965984344482422,34.960906982421875,38.327239990234375,42.34831237792969,46.62001419067383,46.62001419067383
2016-03-30,2016-02-26,39.26,38.68743896484375,32.42320251464844,32.42320251464844,35.37554931640625,38.68743896484375,42.53087615966797,46.54222106933594,46.54222106933594
2016-03-31,2016-02-29,39.6,39.88786697387695,34.09089279174805,34.09089279174805,36.80390930175781,39.88786697387695,43.46009063720703,47.095672607421875,47.095672607421875
2016-04-01,2016-03-01,39.66,39.04585647583008,33.19059371948242,33.19059371948242,35.94682312011719,39.04585647583008,42.64157485961914,46.29598617553711,46.29598617553711
2016-04-04,2016-03-02,37.69,40.718017578125,35.44707107543945,35.44707107543945,37.88777160644531,40.718017578125,44.0205192565918,47.328834533691406,47.328834533691406
2016-04-05,2016-03-03,37.87,40.280487060546875,34.7679443359375,34.7679443359375,37.33707046508789,40.280487060546875,43.657962799072266,47.10639953613281,47.10639953613281
2016-04-06,2016-03-04,39.84,41.47486877441406,35.949462890625,35.949462890625,38.53351593017578,41.47486877441406,44.86571502685547,48.35869598388672,48.35869598388672
2016-04-07,2016-03-07,39.43,44.09075927734375,37.15875244140625,37.15875244140625,40.36811065673828,44.09075927734375,48.39257049560547,52.76926803588867,52.76926803588867
2016-04-08,2016-03-08,41.94,41.96531677246094,35.84955596923828,35.84955596923828,38.72956085205078,41.96531677246094,45.58930969238281,49.38002014160156,49.38002014160156
2016-04-11,2016-03-09,42.83,42.37450408935547,36.542442321777344,36.542442321777344,39.29770278930664,42.37450408935547,45.83598709106445,49.47745895385742,49.47745895385742
2016-04-12,2016-03-10,44.69,42.04456329345703,35.976280212402344,35.976280212402344,38.84980010986328,42.04456329345703,45.60272216796875,49.37620544433594,49.37620544433594
2016-04-13,2016-03-11,44.18,42.16192626953125,35.89671325683594,35.89671325683594,38.881282806396484,42.16192626953125,45.80466842651367,49.67000198364258,49.67000198364258
2016-04-14,2016-03-14,43.84,40.349266052246094,34.5740966796875,34.5740966796875,37.32464599609375,40.349266052246094,43.73387908935547,47.344703674316406,47.344703674316406
2016-04-15,2016-03-15,43.1,38.506317138671875,32.33462142944336,32.33462142944336,35.28899383544922,38.506317138671875,41.97496032714844,45.61902618408203,45.61902618408203
2016-04-18,2016-03-16,42.91,40.686668395996094,34.544761657714844,34.544761657714844,37.45945739746094,40.686668395996094,44.344383239746094,48.278526306152344,48.278526306152344
2016-04-19,2016-03-17,44.03,43.15196228027344,36.63453674316406,36.63453674316406,39.68906784057617,43.15196228027344,47.07648468017578,51.21541976928711,51.21541976928711
2016-04-20,2016-03-18,45.8,42.816253662109375,36.691871643066406,36.691871643066406,39.574546813964844,42.816253662109375,46.46207046508789,50.25816345214844,50.25816345214844
2016-04-21,2016-03-21,44.53,42.958290100097656,37.247982025146484,37.247982025146484,39.949886322021484,42.958290100097656,46.335811614990234,49.82075500488281,49.82075500488281
2016-04-22,2016-03-22,45.11,42.74348068237305,37.48540115356445,37.48540115356445,39.96929168701172,42.74348068237305,45.87821960449219,49.08433532714844,49.08433532714844
2016-04-25,2016-03-23,44.48,40.71894454956055,35.408935546875,35.408935546875,37.93609619140625,40.71894454956055,43.842498779296875,46.99040985107422,46.99040985107422
2016-04-26,2016-03-24,45.74,40.82276153564453,35.898738861083984,35.898738861083984,38.21552276611328,40.82276153564453,43.80256652832031,46.80338668823242,46.80338668823242
2016-04-27,2016-03-28,47.18,39.98591613769531,34.80442428588867,34.80442428588867,37.242942810058594,39.98591613769531,43.16254806518555,46.38473892211914,46.38473892211914
2016-04-28,2016-03-29,48.14,39.052162170410156,33.723419189453125,33.723419189453125,36.247406005859375,39.052162170410156,42.13834762573242,45.232486724853516,45.232486724853516
2016-04-29,2016-03-30,48.13,39.041900634765625,33.04703903198242,33.04703903198242,35.90167236328125,39.041900634765625,42.534820556640625,46.07878875732422,46.07878875732422
2016-05-02,2016-03-31,48.1,38.56537628173828,32.883888244628906,32.883888244628906,35.609310150146484,38.56537628173828,41.85929870605469,45.20051956176758,45.20051956176758
2016-05-03,2016-04-01,46.75,38.48563766479492,32.935951232910156,32.935951232910156,35.55751419067383,38.48563766479492,41.706451416015625,44.944759368896484,44.944759368896484
2016-05-04,2016-04-04,44.62,36.75322341918945,30.12569808959961,30.12569808959961,33.324649810791016,36.75322341918945,40.38373565673828,44.028663635253906,44.028663635253906
2016-05-05,2016-04-05,45.01,36.2471923828125,29.327003479003906,29.327003479003906,32.68391418457031,36.2471923828125,40.10935592651367,43.998779296875,43.998779296875
2016-05-06,2016-04-06,45.37,38.61174392700195,32.854026794433594,32.854026794433594,35.595855712890625,38.61174392700195,42.079647064208984,45.617469787597656,45.617469787597656
2016-05-09,2016-04-07,43.63,38.277305603027344,32.49347686767578,32.49347686767578,35.25779342651367,38.277305603027344,41.737152099609375,45.273826599121094,45.273826599121094
2016-05-10,2016-04-08,45.52,40.5366325378418,33.75087356567383,33.75087356567383,36.95946502685547,40.5366325378418,44.59349060058594,48.82715606689453,48.82715606689453
2016-05-11,2016-04-11,47.6,42.807945251464844,35.771278381347656,35.771278381347656,39.076873779296875,42.807945251464844,46.94928741455078,51.255821228027344,51.255821228027344
2016-05-12,2016-04-12,48.08,45.46448516845703,38.041900634765625,38.041900634765625,41.48916244506836,45.46448516845703,49.88213348388672,54.413543701171875,54.413543701171875
2016-05-13,2016-04-13,47.83,44.210792541503906,37.9317626953125,37.9317626953125,40.881988525390625,44.210792541503906,47.893882751464844,51.65184020996094,51.65184020996094
2016-05-16,2016-04-14,48.97,44.242637634277344,38.4925537109375,38.4925537109375,41.20573425292969,44.242637634277344,47.59606170654297,50.98284912109375,50.98284912109375
2016-05-17,2016-04-15,49.28,43.61327362060547,37.990989685058594,37.990989685058594,40.647254943847656,43.61327362060547,46.837886810302734,50.09735870361328,50.09735870361328
2016-05-18,2016-04-18,48.93,43.863525390625,38.802574157714844,38.802574157714844,41.171409606933594,43.863525390625,46.825157165527344,49.82286834716797,49.82286834716797
2016-05-19,2016-04-19,48.81,45.471824645996094,39.993370056152344,39.993370056152344,42.55065155029297,45.471824645996094,48.701568603515625,51.97991180419922,51.97991180419922
2016-05-20,2016-04-20,48.72,47.14946746826172,41.18080139160156,41.18080139160156,43.95835494995117,47.14946746826172,50.683677673339844,54.22917556762695,54.22917556762695
2016-05-23,2016-04-21,48.35,46.91962432861328,40.514442443847656,40.514442443847656,43.51585388183594,46.91962432861328,50.58182144165039,54.38046646118164,54.38046646118164
2016-05-24,2016-04-22,48.61,45.927059173583984,39.95119857788086,39.95119857788086,42.76460266113281,45.927059173583984,49.31828308105469,52.8654670715332,52.8654670715332
2016-05-25,2016-04-25,49.74,43.72297668457031,38.28681945800781,38.28681945800781,40.85545349121094,43.72297668457031,46.77448272705078,50.05226135253906,50.05226135253906
2016-05-26,2016-04-26,49.59,45.65097427368164,39.268741607666016,39.268741607666016,42.291282653808594,45.65097427368164,49.234893798828125,52.93163299560547,52.93163299560547
2016-05-27,2016-04-27,49.32,48.23970413208008,40.865814208984375,40.865814208984375,44.34510803222656,48.23970413208008,52.43308639526367,56.64158248901367,56.64158248901367
2016-05-31,2016-04-28,49.69,48.86592102050781,41.657127380371094,41.657127380371094,45.04712677001953,48.86592102050781,53.01966094970703,57.200016021728516,57.200016021728516
2016-06-01,2016-04-29,49.71,49.201011657714844,41.85713195800781,41.85713195800781,45.314674377441406,49.201011657714844,53.409263610839844,57.621498107910156,57.621498107910156
2016-06-02,2016-05-02,50.04,49.317901611328125,41.361297607421875,41.361297607421875,45.112693786621094,49.317901611328125,53.79095458984375,58.35193634033203,58.35193634033203
2016-06-03,2016-05-03,49.64,47.005271911621094,39.601470947265625,39.601470947265625,43.102779388427734,47.005271911621094,51.06952667236328,55.276573181152344,55.276573181152344
2016-06-06,2016-05-04,50.55,44.743865966796875,37.12360382080078,37.12360382080078,40.701316833496094,44.743865966796875,48.82904815673828,53.02010726928711,53.02010726928711
2016-06-07,2016-05-05,51.44,44.912776947021484,38.00086212158203,38.00086212158203,41.24803161621094,44.912776947021484,48.63526153564453,52.35563278198242,52.35563278198242
2016-06-08,2016-05-06,52.51,45.57413101196289,39.31086730957031,39.31086730957031,42.247589111328125,45.57413101196289,49.02375793457031,52.40879821777344,52.40879821777344
2016-06-09,2016-05-09,51.95,43.439849853515625,37.15306091308594,37.15306091308594,40.11850357055664,43.439849853515625,46.804786682128906,50.075443267822266,50.075443267822266
2016-06-10,2016-05-10,50.54,44.91415023803711,39.45795822143555,39.45795822143555,42.02080535888672,44.91415023803711,47.974037170410156,50.978092193603516,50.978092193603516
2016-06-13,2016-05-11,50.35,46.35481262207031,40.40719985961914,40.40719985961914,43.19684600830078,46.35481262207031,49.74542236328125,53.13521957397461,53.13521957397461
2016-06-14,2016-05-12,49.83,46.64485168457031,40.76789474487305,40.76789474487305,43.55692672729492,46.64485168457031,49.986541748046875,53.385162353515625,53.385162353515625
2016-06-15,2016-05-13,48.97,46.407257080078125,40.193275451660156,40.193275451660156,43.1422233581543,46.407257080078125,49.914329528808594,53.52339172363281,53.52339172363281
2016-06-16,2016-05-16,47.19,46.59287643432617,40.490760803222656,40.490760803222656,43.38916778564453,46.59287643432617,50.05495834350586,53.63159942626953,53.63159942626953
2016-06-17,2016-05-17,49.17,46.593441009521484,40.56664276123047,40.56664276123047,43.433834075927734,46.593441009521484,50.06880187988281,53.709354400634766,53.709354400634766
2016-06-20,2016-05-18,50.65,47.54515075683594,41.058509826660156,41.058509826660156,44.15650939941406,47.54515075683594,51.24983596801758,55.05755615234375,55.05755615234375
2016-06-21,2016-05-19,50.62,47.885719299316406,40.9244270324707,40.9244270324707,44.25749206542969,47.885719299316406,51.78227233886719,55.77876281738281,55.77876281738281
2016-06-22,2016-05-20,49.88,47.7221565246582,41.0057373046875,41.0057373046875,44.20921325683594,47.7221565246582,51.45547866821289,55.28184509277344,55.28184509277344
2016-06-23,2016-05-23,50.91,47.32484436035156,40.906883239746094,40.906883239746094,43.974334716796875,47.32484436035156,50.88215637207031,54.55040740966797,54.55040740966797
2016-06-24,2016-05-24,48.41,47.93999099731445,41.0843505859375,41.0843505859375,44.38170623779297,47.93999099731445,51.68749237060547,55.566253662109375,55.566253662109375
2016-06-27,2016-05-25,47.16,49.7879638671875,42.64935302734375,42.64935302734375,46.05714416503906,49.7879638671875,53.712623596191406,57.65211486816406,57.65211486816406
2016-06-28,2016-05-26,48.58,49.89006042480469,42.72052001953125,42.72052001953125,46.165367126464844,49.89006042480469,53.75398254394531,57.58978271484375,57.58978271484375
2016-06-29,2016-05-27,50.61,49.33551025390625,42.48237228393555,42.48237228393555,45.802528381347656,49.33551025390625,52.94136047363281,56.453369140625,56.453369140625
2016-06-30,2016-05-31,49.68,49.953041076660156,43.57899475097656,43.57899475097656,46.682098388671875,49.953041076660156,53.31172180175781,56.563777923583984,56.563777923583984
2016-07-01,2016-06-01,49.84,49.65669250488281,43.27782440185547,43.27782440185547,46.40248107910156,49.65669250488281,52.98128890991211,56.1614875793457,56.1614875793457
2016-07-05,2016-06-02,47.96,50.081485748291016,44.13440704345703,44.13440704345703,47.0338134765625,50.081485748291016,53.25536346435547,56.34435272216797,56.34435272216797
2016-07-06,2016-06-03,48.8,49.51637649536133,43.20997619628906,43.20997619628906,46.25846862792969,49.51637649536133,52.86463165283203,56.142578125,56.142578125
2016-07-07,2016-06-06,46.4,50.78407669067383,44.43049240112305,44.43049240112305,47.49461364746094,50.78407669067383,54.22331619262695,57.57072830200195,57.57072830200195
2016-07-08,2016-06-07,46.76,52.6401481628418,45.80131912231445,45.80131912231445,49.033447265625,52.6401481628418,56.429725646972656,60.05985641479492,60.05985641479492
2016-07-11,2016-06-08,46.25,53.158756256103516,46.17741394042969,46.17741394042969,49.45463562011719,53.158756256103516,57.035614013671875,60.727291107177734,60.727291107177734
2016-07-12,2016-06-09,48.47,52.41714859008789,45.3838005065918,45.3838005065918,48.72886276245117,52.41714859008789,56.165985107421875,59.7198486328125,59.7198486328125
2016-07-13,2016-06-10,46.26,51.14044952392578,44.01020050048828,44.01020050048828,47.434364318847656,51.14044952392578,54.812034606933594,58.30522537231445,58.30522537231445
2016-07-14,2016-06-13,47.37,51.16829299926758,43.8248291015625,43.8248291015625,47.374881744384766,51.16829299926758,54.910377502441406,58.49305725097656,58.49305725097656
2016-07-15,2016-06-14,47.61,50.1851921081543,42.935203552246094,42.935203552246094,46.44586944580078,50.1851921081543,53.83894348144531,57.316829681396484,57.316829681396484
2016-07-18,2016-06-15,46.96,49.00336456298828,41.94481658935547,41.94481658935547,45.366214752197266,49.00336456298828,52.52778625488281,55.893272399902344,55.893272399902344
2016-07-19,2016-06-16,46.66,46.37541580200195,38.61183166503906,38.61183166503906,42.3757209777832,46.37541580200195,50.19922637939453,53.92914581298828,53.92914581298828
2016-07-20,2016-06-17,47.17,48.69438934326172,41.318931579589844,41.318931579589844,44.88331985473633,48.69438934326172,52.474853515625,56.16266632080078,56.16266632080078
2016-07-21,2016-06-20,46.2,50.26772689819336,42.85246658325195,42.85246658325195,46.40149688720703,50.26772689819336,54.184471130371094,58.01498794555664,58.01498794555664
2016-07-22,2016-06-21,45.69,50.003814697265625,42.95803451538086,42.95803451538086,46.36939239501953,50.003814697265625,53.64180374145508,57.169864654541016,57.169864654541016
2016-07-25,2016-06-22,44.72,50.144866943359375,43.77519226074219,43.77519226074219,46.90294647216797,50.144866943359375,53.36330032348633,56.51210021972656,56.51210021972656
2016-07-26,2016-06-23,44.87,51.87814712524414,45.450660705566406,45.450660705566406,48.59762191772461,51.87814712524414,55.14556884765625,58.3064079284668,58.3064079284668
2016-07-27,2016-06-24,43.47,50.410606384277344,44.386085510253906,44.386085510253906,47.326881408691406,50.410606384277344,53.45288848876953,56.39934539794922,56.39934539794922
2016-07-28,2016-06-27,42.7,48.947349548339844,42.38395309448242,42.38395309448242,45.543792724609375,48.947349548339844,52.243404388427734,55.41035842895508,55.41035842895508
2016-07-29,2016-06-28,42.46,49.92259216308594,43.716278076171875,43.716278076171875,46.737701416015625,49.92259216308594,53.0553092956543,56.07126235961914,56.07126235961914
2016-08-01,2016-06-29,42.45,52.37918472290039,46.05127716064453,46.05127716064453,49.078433990478516,52.37918472290039,55.7352409362793,59.01006317138672,59.01006317138672
2016-08-02,2016-06-30,41.8,51.447784423828125,45.39584732055664,45.39584732055664,48.31914138793945,51.447784423828125,54.56422424316406,57.58601379394531,57.58601379394531
2016-08-03,2016-07-01,43.1,50.91536331176758,44.834556579589844,44.834556579589844,47.79137420654297,50.91536331176758,54.018455505371094,57.033748626708984,57.033748626708984
2016-08-04,2016-07-05,44.29,49.480525970458984,42.9430046081543,42.9430046081543,46.129302978515625,49.480525970458984,52.74321746826172,55.853721618652344,55.853721618652344
2016-08-05,2016-07-06,44.27,49.572242736816406,43.03211212158203,43.03211212158203,46.23173522949219,49.572242736816406,52.87285614013672,56.03135681152344,56.03135681152344
2016-08-08,2016-07-07,45.39,48.11056137084961,41.26619338989258,41.26619338989258,44.61456298828125,48.11056137084961,51.511871337890625,54.72195816040039,54.72195816040039
2016-08-09,2016-07-08,44.98,48.21902084350586,41.560760498046875,41.560760498046875,44.8007926940918,48.21902084350586,51.59659194946289,54.800846099853516,54.800846099853516
2016-08-10,2016-07-11,44.05,47.14976501464844,40.17957305908203,40.17957305908203,43.575584411621094,47.14976501464844,50.69464111328125,54.12960433959961,54.12960433959961
2016-08-11,2016-07-12,46.04,49.41342544555664,42.72840881347656,42.72840881347656,45.964576721191406,49.41342544555664,52.85919189453125,56.190731048583984,56.190731048583984
2016-08-12,2016-07-13,46.97,47.05116271972656,40.12538146972656,40.12538146972656,43.49342727661133,47.05116271972656,50.52201843261719,53.90188217163086,53.90188217163086
2016-08-15,2016-07-14,48.35,48.65803909301758,42.020957946777344,42.020957946777344,45.25746536254883,48.65803909301758,51.96795654296875,55.15907669067383,55.15907669067383
2016-08-16,2016-07-15,49.23,49.01947021484375,42.96473693847656,42.96473693847656,45.931251525878906,49.01947021484375,52.03837203979492,54.930625915527344,54.930625915527344
2016-08-17,2016-07-18,49.85,49.21881866455078,43.36856460571289,43.36856460571289,46.255210876464844,49.21881866455078,52.13002014160156,54.89809799194336,54.89809799194336
2016-08-18,2016-07-19,50.89,48.84303283691406,43.120147705078125,43.120147705078125,45.920562744140625,48.84303283691406,51.72615432739258,54.437782287597656,54.437782287597656
2016-08-19,2016-07-20,50.88,48.6462287902832,42.725059509277344,42.725059509277344,45.59741973876953,48.6462287902832,51.73830032348633,54.717979431152344,54.717979431152344
2016-08-22,2016-07-21,49.16,47.375526428222656,41.20708465576172,41.20708465576172,44.236656188964844,47.375526428222656,50.45649719238281,53.437705993652344,53.437705993652344
2016-08-23,2016-07-22,49.96,46.9332389831543,40.29969024658203,40.29969024658203,43.52961730957031,46.9332389831543,50.299591064453125,53.62196350097656,53.62196350097656
2016-08-24,2016-07-25,49.05,45.24372863769531,38.510643005371094,38.510643005371094,41.80000305175781,45.24372863769531,48.60643768310547,51.88416290283203,51.88416290283203
2016-08-25,2016-07-26,49.67,45.43724822998047,39.223960876464844,39.223960876464844,42.281578063964844,45.43724822998047,48.557708740234375,51.59172058105469,51.59172058105469
2016-08-26,2016-07-27,49.92,43.51057434082031,36.6559944152832,36.6559944152832,40.02055358886719,43.51057434082031,46.88057327270508,50.060752868652344,50.060752868652344
2016-08-29,2016-07-28,49.26,41.72389221191406,34.238250732421875,34.238250732421875,37.92037582397461,41.72389221191406,45.364219665527344,48.7730827331543,48.7730827331543
2016-08-30,2016-07-29,48.37,41.797489166259766,34.643585205078125,34.643585205078125,38.170928955078125,41.797489166259766,45.293556213378906,48.57421875,48.57421875
2016-08-31,2016-08-01,47.04,41.145416259765625,34.22455978393555,34.22455978393555,37.630130767822266,41.145416259765625,44.59204864501953,47.884010314941406,47.884010314941406
2016-09-01,2016-08-02,47.05,39.45255661010742,32.40010070800781,32.40010070800781,35.88624572753906,39.45255661010742,42.96292495727539,46.38021469116211,46.38021469116211
2016-09-02,2016-08-03,46.83,41.438323974609375,34.411956787109375,34.411956787109375,37.86802673339844,41.438323974609375,44.980072021484375,48.43278884887695,48.43278884887695
2016-09-06,2016-08-04,47.26,43.070518493652344,36.23431396484375,36.23431396484375,39.57184600830078,43.070518493652344,46.543861389160156,49.918521881103516,49.918521881103516
2016-09-07,2016-08-05,47.98,43.29300308227539,36.53173828125,36.53173828125,39.85052490234375,43.29300308227539,46.65924835205078,49.88998031616211,49.88998031616211
2016-09-08,2016-08-08,49.99,43.93256378173828,37.36960220336914,37.36960220336914,40.57743835449219,43.93256378173828,47.211936950683594,50.322654724121094,50.322654724121094
2016-09-09,2016-08-09,48.01,44.911460876464844,38.552947998046875,38.552947998046875,41.685874938964844,44.911460876464844,48.10196304321289,51.14548873901367,51.14548873901367
2016-09-12,2016-08-10,48.32,44.15357971191406,37.95082092285156,37.95082092285156,40.986663818359375,44.15357971191406,47.33818817138672,50.38812255859375,50.38812255859375
2016-09-13,2016-08-11,47.1,46.50988006591797,40.21284103393555,40.21284103393555,43.25498580932617,46.50988006591797,49.83140182495117,53.001731872558594,53.001731872558594
2016-09-14,2016-08-12,45.85,47.597412109375,41.126441955566406,41.126441955566406,44.23002624511719,47.597412109375,51.013038635253906,54.24170684814453,54.24170684814453
2016-09-15,2016-08-15,46.59,48.821895599365234,41.733734130859375,41.733734130859375,45.07234573364258,48.821895599365234,52.66226577758789,56.288822174072266,56.288822174072266
2016-09-16,2016-08-16,45.77,49.533199310302734,42.41480255126953,42.41480255126953,45.76588439941406,49.533199310302734,53.37188720703125,56.935508728027344,56.935508728027344
2016-09-19,2016-08-17,45.95,50.00435256958008,43.0316162109375,43.0316162109375,46.32521057128906,50.00435256958008,53.66046905517578,57.01683044433594,57.01683044433594
2016-09-20,2016-08-18,45.88,51.36527633666992,43.5184326171875,43.5184326171875,47.18496322631836,51.36527633666992,55.50367736816406,59.228294372558594,59.228294372558594
2016-09-21,2016-08-19,46.83,51.22260665893555,42.93341827392578,42.93341827392578,46.81526184082031,51.22260665893555,55.46482849121094,59.24943542480469,59.24943542480469
2016-09-22,2016-08-22,47.65,48.45525360107422,40.829036712646484,40.829036712646484,44.445045471191406,48.45525360107422,52.23435974121094,55.667396545410156,55.667396545410156
2016-09-23,2016-08-23,45.89,49.508689880371094,41.809940338134766,41.809940338134766,45.45802688598633,49.508689880371094,53.34849548339844,56.82223129272461,56.82223129272461
2016-09-26,2016-08-24,47.35,49.14297866821289,41.59114074707031,41.59114074707031,45.198890686035156,49.14297866821289,52.90220642089844,56.367794036865234,56.367794036865234
2016-09-27,2016-08-25,45.97,49.72430419921875,42.245208740234375,42.245208740234375,45.823917388916016,49.72430419921875,53.461158752441406,56.91196060180664,56.91196060180664
2016-09-28,2016-08-26,48.69,49.775577545166016,42.24359893798828,42.24359893798828,45.85212707519531,49.775577545166016,53.52684783935547,57.00278854370117,57.00278854370117
2016-09-29,2016-08-29,49.24,49.383033752441406,42.11878204345703,42.11878204345703,45.63811111450195,49.383033752441406,52.95020294189453,56.2703857421875,56.2703857421875
2016-09-30,2016-08-30,49.06,47.73411560058594,40.48882293701172,40.48882293701172,43.99718475341797,47.73411560058594,51.28894805908203,54.606990814208984,54.606990814208984
2016-10-03,2016-08-31,49.1,47.03715515136719,39.76268005371094,39.76268005371094,43.296173095703125,47.03715515136719,50.57453918457031,53.862884521484375,53.862884521484375
2016-10-04,2016-09-01,50.87,47.115413665771484,40.36299133300781,40.36299133300781,43.631065368652344,47.115413665771484,50.50065994262695,53.66865539550781,53.66865539550781
2016-10-05,2016-09-02,51.86,46.74644470214844,39.78183364868164,39.78183364868164,43.13639831542969,46.74644470214844,50.302207946777344,53.652244567871094,53.652244567871094
2016-10-06,2016-09-06,52.51,47.595523834228516,40.80264663696289,40.80264663696289,44.074554443359375,47.595523834228516,51.10203552246094,54.4026985168457,54.4026985168457
2016-10-07,2016-09-07,51.93,48.03766632080078,41.036231994628906,41.036231994628906,44.37873458862305,48.03766632080078,51.707786560058594,55.167449951171875,55.167449951171875
2016-10-11,2016-09-08,52.41,49.82260513305664,42.539833068847656,42.539833068847656,45.98988723754883,49.82260513305664,53.69341278076172,57.270320892333984,57.270320892333984
2016-10-12,2016-09-09,51.81,47.02400588989258,40.15361022949219,40.15361022949219,43.46769714355469,47.02400588989258,50.468597412109375,53.7205810546875,53.7205810546875
2016-10-13,2016-09-12,52.03,47.15375900268555,40.05490493774414,40.05490493774414,43.47441101074219,47.15375900268555,50.72621154785156,54.07775115966797,54.07775115966797
2016-10-14,2016-09-13,51.95,46.09034729003906,38.740501403808594,38.740501403808594,42.295814514160156,46.09034729003906,49.737632751464844,53.121673583984375,53.121673583984375
2016-10-17,2016-09-14,51.52,45.11009979248047,37.645774841308594,37.645774841308594,41.25920867919922,45.11009979248047,48.785709381103516,52.152164459228516,52.152164459228516
2016-10-18,2016-09-15,51.68,46.34975814819336,39.24005126953125,39.24005126953125,42.673194885253906,46.34975814819336,49.95174026489258,53.23515701293945,53.23515701293945
2016-10-19,2016-09-16,52.67,46.55714416503906,39.59929275512695,39.59929275512695,42.973777770996094,46.55714416503906,50.101356506347656,53.38436508178711,53.38436508178711
2016-10-20,2016-09-19,51.38,46.430809020996094,39.514244079589844,39.514244079589844,42.88030242919922,46.430809020996094,49.94657897949219,53.225242614746094,53.225242614746094
2016-10-21,2016-09-20,51.78,46.569610595703125,39.721309661865234,39.721309661865234,43.05481719970703,46.569610595703125,50.05816650390625,53.34701156616211,53.34701156616211
2016-10-24,2016-09-21,51.46,47.962398529052734,41.30203628540039,41.30203628540039,44.53094482421875,47.962398529052734,51.415916442871094,54.66301727294922,54.66301727294922
2016-10-25,2016-09-22,50.79,49.21583557128906,42.721126556396484,42.721126556396484,45.85425567626953,49.21583557128906,52.62638854980469,55.79635238647461,55.79635238647461
2016-10-26,2016-09-23,49.98,47.50749588012695,40.923255920410156,40.923255920410156,44.10856246948242,47.50749588012695,50.884185791015625,54.02389907836914,54.02389907836914
2016-10-27,2016-09-26,50.47,49.07262420654297,42.831417083740234,42.831417083740234,45.819580078125,49.07262420654297,52.38148498535156,55.444583892822266,55.444583892822266
2016-10-28,2016-09-27,49.71,47.69427490234375,41.248008728027344,41.248008728027344,44.34640121459961,47.69427490234375,51.07139587402344,54.25407791137695,54.25407791137695
2016-10-31,2016-09-28,48.3,50.79768371582031,44.356746673583984,44.356746673583984,47.42870330810547,50.79768371582031,54.28778076171875,57.53220748901367,57.53220748901367
2016-11-01,2016-09-29,48.33,51.2212028503418,44.68524169921875,44.68524169921875,47.784873962402344,51.2212028503418,54.82053756713867,58.17314529418945,58.17314529418945
2016-11-02,2016-09-30,46.86,50.74913024902344,44.16693878173828,44.16693878173828,47.306671142578125,50.74913024902344,54.29541015625,57.59760665893555,57.59760665893555
2016-11-03,2016-10-03,46.35,50.52204513549805,44.318092346191406,44.318092346191406,47.29281997680664,50.52204513549805,53.7935676574707,56.866302490234375,56.866302490234375
2016-11-04,2016-10-04,45.58,52.784767150878906,46.12123107910156,46.12123107910156,49.26879119873047,52.784767150878906,56.46068572998047,59.87043762207031,59.87043762207031
2016-11-07,2016-10-05,46.15,54.80110168457031,47.789527893066406,47.789527893066406,51.07434844970703,54.80110168457031,58.78777313232422,62.45414733886719,62.45414733886719
2016-11-08,2016-10-06,46.04,56.02659606933594,49.052608489990234,49.052608489990234,52.30348205566406,56.02659606933594,59.99463653564453,63.65471649169922,63.65471649169922
2016-11-09,2016-10-07,46.36,55.516632080078125,48.883567810058594,48.883567810058594,52.00210189819336,55.516632080078125,59.15125274658203,62.4704704284668,62.4704704284668
2016-11-10,2016-10-11,45.84,56.018959045410156,49.296199798583984,49.296199798583984,52.4473876953125,56.018959045410156,59.7244873046875,63.174644470214844,63.174644470214844
2016-11-14,2016-10-12,44.43,54.79304122924805,48.23854064941406,48.23854064941406,51.336647033691406,54.79304122924805,58.307373046875,61.60253143310547,61.60253143310547
2016-11-15,2016-10-13,46.95,54.8567008972168,48.32063293457031,48.32063293457031,51.40924072265625,54.8567008972168,58.382545471191406,61.70565414428711,61.70565414428711
2016-11-16,2016-10-14,46.63,55.24797439575195,48.85213088989258,48.85213088989258,51.897743225097656,55.24797439575195,58.63422393798828,61.82391357421875,61.82391357421875
2016-11-17,2016-10-17,46.49,54.667518615722656,48.49966049194336,48.49966049194336,51.46269989013672,54.667518615722656,57.85264205932617,60.842689514160156,60.842689514160156
2016-11-18,2016-10-18,46.86,54.859130859375,48.79730987548828,48.79730987548828,51.71171569824219,54.859130859375,57.98963165283203,60.91181945800781,60.91181945800781
2016-11-21,2016-10-19,48.9,55.97352981567383,49.96730422973633,49.96730422973633,52.83879852294922,55.97352981567383,59.17478942871094,62.143821716308594,62.143821716308594
2016-11-22,2016-10-20,49.12,54.15930938720703,48.082969665527344,48.082969665527344,50.984764099121094,54.15930938720703,57.35246276855469,60.34423828125,60.34423828125
2016-11-23,2016-10-21,48.95,54.955223083496094,48.80517578125,48.80517578125,51.74891662597656,54.955223083496094,58.20050811767578,61.2410888671875,61.2410888671875
2016-11-25,2016-10-24,47.24,54.50988006591797,48.13933563232422,48.13933563232422,51.185054779052734,54.50988006591797,57.87315368652344,61.01295471191406,61.01295471191406
2016-11-28,2016-10-25,48.24,53.338104248046875,47.108917236328125,47.108917236328125,50.108741760253906,53.338104248046875,56.528236389160156,59.51067352294922,59.51067352294922
2016-11-29,2016-10-26,46.38,52.059635162353516,46.0386962890625,46.0386962890625,48.949913024902344,52.059635162353516,55.0803108215332,57.905452728271484,57.905452728271484
2016-11-30,2016-10-27,50.47,52.835853576660156,46.82286834716797,46.82286834716797,49.737213134765625,52.835853576660156,55.88880157470703,58.759544372558594,58.759544372558594
2016-12-01,2016-10-28,50.46,52.685794830322266,46.58835220336914,46.58835220336914,49.53281784057617,52.685794830322266,55.75794982910156,58.62194061279297,58.62194061279297
2016-12-02,2016-10-31,54.46,51.66438674926758,45.550167083740234,45.550167083740234,48.484291076660156,51.66438674926758,54.69392395019531,57.48460388183594,57.48460388183594
2016-12-05,2016-11-01,54.94,51.487220764160156,45.67310333251953,45.67310333251953,48.45697021484375,51.487220764160156,54.40521240234375,57.083065032958984,57.083065032958984
2016-12-06,2016-11-02,53.93,49.58390808105469,43.2171516418457,43.2171516418457,46.25901794433594,49.58390808105469,52.765663146972656,55.71513748168945,55.71513748168945
2016-12-07,2016-11-03,53.0,48.768978118896484,42.08264923095703,42.08264923095703,45.272193908691406,48.768978118896484,52.13017272949219,55.23127365112305,55.23127365112305
2016-12-08,2016-11-04,53.89,48.11920928955078,41.21986770629883,41.21986770629883,44.51731872558594,48.11920928955078,51.59989547729492,54.8065071105957,54.8065071105957
2016-12-09,2016-11-07,54.33,50.00934982299805,43.773780822753906,43.773780822753906,46.742652893066406,50.00934982299805,53.270782470703125,56.304046630859375,56.304046630859375
2016-12-12,2016-11-08,55.69,50.175262451171875,44.182865142822266,44.182865142822266,47.041481018066406,50.175262451171875,53.354129791259766,56.338932037353516,56.338932037353516
2016-12-13,2016-11-09,55.72,50.493099212646484,44.611968994140625,44.611968994140625,47.40559387207031,50.493099212646484,53.670204162597656,56.65554428100586,56.65554428100586
2016-12-14,2016-11-10,53.9,49.666709899902344,43.7997932434082,43.7997932434082,46.576942443847656,49.666709899902344,52.84281539916992,55.84311294555664,55.84311294555664
2016-12-15,2016-11-14,54.02,48.07511520385742,41.820960998535156,41.820960998535156,44.77544021606445,48.07511520385742,51.41769790649414,54.577613830566406,54.577613830566406
2016-12-16,2016-11-15,55.21,50.82693862915039,44.80057144165039,44.80057144165039,47.6268310546875,50.82693862915039,54.203468322753906,57.34042739868164,57.34042739868164
2016-12-19,2016-11-16,54.92,50.08774948120117,43.59283447265625,43.59283447265625,46.635650634765625,50.08774948120117,53.7432861328125,57.17461395263672,57.17461395263672
2016-12-20,2016-11-17,55.35,49.81016159057617,43.50947952270508,43.50947952270508,46.46971130371094,49.81016159057617,53.33257293701172,56.64432144165039,56.64432144165039
2016-12-21,2016-11-18,54.46,49.5497932434082,43.30830001831055,43.30830001831055,46.24652862548828,49.5497932434082,53.039546966552734,56.36905288696289,56.36905288696289
2016-12-22,2016-11-21,55.05,51.84803771972656,45.438873291015625,45.438873291015625,48.41304016113281,51.84803771972656,55.59455490112305,59.08900833129883,59.08900833129883
2016-12-23,2016-11-22,55.16,52.57917785644531,46.2199821472168,46.2199821472168,49.16774368286133,52.57917785644531,56.2985954284668,59.74005126953125,59.74005126953125
2016-12-27,2016-11-23,56.09,52.932613372802734,47.1392822265625,47.1392822265625,49.831947326660156,52.932613372802734,56.267845153808594,59.334869384765625,59.334869384765625
2016-12-28,2016-11-25,56.22,51.72898483276367,46.236202239990234,46.236202239990234,48.80108642578125,51.72898483276367,54.83226776123047,57.682777404785156,57.682777404785156
2016-12-29,2016-11-28,56.14,52.680694580078125,47.14340591430664,47.14340591430664,49.738365173339844,52.680694580078125,55.858238220214844,58.78667449951172,58.78667449951172
2016-12-30,2016-11-29,56.13,51.217281341552734,45.4956169128418,45.4956169128418,48.1880989074707,51.217281341552734,54.392330169677734,57.336326599121094,57.336326599121094
2017-01-03,2016-11-30,55.47,54.044071197509766,48.32501220703125,48.32501220703125,50.99671936035156,54.044071197509766,57.41730499267578,60.54549026489258,60.54549026489258
2017-01-04,2016-12-01,56.46,54.82342529296875,49.5085563659668,49.5085563659668,52.016319274902344,54.82342529296875,57.86712646484375,60.673858642578125,60.673858642578125
2017-01-05,2016-12-02,56.89,58.55006790161133,52.509674072265625,52.509674072265625,55.30963897705078,58.55006790161133,62.32344055175781,65.95768737792969,65.95768737792969
2017-01-06,2016-12-05,57.1,59.738677978515625,53.425086975097656,53.425086975097656,56.360923767089844,59.738677978515625,63.55891418457031,67.04607391357422,67.04607391357422
2017-01-09,2016-12-06,54.94,58.3367919921875,52.48175048828125,52.48175048828125,55.22861862182617,58.3367919921875,61.72007751464844,64.77664184570312,64.77664184570312
2017-01-10,2016-12-07,53.64,57.21531295776367,51.374000549316406,51.374000549316406,54.127601623535156,57.21531295776367,60.47502899169922,63.43043518066406,63.43043518066406
2017-01-11,2016-12-08,55.1,57.847328186035156,52.07979202270508,52.07979202270508,54.813072204589844,57.847328186035156,61.06569290161133,63.96146774291992,63.96146774291992
2017-01-12,2016-12-09,56.01,57.999778747558594,52.00730514526367,52.00730514526367,54.84491729736328,57.999778747558594,61.321800231933594,64.29112243652344,64.29112243652344
2017-01-13,2016-12-12,55.45,58.99422073364258,53.01556396484375,53.01556396484375,55.84413528442383,58.99422073364258,62.31934356689453,65.29692077636719,65.29692077636719
2017-01-17,2016-12-13,55.47,58.776466369628906,52.79465103149414,52.79465103149414,55.630592346191406,58.776466369628906,62.04100036621094,65.00003051757812,65.00003051757812
2017-01-18,2016-12-14,53.92,57.00384521484375,50.826969146728516,50.826969146728516,53.770263671875,57.00384521484375,60.2742919921875,63.249290466308594,63.249290466308594
2017-01-19,2016-12-15,54.16,56.97441101074219,50.728755950927734,50.728755950927734,53.71121597290039,56.97441101074219,60.26538848876953,63.25740051269531,63.25740051269531
2017-01-20,2016-12-16,55.49,58.15882110595703,52.33760070800781,52.33760070800781,55.11285400390625,58.15882110595703,61.27233123779297,64.09282684326172,64.09282684326172
2017-01-23,2016-12-19,55.23,57.1439094543457,51.398216247558594,51.398216247558594,54.140533447265625,57.1439094543457,60.171295166015625,62.916603088378906,62.916603088378906
2017-01-24,2016-12-20,55.44,57.14492416381836,51.16366958618164,51.16366958618164,54.014617919921875,57.14492416381836,60.32321548461914,63.24827194213867,63.24827194213867
2017-01-25,2016-12-21,55.08,56.247764587402344,50.217811584472656,50.217811584472656,53.08097457885742,56.247764587402344,59.422462463378906,62.35350036621094,62.35350036621094
2017-01-26,2016-12-22,56.24,56.66618728637695,50.572052001953125,50.572052001953125,53.490299224853516,56.66618728637695,59.843502044677734,62.813472747802734,62.813472747802734
2017-01-27,2016-12-23,55.52,57.23692321777344,51.64817810058594,51.64817810058594,54.3392333984375,57.23692321777344,60.095420837402344,62.76926040649414,62.76926040649414
2017-01-30,2016-12-27,55.23,57.77733612060547,52.31275177001953,52.31275177001953,54.93168640136719,57.77733612060547,60.62828063964844,63.329345703125,63.329345703125
2017-01-31,2016-12-28,55.7,57.68606185913086,52.20903396606445,52.20903396606445,54.84303665161133,57.68606185913086,60.51212692260742,63.161170959472656,63.161170959472656
2017-02-01,2016-12-29,55.66,57.032554626464844,51.69883346557617,51.69883346557617,54.25868225097656,57.032554626464844,59.76460266113281,62.32067108154297,62.32067108154297
2017-02-02,2016-12-30,56.56,56.482391357421875,51.12955856323242,51.12955856323242,53.69548034667969,56.482391357421875,59.22233200073242,61.79240798950195,61.79240798950195
2017-02-03,2017-01-03,56.81,56.24788284301758,51.009010314941406,51.009010314941406,53.527191162109375,56.24788284301758,58.906341552734375,61.393585205078125,61.393585205078125
2017-02-06,2017-01-04,55.72,56.9480094909668,51.55727767944336,51.55727767944336,54.13574981689453,56.9480094909668,59.730430603027344,62.34394073486328,62.34394073486328
2017-02-07,2017-01-05,55.05,57.32731246948242,52.061649322509766,52.061649322509766,54.593299865722656,57.32731246948242,60.01142120361328,62.56148147583008,62.56148147583008
2017-02-08,2017-01-06,55.12,57.696651458740234,52.45347213745117,52.45347213745117,54.972530364990234,57.696651458740234,60.362586975097656,62.8929443359375,62.8929443359375
2017-02-09,2017-01-09,55.63,56.09113311767578,50.29985427856445,50.29985427856445,53.07579040527344,56.09113311767578,59.04281234741211,61.82344055175781,61.82344055175781
2017-02-10,2017-01-10,56.7,54.85665512084961,48.758079528808594,48.758079528808594,51.68010330200195,54.85665512084961,57.95893859863281,60.85174560546875,60.85174560546875
2017-02-13,2017-01-11,55.59,56.62796401977539,51.25664138793945,51.25664138793945,53.83068084716797,56.62796401977539,59.41295623779297,62.024169921875,62.024169921875
2017-02-14,2017-01-12,55.97,57.07029342651367,51.91249084472656,51.91249084472656,54.379241943359375,57.07029342651367,59.74943923950195,62.25920104980469,62.25920104980469
2017-02-15,2017-01-13,55.75,56.61178207397461,51.2513542175293,51.2513542175293,53.816619873046875,56.61178207397461,59.367401123046875,61.927730560302734,61.927730560302734
2017-02-16,2017-01-17,55.65,56.346561431884766,51.01716995239258,51.01716995239258,53.566131591796875,56.346561431884766,59.06397247314453,61.59454345703125,61.59454345703125
2017-02-17,2017-01-18,55.81,55.095699310302734,49.38264465332031,49.38264465332031,52.13477325439453,55.095699310302734,57.929954528808594,60.569488525390625,60.569488525390625
2017-02-21,2017-01-19,56.66,55.36280822753906,50.04358673095703,50.04358673095703,52.616477966308594,55.36280822753906,57.96142578125,60.3712158203125,60.3712158203125
2017-02-22,2017-01-20,55.84,56.117008209228516,50.982181549072266,50.982181549072266,53.44536590576172,56.117008209228516,58.701805114746094,61.09601974487305,61.09601974487305
2017-02-23,2017-01-23,56.58,55.56245040893555,50.46512222290039,50.46512222290039,52.907894134521484,55.56245040893555,58.12353515625,60.46178436279297,60.46178436279297
2017-02-24,2017-01-24,55.99,55.36670684814453,50.28662109375,50.28662109375,52.716339111328125,55.36670684814453,57.914955139160156,60.259098052978516,60.259098052978516
2017-02-27,2017-01-25,55.93,54.99180221557617,49.930938720703125,49.930938720703125,52.35433578491211,54.99180221557617,57.53596496582031,59.909263610839844,59.909263610839844
2017-02-28,2017-01-26,55.59,56.1709098815918,51.10266876220703,51.10266876220703,53.524169921875,56.1709098815918,58.777976989746094,61.19805908203125,61.19805908203125
2017-03-01,2017-01-27,55.6,55.72004318237305,50.5716438293457,50.5716438293457,53.04563522338867,55.72004318237305,58.336326599121094,60.77909851074219,60.77909851074219
2017-03-02,2017-01-30,55.08,55.533599853515625,50.490020751953125,50.490020751953125,52.928138732910156,55.533599853515625,58.077919006347656,60.47472381591797,60.47472381591797
2017-03-03,2017-01-31,55.9,56.118873596191406,51.28253173828125,51.28253173828125,53.631614685058594,56.118873596191406,58.53871154785156,60.83516311645508,60.83516311645508
2017-03-06,2017-02-01,56.01,55.95341110229492,50.84263610839844,50.84263610839844,53.32347106933594,55.95341110229492,58.51460266113281,60.93545150756836,60.93545150756836
2017-03-07,2017-02-02,55.92,56.706687927246094,51.392112731933594,51.392112731933594,53.961849212646484,56.706687927246094,59.412017822265625,61.93751525878906,61.93751525878906
2017-03-08,2017-02-03,53.11,57.075496673583984,52.095149993896484,52.095149993896484,54.50193786621094,57.075496673583984,59.626548767089844,61.98876190185547,61.98876190185547
2017-03-09,2017-02-06,52.19,56.35870361328125,51.28287124633789,51.28287124633789,53.739601135253906,56.35870361328125,58.886993408203125,61.230472564697266,61.230472564697266
2017-03-10,2017-02-07,51.37,55.92028045654297,50.70802688598633,50.70802688598633,53.22782897949219,55.92028045654297,58.473472595214844,60.812294006347656,60.812294006347656
2017-03-13,2017-02-08,51.35,55.838043212890625,50.62974548339844,50.62974548339844,53.15517807006836,55.838043212890625,58.35419464111328,60.65978240966797,60.65978240966797
2017-03-14,2017-02-09,50.92,55.28477478027344,50.09218978881836,50.09218978881836,52.63047409057617,55.28477478027344,57.77408981323242,60.056827545166016,60.056827545166016
2017-03-15,2017-02-10,51.81,56.23391342163086,51.23019790649414,51.23019790649414,53.669471740722656,56.23391342163086,58.672603607177734,60.881282806396484,60.881282806396484
2017-03-16,2017-02-13,51.74,55.90390396118164,50.94867706298828,50.94867706298828,53.35829544067383,55.90390396118164,58.28994369506836,60.466552734375,60.466552734375
2017-03-17,2017-02-14,51.76,56.52295684814453,51.5975456237793,51.5975456237793,53.98521423339844,56.52295684814453,58.94118118286133,61.14009094238281,61.14009094238281
2017-03-20,2017-02-15,51.62,56.33366394042969,51.53586959838867,51.53586959838867,53.8604850769043,56.33366394042969,58.6737060546875,60.82837677001953,60.82837677001953
2017-03-21,2017-02-16,50.96,56.15434265136719,51.39193344116211,51.39193344116211,53.70116424560547,56.15434265136719,58.4929084777832,60.68613815307617,60.68613815307617
2017-03-22,2017-02-17,50.64,56.678123474121094,51.924522399902344,51.924522399902344,54.23066711425781,56.678123474121094,59.071868896484375,61.31669998168945,61.31669998168945
2017-03-23,2017-02-21,50.56,57.483829498291016,52.69200134277344,52.69200134277344,55.00690841674805,57.483829498291016,59.95623016357422,62.29865264892578,62.29865264892578
2017-03-24,2017-02-22,50.8,56.8140869140625,52.09241485595703,52.09241485595703,54.38737487792969,56.8140869140625,59.1904296875,61.46596145629883,61.46596145629883
2017-03-27,2017-02-23,50.75,57.20269012451172,52.512611389160156,52.512611389160156,54.788063049316406,57.20269012451172,59.578758239746094,61.866859436035156,61.866859436035156
2017-03-28,2017-02-24,51.33,56.56761932373047,51.59792709350586,51.59792709350586,54.007530212402344,56.56761932373047,59.054954528808594,61.45700454711914,61.45700454711914
2017-03-29,2017-02-27,52.42,56.472530364990234,51.27835464477539,51.27835464477539,53.795562744140625,56.472530364990234,59.06712341308594,61.55867004394531,61.55867004394531
2017-03-30,2017-02-28,52.96,56.261905670166016,51.35429763793945,51.35429763793945,53.7337760925293,56.261905670166016,58.68547821044922,60.992557525634766,60.992557525634766
2017-03-31,2017-03-01,52.83,55.930240631103516,50.99108123779297,50.99108123779297,53.37881851196289,55.930240631103516,58.36901092529297,60.6883544921875,60.6883544921875
2017-04-03,2017-03-02,53.12,55.61029815673828,50.52275848388672,50.52275848388672,52.989280700683594,55.61029815673828,58.10340881347656,60.4642219543457,60.4642219543457
2017-04-04,2017-03-03,54.17,55.93620300292969,51.025062561035156,51.025062561035156,53.400047302246094,55.93620300292969,58.363670349121094,60.664642333984375,60.664642333984375
2017-04-05,2017-03-06,54.36,55.52012252807617,50.70329666137695,50.70329666137695,53.04314422607422,55.52012252807617,57.87403106689453,60.09987258911133,60.09987258911133
2017-04-06,2017-03-07,54.89,55.573917388916016,50.90414047241211,50.90414047241211,53.18327331542969,55.573917388916016,57.80955505371094,59.90509033203125,59.90509033203125
2017-04-07,2017-03-08,55.24,54.19500732421875,49.24816131591797,49.24816131591797,51.640865325927734,54.19500732421875,56.53656005859375,58.69987487792969,58.69987487792969
2017-04-10,2017-03-09,55.98,54.02375030517578,49.1035041809082,49.1035041809082,51.4743766784668,54.02375030517578,56.397647857666016,58.581260681152344,58.581260681152344
2017-04-11,2017-03-10,56.23,53.81334686279297,48.82659149169922,48.82659149169922,51.21101379394531,53.81334686279297,56.24279022216797,58.45569610595703,58.45569610595703
2017-04-12,2017-03-13,55.86,53.580780029296875,48.72221755981445,48.72221755981445,51.04234313964844,53.580780029296875,56.00799560546875,58.251922607421875,58.251922607421875
2017-04-13,2017-03-14,55.89,53.38175582885742,48.39113998413086,48.39113998413086,50.77778244018555,53.38175582885742,55.900367736816406,58.209983825683594,58.209983825683594
2017-04-17,2017-03-15,55.36,53.53144073486328,48.7047004699707,48.7047004699707,50.99786376953125,53.53144073486328,56.046043395996094,58.39234924316406,58.39234924316406
2017-04-18,2017-03-16,54.89,52.95825958251953,48.192970275878906,48.192970275878906,50.46261215209961,52.95825958251953,55.43076705932617,57.7740364074707,57.7740364074707
2017-04-19,2017-03-17,52.93,52.75578308105469,47.95924758911133,47.95924758911133,50.24790954589844,52.75578308105469,55.21996307373047,57.56905746459961,57.56905746459961
2017-04-20,2017-03-20,52.99,52.65867233276367,47.60343933105469,47.60343933105469,50.01213073730469,52.65867233276367,55.299983978271484,57.81573486328125,57.81573486328125
2017-04-21,2017-03-21,51.96,51.66038513183594,46.096038818359375,46.096038818359375,48.7491340637207,51.66038513183594,54.5710563659668,57.315181732177734,57.315181732177734
2017-04-24,2017-03-22,51.6,51.42601776123047,46.07095718383789,46.07095718383789,48.625091552734375,51.42601776123047,54.186180114746094,56.76993942260742,56.76993942260742
2017-04-25,2017-03-23,52.1,51.28891372680664,45.89348220825195,45.89348220825195,48.46541976928711,51.28891372680664,54.08062744140625,56.70440673828125,56.70440673828125
2017-04-26,2017-03-24,51.82,51.77577209472656,46.17759704589844,46.17759704589844,48.847129821777344,51.77577209472656,54.71282196044922,57.470314025878906,57.470314025878906
2017-04-27,2017-03-27,51.44,51.09056091308594,45.60760498046875,45.60760498046875,48.21902847290039,51.09056091308594,53.92432403564453,56.57807159423828,56.57807159423828
2017-04-28,2017-03-28,51.73,51.40553665161133,46.05582809448242,46.05582809448242,48.609832763671875,51.40553665161133,54.18004608154297,56.782867431640625,56.782867431640625
2017-05-01,2017-03-29,51.52,52.44803237915039,47.37227249145508,47.37227249145508,49.79786682128906,52.44803237915039,55.094512939453125,57.540531158447266,57.540531158447266
2017-05-02,2017-03-30,50.46,52.86835479736328,47.94272232055664,47.94272232055664,50.28799057006836,52.86835479736328,55.43077087402344,57.753440856933594,57.753440856933594
2017-05-03,2017-03-31,50.79,52.48492431640625,47.48225784301758,47.48225784301758,49.86822509765625,52.48492431640625,55.05337142944336,57.35184097290039,57.35184097290039
2017-05-04,2017-04-03,48.38,53.189613342285156,48.31926345825195,48.31926345825195,50.6357421875,53.189613342285156,55.7022705078125,57.94821548461914,57.94821548461914
2017-05-05,2017-04-04,49.1,54.10652542114258,49.35911560058594,49.35911560058594,51.603355407714844,54.10652542114258,56.60747528076172,58.84321212768555,58.84321212768555
2017-05-08,2017-04-05,49.34,54.48680877685547,49.650047302246094,49.650047302246094,51.93346405029297,54.48680877685547,57.047752380371094,59.32630920410156,59.32630920410156
2017-05-09,2017-04-06,48.73,54.78418731689453,49.9090690612793,49.9090690612793,52.21112060546875,54.78418731689453,57.36467361450195,59.658470153808594,59.658470153808594
2017-05-10,2017-04-07,50.22,55.12255859375,50.06298828125,50.06298828125,52.460540771484375,55.12255859375,57.759212493896484,60.087806701660156,60.087806701660156
2017-05-11,2017-04-10,50.77,55.838829040527344,50.492374420166016,50.492374420166016,53.019447326660156,55.838829040527344,58.6136474609375,61.05653381347656,61.05653381347656
2017-05-12,2017-04-11,50.84,57.34211730957031,51.7437629699707,51.7437629699707,54.39958190917969,57.34211730957031,60.25539016723633,62.85032653808594,62.85032653808594
2017-05-15,2017-04-12,51.82,57.047157287597656,51.31171798706055,51.31171798706055,54.04497528076172,57.047157287597656,60.00006103515625,62.650108337402344,62.650108337402344
2017-05-16,2017-04-13,51.65,56.79456329345703,51.36140060424805,51.36140060424805,53.961448669433594,56.79456329345703,59.531837463378906,61.98209762573242,61.98209762573242
2017-05-17,2017-04-17,52.21,56.3323860168457,51.08755111694336,51.08755111694336,53.602378845214844,56.3323860168457,58.94933319091797,61.311927795410156,61.311927795410156
2017-05-18,2017-04-18,52.51,55.98483657836914,50.57020568847656,50.57020568847656,53.16413879394531,55.98483657836914,58.660499572753906,61.08795166015625,61.08795166015625
2017-05-19,2017-04-19,53.61,54.34552764892578,48.895606994628906,48.895606994628906,51.49614334106445,54.34552764892578,57.029449462890625,59.45146560668945,59.45146560668945
2017-05-22,2017-04-20,53.87,54.1892204284668,48.75864028930664,48.75864028930664,51.352149963378906,54.1892204284668,56.8927116394043,59.350955963134766,59.350955963134766
2017-05-23,2017-04-21,54.15,53.526126861572266,48.26438903808594,48.26438903808594,50.7833251953125,53.526126861572266,56.09811782836914,58.400020599365234,58.400020599365234
2017-05-24,2017-04-24,53.96,53.05181121826172,48.05842590332031,48.05842590332031,50.437496185302734,53.05181121826172,55.53187561035156,57.74151611328125,57.74151611328125
2017-05-25,2017-04-25,51.46,53.15909957885742,48.203147888183594,48.203147888183594,50.553428649902344,53.15909957885742,55.6686897277832,57.92632293701172,57.92632293701172
2017-05-26,2017-04-26,52.15,53.15372085571289,48.44401550292969,48.44401550292969,50.678226470947266,53.15372085571289,55.54621124267578,57.73359680175781,57.73359680175781
2017-05-30,2017-04-27,51.84,53.02539825439453,48.42058563232422,48.42058563232422,50.60234832763672,53.02539825439453,55.38445281982422,57.57952117919922,57.57952117919922
2017-05-31,2017-04-28,50.31,52.92525863647461,48.26087951660156,48.26087951660156,50.465187072753906,52.92525863647461,55.325531005859375,57.565006256103516,57.565006256103516
2017-06-01,2017-05-01,50.33,52.72077178955078,48.22659683227539,48.22659683227539,50.35527801513672,52.72077178955078,55.03035354614258,57.21230697631836,57.21230697631836
2017-06-02,2017-05-02,49.95,52.32649612426758,47.54228973388672,47.54228973388672,49.81532287597656,52.32649612426758,54.75186538696289,57.03990173339844,57.03990173339844
2017-06-05,2017-05-03,49.47,52.58026123046875,47.88207244873047,47.88207244873047,50.108665466308594,52.58026123046875,54.97926330566406,57.267704010009766,57.267704010009766
2017-06-06,2017-05-04,50.12,51.368980407714844,45.89405822753906,45.89405822753906,48.495121002197266,51.368980407714844,54.09931182861328,56.638423919677734,56.638423919677734
2017-06-07,2017-05-05,48.06,51.55514907836914,46.252750396728516,46.252750396728516,48.77589416503906,51.55514907836914,54.224632263183594,56.7217903137207,56.7217903137207
2017-06-08,2017-05-08,47.86,52.66911315917969,47.84431838989258,47.84431838989258,50.151119232177734,52.66911315917969,55.096832275390625,57.380348205566406,57.380348205566406
2017-06-09,2017-05-09,48.15,51.84482955932617,46.9000358581543,46.9000358581543,49.28388214111328,51.84482955932617,54.30817413330078,56.61756896972656,56.61756896972656
2017-06-12,2017-05-10,48.29,52.722774505615234,47.678951263427734,47.678951263427734,50.1083984375,52.722774505615234,55.276527404785156,57.671287536621094,57.671287536621094
2017-06-13,2017-05-11,48.72,52.855613708496094,48.08623504638672,48.08623504638672,50.36743927001953,52.855613708496094,55.293880462646484,57.58498764038086,57.58498764038086
2017-06-14,2017-05-12,47.0,52.50891876220703,47.6594123840332,47.6594123840332,49.99647521972656,52.50891876220703,54.96318817138672,57.2789306640625,57.2789306640625
2017-06-15,2017-05-15,46.92,53.291099548339844,48.74557876586914,48.74557876586914,50.92326354980469,53.291099548339844,55.589088439941406,57.72662353515625,57.72662353515625
2017-06-16,2017-05-16,47.37,52.575889587402344,48.126869201660156,48.126869201660156,50.25111389160156,52.575889587402344,54.8156623840332,56.87714385986328,56.87714385986328
2017-06-19,2017-05-17,46.91,53.320831298828125,48.9674186706543,48.9674186706543,51.03144073486328,53.320831298828125,55.564048767089844,57.63239669799805,57.63239669799805
2017-06-20,2017-05-18,46.02,53.063316345214844,48.878597259521484,48.878597259521484,50.86207580566406,53.063316345214844,55.20560836791992,57.1796875,57.1796875
2017-06-21,2017-05-19,44.82,53.598777770996094,49.428627014160156,49.428627014160156,51.388397216796875,53.598777770996094,55.79576110839844,57.81817626953125,57.81817626953125
2017-06-22,2017-05-22,45.22,53.331214904785156,48.85905456542969,48.85905456542969,50.95584487915039,53.331214904785156,55.68463134765625,57.82802963256836,57.82802963256836
2017-06-23,2017-05-23,45.54,52.9071159362793,48.45640182495117,48.45640182495117,50.538963317871094,52.9071159362793,55.250823974609375,57.36771011352539,57.36771011352539
2017-06-26,2017-05-24,45.83,52.8626594543457,48.36981201171875,48.36981201171875,50.49040603637695,52.8626594543457,55.17378616333008,57.2627067565918,57.2627067565918
2017-06-27,2017-05-25,46.65,51.843910217285156,47.140602111816406,47.140602111816406,49.35591125488281,51.843910217285156,54.250526428222656,56.43721389770508,56.43721389770508
2017-06-28,2017-05-26,47.31,52.187347412109375,47.232505798339844,47.232505798339844,49.5838623046875,52.187347412109375,54.71208953857422,57.013671875,57.013671875
2017-06-29,2017-05-30,47.42,51.40903854370117,46.35722351074219,46.35722351074219,48.7601318359375,51.40903854370117,53.95836639404297,56.27178192138672,56.27178192138672
2017-06-30,2017-05-31,47.92,51.149803161621094,46.10240173339844,46.10240173339844,48.50861358642578,51.149803161621094,53.67802047729492,55.96138381958008,55.96138381958008
2017-07-03,2017-06-01,49.68,50.90856170654297,45.83660888671875,45.83660888671875,48.26716613769531,50.90856170654297,53.443511962890625,55.73406219482422,55.73406219482422
2017-07-05,2017-06-02,47.79,50.61968231201172,45.285552978515625,45.285552978515625,47.87685012817383,50.61968231201172,53.24905014038086,55.62174606323242,55.62174606323242
2017-07-06,2017-06-05,48.11,50.02873611450195,44.75885009765625,44.75885009765625,47.31460952758789,50.02873611450195,52.64470291137695,55.01721954345703,55.01721954345703
2017-07-07,2017-06-06,46.71,50.43085479736328,45.297847747802734,45.297847747802734,47.78929901123047,50.43085479736328,53.00594711303711,55.364139556884766,55.364139556884766
2017-07-10,2017-06-07,46.88,49.333675384521484,43.90795135498047,43.90795135498047,46.56066131591797,49.333675384521484,51.97121047973633,54.34117889404297,54.34117889404297
2017-07-11,2017-06-08,47.52,49.54338073730469,44.42049789428711,44.42049789428711,46.91545104980469,49.54338073730469,52.05739974975586,54.32318878173828,54.32318878173828
2017-07-12,2017-06-09,47.74,50.39900588989258,45.34939956665039,45.34939956665039,47.79249572753906,50.39900588989258,52.942039489746094,55.25529861450195,55.25529861450195
2017-07-13,2017-06-12,48.42,50.02203369140625,45.38325881958008,45.38325881958008,47.6014404296875,50.02203369140625,52.40397644042969,54.59794616699219,54.59794616699219
2017-07-14,2017-06-13,48.91,50.49624252319336,46.03444290161133,46.03444290161133,48.15411376953125,50.49624252319336,52.84508514404297,55.029693603515625,55.029693603515625
2017-07-17,2017-06-14,48.42,49.2419548034668,44.00406265258789,44.00406265258789,46.53160858154297,49.2419548034668,51.899539947509766,54.34628677368164,54.34628677368164
2017-07-18,2017-06-15,48.84,48.82772445678711,43.835533142089844,43.835533142089844,46.22978591918945,48.82772445678711,51.389686584472656,53.77540588378906,53.77540588378906
2017-07-19,2017-06-16,49.7,49.57783889770508,44.779144287109375,44.779144287109375,47.07236099243164,49.57783889770508,52.0964469909668,54.4715576171875,54.4715576171875
2017-07-20,2017-06-19,49.3,50.49242401123047,45.59894943237305,45.59894943237305,47.92332077026367,50.49242401123047,53.094207763671875,55.57161331176758,55.57161331176758
2017-07-21,2017-06-20,48.06,49.20524978637695,43.72145080566406,43.72145080566406,46.366634368896484,49.20524978637695,52.03825378417969,54.6824951171875,54.6824951171875
2017-07-24,2017-06-21,48.6,47.118247985839844,40.97982406616211,40.97982406616211,43.996429443359375,47.118247985839844,50.152862548828125,52.915245056152344,52.915245056152344
2017-07-25,2017-06-22,50.2,46.78533935546875,40.978153228759766,40.978153228759766,43.80255889892578,46.78533935546875,49.72462844848633,52.41273498535156,52.41273498535156
2017-07-26,2017-06-23,50.97,46.28124237060547,40.50605010986328,40.50605010986328,43.31747055053711,46.28124237060547,49.202110290527344,51.883296966552734,51.883296966552734
2017-07-27,2017-06-26,51.49,46.198387145996094,40.35299301147461,40.35299301147461,43.20075988769531,46.198387145996094,49.178070068359375,51.91173553466797,51.91173553466797
2017-07-28,2017-06-27,52.52,46.38794708251953,40.862403869628906,40.862403869628906,43.546295166015625,46.38794708251953,49.247222900390625,51.890892028808594,51.890892028808594
2017-07-31,2017-06-28,52.65,47.075218200683594,41.62390899658203,41.62390899658203,44.27898025512695,47.075218200683594,49.91986083984375,52.553955078125,52.553955078125
2017-08-01,2017-06-29,52.63,47.171424865722656,41.79077911376953,41.79077911376953,44.39870834350586,47.171424865722656,49.950103759765625,52.47607421875,52.47607421875
2017-08-02,2017-06-30,52.36,47.863285064697266,42.79785919189453,42.79785919189453,45.239479064941406,47.863285064697266,50.477596282958984,52.842613220214844,52.842613220214844
2017-08-03,2017-07-03,52.01,49.70003128051758,44.43220901489258,44.43220901489258,46.938720703125,49.70003128051758,52.537750244140625,55.05979537963867,55.05979537963867
2017-08-04,2017-07-05,52.42,48.25441360473633,43.10822296142578,43.10822296142578,45.577491760253906,48.25441360473633,50.930152893066406,53.32419967651367,53.32419967651367
2017-08-07,2017-07-06,52.37,48.43463897705078,43.3977165222168,43.3977165222168,45.80463409423828,48.43463897705078,51.08940505981445,53.484954833984375,53.484954833984375
2017-08-08,2017-07-07,52.14,46.949607849121094,41.13434982299805,41.13434982299805,43.95654296875,46.949607849121094,49.91249084472656,52.55746078491211,52.55746078491211
2017-08-09,2017-07-10,52.7,46.67912292480469,41.23723602294922,41.23723602294922,43.8502197265625,46.67912292480469,49.49443435668945,52.01960754394531,52.01960754394531
2017-08-10,2017-07-11,51.9,47.062957763671875,41.66689682006836,41.66689682006836,44.26972961425781,47.062957763671875,49.841636657714844,52.32077407836914,52.32077407836914
2017-08-11,2017-07-12,52.1,47.60817337036133,42.087493896484375,42.087493896484375,44.756309509277344,47.60817337036133,50.44364547729492,52.97840118408203,52.97840118408203
2017-08-14,2017-07-13,50.73,48.16360092163086,42.29602813720703,42.29602813720703,45.16233825683594,48.16360092163086,51.12287521362305,53.722164154052734,53.722164154052734
2017-08-15,2017-07-14,50.8,47.921043395996094,41.68579864501953,41.68579864501953,44.7464599609375,47.921043395996094,51.029815673828125,53.7000617980957,53.7000617980957
2017-08-16,2017-07-17,50.27,46.16164779663086,39.95460510253906,39.95460510253906,42.997772216796875,46.16164779663086,49.22861099243164,51.851837158203125,51.851837158203125
2017-08-17,2017-07-18,51.03,46.82257843017578,40.75050354003906,40.75050354003906,43.7086181640625,46.82257843017578,49.843284606933594,52.42504119873047,52.42504119873047
2017-08-18,2017-07-19,52.72,48.36260223388672,42.1987190246582,42.1987190246582,45.19535827636719,48.36260223388672,51.47279357910156,54.12777328491211,54.12777328491211
2017-08-21,2017-07-20,51.66,48.04073715209961,42.17182159423828,42.17182159423828,45.02770233154297,48.04073715209961,50.98259735107422,53.512535095214844,53.512535095214844
2017-08-22,2017-07-21,51.87,47.54026794433594,41.68448257446289,41.68448257446289,44.557884216308594,47.54026794433594,50.46117401123047,53.03138732910156,53.03138732910156
2017-08-23,2017-07-24,52.57,48.103702545166016,42.357383728027344,42.357383728027344,45.171142578125,48.103702545166016,50.964508056640625,53.4405403137207,53.4405403137207
2017-08-24,2017-07-25,52.04,49.56357955932617,43.93935775756836,43.93935775756836,46.66929626464844,49.56357955932617,52.418792724609375,54.87161636352539,54.87161636352539
2017-08-25,2017-07-26,52.41,50.95745086669922,45.40765380859375,45.40765380859375,48.07865905761719,50.95745086669922,53.83580780029297,56.31639099121094,56.31639099121094
2017-08-28,2017-07-27,51.89,51.84050750732422,46.25816345214844,46.25816345214844,48.95293426513672,51.84050750732422,54.74391174316406,57.2615966796875,57.2615966796875
2017-08-29,2017-07-28,52.0,53.01138687133789,47.21647644042969,47.21647644042969,50.00543212890625,53.01138687133789,56.09345245361328,58.79417419433594,58.79417419433594
2017-08-30,2017-07-31,50.86,53.1651611328125,47.12002182006836,47.12002182006836,50.04136276245117,53.1651611328125,56.31849670410156,59.048583984375,59.048583984375
2017-08-31,2017-08-01,52.38,53.390838623046875,47.536861419677734,47.536861419677734,50.33660125732422,53.390838623046875,56.4725341796875,59.134002685546875,59.134002685546875
2017-09-01,2017-08-02,52.32,53.27312088012695,47.54593276977539,47.54593276977539,50.288475036621094,53.27312088012695,56.25183868408203,58.831947326660156,58.831947326660156
2017-09-05,2017-08-03,53.38,52.77437210083008,47.08625030517578,47.08625030517578,49.806365966796875,52.77437210083008,55.72018814086914,58.285587310791016,58.285587310791016
2017-09-06,2017-08-04,54.2,53.45435333251953,47.6219367980957,47.6219367980957,50.44396209716797,53.45435333251953,56.437522888183594,59.02488708496094,59.02488708496094
2017-09-07,2017-08-07,54.49,53.476348876953125,47.49394607543945,47.49394607543945,50.4163703918457,53.476348876953125,56.4700813293457,59.02605056762695,59.02605056762695
2017-09-08,2017-08-08,53.78,53.17335510253906,47.02716827392578,47.02716827392578,50.019927978515625,53.17335510253906,56.25444030761719,58.87527084350586,58.87527084350586
2017-09-11,2017-08-09,53.84,53.96001434326172,47.88282012939453,47.88282012939453,50.85906982421875,53.96001434326172,56.99553680419922,59.60070037841797,59.60070037841797
2017-09-12,2017-08-10,54.27,52.75349807739258,46.7235221862793,46.7235221862793,49.692752838134766,52.75349807739258,55.68946075439453,58.238006591796875,58.238006591796875
2017-09-13,2017-08-11,55.16,53.154727935791016,47.36336898803711,47.36336898803711,50.19831466674805,53.154727935791016,56.01972198486328,58.5295295715332,58.5295295715332
2017-09-14,2017-08-14,55.47,51.567405700683594,45.63322448730469,45.63322448730469,48.548423767089844,51.567405700683594,54.47805404663086,57.038780212402344,57.038780212402344
2017-09-15,2017-08-15,55.62,51.597232818603516,45.73003005981445,45.73003005981445,48.641624450683594,51.597232818603516,54.4400634765625,56.93925476074219,56.93925476074219
2017-09-18,2017-08-16,55.48,50.795223236083984,45.01504898071289,45.01504898071289,47.88557052612305,50.795223236083984,53.55849075317383,55.98809814453125,55.98809814453125
2017-09-19,2017-08-17,55.14,51.75407791137695,46.27763748168945,46.27763748168945,48.963462829589844,51.75407791137695,54.45623016357422,56.847347259521484,56.847347259521484
2017-09-20,2017-08-18,56.29,53.82160949707031,48.36670684814453,48.36670684814453,51.01959991455078,53.82160949707031,56.62078857421875,59.108463287353516,59.108463287353516
2017-09-21,2017-08-21,56.43,52.896995544433594,47.517799377441406,47.517799377441406,50.1290283203125,52.896995544433594,55.63725280761719,58.09391784667969,58.09391784667969
2017-09-22,2017-08-22,56.86,53.37688446044922,47.798770904541016,47.798770904541016,50.51249313354492,53.37688446044922,56.228599548339844,58.76490020751953,58.76490020751953
2017-09-25,2017-08-23,59.02,54.288291931152344,48.75435256958008,48.75435256958008,51.42470932006836,54.288291931152344,57.198204040527344,59.7966194152832,59.7966194152832
2017-09-26,2017-08-24,58.44,53.920921325683594,48.45740509033203,48.45740509033203,51.09008026123047,53.920921325683594,56.79536056518555,59.38336944580078,59.38336944580078
2017-09-27,2017-08-25,57.9,54.42177200317383,49.061527252197266,49.061527252197266,51.632328033447266,54.42177200317383,57.288665771484375,59.87863540649414,59.87863540649414
2017-09-28,2017-08-28,57.41,54.05018615722656,48.656105041503906,48.656105041503906,51.27098083496094,54.05018615722656,56.87681198120117,59.43397903442383,59.43397903442383
2017-09-29,2017-08-29,57.54,54.0356559753418,48.41870880126953,48.41870880126953,51.16614532470703,54.0356559753418,56.91535186767578,59.471954345703125,59.471954345703125
2017-10-02,2017-08-30,56.12,52.76991653442383,46.973697662353516,46.973697662353516,49.81483459472656,52.76991653442383,55.67367172241211,58.224853515625,58.224853515625
2017-10-03,2017-08-31,56.0,54.206119537353516,48.299739837646484,48.299739837646484,51.199623107910156,54.206119537353516,57.195552825927734,59.8045539855957,59.8045539855957
2017-10-04,2017-09-01,55.8,53.935821533203125,48.19620895385742,48.19620895385742,51.01557159423828,53.935821533203125,56.82196044921875,59.355224609375,59.355224609375
2017-10-05,2017-09-05,57.0,55.1396598815918,49.487091064453125,49.487091064453125,52.23674774169922,55.1396598815918,58.080223083496094,60.688507080078125,60.688507080078125
2017-10-06,2017-09-06,55.62,56.112281799316406,50.543663024902344,50.543663024902344,53.23565673828125,56.112281799316406,59.078399658203125,61.78010177612305,61.78010177612305
2017-10-09,2017-09-07,55.79,56.567378997802734,51.02024459838867,51.02024459838867,53.68698501586914,56.567378997802734,59.521141052246094,62.12799835205078,62.12799835205078
2017-10-10,2017-09-08,56.61,55.32126235961914,50.139556884765625,50.139556884765625,52.6306266784668,55.32126235961914,58.018028259277344,60.4089241027832,60.4089241027832
2017-10-11,2017-09-11,56.94,55.41743469238281,50.40485763549805,50.40485763549805,52.79167175292969,55.41743469238281,58.05596160888672,60.39240646362305,60.39240646362305
2017-10-12,2017-09-12,56.25,55.840396881103516,50.77581024169922,50.77581024169922,53.18614196777344,55.840396881103516,58.510292053222656,60.85912322998047,60.85912322998047
2017-10-13,2017-09-13,57.17,57.007347106933594,51.745513916015625,51.745513916015625,54.22843933105469,57.007347106933594,59.87251281738281,62.377559661865234,62.377559661865234
2017-10-16,2017-09-14,57.82,57.5888786315918,52.21150207519531,52.21150207519531,54.74828338623047,57.5888786315918,60.50983810424805,63.027587890625,63.027587890625
2017-10-17,2017-09-15,57.88,57.845306396484375,52.48369216918945,52.48369216918945,55.02088928222656,57.845306396484375,60.7331657409668,63.22236633300781,63.22236633300781
2017-10-18,2017-09-18,58.15,57.76459503173828,52.40982437133789,52.40982437133789,54.95154571533203,57.76459503173828,60.616065979003906,63.085548400878906,63.085548400878906
2017-10-19,2017-09-19,57.23,57.72645568847656,52.46000289916992,52.46000289916992,54.96630859375,57.72645568847656,60.485939025878906,62.90320587158203,62.90320587158203
2017-10-20,2017-09-20,57.75,59.16639709472656,53.670291900634766,53.670291900634766,56.281227111816406,59.16639709472656,62.103843688964844,64.6788330078125,64.6788330078125
2017-10-23,2017-09-21,57.37,59.473785400390625,53.918155670166016,53.918155670166016,56.570556640625,59.473785400390625,62.394493103027344,64.92969512939453,64.92969512939453
2017-10-24,2017-09-22,58.33,59.669525146484375,54.09178161621094,54.09178161621094,56.762062072753906,59.669525146484375,62.58125305175781,65.10429382324219,65.10429382324219
2017-10-25,2017-09-25,58.44,62.04551696777344,55.75444030761719,55.75444030761719,58.74971008300781,62.04551696777344,65.45195007324219,68.52699279785156,68.52699279785156
2017-10-26,2017-09-26,59.3,61.2701301574707,55.246761322021484,55.246761322021484,58.12248992919922,61.2701301574707,64.42982482910156,67.20135498046875,67.20135498046875
2017-10-27,2017-09-27,60.44,60.212554931640625,54.48723220825195,54.48723220825195,57.23737335205078,60.212554931640625,63.1541862487793,65.78754425048828,65.78754425048828
2017-10-30,2017-09-28,60.9,59.67803192138672,53.98527908325195,53.98527908325195,56.7293701171875,59.67803192138672,62.568946838378906,65.17414093017578,65.17414093017578
2017-10-31,2017-09-29,61.37,60.05520248413086,54.47419357299805,54.47419357299805,57.16771697998047,60.05520248413086,62.867794036865234,65.38909912109375,65.38909912109375
2017-11-01,2017-10-02,61.29,58.46704864501953,52.825984954833984,52.825984954833984,55.5606803894043,58.46704864501953,61.235816955566406,63.69062805175781,63.69062805175781
2017-11-02,2017-10-03,60.62,58.53846740722656,53.00703430175781,53.00703430175781,55.68431854248047,58.53846740722656,61.283180236816406,63.729286193847656,63.729286193847656
2017-11-03,2017-10-04,62.07,58.07354736328125,52.63606643676758,52.63606643676758,55.25804138183594,58.07354736328125,60.790897369384766,63.201171875,63.201171875
2017-11-06,2017-10-05,64.27,59.358497619628906,53.80200958251953,53.80200958251953,56.46405029296875,59.358497619628906,62.24753952026367,64.83686828613281,64.83686828613281
2017-11-07,2017-10-06,63.69,58.28118896484375,52.50316619873047,52.50316619873047,55.263877868652344,58.28118896484375,61.224769592285156,63.8165168762207,63.8165168762207
2017-11-08,2017-10-09,63.49,58.31587219238281,52.511436462402344,52.511436462402344,55.27812194824219,58.31587219238281,61.31425094604492,63.972496032714844,63.972496032714844
2017-11-09,2017-10-10,63.93,58.75303649902344,52.97568130493164,52.97568130493164,55.7352294921875,58.75303649902344,61.769775390625,64.46983337402344,64.46983337402344
2017-11-10,2017-10-11,63.52,59.22665786743164,53.70030975341797,53.70030975341797,56.33713912963867,59.22665786743164,62.127784729003906,64.75894165039062,64.75894165039062
2017-11-13,2017-10-12,63.16,58.620941162109375,52.96918487548828,52.96918487548828,55.668701171875,58.620941162109375,61.555877685546875,64.21092987060547,64.21092987060547
2017-11-14,2017-10-13,62.21,59.616214752197266,53.938926696777344,53.938926696777344,56.65008544921875,59.616214752197266,62.593040466308594,65.28892517089844,65.28892517089844
2017-11-15,2017-10-16,61.87,60.121803283691406,54.50074768066406,54.50074768066406,57.18624496459961,60.121803283691406,63.07075500488281,65.7325210571289,65.7325210571289
2017-11-16,2017-10-17,61.36,59.8032112121582,54.116180419921875,54.116180419921875,56.845542907714844,59.8032112121582,62.727752685546875,65.36722564697266,65.36722564697266
2017-11-17,2017-10-18,62.72,59.78339385986328,54.14633560180664,54.14633560180664,56.84868621826172,59.78339385986328,62.660072326660156,65.25366973876953,65.25366973876953
2017-11-20,2017-10-19,62.22,58.82046127319336,53.3471794128418,53.3471794128418,55.984012603759766,58.82046127319336,61.536651611328125,63.98773193359375,63.98773193359375
2017-11-21,2017-10-20,62.57,59.312599182128906,53.99341583251953,53.99341583251953,56.565284729003906,59.312599182128906,61.97254943847656,64.39309692382812,64.39309692382812
2017-11-22,2017-10-23,63.32,59.10712814331055,54.00911331176758,54.00911331176758,56.486236572265625,59.10712814331055,61.622501373291016,63.90697479248047,63.90697479248047
2017-11-24,2017-10-24,63.86,59.90156173706055,54.91453170776367,54.91453170776367,57.33810043334961,59.90156173706055,62.399635314941406,64.6689682006836,64.6689682006836
2017-11-27,2017-10-25,63.84,60.001869201660156,55.142539978027344,55.142539978027344,57.513572692871094,60.001869201660156,62.437843322753906,64.65319061279297,64.65319061279297
2017-11-28,2017-10-26,63.61,60.897804260253906,55.906490325927734,55.906490325927734,58.334259033203125,60.897804260253906,63.46752166748047,65.7999267578125,65.7999267578125
2017-11-29,2017-10-27,63.11,62.16859817504883,57.0487174987793,57.0487174987793,59.52422332763672,62.16859817504883,64.92228698730469,67.45001220703125,67.45001220703125
2017-11-30,2017-10-30,63.57,63.218360900878906,57.84016418457031,57.84016418457031,60.43010711669922,63.218360900878906,66.13943481445312,68.7847900390625,68.7847900390625
2017-12-01,2017-10-31,63.49,63.4473762512207,57.787288665771484,57.787288665771484,60.501949310302734,63.4473762512207,66.52754211425781,69.30107116699219,69.30107116699219
2017-12-04,2017-11-01,62.45,63.22523498535156,57.5634651184082,57.5634651184082,60.286346435546875,63.22523498535156,66.2603759765625,68.99102783203125,68.99102783203125
2017-12-05,2017-11-02,62.86,62.45738220214844,56.98664855957031,56.98664855957031,59.63467025756836,62.45738220214844,65.30907440185547,67.89984130859375,67.89984130859375
2017-12-06,2017-11-03,61.22,64.06803131103516,58.29592514038086,58.29592514038086,61.072471618652344,64.06803131103516,67.16305541992188,69.9631118774414,69.9631118774414
2017-12-07,2017-11-06,62.2,66.77920532226562,59.99016189575195,59.99016189575195,63.21065139770508,66.77920532226562,70.59449768066406,74.12098693847656,74.12098693847656
2017-12-08,2017-11-07,63.4,66.52857208251953,59.91761016845703,59.91761016845703,63.094444274902344,66.52857208251953,70.04826354980469,73.23965454101562,73.23965454101562
2017-12-11,2017-11-08,64.69,65.80297088623047,59.302879333496094,59.302879333496094,62.44573974609375,65.80297088623047,69.18656921386719,72.22926330566406,72.22926330566406
2017-12-12,2017-11-09,63.34,66.1426010131836,59.6147346496582,59.6147346496582,62.77996826171875,66.1426010131836,69.51309967041016,72.55601501464844,72.55601501464844
2017-12-13,2017-11-10,62.44,65.43128967285156,59.02555847167969,59.02555847167969,62.13766098022461,65.43128967285156,68.67784118652344,71.60198211669922,71.60198211669922
2017-12-14,2017-11-13,63.31,65.04679870605469,58.716217041015625,58.716217041015625,61.79407501220703,65.04679870605469,68.21881103515625,71.08372497558594,71.08372497558594
2017-12-15,2017-11-14,63.23,63.68640899658203,57.665916442871094,57.665916442871094,60.60079574584961,63.68640899658203,66.65838623046875,69.34066772460938,69.34066772460938
2017-12-18,2017-11-15,63.41,63.33705139160156,57.5229377746582,57.5229377746582,60.350975036621094,63.33705139160156,66.22496032714844,68.84266662597656,68.84266662597656
2017-12-19,2017-11-16,63.8,62.587257385253906,56.957855224609375,56.957855224609375,59.70265579223633,62.587257385253906,65.37202453613281,67.90188598632812,67.90188598632812
2017-12-20,2017-11-17,64.56,64.29197692871094,58.673004150390625,58.673004150390625,61.39934539794922,64.29197692871094,67.21022033691406,69.9029769897461,69.9029769897461
2017-12-21,2017-11-20,64.9,63.87744903564453,58.270843505859375,58.270843505859375,60.98023986816406,63.87744903564453,66.83102416992188,69.59559631347656,69.59559631347656
2017-12-22,2017-11-21,65.25,64.64462280273438,58.873477935791016,58.873477935791016,61.65864562988281,64.64462280273438,67.70843505859375,70.57398986816406,70.57398986816406
2017-12-26,2017-11-22,67.02,65.43046569824219,59.4751091003418,59.4751091003418,62.3344612121582,65.43046569824219,68.63408660888672,71.62603759765625,71.62603759765625
2017-12-27,2017-11-24,66.44,65.94647216796875,59.878658294677734,59.878658294677734,62.787437438964844,65.94647216796875,69.21678924560547,72.27179718017578,72.27179718017578
2017-12-28,2017-11-27,66.72,65.69718933105469,59.898048400878906,59.898048400878906,62.691871643066406,65.69718933105469,68.79032135009766,71.70794677734375,71.70794677734375
2017-12-29,2017-11-28,66.6,65.36396789550781,59.52311325073242,59.52311325073242,62.349761962890625,65.36396789550781,68.41316223144531,71.27574157714844,71.27574157714844
2018-01-02,2017-11-29,66.57,65.28407287597656,59.16282653808594,59.16282653808594,62.134239196777344,65.28407287597656,68.41250610351562,71.329345703125,71.329345703125
2018-01-03,2017-11-30,67.84,65.99395751953125,59.82414245605469,59.82414245605469,62.822265625,65.99395751953125,69.14714050292969,72.08965301513672,72.08965301513672
2018-01-04,2017-12-01,68.07,65.39311218261719,59.28807830810547,59.28807830810547,62.267539978027344,65.39311218261719,68.4796142578125,71.34383392333984,71.34383392333984
2018-01-05,2017-12-04,67.62,64.04849243164062,57.85017395019531,57.85017395019531,60.878684997558594,64.04849243164062,67.11187744140625,69.93868255615234,69.93868255615234
2018-01-08,2017-12-05,67.78,64.49816131591797,58.51559829711914,58.51559829711914,61.45543670654297,64.49816131591797,67.44244384765625,70.1775131225586,70.1775131225586
2018-01-09,2017-12-06,68.82,63.226043701171875,57.0436897277832,57.0436897277832,60.0726432800293,63.226043701171875,66.19099426269531,68.89769744873047,68.89769744873047
2018-01-10,2017-12-07,69.2,63.853843688964844,57.912349700927734,57.912349700927734,60.822208404541016,63.853843688964844,66.74839782714844,69.42185974121094,69.42185974121094
2018-01-11,2017-12-08,69.26,64.94703674316406,59.232303619384766,59.232303619384766,62.017906188964844,64.94703674316406,67.80978393554688,70.4792251586914,70.4792251586914
2018-01-12,2017-12-11,69.87,66.1261215209961,60.36557388305664,60.36557388305664,63.16303253173828,66.1261215209961,69.09675598144531,71.87771606445312,71.87771606445312
2018-01-16,2017-12-12,69.15,64.86820983886719,59.240150451660156,59.240150451660156,61.99024963378906,64.86820983886719,67.69168090820312,70.33856201171875,70.33856201171875
2018-01-17,2017-12-13,69.38,64.01261138916016,58.344459533691406,58.344459533691406,61.098297119140625,64.01261138916016,66.87517547607422,69.55962371826172,69.55962371826172
2018-01-18,2017-12-14,69.31,64.69402313232422,58.97948455810547,58.97948455810547,61.75531005859375,64.69402313232422,67.61933135986328,70.36573791503906,70.36573791503906
2018-01-19,2017-12-15,68.61,64.55901336669922,58.79315948486328,58.79315948486328,61.58988952636719,64.55901336669922,67.52288818359375,70.3044204711914,70.3044204711914
2018-01-22,2017-12-18,69.03,65.00508880615234,59.22403335571289,59.22403335571289,62.02745056152344,65.00508880615234,67.99983978271484,70.80921936035156,70.80921936035156
2018-01-23,2017-12-19,69.96,65.24703979492188,59.72869110107422,59.72869110107422,62.412498474121094,65.24703979492188,68.09688568115234,70.7747573852539,70.7747573852539
2018-01-24,2017-12-20,70.53,66.18898010253906,60.50715255737305,60.50715255737305,63.26426696777344,66.18898010253906,69.14566040039062,71.90313720703125,71.90313720703125
2018-01-25,2017-12-21,70.42,66.5663833618164,60.665077209472656,60.665077209472656,63.521278381347656,66.5663833618164,69.61925506591797,72.435302734375,72.435302734375
2018-01-26,2017-12-22,70.52,67.17253875732422,61.1097412109375,61.1097412109375,64.03800964355469,67.17253875732422,70.31503295898438,73.18739318847656,73.18739318847656
2018-01-29,2017-12-26,69.46,68.63375854492188,62.20580291748047,62.20580291748047,65.28083801269531,68.63375854492188,72.0952377319336,75.24229431152344,75.24229431152344
2018-01-30,2017-12-27,69.02,67.32756042480469,61.037288665771484,61.037288665771484,64.05157470703125,67.32756042480469,70.59182739257812,73.530029296875,73.530029296875
2018-01-31,2017-12-28,69.05,67.7947998046875,61.65191650390625,61.65191650390625,64.60939025878906,67.7947998046875,70.95773315429688,73.82524871826172,73.82524871826172
2018-02-01,2017-12-29,69.08,67.60417175292969,61.58224868774414,61.58224868774414,64.49813079833984,67.60417175292969,70.63858032226562,73.3884048461914,73.3884048461914
2018-02-02,2018-01-02,68.58,67.0732421875,61.085601806640625,61.085601806640625,63.987266540527344,67.0732421875,70.05181884765625,72.7481689453125,72.7481689453125
2018-02-05,2018-01-03,67.62,68.97463989257812,62.934974670410156,62.934974670410156,65.85381317138672,68.97463989257812,72.08355712890625,74.91215515136719,74.91215515136719
2018-02-06,2018-01-04,66.86,69.66860961914062,63.69948196411133,63.69948196411133,66.59683227539062,69.66860961914062,72.7274169921875,75.51139831542969,75.51139831542969
2018-02-07,2018-01-05,65.51,69.01184844970703,63.268192291259766,63.268192291259766,66.06900024414062,69.01184844970703,71.9300537109375,74.6083984375,74.6083984375
2018-02-08,2018-01-08,64.81,68.83784484863281,63.033912658691406,63.033912658691406,65.86015319824219,68.83784484863281,71.82194519042969,74.59587860107422,74.59587860107422
2018-02-09,2018-01-09,62.79,70.12821197509766,64.12506103515625,64.12506103515625,67.04525756835938,70.12821197509766,73.28366088867188,76.21123504638672,76.21123504638672
2018-02-12,2018-01-10,62.59,70.80449676513672,64.7806625366211,64.7806625366211,67.7098388671875,70.80449676513672,73.98045349121094,76.92558288574219,76.92558288574219
2018-02-13,2018-01-11,62.72,71.17454528808594,65.10277557373047,65.10277557373047,68.05023193359375,71.17454528808594,74.37506103515625,77.34605407714844,77.34605407714844
2018-02-14,2018-01-12,64.36,72.0354995727539,66.0035629272461,66.0035629272461,68.93017578125,72.0354995727539,75.23362731933594,78.19991302490234,78.19991302490234
2018-02-15,2018-01-16,64.33,71.3463134765625,65.41205596923828,65.41205596923828,68.32275390625,71.3463134765625,74.38054656982422,77.1952133178711,77.1952133178711
2018-02-16,2018-01-17,64.84,71.59568786621094,65.56321716308594,65.56321716308594,68.51991271972656,71.59568786621094,74.64645385742188,77.44650268554688,77.44650268554688
2018-02-20,2018-01-18,65.25,71.44754028320312,65.23518371582031,65.23518371582031,68.27638244628906,71.44754028320312,74.55194091796875,77.3744125366211,77.3744125366211
2018-02-21,2018-01-19,65.42,70.52122497558594,64.12157440185547,64.12157440185547,67.25144958496094,70.52122497558594,73.67169189453125,76.55308532714844,76.55308532714844
2018-02-22,2018-01-22,66.39,70.3848648071289,64.1290512084961,64.1290512084961,67.18997192382812,70.3848648071289,73.46959686279297,76.28086853027344,76.28086853027344
2018-02-23,2018-01-23,67.31,71.40879821777344,65.32754516601562,65.32754516601562,68.2853775024414,71.40879821777344,74.49237060546875,77.3281478881836,77.3281478881836
2018-02-26,2018-01-24,67.5,72.0511474609375,65.68603515625,65.68603515625,68.78346252441406,72.0511474609375,75.29570007324219,78.28211975097656,78.28211975097656
2018-02-27,2018-01-25,66.63,71.64749908447266,65.34383392333984,65.34383392333984,68.41883850097656,71.64749908447266,74.81953430175781,77.73062133789062,77.73062133789062
2018-02-28,2018-01-26,65.78,72.14462280273438,65.94825744628906,65.94825744628906,68.97793579101562,72.14462280273438,75.26201629638672,78.1349105834961,78.1349105834961
2018-03-01,2018-01-29,65.71,71.08943939208984,65.11750793457031,65.11750793457031,68.04922485351562,71.08943939208984,74.03190612792969,76.73391723632812,76.73391723632812
2018-03-02,2018-01-30,64.37,70.79052734375,64.85148620605469,64.85148620605469,67.75907135009766,70.79052734375,73.73600006103516,76.4349136352539,76.4349136352539
2018-03-05,2018-01-31,65.54,70.60113525390625,64.60549926757812,64.60549926757812,67.5301513671875,70.60113525390625,73.62850952148438,76.41484832763672,76.41484832763672
2018-03-06,2018-02-01,65.79,70.83976745605469,64.78765869140625,64.78765869140625,67.74008178710938,70.83976745605469,73.8994369506836,76.72026062011719,76.72026062011719
2018-03-07,2018-02-02,64.34,70.54428100585938,64.42975616455078,64.42975616455078,67.41525268554688,70.54428100585938,73.5942153930664,76.41938018798828,76.41938018798828
2018-03-08,2018-02-05,63.61,70.01315307617188,63.68183898925781,63.68183898925781,66.75958251953125,70.01315307617188,73.13726806640625,76.02922821044922,76.02922821044922
2018-03-09,2018-02-06,65.49,69.79535675048828,63.50467300415039,63.50467300415039,66.55754089355469,69.79535675048828,72.88468933105469,75.72640228271484,75.72640228271484
2018-03-12,2018-02-07,64.95,68.92398071289062,62.348716735839844,62.348716735839844,65.53158569335938,68.92398071289062,72.138427734375,75.05960083007812,75.05960083007812
2018-03-13,2018-02-08,64.64,68.9184799194336,62.12085723876953,62.12085723876953,65.39317321777344,68.9184799194336,72.28518676757812,75.30392456054688,75.30392456054688
2018-03-14,2018-02-09,64.89,67.45330047607422,59.97398376464844,59.97398376464844,63.5596923828125,67.45330047607422,71.10340881347656,74.28720092773438,74.28720092773438
2018-03-15,2018-02-12,65.12,67.1441879272461,59.836219787597656,59.836219787597656,63.32780075073242,67.1441879272461,70.79386901855469,74.02037048339844,74.02037048339844
2018-03-16,2018-02-13,66.21,66.89759826660156,60.07561492919922,60.07561492919922,63.323341369628906,66.89759826660156,70.42327117919922,73.61071014404297,73.61071014404297
2018-03-19,2018-02-14,66.05,68.96308898925781,62.178958892822266,62.178958892822266,65.40290069580078,68.96308898925781,72.54114532470703,75.79873657226562,75.79873657226562
2018-03-20,2018-02-15,67.42,69.09957122802734,62.48689270019531,62.48689270019531,65.64996337890625,69.09957122802734,72.5738525390625,75.7625961303711,75.7625961303711
2018-03-21,2018-02-16,69.47,69.79180908203125,63.38249969482422,63.38249969482422,66.45858764648438,69.79180908203125,73.13516998291016,76.20470428466797,76.20470428466797
2018-03-22,2018-02-20,68.91,70.11979675292969,63.893558502197266,63.893558502197266,66.88014221191406,70.11979675292969,73.38804626464844,76.39207458496094,76.39207458496094
2018-03-23,2018-02-21,70.45,69.84126281738281,63.80372619628906,63.80372619628906,66.7105941772461,69.84126281738281,72.96577453613281,75.80699157714844,75.80699157714844
2018-03-26,2018-02-22,70.12,70.80416870117188,64.68633270263672,64.68633270263672,67.63615417480469,70.80416870117188,73.98782348632812,76.87342834472656,76.87342834472656
2018-03-27,2018-02-23,70.11,71.96652221679688,65.82388305664062,65.82388305664062,68.76524353027344,71.96652221679688,75.23135375976562,78.19937133789062,78.19937133789062
2018-03-28,2018-02-26,69.53,72.13825988769531,66.00218963623047,66.00218963623047,68.9492416381836,72.13825988769531,75.35248565673828,78.26366424560547,78.26366424560547
2018-03-29,2018-02-27,70.27,70.63640594482422,64.48330688476562,64.48330688476562,67.448486328125,70.63640594482422,73.763671875,76.59174346923828,76.59174346923828
2018-04-02,2018-02-28,67.64,70.22248077392578,63.870941162109375,63.870941162109375,66.931884765625,70.22248077392578,73.41980743408203,76.31595611572266,76.31595611572266
2018-04-03,2018-03-01,68.12,70.44090270996094,64.09497833251953,64.09497833251953,67.15394592285156,70.44090270996094,73.64950561523438,76.52770233154297,76.52770233154297
2018-04-04,2018-03-02,68.02,69.31005859375,62.659454345703125,62.659454345703125,65.86405944824219,69.31005859375,72.63613891601562,75.59160614013672,75.59160614013672
2018-04-05,2018-03-05,68.33,71.08856964111328,64.620361328125,64.620361328125,67.73585510253906,71.08856964111328,74.45480346679688,77.45604705810547,77.45604705810547
2018-04-06,2018-03-06,67.11,71.31104278564453,64.81486511230469,64.81486511230469,67.95458984375,71.31104278564453,74.67724609375,77.67047119140625,77.67047119140625
2018-04-09,2018-03-07,68.65,69.51912689208984,62.889892578125,62.889892578125,66.08193969726562,69.51912689208984,72.92375946044922,75.94768524169922,75.94768524169922
2018-04-10,2018-03-08,71.04,68.5482406616211,62.09336853027344,62.09336853027344,65.2015609741211,68.5482406616211,71.85369873046875,74.79045867919922,74.79045867919922
2018-04-11,2018-03-09,72.06,70.60875701904297,64.22279357910156,64.22279357910156,67.31216430664062,70.60875701904297,73.93305969238281,76.91061401367188,76.91061401367188
2018-04-12,2018-03-12,72.02,70.15829467773438,63.799068450927734,63.799068450927734,66.89060974121094,70.15829467773438,73.42425537109375,76.36070251464844,76.36070251464844
2018-04-13,2018-03-13,72.58,70.46940612792969,64.19373321533203,64.19373321533203,67.25799560546875,70.46940612792969,73.64260864257812,76.47657775878906,76.47657775878906
2018-04-16,2018-03-14,71.42,70.62532043457031,64.53414154052734,64.53414154052734,67.49778747558594,70.62532043457031,73.75852966308594,76.56938171386719,76.56938171386719
2018-04-17,2018-03-15,71.58,70.04473876953125,64.07789611816406,64.07789611816406,66.9760971069336,70.04473876953125,73.10073852539062,75.83345031738281,75.83345031738281
2018-04-18,2018-03-16,73.48,70.82122802734375,64.74655151367188,64.74655151367188,67.6922607421875,70.82122802734375,73.93765258789062,76.72378540039062,76.72378540039062
2018-04-19,2018-03-19,73.78,70.34455871582031,64.41983032226562,64.41983032226562,67.2740478515625,70.34455871582031,73.41232299804688,76.16645050048828,76.16645050048828
2018-04-20,2018-03-20,74.06,71.75617980957031,65.72151184082031,65.72151184082031,68.62405395507812,71.75617980957031,74.9019775390625,77.7157974243164,77.7157974243164
2018-04-23,2018-03-21,74.71,74.04660034179688,67.64961242675781,67.64961242675781,70.71260070800781,74.04660034179688,77.48268127441406,80.55754852294922,80.55754852294922
2018-04-24,2018-03-22,73.86,72.9914779663086,66.58480834960938,66.58480834960938,69.66567993164062,72.9914779663086,76.32389831542969,79.3077392578125,79.3077392578125
2018-04-25,2018-03-23,74.0,74.4106216430664,68.00717163085938,68.00717163085938,71.07035827636719,74.4106216430664,77.84037780761719,80.9375,80.9375
2018-04-26,2018-03-26,74.74,73.82858276367188,67.47601318359375,67.47601318359375,70.52995300292969,73.82858276367188,77.14588928222656,80.13713073730469,80.13713073730469
2018-04-27,2018-03-27,74.64,73.5957260131836,67.17742919921875,67.17742919921875,70.2667236328125,73.5957260131836,76.91786193847656,79.9234619140625,79.9234619140625
2018-04-30,2018-03-28,75.17,72.52496337890625,65.9669189453125,65.9669189453125,69.1236343383789,72.52496337890625,75.81089782714844,78.747802734375,78.747802734375
2018-05-01,2018-03-29,75.17,73.1976318359375,66.76158142089844,66.76158142089844,69.8545150756836,73.1976318359375,76.45381164550781,79.37606048583984,79.37606048583984
2018-05-02,2018-04-02,73.36,70.58935546875,63.614952087402344,63.614952087402344,66.9544677734375,70.58935546875,74.045166015625,77.12454986572266,77.12454986572266
2018-05-03,2018-04-03,73.62,70.40707397460938,63.44841003417969,63.44841003417969,66.78781127929688,70.40707397460938,73.84428405761719,76.91653442382812,76.91653442382812
2018-05-04,2018-04-04,74.87,70.15531158447266,63.304168701171875,63.304168701171875,66.599365234375,70.15531158447266,73.52983093261719,76.5401611328125,76.5401611328125
2018-05-07,2018-04-05,76.17,70.39417266845703,63.731101989746094,63.731101989746094,66.94912719726562,70.39417266845703,73.63256072998047,76.50630950927734,76.50630950927734
2018-05-08,2018-04-06,74.85,69.904052734375,63.320220947265625,63.320220947265625,66.50041961669922,69.904052734375,73.08438873291016,75.89588928222656,75.89588928222656
2018-05-09,2018-04-09,77.21,71.12516021728516,64.74168395996094,64.74168395996094,67.82627868652344,71.12516021728516,74.2451171875,77.0037612915039,77.0037612915039
2018-05-10,2018-04-10,77.47,72.77239990234375,65.94051361083984,65.94051361083984,69.21214294433594,72.77239990234375,76.23247528076172,79.31123352050781,79.31123352050781
2018-05-11,2018-04-11,77.12,74.0722885131836,67.34486389160156,67.34486389160156,70.54183197021484,74.0722885131836,77.56643676757812,80.68392181396484,80.68392181396484
2018-05-14,2018-04-12,78.23,73.69783020019531,67.11093139648438,67.11093139648438,70.25338745117188,73.69783020019531,77.03359985351562,79.97946166992188,79.97946166992188
2018-05-15,2018-04-13,78.43,73.94357299804688,67.06880950927734,67.06880950927734,70.35377502441406,73.94357299804688,77.43531799316406,80.55072021484375,80.55072021484375
2018-05-16,2018-04-16,79.28,72.5921859741211,65.71621704101562,65.71621704101562,69.00736999511719,72.5921859741211,75.98977661132812,79.01239776611328,79.01239776611328
2018-05-17,2018-04-17,79.3,73.4083251953125,66.6705322265625,66.6705322265625,69.89543151855469,73.4083251953125,76.78063201904297,79.80815887451172,79.80815887451172
2018-05-18,2018-04-18,78.51,75.53047943115234,68.32225799560547,68.32225799560547,71.73714447021484,75.53047943115234,79.30469512939453,82.70783233642578,82.70783233642578
2018-05-21,2018-04-19,79.22,75.59918212890625,68.35324096679688,68.35324096679688,71.78678894042969,75.59918212890625,79.36761474609375,82.73281860351562,82.73281860351562
2018-05-22,2018-04-20,79.57,76.11734771728516,69.06774139404297,69.06774139404297,72.41421508789062,76.11734771728516,79.74240112304688,82.95863342285156,82.95863342285156
2018-05-23,2018-04-23,79.8,76.56234741210938,69.64014434814453,69.64014434814453,72.92747497558594,76.56234741210938,80.12752532958984,83.28567504882812,83.28567504882812
2018-05-24,2018-04-24,78.79,75.08629608154297,68.17786407470703,68.17786407470703,71.484130859375,75.08629608154297,78.53167724609375,81.5721206665039,81.5721206665039
2018-05-25,2018-04-25,76.44,74.81205749511719,68.04978942871094,68.04978942871094,71.28925323486328,74.81205749511719,78.18965148925781,81.16424560546875,81.16424560546875
2018-05-29,2018-04-26,75.39,76.02613830566406,69.32534790039062,69.32534790039062,72.5357437133789,76.02613830566406,79.43511962890625,82.44903564453125,82.44903564453125
2018-05-30,2018-04-27,77.5,76.15306854248047,69.70484161376953,69.70484161376953,72.81305694580078,76.15306854248047,79.38432312011719,82.21553039550781,82.21553039550781
2018-05-31,2018-04-30,77.59,77.51441955566406,71.27291107177734,71.27291107177734,74.28178405761719,77.51441955566406,80.68331909179688,83.43712615966797,83.43712615966797
2018-06-01,2018-05-01,77.59,77.83711242675781,71.77827453613281,71.77827453613281,74.72517395019531,77.83711242675781,80.87177276611328,83.49661254882812,83.49661254882812
2018-06-04,2018-05-02,75.29,76.70317077636719,70.36553192138672,70.36553192138672,73.45512390136719,76.70317077636719,79.77033996582031,82.42723083496094,82.42723083496094
2018-06-05,2018-05-03,75.38,77.55226135253906,71.38064575195312,71.38064575195312,74.3754653930664,77.55226135253906,80.62467956542969,83.32186889648438,83.32186889648438
2018-06-06,2018-05-04,75.36,78.56090545654297,72.35690307617188,72.35690307617188,75.38109588623047,78.56090545654297,81.68658447265625,84.4844741821289,84.4844741821289
2018-06-07,2018-05-07,77.32,79.57563781738281,73.04634094238281,73.04634094238281,76.21891784667969,79.57563781738281,82.92366027832031,85.93031311035156,85.93031311035156
2018-06-08,2018-05-08,76.46,78.39302825927734,72.062255859375,72.062255859375,75.16044616699219,78.39302825927734,81.53904724121094,84.35823059082031,84.35823059082031
2018-06-11,2018-05-09,76.46,80.74412536621094,74.01895141601562,74.01895141601562,77.27992248535156,80.74412536621094,84.29132080078125,87.54930114746094,87.54930114746094
2018-06-12,2018-05-10,75.88,81.77865600585938,74.9253921508789,74.9253921508789,78.23133850097656,81.77865600585938,85.4124755859375,88.7475814819336,88.7475814819336
2018-06-13,2018-05-11,76.74,81.4425277709961,74.71720886230469,74.71720886230469,77.97113800048828,81.4425277709961,84.9638671875,88.14970397949219,88.14970397949219
2018-06-14,2018-05-14,75.94,83.04104614257812,76.16697692871094,76.16697692871094,79.49492645263672,83.04104614257812,86.69209289550781,90.027587890625,90.027587890625
2018-06-15,2018-05-15,73.44,83.27066040039062,76.40640258789062,76.40640258789062,79.73330688476562,83.27066040039062,86.92381286621094,90.248291015625,90.248291015625
2018-06-18,2018-05-16,75.34,84.46350860595703,77.05593872070312,77.05593872070312,80.64540100097656,84.46350860595703,88.43942260742188,92.08441162109375,92.08441162109375
2018-06-19,2018-05-17,75.08,84.97457122802734,77.90941619873047,77.90941619873047,81.34707641601562,84.97457122802734,88.71720123291016,92.1249771118164,92.1249771118164
2018-06-20,2018-05-18,74.74,84.59180450439453,77.61294555664062,77.61294555664062,81.02397918701172,84.59180450439453,88.21173858642578,91.51426696777344,91.51426696777344
2018-06-21,2018-05-21,73.05,85.4505615234375,78.56607055664062,78.56607055664062,81.93724060058594,85.4505615234375,89.03474426269531,92.3127212524414,92.3127212524414
2018-06-22,2018-05-22,75.55,86.43783569335938,79.62525939941406,79.62525939941406,82.95460510253906,86.43783569335938,90.0340805053711,93.31715393066406,93.31715393066406
2018-06-25,2018-05-23,74.73,86.73385620117188,79.96717834472656,79.96717834472656,83.29296112060547,86.73385620117188,90.24916076660156,93.45130157470703,93.45130157470703
2018-06-26,2018-05-24,76.31,85.08049774169922,78.20759582519531,78.20759582519531,81.60493469238281,85.08049774169922,88.49549865722656,91.58628845214844,91.58628845214844
2018-06-27,2018-05-25,77.62,83.3023452758789,76.50457000732422,76.50457000732422,79.83599853515625,83.3023452758789,86.63495635986328,89.63709259033203,89.63709259033203
2018-06-28,2018-05-29,77.85,81.7533187866211,75.00972747802734,75.00972747802734,78.31204223632812,81.7533187866211,85.0431137084961,88.01237487792969,88.01237487792969
2018-06-29,2018-05-30,79.44,83.30903625488281,76.55342102050781,76.55342102050781,79.83446502685547,83.30903625488281,86.7865982055664,89.97603607177734,89.97603607177734
2018-07-02,2018-05-31,77.3,83.19297790527344,76.5624008178711,76.5624008178711,79.77780151367188,83.19297790527344,86.61666870117188,89.7755355834961,89.7755355834961
2018-07-03,2018-06-01,77.76,82.57450866699219,76.0793228149414,76.0793228149414,79.23587799072266,82.57450866699219,85.91011047363281,89.02001190185547,89.02001190185547
2018-07-05,2018-06-04,77.39,81.24610900878906,74.6616439819336,74.6616439819336,77.86248779296875,81.24610900878906,84.54048156738281,87.62071228027344,87.62071228027344
2018-07-06,2018-06-05,77.11,81.94429016113281,75.3777847290039,75.3777847290039,78.5662841796875,81.94429016113281,85.29149627685547,88.43428039550781,88.43428039550781
2018-07-09,2018-06-06,78.07,81.86662292480469,75.29578399658203,75.29578399658203,78.48081970214844,81.86662292480469,85.22824096679688,88.38578796386719,88.38578796386719
2018-07-10,2018-06-07,78.86,83.57579803466797,76.81307983398438,76.81307983398438,80.0733413696289,83.57579803466797,87.17776489257812,90.56881713867188,90.56881713867188
2018-07-11,2018-06-08,73.4,82.90609741210938,75.9808349609375,75.9808349609375,79.33358001708984,82.90609741210938,86.55644989013672,90.01223754882812,90.01223754882812
2018-07-12,2018-06-11,74.45,83.09999084472656,76.44316864013672,76.44316864013672,79.67724609375,83.09999084472656,86.55722045898438,89.80596923828125,89.80596923828125
2018-07-13,2018-06-12,75.33,82.92107391357422,76.31690979003906,76.31690979003906,79.51412200927734,82.92107391357422,86.36016082763672,89.59431457519531,89.59431457519531
2018-07-16,2018-06-13,71.84,83.04065704345703,76.54727172851562,76.54727172851562,79.68138122558594,83.04065704345703,86.44537353515625,89.62251281738281,89.62251281738281
2018-07-17,2018-06-14,72.16,82.33168029785156,75.85128784179688,75.85128784179688,78.9834213256836,82.33168029785156,85.6840591430664,88.7971420288086,88.7971420288086
2018-07-18,2018-06-15,72.9,80.0595703125,72.95667266845703,72.95667266845703,76.37886047363281,80.0595703125,83.553466796875,86.7219467163086,86.7219467163086
2018-07-19,2018-06-18,72.58,80.7746810913086,73.98617553710938,73.98617553710938,77.26811218261719,80.7746810913086,84.17205810546875,87.25604248046875,87.25604248046875
2018-07-20,2018-06-19,73.07,80.05828094482422,73.37483978271484,73.37483978271484,76.5915756225586,80.05828094482422,83.44197845458984,86.50271606445312,86.50271606445312
2018-07-23,2018-06-20,73.06,78.7840805053711,72.0978012084961,72.0978012084961,75.32674407958984,78.7840805053711,82.0738296508789,85.02525329589844,85.02525329589844
2018-07-24,2018-06-21,73.44,77.96786499023438,71.022216796875,71.022216796875,74.37214660644531,77.96786499023438,81.35224914550781,84.362548828125,84.362548828125
2018-07-25,2018-06-22,73.93,79.78617858886719,73.06800842285156,73.06800842285156,76.287353515625,79.78617858886719,83.17713928222656,86.2140884399414,86.2140884399414
2018-07-26,2018-06-25,74.54,78.8929214477539,72.4455337524414,72.4455337524414,75.54586791992188,78.8929214477539,82.11166381835938,85.02355194091797,85.02355194091797
2018-07-27,2018-06-26,74.29,80.31551361083984,73.96917724609375,73.96917724609375,77.01873779296875,80.31551361083984,83.57551574707031,86.53208923339844,86.53208923339844
2018-07-30,2018-06-27,74.97,82.30384063720703,75.94390869140625,75.94390869140625,78.98851776123047,82.30384063720703,85.68269348144531,88.74015808105469,88.74015808105469
2018-07-31,2018-06-28,74.25,81.88999938964844,75.43828582763672,75.43828582763672,78.54105377197266,81.88999938964844,85.1970443725586,88.18193054199219,88.18193054199219
2018-08-01,2018-06-29,74.25,82.75495147705078,75.9278335571289,75.9278335571289,79.1849365234375,82.75495147705078,86.30157470703125,89.49430847167969,89.49430847167969
2018-08-02,2018-07-02,73.45,81.1029281616211,74.207763671875,74.207763671875,77.52510833740234,81.1029281616211,84.55178833007812,87.71316528320312,87.71316528320312
2018-08-03,2018-07-03,73.21,81.82025909423828,75.19950866699219,75.19950866699219,78.39735412597656,81.82025909423828,85.14458465576172,88.17256164550781,88.17256164550781
2018-08-06,2018-07-05,73.75,81.552978515625,74.88893127441406,74.88893127441406,78.09751892089844,81.552978515625,84.91969299316406,87.96990966796875,87.96990966796875
2018-08-07,2018-07-06,74.65,81.13429260253906,74.36964416503906,74.36964416503906,77.62738037109375,81.13429260253906,84.50382232666016,87.53697204589844,87.53697204589844
2018-08-08,2018-07-09,72.28,82.11127471923828,75.60627746582031,75.60627746582031,78.74932861328125,82.11127471923828,85.43254089355469,88.45609283447266,88.45609283447266
2018-08-09,2018-07-10,72.07,82.30393981933594,75.88111114501953,75.88111114501953,78.99900817871094,82.30393981933594,85.565185546875,88.529296875,88.529296875
2018-08-10,2018-07-11,72.81,78.32254791259766,70.6943130493164,70.6943130493164,74.36073303222656,78.32254791259766,81.91887664794922,85.09526062011719,85.09526062011719
2018-08-13,2018-07-12,72.61,78.81499481201172,71.6924057006836,71.6924057006836,75.11334228515625,78.81499481201172,82.31046295166016,85.4303970336914,85.4303970336914
2018-08-14,2018-07-13,72.46,78.88548278808594,72.05738830566406,72.05738830566406,75.3578872680664,78.88548278808594,82.21251678466797,85.20314025878906,85.20314025878906
2018-08-15,2018-07-16,70.76,75.20382690429688,68.02545928955078,68.02545928955078,71.46105194091797,75.20382690429688,78.5932846069336,81.57002258300781,81.57002258300781
2018-08-16,2018-07-17,71.43,76.07431030273438,69.19638061523438,69.19638061523438,72.49252319335938,76.07431030273438,79.39329528808594,82.35182189941406,82.35182189941406
2018-08-17,2018-07-18,71.83,75.797119140625,69.24729919433594,69.24729919433594,72.38595581054688,75.797119140625,79.01504516601562,81.91720581054688,81.91720581054688
2018-08-20,2018-07-19,72.21,76.21049499511719,69.75910949707031,69.75910949707031,72.86800384521484,76.21049499511719,79.41658020019531,82.339111328125,82.339111328125
2018-08-21,2018-07-20,72.63,77.38977813720703,71.261474609375,71.261474609375,74.220947265625,77.38977813720703,80.49925231933594,83.34857177734375,83.34857177734375
2018-08-22,2018-07-23,74.78,77.06419372558594,70.95152282714844,70.95152282714844,73.91098022460938,77.06419372558594,80.15418243408203,82.995849609375,82.995849609375
2018-08-23,2018-07-24,74.73,77.01655578613281,70.81967163085938,70.81967163085938,73.81485748291016,77.01655578613281,80.15516662597656,83.05657958984375,83.05657958984375
2018-08-24,2018-07-25,75.82,76.76512145996094,70.21109008789062,70.21109008789062,73.38240051269531,76.76512145996094,80.07147979736328,83.14744567871094,83.14744567871094
2018-08-27,2018-07-26,76.21,77.49149322509766,71.1700668334961,71.1700668334961,74.23469543457031,77.49149322509766,80.71647644042969,83.68890380859375,83.68890380859375
2018-08-28,2018-07-27,75.95,77.33509063720703,70.89263153076172,70.89263153076172,74.01293182373047,77.33509063720703,80.6264877319336,83.64349365234375,83.64349365234375
2018-08-29,2018-07-30,77.14,77.5418930053711,71.06452941894531,71.06452941894531,74.19139862060547,77.5418930053711,80.86502075195312,83.88607788085938,83.88607788085938
2018-08-30,2018-07-31,77.77,77.01670837402344,70.48932647705078,70.48932647705078,73.63290405273438,77.01670837402344,80.34660339355469,83.38484191894531,83.38484191894531
2018-08-31,2018-08-01,77.42,76.68915557861328,70.20523834228516,70.20523834228516,73.33075714111328,76.68915557861328,79.9187240600586,82.84416198730469,82.84416198730469
2018-09-04,2018-08-02,78.17,75.51805114746094,68.90109252929688,68.90109252929688,72.11390686035156,75.51805114746094,78.71832275390625,81.58638000488281,81.58638000488281
2018-09-05,2018-08-03,77.27,75.13963317871094,68.53816986083984,68.53816986083984,71.74808502197266,75.13963317871094,78.35552978515625,81.21726989746094,81.21726989746094
2018-09-06,2018-08-06,76.5,76.0433578491211,69.77207946777344,69.77207946777344,72.83680725097656,76.0433578491211,79.09808349609375,81.83121490478516,81.83121490478516
2018-09-07,2018-08-07,76.83,76.54180145263672,70.28706359863281,70.28706359863281,73.33993530273438,76.54180145263672,79.59700012207031,82.2896957397461,82.2896957397461
2018-09-10,2018-08-08,77.37,75.68252563476562,69.34947967529297,69.34947967529297,72.43284606933594,75.68252563476562,78.71226501464844,81.38629150390625,81.38629150390625
2018-09-11,2018-08-09,79.06,75.4368667602539,69.16732788085938,69.16732788085938,72.23089599609375,75.4368667602539,78.46559143066406,81.19445037841797,81.19445037841797
2018-09-12,2018-08-10,79.74,75.80306243896484,69.73861694335938,69.73861694335938,72.71417236328125,75.80306243896484,78.74772644042969,81.41116333007812,81.41116333007812
2018-09-13,2018-08-13,78.18,76.43768310546875,70.5313949584961,70.5313949584961,73.42788696289062,76.43768310546875,79.33670043945312,81.94429779052734,81.94429779052734
2018-09-14,2018-08-14,78.09,76.34992218017578,70.45109558105469,70.45109558105469,73.34171295166016,76.34992218017578,79.23297119140625,81.82093048095703,81.82093048095703
2018-09-17,2018-08-15,78.05,74.61543273925781,68.46484375,68.46484375,71.47917175292969,74.61543273925781,77.56147003173828,80.23973083496094,80.23973083496094
2018-09-18,2018-08-16,79.03,73.94818115234375,67.64659881591797,67.64659881591797,70.73474884033203,73.94818115234375,76.97007751464844,79.7345199584961,79.7345199584961
2018-09-19,2018-08-17,79.4,74.8773422241211,68.98970031738281,68.98970031738281,71.88531494140625,74.8773422241211,77.72984313964844,80.35600280761719,80.35600280761719
2018-09-20,2018-08-20,78.7,75.40803527832031,69.52094268798828,69.52094268798828,72.3982162475586,75.40803527832031,78.30362701416016,80.92676544189453,80.92676544189453
2018-09-21,2018-08-21,78.8,75.26683807373047,69.42161560058594,69.42161560058594,72.27153015136719,75.26683807373047,78.15641784667969,80.75651550292969,80.75651550292969
2018-09-24,2018-08-22,81.2,77.42330169677734,71.55467224121094,71.55467224121094,74.3778076171875,77.42330169677734,80.4345703125,83.07429504394531,83.07429504394531
2018-09-25,2018-08-23,81.87,77.16100311279297,71.26866149902344,71.26866149902344,74.10348510742188,77.16100311279297,80.12149047851562,82.69319915771484,82.69319915771484
2018-09-26,2018-08-24,81.34,78.00074005126953,72.2088623046875,72.2088623046875,74.99490356445312,78.00074005126953,80.93439483642578,83.47405242919922,83.47405242919922
2018-09-27,2018-08-27,81.72,78.67013549804688,72.8140640258789,72.8140640258789,75.626220703125,78.67013549804688,81.6483154296875,84.2015380859375,84.2015380859375
2018-09-28,2018-08-28,82.72,78.02088165283203,72.02725219726562,72.02725219726562,74.90263366699219,78.02088165283203,81.01228332519531,83.55020904541016,83.55020904541016
2018-10-01,2018-08-29,84.98,79.68488311767578,73.58214569091797,73.58214569091797,76.50336456298828,79.68488311767578,82.79351806640625,85.4366455078125,85.4366455078125
2018-10-02,2018-08-30,84.8,81.10614013671875,75.04552459716797,75.04552459716797,77.93353271484375,81.10614013671875,84.23092651367188,86.85620880126953,86.85620880126953
2018-10-03,2018-08-31,86.29,80.65088653564453,74.78165435791016,74.78165435791016,77.60264587402344,80.65088653564453,83.61703491210938,86.1551513671875,86.1551513671875
2018-10-04,2018-09-04,84.58,81.08171081542969,75.18541717529297,75.18541717529297,78.03622436523438,81.08171081542969,84.04273986816406,86.58743286132812,86.58743286132812
2018-10-05,2018-09-05,84.16,80.3279037475586,74.47412872314453,74.47412872314453,77.32050323486328,80.3279037475586,83.20526123046875,85.68017578125,85.68017578125
2018-10-08,2018-09-06,83.91,79.54205322265625,73.57642364501953,73.57642364501953,76.47764587402344,79.54205322265625,82.39389038085938,84.83668518066406,84.83668518066406
2018-10-09,2018-09-07,85.0,79.7932357788086,73.8626708984375,73.8626708984375,76.73571014404297,79.7932357788086,82.65692138671875,85.12809753417969,85.12809753417969
2018-10-10,2018-09-10,83.09,79.83973693847656,73.75958251953125,73.75958251953125,76.72427368164062,79.83973693847656,82.76412963867188,85.31574249267578,85.31574249267578
2018-10-11,2018-09-11,80.26,80.56511688232422,74.42292785644531,74.42292785644531,77.41493225097656,80.56511688232422,83.58140563964844,86.19979858398438,86.19979858398438
2018-10-12,2018-09-12,80.43,81.47476196289062,75.1595458984375,75.1595458984375,78.23497009277344,81.47476196289062,84.61227416992188,87.338134765625,87.338134765625
2018-10-15,2018-09-13,80.78,79.24824523925781,72.77554321289062,72.77554321289062,75.92574310302734,79.24824523925781,82.36343383789062,85.08154296875,85.08154296875
2018-10-16,2018-09-14,81.41,80.0229263305664,73.5513916015625,73.5513916015625,76.68997955322266,80.0229263305664,83.14781951904297,85.86614227294922,85.86614227294922
2018-10-17,2018-09-17,80.05,80.21647644042969,73.82756805419922,73.82756805419922,76.92598724365234,80.21647644042969,83.2894287109375,85.94511413574219,85.94511413574219
2018-10-18,2018-09-18,79.29,80.92047882080078,74.59736633300781,74.59736633300781,77.67129516601562,80.92047882080078,83.95126342773438,86.59608459472656,86.59608459472656
2018-10-19,2018-09-19,79.78,81.64672088623047,75.34295654296875,75.34295654296875,78.40387725830078,81.64672088623047,84.70498657226562,87.35887908935547,87.35887908935547
2018-10-22,2018-09-20,79.83,81.03843688964844,74.72541046142578,74.72541046142578,77.78981018066406,81.03843688964844,84.0669174194336,86.67367553710938,86.67367553710938
2018-10-23,2018-09-21,76.44,81.19602966308594,74.93150329589844,74.93150329589844,77.98384094238281,81.19602966308594,84.19874572753906,86.82341003417969,86.82341003417969
2018-10-24,2018-09-24,76.17,84.44581604003906,78.18897247314453,78.18897247314453,81.20806121826172,84.44581604003906,87.64216613769531,90.4540786743164,90.4540786743164
2018-10-25,2018-09-25,76.89,84.24122619628906,77.79227447509766,77.79227447509766,80.89722442626953,84.24122619628906,87.51190185546875,90.4117431640625,90.4117431640625
2018-10-26,2018-09-26,77.62,84.12973022460938,77.90172576904297,77.90172576904297,80.93692779541016,84.12973022460938,87.19709777832031,89.90277862548828,89.90277862548828
2018-10-29,2018-09-27,77.34,84.26908874511719,78.03980255126953,78.03980255126953,81.07928466796875,84.26908874511719,87.35935974121094,90.0775375366211,90.0775375366211
2018-10-30,2018-09-28,75.91,84.55914306640625,78.22402954101562,78.22402954101562,81.31229400634766,84.55914306640625,87.71697998046875,90.5025634765625,90.5025634765625
2018-10-31,2018-10-01,75.47,86.72637176513672,80.30632019042969,80.30632019042969,83.40419006347656,86.72637176513672,90.10978698730469,93.15385437011719,93.15385437011719
2018-11-01,2018-10-02,75.5,86.96510314941406,80.40493774414062,80.40493774414062,83.58930969238281,86.96510314941406,90.33456420898438,93.34938049316406,93.34938049316406
2018-11-02,2018-10-03,72.83,87.718017578125,81.03849792480469,81.03849792480469,84.29891967773438,87.718017578125,91.15031433105469,94.2447738647461,94.2447738647461
2018-11-05,2018-10-04,73.17,86.88612365722656,80.16548919677734,80.16548919677734,83.48030853271484,86.88612365722656,90.20103454589844,93.17520904541016,93.17520904541016
2018-11-06,2018-10-05,72.13,85.54435729980469,78.60230255126953,78.60230255126953,82.02081298828125,85.54435729980469,88.92713928222656,91.95243835449219,91.95243835449219
2018-11-07,2018-10-08,72.07,85.92767333984375,79.19155883789062,79.19155883789062,82.51167297363281,85.92767333984375,89.20120239257812,92.13153839111328,92.13153839111328
2018-11-08,2018-10-09,70.65,87.65367889404297,81.18289184570312,81.18289184570312,84.37062072753906,87.65367889404297,90.89112854003906,93.7969970703125,93.7969970703125
2018-11-09,2018-10-10,70.18,86.94129943847656,80.42244720458984,80.42244720458984,83.65359497070312,86.94129943847656,90.08930206298828,92.93003845214844,92.93003845214844
2018-11-12,2018-10-11,70.12,84.44715118408203,77.45600891113281,77.45600891113281,80.88002014160156,84.44715118408203,87.77828979492188,90.711669921875,90.711669921875
2018-11-13,2018-10-12,65.47,84.7109375,77.94010162353516,77.94010162353516,81.24772644042969,84.7109375,87.99301147460938,90.891845703125,90.891845703125
2018-11-14,2018-10-15,66.12,84.99334716796875,78.35179901123047,78.35179901123047,81.60476684570312,84.99334716796875,88.26156616210938,91.1937026977539,91.1937026977539
2018-11-15,2018-10-16,66.62,86.41632080078125,79.86555480957031,79.86555480957031,83.04962158203125,86.41632080078125,89.764404296875,92.7955551147461,92.7955551147461
2018-11-16,2018-10-17,66.76,84.47547149658203,77.88935089111328,77.88935089111328,81.09396362304688,84.47547149658203,87.77781677246094,90.77672576904297,90.77672576904297
2018-11-19,2018-10-18,66.79,83.5560531616211,77.10301208496094,77.10301208496094,80.25119018554688,83.5560531616211,86.74214172363281,89.63862609863281,89.63862609863281
2018-11-20,2018-10-19,62.53,83.66478729248047,77.43382263183594,77.43382263183594,80.45834350585938,83.66478729248047,86.83421325683594,89.77068328857422,89.77068328857422
2018-11-21,2018-10-22,63.48,83.17037963867188,77.11082458496094,77.11082458496094,80.04994201660156,83.17037963867188,86.25495910644531,89.12256622314453,89.12256622314453
2018-11-23,2018-10-23,58.8,80.96607208251953,73.9934310913086,73.9934310913086,77.36209106445312,80.96607208251953,84.44293212890625,87.66720581054688,87.66720581054688
2018-11-26,2018-10-24,60.48,80.84810638427734,73.95706176757812,73.95706176757812,77.27691650390625,80.84810638427734,84.31993103027344,87.54511260986328,87.54511260986328
2018-11-27,2018-10-25,60.21,80.3645248413086,73.67988586425781,73.67988586425781,76.91290283203125,80.3645248413086,83.75019836425781,86.94189453125,86.94189453125
2018-11-28,2018-10-26,58.76,80.4156723022461,73.72972869873047,73.72972869873047,76.95616149902344,80.4156723022461,83.83988952636719,87.06249237060547,87.06249237060547
2018-11-29,2018-10-29,59.51,78.89454650878906,72.29885864257812,72.29885864257812,75.48995208740234,78.89454650878906,82.2761459350586,85.4671401977539,85.4671401977539
2018-11-30,2018-10-30,58.71,78.11448669433594,71.43798065185547,71.43798065185547,74.65606689453125,78.11448669433594,81.5690689086914,84.79498291015625,84.79498291015625
2018-12-03,2018-10-31,61.69,77.97135162353516,71.13484191894531,71.13484191894531,74.42376708984375,77.97135162353516,81.50360870361328,84.80416870117188,84.80416870117188
2018-12-04,2018-11-01,62.08,78.43598937988281,71.53189086914062,71.53189086914062,74.87046813964844,78.43598937988281,81.9613265991211,85.21548461914062,85.21548461914062
2018-12-06,2018-11-02,60.06,76.34477233886719,68.5965805053711,68.5965805053711,72.33349609375,76.34477233886719,80.1692886352539,83.54973602294922,83.54973602294922
2018-12-07,2018-11-05,61.67,76.0712890625,68.57095336914062,68.57095336914062,72.17086791992188,76.0712890625,79.88101196289062,83.25797271728516,83.25797271728516
2018-12-10,2018-11-06,59.97,74.58732604980469,66.88844299316406,66.88844299316406,70.59165954589844,74.58732604980469,78.44682312011719,81.85122680664062,81.85122680664062
2018-12-11,2018-11-07,60.2,75.53889465332031,68.1352310180664,68.1352310180664,71.6746826171875,75.53889465332031,79.30973052978516,82.63250732421875,82.63250732421875
2018-12-12,2018-11-08,60.15,74.0822525024414,66.6999740600586,66.6999740600586,70.24986267089844,74.0822525024414,77.74478149414062,80.95721435546875,80.95721435546875
2018-12-13,2018-11-09,61.45,73.2780532836914,66.14002990722656,66.14002990722656,69.57157897949219,73.2780532836914,76.83876037597656,79.97657775878906,79.97657775878906
2018-12-14,2018-11-12,60.28,72.27224731445312,65.20130157470703,65.20130157470703,68.58538818359375,72.27224731445312,75.86396026611328,79.09481048583984,79.09481048583984
2018-12-17,2018-11-13,59.61,71.52871704101562,64.03338623046875,64.03338623046875,67.61528015136719,71.52871704101562,75.02468872070312,77.98661041259766,77.98661041259766
2018-12-18,2018-11-14,56.26,71.42998504638672,64.09933471679688,64.09933471679688,67.58269500732422,71.42998504638672,75.06272888183594,78.25214385986328,78.25214385986328
2018-12-19,2018-11-15,57.24,71.17756652832031,63.91046142578125,63.91046142578125,67.35682678222656,71.17756652832031,74.86554718017578,78.15409088134766,78.15409088134766
2018-12-20,2018-11-16,54.35,70.31851196289062,63.06396484375,63.06396484375,66.50948333740234,70.31851196289062,74.02101135253906,77.36811828613281,77.36811828613281
2018-12-21,2018-11-19,53.82,70.13946533203125,63.01035690307617,63.01035690307617,66.39794158935547,70.13946533203125,73.79116821289062,77.06478118896484,77.06478118896484
2018-12-24,2018-11-20,50.47,67.71060180664062,60.346378326416016,60.346378326416016,63.886077880859375,67.71060180664062,71.25349426269531,74.38251495361328,74.38251495361328
2018-12-26,2018-11-21,54.47,67.63538360595703,60.494407653808594,60.494407653808594,63.908592224121094,67.63538360595703,71.14729309082031,74.26004791259766,74.26004791259766
2018-12-27,2018-11-23,52.16,65.10975646972656,57.17605972290039,57.17605972290039,60.95677947998047,65.10975646972656,68.9382095336914,72.28636169433594,72.28636169433594
2018-12-28,2018-11-26,52.2,65.35701751708984,57.69540023803711,57.69540023803711,61.324363708496094,65.35701751708984,69.18252563476562,72.5281982421875,72.5281982421875
2018-12-31,2018-11-27,53.8,64.44796752929688,57.237003326416016,57.237003326416016,60.650779724121094,64.44796752929688,68.0435791015625,71.1884536743164,71.1884536743164
2019-01-02,2018-11-28,54.91,62.40153503417969,55.06394577026367,55.06394577026367,58.55096435546875,62.40153503417969,66.08218383789062,69.35189819335938,69.35189819335938
2019-01-03,2018-11-29,55.95,61.34022903442383,54.06224060058594,54.06224060058594,57.51226806640625,61.34022903442383,64.99533081054688,68.22309875488281,68.22309875488281
2019-01-04,2018-11-30,57.06,59.75368118286133,52.25999450683594,52.25999450683594,55.818504333496094,59.75368118286133,63.53923797607422,66.9161605834961,66.9161605834961
2019-01-07,2018-12-03,57.33,62.01063919067383,55.14844512939453,55.14844512939453,58.40161895751953,62.01063919067383,65.41354370117188,68.3848648071289,68.3848648071289
2019-01-08,2018-12-04,58.72,62.26078414916992,55.518218994140625,55.518218994140625,58.710880279541016,62.26078414916992,65.65089416503906,68.6169662475586,68.6169662475586
2019-01-09,2018-12-06,61.44,59.07505798339844,51.92923355102539,51.92923355102539,55.32203674316406,59.07505798339844,62.73086166381836,66.00715637207031,66.00715637207031
2019-01-10,2018-12-07,61.68,63.406558990478516,56.86170959472656,56.86170959472656,59.941986083984375,63.406558990478516,66.80674743652344,69.815673828125,69.815673828125
2019-01-11,2018-12-10,60.48,60.69182586669922,53.84426498413086,53.84426498413086,57.07884216308594,60.69182586669922,64.24136352539062,67.452392578125,67.452392578125
2019-01-14,2018-12-11,58.99,61.2205696105957,54.2498779296875,54.2498779296875,57.54917526245117,61.2205696105957,64.8557357788086,68.15758514404297,68.15758514404297
2019-01-15,2018-12-12,60.64,61.265411376953125,54.651493072509766,54.651493072509766,57.74969482421875,61.265411376953125,64.75482940673828,67.92552185058594,67.92552185058594
2019-01-16,2018-12-13,61.32,63.24437713623047,56.9440803527832,56.9440803527832,59.88359069824219,63.24437713623047,66.58972930908203,69.5465087890625,69.5465087890625
2019-01-17,2018-12-14,61.18,63.0150260925293,57.03704833984375,57.03704833984375,59.841793060302734,63.0150260925293,66.09870910644531,68.79170227050781,68.79170227050781
2019-01-18,2018-12-17,62.7,61.98872375488281,55.955013275146484,55.955013275146484,58.774635314941406,61.98872375488281,65.11776733398438,67.8447494506836,67.8447494506836
2019-01-22,2018-12-18,61.5,60.678627014160156,54.257606506347656,54.257606506347656,57.28965377807617,60.678627014160156,63.8664436340332,66.60802459716797,66.60802459716797
2019-01-23,2018-12-19,61.14,60.90970993041992,54.45563507080078,54.45563507080078,57.502952575683594,60.90970993041992,64.19802856445312,67.07183074951172,67.07183074951172
2019-01-24,2018-12-20,61.09,58.68184280395508,52.447242736816406,52.447242736816406,55.4376335144043,58.68184280395508,61.70148468017578,64.39384460449219,64.39384460449219
2019-01-25,2018-12-21,61.64,57.55641555786133,51.41138458251953,51.41138458251953,54.37041473388672,57.55641555786133,60.516563415527344,63.15848159790039,63.15848159790039
2019-01-28,2018-12-24,59.93,54.06562042236328,46.766510009765625,46.766510009765625,50.357086181640625,54.06562042236328,57.43400573730469,60.354705810546875,60.354705810546875
2019-01-29,2018-12-26,61.32,55.301116943359375,48.54270553588867,48.54270553588867,51.836585998535156,55.301116943359375,58.58637237548828,61.489585876464844,61.489585876464844
2019-01-30,2018-12-27,61.65,54.21116638183594,47.59889221191406,47.59889221191406,50.79399871826172,54.21116638183594,57.464027404785156,60.43385314941406,60.43385314941406
2019-01-31,2018-12-28,61.89,53.987117767333984,47.509246826171875,47.509246826171875,50.618160247802734,53.987117767333984,57.248592376708984,60.232173919677734,60.232173919677734
2019-02-01,2018-12-31,61.87,54.04005432128906,47.7345085144043,47.7345085144043,50.73049545288086,54.04005432128906,57.303794860839844,60.26689529418945,60.26689529418945
2019-02-04,2019-01-02,62.51,57.008995056152344,50.92914962768555,50.92914962768555,53.802696228027344,57.008995056152344,60.16497039794922,63.01002883911133,63.01002883911133
2019-02-05,2019-01-03,61.98,56.5720100402832,50.33708953857422,50.33708953857422,53.2969970703125,56.5720100402832,59.807762145996094,62.76280975341797,62.76280975341797
2019-02-06,2019-01-04,62.69,57.15448760986328,50.5306396484375,50.5306396484375,53.68512725830078,57.15448760986328,60.54328155517578,63.62346267700195,63.62346267700195
2019-02-07,2019-01-07,61.63,57.629005432128906,51.175201416015625,51.175201416015625,54.23129653930664,57.629005432128906,60.94432067871094,63.96538162231445,63.96538162231445
2019-02-08,2019-01-08,62.1,59.46974563598633,52.75621032714844,52.75621032714844,55.91334533691406,59.46974563598633,62.98139190673828,66.10140228271484,66.10140228271484
2019-02-11,2019-01-09,61.51,61.713592529296875,54.69828796386719,54.69828796386719,57.958229064941406,61.713592529296875,65.42240905761719,68.60993194580078,68.60993194580078
2019-02-12,2019-01-10,62.42,62.08500289916992,55.20940399169922,55.20940399169922,58.414398193359375,62.08500289916992,65.61346435546875,68.60485076904297,68.60485076904297
2019-02-13,2019-01-11,63.61,60.04997253417969,53.376678466796875,53.376678466796875,56.51264190673828,60.04997253417969,63.40239715576172,66.29171752929688,66.29171752929688
2019-02-14,2019-01-14,64.57,59.655418395996094,52.830989837646484,52.830989837646484,56.05913543701172,59.655418395996094,63.04157638549805,65.96377563476562,65.96377563476562
2019-02-15,2019-01-15,66.25,59.94029998779297,53.7564697265625,53.7564697265625,56.679649353027344,59.94029998779297,63.0067253112793,65.70201110839844,65.70201110839844
2019-02-19,2019-01-16,66.45,59.137691497802734,53.07202911376953,53.07202911376953,55.93670654296875,59.137691497802734,62.12786865234375,64.73545837402344,64.73545837402344
2019-02-20,2019-01-17,67.08,58.9078369140625,52.46764373779297,52.46764373779297,55.51995849609375,58.9078369140625,62.07880401611328,64.8253173828125,64.8253173828125
2019-02-21,2019-01-18,67.07,60.0605583190918,53.24718475341797,53.24718475341797,56.47907257080078,60.0605583190918,63.432708740234375,66.33004760742188,66.33004760742188
2019-02-22,2019-01-22,67.12,59.346412658691406,52.97128677368164,52.97128677368164,56.001529693603516,59.346412658691406,62.428104400634766,65.13320922851562,65.13320922851562
2019-02-25,2019-01-23,64.76,58.513450622558594,52.393341064453125,52.393341064453125,55.29827117919922,58.513450622558594,61.49018478393555,64.11211395263672,64.11211395263672
2019-02-26,2019-01-24,65.21,57.242645263671875,51.05534362792969,51.05534362792969,53.961021423339844,57.242645263671875,60.32478332519531,63.000301361083984,63.000301361083984
2019-02-27,2019-01-25,66.39,58.57415771484375,52.85837173461914,52.85837173461914,55.52849578857422,58.57415771484375,61.45088577270508,63.969058990478516,63.969058990478516
2019-02-28,2019-01-28,66.03,56.33854293823242,50.39111328125,50.39111328125,53.15774917602539,56.33854293823242,59.38176727294922,62.062294006347656,62.062294006347656
2019-03-01,2019-01-29,65.07,57.09844207763672,50.59821319580078,50.59821319580078,53.6427001953125,57.09844207763672,60.400367736816406,63.27510452270508,63.27510452270508
2019-03-04,2019-01-30,65.67,57.786781311035156,51.355323791503906,51.355323791503906,54.35662841796875,57.786781311035156,61.07067108154297,63.91204833984375,63.91204833984375
2019-03-05,2019-01-31,65.86,58.70692825317383,52.050113677978516,52.050113677978516,55.16368865966797,58.70692825317383,62.115966796875,65.03404235839844,65.03404235839844
2019-03-06,2019-02-01,65.99,58.2764892578125,51.95325469970703,51.95325469970703,54.90532684326172,58.2764892578125,61.52278137207031,64.35039520263672,64.35039520263672
2019-03-07,2019-02-04,66.3,59.710662841796875,53.145687103271484,53.145687103271484,56.2215576171875,59.710662841796875,63.016258239746094,65.83644104003906,65.83644104003906
2019-03-08,2019-02-05,65.74,57.479434967041016,51.19940185546875,51.19940185546875,54.13743591308594,57.479434967041016,60.63909149169922,63.381980895996094,63.381980895996094
2019-03-11,2019-02-06,66.58,57.660606384277344,51.3602180480957,51.3602180480957,54.294891357421875,57.660606384277344,60.862632751464844,63.63752746582031,63.63752746582031
2019-03-12,2019-02-07,66.67,56.49081802368164,50.762611389160156,50.762611389160156,53.454017639160156,56.49081802368164,59.30638885498047,61.76158905029297,61.76158905029297
2019-03-13,2019-02-08,67.55,56.209442138671875,50.73711395263672,50.73711395263672,53.300315856933594,56.209442138671875,58.88954544067383,61.21324157714844,61.21324157714844
2019-03-14,2019-02-11,67.23,55.51025390625,49.70275115966797,49.70275115966797,52.43016815185547,55.51025390625,58.36107635498047,60.83366012573242,60.83366012573242
2019-03-15,2019-02-12,67.16,55.99885177612305,50.264225006103516,50.264225006103516,52.95366668701172,55.99885177612305,58.84906768798828,61.35016632080078,61.35016632080078
2019-03-18,2019-02-13,67.54,56.96009063720703,51.41419982910156,51.41419982910156,53.98817825317383,56.96009063720703,59.71916580200195,62.13247299194336,62.13247299194336
2019-03-19,2019-02-14,67.61,57.648067474365234,51.99250793457031,51.99250793457031,54.59305953979492,57.648067474365234,60.52003860473633,63.00715255737305,63.00715255737305
2019-03-20,2019-02-15,68.5,59.608665466308594,53.234893798828125,53.234893798828125,56.13929748535156,59.608665466308594,62.95915603637695,65.83665466308594,65.83665466308594
2019-03-21,2019-02-19,67.86,59.78858184814453,53.99081039428711,53.99081039428711,56.61328125,59.78858184814453,62.77977752685547,65.30646514892578,65.30646514892578
2019-03-22,2019-02-20,67.03,60.400325775146484,54.31702423095703,54.31702423095703,57.08234405517578,60.400325775146484,63.51544189453125,66.13983917236328,66.13983917236328
2019-03-25,2019-02-21,67.21,61.5167350769043,54.992042541503906,54.992042541503906,57.978816986083984,61.5167350769043,64.79736328125,67.55162048339844,67.55162048339844
2019-03-26,2019-02-22,67.97,63.231201171875,56.56202697753906,56.56202697753906,59.62775421142578,63.231201171875,66.5462875366211,69.3082504272461,69.3082504272461
2019-03-27,2019-02-25,67.83,61.53511047363281,54.89036178588867,54.89036178588867,57.957698822021484,61.53511047363281,64.83616638183594,67.64022064208984,67.64022064208984
2019-03-28,2019-02-26,67.82,61.5764045715332,55.46974563598633,55.46974563598633,58.28832244873047,61.5764045715332,64.57170104980469,67.10187530517578,67.10187530517578
2019-03-29,2019-02-27,68.39,63.40855407714844,56.920291900634766,56.920291900634766,59.92890167236328,63.40855407714844,66.61178588867188,69.27244567871094,69.27244567871094
2019-04-01,2019-02-28,69.01,62.08445739746094,55.614498138427734,55.614498138427734,58.61670684814453,62.08445739746094,65.21864318847656,67.80217742919922,67.80217742919922
2019-04-02,2019-03-01,69.37,60.16261672973633,53.83150100708008,53.83150100708008,56.763633728027344,60.16261672973633,63.23292541503906,65.77031707763672,65.77031707763672
2019-04-03,2019-03-04,69.31,60.14299011230469,54.12586975097656,54.12586975097656,56.91067123413086,60.14299011230469,63.02745819091797,65.40998840332031,65.40998840332031
2019-04-04,2019-03-05,69.4,59.80241394042969,53.73895263671875,53.73895263671875,56.552703857421875,59.80241394042969,62.69793701171875,65.10240936279297,65.10240936279297
2019-04-05,2019-03-06,70.34,59.946144104003906,53.5676155090332,53.5676155090332,56.520164489746094,59.946144104003906,63.014366149902344,65.55908966064453,65.55908966064453
2019-04-08,2019-03-07,71.1,60.0340690612793,53.710201263427734,53.710201263427734,56.663780212402344,60.0340690612793,63.07176208496094,65.6013412475586,65.6013412475586
2019-04-09,2019-03-08,70.61,59.210357666015625,53.23210906982422,53.23210906982422,56.01206970214844,59.210357666015625,62.03229522705078,64.35047912597656,64.35047912597656
2019-04-10,2019-03-11,71.73,60.80709457397461,54.52043914794922,54.52043914794922,57.441680908203125,60.80709457397461,63.80707550048828,66.26563262939453,66.26563262939453
2019-04-11,2019-03-12,70.83,62.88505172729492,56.269126892089844,56.269126892089844,59.3708610534668,62.88505172729492,65.99520874023438,68.54265594482422,68.54265594482422
2019-04-12,2019-03-13,71.55,62.63665008544922,56.36015319824219,56.36015319824219,59.27616882324219,62.63665008544922,65.60865783691406,68.02201080322266,68.02201080322266
2019-04-15,2019-03-14,71.18,63.674739837646484,57.32401657104492,57.32401657104492,60.30162811279297,63.674739837646484,66.65713500976562,69.12648010253906,69.12648010253906
2019-04-16,2019-03-15,71.72,64.97982788085938,58.54257583618164,58.54257583618164,61.57573699951172,64.97982788085938,67.98521423339844,70.50574493408203,70.50574493408203
2019-04-17,2019-03-18,71.62,66.35112762451172,59.95821762084961,59.95821762084961,62.98253631591797,66.35112762451172,69.31452178955078,71.77062225341797,71.77062225341797
2019-04-18,2019-03-19,71.97,66.94557189941406,60.5127067565918,60.5127067565918,63.55078887939453,66.94557189941406,69.9796142578125,72.49456024169922,72.49456024169922
2019-04-22,2019-03-20,74.04,66.16232299804688,59.82953643798828,59.82953643798828,62.794471740722656,66.16232299804688,69.19977569580078,71.71774291992188,71.71774291992188
2019-04-23,2019-03-21,74.51,66.54961395263672,60.223541259765625,60.223541259765625,63.20696258544922,66.54961395263672,69.5390625,72.03744506835938,72.03744506835938
2019-04-24,2019-03-22,74.57,65.64897155761719,59.48689651489258,59.48689651489258,62.39430236816406,65.64897155761719,68.52703094482422,70.95577239990234,70.95577239990234
2019-04-25,2019-03-25,74.35,64.53729248046875,58.07682800292969,58.07682800292969,61.10771179199219,64.53729248046875,67.56364440917969,70.07951354980469,70.07951354980469
2019-04-26,2019-03-26,72.15,66.28736877441406,60.21171188354492,60.21171188354492,63.07929229736328,66.28736877441406,69.15119934082031,71.57341003417969,71.57341003417969
2019-04-29,2019-03-27,72.04,66.7112808227539,60.57586669921875,60.57586669921875,63.48939514160156,66.7112808227539,69.58966064453125,72.0476303100586,72.0476303100586
2019-04-30,2019-03-28,72.8,67.76466369628906,61.50947189331055,61.50947189331055,64.4909439086914,67.76466369628906,70.69840240478516,73.20514678955078,73.20514678955078
2019-05-01,2019-03-29,72.18,68.11998748779297,61.70379638671875,61.70379638671875,64.77830505371094,68.11998748779297,71.11543273925781,73.67973327636719,73.67973327636719
2019-05-02,2019-04-01,70.75,68.8537368774414,62.5073127746582,62.5073127746582,65.54578399658203,68.8537368774414,71.82610321044922,74.35953521728516,74.35953521728516
2019-05-03,2019-04-02,70.85,69.91766357421875,63.749977111816406,63.749977111816406,66.72972869873047,69.91766357421875,72.78433227539062,75.24530029296875,75.24530029296875
2019-05-06,2019-04-03,71.24,70.64027404785156,64.70046997070312,64.70046997070312,67.58857727050781,70.64027404785156,73.36553955078125,75.71759033203125,75.71759033203125
2019-05-07,2019-04-04,69.88,69.58241271972656,63.78346252441406,63.78346252441406,66.59898376464844,69.58241271972656,72.1849365234375,74.42548370361328,74.42548370361328
2019-05-08,2019-04-05,70.37,71.09256744384766,65.14554595947266,65.14554595947266,68.02783966064453,71.09256744384766,73.84774780273438,76.2295150756836,76.2295150756836
2019-05-09,2019-04-08,70.39,72.492919921875,66.56900787353516,66.56900787353516,69.43887329101562,72.492919921875,75.29176330566406,77.72142028808594,77.72142028808594
2019-05-10,2019-04-09,70.62,71.48088073730469,65.5932846069336,65.5932846069336,68.4423828125,71.48088073730469,74.2411880493164,76.62612915039062,76.62612915039062
2019-05-13,2019-04-10,70.23,72.69366455078125,66.74686431884766,66.74686431884766,69.60747528076172,72.69366455078125,75.57930755615234,78.0355224609375,78.0355224609375
2019-05-14,2019-04-11,71.24,70.77210235595703,64.92813873291016,64.92813873291016,67.72714233398438,70.77210235595703,73.54551696777344,75.90150451660156,75.90150451660156
2019-05-15,2019-04-12,71.77,72.32540893554688,66.63732147216797,66.63732147216797,69.38140869140625,72.32540893554688,75.03082275390625,77.33989715576172,77.33989715576172
2019-05-16,2019-04-15,72.62,72.58909606933594,67.16819763183594,67.16819763183594,69.78458404541016,72.58909606933594,75.16937255859375,77.38179779052734,77.38179779052734
2019-05-17,2019-04-16,72.21,73.40767669677734,67.71183776855469,67.71183776855469,70.45533752441406,73.40767669677734,76.13823699951172,78.44280242919922,78.44280242919922
2019-05-20,2019-04-17,71.97,74.23418426513672,68.76789093017578,68.76789093017578,71.411376953125,74.23418426513672,76.87541198730469,79.14131927490234,79.14131927490234
2019-05-21,2019-04-18,72.18,75.00487518310547,69.54914093017578,69.54914093017578,72.20690155029297,75.00487518310547,77.64537048339844,79.93241882324219,79.93241882324219
2019-05-22,2019-04-22,70.99,77.64070892333984,71.9436264038086,71.9436264038086,74.68745422363281,77.64070892333984,80.57511901855469,83.12359619140625,83.12359619140625
2019-05-23,2019-04-23,67.76,77.45240783691406,71.37549591064453,71.37549591064453,74.31334686279297,77.45240783691406,80.51179504394531,83.17831420898438,83.17831420898438
2019-05-24,2019-04-24,68.69,77.88412475585938,72.01103973388672,72.01103973388672,74.86939239501953,77.88412475585938,80.8028564453125,83.39564514160156,83.39564514160156
2019-05-28,2019-04-25,70.11,78.06973266601562,72.48384857177734,72.48384857177734,75.21649169921875,78.06973266601562,80.82757568359375,83.30663299560547,83.30663299560547
2019-05-29,2019-04-26,69.45,76.85704040527344,70.95782470703125,70.95782470703125,73.81298828125,76.85704040527344,79.74258422851562,82.34568786621094,82.34568786621094
2019-05-30,2019-04-29,66.87,76.91080474853516,71.51091003417969,71.51091003417969,74.13017272949219,76.91080474853516,79.54894256591797,81.91792297363281,81.91792297363281
2019-05-31,2019-04-30,64.49,76.3237533569336,70.57774353027344,70.57774353027344,73.36825561523438,76.3237533569336,79.13169860839844,81.67708587646484,81.67708587646484
2019-06-03,2019-05-01,61.28,75.78611755371094,69.95746612548828,69.95746612548828,72.7825927734375,75.78611755371094,78.60417175292969,81.16508483886719,81.16508483886719
2019-06-04,2019-05-02,61.97,73.83003234863281,67.48868560791016,67.48868560791016,70.5338134765625,73.83003234863281,76.88118743896484,79.59974670410156,79.59974670410156
2019-06-05,2019-05-03,60.63,74.31037902832031,68.12570190429688,68.12570190429688,71.08289337158203,74.31037902832031,77.37139892578125,80.0906753540039,80.0906753540039
2019-06-06,2019-05-06,61.67,74.10865020751953,68.22906494140625,68.22906494140625,71.04376220703125,74.10865020751953,77.01322937011719,79.5862045288086,79.5862045288086
2019-06-07,2019-05-07,63.29,73.10208129882812,66.99913787841797,66.99913787841797,69.9228515625,73.10208129882812,76.09454345703125,78.72845458984375,78.72845458984375
2019-06-10,2019-05-08,62.29,74.31212615966797,68.5303726196289,68.5303726196289,71.29145812988281,74.31212615966797,77.22463989257812,79.78987884521484,79.78987884521484
2019-06-11,2019-05-09,62.29,75.08595275878906,69.29983520507812,69.29983520507812,72.07221984863281,75.08595275878906,78.00727081298828,80.59169006347656,80.59169006347656
2019-06-12,2019-05-10,59.97,75.29583740234375,69.89221954345703,69.89221954345703,72.49978637695312,75.29583740234375,78.03073120117188,80.48573303222656,80.48573303222656
2019-06-13,2019-05-13,61.31,74.51946258544922,69.13672637939453,69.13672637939453,71.75374603271484,74.51946258544922,77.20736694335938,79.64434814453125,79.64434814453125
2019-06-14,2019-05-14,62.01,76.34699249267578,71.00263214111328,71.00263214111328,73.5863265991211,76.34699249267578,79.11885070800781,81.65022277832031,81.65022277832031
2019-06-17,2019-05-15,60.94,76.37225341796875,70.99234008789062,70.99234008789062,73.60963439941406,76.37225341796875,79.1363525390625,81.6724624633789,81.6724624633789
2019-06-18,2019-05-16,62.14,76.68858337402344,71.36100006103516,71.36100006103516,73.95797729492188,76.68858337402344,79.40615844726562,81.89472198486328,81.89472198486328
2019-06-19,2019-05-17,61.82,75.77516174316406,70.64842987060547,70.64842987060547,73.15603637695312,75.77516174316406,78.31912231445312,80.63947296142578,80.63947296142578
2019-06-20,2019-05-20,64.45,75.74812316894531,70.42655944824219,70.42655944824219,73.00830078125,75.74812316894531,78.40353393554688,80.79672241210938,80.79672241210938
2019-06-21,2019-05-21,65.2,76.54541778564453,71.73497772216797,71.73497772216797,74.07952880859375,76.54541778564453,78.91828155517578,81.02545166015625,81.02545166015625
2019-06-24,2019-05-22,64.86,74.29339599609375,68.84026336669922,68.84026336669922,71.49436950683594,74.29339599609375,76.87252044677734,79.17404174804688,79.17404174804688
2019-06-25,2019-05-23,65.05,72.1494140625,65.46619415283203,65.46619415283203,68.65327453613281,72.1494140625,75.2912368774414,78.01213836669922,78.01213836669922
2019-06-26,2019-05-24,66.49,72.4446029663086,65.91292572021484,65.91292572021484,69.02159118652344,72.4446029663086,75.59910583496094,78.3631591796875,78.3631591796875
2019-06-27,2019-05-28,66.55,74.24456787109375,68.03443908691406,68.03443908691406,70.99188232421875,74.24456787109375,77.32200622558594,80.00447845458984,80.00447845458984
2019-06-28,2019-05-29,66.55,73.75090026855469,67.81786346435547,67.81786346435547,70.65448760986328,73.75090026855469,76.65481567382812,79.2006607055664,79.2006607055664
2019-07-01,2019-05-30,65.06,71.95587921142578,65.15475463867188,65.15475463867188,68.39689636230469,71.95587921142578,75.22608947753906,78.03539276123047,78.03539276123047
2019-07-02,2019-05-31,62.4,70.6341781616211,63.34696578979492,63.34696578979492,66.80725860595703,70.6341781616211,74.1368408203125,77.1397933959961,77.1397933959961
2019-07-03,2019-06-03,63.82,66.84092712402344,58.33652877807617,58.33652877807617,62.37042999267578,66.84092712402344,70.8851318359375,74.27407836914062,74.27407836914062
2019-07-05,2019-06-04,64.23,66.70585632324219,59.088470458984375,59.088470458984375,62.689178466796875,66.70585632324219,70.52185821533203,73.86270141601562,73.86270141601562
2019-07-08,2019-06-05,64.11,64.63760375976562,56.956512451171875,56.956512451171875,60.59600830078125,64.63760375976562,68.54400634765625,71.95069885253906,71.95069885253906
2019-07-09,2019-06-06,64.16,65.88404846191406,58.30458450317383,58.30458450317383,61.86763381958008,65.88404846191406,69.90614318847656,73.46170043945312,73.46170043945312
2019-07-10,2019-06-07,67.01,66.88948822021484,59.328956604003906,59.328956604003906,62.90972900390625,66.88948822021484,70.87781524658203,74.41796112060547,74.41796112060547
2019-07-11,2019-06-10,66.52,65.2459487915039,57.95180892944336,57.95180892944336,61.40480041503906,65.2459487915039,69.09148406982422,72.57557678222656,72.57557678222656
2019-07-12,2019-06-11,66.72,65.01998901367188,58.02932357788086,58.02932357788086,61.34992980957031,65.01998901367188,68.68038940429688,72.0129623413086,72.0129623413086
2019-07-15,2019-06-12,66.48,62.68168640136719,55.05710220336914,55.05710220336914,58.7086181640625,62.68168640136719,66.61788177490234,70.14827728271484,70.14827728271484
2019-07-16,2019-06-13,64.35,64.46287536621094,57.443946838378906,57.443946838378906,60.753387451171875,64.46287536621094,68.18852996826172,71.517333984375,71.517333984375
2019-07-17,2019-06-14,63.66,64.54524993896484,57.65998840332031,57.65998840332031,60.900020599365234,64.54524993896484,68.19436645507812,71.4615249633789,71.4615249633789
2019-07-18,2019-06-17,61.93,63.77241516113281,56.402252197265625,56.402252197265625,59.903114318847656,63.77241516113281,67.64009094238281,71.09403228759766,71.09403228759766
2019-07-19,2019-06-18,62.47,64.37782287597656,57.199798583984375,57.199798583984375,60.58761978149414,64.37782287597656,68.17227172851562,71.54564666748047,71.54564666748047
2019-07-22,2019-06-19,63.26,64.98069763183594,57.89291763305664,57.89291763305664,61.24054718017578,64.98069763183594,68.74835205078125,72.10518646240234,72.10518646240234
2019-07-23,2019-06-20,63.83,67.12267303466797,59.956756591796875,59.956756591796875,63.31406784057617,67.12267303466797,70.99404907226562,74.34175109863281,74.34175109863281
2019-07-24,2019-06-21,63.18,67.72164154052734,60.43417739868164,60.43417739868164,63.88105773925781,67.72164154052734,71.59845733642578,74.90931701660156,74.90931701660156
2019-07-25,2019-06-24,63.39,67.68373107910156,60.659393310546875,60.659393310546875,63.99774169921875,67.68373107910156,71.3629150390625,74.52855682373047,74.52855682373047
2019-07-26,2019-06-25,63.46,67.4075927734375,60.44062805175781,60.44062805175781,63.77743148803711,67.4075927734375,71.0009765625,74.10626220703125,74.10626220703125
2019-07-29,2019-06-26,63.71,68.1202392578125,61.249969482421875,61.249969482421875,64.53134155273438,68.1202392578125,71.66937255859375,74.69435119628906,74.69435119628906
2019-07-30,2019-06-27,64.72,68.46269989013672,61.53269958496094,61.53269958496094,64.841796875,68.46269989013672,71.98539733886719,74.9489974975586,74.9489974975586
2019-07-31,2019-06-28,65.17,68.6251220703125,61.429264068603516,61.429264068603516,64.88482666015625,68.6251220703125,72.26033020019531,75.32289123535156,75.32289123535156
2019-08-01,2019-07-01,60.5,67.19005584716797,59.91896438598633,59.91896438598633,63.427276611328125,67.19005584716797,70.82615661621094,73.8897476196289,73.8897476196289
2019-08-02,2019-07-02,61.89,65.0318374633789,57.06052780151367,57.06052780151367,60.92719268798828,65.0318374633789,68.98770141601562,72.31669616699219,72.31669616699219
2019-08-05,2019-07-03,59.81,66.34258270263672,58.8338737487793,58.8338737487793,62.462371826171875,66.34258270263672,70.08763122558594,73.24185180664062,73.24185180664062
2019-08-06,2019-07-05,58.94,66.25928497314453,58.948238372802734,58.948238372802734,62.465118408203125,66.25928497314453,69.96894836425781,73.0994873046875,73.0994873046875
2019-08-07,2019-07-08,56.23,65.98873138427734,58.979156494140625,58.979156494140625,62.33613586425781,65.98873138427734,69.5452880859375,72.54904174804688,72.54904174804688
2019-08-08,2019-07-09,57.38,65.66211700439453,58.698486328125,58.698486328125,62.04588317871094,65.66211700439453,69.15760803222656,72.11383056640625,72.11383056640625
2019-08-09,2019-07-10,58.53,68.12895965576172,60.57455062866211,60.57455062866211,64.17536163330078,68.12895965576172,72.03054809570312,75.29669189453125,75.29669189453125
2019-08-12,2019-07-11,58.57,68.32611083984375,61.28361129760742,61.28361129760742,64.62684631347656,68.32611083984375,71.93479919433594,74.99296569824219,74.99296569824219
2019-08-13,2019-07-12,61.3,68.80826568603516,61.96379089355469,61.96379089355469,65.21737670898438,68.80826568603516,72.32099914550781,75.33746337890625,75.33746337890625
2019-08-14,2019-07-15,59.48,68.6780776977539,61.97493362426758,61.97493362426758,65.17152404785156,68.6780776977539,72.09130096435547,75.01712799072266,75.01712799072266
2019-08-15,2019-07-16,58.23,67.5250244140625,60.52401351928711,60.52401351928711,63.90583801269531,67.5250244140625,70.98626708984375,73.94115447998047,73.94115447998047
2019-08-16,2019-07-17,58.64,66.82282257080078,59.761390686035156,59.761390686035156,63.18964767456055,66.82282257080078,70.28628540039062,73.23898315429688,73.23898315429688
2019-08-19,2019-07-18,59.74,64.87112426757812,57.54762268066406,57.54762268066406,61.16351318359375,64.87112426757812,68.35861206054688,71.32115936279297,71.32115936279297
2019-08-20,2019-07-19,60.03,65.42595672607422,58.47072982788086,58.47072982788086,61.907928466796875,65.42595672607422,68.76388549804688,71.61389923095703,71.61389923095703
2019-08-21,2019-07-22,60.3,65.97602081298828,58.906654357910156,58.906654357910156,62.39398956298828,65.97602081298828,69.40217590332031,72.34093475341797,72.34093475341797
2019-08-22,2019-07-23,59.92,66.39399719238281,59.14059829711914,59.14059829711914,62.72736740112305,66.39399719238281,69.93656921386719,72.9804458618164,72.9804458618164
2019-08-23,2019-07-24,59.34,65.53593444824219,58.61896514892578,58.61896514892578,62.04542541503906,65.53593444824219,68.89933776855469,71.76895141601562,71.76895141601562
2019-08-26,2019-07-25,58.7,65.2573471069336,58.23960494995117,58.23960494995117,61.72407531738281,65.2573471069336,68.66481018066406,71.57352447509766,71.57352447509766
2019-08-27,2019-07-26,59.51,65.67008209228516,58.710689544677734,58.710689544677734,62.181121826171875,65.67008209228516,69.03121185302734,71.90462493896484,71.90462493896484
2019-08-28,2019-07-29,60.49,66.023681640625,59.07473373413086,59.07473373413086,62.54042053222656,66.023681640625,69.39114379882812,72.26806640625,72.26806640625
2019-08-29,2019-07-30,61.08,66.3172836303711,59.48120880126953,59.48120880126953,62.862648010253906,66.3172836303711,69.6432113647461,72.45571899414062,72.45571899414062
2019-08-30,2019-07-31,60.43,67.06504821777344,60.285919189453125,60.285919189453125,63.62615203857422,67.06504821777344,70.36636352539062,73.14077758789062,73.14077758789062
2019-09-03,2019-08-01,58.26,63.72200393676758,55.45983123779297,55.45983123779297,59.591007232666016,63.72200393676758,67.55082702636719,70.752685546875,70.752685546875
2019-09-04,2019-08-02,60.7,64.98546600341797,57.43220901489258,57.43220901489258,61.16505432128906,64.98546600341797,68.56379699707031,71.54266357421875,71.54266357421875
2019-09-05,2019-08-05,60.95,63.941524505615234,56.4410285949707,56.4410285949707,60.159828186035156,63.941524505615234,67.46719360351562,70.42669677734375,70.42669677734375
2019-09-06,2019-08-06,61.54,62.96562957763672,55.19520568847656,55.19520568847656,59.061767578125,62.96562957763672,66.61585998535156,69.65630340576172,69.65630340576172
2019-09-09,2019-08-07,62.59,61.57561111450195,53.15739440917969,53.15739440917969,57.37717819213867,61.57561111450195,65.39126586914062,68.51535034179688,68.51535034179688
2019-09-10,2019-08-08,62.38,61.70211410522461,53.676979064941406,53.676979064941406,57.66889190673828,61.70211410522461,65.4927978515625,68.64263916015625,68.64263916015625
2019-09-11,2019-08-09,60.81,62.172149658203125,54.50342559814453,54.50342559814453,58.29256057739258,62.172149658203125,65.8193359375,68.83121490478516,68.83121490478516
2019-09-12,2019-08-12,60.38,61.653076171875,54.46788787841797,54.46788787841797,58.02633285522461,61.653076171875,65.07757568359375,67.92670440673828,67.92670440673828
2019-09-13,2019-08-13,60.22,63.84788513183594,56.75225830078125,56.75225830078125,60.237823486328125,63.84788513183594,67.32125854492188,70.19245910644531,70.19245910644531
2019-09-16,2019-08-14,69.02,62.05409622192383,54.53746032714844,54.53746032714844,58.271453857421875,62.05409622192383,65.64163208007812,68.63702392578125,68.63702392578125
2019-09-17,2019-08-15,64.55,60.83761215209961,53.0140495300293,53.0140495300293,56.92403793334961,60.83761215209961,64.55066680908203,67.65316772460938,67.65316772460938
2019-09-18,2019-08-16,63.6,61.174888610839844,53.51494216918945,53.51494216918945,57.35601806640625,61.174888610839844,64.81737518310547,67.84721374511719,67.84721374511719
2019-09-19,2019-08-19,64.4,62.203338623046875,54.6732063293457,54.6732063293457,58.44172286987305,62.203338623046875,65.84190368652344,68.8736343383789,68.8736343383789
2019-09-20,2019-08-20,64.28,62.35175704956055,54.391265869140625,54.391265869140625,58.4069709777832,62.35175704956055,66.1703872680664,69.36998748779297,69.36998748779297
2019-09-23,2019-08-21,64.77,62.78919219970703,55.28261184692383,55.28261184692383,59.03071594238281,62.78919219970703,66.40489959716797,69.39958953857422,69.39958953857422
2019-09-24,2019-08-22,63.1,61.940120697021484,54.24052429199219,54.24052429199219,58.09083557128906,61.940120697021484,65.59903717041016,68.61837005615234,68.61837005615234
2019-09-25,2019-08-23,62.39,60.831119537353516,52.67616653442383,52.67616653442383,56.78257369995117,60.831119537353516,64.66297149658203,67.84913635253906,67.84913635253906
2019-09-26,2019-08-26,62.74,61.50645446777344,54.1344108581543,54.1344108581543,57.83368682861328,61.50645446777344,64.9833984375,67.85302734375,67.85302734375
2019-09-27,2019-08-27,61.91,63.398536682128906,56.634620666503906,56.634620666503906,59.997474670410156,63.398536682128906,66.67045593261719,69.3592758178711,69.3592758178711
2019-09-30,2019-08-28,60.78,64.59877014160156,57.99317169189453,57.99317169189453,61.25694274902344,64.59877014160156,67.8441162109375,70.50675964355469,70.50675964355469
2019-10-01,2019-08-29,58.89,65.45418548583984,58.92020034790039,58.92020034790039,62.13337707519531,65.45418548583984,68.69656372070312,71.36063385009766,71.36063385009766
2019-10-02,2019-08-30,57.69,64.97576904296875,58.46440887451172,58.46440887451172,61.65721893310547,64.97576904296875,68.17870330810547,70.80213928222656,70.80213928222656
2019-10-03,2019-09-03,57.71,63.3498420715332,56.55681610107422,56.55681610107422,59.912933349609375,63.3498420715332,66.6004638671875,69.25907135009766,69.25907135009766
2019-10-04,2019-09-04,58.37,65.49744415283203,59.32809829711914,59.32809829711914,62.34173583984375,65.49744415283203,68.54884338378906,71.04796600341797,71.04796600341797
2019-10-07,2019-09-05,58.35,65.45294189453125,59.34574890136719,59.34574890136719,62.31391525268555,65.45294189453125,68.49325561523438,71.01288604736328,71.01288604736328
2019-10-08,2019-09-06,58.24,66.04423522949219,59.68235397338867,59.68235397338867,62.75882339477539,66.04423522949219,69.24188995361328,71.86283111572266,71.86283111572266
2019-10-09,2019-09-09,58.32,66.60197448730469,60.31768035888672,60.31768035888672,63.34716796875,66.60197448730469,69.79627990722656,72.41226959228516,72.41226959228516
2019-10-10,2019-09-10,59.1,66.36768341064453,60.03717041015625,60.03717041015625,63.12049102783203,66.36768341064453,69.51948547363281,72.11099243164062,72.11099243164062
2019-10-11,2019-09-11,60.51,65.04976654052734,58.46207046508789,58.46207046508789,61.69411087036133,65.04976654052734,68.25228881835938,70.90265655517578,70.90265655517578
2019-10-14,2019-09-12,59.35,63.870323181152344,56.81843566894531,56.81843566894531,60.29734420776367,63.870323181152344,67.26614379882812,70.09952545166016,70.09952545166016
2019-10-15,2019-09-13,58.74,63.933265686035156,57.41790008544922,57.41790008544922,60.6015625,63.933265686035156,67.1092758178711,69.74095153808594,69.74095153808594
2019-10-16,2019-09-16,59.42,69.48020935058594,61.55646896362305,61.55646896362305,65.38033294677734,69.48020935058594,73.92369079589844,78.08338928222656,78.08338928222656
2019-10-17,2019-09-17,59.91,66.61109924316406,58.91370391845703,58.91370391845703,62.62324142456055,66.61109924316406,70.6522216796875,74.0365982055664,74.0365982055664
2019-10-18,2019-09-18,59.42,66.96379852294922,60.019866943359375,60.019866943359375,63.344581604003906,66.96379852294922,70.62962341308594,73.70066833496094,73.70066833496094
2019-10-21,2019-09-19,58.96,68.52735900878906,62.418701171875,62.418701171875,65.30647277832031,68.52735900878906,71.80130004882812,74.55662536621094,74.55662536621094
2019-10-22,2019-09-20,59.7,69.13621520996094,63.40795135498047,63.40795135498047,66.09927368164062,69.13621520996094,72.21949768066406,74.854248046875,74.854248046875
2019-10-23,2019-09-23,61.17,69.67085266113281,64.09282684326172,64.09282684326172,66.71292114257812,69.67085266113281,72.65841674804688,75.23448944091797,75.23448944091797
2019-10-24,2019-09-24,61.67,68.69332885742188,63.08353042602539,63.08353042602539,65.726806640625,68.69332885742188,71.66061401367188,74.17144012451172,74.17144012451172
2019-10-25,2019-09-25,62.02,68.1769790649414,62.67667770385742,62.67667770385742,65.28024291992188,68.1769790649414,71.05160522460938,73.49319458007812,73.49319458007812
2019-10-28,2019-09-26,61.57,68.42891693115234,63.25689697265625,63.25689697265625,65.69918823242188,68.42891693115234,71.12802124023438,73.41867065429688,73.41867065429688
2019-10-29,2019-09-27,61.59,67.25926971435547,61.675655364990234,61.675655364990234,64.3369140625,67.25926971435547,70.08589172363281,72.46195983886719,72.46195983886719
2019-10-30,2019-09-30,60.61,66.41669464111328,60.10748291015625,60.10748291015625,63.12676239013672,66.41669464111328,69.51084899902344,72.0423812866211,72.0423812866211
2019-10-31,2019-10-01,60.23,64.81121826171875,57.9571647644043,57.9571647644043,61.274620056152344,64.81121826171875,68.07160949707031,70.71014404296875,70.71014404296875
2019-11-01,2019-10-02,61.69,63.797245025634766,56.70615768432617,56.70615768432617,60.186279296875,63.797245025634766,67.1025161743164,69.7531509399414,69.7531509399414
2019-11-04,2019-10-03,62.13,63.008819580078125,56.143863677978516,56.143863677978516,59.50154113769531,63.008819580078125,66.29905700683594,68.9581527709961,68.9581527709961
2019-11-05,2019-10-04,62.96,63.03994369506836,56.446353912353516,56.446353912353516,59.63857650756836,63.03994369506836,66.30348205566406,68.9444580078125,68.9444580078125
2019-11-06,2019-10-07,61.74,62.98460388183594,56.814022064208984,56.814022064208984,59.79326629638672,62.98460388183594,66.0731201171875,68.59983825683594,68.59983825683594
2019-11-07,2019-10-08,62.29,62.83921813964844,55.98293685913086,55.98293685913086,59.365291595458984,62.83921813964844,66.29438018798828,69.21681213378906,69.21681213378906
2019-11-08,2019-10-09,62.51,62.442020416259766,55.88604736328125,55.88604736328125,59.086265563964844,62.442020416259766,65.79428100585938,68.6787338256836,68.6787338256836
2019-11-11,2019-10-10,62.18,63.245418548583984,56.74103546142578,56.74103546142578,59.90806579589844,63.245418548583984,66.61492919921875,69.54421997070312,69.54421997070312
2019-11-12,2019-10-11,62.06,64.72882843017578,58.299564361572266,58.299564361572266,61.40886688232422,64.72882843017578,68.12158203125,71.04711151123047,71.04711151123047
2019-11-13,2019-10-14,62.37,62.894805908203125,55.993812561035156,55.993812561035156,59.407135009765625,62.894805908203125,66.35098266601562,69.35054016113281,69.35054016113281
2019-11-14,2019-10-15,62.28,61.901451110839844,54.657379150390625,54.657379150390625,58.27164077758789,61.901451110839844,65.50867462158203,68.65950012207031,68.65950012207031
2019-11-15,2019-10-16,63.3,62.69340515136719,55.80360794067383,55.80360794067383,59.203765869140625,62.69340515136719,66.22625732421875,69.32540893554688,69.32540893554688
2019-11-18,2019-10-17,62.44,63.197959899902344,56.60211181640625,56.60211181640625,59.84974670410156,63.197959899902344,66.5992431640625,69.57408905029297,69.57408905029297
2019-11-19,2019-10-18,60.91,62.75017547607422,56.318660736083984,56.318660736083984,59.50507354736328,62.75017547607422,66.02658081054688,68.86912536621094,68.86912536621094
2019-11-20,2019-10-21,62.4,61.96221160888672,55.36979293823242,55.36979293823242,58.64329528808594,61.96221160888672,65.28547668457031,68.15386962890625,68.15386962890625
2019-11-21,2019-10-22,63.97,63.217342376708984,56.682525634765625,56.682525634765625,59.88875961303711,63.217342376708984,66.59484100341797,69.48487854003906,69.48487854003906
2019-11-22,2019-10-23,63.39,64.61719512939453,58.221771240234375,58.221771240234375,61.32649230957031,64.61719512939453,68.00640869140625,70.88058471679688,70.88058471679688
2019-11-25,2019-10-24,63.65,65.30696868896484,59.16233444213867,59.16233444213867,62.15100860595703,65.30696868896484,68.55880737304688,71.31423950195312,71.31423950195312
2019-11-26,2019-10-25,64.27,65.91390991210938,59.917083740234375,59.917083740234375,62.82637405395508,65.91390991210938,69.09477233886719,71.77645874023438,71.77645874023438
2019-11-27,2019-10-28,64.06,66.39772033691406,60.51089096069336,60.51089096069336,63.35586929321289,66.39772033691406,69.4842529296875,72.06977081298828,72.06977081298828
2019-11-29,2019-10-29,62.43,66.29267883300781,60.80733871459961,60.80733871459961,63.47247314453125,66.29267883300781,69.11529541015625,71.50909423828125,71.50909423828125
2019-12-02,2019-10-30,60.92,65.39644622802734,59.23834991455078,59.23834991455078,62.272979736328125,65.39644622802734,68.52091217041016,71.17758178710938,71.17758178710938
2019-12-03,2019-10-31,60.82,65.25540924072266,59.512054443359375,59.512054443359375,62.31159210205078,65.25540924072266,68.18291473388672,70.68579864501953,70.68579864501953
2019-12-04,2019-11-01,63.0,65.99561309814453,60.04830551147461,60.04830551147461,62.94647979736328,65.99561309814453,69.08216857910156,71.72613525390625,71.72613525390625
2019-12-05,2019-11-04,63.39,66.6643295288086,60.747581481933594,60.747581481933594,63.62621307373047,66.6643295288086,69.75296020507812,72.39994812011719,72.39994812011719
2019-12-06,2019-11-05,64.39,66.3737564086914,60.28873062133789,60.28873062133789,63.27119827270508,66.3737564086914,69.49165344238281,72.15033721923828,72.15033721923828
2019-12-09,2019-11-06,64.25,64.10640716552734,57.5496940612793,57.5496940612793,60.81420135498047,64.10640716552734,67.35581970214844,70.16191101074219,70.16191101074219
2019-12-10,2019-11-07,64.34,64.47392272949219,58.144981384277344,58.144981384277344,61.27239227294922,64.47392272949219,67.66197967529297,70.44094848632812,70.44094848632812
2019-12-11,2019-11-08,63.72,65.5553970336914,59.574729919433594,59.574729919433594,62.529052734375,65.5553970336914,68.60179901123047,71.28565216064453,71.28565216064453
2019-12-12,2019-11-11,64.2,65.83829498291016,60.06245422363281,60.06245422363281,62.923179626464844,65.83829498291016,68.7602310180664,71.30332946777344,71.30332946777344
2019-12-13,2019-11-12,65.22,65.56727600097656,59.75965881347656,59.75965881347656,62.62606430053711,65.56727600097656,68.503662109375,71.05220031738281,71.05220031738281
2019-12-16,2019-11-13,65.34,66.32474517822266,60.59853744506836,60.59853744506836,63.418540954589844,66.32474517822266,69.24374389648438,71.78102111816406,71.78102111816406
2019-12-17,2019-11-14,66.1,66.43370819091797,60.7951774597168,60.7951774597168,63.579246520996094,66.43370819091797,69.2884521484375,71.75241088867188,71.75241088867188
2019-12-18,2019-11-15,66.17,67.22502899169922,61.70903015136719,61.70903015136719,64.42752838134766,67.22502899169922,70.00053405761719,72.41355895996094,72.41355895996094
2019-12-19,2019-11-18,66.54,66.2536392211914,60.76619338989258,60.76619338989258,63.505653381347656,66.2536392211914,68.90831756591797,71.2087631225586,71.2087631225586
2019-12-20,2019-11-19,66.14,65.54334259033203,59.711578369140625,59.711578369140625,62.6568717956543,65.54334259033203,68.26451110839844,70.58899688720703,70.58899688720703
2019-12-23,2019-11-20,66.39,65.91604614257812,60.464439392089844,60.464439392089844,63.21305847167969,65.91604614257812,68.51319885253906,70.75592803955078,70.75592803955078
2019-12-24,2019-11-21,67.2,66.49627685546875,60.71466064453125,60.71466064453125,63.61220932006836,66.49627685546875,69.33686065673828,71.78356170654297,71.78356170654297
2019-12-26,2019-11-22,67.92,66.65840911865234,61.25628662109375,61.25628662109375,63.90936279296875,66.65840911865234,69.34996032714844,71.69799041748047,71.69799041748047
2019-12-27,2019-11-25,68.16,66.99376678466797,61.66880416870117,61.66880416870117,64.29924011230469,66.99376678466797,69.66114044189453,72.03089141845703,72.03089141845703
2019-12-30,2019-11-26,68.44,67.1365966796875,61.76504135131836,61.76504135131836,64.43708801269531,67.1365966796875,69.85713195800781,72.31489562988281,72.31489562988281
2019-12-31,2019-11-27,66.0,66.37518310546875,60.69352340698242,60.69352340698242,63.55988693237305,66.37518310546875,69.12676239013672,71.59516143798828,71.59516143798828
2020-01-02,2019-11-29,66.25,64.43737030029297,58.046504974365234,58.046504974365234,61.30880355834961,64.43737030029297,67.42996978759766,70.09400939941406,70.09400939941406
2020-01-03,2019-12-02,68.6,61.80846405029297,54.824737548828125,54.824737548828125,58.430721282958984,61.80846405029297,64.98550415039062,67.80317687988281,67.80317687988281
2020-01-06,2019-12-03,68.91,61.57893371582031,54.73628616333008,54.73628616333008,58.28143310546875,61.57893371582031,64.72825622558594,67.5724105834961,67.5724105834961
2020-01-07,2019-12-04,68.27,63.507850646972656,56.81684494018555,56.81684494018555,60.24064636230469,63.507850646972656,66.65919494628906,69.44879913330078,69.44879913330078
2020-01-08,2019-12-05,65.44,63.79331588745117,57.175453186035156,57.175453186035156,60.518165588378906,63.79331588745117,66.95401763916016,69.72940826416016,69.72940826416016
2020-01-09,2019-12-06,65.37,64.7430648803711,57.89200210571289,57.89200210571289,61.34770202636719,64.7430648803711,68.0197525024414,70.86860656738281,70.86860656738281
2020-01-10,2019-12-09,64.98,64.19308471679688,57.538291931152344,57.538291931152344,60.921051025390625,64.19308471679688,67.3236083984375,70.06477355957031,70.06477355957031
2020-01-13,2019-12-10,64.2,64.26327514648438,57.96992492675781,57.96992492675781,61.1761474609375,64.26327514648438,67.21607208251953,69.82569885253906,69.82569885253906
2020-01-14,2019-12-11,64.49,64.03608703613281,57.87018585205078,57.87018585205078,61.02049255371094,64.03608703613281,66.89875030517578,69.42456817626953,69.42456817626953
2020-01-15,2019-12-12,64.0,65.11137390136719,59.150978088378906,59.150978088378906,62.17555236816406,65.11137390136719,67.94081115722656,70.43323516845703,70.43323516845703
2020-01-16,2019-12-13,64.62,66.11776733398438,60.50002670288086,60.50002670288086,63.34770202636719,66.11776733398438,68.84685516357422,71.25517272949219,71.25517272949219
2020-01-17,2019-12-16,64.85,66.23703002929688,60.54050064086914,60.54050064086914,63.43207550048828,66.23703002929688,69.06845092773438,71.57144165039062,71.57144165039062
2020-01-21,2019-12-17,64.59,68.50436401367188,63.14051818847656,63.14051818847656,65.78768920898438,68.50436401367188,71.24242401123047,73.66290283203125,73.66290283203125
2020-01-22,2019-12-18,63.21,68.51832580566406,63.30665588378906,63.30665588378906,65.88032531738281,68.51832580566406,71.17822265625,73.60974884033203,73.60974884033203
2020-01-23,2019-12-19,62.04,68.48267364501953,63.008140563964844,63.008140563964844,65.71647644042969,68.48267364501953,71.2804946899414,73.83184814453125,73.83184814453125
2020-01-24,2019-12-20,60.69,67.76249694824219,62.006080627441406,62.006080627441406,64.869140625,67.76249694824219,70.60490417480469,73.177001953125,73.177001953125
2020-01-27,2019-12-23,59.32,67.80086517333984,61.68928146362305,61.68928146362305,64.71232604980469,67.80086517333984,70.86361694335938,73.59419250488281,73.59419250488281
2020-01-28,2019-12-24,59.51,69.01412963867188,62.78282165527344,62.78282165527344,65.82618713378906,69.01412963867188,72.24063110351562,75.09666442871094,75.09666442871094
2020-01-29,2019-12-26,59.81,69.30481719970703,62.86955642700195,62.86955642700195,66.02938842773438,69.30481719970703,72.63724517822266,75.59427642822266,75.59427642822266
2020-01-30,2019-12-27,58.29,69.37628173828125,63.080806732177734,63.080806732177734,66.16265869140625,69.37628173828125,72.5907974243164,75.42462158203125,75.42462158203125
2020-01-31,2019-12-30,58.16,70.21552276611328,63.944374084472656,63.944374084472656,67.00927734375,70.21552276611328,73.40597534179688,76.21298217773438,76.21298217773438
2020-02-03,2019-12-31,54.45,66.50474548339844,59.385623931884766,59.385623931884766,62.92937469482422,66.50474548339844,69.91487121582031,72.91447448730469,72.91447448730469
2020-02-04,2020-01-02,53.96,67.22537994384766,60.515987396240234,60.515987396240234,63.86385726928711,67.22537994384766,70.48397827148438,73.34003448486328,73.34003448486328
2020-02-05,2020-01-03,55.28,69.23804473876953,62.55918502807617,62.55918502807617,65.87368774414062,69.23804473876953,72.60578918457031,75.54864501953125,75.54864501953125
2020-02-06,2020-01-06,54.93,70.08995056152344,63.48381042480469,63.48381042480469,66.74466705322266,70.08995056152344,73.47421264648438,76.4419937133789,76.4419937133789
2020-02-07,2020-01-07,54.47,69.64190673828125,63.44062805175781,63.44062805175781,66.48863220214844,69.64190673828125,72.81724548339844,75.64215087890625,75.64215087890625
2020-02-10,2020-01-08,53.27,66.43489074707031,60.21854782104492,60.21854782104492,63.329627990722656,66.43489074707031,69.41096496582031,72.10662078857422,72.10662078857422
2020-02-11,2020-01-09,54.01,65.54340362548828,59.22261428833008,59.22261428833008,62.421730041503906,65.54340362548828,68.54908752441406,71.31473541259766,71.31473541259766
2020-02-12,2020-01-10,55.79,65.09512329101562,59.36299133300781,59.36299133300781,62.215362548828125,65.09512329101562,67.87591552734375,70.49602508544922,70.49602508544922
2020-02-13,2020-01-13,56.34,63.43218994140625,57.71971893310547,57.71971893310547,60.54485321044922,63.43218994140625,66.2419662475586,68.90259552001953,68.90259552001953
2020-02-14,2020-01-14,57.32,63.303985595703125,57.254276275634766,57.254276275634766,60.27511978149414,63.303985595703125,66.24795532226562,69.0186538696289,69.0186538696289
2020-02-18,2020-01-15,57.75,63.63576889038086,57.26260757446289,57.26260757446289,60.47608184814453,63.63576889038086,66.6989517211914,69.53741455078125,69.53741455078125
2020-02-19,2020-01-16,59.12,64.2628173828125,57.890357971191406,57.890357971191406,61.091949462890625,64.2628173828125,67.41179656982422,70.31768035888672,70.31768035888672
2020-02-20,2020-01-17,59.31,65.0223388671875,58.80624008178711,58.80624008178711,61.91541290283203,65.0223388671875,68.15327453613281,71.05686950683594,71.05686950683594
2020-02-21,2020-01-21,58.5,64.49726104736328,58.2729377746582,58.2729377746582,61.41366195678711,64.49726104736328,67.58979797363281,70.49486541748047,70.49486541748047
2020-02-24,2020-01-22,56.3,63.672943115234375,57.28651428222656,57.28651428222656,60.51866912841797,63.672943115234375,66.76473999023438,69.63662719726562,69.63662719726562
2020-02-25,2020-01-23,54.95,62.8614501953125,56.21118927001953,56.21118927001953,59.57991027832031,62.8614501953125,66.04393005371094,68.9609375,68.9609375
2020-02-26,2020-01-24,53.43,61.73994827270508,54.39698028564453,54.39698028564453,58.14344787597656,61.73994827270508,65.16432189941406,68.22825622558594,68.22825622558594
2020-02-27,2020-01-27,52.18,60.60381317138672,52.77173614501953,52.77173614501953,56.802490234375,60.60381317138672,64.14654541015625,67.23043823242188,67.23043823242188
2020-02-28,2020-01-28,50.52,60.35467529296875,52.825164794921875,52.825164794921875,56.69837188720703,60.35467529296875,63.81696319580078,66.8833236694336,66.8833236694336
2020-03-02,2020-01-29,51.9,60.053653717041016,52.677005767822266,52.677005767822266,56.45597457885742,60.053653717041016,63.5030517578125,66.59306335449219,66.59306335449219
2020-03-03,2020-01-30,51.86,57.87052917480469,50.27986145019531,50.27986145019531,54.16827392578125,57.87052917480469,61.400062561035156,64.56423950195312,64.56423950195312
2020-03-04,2020-01-31,51.13,56.839111328125,49.45594787597656,49.45594787597656,53.22547149658203,56.839111328125,60.3457145690918,63.53535842895508,63.53535842895508
2020-03-05,2020-02-03,49.99,53.23063278198242,43.81448745727539,43.81448745727539,48.68474578857422,53.23063278198242,57.327537536621094,60.912925720214844,60.912925720214844
2020-03-06,2020-02-04,45.27,51.99884033203125,43.510169982910156,43.510169982910156,47.81617736816406,51.99884033203125,55.87097930908203,59.43376159667969,59.43376159667969
2020-03-09,2020-02-05,34.36,52.08290481567383,44.43009567260742,44.43009567260742,48.28648376464844,52.08290481567383,55.74810028076172,59.20895004272461,59.20895004272461
2020-03-10,2020-02-06,37.22,51.68998336791992,44.31014633178711,44.31014633178711,48.014068603515625,51.68998336791992,55.342010498046875,58.835662841796875,58.835662841796875
2020-03-11,2020-02-07,35.79,51.50090789794922,43.53253936767578,43.53253936767578,47.54603576660156,51.50090789794922,55.43558120727539,59.06792449951172,59.06792449951172
2020-03-12,2020-02-10,33.22,50.97662353515625,42.39927673339844,42.39927673339844,46.75443649291992,50.97662353515625,55.19512176513672,59.05473709106445,59.05473709106445
2020-03-13,2020-02-11,33.85,54.132022857666016,45.913658142089844,45.913658142089844,50.09267044067383,54.132022857666016,58.1612548828125,61.82157516479492,61.82157516479492
2020-03-16,2020-02-12,30.05,55.6862678527832,47.87196731567383,47.87196731567383,51.78844451904297,55.6862678527832,59.57217025756836,63.0776252746582,63.0776252746582
2020-03-17,2020-02-13,28.73,56.9819450378418,49.370147705078125,49.370147705078125,53.18310546875,56.9819450378418,60.76226043701172,64.08889770507812,64.08889770507812
2020-03-18,2020-02-14,24.88,58.230690002441406,50.62554168701172,50.62554168701172,54.403846740722656,58.230690002441406,62.08273696899414,65.43488311767578,65.43488311767578
2020-03-19,2020-02-18,28.47,58.483192443847656,50.56983947753906,50.56983947753906,54.51390075683594,58.483192443847656,62.425594329833984,65.81826782226562,65.81826782226562
2020-03-20,2020-02-19,26.98,60.522064208984375,52.972999572753906,52.972999572753906,56.69809341430664,60.522064208984375,64.32552337646484,67.56179809570312,67.56179809570312
2020-03-23,2020-02-20,27.03,60.330570220947266,53.02610778808594,53.02610778808594,56.65415954589844,60.330570220947266,63.91660690307617,67.00210571289062,67.00210571289062
2020-03-24,2020-02-21,27.15,58.70927429199219,51.39802932739258,51.39802932739258,55.065956115722656,58.70927429199219,62.209510803222656,65.25572967529297,65.25572967529297
2020-03-25,2020-02-24,27.39,55.35200500488281,47.15735626220703,47.15735626220703,51.309810638427734,55.35200500488281,59.18851852416992,62.49507141113281,62.49507141113281
2020-03-26,2020-02-25,26.34,52.572296142578125,44.276947021484375,44.276947021484375,48.46784973144531,52.572296142578125,56.54026794433594,60.0042839050293,60.0042839050293
2020-03-27,2020-02-26,24.93,51.91389083862305,42.77663040161133,42.77663040161133,47.44137191772461,51.91389083862305,56.187522888183594,59.86561584472656,59.86561584472656
2020-03-30,2020-02-27,22.76,49.143775939941406,40.32350158691406,40.32350158691406,44.757102966308594,49.143775939941406,53.37362289428711,57.1700325012207,57.1700325012207
2020-03-31,2020-02-28,22.74,46.85940170288086,38.07992935180664,38.07992935180664,42.498497009277344,46.85940170288086,51.04315948486328,54.84561538696289,54.84561538696289
2020-04-01,2020-03-02,24.74,48.699378967285156,40.68846130371094,40.68846130371094,44.707786560058594,48.699378967285156,52.702392578125,56.40713119506836,56.40713119506836
2020-04-02,2020-03-03,29.94,49.268802642822266,41.013526916503906,41.013526916503906,45.16991424560547,49.268802642822266,53.39851379394531,57.1296272277832,57.1296272277832
2020-04-03,2020-03-04,34.11,48.70823669433594,40.38079833984375,40.38079833984375,44.56658935546875,48.70823669433594,52.94926452636719,56.83128356933594,56.83128356933594
2020-04-06,2020-03-05,33.05,49.036460876464844,40.41127014160156,40.41127014160156,44.776100158691406,49.036460876464844,53.365821838378906,57.33907699584961,57.33907699584961
2020-04-07,2020-03-06,31.87,44.29955291748047,33.97393798828125,33.97393798828125,39.24311828613281,44.29955291748047,49.07731246948242,53.393409729003906,53.393409729003906
2020-04-08,2020-03-09,32.84,36.062416076660156,22.09058380126953,22.09058380126953,29.22526741027832,36.062416076660156,42.120262145996094,47.38774108886719,47.38774108886719
2020-04-09,2020-03-10,31.48,37.95671081542969,26.469764709472656,26.469764709472656,32.237152099609375,37.95671081542969,43.41891860961914,48.33140182495117,48.33140182495117
2020-04-13,2020-03-11,31.74,36.529014587402344,25.014358520507812,25.014358520507812,30.716917037963867,36.529014587402344,42.326560974121094,47.58527374267578,47.58527374267578
2020-04-14,2020-03-12,29.6,34.075157165527344,21.277118682861328,21.277118682861328,27.58306884765625,34.075157165527344,40.48028564453125,46.19219970703125,46.19219970703125
2020-04-15,2020-03-13,27.69,34.81331253051758,23.575660705566406,23.575660705566406,29.0166072845459,34.81331253051758,40.853797912597656,46.45069122314453,46.45069122314453
2020-04-16,2020-03-16,27.82,32.4643669128418,20.878604888916016,20.878604888916016,26.471872329711914,32.4643669128418,38.44847106933594,43.97289276123047,43.97289276123047
2020-04-17,2020-03-17,28.08,31.346378326416016,20.426319122314453,20.426319122314453,25.724576950073242,31.346378326416016,36.91447830200195,42.06321716308594,42.06321716308594
2020-04-20,2020-03-18,25.57,27.06548309326172,15.72696304321289,15.72696304321289,21.27134132385254,27.06548309326172,32.61920166015625,37.690574645996094,37.690574645996094
2020-04-21,2020-03-19,19.33,29.535236358642578,17.26880645751953,17.26880645751953,23.198978424072266,29.535236358642578,36.202667236328125,42.39402770996094,42.39402770996094
2020-04-22,2020-03-20,20.37,28.024642944335938,16.564903259277344,16.564903259277344,22.053071975708008,28.024642944335938,34.43174362182617,40.52627944946289,40.52627944946289
2020-04-23,2020-03-23,21.33,27.441303253173828,17.189125061035156,17.189125061035156,22.057233810424805,27.441303253173828,33.33048629760742,39.064292907714844,39.064292907714844
2020-04-24,2020-03-24,21.44,25.044212341308594,15.797080993652344,15.797080993652344,20.22450065612793,25.044212341308594,30.409549713134766,35.747955322265625,35.747955322265625
2020-04-27,2020-03-25,19.99,24.451053619384766,15.072227478027344,15.072227478027344,19.545440673828125,24.451053619384766,30.03682518005371,35.59874725341797,35.59874725341797
2020-04-28,2020-03-26,20.46,23.48516082763672,13.753467559814453,13.753467559814453,18.401302337646484,23.48516082763672,28.98549461364746,34.38609313964844,34.38609313964844
2020-04-29,2020-03-27,22.54,22.041248321533203,11.642616271972656,11.642616271972656,16.661598205566406,22.041248321533203,27.695804595947266,33.210662841796875,33.210662841796875
2020-04-30,2020-03-30,25.27,20.432178497314453,9.388072967529297,9.388072967529297,14.855987548828125,20.432178497314453,26.08771514892578,31.503299713134766,31.503299713134766
2020-05-01,2020-03-31,26.44,19.34994888305664,9.052001953125,9.052001953125,14.016672134399414,19.34994888305664,24.743680953979492,30.037311553955078,30.037311553955078
2020-05-04,2020-04-01,27.2,21.626766204833984,12.154495239257812,12.154495239257812,16.68267822265625,21.626766204833984,26.894001007080078,32.092872619628906,32.092872619628906
2020-05-05,2020-04-02,30.97,28.755165100097656,17.724456787109375,17.724456787109375,23.075088500976562,28.755165100097656,35.148658752441406,41.047332763671875,41.047332763671875
2020-05-06,2020-04-03,29.72,33.1246452331543,20.127883911132812,20.127883911132812,26.51953887939453,33.1246452331543,40.33964538574219,46.774383544921875,46.774383544921875
2020-05-07,2020-04-06,29.46,31.375202178955078,20.744007110595703,20.744007110595703,25.855764389038086,31.375202178955078,37.606346130371094,43.32159423828125,43.32159423828125
2020-05-08,2020-04-07,30.97,30.848331451416016,20.796863555908203,20.796863555908203,25.617467880249023,30.848331451416016,36.74951934814453,42.23121643066406,42.23121643066406
2020-05-11,2020-04-08,29.63,31.19449234008789,21.436561584472656,21.436561584472656,26.140228271484375,31.19449234008789,36.77265167236328,41.9322509765625,41.9322509765625
2020-05-12,2020-04-09,29.98,26.86492919921875,17.72913360595703,17.72913360595703,22.0913143157959,26.86492919921875,32.00089645385742,36.78031921386719,36.78031921386719
2020-05-13,2020-04-13,29.19,27.17782211303711,16.512908935546875,16.512908935546875,21.63473129272461,27.17782211303711,33.3105354309082,39.03702163696289,39.03702163696289
2020-05-14,2020-04-14,31.13,25.461959838867188,15.096790313720703,15.096790313720703,20.070480346679688,25.461959838867188,31.240341186523438,36.636436462402344,36.636436462402344
2020-05-15,2020-04-15,32.5,23.933311462402344,14.157440185546875,14.157440185546875,18.832754135131836,23.933311462402344,29.335161209106445,34.4155158996582,34.4155158996582
2020-05-18,2020-04-16,34.81,22.94540786743164,13.614875793457031,13.614875793457031,18.073942184448242,22.94540786743164,27.953447341918945,32.68501281738281,32.68501281738281
2020-05-19,2020-04-17,34.65,23.186115264892578,14.132381439208984,14.132381439208984,18.52157211303711,23.186115264892578,28.10523796081543,32.74444580078125,32.74444580078125
2020-05-20,2020-04-20,35.75,22.160018920898438,12.63735580444336,12.63735580444336,17.26764488220215,22.160018920898438,27.076326370239258,31.614295959472656,31.614295959472656
2020-05-21,2020-04-21,36.06,17.452556610107422,4.959419250488281,4.959419250488281,11.217872619628906,17.452556610107422,23.48097801208496,28.863903045654297,28.863903045654297
2020-05-22,2020-04-22,35.13,18.11458969116211,6.580833435058594,6.580833435058594,12.352920532226562,18.11458969116211,23.88008689880371,29.071380615234375,29.071380615234375
2020-05-26,2020-04-23,36.17,18.98305892944336,8.949897766113281,8.949897766113281,13.853630065917969,18.98305892944336,24.385086059570312,29.355445861816406,29.355445861816406
2020-05-27,2020-04-24,34.74,18.493213653564453,8.030349731445312,8.030349731445312,13.218530654907227,18.493213653564453,24.097728729248047,29.207550048828125,29.207550048828125
2020-05-28,2020-04-27,35.29,18.188308715820312,5.329044342041016,5.329044342041016,11.931516647338867,18.188308715820312,24.765789031982422,30.612060546875,30.612060546875
2020-05-29,2020-04-28,35.33,19.11605453491211,5.329441070556641,5.329441070556641,12.394664764404297,19.11605453491211,26.254854202270508,32.575279235839844,32.575279235839844
2020-06-01,2020-04-29,38.32,20.582996368408203,8.211688995361328,8.211688995361328,14.415084838867188,20.582996368408203,27.502283096313477,33.74015426635742,33.74015426635742
2020-06-02,2020-04-30,39.57,23.415874481201172,10.106834411621094,10.106834411621094,16.665462493896484,23.415874481201172,31.022430419921875,37.843406677246094,37.843406677246094
2020-06-03,2020-05-01,39.79,24.188617706298828,10.995185852050781,10.995185852050781,17.53911018371582,24.188617706298828,31.368087768554688,37.79372787475586,37.79372787475586
2020-06-04,2020-05-04,39.99,23.144065856933594,11.679584503173828,11.679584503173828,17.247323989868164,23.144065856933594,29.376684188842773,34.99797439575195,34.99797439575195
2020-06-05,2020-05-05,42.3,26.281314849853516,12.40683364868164,12.40683364868164,19.112655639648438,26.281314849853516,33.89947509765625,40.712379455566406,40.712379455566406
2020-06-08,2020-05-06,40.8,24.64897918701172,12.833126068115234,12.833126068115234,18.519794464111328,24.64897918701172,30.93368148803711,36.609378814697266,36.609378814697266
2020-06-09,2020-05-07,41.18,24.29024887084961,14.025306701660156,14.025306701660156,18.915369033813477,24.29024887084961,29.843494415283203,34.97135925292969,34.97135925292969
2020-06-10,2020-05-08,41.73,24.383018493652344,14.424365997314453,14.424365997314453,19.18511962890625,24.383018493652344,29.753015518188477,34.73419189453125,34.73419189453125
2020-06-11,2020-05-11,38.55,24.660717010498047,15.245903015136719,15.245903015136719,19.739992141723633,24.660717010498047,29.71829605102539,34.36592102050781,34.36592102050781
2020-06-12,2020-05-12,38.73,26.63962173461914,17.844039916992188,17.844039916992188,22.020809173583984,26.63962173461914,31.30171775817871,35.563846588134766,35.563846588134766
2020-06-15,2020-05-13,39.72,26.410736083984375,16.614707946777344,16.614707946777344,21.393390655517578,26.410736083984375,31.375463485717773,35.841087341308594,35.841087341308594
2020-06-16,2020-05-14,40.96,28.25302505493164,18.20446014404297,18.20446014404297,23.1263427734375,28.25302505493164,33.35017013549805,37.8405647277832,37.8405647277832
2020-06-17,2020-05-15,40.71,30.82339859008789,20.470157623291016,20.470157623291016,25.5310115814209,30.82339859008789,36.08913040161133,40.69926452636719,40.69926452636719
2020-06-18,2020-05-18,41.51,33.63853073120117,21.527198791503906,21.527198791503906,27.45401382446289,33.63853073120117,39.78627014160156,45.046180725097656,45.046180725097656
2020-06-19,2020-05-19,42.19,32.59919738769531,20.93471908569336,20.93471908569336,26.707061767578125,32.59919738769531,38.376808166503906,43.363502502441406,43.363502502441406
2020-06-22,2020-05-20,43.08,33.140174865722656,20.935405731201172,20.935405731201172,26.987375259399414,33.140174865722656,39.20793533325195,44.45813751220703,44.45813751220703
2020-06-23,2020-05-21,42.63,32.46036148071289,21.029708862304688,21.029708862304688,26.69425392150879,32.46036148071289,38.15598678588867,43.09840393066406,43.09840393066406
2020-06-24,2020-05-22,40.31,31.697484970092773,20.412986755371094,20.412986755371094,25.97245979309082,31.697484970092773,37.3819580078125,42.361480712890625,42.361480712890625
2020-06-25,2020-05-26,41.05,31.887828826904297,20.45528793334961,20.45528793334961,26.029766082763672,31.887828826904297,37.764278411865234,42.857208251953125,42.857208251953125
2020-06-26,2020-05-27,41.02,29.074569702148438,19.386035919189453,19.386035919189453,24.088123321533203,29.074569702148438,34.046531677246094,38.45682144165039,38.45682144165039
2020-06-29,2020-05-28,41.71,31.204875946044922,20.519695281982422,20.519695281982422,25.81679344177246,31.204875946044922,36.50807571411133,41.16849899291992,41.16849899291992
2020-06-30,2020-05-29,41.15,31.72005844116211,21.48244857788086,21.48244857788086,26.54823112487793,31.72005844116211,36.78633499145508,41.22767639160156,41.22767639160156
2020-07-01,2020-06-01,42.03,35.266639709472656,24.155376434326172,24.155376434326172,29.58260726928711,35.266639709472656,40.90984344482422,45.810638427734375,45.810638427734375
2020-07-02,2020-06-02,43.14,37.04031753540039,25.519424438476562,25.519424438476562,31.16329574584961,37.04031753540039,42.856117248535156,47.88965606689453,47.88965606689453
2020-07-06,2020-06-03,43.1,38.610111236572266,27.815093994140625,27.815093994140625,33.11231994628906,38.610111236572266,43.94580078125,48.530982971191406,48.530982971191406
2020-07-07,2020-06-04,43.08,39.96416473388672,29.981876373291016,29.981876373291016,34.879478454589844,39.96416473388672,44.87565231323242,49.142723083496094,49.142723083496094
2020-07-08,2020-06-05,43.29,42.74771499633789,31.44853973388672,31.44853973388672,37.07304382324219,42.74771499633789,48.322784423828125,53.10519790649414,53.10519790649414
2020-07-09,2020-06-08,42.35,41.6159553527832,31.643827438354492,31.643827438354492,36.63548278808594,41.6159553527832,46.36475372314453,50.4761848449707,50.4761848449707
2020-07-10,2020-06-09,43.24,43.03468322753906,33.008087158203125,33.008087158203125,38.05799865722656,43.03468322753906,47.70927429199219,51.782493591308594,51.782493591308594
2020-07-13,2020-06-10,42.72,43.600067138671875,33.100738525390625,33.100738525390625,38.386985778808594,43.600067138671875,48.47629928588867,52.69530487060547,52.69530487060547
2020-07-14,2020-06-11,42.9,38.69524383544922,27.094730377197266,27.094730377197266,32.937721252441406,38.69524383544922,44.0145149230957,48.63706970214844,48.63706970214844
2020-07-15,2020-06-12,43.79,39.39419174194336,27.566375732421875,27.566375732421875,33.56462860107422,39.39419174194336,44.74873352050781,49.35138702392578,49.35138702392578
2020-07-16,2020-06-15,43.37,40.554466247558594,29.640243530273438,29.640243530273438,35.156333923339844,40.554466247558594,45.576683044433594,49.85930633544922,49.85930633544922
2020-07-17,2020-06-16,43.14,42.789878845214844,32.14399719238281,32.14399719238281,37.506553649902344,42.789878845214844,47.727420806884766,51.89331817626953,51.89331817626953
2020-07-20,2020-06-17,43.28,42.430416107177734,31.980449676513672,31.980449676513672,37.20875930786133,42.430416107177734,47.32537841796875,51.47979736328125,51.47979736328125
2020-07-21,2020-06-18,44.32,43.806297302246094,34.86480712890625,34.86480712890625,39.252891540527344,43.806297302246094,48.16156005859375,51.90774154663086,51.90774154663086
2020-07-22,2020-06-19,44.29,44.80595016479492,35.8521728515625,35.8521728515625,40.273712158203125,44.80595016479492,49.107093811035156,52.83152389526367,52.83152389526367
2020-07-23,2020-06-22,43.31,46.56421661376953,38.33302688598633,38.33302688598633,42.38615417480469,46.56421661376953,50.619117736816406,54.16844940185547,54.16844940185547
2020-07-24,2020-06-23,43.34,46.08592224121094,37.88648223876953,37.88648223876953,41.94217300415039,46.08592224121094,50.05087661743164,53.5693473815918,53.5693473815918
2020-07-27,2020-06-24,43.41,43.489967346191406,34.420570373535156,34.420570373535156,38.939483642578125,43.489967346191406,47.77941131591797,51.60581970214844,51.60581970214844
2020-07-28,2020-06-25,43.22,43.706233978271484,34.72517776489258,34.72517776489258,39.23653793334961,43.706233978271484,47.94758605957031,51.70234680175781,51.70234680175781
2020-07-29,2020-06-26,43.75,43.933929443359375,35.635440826416016,35.635440826416016,39.81404495239258,43.933929443359375,47.89146423339844,51.38909149169922,51.38909149169922
2020-07-30,2020-06-29,42.94,44.596412658691406,35.910301208496094,35.910301208496094,40.33934783935547,44.596412658691406,48.6729736328125,52.2437858581543,52.2437858581543
2020-07-31,2020-06-30,43.3,43.714542388916016,35.566917419433594,35.566917419433594,39.678504943847656,43.714542388916016,47.50183868408203,50.82135772705078,50.82135772705078
2020-08-03,2020-07-01,44.15,44.91145706176758,36.70109558105469,36.70109558105469,40.82621765136719,44.91145706176758,48.75330352783203,52.08393096923828,52.08393096923828
2020-08-04,2020-07-02,44.43,46.30116271972656,37.9338264465332,37.9338264465332,42.14814758300781,46.30116271972656,50.27063751220703,53.7094841003418,53.7094841003418
2020-08-05,2020-07-06,45.17,46.33314514160156,38.255279541015625,38.255279541015625,42.29411315917969,46.33314514160156,50.18833923339844,53.53538513183594,53.53538513183594
2020-08-06,2020-07-07,45.09,46.237693786621094,38.15402603149414,38.15402603149414,42.23978805541992,46.237693786621094,49.965171813964844,53.188114166259766,53.188114166259766
2020-08-07,2020-07-08,44.4,46.69926071166992,38.86679458618164,38.86679458618164,42.782737731933594,46.69926071166992,50.332183837890625,53.450870513916016,53.450870513916016
2020-08-10,2020-07-09,44.99,45.93089294433594,37.85858917236328,37.85858917236328,41.88053894042969,45.93089294433594,49.63966369628906,52.83052062988281,52.83052062988281
2020-08-11,2020-07-10,44.5,46.98065948486328,39.20689392089844,39.20689392089844,43.04802703857422,46.98065948486328,50.65873336791992,53.82249069213867,53.82249069213867
2020-08-12,2020-07-13,45.43,47.11433792114258,40.70370101928711,40.70370101928711,43.8326416015625,47.11433792114258,50.22004318237305,52.887779235839844,52.887779235839844
2020-08-13,2020-07-14,44.96,46.5887565612793,39.994285583496094,39.994285583496094,43.23497009277344,46.5887565612793,49.78990936279297,52.58250045776367,52.58250045776367
2020-08-14,2020-07-15,44.8,48.082359313964844,41.483924865722656,41.483924865722656,44.72858428955078,48.082359313964844,51.37064743041992,54.28240203857422,54.28240203857422
2020-08-17,2020-07-16,45.37,47.11726379394531,40.50139617919922,40.50139617919922,43.78044128417969,47.11726379394531,50.357696533203125,53.25677490234375,53.25677490234375
2020-08-18,2020-07-17,45.46,46.304481506347656,39.42568588256836,39.42568588256836,42.824859619140625,46.304481506347656,49.67733383178711,52.76369094848633,52.76369094848633
2020-08-19,2020-07-20,45.37,45.64967346191406,38.707237243652344,38.707237243652344,42.16809844970703,45.64967346191406,48.99730682373047,52.065277099609375,52.065277099609375
2020-08-20,2020-07-21,44.9,46.47399139404297,39.919891357421875,39.919891357421875,43.19049072265625,46.47399139404297,49.73503494262695,52.755699157714844,52.755699157714844
2020-08-21,2020-07-22,44.35,46.94335174560547,40.16865921020508,40.16865921020508,43.55617904663086,46.94335174560547,50.256248474121094,53.33094787597656,53.33094787597656
2020-08-24,2020-07-23,45.13,46.20132064819336,39.8228759765625,39.8228759765625,42.990169525146484,46.20132064819336,49.25217819213867,52.05759811401367,52.05759811401367
2020-08-25,2020-07-24,45.86,46.01949691772461,39.47383117675781,39.47383117675781,42.724281311035156,46.01949691772461,49.165283203125,52.07771301269531,52.07771301269531
2020-08-26,2020-07-27,45.64,45.36299133300781,38.28954315185547,38.28954315185547,41.828834533691406,45.36299133300781,48.72538375854492,51.86404800415039,51.86404800415039
2020-08-27,2020-07-28,45.09,45.60826110839844,38.69074249267578,38.69074249267578,42.157135009765625,45.60826110839844,48.88134765625,51.94011306762695,51.94011306762695
2020-08-28,2020-07-29,45.05,46.33131790161133,39.29833984375,39.29833984375,42.856956481933594,46.33131790161133,49.626502990722656,52.71074676513672,52.71074676513672
2020-08-31,2020-07-30,45.28,45.35275650024414,38.319732666015625,38.319732666015625,41.83053207397461,45.35275650024414,48.636993408203125,51.697601318359375,51.697601318359375
2020-09-01,2020-07-31,45.58,45.82818603515625,39.03004455566406,39.03004455566406,42.39170837402344,45.82818603515625,49.061363220214844,52.032066345214844,52.032066345214844
2020-09-02,2020-08-03,44.43,46.7550163269043,39.97996139526367,39.97996139526367,43.33966827392578,46.7550163269043,50.03041076660156,52.96082305908203,52.96082305908203
2020-09-03,2020-08-04,44.07,47.31951904296875,41.539798736572266,41.539798736572266,44.393428802490234,47.31951904296875,50.21574783325195,52.779869079589844,52.779869079589844
2020-09-04,2020-08-05,42.66,47.116336822509766,41.1204833984375,41.1204833984375,44.133811950683594,47.116336822509766,50.07594299316406,52.737022399902344,52.737022399902344
2020-09-08,2020-08-06,39.78,46.629249572753906,40.334922790527344,40.334922790527344,43.504329681396484,46.629249572753906,49.696311950683594,52.502498626708984,52.502498626708984
2020-09-09,2020-08-07,40.79,45.33613586425781,38.63752746582031,38.63752746582031,42.0228157043457,45.33613586425781,48.548805236816406,51.49603271484375,51.49603271484375
2020-09-10,2020-08-10,40.06,46.250301361083984,39.479713439941406,39.479713439941406,42.90019226074219,46.250301361083984,49.55946350097656,52.658935546875,52.658935546875
2020-09-11,2020-08-11,39.83,45.04705810546875,37.85169219970703,37.85169219970703,41.54115295410156,45.04705810546875,48.407958984375,51.56239700317383,51.56239700317383
2020-09-14,2020-08-12,39.61,46.426204681396484,39.831974029541016,39.831974029541016,43.206260681152344,46.426204681396484,49.647796630859375,52.6799201965332,52.6799201965332
2020-09-15,2020-08-13,40.53,46.306941986083984,39.618064880371094,39.618064880371094,43.03314971923828,46.306941986083984,49.51719665527344,52.532562255859375,52.532562255859375
2020-09-16,2020-08-14,42.22,46.77402114868164,40.449363708496094,40.449363708496094,43.64262008666992,46.77402114868164,49.84218215942383,52.683616638183594,52.683616638183594
2020-09-17,2020-08-17,43.3,46.963462829589844,40.49239730834961,40.49239730834961,43.759788513183594,46.963462829589844,50.15077590942383,53.13267135620117,53.13267135620117
2020-09-18,2020-08-18,43.15,46.16279220581055,39.307334899902344,39.307334899902344,42.812103271484375,46.16279220581055,49.413795471191406,52.453033447265625,52.453033447265625
2020-09-21,2020-08-19,41.44,45.97957229614258,39.1451416015625,39.1451416015625,42.66329574584961,45.97957229614258,49.128231048583984,52.04384231567383,52.04384231567383
2020-09-22,2020-08-20,41.72,45.245941162109375,37.703155517578125,37.703155517578125,41.65430450439453,45.245941162109375,48.52872085571289,51.55181884765625,51.55181884765625
2020-09-23,2020-08-21,41.77,44.54469680786133,37.02417755126953,37.02417755126953,40.9184684753418,44.54469680786133,47.826900482177734,50.83497619628906,50.83497619628906
2020-09-24,2020-08-24,41.94,45.8820686340332,38.8182487487793,38.8182487487793,42.47229766845703,45.8820686340332,49.03437423706055,51.91781997680664,51.91781997680664
2020-09-25,2020-08-25,41.92,46.76959228515625,39.68379211425781,39.68379211425781,43.36326217651367,46.76959228515625,49.97629928588867,52.8782844543457,52.8782844543457
2020-09-28,2020-08-26,42.43,46.203426361083984,39.79981231689453,39.79981231689453,43.082733154296875,46.203426361083984,49.184669494628906,51.914066314697266,51.914066314697266
2020-09-29,2020-08-27,41.03,43.623653411865234,36.369056701660156,36.369056701660156,40.208839416503906,43.623653411865234,46.79547882080078,49.69810485839844,49.69810485839844
2020-09-30,2020-08-28,40.95,43.062721252441406,35.9141731262207,35.9141731262207,39.67213439941406,43.062721252441406,46.220245361328125,49.119659423828125,49.119659423828125
2020-10-01,2020-08-31,40.93,43.59572219848633,36.79606628417969,36.79606628417969,40.35263442993164,43.59572219848633,46.663482666015625,49.51139831542969,49.51139831542969
2020-10-02,2020-09-01,39.27,44.248294830322266,37.464847564697266,37.464847564697266,41.011497497558594,44.248294830322266,47.34709548950195,50.276756286621094,50.276756286621094
2020-10-05,2020-09-02,41.29,42.483863830566406,35.00414276123047,35.00414276123047,38.94501876831055,42.483863830566406,45.72071838378906,48.715518951416016,48.715518951416016
2020-10-06,2020-09-03,42.65,42.172664642333984,34.8454475402832,34.8454475402832,38.67255401611328,42.172664642333984,45.39666748046875,48.41042709350586,48.41042709350586
2020-10-07,2020-09-04,41.99,40.90470886230469,33.042537689208984,33.042537689208984,37.16633605957031,40.90470886230469,44.22393798828125,47.28814697265625,47.28814697265625
2020-10-08,2020-09-08,43.34,37.48014831542969,28.051969528198242,28.051969528198242,32.94339370727539,37.48014831542969,41.419532775878906,44.934959411621094,44.934959411621094
2020-10-09,2020-09-09,42.85,37.73447799682617,29.02204704284668,29.02204704284668,33.49305725097656,37.73447799682617,41.54343795776367,44.976070404052734,44.976070404052734
2020-10-12,2020-09-10,41.72,35.79888916015625,26.47765350341797,26.47765350341797,31.24609375,35.79888916015625,39.913673400878906,43.6533203125,43.6533203125
2020-10-13,2020-09-11,42.45,35.65363311767578,26.49093246459961,26.49093246459961,31.180927276611328,35.65363311767578,39.70802307128906,43.39238739013672,43.39238739013672
2020-10-14,2020-09-14,43.32,35.409629821777344,25.520549774169922,25.520549774169922,30.620983123779297,35.409629821777344,39.74024200439453,43.640533447265625,43.640533447265625
2020-10-15,2020-09-15,43.16,37.46247863769531,28.558795928955078,28.558795928955078,33.13827133178711,37.46247863769531,41.42149353027344,45.051292419433594,45.051292419433594
2020-10-16,2020-09-16,42.93,40.44914245605469,31.72357940673828,31.72357940673828,36.237037658691406,40.44914245605469,44.338722229003906,47.855918884277344,47.855918884277344
2020-10-19,2020-09-17,42.62,42.37709045410156,33.870147705078125,33.870147705078125,38.26568603515625,42.37709045410156,46.20063781738281,49.59063720703125,49.59063720703125
2020-10-20,2020-09-18,43.16,41.40605163574219,33.830482482910156,33.830482482910156,37.65170669555664,41.40605163574219,44.878177642822266,47.969825744628906,47.969825744628906
2020-10-21,2020-09-21,41.73,37.69928741455078,29.670286178588867,29.670286178588867,33.78730773925781,37.69928741455078,41.30284881591797,44.57634353637695,44.57634353637695
2020-10-22,2020-09-22,42.46,38.026954650878906,30.233835220336914,30.233835220336914,34.20365905761719,38.026954650878906,41.6164665222168,44.88890838623047,44.88890838623047
2020-10-23,2020-09-23,41.77,39.0089111328125,31.441265106201172,31.441265106201172,35.30165481567383,39.0089111328125,42.51683807373047,45.7347412109375,45.7347412109375
2020-10-26,2020-09-24,40.46,38.9302864074707,31.459247589111328,31.459247589111328,35.26764678955078,38.9302864074707,42.41029357910156,45.626068115234375,45.626068115234375
2020-10-27,2020-09-25,41.2,38.76721954345703,31.132875442504883,31.132875442504883,35.071285247802734,38.76721954345703,42.23286437988281,45.405517578125,45.405517578125
2020-10-28,2020-09-28,39.12,39.90198516845703,32.52687072753906,32.52687072753906,36.34389877319336,39.90198516845703,43.30397033691406,46.481544494628906,46.481544494628906
2020-10-29,2020-09-29,37.65,38.781532287597656,31.36355209350586,31.36355209350586,35.25133514404297,38.781532287597656,42.04447937011719,45.089454650878906,45.089454650878906
2020-10-30,2020-09-30,37.46,38.22760772705078,30.666078567504883,30.666078567504883,34.58000946044922,38.22760772705078,41.6155891418457,44.739036560058594,44.739036560058594
2020-11-02,2020-10-01,38.97,37.20240783691406,29.65203094482422,29.65203094482422,33.530799865722656,37.20240783691406,40.58932876586914,43.70878982543945,43.70878982543945
2020-11-03,2020-10-02,39.71,34.5830192565918,26.0070858001709,26.0070858001709,30.397533416748047,34.5830192565918,38.368377685546875,41.80625915527344,41.80625915527344
2020-11-04,2020-10-05,41.23,37.058258056640625,28.54009437561035,28.54009437561035,32.916961669921875,37.058258056640625,40.80432891845703,44.11433029174805,44.11433029174805
2020-11-05,2020-10-06,40.93,39.106727600097656,29.744571685791016,29.744571685791016,34.57947540283203,39.106727600097656,43.218421936035156,46.72534942626953,46.72534942626953
2020-11-06,2020-10-07,39.45,39.25651168823242,30.519115447998047,30.519115447998047,35.0590934753418,39.25651168823242,43.011260986328125,46.24595642089844,46.24595642089844
2020-11-09,2020-10-08,42.4,41.533653259277344,32.51400375366211,32.51400375366211,37.209007263183594,41.533653259277344,45.40538024902344,48.69778060913086,48.69778060913086
2020-11-10,2020-10-09,43.61,41.319583892822266,32.606483459472656,32.606483459472656,37.16476821899414,41.319583892822266,45.00164794921875,48.13407897949219,48.13407897949219
2020-11-11,2020-10-12,43.8,38.78593444824219,30.63511848449707,30.63511848449707,34.82777786254883,38.78593444824219,42.271697998046875,45.27947998046875,45.27947998046875
2020-11-12,2020-10-13,43.53,39.267547607421875,31.17800521850586,31.17800521850586,35.37400436401367,39.267547607421875,42.731712341308594,45.7083740234375,45.7083740234375
2020-11-13,2020-10-14,42.78,40.45783996582031,32.39228057861328,32.39228057861328,36.502227783203125,40.45783996582031,44.02764892578125,47.11286544799805,47.11286544799805
2020-11-16,2020-10-15,43.82,40.76863479614258,33.121177673339844,33.121177673339844,37.00025939941406,40.76863479614258,44.20432662963867,47.26111602783203,47.26111602783203
2020-11-17,2020-10-16,43.75,40.12876510620117,32.540374755859375,32.540374755859375,36.38646697998047,40.12876510620117,43.523468017578125,46.576873779296875,46.576873779296875
2020-11-18,2020-10-19,44.34,39.45947265625,31.842981338500977,31.842981338500977,35.754722595214844,39.45947265625,42.79798889160156,45.80646896362305,45.80646896362305
2020-11-19,2020-10-20,44.2,39.997703552246094,32.65550231933594,32.65550231933594,36.426719665527344,39.997703552246094,43.27931213378906,46.28333282470703,46.28333282470703
2020-11-20,2020-10-21,44.96,39.019248962402344,31.478349685668945,31.478349685668945,35.40876388549805,39.019248962402344,42.30763244628906,45.30763244628906,45.30763244628906
2020-11-23,2020-10-22,46.06,39.31901931762695,31.84093475341797,31.84093475341797,35.67841339111328,39.31901931762695,42.650997161865234,45.660484313964844,45.660484313964844
2020-11-24,2020-10-23,47.86,38.27674102783203,30.774694442749023,30.774694442749023,34.61233901977539,38.27674102783203,41.583892822265625,44.54769515991211,44.54769515991211
2020-11-25,2020-10-26,48.61,36.429039001464844,28.394229888916016,28.394229888916016,32.50984191894531,36.429039001464844,39.975547790527344,43.12632369995117,43.12632369995117
2020-11-27,2020-10-27,48.18,37.02717590332031,29.198863983154297,29.198863983154297,33.185340881347656,37.02717590332031,40.46059799194336,43.51258850097656,43.51258850097656
2020-11-30,2020-10-28,47.59,35.992431640625,27.151260375976562,27.151260375976562,31.707073211669922,35.992431640625,39.76417541503906,43.01102828979492,43.01102828979492
2020-12-01,2020-10-29,47.42,34.464359283447266,24.959228515625,24.959228515625,29.869251251220703,34.464359283447266,38.44788360595703,41.82961654663086,41.82961654663086
2020-12-02,2020-10-30,48.25,34.01093673706055,24.08561897277832,24.08561897277832,29.21459197998047,34.01093673706055,38.194942474365234,41.726322174072266,41.726322174072266
2020-12-03,2020-11-02,48.71,35.810279846191406,26.732553482055664,26.732553482055664,31.41790008544922,35.810279846191406,39.7161750793457,43.046783447265625,43.046783447265625
2020-12-04,2020-11-03,49.25,36.679988861083984,28.487457275390625,28.487457275390625,32.65290832519531,36.679988861083984,40.31768035888672,43.47621536254883,43.47621536254883
2020-12-07,2020-11-04,48.79,36.80622863769531,27.887449264526367,27.887449264526367,32.419647216796875,36.80622863769531,40.82417297363281,44.35345458984375,44.35345458984375
2020-12-08,2020-11-05,48.84,36.21269607543945,27.793745040893555,27.793745040893555,32.02906799316406,36.21269607543945,40.04267883300781,43.452117919921875,43.452117919921875
2020-12-09,2020-11-06,48.86,35.70257568359375,27.701282501220703,27.701282501220703,31.736583709716797,35.70257568359375,39.415218353271484,42.81179428100586,42.81179428100586
2020-12-10,2020-11-09,50.25,37.7025146484375,29.8942928314209,29.8942928314209,33.796321868896484,37.7025146484375,41.448360443115234,44.898414611816406,44.898414611816406
2020-12-11,2020-11-10,49.97,39.365577697753906,31.182249069213867,31.182249069213867,35.28281784057617,39.365577697753906,43.37722396850586,47.01509475708008,47.01509475708008
2020-12-14,2020-11-11,50.29,40.38108444213867,32.38152313232422,32.38152313232422,36.36918640136719,40.38108444213867,44.33312225341797,47.912845611572266,47.912845611572266
2020-12-15,2020-11-12,50.76,41.14800262451172,33.16333770751953,33.16333770751953,37.151851654052734,41.14800262451172,45.07373046875,48.60110092163086,48.60110092163086
2020-12-16,2020-11-13,51.08,41.75218963623047,34.410255432128906,34.410255432128906,38.02198028564453,41.75218963623047,45.392433166503906,48.655357360839844,48.655357360839844
2020-12-17,2020-11-16,51.5,43.16645050048828,36.537513732910156,36.537513732910156,39.731956481933594,43.16645050048828,46.512271881103516,49.50820541381836,49.50820541381836
2020-12-18,2020-11-17,52.26,43.478878021240234,36.94498062133789,36.94498062133789,40.0880126953125,43.478878021240234,46.760986328125,49.704402923583984,49.704402923583984
2020-12-21,2020-11-18,50.91,44.46661376953125,38.252464294433594,38.252464294433594,41.22343444824219,44.46661376953125,47.61602783203125,50.44303512573242,50.44303512573242
2020-12-22,2020-11-19,50.08,44.840267181396484,38.40641403198242,38.40641403198242,41.52286148071289,44.840267181396484,48.024078369140625,50.83293533325195,50.83293533325195
2020-12-23,2020-11-20,51.2,45.73222351074219,39.292091369628906,39.292091369628906,42.420204162597656,45.73222351074219,48.94561767578125,51.78205871582031,51.78205871582031
2020-12-24,2020-11-23,51.29,46.707679748535156,39.88336181640625,39.88336181640625,43.21501159667969,46.707679748535156,50.08281707763672,53.01883316040039,53.01883316040039
2020-12-28,2020-11-24,50.86,48.24993133544922,41.02264404296875,41.02264404296875,44.51280212402344,48.24993133544922,51.97914123535156,55.232940673828125,55.232940673828125
2020-12-29,2020-11-25,51.09,49.082618713378906,42.383304595947266,42.383304595947266,45.535160064697266,49.082618713378906,52.66082763671875,55.8176383972168,55.8176383972168
2020-12-30,2020-11-27,51.34,48.892555236816406,41.968990325927734,41.968990325927734,45.25239562988281,48.892555236816406,52.53844451904297,55.86069107055664,55.86069107055664
2020-12-31,2020-11-30,51.8,48.81929016113281,42.17563247680664,42.17563247680664,45.322471618652344,48.81929016113281,52.257877349853516,55.419368743896484,55.419368743896484
2021-01-04,2020-12-01,51.09,48.77983856201172,42.52405548095703,42.52405548095703,45.494483947753906,48.77983856201172,52.016029357910156,55.04600524902344,55.04600524902344
2021-01-05,2020-12-02,53.6,49.76415252685547,43.44589614868164,43.44589614868164,46.43825912475586,49.76415252685547,53.050045013427734,56.104583740234375,56.104583740234375
2021-01-06,2020-12-03,54.3,50.67430114746094,44.32826232910156,44.32826232910156,47.34111785888672,50.67430114746094,53.94879150390625,56.92777633666992,56.92777633666992
2021-01-07,2020-12-04,54.38,51.38580322265625,45.027503967285156,45.027503967285156,48.047706604003906,51.38580322265625,54.65435791015625,57.6171989440918,57.6171989440918
2021-01-08,2020-12-07,55.99,51.11799621582031,44.649478912353516,44.649478912353516,47.73121643066406,51.11799621582031,54.41534423828125,57.42066192626953,57.42066192626953
2021-01-11,2020-12-08,55.66,52.30848693847656,46.27328109741211,46.27328109741211,49.16902542114258,52.30848693847656,55.35204315185547,58.10813903808594,58.10813903808594
2021-01-12,2020-12-09,56.58,52.66170883178711,47.02446746826172,47.02446746826172,49.73676300048828,52.66170883178711,55.50575256347656,58.09962844848633,58.09962844848633
2021-01-13,2020-12-10,56.06,54.4055061340332,48.543514251708984,48.543514251708984,51.37269592285156,54.4055061340332,57.44233703613281,60.19896697998047,60.19896697998047
2021-01-14,2020-12-11,56.42,54.710941314697266,48.94140625,48.94140625,51.72344970703125,54.710941314697266,57.70295715332031,60.45001220703125,60.45001220703125
2021-01-15,2020-12-14,55.1,54.95844268798828,49.33753967285156,49.33753967285156,52.0640869140625,54.95844268798828,57.83780288696289,60.458778381347656,60.458778381347656
2021-01-19,2020-12-15,55.9,55.265445709228516,49.87439727783203,49.87439727783203,52.500099182128906,55.265445709228516,58.01113510131836,60.5131950378418,60.5131950378418
2021-01-20,2020-12-16,56.08,55.139320373535156,49.59639358520508,49.59639358520508,52.30060958862305,55.139320373535156,57.86668395996094,60.30950927734375,60.30950927734375
2021-01-21,2020-12-17,56.1,56.00467300415039,50.40621566772461,50.40621566772461,53.12607955932617,56.00467300415039,58.764808654785156,61.23775100708008,61.23775100708008
2021-01-22,2020-12-18,55.41,56.93891906738281,51.73178482055664,51.73178482055664,54.25629425048828,56.93891906738281,59.54939270019531,61.87938690185547,61.87938690185547
2021-01-25,2020-12-21,55.88,55.8578987121582,50.37676239013672,50.37676239013672,53.03579330444336,55.8578987121582,58.56123352050781,61.02369689941406,61.02369689941406
2021-01-26,2020-12-22,55.91,55.6578483581543,50.13140869140625,50.13140869140625,52.80693817138672,55.6578483581543,58.36033630371094,60.80245590209961,60.80245590209961
2021-01-27,2020-12-23,55.81,56.2056770324707,50.88022994995117,50.88022994995117,53.46112823486328,56.2056770324707,58.85839080810547,61.27604293823242,61.27604293823242
2021-01-28,2020-12-24,55.53,55.93498992919922,50.538795471191406,50.538795471191406,53.15665817260742,55.93498992919922,58.625755310058594,61.096595764160156,61.096595764160156
2021-01-29,2020-12-28,55.88,55.32050323486328,49.90812301635742,49.90812301635742,52.537742614746094,55.32050323486328,57.988731384277344,60.4335823059082,60.4335823059082
2021-02-01,2020-12-29,56.35,55.436702728271484,50.034908294677734,50.034908294677734,52.666263580322266,55.436702728271484,58.11500549316406,60.57974624633789,60.57974624633789
2021-02-02,2020-12-30,57.46,55.29979705810547,49.87250518798828,49.87250518798828,52.520286560058594,55.29979705810547,58.03990936279297,60.590145111083984,60.590145111083984
2021-02-03,2020-12-31,58.46,56.351749420166016,51.22935104370117,51.22935104370117,53.72357940673828,56.351749420166016,58.966636657714844,61.36534118652344,61.36534118652344
2021-02-04,2021-01-04,58.84,55.86451721191406,51.04491424560547,51.04491424560547,53.3896369934082,55.86451721191406,58.31331253051758,60.587432861328125,60.587432861328125
2021-02-05,2021-01-05,59.34,58.06789016723633,52.9324836730957,52.9324836730957,55.41282272338867,58.06789016723633,60.79130554199219,63.319915771484375,63.319915771484375
2021-02-08,2021-01-06,60.56,58.67020034790039,53.41399002075195,53.41399002075195,55.93635177612305,58.67020034790039,61.480838775634766,64.09710693359375,64.09710693359375
2021-02-09,2021-01-07,61.09,58.47889709472656,53.30454635620117,53.30454635620117,55.81056213378906,58.47889709472656,61.124977111816406,63.54492950439453,63.54492950439453
2021-02-10,2021-01-08,61.47,59.40694046020508,54.19851303100586,54.19851303100586,56.707801818847656,59.40694046020508,62.12238693237305,64.57949829101562,64.57949829101562
2021-02-11,2021-01-11,61.14,58.96718978881836,53.64152526855469,53.64152526855469,56.228641510009766,58.96718978881836,61.596466064453125,63.93415069580078,63.93415069580078
2021-02-12,2021-01-12,62.43,59.797874450683594,54.2918701171875,54.2918701171875,56.95166015625,59.797874450683594,62.54907989501953,64.99032592773438,64.99032592773438
2021-02-16,2021-01-13,63.35,59.804893493652344,54.810935974121094,54.810935974121094,57.23332977294922,59.804893493652344,62.25444030761719,64.43672180175781,64.43672180175781
2021-02-17,2021-01-14,64.34,60.059879302978516,54.75983428955078,54.75983428955078,57.35394287109375,60.059879302978516,62.66270446777344,65.00614166259766,65.00614166259766
2021-02-18,2021-01-15,63.93,58.95786666870117,53.682594299316406,53.682594299316406,56.26585006713867,58.95786666870117,61.47834777832031,63.73409652709961,63.73409652709961
2021-02-19,2021-01-19,62.91,59.480873107910156,54.32753372192383,54.32753372192383,56.84099578857422,59.480873107910156,61.98169708251953,64.22291564941406,64.22291564941406
2021-02-22,2021-01-20,65.24,59.05126190185547,53.600833892822266,53.600833892822266,56.255126953125,59.05126190185547,61.69076919555664,64.05455017089844,64.05455017089844
2021-02-23,2021-01-21,65.37,58.77182388305664,53.3076286315918,53.3076286315918,55.971309661865234,58.77182388305664,61.40306854248047,63.74346160888672,63.74346160888672
2021-02-24,2021-01-22,67.04,58.14576721191406,52.625614166259766,52.625614166259766,55.3297119140625,58.14576721191406,60.74813461303711,63.06837844848633,63.06837844848633
2021-02-25,2021-01-25,66.88,58.71076965332031,53.30084991455078,53.30084991455078,55.94945526123047,58.71076965332031,61.31180953979492,63.634395599365234,63.634395599365234
2021-02-26,2021-01-26,66.13,59.28723907470703,53.95133590698242,53.95133590698242,56.562957763671875,59.28723907470703,61.824317932128906,64.08381652832031,64.08381652832031
2021-03-01,2021-01-27,63.69,59.183841705322266,54.33543395996094,54.33543395996094,56.713600158691406,59.183841705322266,61.52198028564453,63.61259078979492,63.61259078979492
2021-03-02,2021-01-28,62.7,59.12989807128906,54.046146392822266,54.046146392822266,56.55312728881836,59.12989807128906,61.528934478759766,63.70310592651367,63.70310592651367
2021-03-03,2021-01-29,64.07,59.26105499267578,54.352264404296875,54.352264404296875,56.77511978149414,59.26105499267578,61.5813102722168,63.69276809692383,63.69276809692383
2021-03-04,2021-02-01,66.74,59.567588806152344,54.733489990234375,54.733489990234375,57.13159942626953,59.567588806152344,61.8299560546875,63.87152099609375,63.87152099609375
2021-03-05,2021-02-02,69.36,60.71821594238281,55.879539489746094,55.879539489746094,58.258338928222656,60.71821594238281,63.06281661987305,65.16240692138672,65.16240692138672
2021-03-08,2021-02-03,68.24,61.85370635986328,56.836578369140625,56.836578369140625,59.3082160949707,61.85370635986328,64.31997680664062,66.50833129882812,66.50833129882812
2021-03-09,2021-02-04,67.52,62.476722717285156,57.319400787353516,57.319400787353516,59.858306884765625,62.476722717285156,65.03841400146484,67.34739685058594,67.34739685058594
2021-03-10,2021-02-05,67.9,63.03721618652344,58.2064208984375,58.2064208984375,60.58971405029297,63.03721618652344,65.44004821777344,67.60900115966797,67.60900115966797
2021-03-11,2021-02-08,69.63,64.00524139404297,58.75883102416992,58.75883102416992,61.33448028564453,64.00524139404297,66.67973327636719,69.11490631103516,69.11490631103516
2021-03-12,2021-02-09,69.22,64.78668975830078,59.642181396484375,59.642181396484375,62.152099609375,64.78668975830078,67.42479705810547,69.80075073242188,69.80075073242188
2021-03-15,2021-02-10,68.88,65.2857666015625,59.97696304321289,59.97696304321289,62.57604217529297,65.2857666015625,68.00701141357422,70.46464538574219,70.46464538574219
2021-03-16,2021-02-11,68.39,64.79928588867188,58.82241439819336,58.82241439819336,61.76972961425781,64.79928588867188,67.75835418701172,70.42904663085938,70.42904663085938
2021-03-17,2021-02-12,68.0,66.41046905517578,60.3239860534668,60.3239860534668,63.31365966796875,66.41046905517578,69.48372650146484,72.22645568847656,72.22645568847656
2021-03-18,2021-02-16,63.28,67.7525634765625,61.455726623535156,61.455726623535156,64.52739715576172,67.7525634765625,71.02458953857422,73.9686508178711,73.9686508178711
2021-03-19,2021-02-17,64.53,69.01973724365234,62.20562744140625,62.20562744140625,65.50772094726562,69.01973724365234,72.6583023071289,75.97913360595703,75.97913360595703
2021-03-22,2021-02-18,64.62,67.77677154541016,61.151023864746094,61.151023864746094,64.40760803222656,67.77677154541016,71.07718658447266,74.04119873046875,74.04119873046875
2021-03-23,2021-02-19,60.79,66.6768569946289,60.685768127441406,60.685768127441406,63.633575439453125,66.6768569946289,69.62262725830078,72.28401947021484,72.28401947021484
2021-03-24,2021-02-22,64.41,68.88980865478516,62.92253875732422,62.92253875732422,65.84788513183594,68.88980865478516,71.97036743164062,74.76423645019531,74.76423645019531
2021-03-25,2021-02-23,61.95,69.64318084716797,63.47547912597656,63.47547912597656,66.48551177978516,69.64318084716797,72.83352661132812,75.70806884765625,75.70806884765625
2021-03-26,2021-02-24,64.57,71.12556457519531,64.55941772460938,64.55941772460938,67.73699951171875,71.12556457519531,74.59004974365234,77.70431518554688,77.70431518554688
2021-03-29,2021-02-25,64.98,70.90621948242188,64.5720443725586,64.5720443725586,67.65892028808594,70.90621948242188,74.15432739257812,77.03955841064453,77.03955841064453
2021-03-30,2021-02-26,64.14,70.1765365600586,63.99713897705078,63.99713897705078,67.03572845458984,70.1765365600586,73.21011352539062,75.89195251464844,75.89195251464844
2021-03-31,2021-03-01,63.54,67.87713623046875,61.485496520996094,61.485496520996094,64.61336517333984,67.87713623046875,70.86911010742188,73.53329467773438,73.53329467773438
2021-04-01,2021-03-02,64.86,66.86107635498047,60.86398696899414,60.86398696899414,63.801177978515625,66.86107635498047,69.63842010498047,72.098876953125,72.098876953125
2021-04-05,2021-03-03,62.15,67.06826782226562,60.98598098754883,60.98598098754883,63.96329116821289,67.06826782226562,69.99359130859375,72.62657165527344,72.62657165527344
2021-04-06,2021-03-04,62.74,69.65719604492188,63.02143859863281,63.02143859863281,66.23283386230469,69.65719604492188,73.01551818847656,76.09568786621094,76.09568786621094
2021-04-07,2021-03-05,63.16,72.3739013671875,64.90838623046875,64.90838623046875,68.48728942871094,72.3739013671875,76.39347839355469,80.22586059570312,80.22586059570312
2021-04-08,2021-03-08,63.2,70.78312683105469,63.299983978271484,63.299983978271484,66.97019958496094,70.78312683105469,74.4647216796875,77.83618927001953,77.83618927001953
2021-04-09,2021-03-09,62.95,70.43286895751953,62.98920440673828,62.98920440673828,66.66519165039062,70.43286895751953,74.06914520263672,77.43092346191406,77.43092346191406
2021-04-12,2021-03-10,63.28,71.33403015136719,64.04779052734375,64.04779052734375,67.64764404296875,71.33403015136719,74.94972229003906,78.32345581054688,78.32345581054688
2021-04-13,2021-03-11,63.67,73.01945495605469,65.36795806884766,65.36795806884766,69.11398315429688,73.01945495605469,76.95845031738281,80.6576919555664,80.6576919555664
2021-04-14,2021-03-12,66.58,71.99281311035156,64.51515197753906,64.51515197753906,68.19207000732422,71.99281311035156,75.70616149902344,79.17591857910156,79.17591857910156
2021-04-15,2021-03-15,66.94,71.92826080322266,65.122314453125,65.122314453125,68.47352600097656,71.92826080322266,75.34036254882812,78.57320404052734,78.57320404052734
2021-04-16,2021-03-16,66.77,71.1788330078125,64.67079162597656,64.67079162597656,67.90237426757812,71.1788330078125,74.34703063964844,77.3657455444336,77.3657455444336
2021-04-19,2021-03-17,67.05,71.19140625,64.45375061035156,64.45375061035156,67.78436279296875,71.19140625,74.43690490722656,77.50242614746094,77.50242614746094
2021-04-20,2021-03-18,66.57,68.37016296386719,59.744483947753906,59.744483947753906,63.95013427734375,68.37016296386719,72.34642028808594,75.89012908935547,75.89012908935547
2021-04-21,2021-03-19,65.32,69.29440307617188,61.50273132324219,61.50273132324219,65.29922485351562,69.29440307617188,73.07046508789062,76.51026916503906,76.51026916503906
2021-04-22,2021-03-22,65.4,68.45514678955078,61.051025390625,61.051025390625,64.68501281738281,68.45514678955078,71.99180603027344,75.20724487304688,75.20724487304688
2021-04-23,2021-03-23,66.11,65.3673095703125,56.56338119506836,56.56338119506836,60.87028503417969,65.3673095703125,69.40769958496094,72.94468688964844,72.94468688964844
2021-04-26,2021-03-24,65.65,67.9796142578125,59.93566131591797,59.93566131591797,63.84919738769531,67.9796142578125,71.87205505371094,75.36723327636719,75.36723327636719
2021-04-27,2021-03-25,66.42,65.13099670410156,57.22489929199219,57.22489929199219,61.07243728637695,65.13099670410156,68.98403930664062,72.47369384765625,72.47369384765625
2021-04-28,2021-03-26,67.27,67.82391357421875,59.59061813354492,59.59061813354492,63.572021484375,67.82391357421875,71.94963073730469,75.7498779296875,75.7498779296875
2021-04-29,2021-03-29,68.56,68.73497009277344,60.6196174621582,60.6196174621582,64.55564880371094,68.73497009277344,72.86090087890625,76.70333099365234,76.70333099365234
2021-04-30,2021-03-30,67.25,67.30962371826172,59.05742263793945,59.05742263793945,63.079833984375,67.30962371826172,71.44117736816406,75.26336669921875,75.26336669921875
2021-05-03,2021-03-31,67.56,67.14338684082031,58.88423156738281,58.88423156738281,62.95146179199219,67.14338684082031,71.20619201660156,74.95030212402344,74.95030212402344
2021-05-04,2021-04-01,68.88,69.1645736694336,61.189571380615234,61.189571380615234,65.09854888916016,69.1645736694336,73.19390869140625,76.92039489746094,76.92039489746094
2021-05-05,2021-04-05,68.96,66.74767303466797,58.42315673828125,58.42315673828125,62.48844528198242,66.74767303466797,70.85767364501953,74.58847045898438,74.58847045898438
2021-05-06,2021-04-06,68.09,66.40322875976562,58.44306564331055,58.44306564331055,62.312950134277344,66.40322875976562,70.35844421386719,73.9715576171875,73.9715576171875
2021-05-07,2021-04-07,68.28,66.67718505859375,59.49949645996094,59.49949645996094,62.99879837036133,66.67718505859375,70.21351623535156,73.470947265625,73.470947265625
2021-05-10,2021-04-08,68.32,66.24137115478516,59.43157958984375,59.43157958984375,62.78700256347656,66.24137115478516,69.53632354736328,72.60385131835938,72.60385131835938
2021-05-11,2021-04-09,68.55,66.11647033691406,59.30005645751953,59.30005645751953,62.65974426269531,66.11647033691406,69.38282012939453,72.41546630859375,72.41546630859375
2021-05-12,2021-04-12,69.32,66.7703628540039,59.67996597290039,59.67996597290039,63.18040466308594,66.7703628540039,70.17230987548828,73.3465576171875,73.3465576171875
2021-05-13,2021-04-13,67.05,66.91150665283203,60.065208435058594,60.065208435058594,63.442840576171875,66.91150665283203,70.25151062011719,73.337890625,73.337890625
2021-05-14,2021-04-14,68.71,69.04409790039062,62.118614196777344,62.118614196777344,65.519775390625,69.04409790039062,72.54963684082031,75.76156616210938,75.76156616210938
2021-05-17,2021-04-15,69.46,69.50070190429688,62.35163116455078,62.35163116455078,65.87451934814453,69.50070190429688,73.09547424316406,76.39929962158203,76.39929962158203
2021-05-18,2021-04-16,68.71,68.99166107177734,61.862892150878906,61.862892150878906,65.39352416992188,68.99166107177734,72.52244567871094,75.77301788330078,75.77301788330078
2021-05-19,2021-04-19,66.66,69.34584045410156,62.15016174316406,62.15016174316406,65.69456481933594,69.34584045410156,72.98237609863281,76.34993743896484,76.34993743896484
2021-05-20,2021-04-20,65.11,69.3607406616211,62.02694320678711,62.02694320678711,65.63125610351562,69.3607406616211,73.01071166992188,76.38664245605469,76.38664245605469
2021-05-21,2021-04-21,66.44,68.40327453613281,60.955745697021484,60.955745697021484,64.60658264160156,68.40327453613281,72.06803894042969,75.48999786376953,75.48999786376953
2021-05-24,2021-04-22,68.46,68.30754852294922,60.437225341796875,60.437225341796875,64.28247833251953,68.30754852294922,72.19498443603516,75.75104522705078,75.75104522705078
2021-05-25,2021-04-23,68.65,68.93380737304688,61.107540130615234,61.107540130615234,64.92388916015625,68.93380737304688,72.81156158447266,76.28803253173828,76.28803253173828
2021-05-26,2021-04-26,68.87,68.9585189819336,61.16344451904297,61.16344451904297,64.98724365234375,68.9585189819336,72.7545166015625,76.19493103027344,76.19493103027344
2021-05-27,2021-04-27,69.46,68.71315002441406,60.8297004699707,60.8297004699707,64.68135070800781,68.71315002441406,72.57788848876953,76.08695983886719,76.08695983886719
2021-05-28,2021-04-28,69.63,68.73833465576172,60.95296859741211,60.95296859741211,64.74982452392578,68.73833465576172,72.56842041015625,76.04913330078125,76.04913330078125
2021-06-01,2021-04-29,70.25,69.28279113769531,61.82804870605469,61.82804870605469,65.44792938232422,69.28279113769531,72.9985580444336,76.37006378173828,76.37006378173828
2021-06-02,2021-04-30,71.35,67.82918548583984,60.59816360473633,60.59816360473633,64.13766479492188,67.82918548583984,71.26217651367188,74.38411712646484,74.38411712646484
2021-06-03,2021-05-03,71.31,68.43071746826172,61.442230224609375,61.442230224609375,64.85961151123047,68.43071746826172,71.78997802734375,74.87489318847656,74.87489318847656
2021-06-04,2021-05-04,71.89,68.83335876464844,61.46272277832031,61.46272277832031,65.06553649902344,68.83335876464844,72.38717651367188,75.63235473632812,75.63235473632812
2021-06-07,2021-05-05,71.49,68.51038360595703,61.34672164916992,61.34672164916992,64.85093688964844,68.51038360595703,71.9212646484375,74.98133087158203,74.98133087158203
2021-06-08,2021-05-06,72.22,67.57207489013672,60.28297805786133,60.28297805786133,63.84297561645508,67.57207489013672,70.96282958984375,73.98578643798828,73.98578643798828
2021-06-09,2021-05-07,72.22,67.81559753417969,60.4882698059082,60.4882698059082,64.05863189697266,67.81559753417969,71.21613311767578,74.21928405761719,74.21928405761719
2021-06-10,2021-05-10,72.52,68.14141082763672,61.01521301269531,61.01521301269531,64.49432373046875,68.14141082763672,71.44932556152344,74.3778305053711,74.3778305053711
2021-06-11,2021-05-11,72.69,69.18693542480469,61.792625427246094,61.792625427246094,65.38522338867188,69.18693542480469,72.76280212402344,75.99678039550781,75.99678039550781
2021-06-14,2021-05-12,72.86,70.55634307861328,63.314300537109375,63.314300537109375,66.80268859863281,70.55634307861328,74.1978988647461,77.49053955078125,77.49053955078125
2021-06-15,2021-05-13,73.99,69.07917785644531,61.862586975097656,61.862586975097656,65.32894897460938,69.07917785644531,72.67706298828125,75.96945190429688,75.96945190429688
2021-06-16,2021-05-14,74.39,71.1746826171875,63.84662628173828,63.84662628173828,67.36654663085938,71.1746826171875,74.94358825683594,78.38887023925781,78.38887023925781
2021-06-17,2021-05-17,73.08,71.95755004882812,64.56475830078125,64.56475830078125,68.11817932128906,71.95755004882812,75.83524322509766,79.4187240600586,79.4187240600586
2021-06-18,2021-05-18,73.51,71.40913391113281,63.84938049316406,63.84938049316406,67.50698852539062,71.40913391113281,75.30211639404297,78.94111633300781,78.94111633300781
2021-06-21,2021-05-19,74.9,68.73323822021484,60.5263671875,60.5263671875,64.51010131835938,68.73323822021484,72.80311584472656,76.584228515625,76.584228515625
2021-06-22,2021-05-20,74.81,67.27445220947266,58.81821060180664,58.81821060180664,62.917423248291016,67.27445220947266,71.45919799804688,75.3239517211914,75.3239517211914
2021-06-23,2021-05-21,75.19,68.83544921875,61.1649169921875,61.1649169921875,64.85974884033203,68.83544921875,72.75325775146484,76.41181182861328,76.41181182861328
2021-06-24,2021-05-24,75.56,69.29348754882812,61.78596496582031,61.78596496582031,65.37614440917969,69.29348754882812,73.17973327636719,76.76904296875,76.76904296875
2021-06-25,2021-05-25,76.18,69.50567626953125,62.16932678222656,62.16932678222656,65.66644287109375,69.50567626953125,73.2510757446289,76.67820739746094,76.67820739746094
2021-06-28,2021-05-26,74.68,69.04458618164062,61.436256408691406,61.436256408691406,65.07296752929688,69.04458618164062,72.8323974609375,76.28123474121094,76.28123474121094
2021-06-29,2021-05-27,74.76,68.86006927490234,61.55038833618164,61.55038833618164,65.04319763183594,68.86006927490234,72.45641326904297,75.70179748535156,75.70179748535156
2021-06-30,2021-05-28,75.13,68.93500518798828,61.739585876464844,61.739585876464844,65.16683959960938,68.93500518798828,72.44699096679688,75.58424377441406,75.58424377441406
2021-07-01,2021-06-01,75.84,69.77263641357422,62.441341400146484,62.441341400146484,65.92620086669922,69.77263641357422,73.3935546875,76.6068344116211,76.6068344116211
2021-07-02,2021-06-02,76.17,70.39686584472656,63.37391662597656,63.37391662597656,66.71250915527344,70.39686584472656,73.91741943359375,77.04436492919922,77.04436492919922
2021-07-06,2021-06-03,74.53,72.01185607910156,64.60658264160156,64.60658264160156,68.1329116821289,72.01185607910156,75.81071472167969,79.18954467773438,79.18954467773438
2021-07-07,2021-06-04,73.43,73.37586212158203,66.20687866210938,66.20687866210938,69.6177978515625,73.37586212158203,77.09869384765625,80.42684173583984,80.42684173583984
2021-07-08,2021-06-07,74.12,73.51005554199219,66.58695983886719,66.58695983886719,69.88529968261719,73.51005554199219,77.1259765625,80.42787170410156,80.42787170410156
2021-07-09,2021-06-08,75.55,75.8317642211914,68.7776107788086,68.7776107788086,72.157470703125,75.8317642211914,79.61891174316406,83.11900329589844,83.11900329589844
2021-07-12,2021-06-09,75.16,76.35420227050781,69.11904907226562,69.11904907226562,72.59795379638672,76.35420227050781,80.26371765136719,83.92899322509766,83.92899322509766
2021-07-13,2021-06-10,76.49,76.36332702636719,69.2218246459961,69.2218246459961,72.67778015136719,76.36332702636719,80.11953735351562,83.59855651855469,83.59855651855469
2021-07-14,2021-06-11,74.76,75.83763122558594,68.57450866699219,68.57450866699219,72.09819030761719,75.83763122558594,79.57026672363281,82.99701690673828,82.99701690673828
2021-07-15,2021-06-14,73.47,75.81061553955078,68.46235656738281,68.46235656738281,71.9984130859375,75.81061553955078,79.60902404785156,83.04107666015625,83.04107666015625
2021-07-16,2021-06-15,73.59,76.88209533691406,69.73072814941406,69.73072814941406,73.13208770751953,76.88209533691406,80.73246765136719,84.19949340820312,84.19949340820312
2021-07-19,2021-06-16,68.62,77.27726745605469,69.89411163330078,69.89411163330078,73.41080474853516,77.27726745605469,81.16221618652344,84.62250518798828,84.62250518798828
2021-07-20,2021-06-17,69.35,76.20072174072266,68.92868041992188,68.92868041992188,72.41162109375,76.20072174072266,79.87049102783203,83.12349700927734,83.12349700927734
2021-07-21,2021-06-18,72.23,76.96611785888672,69.61524200439453,69.61524200439453,73.14236450195312,76.96611785888672,80.66085052490234,83.94927215576172,83.94927215576172
2021-07-22,2021-06-21,73.79,78.08233642578125,70.47811126708984,70.47811126708984,74.1196060180664,78.08233642578125,81.96748352050781,85.43460083007812,85.43460083007812
2021-07-23,2021-06-22,74.1,77.95240783691406,70.33270263671875,70.33270263671875,73.97128295898438,77.95240783691406,81.83833312988281,85.29572296142578,85.29572296142578
2021-07-26,2021-06-23,74.5,78.73490142822266,70.91574096679688,70.91574096679688,74.65153503417969,78.73490142822266,82.76009368896484,86.30549621582031,86.30549621582031
2021-07-27,2021-06-24,74.48,79.23262023925781,71.70389556884766,71.70389556884766,75.30485534667969,79.23262023925781,83.10295104980469,86.50654602050781,86.50654602050781
2021-07-28,2021-06-25,74.74,79.91569519042969,71.95747375488281,71.95747375488281,75.73887634277344,79.91569519042969,84.09493255615234,87.87506103515625,87.87506103515625
2021-07-29,2021-06-28,76.05,77.99100494384766,70.26128387451172,70.26128387451172,73.94921112060547,77.99100494384766,81.88627624511719,85.38761138916016,85.38761138916016
2021-07-30,2021-06-29,76.33,78.02703857421875,70.50379180908203,70.50379180908203,74.08650207519531,78.02703857421875,81.85736083984375,85.40284729003906,85.40284729003906
2021-08-02,2021-06-30,72.89,78.73088836669922,71.2152328491211,71.2152328491211,74.81824493408203,78.73088836669922,82.51081848144531,86.00460815429688,86.00460815429688
2021-08-03,2021-07-01,72.41,78.82965850830078,71.15471649169922,71.15471649169922,74.83181762695312,78.82965850830078,82.71742248535156,86.30860137939453,86.30860137939453
2021-08-04,2021-07-02,70.38,78.6014175415039,71.09959411621094,71.09959411621094,74.70327758789062,78.6014175415039,82.35464477539062,85.78511047363281,85.78511047363281
2021-08-05,2021-07-06,71.29,76.8136978149414,69.17924499511719,69.17924499511719,72.85214233398438,76.8136978149414,80.52912902832031,83.93084716796875,83.93084716796875
2021-08-06,2021-07-07,70.7,75.99919128417969,68.14807891845703,68.14807891845703,71.90545654296875,75.99919128417969,79.85807800292969,83.40135192871094,83.40135192871094
2021-08-09,2021-07-08,69.04,76.83072662353516,69.18443298339844,69.18443298339844,72.83504486083984,76.83072662353516,80.68427276611328,84.22867584228516,84.22867584228516
2021-08-10,2021-07-09,70.63,78.3105239868164,70.7105484008789,70.7105484008789,74.34991455078125,78.3105239868164,82.22847747802734,85.85548400878906,85.85548400878906
2021-08-11,2021-07-12,71.44,78.59173583984375,71.4017105102539,71.4017105102539,74.83295440673828,78.59173583984375,82.33242797851562,85.78732299804688,85.78732299804688
2021-08-12,2021-07-13,71.31,79.81178283691406,72.58251190185547,72.58251190185547,75.99365234375,79.81178283691406,83.6265869140625,87.09883117675781,87.09883117675781
2021-08-13,2021-07-14,70.59,78.56552124023438,71.37799835205078,71.37799835205078,74.81316375732422,78.56552124023438,82.201904296875,85.53196716308594,85.53196716308594
2021-08-16,2021-07-15,69.51,77.83831024169922,70.71643829345703,70.71643829345703,74.11421203613281,77.83831024169922,81.36012268066406,84.5919189453125,84.5919189453125
2021-08-17,2021-07-16,69.03,78.16773986816406,70.90302276611328,70.90302276611328,74.3441162109375,78.16773986816406,81.8228759765625,85.14901733398438,85.14901733398438
2021-08-18,2021-07-19,68.23,76.63127136230469,68.01351928710938,68.01351928710938,72.11338806152344,76.63127136230469,80.70235443115234,84.29547119140625,84.29547119140625
2021-08-19,2021-07-20,66.45,76.62410736083984,68.19571685791016,68.19571685791016,72.18327331542969,76.62410736083984,80.8924560546875,84.802978515625,84.802978515625
2021-08-20,2021-07-21,65.18,78.70025634765625,70.57785034179688,70.57785034179688,74.406005859375,78.70025634765625,82.92330932617188,86.77361297607422,86.77361297607422
2021-08-23,2021-07-22,68.75,79.22028350830078,70.79951477050781,70.79951477050781,74.75763702392578,79.22028350830078,83.73121643066406,87.96089172363281,87.96089172363281
2021-08-24,2021-07-23,71.05,78.75755310058594,70.10601806640625,70.10601806640625,74.20947265625,78.75755310058594,83.27019500732422,87.47608184814453,87.47608184814453
2021-08-25,2021-07-26,72.25,78.15171813964844,69.38959503173828,69.38959503173828,73.5633773803711,78.15171813964844,82.70872497558594,86.97433471679688,86.97433471679688
2021-08-26,2021-07-27,71.07,77.81059265136719,69.318359375,69.318359375,73.38737487792969,77.81059265136719,82.13320922851562,86.17972564697266,86.17972564697266
2021-08-27,2021-07-28,72.7,77.861328125,69.40309143066406,69.40309143066406,73.4500732421875,77.861328125,82.2125244140625,86.28361511230469,86.28361511230469
2021-08-30,2021-07-29,73.41,79.28901672363281,70.74026489257812,70.74026489257812,74.80522155761719,79.28901672363281,83.8416748046875,88.06321716308594,88.06321716308594
2021-08-31,2021-07-30,72.99,79.63301086425781,71.12859344482422,71.12859344482422,75.18020629882812,79.63301086425781,84.12898254394531,88.24057006835938,88.24057006835938
2021-09-01,2021-08-02,71.59,77.33686828613281,68.34650421142578,68.34650421142578,72.67007446289062,77.33686828613281,81.81307983398438,85.96692657470703,85.96692657470703
2021-09-02,2021-08-03,73.03,77.98953247070312,69.64965057373047,69.64965057373047,73.65473937988281,77.98953247070312,82.20323181152344,86.15886688232422,86.15886688232422
2021-09-03,2021-08-04,72.61,76.54460144042969,68.02420043945312,68.02420043945312,72.10787963867188,76.54460144042969,80.76310729980469,84.66889190673828,84.66889190673828
2021-09-07,2021-08-05,71.69,76.98494720458984,68.74590301513672,68.74590301513672,72.71292114257812,76.98494720458984,81.11763763427734,84.92008972167969,84.92008972167969
2021-09-08,2021-08-06,72.6,75.87594604492188,67.9953384399414,67.9953384399414,71.81817626953125,75.87594604492188,79.78367614746094,83.3747787475586,83.3747787475586
2021-09-09,2021-08-09,71.45,74.51725769042969,66.08588409423828,66.08588409423828,70.15493774414062,74.51725769042969,78.75667572021484,82.70008850097656,82.70008850097656
2021-09-10,2021-08-10,72.92,76.33881378173828,68.03034973144531,68.03034973144531,72.06022644042969,76.33881378173828,80.61345672607422,84.58856201171875,84.58856201171875
2021-09-13,2021-08-11,73.51,76.36063385009766,67.90837860107422,67.90837860107422,72.0206298828125,76.36063385009766,80.82331085205078,85.07052612304688,85.07052612304688
2021-09-14,2021-08-12,73.6,75.71722412109375,67.29287719726562,67.29287719726562,71.42127990722656,75.71722412109375,80.06512451171875,84.20291137695312,84.20291137695312
2021-09-15,2021-08-13,75.46,74.57430267333984,66.10501098632812,66.10501098632812,70.271728515625,74.57430267333984,78.95027923583984,83.17479705810547,83.17479705810547
2021-09-16,2021-08-16,75.67,72.39466857910156,63.5031852722168,63.5031852722168,67.90632629394531,72.39466857910156,76.91910552978516,81.28601837158203,81.28601837158203
2021-09-17,2021-08-17,75.34,71.42292785644531,62.506813049316406,62.506813049316406,66.95977020263672,71.42292785644531,75.89274597167969,80.19049072265625,80.19049072265625
2021-09-20,2021-08-18,73.92,70.06631469726562,61.3285026550293,61.3285026550293,65.72184753417969,70.06631469726562,74.38409423828125,78.50263977050781,78.50263977050781
2021-09-21,2021-08-19,74.36,67.67438507080078,58.409915924072266,58.409915924072266,63.09376525878906,67.67438507080078,72.13546752929688,76.31311798095703,76.31311798095703
2021-09-22,2021-08-20,76.19,67.60787963867188,58.38407516479492,58.38407516479492,62.951171875,67.60787963867188,72.15583038330078,76.39933776855469,76.39933776855469
2021-09-23,2021-08-23,77.25,72.70223999023438,64.04686737060547,64.04686737060547,68.26535034179688,72.70223999023438,77.19290161132812,81.37200927734375,81.37200927734375
2021-09-24,2021-08-24,78.09,74.29490661621094,65.49640655517578,65.49640655517578,69.80232238769531,74.29490661621094,78.887451171875,83.15727996826172,83.15727996826172
2021-09-27,2021-08-25,79.53,74.84027099609375,66.3109130859375,66.3109130859375,70.47583770751953,74.84027099609375,79.25257873535156,83.35735321044922,83.35735321044922
2021-09-28,2021-08-26,79.09,73.49015808105469,65.01860046386719,65.01860046386719,69.18924713134766,73.49015808105469,77.77275085449219,81.78038024902344,81.78038024902344
2021-09-29,2021-08-27,78.64,74.65655517578125,65.93598937988281,65.93598937988281,70.21794128417969,74.65655517578125,79.11860656738281,83.26606750488281,83.26606750488281
2021-09-30,2021-08-30,78.52,74.53047943115234,66.05948638916016,66.05948638916016,70.22566223144531,74.53047943115234,78.79718780517578,82.7340316772461,82.7340316772461
2021-10-01,2021-08-31,79.28,74.52734375,65.52323150634766,65.52323150634766,69.97948455810547,74.52734375,79.0648422241211,83.32573699951172,83.32573699951172
2021-10-04,2021-09-01,81.26,72.5370864868164,62.86616134643555,62.86616134643555,67.68340301513672,72.5370864868164,77.28932189941406,81.6946029663086,81.6946029663086
2021-10-05,2021-09-02,82.56,73.93814086914062,64.41145324707031,64.41145324707031,69.13285827636719,73.93814086914062,78.70509338378906,83.1796875,83.1796875
2021-10-06,2021-09-03,81.08,73.48755645751953,64.0105209350586,64.0105209350586,68.69757080078125,73.48755645751953,78.10321807861328,82.37122344970703,82.37122344970703
2021-10-07,2021-09-07,81.95,72.42501831054688,63.00960922241211,63.00960922241211,67.67236328125,72.42501831054688,76.92735290527344,81.11421203613281,81.11421203613281
2021-10-08,2021-09-08,82.39,72.75724792480469,63.11471939086914,63.11471939086914,67.91909790039062,72.75724792480469,77.31578826904297,81.50015258789062,81.50015258789062
2021-10-11,2021-09-09,83.65,71.13042449951172,61.690574645996094,61.690574645996094,66.44898986816406,71.13042449951172,75.45939636230469,79.4358901977539,79.4358901977539
2021-10-12,2021-09-10,83.42,72.04092407226562,62.53921127319336,62.53921127319336,67.31570434570312,72.04092407226562,76.40691375732422,80.34744262695312,80.34744262695312
2021-10-13,2021-09-13,83.18,72.26152801513672,62.59918212890625,62.59918212890625,67.45912170410156,72.26152801513672,76.68666076660156,80.66580200195312,80.66580200195312
2021-10-14,2021-09-14,84.0,71.6667709350586,62.33530807495117,62.33530807495117,66.92384338378906,71.6667709350586,76.08768463134766,80.08009338378906,80.08009338378906
2021-10-15,2021-09-15,84.86,71.55886840820312,61.88484191894531,61.88484191894531,66.57799530029297,71.55886840820312,76.2694091796875,80.46420288085938,80.46420288085938
2021-10-18,2021-09-16,84.33,70.5695571899414,60.532981872558594,60.532981872558594,65.43583679199219,70.5695571899414,75.39253234863281,79.61661529541016,79.61661529541016
2021-10-19,2021-09-17,85.08,69.77936553955078,60.161354064941406,60.161354064941406,64.85147094726562,69.77936553955078,74.36415100097656,78.32848358154297,78.32848358154297
2021-10-20,2021-09-20,85.82,68.89763641357422,59.14478302001953,59.14478302001953,63.95386505126953,68.89763641357422,73.37525939941406,77.22760009765625,77.22760009765625
2021-10-21,2021-09-21,84.61,68.8321762084961,59.01720428466797,59.01720428466797,63.89111328125,68.8321762084961,73.28010559082031,77.0787353515625,77.0787353515625
2021-10-22,2021-09-22,85.53,70.46644592285156,60.844642639160156,60.844642639160156,65.56251525878906,70.46644592285156,74.90965270996094,78.6630630493164,78.6630630493164
2021-10-25,2021-09-23,85.99,71.767333984375,61.20719528198242,61.20719528198242,66.3211669921875,71.767333984375,76.71875,80.88653564453125,80.88653564453125
2021-10-26,2021-09-24,86.4,71.41618347167969,60.09819412231445,60.09819412231445,65.51651000976562,71.41618347167969,76.8942642211914,81.51506042480469,81.51506042480469
2021-10-27,2021-09-27,84.58,71.32262420654297,60.20096206665039,60.20096206665039,65.45790100097656,71.32262420654297,76.81600952148438,81.48602294921875,81.48602294921875
2021-10-28,2021-09-28,84.32,71.99659729003906,61.08890914916992,61.08890914916992,66.27864074707031,71.99659729003906,77.18836975097656,81.53438568115234,81.53438568115234
2021-10-29,2021-09-29,84.38,72.2623291015625,61.16407775878906,61.16407775878906,66.50682067871094,72.2623291015625,77.4639892578125,81.81024169921875,81.81024169921875
2021-11-01,2021-09-30,84.71,73.3294906616211,62.05277633666992,62.05277633666992,67.52320861816406,73.3294906616211,78.52651977539062,82.80804443359375,82.80804443359375
2021-11-02,2021-10-01,84.72,73.79411315917969,62.46092224121094,62.46092224121094,67.99200439453125,73.79411315917969,79.07717895507812,83.4783935546875,83.4783935546875
2021-11-03,2021-10-04,81.99,76.26527404785156,65.13966369628906,65.13966369628906,70.56724548339844,76.26527404785156,81.5634536743164,86.047607421875,86.047607421875
2021-11-04,2021-10-05,80.54,77.56036376953125,66.40484619140625,66.40484619140625,71.83785247802734,77.56036376953125,82.99954223632812,87.68975830078125,87.68975830078125
2021-11-05,2021-10-06,82.74,76.7276611328125,66.30659484863281,66.30659484863281,71.38922119140625,76.7276611328125,81.72786712646484,86.08836364746094,86.08836364746094
2021-11-08,2021-10-07,83.43,76.73341369628906,66.28902435302734,66.28902435302734,71.37364959716797,76.73341369628906,81.7401351928711,86.06358337402344,86.06358337402344
2021-11-09,2021-10-08,84.78,75.92437744140625,64.91740417480469,64.91740417480469,70.254638671875,75.92437744140625,81.20906066894531,85.724365234375,85.724365234375
2021-11-10,2021-10-11,82.64,76.79928588867188,65.74823760986328,65.74823760986328,71.0555419921875,76.79928588867188,82.18330383300781,86.77313232421875,86.77313232421875
2021-11-11,2021-10-12,82.87,75.33951568603516,63.71991729736328,63.71991729736328,69.31281280517578,75.33951568603516,80.84475708007812,85.48221588134766,85.48221588134766
2021-11-12,2021-10-13,82.17,72.99092102050781,61.44626235961914,61.44626235961914,67.03457641601562,72.99092102050781,78.34967041015625,82.79167175292969,82.79167175292969
2021-11-15,2021-10-14,82.05,76.24068450927734,65.39332580566406,65.39332580566406,70.61983489990234,76.24068450927734,81.28805541992188,85.50834655761719,85.50834655761719
2021-11-16,2021-10-15,82.43,77.50486755371094,66.14682006835938,66.14682006835938,71.62571716308594,77.50486755371094,82.81546783447266,87.30802917480469,87.30802917480469
2021-11-17,2021-10-18,80.28,78.98353576660156,67.33679962158203,67.33679962158203,72.99301147460938,78.98353576660156,84.29964447021484,88.79068756103516,88.79068756103516
2021-11-18,2021-10-19,81.24,80.46695709228516,69.27069854736328,69.27069854736328,74.75068664550781,80.46695709228516,85.56024932861328,89.88038635253906,89.88038635253906
2021-11-19,2021-10-20,78.89,83.37020111083984,72.42718505859375,72.42718505859375,77.8234634399414,83.37020111083984,88.32463836669922,92.52672576904297,92.52672576904297
2021-11-22,2021-10-21,79.7,82.18086242675781,71.47290802001953,71.47290802001953,76.75885009765625,82.18086242675781,86.98248291015625,91.07703399658203,91.07703399658203
2021-11-23,2021-10-22,82.31,84.31974029541016,73.59909057617188,73.59909057617188,78.90491485595703,84.31974029541016,89.17640686035156,93.31053161621094,93.31053161621094
2021-11-24,2021-10-25,82.25,85.57705688476562,74.82662200927734,74.82662200927734,80.16047668457031,85.57705688476562,90.48574829101562,94.70796203613281,94.70796203613281
2021-11-26,2021-10-26,72.72,86.87187194824219,76.26416778564453,76.26416778564453,81.54768371582031,86.87187194824219,91.69682312011719,95.89018249511719,95.89018249511719
2021-11-29,2021-10-27,73.44,85.13129425048828,75.0235595703125,75.0235595703125,80.07675170898438,85.13129425048828,89.61936950683594,93.552734375,93.552734375
2021-11-30,2021-10-28,70.57,85.6731948852539,75.5511703491211,75.5511703491211,80.60768127441406,85.6731948852539,90.25228118896484,94.29409790039062,94.29409790039062
2021-12-01,2021-10-29,68.87,84.53231811523438,74.51275634765625,74.51275634765625,79.51689147949219,84.53231811523438,89.09147644042969,93.08822631835938,93.08822631835938
2021-12-02,2021-11-01,69.67,83.77947235107422,73.9372329711914,73.9372329711914,78.85859680175781,83.77947235107422,88.24130249023438,92.13764953613281,92.13764953613281
2021-12-03,2021-11-02,69.88,84.05625915527344,74.73220825195312,74.73220825195312,79.39830017089844,84.05625915527344,88.29806518554688,92.03208923339844,92.03208923339844
2021-12-06,2021-11-03,73.08,81.73643493652344,71.9656753540039,71.9656753540039,76.82672882080078,81.73643493652344,86.09991455078125,89.95275115966797,89.95275115966797
2021-12-07,2021-11-04,75.44,79.34208679199219,69.51175689697266,69.51175689697266,74.39814758300781,79.34208679199219,83.72289276123047,87.5760269165039,87.5760269165039
2021-12-08,2021-11-05,75.82,81.37391662597656,72.15364074707031,72.15364074707031,76.7356948852539,81.37391662597656,85.65038299560547,89.49340057373047,89.49340057373047
2021-12-09,2021-11-08,74.42,83.36094665527344,73.84968566894531,73.84968566894531,78.56727600097656,83.36094665527344,87.87138366699219,91.97987365722656,91.97987365722656
2021-12-10,2021-11-09,75.15,86.0951919555664,75.7956314086914,75.7956314086914,80.88765716552734,86.0951919555664,91.05516815185547,95.52970886230469,95.52970886230469
2021-12-13,2021-11-10,74.39,83.49896240234375,73.78853607177734,73.78853607177734,78.61974334716797,83.49896240234375,87.99031066894531,92.04521179199219,92.04521179199219
2021-12-14,2021-11-11,73.7,83.6911392211914,73.86206817626953,73.86206817626953,78.740966796875,83.6911392211914,88.18179321289062,92.22161865234375,92.22161865234375
2021-12-15,2021-11-12,73.88,82.61673736572266,73.15196228027344,73.15196228027344,77.83499908447266,82.61673736572266,86.89421081542969,90.71965026855469,90.71965026855469
2021-12-16,2021-11-15,75.02,82.99324798583984,73.33927154541016,73.33927154541016,78.12311553955078,82.99324798583984,87.35192108154297,91.23348999023438,91.23348999023438
2021-12-17,2021-11-16,73.52,83.43262481689453,73.70295715332031,73.70295715332031,78.54646301269531,83.43262481689453,87.81814575195312,91.74055480957031,91.74055480957031
2021-12-20,2021-11-17,71.52,80.68017578125,71.00177764892578,71.00177764892578,75.82462310791016,80.68017578125,84.91938781738281,88.66970825195312,88.66970825195312
2021-12-21,2021-11-18,73.98,81.52278137207031,72.33843231201172,72.33843231201172,76.91547393798828,81.52278137207031,85.63987731933594,89.2950439453125,89.2950439453125
2021-12-22,2021-11-19,75.29,79.05671691894531,69.49407196044922,69.49407196044922,74.22030639648438,79.05671691894531,83.34207916259766,87.09004211425781,87.09004211425781
2021-12-23,2021-11-22,76.85,79.7586898803711,70.45655059814453,70.45655059814453,75.04568481445312,79.7586898803711,83.98693084716797,87.63568115234375,87.63568115234375
2021-12-27,2021-11-23,78.6,82.40933227539062,73.14665222167969,73.14665222167969,77.7147445678711,82.40933227539062,86.66732788085938,90.3363037109375,90.3363037109375
2021-12-28,2021-11-24,78.94,82.85260009765625,74.05076599121094,74.05076599121094,78.40890502929688,82.85260009765625,86.87073516845703,90.34916687011719,90.34916687011719
2021-12-29,2021-11-26,79.23,77.88691711425781,68.06424713134766,68.06424713134766,72.86607360839844,77.88691711425781,82.11148834228516,85.67737579345703,85.67737579345703
2021-12-30,2021-11-29,79.32,77.63776397705078,68.6393814086914,68.6393814086914,73.05860900878906,77.63776397705078,81.5928955078125,84.99461364746094,84.99461364746094
2021-12-31,2021-11-30,77.78,74.89844512939453,65.90401458740234,65.90401458740234,70.2899169921875,74.89844512939453,78.86784362792969,82.24627685546875,82.24627685546875
2022-01-03,2021-12-01,78.98,73.56190490722656,64.41020202636719,64.41020202636719,68.86395263671875,73.56190490722656,77.64990234375,81.150634765625,81.150634765625
2022-01-04,2021-12-02,80.0,74.2286148071289,65.52888488769531,65.52888488769531,69.74287414550781,74.2286148071289,78.21109771728516,81.68536376953125,81.68536376953125
2022-01-05,2021-12-03,80.8,74.15953063964844,65.70249938964844,65.70249938964844,69.80953216552734,74.15953063964844,78.0517578125,81.45673370361328,81.45673370361328
2022-01-06,2021-12-06,81.99,76.30512237548828,67.68163299560547,67.68163299560547,71.88040924072266,76.30512237548828,80.26463317871094,83.70744323730469,83.70744323730469
2022-01-07,2021-12-07,81.75,78.15791320800781,69.77904510498047,69.77904510498047,73.84060668945312,78.15791320800781,82.12112426757812,85.59101104736328,85.59101104736328
2022-01-10,2021-12-08,80.87,78.38429260253906,69.98951721191406,69.98951721191406,74.08961486816406,78.38429260253906,82.29859924316406,85.69560241699219,85.69560241699219
2022-01-11,2021-12-09,83.72,76.56478881835938,68.22123718261719,68.22123718261719,72.31805419921875,76.56478881835938,80.40950012207031,83.8183822631836,83.8183822631836
2022-01-12,2021-12-10,84.67,76.35759735107422,68.20915222167969,68.20915222167969,72.21403503417969,76.35759735107422,80.12419128417969,83.44891357421875,83.44891357421875
2022-01-13,2021-12-13,84.47,75.596923828125,67.81836700439453,67.81836700439453,71.65505981445312,75.596923828125,79.16355895996094,82.3253402709961,82.3253402709961
2022-01-14,2021-12-14,86.06,75.12272644042969,67.60256958007812,67.60256958007812,71.29411315917969,75.12272644042969,78.58688354492188,81.61721801757812,81.61721801757812
2022-01-18,2021-12-15,87.51,74.45336151123047,67.37741088867188,67.37741088867188,70.84628295898438,74.45336151123047,77.70281982421875,80.49222564697266,80.49222564697266
2022-01-19,2021-12-16,88.44,74.8389663696289,67.84749603271484,67.84749603271484,71.26974487304688,74.8389663696289,78.02339172363281,80.70579528808594,80.70579528808594
2022-01-20,2021-12-17,88.38,73.85124969482422,66.75648498535156,66.75648498535156,70.23565673828125,73.85124969482422,76.97613525390625,79.6671371459961,79.6671371459961
2022-01-21,2021-12-20,87.89,72.9721450805664,65.98110961914062,65.98110961914062,69.4176025390625,72.9721450805664,76.00567626953125,78.62919616699219,78.62919616699219
2022-01-24,2021-12-21,86.27,74.02449798583984,67.31077575683594,67.31077575683594,70.62901306152344,74.02449798583984,77.02015686035156,79.59895324707031,79.59895324707031
2022-01-25,2021-12-22,88.2,73.90577697753906,67.32463073730469,67.32463073730469,70.56498718261719,73.90577697753906,76.89656066894531,79.43511962890625,79.43511962890625
2022-01-26,2021-12-23,89.96,74.76724243164062,68.03883361816406,68.03883361816406,71.334228515625,74.76724243164062,77.89695739746094,80.57901000976562,80.57901000976562
2022-01-27,2021-12-27,89.34,76.5844955444336,69.5798568725586,69.5798568725586,73.00334930419922,76.5844955444336,79.93306732177734,82.8199462890625,82.8199462890625
2022-01-28,2021-12-28,90.03,76.87206268310547,69.85674285888672,69.85674285888672,73.28838348388672,76.87206268310547,80.22661590576172,83.09742736816406,83.09742736816406
2022-01-31,2021-12-29,91.21,77.69770812988281,70.66055297851562,70.66055297851562,74.13612365722656,77.69770812988281,80.99700164794922,83.85546112060547,83.85546112060547
2022-02-01,2021-12-30,89.16,78.62745666503906,71.78126525878906,71.78126525878906,75.15965270996094,78.62745666503906,81.85617065429688,84.65261840820312,84.65261840820312
2022-02-02,2021-12-31,89.47,78.8193130493164,71.63848114013672,71.63848114013672,75.19542694091797,78.8193130493164,82.1358642578125,85.00443267822266,85.00443267822266
2022-02-03,2022-01-03,91.11,80.19388580322266,72.5119857788086,72.5119857788086,76.31004333496094,80.19388580322266,83.80825805664062,86.9522705078125,86.9522705078125
2022-02-04,2022-01-04,93.27,81.56036376953125,73.53955841064453,73.53955841064453,77.49591064453125,81.56036376953125,85.3111343383789,88.54705047607422,88.54705047607422
2022-02-07,2022-01-05,92.69,82.58540344238281,74.84801483154297,74.84801483154297,78.64474487304688,82.58540344238281,86.24919128417969,89.38866424560547,89.38866424560547
2022-02-08,2022-01-06,90.78,84.00894165039062,76.27684783935547,76.27684783935547,80.03865051269531,84.00894165039062,87.74508666992188,90.96035766601562,90.96035766601562
2022-02-09,2022-01-07,91.55,83.2399673461914,76.06037139892578,76.06037139892578,79.58786010742188,83.2399673461914,86.53211975097656,89.30668640136719,89.30668640136719
2022-02-10,2022-01-10,91.41,82.186767578125,75.25375366210938,75.25375366210938,78.67279052734375,82.186767578125,85.2685546875,87.85411071777344,87.85411071777344
2022-02-11,2022-01-11,94.44,85.18814849853516,78.24381256103516,78.24381256103516,81.66656494140625,85.18814849853516,88.40074157714844,91.14884185791016,91.14884185791016
2022-02-14,2022-01-12,96.48,86.64720153808594,79.54914855957031,79.54914855957031,83.06124877929688,86.64720153808594,90.0124740600586,92.93145751953125,92.93145751953125
2022-02-15,2022-01-13,93.28,86.63408660888672,79.49605560302734,79.49605560302734,83.05253601074219,86.63408660888672,89.98519134521484,92.9202651977539,92.9202651977539
2022-02-16,2022-01-14,94.81,87.91949462890625,80.84107208251953,80.84107208251953,84.3613052368164,87.91949462890625,91.29033660888672,94.27252197265625,94.27252197265625
2022-02-17,2022-01-18,92.97,89.6689453125,82.31598663330078,82.31598663330078,85.9466552734375,89.6689453125,93.27735900878906,96.48941040039062,96.48941040039062
2022-02-18,2022-01-19,93.54,91.84275817871094,84.08880615234375,84.08880615234375,87.9090805053711,91.84275817871094,95.65963745117188,99.09088134765625,99.09088134765625
2022-02-22,2022-01-20,96.84,93.31138610839844,85.20349884033203,85.20349884033203,89.18921661376953,93.31138610839844,97.29132080078125,100.81680297851562,100.81680297851562
2022-02-23,2022-01-21,96.84,93.66946411132812,85.68621826171875,85.68621826171875,89.64785766601562,93.66946411132812,97.53639221191406,101.00404357910156,101.00404357910156
2022-02-24,2022-01-24,99.08,92.71311950683594,85.13582611083984,85.13582611083984,88.91431427001953,92.71311950683594,96.28546142578125,99.48662567138672,99.48662567138672
2022-02-25,2022-01-25,97.93,95.24433898925781,87.19466400146484,87.19466400146484,91.20042419433594,95.24433898925781,99.12928009033203,102.56491088867188,102.56491088867188
2022-02-28,2022-01-26,100.99,97.27467346191406,88.49642181396484,88.49642181396484,92.85687255859375,97.27467346191406,101.59165954589844,105.44476318359375,105.44476318359375
2022-03-01,2022-01-27,104.97,95.96499633789062,87.37647247314453,87.37647247314453,91.69557189941406,95.96499633789062,100.0548095703125,103.70166015625,103.70166015625
2022-03-02,2022-01-28,112.93,96.2852783203125,87.96712493896484,87.96712493896484,92.15556335449219,96.2852783203125,100.26260375976562,103.80284118652344,103.80284118652344
2022-03-03,2022-01-31,110.46,98.36003112792969,90.01786804199219,90.01786804199219,94.23316955566406,98.36003112792969,102.3938980102539,105.9617919921875,105.9617919921875
2022-03-04,2022-02-01,118.11,95.61614990234375,88.07637786865234,88.07637786865234,91.89817810058594,95.61614990234375,99.15625762939453,102.2078628540039,102.2078628540039
2022-03-07,2022-02-02,123.21,95.02920532226562,87.74765014648438,87.74765014648438,91.44328308105469,95.02920532226562,98.4518814086914,101.39781188964844,101.39781188964844
2022-03-08,2022-02-03,127.98,96.51720428466797,89.49822235107422,89.49822235107422,93.06324768066406,96.51720428466797,99.92393493652344,102.9222412109375,102.9222412109375
2022-03-09,2022-02-04,111.14,99.20077514648438,91.35772705078125,91.35772705078125,95.296142578125,99.20077514648438,103.06639099121094,106.53497314453125,106.53497314453125
2022-03-10,2022-02-07,109.33,98.58868408203125,91.03571319580078,91.03571319580078,94.84696960449219,98.58868408203125,102.18038177490234,105.39706420898438,105.39706420898438
2022-03-11,2022-02-08,112.67,96.65343475341797,89.54476165771484,89.54476165771484,93.13551330566406,96.65343475341797,99.92300415039062,102.80084228515625,102.80084228515625
2022-03-14,2022-02-09,106.9,97.54656982421875,90.02373504638672,90.02373504638672,93.80197143554688,97.54656982421875,101.03367614746094,104.10307312011719,104.10307312011719
2022-03-15,2022-02-10,99.91,97.76762390136719,90.16426086425781,90.16426086425781,93.97903442382812,97.76762390136719,101.29955291748047,104.44364166259766,104.44364166259766
2022-03-16,2022-02-11,98.02,100.61642456054688,92.64547729492188,92.64547729492188,96.60935974121094,100.61642456054688,104.50833129882812,107.96127319335938,107.96127319335938
2022-03-17,2022-02-14,106.64,102.71539306640625,94.59117126464844,94.59117126464844,98.63323974609375,102.71539306640625,106.79939270019531,110.46371459960938,110.46371459960938
2022-03-18,2022-02-15,107.93,100.23239135742188,92.22288513183594,92.22288513183594,96.25616455078125,100.23239135742188,104.04553985595703,107.45382690429688,107.45382690429688
2022-03-21,2022-02-16,115.62,101.36373901367188,93.03700256347656,93.03700256347656,97.25831604003906,101.36373901367188,105.33090209960938,108.88299560546875,108.88299560546875
2022-03-22,2022-02-17,115.48,100.01657104492188,90.99371337890625,90.99371337890625,95.5737533569336,100.01657104492188,104.18562316894531,107.96379089355469,107.96379089355469
2022-03-23,2022-02-18,121.6,99.3332290649414,90.41613006591797,90.41613006591797,94.95638275146484,99.3332290649414,103.48575592041016,107.25633239746094,107.25633239746094
2022-03-24,2022-02-22,119.03,102.0672607421875,93.63502502441406,93.63502502441406,97.91098022460938,102.0672607421875,106.24659729003906,110.03602600097656,110.03602600097656
2022-03-25,2022-02-23,120.65,104.2716064453125,95.84324645996094,95.84324645996094,100.10907745361328,104.2716064453125,108.44760131835938,112.19548034667969,112.19548034667969
2022-03-28,2022-02-24,112.48,107.22943115234375,99.00779724121094,99.00779724121094,103.11402130126953,107.22943115234375,111.47511291503906,115.27763366699219,115.27763366699219
2022-03-29,2022-02-25,110.23,105.82463073730469,98.01766967773438,98.01766967773438,101.92984008789062,105.82463073730469,109.70435333251953,113.1844711303711,113.1844711303711
2022-03-30,2022-02-28,113.45,108.83812713623047,100.3563003540039,100.3563003540039,104.52124786376953,108.83812713623047,113.28511810302734,117.33415222167969,117.33415222167969
2022-03-31,2022-03-01,107.91,113.14164733886719,103.21978759765625,103.21978759765625,107.9919662475586,113.14164733886719,118.68067932128906,123.93014526367188,123.93014526367188
2022-04-01,2022-03-02,104.39,121.12944030761719,107.08136749267578,107.08136749267578,113.53456115722656,121.12944030761719,130.4248046875,141.72903442382812,141.72903442382812
2022-04-04,2022-03-03,107.53,119.10662841796875,107.13514709472656,107.13514709472656,112.8362045288086,119.10662841796875,125.90818786621094,132.30859375,132.30859375
2022-04-05,2022-03-04,106.64,128.50332641601562,112.510009765625,112.510009765625,119.91325378417969,128.50332641601562,138.5731201171875,149.5631103515625,149.5631103515625
2022-04-06,2022-03-07,101.07,134.53598022460938,115.54373168945312,115.54373168945312,124.30742645263672,134.53598022460938,146.71615600585938,160.79977416992188,160.79977416992188
2022-04-07,2022-03-08,100.58,142.576171875,120.55010986328125,120.55010986328125,130.71681213378906,142.576171875,156.6173095703125,173.0730438232422,173.0730438232422
2022-04-08,2022-03-09,102.78,118.41441345214844,105.06854248046875,105.06854248046875,111.41339111328125,118.41441345214844,126.11734771728516,133.66250610351562,133.66250610351562
2022-04-11,2022-03-10,98.48,119.02306365966797,106.07655334472656,106.07655334472656,112.28673553466797,119.02306365966797,126.38201904296875,133.64364624023438,133.64364624023438
2022-04-12,2022-03-11,104.64,122.22119903564453,108.83665466308594,108.83665466308594,115.2911376953125,122.22119903564453,129.76951599121094,137.20492553710938,137.20492553710938
2022-04-13,2022-03-14,108.78,115.67029571533203,102.78109741210938,102.78109741210938,109.00227355957031,115.67029571533203,122.5299072265625,129.0777130126953,129.0777130126953
2022-04-14,2022-03-15,111.7,109.64100646972656,96.42304992675781,96.42304992675781,102.69723510742188,109.64100646972656,116.69447326660156,123.30396270751953,123.30396270751953
2022-04-18,2022-03-16,113.16,109.87149047851562,97.08657836914062,97.08657836914062,103.16485595703125,109.87149047851562,116.71725463867188,123.14520263671875,123.14520263671875
2022-04-19,2022-03-17,107.25,115.23170471191406,101.53459167480469,101.53459167480469,108.01943969726562,115.23170471191406,122.89337158203125,130.3585662841797,130.3585662841797
2022-04-20,2022-03-18,106.8,116.3388442993164,102.56641387939453,102.56641387939453,109.0848617553711,116.3388442993164,123.9324951171875,131.2075653076172,131.2075653076172
2022-04-21,2022-03-21,108.33,119.8515625,103.73533630371094,103.73533630371094,111.26130676269531,119.8515625,129.33673095703125,139.1742706298828,139.1742706298828
2022-04-22,2022-03-22,106.65,119.50118255615234,103.71698760986328,103.71698760986328,111.25025939941406,119.50118255615234,127.95108032226562,136.006103515625,136.006103515625
2022-04-25,2022-03-23,102.32,124.2141342163086,106.8673095703125,106.8673095703125,115.04027557373047,124.2141342163086,133.99461364746094,143.76959228515625,143.76959228515625
2022-04-26,2022-03-24,104.99,122.439697265625,106.537841796875,106.537841796875,114.1068344116211,122.439697265625,131.09950256347656,139.59100341796875,139.59100341796875
2022-04-27,2022-03-25,105.32,124.125244140625,108.12703704833984,108.12703704833984,115.72193145751953,124.125244140625,132.7896270751953,141.16749572753906,141.16749572753906
2022-04-28,2022-03-28,107.59,116.84613037109375,100.22949981689453,100.22949981689453,108.00019836425781,116.84613037109375,125.77899169921875,134.2724151611328,134.2724151611328
2022-04-29,2022-03-29,109.34,115.40939331054688,98.97608947753906,98.97608947753906,106.6774673461914,115.40939331054688,124.27218627929688,132.76736450195312,132.76736450195312
2022-05-02,2022-03-30,107.58,120.1128158569336,103.21022033691406,103.21022033691406,111.175537109375,120.1128158569336,129.12588500976562,137.7351531982422,137.7351531982422
2022-05-03,2022-03-31,104.97,113.80433654785156,97.69436645507812,97.69436645507812,105.30165100097656,113.80433654785156,122.23088073730469,130.3244171142578,130.3244171142578
2022-05-04,2022-04-01,110.14,110.84696197509766,93.7748031616211,93.7748031616211,101.79873657226562,110.84696197509766,119.95993041992188,128.66525268554688,128.66525268554688
2022-05-05,2022-04-04,110.9,113.26399230957031,96.81776428222656,96.81776428222656,104.61026000976562,113.26399230957031,122.07054138183594,130.6227569580078,130.6227569580078
2022-05-06,2022-04-05,112.39,109.82109832763672,94.21279907226562,94.21279907226562,101.69345092773438,109.82109832763672,117.860107421875,125.57206726074219,125.57206726074219
2022-05-09,2022-04-06,105.94,104.00761413574219,87.35345458984375,87.35345458984375,95.22502136230469,104.00761413574219,112.8128662109375,121.15196228027344,121.15196228027344
2022-05-10,2022-04-07,102.46,104.15135955810547,88.51299285888672,88.51299285888672,95.91404724121094,104.15135955810547,112.54986572265625,120.52027893066406,120.52027893066406
2022-05-11,2022-04-08,107.51,106.38262939453125,90.26795959472656,90.26795959472656,97.80270385742188,106.38262939453125,115.33381652832031,123.79106140136719,123.79106140136719
2022-05-12,2022-04-11,107.45,102.69874572753906,87.19877624511719,87.19877624511719,94.47392272949219,102.69874572753906,111.00244140625,118.63005065917969,118.63005065917969
2022-05-13,2022-04-12,111.55,106.67593383789062,91.03680419921875,91.03680419921875,98.28936767578125,106.67593383789062,115.78370666503906,124.5805435180664,124.5805435180664
2022-05-16,2022-04-13,114.24,111.63359069824219,94.69210815429688,94.69210815429688,102.51936340332031,111.63359069824219,121.47966003417969,130.9324188232422,130.9324188232422
2022-05-17,2022-04-14,111.93,111.48486328125,95.09244537353516,95.09244537353516,102.73406219482422,111.48486328125,120.69720458984375,129.51026916503906,129.51026916503906
2022-05-18,2022-04-18,109.11,112.5350341796875,96.9065170288086,96.9065170288086,104.2398681640625,112.5350341796875,121.23126220703125,129.60464477539062,129.60464477539062
2022-05-19,2022-04-19,112.04,110.60411834716797,95.47209930419922,95.47209930419922,102.63998413085938,110.60411834716797,118.57814025878906,126.14862823486328,126.14862823486328
2022-05-20,2022-04-20,112.55,108.65087127685547,93.36629486083984,93.36629486083984,100.55523681640625,108.65087127685547,116.837158203125,124.58213806152344,124.58213806152344
2022-05-23,2022-04-21,113.42,108.95592498779297,93.62110900878906,93.62110900878906,100.89535522460938,108.95592498779297,117.07032775878906,124.72502136230469,124.72502136230469
2022-05-24,2022-04-22,113.56,109.16909790039062,93.54702758789062,93.54702758789062,100.96141052246094,109.16909790039062,117.32450866699219,124.85506439208984,124.85506439208984
2022-05-25,2022-04-25,114.03,103.89563751220703,88.24412536621094,88.24412536621094,95.68927001953125,103.89563751220703,111.99664306640625,119.4373550415039,119.4373550415039
2022-05-26,2022-04-26,117.4,105.38475036621094,90.06654357910156,90.06654357910156,97.40472412109375,105.38475036621094,113.54766082763672,121.29229736328125,121.29229736328125
2022-05-27,2022-04-27,119.43,106.40553283691406,91.43830108642578,91.43830108642578,98.64471435546875,106.40553283691406,114.40857696533203,122.12602233886719,122.12602233886719
2022-05-31,2022-04-28,122.84,107.15322875976562,92.59000396728516,92.59000396728516,99.63679504394531,107.15322875976562,114.87440490722656,122.23587036132812,122.23587036132812
2022-06-01,2022-04-29,116.29,108.4508056640625,93.69068908691406,93.69068908691406,100.83690643310547,108.4508056640625,116.4474868774414,124.22395324707031,124.22395324707031
2022-06-02,2022-05-02,117.61,108.77354431152344,94.79879760742188,94.79879760742188,101.60859680175781,108.77354431152344,116.22036743164062,123.47020721435547,123.47020721435547
2022-06-03,2022-05-03,119.72,109.04721069335938,94.71842956542969,94.71842956542969,101.67613220214844,109.04721069335938,116.53762817382812,123.70890808105469,123.70890808105469
2022-06-06,2022-05-04,119.51,113.92320251464844,100.3180160522461,100.3180160522461,106.91908264160156,113.92320251464844,121.28904724121094,128.35678100585938,128.35678100585938
2022-06-07,2022-05-05,120.57,112.86190032958984,99.18341827392578,99.18341827392578,105.82830810546875,112.86190032958984,120.33479309082031,127.65251159667969,127.65251159667969
2022-06-08,2022-05-06,123.58,114.88568115234375,100.63558959960938,100.63558959960938,107.55101776123047,114.88568115234375,122.55606079101562,130.00750732421875,130.00750732421875
2022-06-09,2022-05-09,123.07,110.25685119628906,96.65760803222656,96.65760803222656,103.31744384765625,110.25685119628906,117.1966552734375,123.89602661132812,123.89602661132812
2022-06-10,2022-05-10,122.01,109.00971221923828,95.84889221191406,95.84889221191406,102.25827026367188,109.00971221923828,115.76260375976562,122.19697570800781,122.19697570800781
2022-06-13,2022-05-11,122.27,111.9123764038086,98.97599792480469,98.97599792480469,105.24620056152344,111.9123764038086,118.71714782714844,125.30889892578125,125.30889892578125
2022-06-14,2022-05-12,121.17,109.8526611328125,97.28530883789062,97.28530883789062,103.35740661621094,109.8526611328125,116.59611511230469,123.18292236328125,123.18292236328125
2022-06-15,2022-05-13,118.51,112.16574096679688,98.20606231689453,98.20606231689453,104.89845275878906,112.16574096679688,119.86111450195312,127.31611633300781,127.31611633300781
2022-06-16,2022-05-16,119.81,115.6571044921875,100.84889221191406,100.84889221191406,107.90721130371094,115.6571044921875,123.98838806152344,132.0028076171875,132.0028076171875
2022-06-17,2022-05-17,113.12,114.60287475585938,100.89219665527344,100.89219665527344,107.51509094238281,114.60287475585938,122.06444549560547,129.3514404296875,129.3514404296875
2022-06-21,2022-05-18,114.65,113.21321868896484,99.74073791503906,99.74073791503906,106.26853942871094,113.21321868896484,120.49774169921875,127.7297592163086,127.7297592163086
2022-06-22,2022-05-19,111.74,116.60533142089844,103.44435119628906,103.44435119628906,109.81356048583984,116.60533142089844,123.90898132324219,131.37034606933594,131.37034606933594
2022-06-23,2022-05-20,110.05,117.81562805175781,104.8775634765625,104.8775634765625,111.16657257080078,117.81562805175781,124.92536163330078,132.24105834960938,132.24105834960938
2022-06-24,2022-05-23,113.12,118.67324829101562,105.146484375,105.146484375,111.72065734863281,118.67324829101562,126.08111572265625,133.7725830078125,133.7725830078125
2022-06-27,2022-05-24,115.09,119.8862075805664,106.7779541015625,106.7779541015625,113.17245483398438,119.8862075805664,126.93901062011719,134.1741180419922,134.1741180419922
2022-06-28,2022-05-25,117.98,119.91763305664062,106.59580993652344,106.59580993652344,113.11734008789062,119.91763305664062,126.93529510498047,133.98870849609375,133.98870849609375
2022-06-29,2022-05-26,116.26,122.01151275634766,108.57731628417969,108.57731628417969,115.07408142089844,122.01151275634766,129.4716796875,136.95640563964844,136.95640563964844
2022-06-30,2022-05-27,114.81,122.27391052246094,108.1146240234375,108.1146240234375,114.93708801269531,122.27391052246094,130.3851318359375,138.77491760253906,138.77491760253906
2022-07-01,2022-05-31,111.63,124.79435729980469,110.15605926513672,110.15605926513672,117.25202178955078,124.79435729980469,133.05606079101562,141.61358642578125,141.61358642578125
2022-07-05,2022-06-01,102.77,121.99827575683594,108.01164245605469,108.01164245605469,114.84295654296875,121.99827575683594,129.3876953125,136.97781372070312,136.97781372070312
2022-07-06,2022-06-02,100.69,122.58749389648438,109.88528442382812,109.88528442382812,116.1361312866211,122.58749389648438,129.23361206054688,136.0467529296875,136.0467529296875
2022-07-07,2022-06-03,104.65,121.36344909667969,109.1792221069336,109.1792221069336,115.15713500976562,121.36344909667969,127.7403335571289,134.25039672851562,134.25039672851562
2022-07-08,2022-06-06,107.02,121.06990051269531,109.0496826171875,109.0496826171875,114.90533447265625,121.06990051269531,127.41468048095703,133.85833740234375,133.85833740234375
2022-07-11,2022-06-07,107.1,122.6859130859375,110.06706237792969,110.06706237792969,116.206298828125,122.6859130859375,129.34085083007812,136.02978515625,136.02978515625
2022-07-12,2022-06-08,99.49,125.58064270019531,111.84976959228516,111.84976959228516,118.51400756835938,125.58064270019531,132.8321533203125,140.0384521484375,140.0384521484375
2022-07-13,2022-06-09,99.57,125.01472473144531,111.27252197265625,111.27252197265625,118.0054702758789,125.01472473144531,132.012939453125,139.04489135742188,139.04489135742188
2022-07-14,2022-06-10,99.1,123.73565673828125,109.85733032226562,109.85733032226562,116.67402648925781,123.73565673828125,130.70457458496094,137.7674560546875,137.7674560546875
2022-07-15,2022-06-13,101.16,123.3873062133789,109.39657592773438,109.39657592773438,116.2583236694336,123.3873062133789,130.34616088867188,137.37876892089844,137.37876892089844
2022-07-18,2022-06-14,106.27,122.94889831542969,108.83191680908203,108.83191680908203,115.7707290649414,122.94889831542969,129.9333953857422,137.00926208496094,137.00926208496094
2022-07-19,2022-06-15,107.35,118.73119354248047,103.913818359375,103.913818359375,111.1613540649414,118.73119354248047,125.9364013671875,133.15342712402344,133.15342712402344
2022-07-20,2022-06-16,106.92,117.7689437866211,103.38569641113281,103.38569641113281,110.41659545898438,117.7689437866211,124.80050659179688,131.7177276611328,131.7177276611328
2022-07-21,2022-06-17,103.86,114.8163833618164,99.36502075195312,99.36502075195312,106.79859924316406,114.8163833618164,122.67550659179688,130.0528564453125,130.0528564453125
2022-07-22,2022-06-21,103.2,116.86715698242188,102.73002624511719,102.73002624511719,109.54374694824219,116.86715698242188,124.20179748535156,131.18240356445312,131.18240356445312
2022-07-25,2022-06-22,105.15,115.16407775878906,100.92356872558594,100.92356872558594,107.78510284423828,115.16407775878906,122.78825378417969,130.2349090576172,130.2349090576172
2022-07-26,2022-06-23,104.4,113.47138977050781,99.4183349609375,99.4183349609375,106.15438842773438,113.47138977050781,121.06034851074219,128.47189331054688,128.47189331054688
2022-07-27,2022-06-24,106.62,117.42021179199219,103.4740982055664,103.4740982055664,110.17756652832031,117.42021179199219,125.0340805053711,132.54080200195312,132.54080200195312
2022-07-28,2022-06-27,107.14,119.2795639038086,105.94407653808594,105.94407653808594,112.39825439453125,119.2795639038086,126.54631042480469,133.68072509765625,133.68072509765625
2022-07-29,2022-06-28,110.01,122.082763671875,109.00944519042969,109.00944519042969,115.3326416015625,122.082763671875,129.14996337890625,136.08546447753906,136.08546447753906
2022-08-01,2022-06-29,100.03,121.11715698242188,108.46794128417969,108.46794128417969,114.62632751464844,121.11715698242188,127.64493560791016,134.0902099609375,134.0902099609375
2022-08-02,2022-06-30,100.54,120.50241088867188,107.13802337646484,107.13802337646484,113.63557434082031,120.50241088867188,127.3465576171875,134.0719757080078,134.0719757080078
2022-08-03,2022-07-01,96.78,116.67283630371094,102.2187271118164,102.2187271118164,109.16510009765625,116.67283630371094,124.16139221191406,131.35887145996094,131.35887145996094
2022-08-04,2022-07-05,94.12,108.85874938964844,93.2127914428711,93.2127914428711,100.60888671875,108.85874938964844,116.9261703491211,124.47579956054688,124.47579956054688
2022-08-05,2022-07-06,94.92,107.02371215820312,91.74430084228516,91.74430084228516,98.9583740234375,107.02371215820312,115.25779724121094,123.15482330322266,123.15482330322266
2022-08-08,2022-07-07,96.65,109.35008239746094,94.74818420410156,94.74818420410156,101.6778564453125,109.35008239746094,117.2691879272461,124.94468688964844,124.94468688964844
2022-08-09,2022-07-08,96.31,111.11573791503906,96.50713348388672,96.50713348388672,103.45579528808594,111.11573791503906,119.04808044433594,126.77967834472656,126.77967834472656
2022-08-10,2022-07-11,97.4,109.61978149414062,94.44580078125,94.44580078125,101.66860961914062,109.61978149414062,117.71086120605469,125.51023864746094,125.51023864746094
2022-08-11,2022-07-12,99.6,102.59998321533203,87.57457733154297,87.57457733154297,94.66165924072266,102.59998321533203,110.5317611694336,118.05873107910156,118.05873107910156
2022-08-12,2022-07-13,98.15,105.52906799316406,90.1584701538086,90.1584701538086,97.33059692382812,105.52906799316406,114.05256652832031,122.13655090332031,122.13655090332031
2022-08-15,2022-07-14,95.1,105.25594329833984,91.16764068603516,91.16764068603516,97.74675750732422,105.25594329833984,112.98291778564453,120.28976440429688,120.28976440429688
2022-08-16,2022-07-15,92.34,105.99397277832031,91.7099838256836,91.7099838256836,98.38429260253906,105.99397277832031,114.11451721191406,121.99506378173828,121.99506378173828
2022-08-17,2022-07-18,93.65,109.87322998046875,95.28873443603516,95.28873443603516,102.09425354003906,109.87322998046875,118.25859069824219,126.43386840820312,126.43386840820312
2022-08-18,2022-07-19,96.59,110.80386352539062,95.69424438476562,95.69424438476562,102.84375,110.80386352539062,119.16714477539062,127.22531127929688,127.22531127929688
2022-08-19,2022-07-20,96.72,110.30412292480469,96.1566162109375,96.1566162109375,102.92851257324219,110.30412292480469,118.04129028320312,125.58247375488281,125.58247375488281
2022-08-22,2022-07-21,96.48,109.12202453613281,95.79515075683594,95.79515075683594,102.17716979980469,109.12202453613281,116.34700012207031,123.50001525878906,123.50001525878906
2022-08-23,2022-07-22,100.22,109.35006713867188,97.15791320800781,97.15791320800781,103.02743530273438,109.35006713867188,115.83977508544922,122.26142883300781,122.26142883300781
2022-08-24,2022-07-25,101.22,112.09257507324219,99.94807434082031,99.94807434082031,105.8169174194336,112.09257507324219,118.61189270019531,125.04010009765625,125.04010009765625
2022-08-25,2022-07-26,99.34,110.37095642089844,98.16699981689453,98.16699981689453,104.09178924560547,110.37095642089844,116.91814422607422,123.28907775878906,123.28907775878906
2022-08-26,2022-07-27,100.99,112.67361450195312,100.98411560058594,100.98411560058594,106.70126342773438,112.67361450195312,118.88272094726562,124.83039855957031,124.83039855957031
2022-08-29,2022-07-28,105.09,112.52131652832031,100.97859954833984,100.97859954833984,106.63063049316406,112.52131652832031,118.71731567382812,124.8104248046875,124.8104248046875
2022-08-30,2022-07-29,99.31,113.66893005371094,101.93110656738281,101.93110656738281,107.6485595703125,113.66893005371094,119.99917602539062,126.21699523925781,126.21699523925781
2022-08-31,2022-08-01,96.49,106.10755920410156,93.2245101928711,93.2245101928711,99.42521667480469,106.10755920410156,112.77262878417969,119.33778381347656,119.33778381347656
2022-09-01,2022-08-02,92.36,106.82135772705078,94.15621948242188,94.15621948242188,100.28340911865234,106.82135772705078,113.40931701660156,119.8154525756836,119.8154525756836
2022-09-02,2022-08-03,93.02,103.61045837402344,90.86425018310547,90.86425018310547,96.96271514892578,103.61045837402344,110.2781982421875,116.65119934082031,116.65119934082031
2022-09-06,2022-08-04,92.83,100.84617614746094,87.44898986816406,87.44898986816406,93.81187438964844,100.84617614746094,108.0859603881836,114.95745849609375,114.95745849609375
2022-09-07,2022-08-05,88.0,101.05545043945312,88.66484832763672,88.66484832763672,94.55914306640625,101.05545043945312,107.78359985351562,114.13932800292969,114.13932800292969
2022-09-08,2022-08-08,89.15,100.6171875,87.67389678955078,87.67389678955078,93.7876968383789,100.6171875,108.01725006103516,115.20657348632812,115.20657348632812
2022-09-09,2022-08-09,92.84,100.25435638427734,87.50221252441406,87.50221252441406,93.49594116210938,100.25435638427734,107.76134490966797,115.22340393066406,115.22340393066406
2022-09-12,2022-08-10,94.0,100.54313659667969,87.02796173095703,87.02796173095703,93.4713134765625,100.54313659667969,108.18330383300781,115.72049713134766,115.72049713134766
2022-09-13,2022-08-11,93.17,102.9695816040039,89.74525451660156,89.74525451660156,96.14225006103516,102.9695816040039,110.29135131835938,117.45419311523438,117.45419311523438
2022-09-14,2022-08-12,94.1,101.63481140136719,89.64034271240234,89.64034271240234,95.50355529785156,101.63481140136719,108.18477630615234,114.7096939086914,114.7096939086914
2022-09-15,2022-08-15,90.84,99.47846221923828,87.76290893554688,87.76290893554688,93.47943115234375,99.47846221923828,105.69630432128906,111.83604431152344,111.83604431152344
2022-09-16,2022-08-16,91.35,97.62879943847656,84.93602752685547,84.93602752685547,91.06687927246094,97.62879943847656,104.2935791015625,110.70362091064453,110.70362091064453
2022-09-19,2022-08-17,92.0,97.00364685058594,83.87220001220703,83.87220001220703,90.2429428100586,97.00364685058594,103.85819244384766,110.42369842529297,110.42369842529297
2022-09-20,2022-08-18,90.62,101.27542114257812,89.03821563720703,89.03821563720703,95.00335693359375,101.27542114257812,107.7216796875,113.91496276855469,113.91496276855469
2022-09-21,2022-08-19,89.83,101.37311553955078,89.24009704589844,89.24009704589844,95.11637878417969,101.37311553955078,107.85496520996094,114.17727661132812,114.17727661132812
2022-09-22,2022-08-22,90.46,100.07676696777344,88.05245971679688,88.05245971679688,93.91442108154297,100.07676696777344,106.30152893066406,112.44217681884766,112.44217681884766
2022-09-23,2022-08-23,86.15,103.22879791259766,90.91732788085938,90.91732788085938,96.83807373046875,103.22879791259766,109.95987701416016,116.68933868408203,116.68933868408203
2022-09-26,2022-08-24,84.06,103.40162658691406,90.65310668945312,90.65310668945312,96.76627349853516,103.40162658691406,110.39427185058594,117.30168151855469,117.30168151855469
2022-09-27,2022-08-25,86.27,103.6094970703125,91.81685638427734,91.81685638427734,97.47654724121094,103.6094970703125,110.09947204589844,116.50035095214844,116.50035095214844
2022-09-28,2022-08-26,89.32,105.28643035888672,93.15027618408203,93.15027618408203,98.97731018066406,105.28643035888672,112.2131118774414,119.00957489013672,119.00957489013672
2022-09-29,2022-08-29,88.49,109.93120574951172,97.64722442626953,97.64722442626953,103.44270324707031,109.93120574951172,117.39694213867188,124.83920288085938,124.83920288085938
2022-09-30,2022-08-30,87.96,107.34422302246094,94.4213638305664,94.4213638305664,100.4267578125,107.34422302246094,115.3055419921875,123.26699829101562,123.26699829101562
2022-10-03,2022-08-31,88.86,107.10955810546875,93.20622253417969,93.20622253417969,99.47709655761719,107.10955810546875,116.37753295898438,125.60848999023438,125.60848999023438
2022-10-04,2022-09-01,91.8,102.7310562133789,88.27130889892578,88.27130889892578,95.01276397705078,102.7310562133789,111.25345611572266,119.42008209228516,119.42008209228516
2022-10-05,2022-09-02,93.37,102.1756362915039,88.31611633300781,88.31611633300781,94.84489440917969,102.1756362915039,110.26368713378906,118.0008316040039,118.0008316040039
2022-10-06,2022-09-06,94.42,101.51600646972656,88.29479217529297,88.29479217529297,94.48731994628906,101.51600646972656,109.32887268066406,116.86627197265625,116.86627197265625
2022-10-07,2022-09-07,97.92,97.70999908447266,83.8002700805664,83.8002700805664,90.25444793701172,97.70999908447266,105.76213073730469,113.34794616699219,113.34794616699219
2022-10-10,2022-09-08,96.19,97.29266357421875,83.55799102783203,83.55799102783203,89.91680908203125,97.29266357421875,105.43199157714844,113.13786315917969,113.13786315917969
2022-10-11,2022-09-09,94.29,98.20470428466797,84.24269104003906,84.24269104003906,90.77885437011719,98.20470428466797,106.22289276123047,113.81181335449219,113.81181335449219
2022-10-12,2022-09-12,92.45,99.14757537841797,85.408203125,85.408203125,91.83322143554688,99.14757537841797,107.04733276367188,114.53375244140625,114.53375244140625
2022-10-13,2022-09-13,94.57,98.95487976074219,85.92767333984375,85.92767333984375,91.97966003417969,98.95487976074219,106.70249938964844,114.23153686523438,114.23153686523438
2022-10-14,2022-09-14,91.63,99.03604125976562,86.12467193603516,86.12467193603516,92.15975952148438,99.03604125976562,106.5654525756836,113.92196655273438,113.92196655273438
2022-10-17,2022-09-15,91.62,97.65929412841797,84.35682678222656,84.35682678222656,90.5270004272461,97.65929412841797,105.61509704589844,113.47077178955078,113.47077178955078
2022-10-18,2022-09-16,90.03,96.9390869140625,83.56958770751953,83.56958770751953,89.77883911132812,96.9390869140625,104.98667907714844,112.96637725830078,112.96637725830078
2022-10-19,2022-09-19,92.41,99.49655151367188,86.92401123046875,86.92401123046875,92.75003051757812,99.49655151367188,107.09773254394531,114.60125732421875,114.60125732421875
2022-10-20,2022-09-20,92.38,98.25000762939453,86.25379180908203,86.25379180908203,91.88058471679688,98.25000762939453,105.4310531616211,112.57011413574219,112.57011413574219
2022-10-21,2022-09-21,93.5,98.97109985351562,87.38957977294922,87.38957977294922,92.72020721435547,98.97109985351562,106.29232025146484,113.66838836669922,113.66838836669922
2022-10-24,2022-09-22,93.26,101.51774597167969,89.36883544921875,89.36883544921875,94.80477142333984,101.51774597167969,110.17208099365234,119.4041748046875,119.4041748046875
2022-10-25,2022-09-23,93.52,98.19569396972656,84.334228515625,84.334228515625,90.51812744140625,98.19569396972656,108.12960815429688,119.11698913574219,119.11698913574219
2022-10-26,2022-09-26,95.69,94.11021423339844,80.33035278320312,80.33035278320312,86.66974639892578,94.11021423339844,102.89752197265625,111.89710998535156,111.89710998535156
2022-10-27,2022-09-27,96.96,93.26826477050781,80.2891616821289,80.2891616821289,86.31169128417969,93.26826477050781,101.45840454101562,109.68515014648438,109.68515014648438
2022-10-28,2022-09-28,95.77,95.42262268066406,83.13745880126953,83.13745880126953,88.79222106933594,95.42262268066406,103.35050201416016,111.36561584472656,111.36561584472656
2022-10-31,2022-09-29,94.83,94.91535186767578,82.72206115722656,82.72206115722656,88.35939025878906,94.91535186767578,102.64257049560547,110.55168914794922,110.55168914794922
2022-11-01,2022-09-30,94.65,92.24625396728516,80.64350128173828,80.64350128173828,86.12345886230469,92.24625396728516,99.09974670410156,106.04833221435547,106.04833221435547
2022-11-02,2022-10-03,96.16,91.39247131347656,79.97220611572266,79.97220611572266,85.42268371582031,91.39247131347656,97.84336853027344,104.2696533203125,104.2696533203125
2022-11-03,2022-10-04,94.67,95.7353286743164,84.52115631103516,84.52115631103516,89.78607177734375,95.7353286743164,102.37113952636719,108.8422622680664,108.8422622680664
2022-11-04,2022-10-05,98.57,98.84870147705078,87.39672088623047,87.39672088623047,92.61697387695312,98.84870147705078,106.34178924560547,114.05276489257812,114.05276489257812
2022-11-07,2022-10-06,97.92,99.19871520996094,88.08816528320312,88.08816528320312,93.17578887939453,99.19871520996094,106.32891082763672,113.46368408203125,113.46368408203125
2022-11-08,2022-10-07,95.36,103.88919067382812,91.48136901855469,91.48136901855469,96.98146057128906,103.88919067382812,112.849609375,123.22030639648438,123.22030639648438
2022-11-09,2022-10-10,92.65,101.28865051269531,88.9635009765625,88.9635009765625,94.52117919921875,101.28865051269531,109.5914306640625,118.6025390625,118.6025390625
2022-11-10,2022-10-11,93.67,99.3843002319336,88.03472900390625,88.03472900390625,93.20928192138672,99.3843002319336,106.3699722290039,113.1160888671875,113.1160888671875
2022-11-11,2022-10-12,95.99,97.24169921875,86.3780746459961,86.3780746459961,91.41877746582031,97.24169921875,103.5605239868164,109.68771362304688,109.68771362304688
2022-11-14,2022-10-13,93.14,98.96710205078125,88.32969665527344,88.32969665527344,93.20118713378906,98.96710205078125,105.49665832519531,111.91522216796875,111.91522216796875
2022-11-15,2022-10-14,93.86,97.3135986328125,86.04130554199219,86.04130554199219,91.18155670166016,97.3135986328125,104.6379623413086,112.50712585449219,112.50712585449219
2022-11-16,2022-10-17,92.86,96.52940368652344,84.97212982177734,84.97212982177734,90.1959457397461,96.52940368652344,104.45550537109375,113.41641235351562,113.41641235351562
2022-11-17,2022-10-18,89.78,93.2874755859375,82.18910217285156,82.18910217285156,87.34906005859375,93.2874755859375,100.0023193359375,106.73915100097656,106.73915100097656
2022-11-18,2022-10-19,87.62,94.34823608398438,83.44120025634766,83.44120025634766,88.51927947998047,94.34823608398438,101.01692199707031,107.7332763671875,107.7332763671875
2022-11-21,2022-10-20,87.45,94.52045440673828,84.2886734008789,84.2886734008789,89.06295776367188,94.52045440673828,100.72793579101562,107.0411148071289,107.0411148071289
2022-11-22,2022-10-21,88.36,96.59776306152344,86.39834594726562,86.39834594726562,91.16960144042969,96.59776306152344,102.71014404296875,108.89604949951172,108.89604949951172
2022-11-23,2022-10-24,85.41,95.66207122802734,86.12142181396484,86.12142181396484,90.63014221191406,95.66207122802734,101.15167236328125,106.67156219482422,106.67156219482422
2022-11-25,2022-10-25,83.63,94.90824890136719,85.6084213256836,85.6084213256836,90.03466033935547,94.90824890136719,100.14521789550781,105.28242492675781,105.28242492675781
2022-11-28,2022-10-26,83.19,97.58110809326172,88.67317962646484,88.67317962646484,92.93246459960938,97.58110809326172,102.58357238769531,107.45944213867188,107.45944213867188
2022-11-29,2022-10-27,83.03,99.94337463378906,90.82643127441406,90.82643127441406,95.16508483886719,99.94337463378906,105.20297241210938,110.36969757080078,110.36969757080078
2022-11-30,2022-10-28,85.43,98.75914001464844,89.92166137695312,89.92166137695312,94.16554260253906,98.75914001464844,103.58963012695312,108.30684661865234,108.30684661865234
2022-12-01,2022-10-31,86.88,97.76499938964844,88.53209686279297,88.53209686279297,92.95558166503906,97.76499938964844,102.75962829589844,107.65860748291016,107.65860748291016
2022-12-02,2022-11-01,85.57,96.26316833496094,86.69963073730469,86.69963073730469,91.3182144165039,96.26316833496094,101.28564453125,106.19811248779297,106.19811248779297
2022-12-05,2022-11-02,82.68,97.70796203613281,88.4679183959961,88.4679183959961,92.91028594970703,97.70796203613281,102.59417724609375,107.25485229492188,107.25485229492188
2022-12-06,2022-11-03,79.35,95.73262023925781,86.53506469726562,86.53506469726562,90.99695587158203,95.73262023925781,100.38168334960938,104.74948120117188,104.74948120117188
2022-12-07,2022-11-04,77.17,99.40599060058594,90.06998443603516,90.06998443603516,94.52801513671875,99.40599060058594,104.53535461425781,109.38091278076172,109.38091278076172
2022-12-08,2022-11-07,76.15,98.75032043457031,89.62689208984375,89.62689208984375,94.02455139160156,98.75032043457031,103.72877502441406,108.62017822265625,108.62017822265625
2022-12-09,2022-11-08,76.1,96.09088134765625,86.84404754638672,86.84404754638672,91.27305603027344,96.09088134765625,101.06372833251953,105.98643493652344,105.98643493652344
2022-12-12,2022-11-09,77.99,93.16259765625,83.68628692626953,83.68628692626953,88.27117156982422,93.16259765625,98.06999206542969,102.9814453125,102.9814453125
2022-12-13,2022-11-10,80.68,93.02449035644531,83.95856475830078,83.95856475830078,88.35202026367188,93.02449035644531,97.76248168945312,102.5104751586914,102.5104751586914
2022-12-14,2022-11-11,82.7,94.6290512084961,86.02234649658203,86.02234649658203,90.16117858886719,94.6290512084961,99.26007080078125,103.90174102783203,103.90174102783203
2022-12-15,2022-11-14,81.21,93.17489624023438,84.45182037353516,84.45182037353516,88.66181945800781,93.17489624023438,97.70709991455078,102.17848205566406,102.17848205566406
2022-12-16,2022-11-15,79.04,94.27108001708984,85.5068359375,85.5068359375,89.74458312988281,94.27108001708984,98.85308837890625,103.30561828613281,103.30561828613281
2022-12-19,2022-11-16,79.8,93.41059875488281,84.73650360107422,84.73650360107422,88.97830200195312,93.41059875488281,97.8946304321289,102.24372863769531,102.24372863769531
2022-12-20,2022-11-17,79.99,90.86160278320312,82.09304809570312,82.09304809570312,86.3905029296875,90.86160278320312,95.21107482910156,99.43382263183594,99.43382263183594
2022-12-21,2022-11-18,82.2,89.84548950195312,80.01104736328125,80.01104736328125,84.78775024414062,89.84548950195312,94.7607421875,99.51158142089844,99.51158142089844
2022-12-22,2022-11-21,80.98,89.09627532958984,79.0899658203125,79.0899658203125,83.95265197753906,89.09627532958984,94.11689758300781,98.99551391601562,98.99551391601562
2022-12-23,2022-11-22,83.92,89.80949401855469,79.82339477539062,79.82339477539062,84.64018249511719,89.80949401855469,95.02101135253906,100.07806396484375,100.07806396484375
2022-12-27,2022-11-23,84.33,86.21356201171875,75.62557983398438,75.62557983398438,80.76038360595703,86.21356201171875,91.54975891113281,96.69307708740234,96.69307708740234
2022-12-28,2022-11-25,83.26,85.22480773925781,74.54743957519531,74.54743957519531,79.71987915039062,85.22480773925781,90.54225158691406,95.55399322509766,95.55399322509766
2022-12-29,2022-11-28,82.26,84.71455383300781,74.60504150390625,74.60504150390625,79.50177001953125,84.71455383300781,89.68753051757812,94.33539581298828,94.33539581298828
2022-12-30,2022-11-29,85.91,85.44166564941406,75.4844970703125,75.4844970703125,80.25283813476562,85.44166564941406,90.53983306884766,95.34638214111328,95.34638214111328
2023-01-03,2022-11-30,82.1,86.89205932617188,77.40463256835938,77.40463256835938,81.95265197753906,86.89205932617188,91.82098388671875,96.6125259399414,96.6125259399414
2023-01-04,2022-12-01,77.84,88.27167510986328,79.20378875732422,79.20378875732422,83.53822326660156,88.27167510986328,93.08424377441406,97.82569122314453,97.82569122314453
2023-01-05,2022-12-02,78.69,86.9420166015625,78.2165298461914,78.2165298461914,82.46133422851562,86.9420166015625,91.40218353271484,95.9278564453125,95.9278564453125
2023-01-06,2022-12-05,78.57,84.70356750488281,75.8753662109375,75.8753662109375,80.19046020507812,84.70356750488281,89.11026763916016,93.63534545898438,93.63534545898438
2023-01-09,2022-12-06,79.65,82.19815826416016,72.83084869384766,72.83084869384766,77.40798950195312,82.19815826416016,86.81480407714844,91.50526428222656,91.50526428222656
2023-01-10,2022-12-07,80.1,81.78903198242188,71.85565185546875,71.85565185546875,76.70350646972656,81.78903198242188,86.6155776977539,91.41342163085938,91.41342163085938
2023-01-11,2022-12-08,82.67,81.2878189086914,71.2121353149414,71.2121353149414,76.12417602539062,81.2878189086914,86.25775909423828,91.1721420288086,91.1721420288086
2023-01-12,2022-12-09,84.03,79.97891998291016,69.5556640625,69.5556640625,74.66010284423828,79.97891998291016,85.17106628417969,90.2601318359375,90.2601318359375
2023-01-13,2022-12-12,85.28,81.70142364501953,71.70564270019531,71.70564270019531,76.59124755859375,81.70142364501953,86.65696716308594,91.51766204833984,91.51766204833984
2023-01-17,2022-12-13,85.92,84.50688171386719,74.31129455566406,74.31129455566406,79.24394226074219,84.50688171386719,89.68285369873047,94.7262191772461,94.7262191772461
2023-01-18,2022-12-14,84.98,86.01107025146484,76.13079071044922,76.13079071044922,80.9153823852539,86.01107025146484,91.01705932617188,95.88716125488281,95.88716125488281
2023-01-19,2022-12-15,86.16,84.85526275634766,75.13163757324219,75.13163757324219,79.84770965576172,84.85526275634766,89.7447509765625,94.5374984741211,94.5374984741211
2023-01-20,2022-12-16,87.63,82.63509368896484,72.61805725097656,72.61805725097656,77.46527099609375,82.63509368896484,87.64451599121094,92.54430389404297,92.54430389404297
2023-01-23,2022-12-19,88.19,84.12734985351562,73.98802185058594,73.98802185058594,78.86148071289062,84.12734985351562,89.26232147216797,94.25473022460938,94.25473022460938
2023-01-24,2022-12-20,86.13,84.6209487915039,74.88849639892578,74.88849639892578,79.58006286621094,84.6209487915039,89.46060180664062,94.15715026855469,94.15715026855469
2023-01-25,2022-12-21,86.12,86.71141815185547,76.92683410644531,76.92683410644531,81.5963134765625,86.71141815185547,91.77449798583984,96.63258361816406,96.63258361816406
2023-01-26,2022-12-22,87.47,85.00130462646484,75.55581665039062,75.55581665039062,80.10369873046875,85.00130462646484,89.80635070800781,94.53759002685547,94.53759002685547
2023-01-27,2022-12-23,86.66,88.14468383789062,78.38642883300781,78.38642883300781,83.05545043945312,88.14468383789062,93.2396240234375,98.19084930419922,98.19084930419922
2023-01-30,2022-12-27,84.9,87.55646514892578,78.1512451171875,78.1512451171875,82.7357177734375,87.55646514892578,92.26931762695312,96.97645568847656,96.97645568847656
2023-01-31,2022-12-28,84.49,85.89183044433594,76.8909912109375,76.8909912109375,81.32125854492188,85.89183044433594,90.35000610351562,94.88742065429688,94.88742065429688
2023-02-01,2022-12-29,82.84,83.90229034423828,74.87012481689453,74.87012481689453,79.3135757446289,83.90229034423828,88.38238525390625,92.96185302734375,92.96185302734375
2023-02-02,2022-12-30,82.17,86.82621002197266,77.23041534423828,77.23041534423828,81.90160369873047,86.82621002197266,91.62460327148438,96.3759765625,96.3759765625
2023-02-03,2023-01-03,79.94,85.03022766113281,75.63628387451172,75.63628387451172,80.22538757324219,85.03022766113281,89.68328857421875,94.31723022460938,94.31723022460938
2023-02-06,2023-01-04,80.99,81.0573501586914,70.1423110961914,70.1423110961914,75.46139526367188,81.0573501586914,86.42432403564453,91.62513732910156,91.62513732910156
2023-02-07,2023-01-05,83.69,81.59998321533203,71.38972473144531,71.38972473144531,76.345947265625,81.59998321533203,86.63876342773438,91.55715942382812,91.55715942382812
2023-02-08,2023-01-06,85.09,81.5079345703125,71.09994506835938,71.09994506835938,76.14532470703125,81.5079345703125,86.61151123046875,91.60553741455078,91.60553741455078
2023-02-09,2023-01-09,84.5,81.51168823242188,71.35435485839844,71.35435485839844,76.27445220947266,81.51168823242188,86.43573760986328,91.22325897216797,91.22325897216797
2023-02-10,2023-01-10,86.39,80.05368041992188,70.03697967529297,70.03697967529297,74.886962890625,80.05368041992188,84.9175796508789,89.67015075683594,89.67015075683594
2023-02-13,2023-01-11,86.61,79.94469451904297,69.68150329589844,69.68150329589844,74.63421630859375,79.94469451904297,84.99948120117188,89.887451171875,89.887451171875
2023-02-14,2023-01-12,85.58,81.58213806152344,70.76480102539062,70.76480102539062,75.98477172851562,81.58213806152344,86.993896484375,92.16389465332031,92.16389465332031
2023-02-15,2023-01-13,85.38,82.45702362060547,71.58973693847656,71.58973693847656,76.7810287475586,82.45702362060547,88.05257415771484,93.43668365478516,93.43668365478516
2023-02-16,2023-01-17,85.14,84.43978881835938,73.6220703125,73.6220703125,78.7918701171875,84.43978881835938,90.08065795898438,95.57339477539062,95.57339477539062
2023-02-17,2023-01-18,83.0,82.40177917480469,72.1329345703125,72.1329345703125,77.0673599243164,82.40177917480469,87.65458679199219,92.83769989013672,92.83769989013672
2023-02-21,2023-01-19,83.05,84.05550384521484,73.86491394042969,73.86491394042969,78.75106811523438,84.05550384521484,89.3466567993164,94.58169555664062,94.58169555664062
2023-02-22,2023-01-20,80.6,82.71188354492188,72.62193298339844,72.62193298339844,77.45353698730469,82.71188354492188,87.99539184570312,93.24160766601562,93.24160766601562
2023-02-23,2023-01-23,82.21,82.29157257080078,72.43966674804688,72.43966674804688,77.18275451660156,82.29157257080078,87.39497375488281,92.4544906616211,92.4544906616211
2023-02-24,2023-01-24,83.16,80.22868347167969,70.58024597167969,70.58024597167969,75.23190307617188,80.22868347167969,85.13047790527344,89.95140838623047,89.95140838623047
2023-02-27,2023-01-25,82.45,79.3163833618164,69.50887298583984,69.50887298583984,74.20431518554688,79.3163833618164,84.26260375976562,89.00479125976562,89.00479125976562
2023-02-28,2023-01-26,83.89,81.06192779541016,71.32709503173828,71.32709503173828,75.98555755615234,81.06192779541016,85.96363067626953,90.62804412841797,90.62804412841797
2023-03-01,2023-01-27,84.31,80.67269897460938,70.33515167236328,70.33515167236328,75.3107681274414,80.67269897460938,85.78911590576172,90.65377807617188,90.65377807617188
2023-03-02,2023-01-30,84.75,78.04249572753906,67.82408142089844,67.82408142089844,72.75447082519531,78.04249572753906,83.05905151367188,87.79605865478516,87.79605865478516
2023-03-03,2023-01-31,85.83,77.00108337402344,66.67750549316406,66.67750549316406,71.67140197753906,77.00108337402344,82.04788208007812,86.82530975341797,86.82530975341797
2023-03-06,2023-02-01,86.18,75.01299285888672,64.60205841064453,64.60205841064453,69.61830139160156,75.01299285888672,80.06536102294922,84.80117797851562,84.80117797851562
2023-03-07,2023-02-02,83.29,72.21734619140625,61.98209762573242,61.98209762573242,66.89830780029297,72.21734619140625,77.21646118164062,81.8786849975586,81.8786849975586
2023-03-08,2023-02-03,82.66,71.15213012695312,60.36266326904297,60.36266326904297,65.59819030761719,71.15213012695312,76.33853149414062,81.11518859863281,81.11518859863281
2023-03-09,2023-02-06,81.59,75.20439147949219,64.38914489746094,64.38914489746094,69.62736511230469,75.20439147949219,80.49671936035156,85.43477630615234,85.43477630615234
2023-03-10,2023-02-07,82.78,78.12371063232422,67.2902603149414,67.2902603149414,72.49308776855469,78.12371063232422,83.61258697509766,88.7401123046875,88.7401123046875
2023-03-13,2023-02-08,80.77,79.72443389892578,68.96932220458984,68.96932220458984,74.11032104492188,79.72443389892578,85.221923828125,90.36717224121094,90.36717224121094
2023-03-14,2023-02-09,77.45,77.50645446777344,67.20516204833984,67.20516204833984,72.13450622558594,77.50645446777344,82.66983032226562,87.50555419921875,87.50555419921875
2023-03-15,2023-02-10,73.69,80.3720932006836,70.12194061279297,70.12194061279297,74.99878692626953,80.3720932006836,85.61270141601562,90.5434341430664,90.5434341430664
2023-03-16,2023-02-13,74.7,78.67347717285156,68.38094329833984,68.38094329833984,73.25828552246094,78.67347717285156,83.97004699707031,88.92852783203125,88.92852783203125
2023-03-17,2023-02-14,72.97,78.33457946777344,68.23089599609375,68.23089599609375,73.06575012207031,78.33457946777344,83.42183685302734,88.19999694824219,88.19999694824219
2023-03-20,2023-02-15,73.79,78.64399719238281,68.83495330810547,68.83495330810547,73.5261001586914,78.64399719238281,83.56477355957031,88.1380615234375,88.1380615234375
2023-03-21,2023-02-16,75.32,76.96824645996094,67.00852966308594,67.00852966308594,71.76158905029297,76.96824645996094,81.95756530761719,86.56055450439453,86.56055450439453
2023-03-22,2023-02-17,76.69,77.50437927246094,67.73844909667969,67.73844909667969,72.42207336425781,77.50437927246094,82.35214233398438,86.84269714355469,86.84269714355469
2023-03-23,2023-02-21,75.91,79.32550048828125,69.53245544433594,69.53245544433594,74.25129699707031,79.32550048828125,84.26588439941406,88.92634582519531,88.92634582519531
2023-03-24,2023-02-22,74.99,76.89859008789062,67.00550842285156,67.00550842285156,71.78239440917969,76.89859008789062,81.83051300048828,86.46919250488281,86.46919250488281
2023-03-27,2023-02-23,78.12,78.07905578613281,68.34928131103516,68.34928131103516,73.03351593017578,78.07905578613281,82.99917602539062,87.6422119140625,87.6422119140625
2023-03-28,2023-02-24,78.65,78.99600982666016,69.4561996459961,69.4561996459961,74.0389633178711,78.99600982666016,83.84325408935547,88.37879180908203,88.37879180908203
2023-03-29,2023-02-27,78.28,77.51203155517578,67.9770278930664,67.9770278930664,72.54788208007812,77.51203155517578,82.31959533691406,86.80069732666016,86.80069732666016
2023-03-30,2023-02-28,79.27,80.42940521240234,70.86703491210938,70.86703491210938,75.45553588867188,80.42940521240234,85.33042907714844,89.89413452148438,89.89413452148438
2023-03-31,2023-03-01,79.77,81.8618392944336,72.52554321289062,72.52554321289062,76.99201202392578,81.8618392944336,86.64396667480469,91.11009216308594,91.11009216308594
2023-04-03,2023-03-02,84.93,81.61701202392578,72.0199966430664,72.0199966430664,76.58073425292969,81.61701202392578,86.62998962402344,91.3697738647461,91.3697738647461
2023-04-04,2023-03-03,84.94,81.88003540039062,72.32222747802734,72.32222747802734,76.84783935546875,81.88003540039062,86.82672119140625,91.41278076171875,91.41278076171875
2023-04-05,2023-03-06,84.99,81.63378143310547,71.87460327148438,71.87460327148438,76.49454498291016,81.63378143310547,86.58657836914062,91.10956573486328,91.10956573486328
2023-04-06,2023-03-07,85.12,80.16705322265625,70.77997589111328,70.77997589111328,75.23621368408203,80.16705322265625,84.86253356933594,89.20777893066406,89.20777893066406
2023-04-10,2023-03-08,84.18,79.34757995605469,69.97529602050781,69.97529602050781,74.43531799316406,79.34757995605469,84.01033020019531,88.33702850341797,88.33702850341797
2023-04-11,2023-03-09,85.61,78.48831939697266,69.29381561279297,69.29381561279297,73.69895935058594,78.48831939697266,83.0184326171875,87.24854278564453,87.24854278564453
2023-04-12,2023-03-10,87.33,78.51451110839844,69.61619567871094,69.61619567871094,73.84963989257812,78.51451110839844,82.96221923828125,87.11566162109375,87.11566162109375
2023-04-13,2023-03-13,86.09,75.90546417236328,66.79290771484375,66.79290771484375,71.1461181640625,75.90546417236328,80.36860656738281,84.55201721191406,84.55201721191406
2023-04-14,2023-03-14,86.31,74.34742736816406,64.81355285644531,64.81355285644531,69.3890380859375,74.34742736816406,78.97014617919922,83.3043212890625,83.3043212890625
2023-04-17,2023-03-15,84.76,71.79991149902344,61.242530822753906,61.242530822753906,66.32288360595703,71.79991149902344,76.89202880859375,81.69803619384766,81.69803619384766
2023-04-18,2023-03-16,84.77,72.0068588256836,62.009925842285156,62.009925842285156,66.80831146240234,72.0068588256836,76.92640686035156,81.62445068359375,81.62445068359375
2023-04-19,2023-03-17,83.12,70.56902313232422,60.05797576904297,60.05797576904297,65.12909698486328,70.56902313232422,75.68840026855469,80.56131744384766,80.56131744384766
2023-04-20,2023-03-20,81.1,71.47943878173828,61.21003341674805,61.21003341674805,66.14859008789062,71.47943878173828,76.54821014404297,81.37980651855469,81.37980651855469
2023-04-21,2023-03-21,81.66,72.33879089355469,62.60194778442383,62.60194778442383,67.26985168457031,72.33879089355469,77.17146301269531,81.76641845703125,81.76641845703125
2023-04-24,2023-03-22,82.73,74.68710327148438,65.13197326660156,65.13197326660156,69.73101806640625,74.68710327148438,79.53093719482422,84.20636749267578,84.20636749267578
2023-04-25,2023-03-23,80.77,74.53839874267578,65.10299682617188,65.10299682617188,69.64562225341797,74.53839874267578,79.24334716796875,83.77787017822266,83.77787017822266
2023-04-26,2023-03-24,77.69,74.27406311035156,65.0748291015625,65.0748291015625,69.4925537109375,74.27406311035156,78.9198989868164,83.43760681152344,83.43760681152344
2023-04-27,2023-03-27,78.37,76.30960845947266,67.21099853515625,67.21099853515625,71.53565979003906,76.30960845947266,81.11073303222656,85.75643920898438,85.75643920898438
2023-04-28,2023-03-28,79.54,76.6313705444336,67.5299072265625,67.5299072265625,71.86578369140625,76.6313705444336,81.41937255859375,86.0372543334961,86.0372543334961
2023-05-01,2023-03-29,79.31,77.21641540527344,68.03396606445312,68.03396606445312,72.41621398925781,77.21641540527344,82.00808715820312,86.62063598632812,86.62063598632812
2023-05-02,2023-03-30,75.32,77.03412628173828,67.82962036132812,67.82962036132812,72.212646484375,77.03412628173828,81.85665130615234,86.50224304199219,86.50224304199219
2023-05-03,2023-03-31,72.33,76.83206176757812,67.42411041259766,67.42411041259766,71.90361785888672,76.83206176757812,81.76863098144531,86.57827758789062,86.57827758789062
2023-05-04,2023-04-03,72.5,79.70623016357422,68.74703979492188,68.74703979492188,73.78530883789062,79.70623016357422,86.15486907958984,92.95153045654297,92.95153045654297
2023-05-05,2023-04-04,75.3,78.5443344116211,67.47185516357422,67.47185516357422,72.56909942626953,78.5443344116211,84.69125366210938,90.43413543701172,90.43413543701172
2023-05-08,2023-04-05,77.01,79.40963745117188,68.29840087890625,68.29840087890625,73.45039367675781,79.40963745117188,85.47834777832031,91.03923797607422,91.03923797607422
2023-05-09,2023-04-06,77.44,81.39773559570312,69.97050476074219,69.97050476074219,75.28190612792969,81.39773559570312,87.71713256835938,93.57115936279297,93.57115936279297
2023-05-10,2023-04-10,76.41,80.72492218017578,69.79912567138672,69.79912567138672,74.91333770751953,80.72492218017578,86.65046691894531,92.20024108886719,92.20024108886719
2023-05-11,2023-04-11,74.98,82.5046615600586,71.18700408935547,71.18700408935547,76.48234558105469,82.5046615600586,88.70405578613281,94.48725891113281,94.48725891113281
2023-05-12,2023-04-12,74.17,84.21370697021484,72.62872314453125,72.62872314453125,78.04926300048828,84.21370697021484,90.57427215576172,96.45025634765625,96.45025634765625
2023-05-15,2023-04-13,75.23,83.36507415771484,72.25367736816406,72.25367736816406,77.49390411376953,83.36507415771484,89.29641723632812,94.77833557128906,94.77833557128906
2023-05-16,2023-04-14,74.91,84.51797485351562,73.43148803710938,73.43148803710938,78.69869995117188,84.51797485351562,90.42146301269531,95.92369842529297,95.92369842529297
2023-05-17,2023-04-17,76.96,82.97923278808594,72.33175659179688,72.33175659179688,77.38793182373047,82.97923278808594,88.53034973144531,93.70829010009766,93.70829010009766
2023-05-18,2023-04-18,75.86,83.65968322753906,73.37216186523438,73.37216186523438,78.24710083007812,83.65968322753906,89.09839630126953,94.26171875,94.26171875
2023-05-19,2023-04-19,75.58,81.1253433227539,71.10462951660156,71.10462951660156,75.85421752929688,81.1253433227539,86.3570556640625,91.33683013916016,91.33683013916016
2023-05-22,2023-04-20,75.99,78.66799926757812,68.2510757446289,68.2510757446289,73.19474792480469,78.66799926757812,84.0626449584961,89.24026489257812,89.24026489257812
2023-05-23,2023-04-21,76.84,79.01683044433594,68.45625305175781,68.45625305175781,73.45097351074219,79.01683044433594,84.5352783203125,89.81008911132812,89.81008911132812
2023-05-24,2023-04-24,78.36,78.3887939453125,67.6565933227539,67.6565933227539,72.71685028076172,78.3887939453125,84.04960632324219,89.38645935058594,89.38645935058594
2023-05-25,2023-04-25,76.26,75.75985717773438,65.02450561523438,65.02450561523438,70.11622619628906,75.75985717773438,81.30481719970703,86.5528564453125,86.5528564453125
2023-05-26,2023-04-26,76.95,73.86544799804688,62.39751434326172,62.39751434326172,67.8944091796875,73.86544799804688,79.68031311035156,85.19984436035156,85.19984436035156
2023-05-30,2023-04-27,73.54,73.0177001953125,61.06108856201172,61.06108856201172,66.81698608398438,73.0177001953125,79.07577514648438,84.75486755371094,84.75486755371094
2023-05-31,2023-04-28,72.66,75.28255462646484,63.794395446777344,63.794395446777344,69.3367919921875,75.28255462646484,81.12040710449219,86.59330749511719,86.59330749511719
2023-06-01,2023-05-01,74.28,76.0581283569336,64.68448638916016,64.68448638916016,70.22510528564453,76.0581283569336,81.85154724121094,87.33975219726562,87.33975219726562
2023-06-02,2023-05-02,76.13,73.1277084350586,61.13100051879883,61.13100051879883,67.05989837646484,73.1277084350586,78.93931579589844,84.37093353271484,84.37093353271484
2023-06-05,2023-05-03,76.71,70.5496826171875,57.452186584472656,57.452186584472656,64.0185546875,70.5496826171875,76.68058013916016,82.27295684814453,82.27295684814453
2023-06-06,2023-05-04,76.29,71.24397277832031,58.67000198364258,58.67000198364258,64.93717956542969,71.24397277832031,77.25726318359375,82.7929458618164,82.7929458618164
2023-06-07,2023-05-05,76.95,74.04339599609375,62.593482971191406,62.593482971191406,68.25968933105469,74.04339599609375,79.57929229736328,84.7542953491211,84.7542953491211
2023-06-08,2023-05-08,75.96,75.61190032958984,64.64837646484375,64.64837646484375,70.04067993164062,75.61190032958984,80.99017333984375,86.07844543457031,86.07844543457031
2023-06-09,2023-05-09,74.79,76.24784851074219,65.62870788574219,65.62870788574219,70.84111022949219,76.24784851074219,81.51010131835938,86.50242614746094,86.50242614746094
2023-06-12,2023-05-10,71.84,74.7970199584961,64.36698913574219,64.36698913574219,69.5086669921875,74.7970199584961,79.93766784667969,84.91242218017578,84.91242218017578
2023-06-13,2023-05-11,74.29,72.73902893066406,62.58324432373047,62.58324432373047,67.54659271240234,72.73902893066406,77.77394104003906,82.69527435302734,82.69527435302734
2023-06-14,2023-05-12,73.2,71.23225402832031,61.046478271484375,61.046478271484375,66.00588989257812,71.23225402832031,76.30830383300781,81.24676513671875,81.24676513671875
2023-06-15,2023-05-15,75.67,72.18878173828125,61.791751861572266,61.791751861572266,66.82818603515625,72.18878173828125,77.48672485351562,82.59894561767578,82.59894561767578
2023-06-16,2023-05-16,76.61,71.12208557128906,60.83552551269531,60.83552551269531,65.82968139648438,71.12208557128906,76.37875366210938,81.39090728759766,81.39090728759766
2023-06-20,2023-05-17,75.9,72.39955139160156,62.0442008972168,62.0442008972168,67.07770538330078,72.39955139160156,77.62369537353516,82.5709228515625,82.5709228515625
2023-06-21,2023-05-18,77.12,71.279052734375,60.3703727722168,60.3703727722168,65.71499633789062,71.279052734375,76.71859741210938,81.88098907470703,81.88098907470703
2023-06-22,2023-05-19,74.14,69.92256927490234,58.4553108215332,58.4553108215332,64.08830261230469,69.92256927490234,75.5926742553711,80.88159942626953,80.88159942626953
2023-06-23,2023-05-22,73.85,71.85009765625,60.78142547607422,60.78142547607422,66.22561645507812,71.85009765625,77.32957458496094,82.46673583984375,82.46673583984375
2023-06-26,2023-05-23,74.18,73.9015884399414,62.76382064819336,62.76382064819336,68.19918823242188,73.9015884399414,79.55978393554688,84.85798645019531,84.85798645019531
2023-06-27,2023-05-24,72.26,75.6257095336914,64.76551055908203,64.76551055908203,70.01565551757812,75.6257095336914,81.23654174804688,86.42172241210938,86.42172241210938
2023-06-28,2023-05-25,74.03,73.98564910888672,62.962364196777344,62.962364196777344,68.37422180175781,73.98564910888672,79.46475219726562,84.552001953125,84.552001953125
2023-06-29,2023-05-26,74.34,74.6702880859375,64.12657928466797,64.12657928466797,69.27782440185547,74.6702880859375,79.94815063476562,84.88556671142578,84.88556671142578
2023-06-30,2023-05-30,74.9,72.70027160644531,61.953834533691406,61.953834533691406,67.27268981933594,72.70027160644531,77.88215637207031,82.67093658447266,82.67093658447266
2023-07-03,2023-05-31,74.65,72.66197204589844,62.31500244140625,62.31500244140625,67.44854736328125,72.66197204589844,77.66146087646484,82.31761169433594,82.31761169433594
2023-07-05,2023-06-01,76.65,74.76319122314453,64.89865112304688,64.89865112304688,69.75555419921875,74.76319122314453,79.59832000732422,84.15000915527344,84.15000915527344
2023-07-06,2023-06-02,76.52,75.20787811279297,65.51905059814453,65.51905059814453,70.2603988647461,75.20787811279297,80.09540557861328,84.7713623046875,84.7713623046875
2023-07-07,2023-06-05,78.47,73.95708465576172,64.76146697998047,64.76146697998047,69.25001525878906,73.95708465576172,78.656982421875,83.20260620117188,83.20260620117188
2023-07-10,2023-06-06,77.69,72.61023712158203,63.77238845825195,63.77238845825195,68.06661987304688,72.61023712158203,77.19512176513672,81.65465545654297,81.65465545654297
2023-07-11,2023-06-07,79.4,73.48660278320312,64.81622314453125,64.81622314453125,68.99117279052734,73.48660278320312,78.08573913574219,82.59893798828125,82.59893798828125
2023-07-12,2023-06-08,80.11,73.06597137451172,64.63591003417969,64.63591003417969,68.73184967041016,73.06597137451172,77.50750732421875,81.87957000732422,81.87957000732422
2023-07-13,2023-06-09,81.36,71.94379425048828,63.28175354003906,63.28175354003906,67.55419158935547,71.94379425048828,76.407958984375,80.74847412109375,80.74847412109375
2023-07-14,2023-06-12,79.87,68.95344543457031,58.96765899658203,58.96765899658203,63.95717239379883,68.95344543457031,73.88689422607422,78.59191131591797,78.59191131591797
2023-07-17,2023-06-13,78.5,69.85636901855469,59.510704040527344,59.510704040527344,64.66656494140625,69.85636901855469,74.97814178466797,79.7845458984375,79.7845458984375
2023-07-18,2023-06-14,79.63,68.71546936035156,58.8669548034668,58.8669548034668,63.76128387451172,68.71546936035156,73.59367370605469,78.21793365478516,78.21793365478516
2023-07-19,2023-06-15,79.46,70.8152084350586,60.812496185302734,60.812496185302734,65.73670959472656,70.8152084350586,75.92047882080078,80.82478332519531,80.82478332519531
2023-07-20,2023-06-16,79.64,71.38079833984375,61.75859069824219,61.75859069824219,66.48210144042969,71.38079833984375,76.32447814941406,81.11068725585938,81.11068725585938
2023-07-21,2023-06-20,81.07,70.83493041992188,60.868408203125,60.868408203125,65.78701782226562,70.83493041992188,75.83064270019531,80.6718978881836,80.6718978881836
2023-07-24,2023-06-21,82.74,71.68880462646484,61.94827651977539,61.94827651977539,66.71319580078125,71.68880462646484,76.6206283569336,81.38674926757812,81.38674926757812
2023-07-25,2023-06-22,83.64,71.10316467285156,61.457481384277344,61.457481384277344,66.20402526855469,71.10316467285156,75.84396362304688,80.37963104248047,80.37963104248047
2023-07-26,2023-06-23,82.92,70.75119018554688,61.61900329589844,61.61900329589844,66.12358093261719,70.75119018554688,75.26439666748047,79.61433410644531,79.61433410644531
2023-07-27,2023-06-26,84.24,71.35566711425781,62.32893371582031,62.32893371582031,66.75445556640625,71.35566711425781,75.8790054321289,80.25928497314453,80.25928497314453
2023-07-28,2023-06-27,84.99,69.95355224609375,60.76633834838867,60.76633834838867,65.31303405761719,69.95355224609375,74.49806213378906,78.9332275390625,78.9332275390625
2023-07-31,2023-06-28,85.56,69.76826477050781,60.921363830566406,60.921363830566406,65.26963806152344,69.76826477050781,74.23463439941406,78.59478759765625,78.59478759765625
2023-08-01,2023-06-29,84.91,68.74028778076172,60.03196334838867,60.03196334838867,64.29460144042969,68.74028778076172,73.13201904296875,77.4283218383789,77.4283218383789
2023-08-02,2023-06-30,83.2,68.99296569824219,60.52490997314453,60.52490997314453,64.62777709960938,68.99296569824219,73.35147857666016,77.60945892333984,77.60945892333984
2023-08-03,2023-07-03,85.14,70.19709014892578,61.72328186035156,61.72328186035156,65.86087036132812,70.19709014892578,74.58815002441406,78.83374786376953,78.83374786376953
2023-08-04,2023-07-05,86.24,72.0654296875,63.00422286987305,63.00422286987305,67.44832611083984,72.0654296875,76.76072692871094,81.21733856201172,81.21733856201172
2023-08-07,2023-07-06,85.34,72.08824157714844,62.52509307861328,62.52509307861328,67.21104431152344,72.08824157714844,77.05593872070312,81.76294708251953,81.76294708251953
2023-08-08,2023-07-07,86.17,73.96896362304688,63.28284454345703,63.28284454345703,68.53216552734375,73.96896362304688,79.49589538574219,84.55268096923828,84.55268096923828
2023-08-09,2023-07-10,87.55,74.28343200683594,64.15642547607422,64.15642547607422,69.0916976928711,74.28343200683594,79.48309326171875,84.24993896484375,84.24993896484375
2023-08-10,2023-07-11,86.4,76.40573120117188,65.77277374267578,65.77277374267578,70.8774185180664,76.40573120117188,82.0553207397461,87.21439361572266,87.21439361572266
2023-08-11,2023-07-12,86.81,77.69292449951172,67.38673400878906,67.38673400878906,72.29376983642578,77.69292449951172,83.25885009765625,88.36909484863281,88.36909484863281
2023-08-14,2023-07-13,86.21,79.57918548583984,68.93045043945312,68.93045043945312,73.97602081298828,79.57918548583984,85.34689331054688,90.5951156616211,90.5951156616211
2023-08-15,2023-07-14,84.89,79.07039642333984,68.79019165039062,68.79019165039062,73.66824340820312,79.07039642333984,84.52742004394531,89.52244567871094,89.52244567871094
2023-08-16,2023-07-17,83.45,79.10211181640625,69.49192810058594,69.49192810058594,74.08983612060547,79.10211181640625,84.08859252929688,88.67276000976562,88.67276000976562
2023-08-17,2023-07-18,84.12,79.9024658203125,70.37129211425781,70.37129211425781,74.929931640625,79.9024658203125,84.85186004638672,89.37633514404297,89.37633514404297
2023-08-18,2023-07-19,84.8,79.95133209228516,70.59304809570312,70.59304809570312,75.08345794677734,79.95133209228516,84.758544921875,89.17784118652344,89.17784118652344
2023-08-21,2023-07-20,84.46,79.89588165283203,70.39034271240234,70.39034271240234,74.96510314941406,79.89588165283203,84.80271911621094,89.40130615234375,89.40130615234375
2023-08-22,2023-07-21,84.03,80.72505187988281,71.18439483642578,71.18439483642578,75.76031494140625,80.72505187988281,85.72679138183594,90.4036865234375,90.4036865234375
2023-08-23,2023-07-24,83.21,81.5755844116211,71.48538208007812,71.48538208007812,76.30349731445312,81.5755844116211,86.9870376586914,92.053955078125,92.053955078125
2023-08-24,2023-07-25,83.36,82.40309143066406,72.14476776123047,72.14476776123047,76.99484252929688,82.40309143066406,87.99779510498047,93.21086120605469,93.21086120605469
2023-08-25,2023-07-26,84.48,83.28422546386719,73.19755554199219,73.19755554199219,78.04051971435547,83.28422546386719,88.6888427734375,93.77947235107422,93.77947235107422
2023-08-28,2023-07-27,84.42,85.08385467529297,74.68280029296875,74.68280029296875,79.70968627929688,85.08385467529297,90.6478271484375,95.8460922241211,95.8460922241211
2023-08-29,2023-07-28,85.49,86.47962951660156,75.75848388671875,75.75848388671875,80.9647216796875,86.47962951660156,92.10658264160156,97.27304077148438,97.27304077148438
2023-08-30,2023-07-31,85.86,87.67781066894531,76.93618774414062,76.93618774414062,82.21925354003906,87.67781066894531,93.08053588867188,97.88906860351562,97.88906860351562
2023-08-31,2023-08-01,86.86,87.4594955444336,76.90573120117188,76.90573120117188,82.07046508789062,87.4594955444336,92.70764923095703,97.3797607421875,97.3797607421875
2023-09-01,2023-08-02,88.55,85.39939880371094,74.60857391357422,74.60857391357422,79.91726684570312,85.39939880371094,90.69534301757812,95.42352294921875,95.42352294921875
2023-09-05,2023-08-03,90.04,87.78862762451172,77.24053955078125,77.24053955078125,82.40988159179688,87.78862762451172,93.04076385498047,97.71444702148438,97.71444702148438
2023-09-06,2023-08-04,90.6,89.48040771484375,78.91455841064453,78.91455841064453,84.07830810546875,89.48040771484375,94.79408264160156,99.49073028564453,99.49073028564453
2023-09-07,2023-08-07,89.92,88.42691802978516,78.11339569091797,78.11339569091797,83.14933013916016,88.42691802978516,93.59154510498047,98.17118835449219,98.17118835449219
2023-09-08,2023-08-08,90.65,89.38581848144531,79.52883911132812,79.52883911132812,84.33558654785156,89.38581848144531,94.36592102050781,98.82149505615234,98.82149505615234
2023-09-11,2023-08-09,90.64,90.73979949951172,80.86315155029297,80.86315155029297,85.70460510253906,90.73979949951172,95.76571655273438,100.29814910888672,100.29814910888672
2023-09-12,2023-08-10,92.06,89.56096649169922,79.96781921386719,79.96781921386719,84.67932891845703,89.56096649169922,94.3489990234375,98.6966323852539,98.6966323852539
2023-09-13,2023-08-11,91.88,89.82405853271484,80.04694366455078,80.04694366455078,84.87416076660156,89.82405853271484,94.71063232421875,99.20954895019531,99.20954895019531
2023-09-14,2023-08-14,93.7,88.9327621459961,79.56614685058594,79.56614685058594,84.1839599609375,88.9327621459961,93.61271667480469,97.96199035644531,97.96199035644531
2023-09-15,2023-08-15,93.93,87.4451675415039,77.9867935180664,77.9867935180664,82.66900634765625,87.4451675415039,92.12189483642578,96.4959487915039,96.4959487915039
2023-09-18,2023-08-16,94.43,85.65370178222656,75.87508392333984,75.87508392333984,80.71640014648438,85.65370178222656,90.4356918334961,94.89939880371094,94.89939880371094
2023-09-19,2023-08-17,94.34,86.55706787109375,76.8642807006836,76.8642807006836,81.68648529052734,86.55706787109375,91.32896423339844,95.80636596679688,95.80636596679688
2023-09-20,2023-08-18,93.53,87.0366439819336,77.34676361083984,77.34676361083984,82.18724822998047,87.0366439819336,91.79109191894531,96.24517059326172,96.24517059326172
2023-09-21,2023-08-21,93.3,86.11289978027344,76.21859741210938,76.21859741210938,81.16472625732422,86.11289978027344,90.92999267578125,95.4524917602539,95.4524917602539
2023-09-22,2023-08-22,93.27,86.18679809570312,76.20144653320312,76.20144653320312,81.19467163085938,86.18679809570312,90.9716567993164,95.34060668945312,95.34060668945312
2023-09-25,2023-08-23,93.29,85.46888732910156,75.54905700683594,75.54905700683594,80.4728775024414,85.46888732910156,90.23446655273438,94.57760620117188,94.57760620117188
2023-09-26,2023-08-24,93.96,85.429443359375,75.4893569946289,75.4893569946289,80.44607543945312,85.429443359375,90.18525695800781,94.49052429199219,94.49052429199219
2023-09-27,2023-08-25,96.55,86.73530578613281,77.26428985595703,77.26428985595703,81.97932434082031,86.73530578613281,91.34144592285156,95.55901336669922,95.55901336669922
2023-09-28,2023-08-28,95.38,87.53095245361328,78.09164428710938,78.09164428710938,82.78628540039062,87.53095245361328,92.13928985595703,96.359619140625,96.359619140625
2023-09-29,2023-08-29,95.31,89.03614807128906,80.06809997558594,80.06809997558594,84.47743225097656,89.03614807128906,93.54005432128906,97.68754577636719,97.68754577636719
2023-10-02,2023-08-30,90.71,89.11277770996094,80.44627380371094,80.44627380371094,84.70451354980469,89.11277770996094,93.50762939453125,97.60767364501953,97.60767364501953
2023-10-03,2023-08-31,90.92,89.98075866699219,81.3614730834961,81.3614730834961,85.61062622070312,89.98075866699219,94.36798095703125,98.45481872558594,98.45481872558594
2023-10-04,2023-09-01,85.81,91.40274810791016,82.69390106201172,82.69390106201172,86.96675872802734,91.40274810791016,95.90480041503906,100.0323715209961,100.0323715209961
2023-10-05,2023-09-05,84.07,92.41453552246094,83.10221099853516,83.10221099853516,87.66605377197266,92.41453552246094,97.29806518554688,101.77045440673828,101.77045440673828
2023-10-06,2023-09-06,84.58,91.70803833007812,82.83121490478516,82.83121490478516,87.15922546386719,91.70803833007812,96.34535217285156,100.62574768066406,100.62574768066406
2023-10-09,2023-09-07,88.15,90.13890838623047,81.6535415649414,81.6535415649414,85.7962646484375,90.13890838623047,94.4761962890625,98.55298614501953,98.55298614501953
2023-10-10,2023-09-08,87.65,90.14567565917969,81.68328857421875,81.68328857421875,85.80815887451172,90.14567565917969,94.45829772949219,98.50664520263672,98.50664520263672
2023-10-11,2023-09-11,85.82,90.6930923461914,82.53067016601562,82.53067016601562,86.51852416992188,90.6930923461914,94.82684326171875,98.72483825683594,98.72483825683594
2023-10-12,2023-09-12,86.0,92.06538391113281,84.04303741455078,84.04303741455078,87.95603942871094,92.06538391113281,96.20201873779297,100.06375885009766,100.06375885009766
2023-10-13,2023-09-13,90.89,91.25621795654297,83.17149353027344,83.17149353027344,87.1341552734375,91.25621795654297,95.36177062988281,99.21434783935547,99.21434783935547
2023-10-16,2023-09-14,89.65,93.69567108154297,85.51956939697266,85.51956939697266,89.50933074951172,93.69567108154297,97.93158721923828,101.82443237304688,101.82443237304688
2023-10-17,2023-09-15,89.9,94.51484680175781,86.43634033203125,86.43634033203125,90.38011169433594,94.51484680175781,98.67598724365234,102.50547790527344,102.50547790527344
2023-10-18,2023-09-18,91.5,95.16718292236328,87.09403228759766,87.09403228759766,91.04118347167969,95.16718292236328,99.30921173095703,103.11463928222656,103.11463928222656
2023-10-19,2023-09-19,92.38,95.42518615722656,87.41156768798828,87.41156768798828,91.35745239257812,95.42518615722656,99.49153137207031,103.27741241455078,103.27741241455078
2023-10-20,2023-09-20,92.16,95.24508666992188,87.26870727539062,87.26870727539062,91.20915222167969,95.24508666992188,99.2253646850586,102.95738220214844,102.95738220214844
2023-10-23,2023-09-21,89.83,95.23587799072266,87.35713958740234,87.35713958740234,91.23832702636719,95.23587799072266,99.15782165527344,102.85331726074219,102.85331726074219
2023-10-24,2023-09-22,88.07,94.89939880371094,87.13053894042969,87.13053894042969,90.97665405273438,94.89939880371094,98.74981689453125,102.396484375,102.396484375
2023-10-25,2023-09-25,90.13,94.45410919189453,86.9260025024414,86.9260025024414,90.661865234375,94.45410919189453,98.15518188476562,101.65382385253906,101.65382385253906
2023-10-26,2023-09-26,87.93,95.0062484741211,87.44475555419922,87.44475555419922,91.19058227539062,95.0062484741211,98.74008178710938,102.23526000976562,102.23526000976562
2023-10-27,2023-09-27,90.48,97.72225189208984,89.55735778808594,89.55735778808594,93.54159545898438,97.72225189208984,101.96317291259766,105.86845397949219,105.86845397949219
2023-10-30,2023-09-28,87.45,95.80610656738281,88.01165771484375,88.01165771484375,91.86222839355469,95.80610656738281,99.67117309570312,103.28694915771484,103.28694915771484
2023-10-31,2023-09-29,87.41,95.7164306640625,87.95853424072266,87.95853424072266,91.80438232421875,95.7164306640625,99.50963592529297,103.08590698242188,103.08590698242188
2023-11-01,2023-10-02,84.63,91.54387664794922,82.9007797241211,82.9007797241211,87.11915588378906,91.54387664794922,95.74114990234375,99.63565826416016,99.63565826416016
2023-11-02,2023-10-03,86.85,92.36717224121094,83.97345733642578,83.97345733642578,88.06936645507812,92.36717224121094,96.51807403564453,100.3800048828125,100.3800048828125
2023-11-03,2023-10-04,84.89,88.00361633300781,78.8056640625,78.8056640625,83.22787475585938,88.00361633300781,92.4753646850586,96.50053405761719,96.50053405761719
2023-11-06,2023-10-05,85.18,86.6575698852539,77.08394622802734,77.08394622802734,81.67835998535156,86.6575698852539,91.36560821533203,95.59247589111328,95.59247589111328
2023-11-07,2023-10-06,81.61,87.08977508544922,77.8607406616211,77.8607406616211,82.27997589111328,87.08977508544922,91.7267074584961,95.92863464355469,95.92863464355469
2023-11-08,2023-10-09,79.54,91.40605926513672,82.3009262084961,82.3009262084961,86.62596130371094,91.40605926513672,96.08931732177734,100.31248474121094,100.31248474121094
2023-11-09,2023-10-10,80.01,90.81773376464844,81.64933776855469,81.64933776855469,86.00149536132812,90.81773376464844,95.47750091552734,99.69808959960938,99.69808959960938
2023-11-10,2023-10-11,81.43,89.77994537353516,80.33383178710938,80.33383178710938,84.83186340332031,89.77994537353516,94.49000549316406,98.77275085449219,98.77275085449219
2023-11-13,2023-10-12,82.52,89.99624633789062,80.64769744873047,80.64769744873047,85.12045288085938,89.99624633789062,94.66436767578125,98.95545959472656,98.95545959472656
2023-11-14,2023-10-13,82.47,93.92897033691406,84.30973052978516,84.30973052978516,88.837646484375,93.92897033691406,99.071044921875,103.80517578125,103.80517578125
2023-11-15,2023-10-16,81.18,92.4735107421875,83.03620910644531,83.03620910644531,87.50770568847656,92.4735107421875,97.40397644042969,101.93891143798828,101.93891143798828
2023-11-16,2023-10-17,77.42,92.32435607910156,82.93600463867188,82.93600463867188,87.40473937988281,92.32435607910156,97.1808853149414,101.64652252197266,101.64652252197266
2023-11-17,2023-10-18,80.61,93.2712173461914,83.94245147705078,83.94245147705078,88.39320373535156,93.2712173461914,98.1178207397461,102.58977508544922,102.58977508544922
2023-11-20,2023-10-19,82.32,94.03910827636719,84.61286163330078,84.61286163330078,89.1075668334961,94.03910827636719,98.97301483154297,103.51519775390625,103.51519775390625
2023-11-21,2023-10-20,82.45,93.30906677246094,84.0123062133789,84.0123062133789,88.46686553955078,93.30906677246094,98.04867553710938,102.39382934570312,102.39382934570312
2023-11-22,2023-10-23,81.96,91.54399108886719,82.24488830566406,82.24488830566406,86.73088073730469,91.54399108886719,96.12543487548828,100.33472442626953,100.33472442626953
2023-11-23,2023-10-24,81.37,90.55302429199219,81.11552429199219,81.11552429199219,85.6656723022461,90.55302429199219,95.18701171875,99.42218780517578,99.42218780517578
2023-11-24,2023-10-25,80.58,92.57585144042969,83.68878936767578,83.68878936767578,87.97584533691406,92.57585144042969,97.06183624267578,101.17835235595703,101.17835235595703
2023-11-27,2023-10-26,79.98,90.82318878173828,82.22221374511719,82.22221374511719,86.386962890625,90.82318878173828,95.08279418945312,98.9691390991211,98.9691390991211
2023-11-28,2023-10-27,81.68,91.99050903320312,83.30864715576172,83.30864715576172,87.49064636230469,91.99050903320312,96.37698364257812,100.37318420410156,100.37318420410156
2023-11-29,2023-10-30,83.1,89.66123962402344,80.75174713134766,80.75174713134766,85.05238342285156,89.66123962402344,94.08261108398438,98.10733032226562,98.10733032226562
2023-11-30,2023-10-31,82.83,90.2120132446289,81.17550659179688,81.17550659179688,85.52291870117188,90.2120132446289,94.71847534179688,98.81929016113281,98.81929016113281
2023-12-01,2023-11-01,78.88,87.96460723876953,78.34740447998047,78.34740447998047,82.9742431640625,87.96460723876953,92.66881561279297,96.93766784667969,96.93766784667969
2023-12-04,2023-11-02,78.03,89.3820571899414,80.0753173828125,80.0753173828125,84.55980682373047,89.3820571899414,94.01986694335938,98.27521514892578,98.27521514892578
2023-12-05,2023-11-03,77.2,86.54714965820312,77.21219635009766,77.21219635009766,81.7431869506836,86.54714965820312,91.16259765625,95.44249725341797,95.44249725341797
2023-12-06,2023-11-06,74.3,86.34492492675781,76.96153259277344,76.96153259277344,81.48619079589844,86.34492492675781,91.10681915283203,95.53865051269531,95.53865051269531
2023-12-07,2023-11-07,74.05,83.24040222167969,73.58316040039062,73.58316040039062,78.2515869140625,83.24040222167969,88.03927612304688,92.49217987060547,92.49217987060547
2023-12-08,2023-11-08,75.84,81.51773834228516,71.70411682128906,71.70411682128906,76.46398162841797,81.51773834228516,86.34164428710938,90.82521057128906,90.82521057128906
2023-12-11,2023-11-09,76.03,81.2984619140625,71.68875885009766,71.68875885009766,76.37091064453125,81.2984619140625,86.04338073730469,90.47327423095703,90.47327423095703
2023-12-12,2023-11-10,73.24,82.22576141357422,72.60952758789062,72.60952758789062,77.26136779785156,82.22576141357422,87.083984375,91.60799407958984,91.60799407958984
2023-12-13,2023-11-13,74.26,82.86953735351562,73.44361877441406,73.44361877441406,78.00898742675781,82.86953735351562,87.65371704101562,92.1083984375,92.1083984375
2023-12-14,2023-11-14,76.61,82.34119415283203,72.93818664550781,72.93818664550781,77.51270294189453,82.34119415283203,87.06365966796875,91.499267578125,91.499267578125
2023-12-15,2023-11-15,76.55,81.25569152832031,71.6506118774414,71.6506118774414,76.31492614746094,81.25569152832031,86.1072769165039,90.72521209716797,90.72521209716797
2023-12-18,2023-11-16,77.95,77.26370239257812,67.367919921875,67.367919921875,72.19219970703125,77.26370239257812,82.18843841552734,86.88973236083984,86.88973236083984
2023-12-19,2023-11-17,79.23,79.34349060058594,70.09810638427734,70.09810638427734,74.60458374023438,79.34349060058594,83.99076080322266,88.40235137939453,88.40235137939453
2023-12-20,2023-11-20,79.7,79.93505096435547,71.01846313476562,71.01846313476562,75.34036254882812,79.93505096435547,84.39073181152344,88.60430145263672,88.60430145263672
2023-12-21,2023-11-21,79.39,80.77959442138672,71.89543914794922,71.89543914794922,76.21174621582031,80.77959442138672,85.21853637695312,89.37899780273438,89.37899780273438
2023-12-22,2023-11-22,79.07,80.33527374267578,71.49945068359375,71.49945068359375,75.77828979492188,80.33527374267578,84.75716400146484,88.88501739501953,88.88501739501953
2023-12-26,2023-11-23,81.07,79.95429229736328,70.94805145263672,70.94805145263672,75.3313217163086,79.95429229736328,84.43866729736328,88.6328125,88.6328125
2023-12-27,2023-11-24,79.65,79.20074462890625,70.3547134399414,70.3547134399414,74.65704345703125,79.20074462890625,83.60493469238281,87.77774047851562,87.77774047851562
2023-12-28,2023-11-27,78.39,77.97273254394531,69.32699584960938,69.32699584960938,73.53675842285156,77.97273254394531,82.24021911621094,86.33175659179688,86.33175659179688
2023-12-29,2023-11-28,77.04,79.09912872314453,70.50321197509766,70.50321197509766,74.65042114257812,79.09912872314453,83.46499633789062,87.61487579345703,87.61487579345703
2024-01-02,2023-11-29,75.89,79.66532897949219,71.05186462402344,71.05186462402344,75.19792175292969,79.66532897949219,84.04656982421875,88.19110107421875,88.19110107421875
2024-01-03,2023-11-30,78.25,79.37998962402344,70.66693115234375,70.66693115234375,74.87544250488281,79.37998962402344,83.75267028808594,87.85406494140625,87.85406494140625
2024-01-04,2023-12-01,77.59,75.76876831054688,66.68083190917969,66.68083190917969,71.10041809082031,75.76876831054688,80.25898742675781,84.51351165771484,84.51351165771484
2024-01-05,2023-12-04,78.76,75.1312484741211,65.98422241210938,65.98422241210938,70.41987609863281,75.1312484741211,79.71256256103516,84.0467529296875,84.0467529296875
2024-01-08,2023-12-05,76.12,72.96808624267578,63.991844177246094,63.991844177246094,68.35090637207031,72.96808624267578,77.50813293457031,81.81321716308594,81.81321716308594
2024-01-09,2023-12-06,77.59,70.4250259399414,60.97947311401367,60.97947311401367,65.59477233886719,70.4250259399414,75.10670471191406,79.56779479980469,79.56779479980469
2024-01-10,2023-12-07,76.8,70.29031372070312,60.69953155517578,60.69953155517578,65.3740234375,70.29031372070312,75.13385009765625,79.73623657226562,79.73623657226562
2024-01-11,2023-12-08,77.41,70.24112701416016,61.16085433959961,61.16085433959961,65.56803894042969,70.24112701416016,74.85880279541016,79.1987075805664,79.1987075805664
2024-01-12,2023-12-11,78.29,69.80013275146484,60.8884391784668,60.8884391784668,65.23133087158203,69.80013275146484,74.3338623046875,78.58474731445312,78.58474731445312
2024-01-16,2023-12-12,78.29,68.0138168334961,58.75749969482422,58.75749969482422,63.266353607177734,68.0138168334961,72.59716796875,76.86646270751953,76.86646270751953
2024-01-17,2023-12-13,77.88,69.66860961914062,60.372886657714844,60.372886657714844,64.90525817871094,69.66860961914062,74.3077392578125,78.61906433105469,78.61906433105469
2024-01-18,2023-12-14,79.1,73.27717590332031,63.95661163330078,63.95661163330078,68.49159240722656,73.27717590332031,77.88021850585938,82.10163879394531,82.10163879394531
2024-01-19,2023-12-15,78.56,72.81248474121094,63.52753829956055,63.52753829956055,68.01756286621094,72.81248474121094,77.43437194824219,81.69945526123047,81.69945526123047
2024-01-22,2023-12-18,80.06,73.87792205810547,64.61119842529297,64.61119842529297,69.08193969726562,73.87792205810547,78.51789855957031,82.80034637451172,82.80034637451172
2024-01-23,2023-12-19,79.55,73.65177154541016,64.39763641357422,64.39763641357422,68.83322143554688,73.65177154541016,78.32801818847656,82.65070343017578,82.65070343017578
2024-01-24,2023-12-20,80.04,74.24726867675781,65.20578002929688,65.20578002929688,69.50801086425781,74.24726867675781,78.88186645507812,83.16917419433594,83.16917419433594
2024-01-25,2023-12-21,82.43,73.2454833984375,64.12075805664062,64.12075805664062,68.46917724609375,73.2454833984375,77.87718200683594,82.15434265136719,82.15434265136719
2024-01-26,2023-12-22,83.55,71.53823852539062,62.14643859863281,62.14643859863281,66.62452697753906,71.53823852539062,76.27430725097656,80.61459350585938,80.61459350585938
2024-01-29,2023-12-26,82.4,69.61502075195312,59.614349365234375,59.614349365234375,64.33507537841797,69.61502075195312,74.76370239257812,79.41484069824219,79.41484069824219
2024-01-30,2023-12-27,82.87,67.44137573242188,57.51770782470703,57.51770782470703,62.20283889770508,67.44137573242188,72.55015563964844,77.19646453857422,77.19646453857422
2024-01-31,2023-12-28,81.71,65.72769165039062,55.898345947265625,55.898345947265625,60.56499481201172,65.72769165039062,70.76302337646484,75.35607147216797,75.35607147216797
2024-02-01,2023-12-29,78.7,65.5010986328125,55.623634338378906,55.623634338378906,60.344581604003906,65.5010986328125,70.48741149902344,75.09821319580078,75.09821319580078
2024-02-02,2024-01-02,77.33,65.63548278808594,55.82781982421875,55.82781982421875,60.54472351074219,65.63548278808594,70.63847351074219,75.296875,75.296875
2024-02-05,2024-01-03,77.99,68.64301300048828,59.07160186767578,59.07160186767578,63.646766662597656,68.64301300048828,73.59793090820312,78.14105224609375,78.14105224609375
2024-02-06,2024-01-04,78.59,66.75143432617188,57.4244499206543,57.4244499206543,61.91241455078125,66.75143432617188,71.58616638183594,75.999267578125,75.999267578125
2024-02-07,2024-01-05,79.21,71.05494689941406,61.93915939331055,61.93915939331055,66.32295227050781,71.05494689941406,75.66889190673828,79.896728515625,79.896728515625
2024-02-08,2024-01-08,81.63,69.21923828125,59.705631256103516,59.705631256103516,64.32830810546875,69.21923828125,74.01791381835938,78.38493347167969,78.38493347167969
2024-02-09,2024-01-09,82.19,72.23509979248047,62.913848876953125,62.913848876953125,67.44583129882812,72.23509979248047,76.88235473632812,81.10783386230469,81.10783386230469
2024-02-12,2024-01-10,82.0,70.89213562011719,61.371063232421875,61.371063232421875,66.01580810546875,70.89213562011719,75.7066650390625,80.08113098144531,80.08113098144531
2024-02-13,2024-01-11,82.77,71.52484893798828,62.11656188964844,62.11656188964844,66.70576477050781,71.52484893798828,76.28195190429688,80.6020736694336,80.6020736694336
2024-02-14,2024-01-12,81.6,71.05892944335938,61.63746643066406,61.63746643066406,66.2021484375,71.05892944335938,75.82577514648438,80.13813781738281,80.13813781738281
2024-02-15,2024-01-16,82.86,72.88186645507812,64.07464599609375,64.07464599609375,68.28562927246094,72.88186645507812,77.41082763671875,81.5499267578125,81.5499267578125
2024-02-16,2024-01-17,83.47,72.9078140258789,64.50405883789062,64.50405883789062,68.52215576171875,72.9078140258789,77.23514556884766,81.21975708007812,81.21975708007812
2024-02-20,2024-01-18,82.34,73.19287872314453,64.66555786132812,64.66555786132812,68.7318344116211,73.19287872314453,77.5987548828125,81.62516784667969,81.62516784667969
2024-02-21,2024-01-19,83.03,69.654052734375,60.598846435546875,60.598846435546875,64.91838836669922,69.654052734375,74.43334197998047,78.72036743164062,78.72036743164062
2024-02-22,2024-01-22,83.67,71.56426239013672,62.60953140258789,62.60953140258789,66.849365234375,71.56426239013672,76.33734130859375,80.6396484375,80.6396484375
2024-02-23,2024-01-23,81.62,71.36687469482422,62.435791015625,62.435791015625,66.6795654296875,71.36687469482422,76.08867645263672,80.36767578125,80.36767578125
2024-02-26,2024-01-24,82.53,73.51608276367188,64.83936309814453,64.83936309814453,68.96421813964844,73.51608276367188,78.0625,82.25232696533203,82.25232696533203
2024-02-27,2024-01-25,83.65,76.47923278808594,67.88789367675781,67.88789367675781,71.92767333984375,76.47923278808594,81.12356567382812,85.4439697265625,85.4439697265625
2024-02-28,2024-01-26,83.68,77.31980895996094,68.61177062988281,68.61177062988281,72.67982482910156,77.31980895996094,82.04130554199219,86.38529205322266,86.38529205322266
2024-02-29,2024-01-29,83.62,74.76825714111328,65.46278381347656,65.46278381347656,69.84722900390625,74.76825714111328,79.67528533935547,84.13562774658203,84.13562774658203
2024-03-01,2024-01-30,83.55,76.7136001586914,68.23516082763672,68.23516082763672,72.24203491210938,76.7136001586914,81.09844207763672,85.15662384033203,85.15662384033203
2024-03-04,2024-01-31,82.8,76.49375915527344,67.77099609375,67.77099609375,71.9256362915039,76.49375915527344,80.96070861816406,85.08427429199219,85.08427429199219
2024-03-05,2024-02-01,82.04,74.64070129394531,65.6270523071289,65.6270523071289,69.9341049194336,74.64070129394531,79.20243835449219,83.3909683227539,83.3909683227539
2024-03-06,2024-02-02,82.96,73.28596496582031,63.784183502197266,63.784183502197266,68.3467025756836,73.28596496582031,78.0400390625,82.37318420410156,82.37318420410156
2024-03-07,2024-02-05,82.96,74.05233764648438,64.8295669555664,64.8295669555664,69.27703094482422,74.05233764648438,78.66300964355469,82.87464141845703,82.87464141845703
2024-03-08,2024-02-06,82.08,73.29525756835938,64.05581665039062,64.05581665039062,68.5126953125,73.29525756835938,77.87174987792969,82.01807403564453,82.01807403564453
2024-03-11,2024-02-07,82.21,74.30782318115234,65.6702651977539,65.6702651977539,69.80949401855469,74.30782318115234,78.66015625,82.65119171142578,82.65119171142578
2024-03-12,2024-02-08,81.92,75.86991119384766,67.60317993164062,67.60317993164062,71.52644348144531,75.86991119384766,80.09518432617188,83.98206329345703,83.98206329345703
2024-03-13,2024-02-09,84.03,75.24962615966797,66.51365661621094,66.51365661621094,70.65599060058594,75.24962615966797,79.65237426757812,83.62782287597656,83.62782287597656
2024-03-14,2024-02-12,85.42,73.24105834960938,63.74809265136719,63.74809265136719,68.24961853027344,73.24105834960938,77.98441314697266,82.20850372314453,82.20850372314453
2024-03-15,2024-02-13,85.34,74.46479797363281,65.33334350585938,65.33334350585938,69.64286041259766,74.46479797363281,79.10643005371094,83.23603057861328,83.23603057861328
2024-03-18,2024-02-14,86.89,73.79722595214844,64.98129272460938,64.98129272460938,69.1551513671875,73.79722595214844,78.2483901977539,82.2349853515625,82.2349853515625
2024-03-19,2024-02-15,87.38,76.05975341796875,67.59000396728516,67.59000396728516,71.59510803222656,76.05975341796875,80.35360717773438,84.25679779052734,84.25679779052734
2024-03-20,2024-02-16,85.95,76.51371765136719,68.15711975097656,68.15711975097656,72.09159851074219,76.51371765136719,80.79127502441406,84.70245361328125,84.70245361328125
2024-03-21,2024-02-20,85.78,75.45098876953125,67.14138793945312,67.14138793945312,71.05682373046875,75.45098876953125,79.66783142089844,83.53593444824219,83.53593444824219
2024-03-22,2024-02-21,85.43,76.3595962524414,67.59522247314453,67.59522247314453,71.74879455566406,76.3595962524414,80.71961975097656,84.6312255859375,84.6312255859375
2024-03-25,2024-02-22,86.75,77.51422882080078,69.4741439819336,69.4741439819336,73.28622436523438,77.51422882080078,81.48789978027344,85.09143829345703,85.09143829345703
2024-03-26,2024-02-23,86.25,77.19342803955078,69.03172302246094,69.03172302246094,72.9425048828125,77.19342803955078,81.18807983398438,84.80738067626953,84.80738067626953
2024-03-27,2024-02-26,86.09,78.52084350585938,70.39852905273438,70.39852905273438,74.28427124023438,78.52084350585938,82.51998901367188,86.08076477050781,86.08076477050781
2024-03-28,2024-02-27,87.48,79.92465209960938,71.66413116455078,71.66413116455078,75.6056900024414,79.92465209960938,84.03427124023438,87.6750259399414,87.6750259399414
2024-04-01,2024-02-28,87.42,80.64108276367188,72.59227752685547,72.59227752685547,76.43846130371094,80.64108276367188,84.64591979980469,88.18629455566406,88.18629455566406
2024-04-02,2024-02-29,88.92,80.79086303710938,72.644775390625,72.644775390625,76.55833435058594,80.79086303710938,84.7935562133789,88.31914520263672,88.31914520263672
2024-04-03,2024-03-01,89.35,80.69506072998047,72.68455505371094,72.68455505371094,76.53318786621094,80.69506072998047,84.65083312988281,88.16988372802734,88.16988372802734
2024-04-04,2024-03-04,90.65,79.78888702392578,71.86446380615234,71.86446380615234,75.67452239990234,79.78888702392578,83.64138793945312,87.08834838867188,87.08834838867188
2024-04-05,2024-03-05,91.17,79.1511459350586,70.94990539550781,70.94990539550781,74.9107666015625,79.1511459350586,83.06942749023438,86.53522491455078,86.53522491455078
2024-04-08,2024-03-06,90.38,79.85249328613281,71.33340454101562,71.33340454101562,75.45011901855469,79.85249328613281,83.95536804199219,87.56918334960938,87.56918334960938
2024-04-09,2024-03-07,89.42,80.08010864257812,71.74165344238281,71.74165344238281,75.75093841552734,80.08010864257812,84.14883422851562,87.7188491821289,87.7188491821289
2024-04-10,2024-03-08,90.48,79.61478424072266,71.52105712890625,71.52105712890625,75.41719818115234,79.61478424072266,83.52064514160156,86.97695922851562,86.97695922851562
2024-04-11,2024-03-11,89.74,80.7738037109375,72.93806457519531,72.93806457519531,76.710693359375,80.7738037109375,84.58834838867188,88.02594757080078,88.02594757080078
2024-04-12,2024-03-12,90.45,80.56769561767578,72.73583984375,72.73583984375,76.50103759765625,80.56769561767578,84.41700744628906,87.92607116699219,87.92607116699219
2024-04-15,2024-03-13,90.1,82.69850158691406,74.93236541748047,74.93236541748047,78.62904357910156,82.69850158691406,86.63240051269531,90.1962890625,90.1962890625
2024-04-16,2024-03-14,90.02,84.77589416503906,76.95397186279297,76.95397186279297,80.67166137695312,84.77589416503906,88.77095031738281,92.29655456542969,92.29655456542969
2024-04-17,2024-03-15,87.29,84.96354675292969,77.44060516357422,77.44060516357422,81.01466369628906,84.96354675292969,88.74249267578125,92.07612609863281,92.07612609863281
2024-04-18,2024-03-18,87.11,86.54353332519531,78.77606201171875,78.77606201171875,82.45198822021484,86.54353332519531,90.56443786621094,94.08711242675781,94.08711242675781
2024-04-19,2024-03-19,87.29,87.60160827636719,79.7337417602539,79.7337417602539,83.46349334716797,87.60160827636719,91.69258117675781,95.25279235839844,95.25279235839844
2024-04-22,2024-03-20,87.0,86.40653991699219,78.46866607666016,78.46866607666016,82.24510955810547,86.40653991699219,90.44931030273438,93.99627685546875,93.99627685546875
2024-04-23,2024-03-21,88.42,86.50237274169922,78.75064849853516,78.75064849853516,82.44534301757812,86.50237274169922,90.44693756103516,93.90872192382812,93.90872192382812
2024-04-24,2024-03-22,88.02,86.98519134521484,79.39974212646484,79.39974212646484,83.04063415527344,86.98519134521484,90.8026351928711,94.11943054199219,94.11943054199219
2024-04-25,2024-03-25,89.01,87.85491180419922,80.16693115234375,80.16693115234375,83.84501647949219,87.85491180419922,91.81559753417969,95.22822570800781,95.22822570800781
2024-04-26,2024-03-26,89.5,87.52777099609375,79.98560333251953,79.98560333251953,83.59954833984375,87.52777099609375,91.33340454101562,94.58540344238281,94.58540344238281
2024-04-29,2024-03-27,88.4,87.5424575805664,79.93290710449219,79.93290710449219,83.60342407226562,87.5424575805664,91.31857299804688,94.4918212890625,94.4918212890625
2024-04-30,2024-03-28,87.86,89.52385711669922,81.85459899902344,81.85459899902344,85.55177307128906,89.52385711669922,93.39458465576172,96.60094451904297,96.60094451904297
2024-05-01,2024-04-01,83.44,89.83528900146484,82.24356079101562,82.24356079101562,85.88784790039062,89.83528900146484,93.69218444824219,96.89374542236328,96.89374542236328
2024-05-02,2024-04-02,83.67,91.58235168457031,84.15465545654297,84.15465545654297,87.6986083984375,91.58235168457031,95.41231536865234,98.59793090820312,98.59793090820312
2024-05-03,2024-04-03,82.96,91.98287963867188,84.58333587646484,84.58333587646484,88.1197509765625,91.98287963867188,95.81014251708984,99.0597152709961,99.0597152709961
2024-05-06,2024-04-04,83.33,93.16282653808594,85.53050994873047,85.53050994873047,89.19216918945312,93.16282653808594,97.185302734375,100.66680908203125,100.66680908203125
2024-05-07,2024-04-05,83.16,93.54877471923828,85.8517837524414,85.8517837524414,89.55801391601562,93.54877471923828,97.55663299560547,101.02278900146484,101.02278900146484
2024-05-08,2024-04-08,83.58,93.0750503540039,85.59391021728516,85.59391021728516,89.2330322265625,93.0750503540039,96.84501647949219,100.11968231201172,100.11968231201172
2024-05-09,2024-04-09,83.88,92.36076354980469,85.03715515136719,85.03715515136719,88.5919189453125,92.36076354980469,96.02889251708984,99.25735473632812,99.25735473632812
2024-05-10,2024-04-10,82.79,93.62415313720703,86.39445495605469,86.39445495605469,89.92080688476562,93.62415313720703,97.26992797851562,100.49742889404297,100.49742889404297
2024-05-13,2024-04-11,83.36,92.88520050048828,85.62506103515625,85.62506103515625,89.18000793457031,92.88520050048828,96.46919250488281,99.65939331054688,99.65939331054688
2024-05-14,2024-04-12,82.38,93.24916076660156,85.97833251953125,85.97833251953125,89.52876281738281,93.24916076660156,96.86264038085938,100.06771850585938,100.06771850585938
2024-05-15,2024-04-15,82.75,92.8431625366211,85.69808197021484,85.69808197021484,89.19831085205078,92.8431625366211,96.35973358154297,99.47196197509766,99.47196197509766
2024-05-16,2024-04-16,83.27,93.00875854492188,86.10386657714844,86.10386657714844,89.50487518310547,93.00875854492188,96.39739990234375,99.40570068359375,99.40570068359375
2024-05-17,2024-04-17,83.98,89.85323333740234,81.82605743408203,81.82605743408203,85.74832916259766,89.85323333740234,93.74542236328125,97.17498779296875,97.17498779296875
2024-05-20,2024-04-18,83.71,89.69941711425781,81.73194122314453,81.73194122314453,85.62068939208984,89.69941711425781,93.59601593017578,97.0155258178711,97.0155258178711
2024-05-21,2024-04-19,82.88,89.5256118774414,81.69038391113281,81.69038391113281,85.52106475830078,89.5256118774414,93.37580871582031,96.75775909423828,96.75775909423828
2024-05-22,2024-04-22,81.9,89.70124816894531,81.93724060058594,81.93724060058594,85.73788452148438,89.70124816894531,93.51502990722656,96.84912872314453,96.84912872314453
2024-05-23,2024-04-23,81.36,90.97848510742188,83.38941955566406,83.38941955566406,87.08294677734375,90.97848510742188,94.83006286621094,98.21768951416016,98.21768951416016
2024-05-24,2024-04-24,82.12,91.24815368652344,83.99915313720703,83.99915313720703,87.52107238769531,91.24815368652344,94.92172241210938,98.18010711669922,98.18010711669922
2024-05-28,2024-04-25,84.22,92.23429107666016,85.17594909667969,85.17594909667969,88.59640502929688,92.23429107666016,95.88848876953125,99.15892028808594,99.15892028808594
2024-05-29,2024-04-26,83.6,92.48201751708984,85.59928131103516,85.59928131103516,88.93795776367188,92.48201751708984,96.08183288574219,99.33956146240234,99.33956146240234
2024-05-30,2024-04-29,81.86,91.03487396240234,83.9276123046875,83.9276123046875,87.37939453125,91.03487396240234,94.66000366210938,97.92608642578125,97.92608642578125
2024-05-31,2024-04-30,81.62,90.72936248779297,83.75447082519531,83.75447082519531,87.15553283691406,90.72936248779297,94.20616149902344,97.32234191894531,97.32234191894531
2024-06-03,2024-05-01,78.36,87.65742492675781,79.7085189819336,79.7085189819336,83.54669189453125,87.65742492675781,91.49790954589844,94.85028076171875,94.85028076171875
2024-06-04,2024-05-02,77.52,87.88727569580078,80.19476318359375,80.19476318359375,83.93138885498047,87.88727569580078,91.63311767578125,94.91477966308594,94.91477966308594
2024-06-05,2024-05-03,78.41,86.24020385742188,78.1671371459961,78.1671371459961,82.13058471679688,86.24020385742188,90.12274169921875,93.53062438964844,93.53062438964844
2024-06-06,2024-05-06,79.87,85.99284362792969,77.93968200683594,77.93968200683594,81.8775634765625,85.99284362792969,89.95203399658203,93.4415512084961,93.4415512084961
2024-06-07,2024-05-07,79.62,85.60612487792969,77.5643081665039,77.5643081665039,81.51545715332031,85.60612487792969,89.54920959472656,93.05558776855469,93.05558776855469
2024-06-10,2024-05-08,81.63,85.90680694580078,78.12882232666016,78.12882232666016,81.96871948242188,85.90680694580078,89.75992584228516,93.25106048583984,93.25106048583984
2024-06-11,2024-05-09,81.92,85.43653106689453,77.69974517822266,77.69974517822266,81.51813507080078,85.43653106689453,89.34207153320312,92.94518280029297,92.94518280029297
2024-06-12,2024-05-10,82.6,84.75151824951172,77.10262298583984,77.10262298583984,80.89404296875,84.75151824951172,88.56596374511719,92.06624603271484,92.06624603271484
2024-06-13,2024-05-13,82.75,85.92589569091797,78.73226928710938,78.73226928710938,82.27603149414062,85.92589569091797,89.59307861328125,92.93977355957031,92.93977355957031
2024-06-14,2024-05-14,82.62,85.359619140625,78.15554809570312,78.15554809570312,81.70069885253906,85.359619140625,88.99758911132812,92.30201721191406,92.30201721191406
2024-06-17,2024-05-15,84.25,85.26477813720703,78.10472106933594,78.10472106933594,81.62464904785156,85.26477813720703,88.93360137939453,92.30538940429688,92.30538940429688
2024-06-18,2024-05-16,85.33,86.71678924560547,79.9246597290039,79.9246597290039,83.24549865722656,86.71678924560547,90.20101928710938,93.40370178222656,93.40370178222656
2024-06-20,2024-05-17,85.71,88.09943389892578,81.3078842163086,81.3078842163086,84.61637878417969,88.09943389892578,91.64230346679688,94.90689849853516,94.90689849853516
2024-06-21,2024-05-20,85.24,87.16162109375,80.54607391357422,80.54607391357422,83.78547668457031,87.16162109375,90.57847595214844,93.77342224121094,93.77342224121094
2024-06-24,2024-05-21,86.01,85.82793426513672,78.93499755859375,78.93499755859375,82.33373260498047,85.82793426513672,89.29524230957031,92.5246810913086,92.5246810913086
2024-06-25,2024-05-22,85.01,84.80683898925781,77.90518951416016,77.90518951416016,81.32699584960938,84.80683898925781,88.18592071533203,91.2907943725586,91.2907943725586
2024-06-26,2024-05-23,85.25,84.3394775390625,77.28993225097656,77.28993225097656,80.78189086914062,84.3394775390625,87.78387451171875,90.93724822998047,90.93724822998047
2024-06-27,2024-05-24,86.39,84.71060180664062,77.7513198852539,77.7513198852539,81.2037582397461,84.71060180664062,88.15000915527344,91.29180908203125,91.29180908203125
2024-06-28,2024-05-28,86.41,86.54232788085938,79.41468811035156,79.41468811035156,82.93093872070312,86.54232788085938,90.17558288574219,93.45301055908203,93.45301055908203
2024-07-01,2024-05-29,86.6,85.33824920654297,77.91352844238281,77.91352844238281,81.5931396484375,85.33824920654297,89.0771713256836,92.47488403320312,92.47488403320312
2024-07-02,2024-05-30,86.24,83.2240982055664,75.55827331542969,75.55827331542969,79.39204406738281,83.2240982055664,86.95065307617188,90.36518859863281,90.36518859863281
2024-07-03,2024-05-31,87.34,83.01578521728516,75.44752502441406,75.44752502441406,79.25182342529297,83.01578521728516,86.68003845214844,90.04739379882812,90.04739379882812
2024-07-05,2024-06-03,86.54,79.16981506347656,70.52979278564453,70.52979278564453,74.89469909667969,79.16981506347656,83.20841979980469,86.8677749633789,86.8677749633789
2024-07-08,2024-06-04,85.75,78.54476928710938,69.91848754882812,69.91848754882812,74.27326965332031,78.54476928710938,82.57964324951172,86.20654296875,86.20654296875
2024-07-09,2024-06-05,84.66,79.9766845703125,71.955322265625,71.955322265625,75.9765853881836,79.9766845703125,83.80815887451172,87.22740173339844,87.22740173339844
2024-07-10,2024-06-06,85.08,81.54399108886719,73.70647430419922,73.70647430419922,77.62615203857422,81.54399108886719,85.3314437866211,88.68585968017578,88.68585968017578
2024-07-11,2024-06-07,85.4,79.78142547607422,71.71064758300781,71.71064758300781,75.75025177001953,79.78142547607422,83.6653060913086,87.16522979736328,87.16522979736328
2024-07-12,2024-06-10,85.03,82.87950134277344,75.13636779785156,75.13636779785156,78.99012756347656,82.87950134277344,86.64610290527344,90.00656127929688,90.00656127929688
2024-07-15,2024-06-11,84.85,82.97909545898438,75.11933898925781,75.11933898925781,79.05587005615234,82.97909545898438,86.76826477050781,90.22313690185547,90.22313690185547
2024-07-16,2024-06-12,83.73,83.81358337402344,76.16537475585938,76.16537475585938,79.97006225585938,83.81358337402344,87.60911560058594,91.09223937988281,91.09223937988281
2024-07-17,2024-06-13,85.08,84.20796966552734,76.59410095214844,76.59410095214844,80.37763214111328,84.20796966552734,88.03654479980469,91.59088897705078,91.59088897705078
2024-07-18,2024-06-14,85.11,84.58261108398438,77.10088348388672,77.10088348388672,80.81985473632812,84.58261108398438,88.34028625488281,91.83666229248047,91.83666229248047
2024-07-19,2024-06-17,82.63,86.81069946289062,79.37935638427734,79.37935638427734,83.00941467285156,86.81069946289062,90.691650390625,94.2525634765625,94.2525634765625
2024-07-22,2024-06-18,82.4,87.96688842773438,80.69540405273438,80.69540405273438,84.23658752441406,87.96688842773438,91.77772521972656,95.22930145263672,95.22930145263672
2024-07-23,2024-06-20,81.01,87.8860092163086,80.42178344726562,80.42178344726562,84.06779479980469,87.8860092163086,91.75965881347656,95.2579574584961,95.2579574584961
2024-07-24,2024-06-21,81.71,86.91075897216797,79.27534484863281,79.27534484863281,83.0266342163086,86.91075897216797,90.79584503173828,94.31879425048828,94.31879425048828
2024-07-25,2024-06-24,82.37,87.54825592041016,79.81372833251953,79.81372833251953,83.59864807128906,87.54825592041016,91.48994445800781,95.03975677490234,95.03975677490234
2024-07-26,2024-06-25,81.13,86.49734497070312,79.0326919555664,79.0326919555664,82.71578979492188,86.49734497070312,90.23667907714844,93.62332153320312,93.62332153320312
2024-07-29,2024-06-26,79.78,85.52822875976562,77.77466583251953,77.77466583251953,81.62551879882812,85.52822875976562,89.39735412597656,92.89034271240234,92.89034271240234
2024-07-30,2024-06-27,78.63,86.82312774658203,79.23290252685547,79.23290252685547,82.97309875488281,86.82312774658203,90.69037628173828,94.17201232910156,94.17201232910156
2024-07-31,2024-06-28,80.72,87.6817855834961,80.4395751953125,80.4395751953125,84.00360107421875,87.6817855834961,91.36956787109375,94.72238159179688,94.72238159179688
2024-08-01,2024-07-01,79.52,87.84562683105469,80.4593276977539,80.4593276977539,84.10618591308594,87.84562683105469,91.55950164794922,94.91143798828125,94.91143798828125
2024-08-02,2024-07-02,76.81,87.10226440429688,79.46176147460938,79.46176147460938,83.24484252929688,87.10226440429688,90.92539978027344,94.37744140625,94.37744140625
2024-08-05,2024-07-03,76.3,88.6773910522461,81.18138885498047,81.18138885498047,84.87890625,88.6773910522461,92.48464965820312,95.9441909790039,95.9441909790039
2024-08-06,2024-07-05,76.48,88.22537994384766,80.68687438964844,80.68687438964844,84.40974426269531,88.22537994384766,92.0250244140625,95.4821548461914,95.4821548461914
2024-08-07,2024-07-08,78.33,87.89911651611328,80.37625122070312,80.37625122070312,84.0722427368164,87.89911651611328,91.72140502929688,95.21696472167969,95.21696472167969
2024-08-08,2024-07-09,79.16,86.56095886230469,78.950439453125,78.950439453125,82.67920684814453,86.56095886230469,90.45330810546875,94.00691223144531,94.00691223144531
2024-08-09,2024-07-10,79.66,87.12447357177734,79.80891418457031,79.80891418457031,83.40606689453125,87.12447357177734,90.82833862304688,94.21720886230469,94.21720886230469
2024-08-12,2024-07-11,82.3,87.59998321533203,80.40875244140625,80.40875244140625,83.90475463867188,87.59998321533203,91.3240966796875,94.73201751708984,94.73201751708984
2024-08-13,2024-07-12,80.69,87.45042419433594,80.27593231201172,80.27593231201172,83.7773208618164,87.45042419433594,91.09761047363281,94.39185333251953,94.39185333251953
2024-08-14,2024-07-15,79.76,86.7425765991211,79.47941589355469,79.47941589355469,83.06291198730469,86.7425765991211,90.36335754394531,93.61279296875,93.61279296875
2024-08-15,2024-07-16,81.04,84.99126434326172,77.27081298828125,77.27081298828125,81.116943359375,84.99126434326172,88.76322937011719,92.11183166503906,92.11183166503906
2024-08-16,2024-07-17,79.68,86.0943603515625,78.52129364013672,78.52129364013672,82.29986572265625,86.0943603515625,89.85438537597656,93.2100601196289,93.2100601196289
2024-08-19,2024-07-18,77.66,86.0279312133789,78.74901580810547,78.74901580810547,82.3641586303711,86.0279312133789,89.6922836303711,92.9713134765625,92.9713134765625
2024-08-20,2024-07-19,77.2,82.85420989990234,74.58953094482422,74.58953094482422,78.75569152832031,82.85420989990234,86.83625793457031,90.37975311279297,90.37975311279297
2024-08-21,2024-07-22,76.05,83.1045150756836,75.18518829345703,75.18518829345703,79.14913940429688,83.1045150756836,86.97959899902344,90.4574203491211,90.4574203491211
2024-08-22,2024-07-23,77.22,82.63827514648438,74.72518920898438,74.72518920898438,78.68730926513672,82.63827514648438,86.44422912597656,89.83412170410156,89.83412170410156
2024-08-23,2024-07-24,79.02,83.39171600341797,75.77892303466797,75.77892303466797,79.58072662353516,83.39171600341797,87.12806701660156,90.46688842773438,90.46688842773438
2024-08-26,2024-07-25,81.43,83.69960021972656,76.10271453857422,76.10271453857422,79.90089416503906,83.69960021972656,87.48011779785156,90.85782623291016,90.85782623291016
2024-08-27,2024-07-26,79.55,82.49517822265625,74.67423248291016,74.67423248291016,78.6106185913086,82.49517822265625,86.28740692138672,89.66878509521484,89.66878509521484
2024-08-28,2024-07-29,78.65,81.76144409179688,73.44622802734375,73.44622802734375,77.63744354248047,81.76144409179688,85.70967102050781,89.17344665527344,89.17344665527344
2024-08-29,2024-07-30,79.94,81.73560333251953,73.11566162109375,73.11566162109375,77.446044921875,81.73560333251953,85.80696868896484,89.3648681640625,89.3648681640625
2024-08-30,2024-07-31,78.8,84.0931625366211,76.0015869140625,76.0015869140625,79.9989242553711,84.0931625366211,88.15367889404297,91.75665283203125,91.75665283203125
2024-09-03,2024-08-01,73.75,82.5605697631836,74.38575744628906,74.38575744628906,78.48985290527344,82.5605697631836,86.51154327392578,89.99027252197266,89.99027252197266
2024-09-04,2024-08-02,72.7,80.3448486328125,71.28863525390625,71.28863525390625,75.86692810058594,80.3448486328125,84.5777359008789,88.22962951660156,88.22962951660156
2024-09-05,2024-08-05,72.69,79.67735290527344,70.41934204101562,70.41934204101562,75.12918090820312,79.67735290527344,83.96803283691406,87.62942504882812,87.62942504882812
2024-09-06,2024-08-06,71.06,79.39420318603516,70.29549407958984,70.29549407958984,74.92819213867188,79.39420318603516,83.66986083984375,87.33021545410156,87.33021545410156
2024-09-09,2024-08-07,71.84,80.7079086303711,71.84634399414062,71.84634399414062,76.31796264648438,80.7079086303711,85.04168701171875,88.77748107910156,88.77748107910156
2024-09-10,2024-08-08,69.19,81.21634674072266,72.47699737548828,72.47699737548828,76.86961364746094,81.21634674072266,85.54762268066406,89.26703643798828,89.26703643798828
2024-09-11,2024-08-09,70.61,81.68706512451172,73.34820556640625,73.34820556640625,77.51487731933594,81.68706512451172,85.89131164550781,89.51850891113281,89.51850891113281
2024-09-12,2024-08-12,71.97,84.51917266845703,75.72940063476562,75.72940063476562,80.04844665527344,84.51917266845703,89.15907287597656,93.21438598632812,93.21438598632812
2024-09-13,2024-08-13,71.61,82.82125091552734,74.55394744873047,74.55394744873047,78.63505554199219,82.82125091552734,87.0685806274414,90.73224639892578,90.73224639892578
2024-09-16,2024-08-14,72.75,82.55181121826172,74.45751190185547,74.45751190185547,78.45775604248047,82.55181121826172,86.66412353515625,90.20392608642578,90.20392608642578
2024-09-17,2024-08-15,73.7,84.04383087158203,76.27326965332031,76.27326965332031,80.07164001464844,84.04383087158203,88.10435485839844,91.59290313720703,91.59290313720703
2024-09-18,2024-08-16,73.65,82.80826568603516,74.93450164794922,74.93450164794922,78.8079833984375,82.80826568603516,86.83184051513672,90.2945327758789,90.2945327758789
2024-09-19,2024-08-19,74.88,80.50318908691406,72.10578918457031,72.10578918457031,76.263671875,80.50318908691406,84.66981506347656,88.22486114501953,88.22486114501953
2024-09-20,2024-08-20,74.49,79.88534545898438,71.34237670898438,71.34237670898438,75.58012390136719,79.88534545898438,84.12187194824219,87.75724792480469,87.75724792480469
2024-09-23,2024-08-21,73.9,78.59752655029297,69.72863006591797,69.72863006591797,74.18032836914062,78.59752655029297,82.89970397949219,86.60923767089844,86.60923767089844
2024-09-24,2024-08-22,75.17,80.45816802978516,71.82917785644531,71.82917785644531,76.14204406738281,80.45816802978516,84.69035339355469,88.34844207763672,88.34844207763672
2024-09-25,2024-08-23,73.46,81.87527465820312,73.56645202636719,73.56645202636719,77.6982650756836,81.87527465820312,86.02032470703125,89.58516693115234,89.58516693115234
2024-09-26,2024-08-26,71.6,84.29113006591797,75.92512512207031,75.92512512207031,80.00234985351562,84.29113006591797,88.69511413574219,92.4691390991211,92.4691390991211
2024-09-27,2024-08-27,71.98,81.71073913574219,73.39363098144531,73.39363098144531,77.51763916015625,81.71073913574219,85.8773193359375,89.44036102294922,89.44036102294922
2024-09-30,2024-08-28,71.77,80.67395782470703,72.40409851074219,72.40409851074219,76.51654052734375,80.67395782470703,84.80323791503906,88.33534240722656,88.33534240722656
2024-10-01,2024-08-29,73.56,81.97611236572266,73.86587524414062,73.86587524414062,77.84445190429688,81.97611236572266,86.16936492919922,89.78436279296875,89.78436279296875
2024-10-02,2024-08-30,73.9,80.33812713623047,72.09056091308594,72.09056091308594,76.17769622802734,80.33812713623047,84.48180389404297,88.06559753417969,88.06559753417969
2024-10-03,2024-09-03,77.62,75.34373474121094,65.70968627929688,65.70968627929688,70.56169128417969,75.34373474121094,79.9336929321289,83.86311340332031,83.86311340332031
2024-10-04,2024-09-04,78.05,73.78374481201172,63.81980895996094,63.81980895996094,68.83961486816406,73.78374481201172,78.58355712890625,82.7094497680664,82.7094497680664
2024-10-07,2024-09-05,80.93,73.17241668701172,63.78113555908203,63.78113555908203,68.49093627929688,73.17241668701172,77.76734924316406,81.7331771850586,81.7331771850586
2024-10-08,2024-09-06,77.18,71.33025360107422,61.7142448425293,61.7142448425293,66.51905822753906,71.33025360107422,76.04306030273438,80.10469818115234,80.10469818115234
2024-10-09,2024-09-09,76.58,71.0285873413086,61.83531951904297,61.83531951904297,66.38443756103516,71.0285873413086,75.66808319091797,79.74552154541016,79.74552154541016
2024-10-10,2024-09-10,79.4,68.69149780273438,58.21910858154297,58.21910858154297,63.501686096191406,68.69149780273438,73.70581817626953,78.05879974365234,78.05879974365234
2024-10-11,2024-09-11,79.04,69.2927017211914,59.40681457519531,59.40681457519531,64.39124298095703,69.2927017211914,74.18820190429688,78.48370361328125,78.48370361328125
2024-10-14,2024-09-12,77.46,69.64867401123047,59.71574401855469,59.71574401855469,64.72503662109375,69.64867401123047,74.57899475097656,78.9356689453125,78.9356689453125
2024-10-15,2024-09-13,74.25,69.86134338378906,59.982215881347656,59.982215881347656,64.99411010742188,69.86134338378906,74.71659088134766,78.99259185791016,78.99259185791016
2024-10-16,2024-09-16,74.22,71.3801498413086,61.79869079589844,61.79869079589844,66.63839721679688,71.3801498413086,76.10984802246094,80.24552154541016,80.24552154541016
2024-10-17,2024-09-17,74.45,71.74523162841797,62.37803649902344,62.37803649902344,67.10716247558594,71.74523162841797,76.34400939941406,80.3464584350586,80.3464584350586
2024-10-18,2024-09-18,73.06,72.30902099609375,63.116912841796875,63.116912841796875,67.73246765136719,72.30902099609375,76.90276336669922,80.90560150146484,80.90560150146484
2024-10-21,2024-09-19,74.29,73.4385986328125,64.43968200683594,64.43968200683594,68.93553924560547,73.4385986328125,77.95429992675781,81.84786224365234,81.84786224365234
2024-10-22,2024-09-20,76.04,72.8125991821289,64.29118347167969,64.29118347167969,68.55565643310547,72.8125991821289,77.08583068847656,80.81682586669922,80.81682586669922
2024-10-23,2024-09-23,74.96,72.3667221069336,63.655540466308594,63.655540466308594,68.03036499023438,72.3667221069336,76.72955322265625,80.54352569580078,80.54352569580078
2024-10-24,2024-09-24,74.38,73.10427856445312,64.12185668945312,64.12185668945312,68.61421203613281,73.10427856445312,77.63868713378906,81.55318450927734,81.55318450927734
2024-10-25,2024-09-25,76.05,70.59024810791016,61.569496154785156,61.569496154785156,66.08467102050781,70.59024810791016,75.13829040527344,79.15682983398438,79.15682983398438
2024-10-28,2024-09-26,71.42,68.0850601196289,58.73799133300781,58.73799133300781,63.446533203125,68.0850601196289,72.76402282714844,76.97486877441406,76.97486877441406
2024-10-29,2024-09-27,71.12,68.79581451416016,59.729270935058594,59.729270935058594,64.29830169677734,68.79581451416016,73.37940979003906,77.4600601196289,77.4600601196289
2024-10-30,2024-09-30,72.55,68.760986328125,59.90093994140625,59.90093994140625,64.33840942382812,68.760986328125,73.31047821044922,77.35140991210938,77.35140991210938
2024-10-31,2024-10-01,73.16,68.74419403076172,59.765716552734375,59.765716552734375,64.18771362304688,68.74419403076172,73.47402954101562,77.65884399414062,77.65884399414062
2024-11-01,2024-10-02,73.1,70.30142974853516,60.89856719970703,60.89856719970703,65.59519958496094,70.30142974853516,75.13239288330078,79.3405532836914,79.3405532836914
2024-11-04,2024-10-03,75.08,75.40696716308594,65.72923278808594,65.72923278808594,70.4864501953125,75.40696716308594,80.58133697509766,84.99121856689453,84.99121856689453
2024-11-05,2024-10-04,75.53,76.34491729736328,66.7422866821289,66.7422866821289,71.45716857910156,76.34491729736328,81.42675018310547,85.71668243408203,85.71668243408203
2024-11-06,2024-10-07,74.92,79.9752197265625,69.9473876953125,69.9473876953125,74.78419494628906,79.9752197265625,85.5010986328125,90.3759994506836,90.3759994506836
2024-11-07,2024-10-08,75.63,76.12506866455078,66.79740905761719,66.79740905761719,71.3759765625,76.12506866455078,80.93306732177734,85.05167388916016,85.05167388916016
2024-11-08,2024-10-09,73.87,76.0333251953125,66.79007720947266,66.79007720947266,71.3619155883789,76.0333251953125,80.71686553955078,84.72106170654297,84.72106170654297
2024-11-11,2024-10-10,71.83,79.48193359375,70.3335952758789,70.3335952758789,74.75389099121094,79.48193359375,84.3436279296875,88.47267150878906,88.47267150878906
2024-11-12,2024-10-11,71.89,79.60658264160156,70.6451644897461,70.6451644897461,75.01329803466797,79.60658264160156,84.24179077148438,88.14641571044922,88.14641571044922
2024-11-13,2024-10-14,72.28,78.67200469970703,69.87958526611328,69.87958526611328,74.20472717285156,78.67200469970703,83.10391235351562,86.8395004272461,86.8395004272461
2024-11-14,2024-10-15,72.56,76.01358795166016,66.64929962158203,66.64929962158203,71.32478332519531,76.01358795166016,80.6405029296875,84.59807586669922,84.59807586669922
2024-11-15,2024-10-16,71.04,75.61858367919922,66.04859924316406,66.04859924316406,70.86383056640625,75.61858367919922,80.33361053466797,84.35818481445312,84.35818481445312
2024-11-18,2024-10-17,73.3,75.28353118896484,65.71430969238281,65.71430969238281,70.54183197021484,75.28353118896484,80.012451171875,84.05565643310547,84.05565643310547
2024-11-19,2024-10-18,73.31,73.38883972167969,63.50868606567383,63.50868606567383,68.55113220214844,73.38883972167969,78.16838073730469,82.28803253173828,82.28803253173828
2024-11-20,2024-10-21,72.81,74.42092895507812,64.56387329101562,64.56387329101562,69.58102416992188,74.42092895507812,79.25736236572266,83.38825988769531,83.38825988769531
2024-11-21,2024-10-22,74.23,76.61988067626953,66.96366119384766,66.96366119384766,71.80159759521484,76.61988067626953,81.49412536621094,85.61460876464844,85.61460876464844
2024-11-22,2024-10-23,75.17,75.50785827636719,65.82624816894531,65.82624816894531,70.69696044921875,75.50785827636719,80.32777404785156,84.40693664550781,84.40693664550781
2024-11-25,2024-10-24,73.01,76.8086166381836,67.56288146972656,67.56288146972656,72.23005676269531,76.8086166381836,81.33335876464844,85.1578369140625,85.1578369140625
2024-11-26,2024-10-25,72.81,78.71208953857422,69.62779235839844,69.62779235839844,74.1900634765625,78.71208953857422,83.23956298828125,87.0789566040039,87.0789566040039
2024-11-27,2024-10-28,72.83,74.15821075439453,63.741973876953125,63.741973876953125,69.0998764038086,74.15821075439453,79.04666137695312,83.180419921875,83.180419921875
2024-11-29,2024-10-29,72.94,74.03177642822266,63.486167907714844,63.486167907714844,68.91098022460938,74.03177642822266,79.0335693359375,83.30042266845703,83.30042266845703
2024-12-02,2024-10-30,71.83,75.12782287597656,65.26378631591797,65.26378631591797,70.28483581542969,75.12782287597656,79.89492797851562,83.95987701416016,83.95987701416016
2024-12-03,2024-10-31,73.62,75.81195068359375,66.21536254882812,66.21536254882812,71.0936279296875,75.81195068359375,80.45892333984375,84.44197082519531,84.44197082519531
2024-12-04,2024-11-01,72.31,75.8567123413086,66.54695892333984,66.54695892333984,71.26770782470703,75.8567123413086,80.37925720214844,84.27779388427734,84.27779388427734
2024-12-05,2024-11-04,72.09,78.07315063476562,68.8905258178711,68.8905258178711,73.50440979003906,78.07315063476562,82.63043212890625,86.51956176757812,86.51956176757812
2024-12-06,2024-11-05,71.12,78.42843627929688,69.66328430175781,69.66328430175781,74.05362701416016,78.42843627929688,82.76112365722656,86.45672607421875,86.45672607421875
2024-12-09,2024-11-06,72.14,77.45030975341797,68.500732421875,68.500732421875,72.99600219726562,77.45030975341797,81.8798828125,85.70516204833984,85.70516204833984
2024-12-10,2024-11-07,72.19,77.70954132080078,68.54560852050781,68.54560852050781,73.16727447509766,77.70954132080078,82.24281311035156,86.13107299804688,86.13107299804688
2024-12-11,2024-11-08,73.52,76.00616455078125,66.67838287353516,66.67838287353516,71.43199920654297,76.00616455078125,80.51356506347656,84.38594818115234,84.38594818115234
2024-12-12,2024-11-11,73.41,73.50897216796875,63.68899917602539,63.68899917602539,68.73824310302734,73.50897216796875,78.19618225097656,82.3028793334961,82.3028793334961
2024-12-13,2024-11-12,74.49,73.13288879394531,63.539459228515625,63.539459228515625,68.44183349609375,73.13288879394531,77.81058502197266,81.98450469970703,81.98450469970703
2024-12-16,2024-11-13,73.91,73.33228302001953,64.06484985351562,64.06484985351562,68.76988220214844,73.33228302001953,77.9382553100586,82.03497314453125,82.03497314453125
2024-12-17,2024-11-14,73.19,73.52622985839844,64.71987915039062,64.71987915039062,69.13932037353516,73.52622985839844,77.9881591796875,81.99081420898438,81.99081420898438
2024-12-18,2024-11-15,73.39,72.282958984375,63.37709045410156,63.37709045410156,67.8819580078125,72.282958984375,76.73422241210938,80.73497772216797,80.73497772216797
2024-12-19,2024-11-18,72.88,74.34449005126953,65.40605163574219,65.40605163574219,69.91142272949219,74.34449005126953,78.90229034423828,82.96170043945312,82.96170043945312
2024-12-20,2024-11-19,72.94,73.72200012207031,64.91256713867188,64.91256713867188,69.34245300292969,73.72200012207031,78.22038269042969,82.21061706542969,82.21061706542969
2024-12-23,2024-11-20,72.63,72.39645385742188,63.89093017578125,63.89093017578125,68.11178588867188,72.39645385742188,76.84977722167969,80.91136169433594,80.91136169433594
2024-12-24,2024-11-21,73.58,74.2183609008789,65.9961166381836,65.9961166381836,70.02921295166016,74.2183609008789,78.60398864746094,82.56623077392578,82.56623077392578
2024-12-26,2024-11-22,73.26,75.77105712890625,67.63964080810547,67.63964080810547,71.62208557128906,75.77105712890625,80.09161376953125,83.98079681396484,83.98079681396484
2024-12-27,2024-11-25,74.17,74.20736694335938,66.2496337890625,66.2496337890625,70.17791748046875,74.20736694335938,78.32466888427734,82.11943054199219,82.11943054199219
2024-12-30,2024-11-26,74.39,73.78612518310547,66.08719635009766,66.08719635009766,69.81072998046875,73.78612518310547,77.87808227539062,81.69840240478516,81.69840240478516
2024-12-31,2024-11-27,74.64,73.98285675048828,66.24946594238281,66.24946594238281,70.0396728515625,73.98285675048828,78.03755187988281,81.80050659179688,81.80050659179688
2025-01-02,2024-11-29,75.93,73.57340240478516,65.6612777709961,65.6612777709961,69.53938293457031,73.57340240478516,77.74842834472656,81.60692596435547,81.60692596435547
2025-01-03,2024-12-02,76.51,71.46033477783203,63.07469940185547,63.07469940185547,67.24929809570312,71.46033477783203,75.73387145996094,79.66447448730469,79.66447448730469
2025-01-06,2024-12-03,76.3,73.38699340820312,65.12583923339844,65.12583923339844,69.24205780029297,73.38699340820312,77.57606506347656,81.3586654663086,81.3586654663086
2025-01-07,2024-12-04,77.05,72.0225601196289,63.730079650878906,63.730079650878906,67.90904998779297,72.0225601196289,76.1895751953125,80.02886199951172,80.02886199951172
2025-01-08,2024-12-05,76.16,71.37086486816406,62.91291046142578,62.91291046142578,67.18820190429688,71.37086486816406,75.62937927246094,79.56627655029297,79.56627655029297
2025-01-09,2024-12-06,76.92,69.87259674072266,61.286598205566406,61.286598205566406,65.66326141357422,69.87259674072266,74.17425537109375,78.13908386230469,78.13908386230469
2025-01-10,2024-12-09,79.76,70.46981811523438,62.213523864746094,62.213523864746094,66.38029479980469,70.46981811523438,74.72858428955078,78.67459869384766,78.67459869384766
2025-01-13,2024-12-10,81.01,69.77538299560547,61.41709899902344,61.41709899902344,65.64183044433594,69.77538299560547,74.04783630371094,78.0028305053711,78.0028305053711
2025-01-14,2024-12-11,79.92,70.86641693115234,62.49275207519531,62.49275207519531,66.69917297363281,70.86641693115234,75.2440185546875,79.2886962890625,79.2886962890625
2025-01-15,2024-12-12,82.03,70.57103729248047,62.03813934326172,62.03813934326172,66.31678771972656,70.57103729248047,74.99585723876953,79.02545928955078,79.02545928955078
2025-01-16,2024-12-13,81.29,71.29690551757812,62.684547424316406,62.684547424316406,66.95150756835938,71.29690551757812,75.87901306152344,80.05170440673828,80.05170440673828
2025-01-17,2024-12-16,80.79,71.19698333740234,62.820499420166016,62.820499420166016,66.9977035522461,71.19698333740234,75.55973815917969,79.52973175048828,79.52973175048828
2025-01-21,2024-12-17,79.29,70.8436508178711,62.659149169921875,62.659149169921875,66.7837142944336,70.8436508178711,75.00455474853516,78.80256652832031,78.80256652832031
2025-01-22,2024-12-18,79.0,71.55569458007812,63.70490264892578,63.70490264892578,67.64965057373047,71.55569458007812,75.56546020507812,79.25108337402344,79.25108337402344
2025-01-23,2024-12-19,78.29,69.22004699707031,61.442108154296875,61.442108154296875,65.31477355957031,69.22004699707031,73.30728912353516,77.08668518066406,77.08668518066406
2025-01-24,2024-12-20,78.5,70.07494354248047,62.36203384399414,62.36203384399414,66.21199035644531,70.07494354248047,74.12211608886719,77.86222076416016,77.86222076416016
2025-01-27,2024-12-23,77.08,70.05583953857422,62.34235763549805,62.34235763549805,66.22177124023438,70.05583953857422,74.09349060058594,77.82855224609375,77.82855224609375
2025-01-28,2024-12-24,77.49,70.56270599365234,62.70240783691406,62.70240783691406,66.66314697265625,70.56270599365234,74.59817504882812,78.27676391601562,78.27676391601562
2025-01-29,2024-12-26,76.58,71.08988952636719,63.53468704223633,63.53468704223633,67.36614227294922,71.08988952636719,74.88713073730469,78.34392547607422,78.34392547607422
2025-01-30,2024-12-27,76.87,71.80691528320312,63.97736358642578,63.97736358642578,67.93426513671875,71.80691528320312,75.777587890625,79.41583251953125,79.41583251953125
2025-01-31,2024-12-30,76.76,71.55902862548828,63.67096710205078,63.67096710205078,67.65888977050781,71.55902862548828,75.59269714355469,79.30669403076172,79.30669403076172
2025-02-03,2024-12-31,75.96,70.95784759521484,63.25870895385742,63.25870895385742,67.11489868164062,70.95784759521484,74.96373748779297,78.64102935791016,78.64102935791016
2025-02-04,2025-01-02,76.2,71.27103424072266,63.454742431640625,63.454742431640625,67.29639434814453,71.27103424072266,75.52468872070312,79.40320587158203,79.40320587158203
2025-02-05,2025-01-03,74.61,71.07862854003906,62.74415969848633,62.74415969848633,66.80577087402344,71.07862854003906,75.614501953125,79.70465850830078,79.70465850830078
2025-02-06,2025-01-06,74.29,70.95829010009766,63.00625228881836,63.00625228881836,66.8621826171875,70.95829010009766,75.31560516357422,79.281982421875,79.281982421875
2025-02-07,2025-01-07,74.66,71.48021697998047,62.97218322753906,62.97218322753906,67.06062316894531,71.48021697998047,76.12673950195312,80.251220703125,80.251220703125
2025-02-10,2025-01-08,75.87,70.22241973876953,62.107643127441406,62.107643127441406,65.99469757080078,70.22241973876953,74.67880249023438,78.70963287353516,78.70963287353516
2025-02-11,2025-01-09,77.0,72.36451721191406,64.03446197509766,64.03446197509766,68.03030395507812,72.36451721191406,76.85619354248047,80.85354614257812,80.85354614257812
2025-02-12,2025-01-10,75.18,74.34453582763672,65.35175323486328,65.35175323486328,69.62092590332031,74.34453582763672,79.36759948730469,84.07087707519531,84.07087707519531
2025-02-13,2025-01-13,75.02,75.99732971191406,67.17223358154297,67.17223358154297,71.30931091308594,75.99732971191406,81.05880737304688,85.85504150390625,85.85504150390625
2025-02-14,2025-01-14,74.74,72.33731079101562,63.70264434814453,63.70264434814453,67.71942138671875,72.33731079101562,77.25308227539062,81.6530532836914,81.6530532836914
2025-02-18,2025-01-15,75.84,74.32568359375,65.19705963134766,65.19705963134766,69.45231628417969,74.32568359375,79.56339263916016,84.40748596191406,84.40748596191406
2025-02-19,2025-01-16,76.04,74.10419464111328,64.92123413085938,64.92123413085938,69.20369720458984,74.10419464111328,79.3388900756836,84.08951568603516,84.08951568603516
2025-02-20,2025-01-17,76.48,75.84549713134766,66.66156005859375,66.66156005859375,71.07318115234375,75.84549713134766,80.79437255859375,85.270751953125,85.270751953125
2025-02-21,2025-01-21,74.43,73.71624755859375,65.36503601074219,65.36503601074219,69.36837005615234,73.71624755859375,78.1929931640625,82.1773452758789,82.1773452758789
2025-02-24,2025-01-22,74.78,73.03263854980469,64.7547607421875,64.7547607421875,68.73345947265625,73.03263854980469,77.4449234008789,81.3577880859375,81.3577880859375
2025-02-25,2025-01-23,73.02,72.46258544921875,64.08110046386719,64.08110046386719,68.11760711669922,72.46258544921875,76.92131042480469,80.85924530029297,80.85924530029297
2025-02-26,2025-01-24,72.53,72.7127914428711,64.51729583740234,64.51729583740234,68.44401550292969,72.7127914428711,77.09895324707031,80.94827270507812,80.94827270507812
2025-02-27,2025-01-27,74.04,71.2479476928711,63.159088134765625,63.159088134765625,67.04844665527344,71.2479476928711,75.58189392089844,79.43806457519531,79.43806457519531
2025-02-28,2025-01-28,73.18,71.48597717285156,63.58097839355469,63.58097839355469,67.38758850097656,71.48597717285156,75.7048110961914,79.46044158935547,79.46044158935547
2025-03-03,2025-01-29,71.62,69.68378448486328,62.132869720458984,62.132869720458984,65.75357055664062,69.68378448486328,73.74064636230469,77.39729309082031,77.39729309082031
2025-03-04,2025-01-30,71.04,70.1485824584961,62.489601135253906,62.489601135253906,66.16657257080078,70.1485824584961,74.24346923828125,77.89622497558594,77.89622497558594
2025-03-05,2025-01-31,69.3,69.23162841796875,61.94989013671875,61.94989013671875,65.41709899902344,69.23162841796875,73.21646881103516,76.84484100341797,76.84484100341797
2025-03-06,2025-02-03,69.46,69.5905532836914,62.30877685546875,62.30877685546875,65.80917358398438,69.5905532836914,73.50820922851562,77.09632110595703,77.09632110595703
2025-03-07,2025-02-04,70.36,70.00312805175781,62.89289855957031,62.89289855957031,66.2873764038086,70.00312805175781,73.84040832519531,77.370849609375,77.370849609375
2025-03-10,2025-02-05,69.28,68.77983856201172,61.724082946777344,61.724082946777344,65.12106323242188,68.77983856201172,72.54524230957031,76.0865249633789,76.0865249633789
2025-03-11,2025-02-06,69.56,68.08793640136719,60.99046325683594,60.99046325683594,64.41056823730469,68.08793640136719,71.83116912841797,75.38063049316406,75.38063049316406
2025-03-12,2025-02-07,70.95,68.7176742553711,61.86945343017578,61.86945343017578,65.17268371582031,68.7176742553711,72.38664245605469,75.89823150634766,75.89823150634766
2025-03-13,2025-02-10,69.88,70.8136215209961,63.77859878540039,63.77859878540039,67.18513488769531,70.8136215209961,74.58489227294922,78.12272644042969,78.12272644042969
2025-03-14,2025-02-11,70.58,73.61930084228516,66.52619934082031,66.52619934082031,69.96870422363281,73.61930084228516,77.39971923828125,80.8483657836914,80.8483657836914
2025-03-17,2025-02-12,71.07,71.7938232421875,65.14695739746094,65.14695739746094,68.37823486328125,71.7938232421875,75.285400390625,78.57233428955078,78.57233428955078
2025-03-18,2025-02-13,70.56,71.06616973876953,64.54578399658203,64.54578399658203,67.7109375,71.06616973876953,74.52137756347656,77.84906768798828,77.84906768798828
2025-03-19,2025-02-14,70.78,71.00894927978516,64.48651885986328,64.48651885986328,67.66119384765625,71.00894927978516,74.49021911621094,77.83880615234375,77.83880615234375
2025-03-20,2025-02-18,72.0,72.19374084472656,65.72418975830078,65.72418975830078,68.8529052734375,72.19374084472656,75.73202514648438,79.0960922241211,79.0960922241211
2025-03-21,2025-02-19,72.16,72.55062103271484,66.19042205810547,66.19042205810547,69.25401306152344,72.55062103271484,76.09815979003906,79.50069427490234,79.50069427490234
2025-03-24,2025-02-20,73.0,72.24594116210938,66.02267456054688,66.02267456054688,68.9844970703125,72.24594116210938,75.80807495117188,79.2583999633789,79.2583999633789
2025-03-25,2025-02-21,73.02,70.11480712890625,63.94426727294922,63.94426727294922,66.89745330810547,70.11480712890625,73.57417297363281,76.932373046875,76.932373046875
2025-03-26,2025-02-24,73.79,70.3636474609375,64.13787841796875,64.13787841796875,67.11370849609375,70.3636474609375,73.84251403808594,77.20035552978516,77.20035552978516
2025-03-27,2025-02-25,74.03,68.60716247558594,62.622432708740234,62.622432708740234,65.49854278564453,68.60716247558594,71.85990905761719,75.00538635253906,75.00538635253906
2025-03-28,2025-02-26,73.63,67.94022369384766,61.95664596557617,61.95664596557617,64.83466339111328,67.94022369384766,71.157958984375,74.25833892822266,74.25833892822266
2025-03-31,2025-02-27,74.74,68.51403045654297,62.49463653564453,62.49463653564453,65.35994720458984,68.51403045654297,71.82810974121094,75.01305389404297,75.01305389404297
2025-04-01,2025-02-28,74.49,68.74784851074219,62.8297119140625,62.8297119140625,65.66346740722656,68.74784851074219,71.98249816894531,75.12993621826172,75.12993621826172
2025-04-02,2025-03-03,74.95,67.56978607177734,61.55271530151367,61.55271530151367,64.44306945800781,67.56978607177734,70.75569915771484,73.84516143798828,73.84516143798828
2025-04-03,2025-03-04,70.14,66.48927307128906,60.72453689575195,60.72453689575195,63.504295349121094,66.48927307128906,69.50183868408203,72.45316314697266,72.45316314697266
2025-04-04,2025-03-05,65.58,65.54724884033203,59.33300018310547,59.33300018310547,62.35060501098633,65.54724884033203,68.68679809570312,71.7513427734375,71.7513427734375
2025-04-07,2025-03-06,64.21,65.68714141845703,59.60214614868164,59.60214614868164,62.54521179199219,65.68714141845703,68.8267593383789,71.87429809570312,71.87429809570312
2025-04-08,2025-03-07,62.82,66.5051498413086,60.762550354003906,60.762550354003906,63.53562545776367,66.5051498413086,69.50587463378906,72.44011688232422,72.44011688232422
2025-04-09,2025-03-10,65.48,65.36103057861328,59.71688461303711,59.71688461303711,62.46277618408203,65.36103057861328,68.29389953613281,71.20862579345703,71.20862579345703
2025-04-10,2025-03-11,63.33,65.55430603027344,59.920631408691406,59.920631408691406,62.65201950073242,65.55430603027344,68.54412841796875,71.5173110961914,71.5173110961914
2025-04-11,2025-03-12,64.76,66.60142517089844,60.547035217285156,60.547035217285156,63.481895446777344,66.60142517089844,69.83341979980469,72.98835754394531,72.98835754394531
2025-04-14,2025-03-13,64.88,66.18865203857422,60.350341796875,60.350341796875,63.18315887451172,66.18865203857422,69.31796264648438,72.39722442626953,72.39722442626953
2025-04-15,2025-03-14,64.67,66.61164855957031,60.90650939941406,60.90650939941406,63.67098617553711,66.61164855957031,69.7093505859375,72.78733825683594,72.78733825683594
2025-04-16,2025-03-17,65.85,67.66729736328125,62.201194763183594,62.201194763183594,64.83596801757812,67.66729736328125,70.71263122558594,73.72460174560547,73.72460174560547
2025-04-17,2025-03-18,67.96,67.61288452148438,62.06873321533203,62.06873321533203,64.75731658935547,67.61288452148438,70.68572998046875,73.72057342529297,73.72057342529297
2025-04-21,2025-03-19,66.26,67.81333923339844,62.38304138183594,62.38304138183594,65.0018310546875,67.81333923339844,70.82301330566406,73.76908111572266,73.76908111572266
2025-04-22,2025-03-20,67.44,68.1728744506836,62.27302169799805,62.27302169799805,65.11007690429688,68.1728744506836,71.44190979003906,74.52840423583984,74.52840423583984
2025-04-23,2025-03-21,66.12,68.41500091552734,62.70604705810547,62.70604705810547,65.462890625,68.41500091552734,71.51455688476562,74.43807983398438,74.43807983398438
2025-04-24,2025-03-24,66.55,69.27162170410156,63.48655700683594,63.48655700683594,66.27906799316406,69.27162170410156,72.48248291015625,75.53075408935547,75.53075408935547
2025-04-25,2025-03-25,66.87,69.5467529296875,63.96734619140625,63.96734619140625,66.65765380859375,69.5467529296875,72.61270904541016,75.5587387084961,75.5587387084961
2025-04-28,2025-03-26,65.86,69.47522735595703,63.87921905517578,63.87921905517578,66.5573959350586,69.47522735595703,72.54214477539062,75.48966217041016,75.48966217041016
2025-04-29,2025-03-27,64.25,69.8061294555664,64.22905731201172,64.22905731201172,66.88549041748047,69.8061294555664,72.83682250976562,75.74026489257812,75.74026489257812
2025-04-30,2025-03-28,63.12,70.23899841308594,64.60076904296875,64.60076904296875,67.29611206054688,70.23899841308594,73.24303436279297,76.08660888671875,76.08660888671875
2025-05-01,2025-03-31,62.13,70.9844741821289,65.51334381103516,65.51334381103516,68.07965087890625,70.9844741821289,73.98442077636719,76.84391021728516,76.84391021728516
2025-05-02,2025-04-01,61.29,70.08724975585938,64.5320053100586,64.5320053100586,67.13762664794922,70.08724975585938,73.1243896484375,76.0390396118164,76.0390396118164
2025-05-05,2025-04-02,60.23,70.62434387207031,64.84292602539062,64.84292602539062,67.55856323242188,70.62434387207031,73.79554748535156,76.79013061523438,76.79013061523438
2025-05-06,2025-04-03,62.15,67.68495178222656,61.875579833984375,61.875579833984375,64.70818328857422,67.68495178222656,70.64468383789062,73.46796417236328,73.46796417236328
2025-05-07,2025-04-04,61.12,64.2829818725586,57.78485870361328,57.78485870361328,60.98961639404297,64.2829818725586,67.48692321777344,70.46177673339844,70.46177673339844
2025-05-08,2025-04-07,62.84,62.348854064941406,55.99207305908203,55.99207305908203,59.109031677246094,62.348854064941406,65.53329467773438,68.5016098022461,68.5016098022461
2025-05-09,2025-04-08,63.91,61.33753204345703,55.16716003417969,55.16716003417969,58.173439025878906,61.33753204345703,64.47731018066406,67.40330505371094,67.40330505371094
2025-05-12,2025-04-09,64.96,62.79637145996094,56.69063186645508,56.69063186645508,59.66398620605469,62.79637145996094,65.95358276367188,68.89351654052734,68.89351654052734
2025-05-13,2025-04-10,66.63,61.55636215209961,55.43389892578125,55.43389892578125,58.4315185546875,61.55636215209961,64.74775695800781,67.76873779296875,67.76873779296875
2025-05-14,2025-04-11,66.09,62.496681213378906,56.10811233520508,56.10811233520508,59.259605407714844,62.496681213378906,65.80784606933594,68.90081024169922,68.90081024169922
2025-05-15,2025-04-14,64.53,63.24785614013672,57.18400573730469,57.18400573730469,60.16086959838867,63.24785614013672,66.40058898925781,69.38220977783203,69.38220977783203
2025-05-16,2025-04-15,65.41,62.33234405517578,56.42344665527344,56.42344665527344,59.27429962158203,62.33234405517578,65.49403381347656,68.57411193847656,68.57411193847656
2025-05-19,2025-04-16,65.54,63.69205856323242,57.99431228637695,57.99431228637695,60.73991012573242,63.69205856323242,66.74894714355469,69.75460052490234,69.75460052490234
2025-05-20,2025-04-17,65.38,65.45218658447266,59.78787612915039,59.78787612915039,62.514530181884766,65.45218658447266,68.46165466308594,71.40225219726562,71.40225219726562
2025-05-21,2025-04-21,64.91,64.47879791259766,58.768798828125,58.768798828125,61.514278411865234,64.47879791259766,67.52435302734375,70.50782012939453,70.50782012939453
2025-05-22,2025-04-22,64.44,65.70491790771484,59.695831298828125,59.695831298828125,62.60221862792969,65.70491790771484,68.846923828125,71.86128234863281,71.86128234863281
2025-05-23,2025-04-23,64.78,65.76590728759766,60.07530212402344,60.07530212402344,62.81291580200195,65.76590728759766,68.70858764648438,71.49530792236328,71.49530792236328
2025-05-27,2025-04-24,64.09,65.9881362915039,60.29056167602539,60.29056167602539,63.043785095214844,65.9881362915039,68.90974426269531,71.67333221435547,71.67333221435547
2025-05-28,2025-04-25,64.9,65.45355987548828,59.79150390625,59.79150390625,62.52860641479492,65.45355987548828,68.37919616699219,71.13368225097656,71.13368225097656
2025-05-29,2025-04-28,64.15,64.55277252197266,58.58628463745117,58.58628463745117,61.49170684814453,64.55277252197266,67.6539077758789,70.54594421386719,70.54594421386719
2025-05-30,2025-04-29,63.9,62.54310607910156,56.61640167236328,56.61640167236328,59.489768981933594,62.54310607910156,65.62786865234375,68.48514556884766,68.48514556884766
2025-06-02,2025-04-30,64.63,61.20604705810547,55.197853088378906,55.197853088378906,58.11600112915039,61.20604705810547,64.30880737304688,67.16226959228516,67.16226959228516
2025-06-03,2025-05-01,65.63,60.716896057128906,54.824951171875,54.824951171875,57.683963775634766,60.716896057128906,63.738006591796875,66.5037841796875,66.5037841796875
2025-06-04,2025-05-02,64.86,60.950469970703125,54.75554656982422,54.75554656982422,57.766014099121094,60.950469970703125,64.0943832397461,66.91098022460938,66.91098022460938
2025-06-05,2025-05-05,65.34,60.27234649658203,53.756324768066406,53.756324768066406,56.95708084106445,60.27234649658203,63.56150817871094,66.5535659790039,66.5535659790039
2025-06-06,2025-05-06,66.47,61.727027893066406,55.28932571411133,55.28932571411133,58.430660247802734,61.727027893066406,65.05274200439453,68.06370544433594,68.06370544433594
2025-06-09,2025-05-07,67.04,61.71087646484375,55.351993560791016,55.351993560791016,58.44789505004883,61.71087646484375,65.00498962402344,67.97384643554688,67.97384643554688
2025-06-10,2025-05-08,66.87,61.47148132324219,55.101646423339844,55.101646423339844,58.1700325012207,61.47148132324219,64.83970642089844,67.86592102050781,67.86592102050781
2025-06-11,2025-05-09,69.77,62.15806198120117,55.821861267089844,55.821861267089844,58.85883331298828,62.15806198120117,65.54235076904297,68.58633422851562,68.58633422851562
2025-06-12,2025-05-12,69.36,63.662254333496094,57.07905578613281,57.07905578613281,60.25830078125,63.662254333496094,67.10110473632812,70.14363861083984,70.14363861083984
2025-06-13,2025-05-13,74.23,65.18109130859375,58.47568893432617,58.47568893432617,61.69258117675781,65.18109130859375,68.72927856445312,71.84320831298828,71.84320831298828
2025-06-16,2025-05-14,73.23,64.46684265136719,57.79676818847656,57.79676818847656,61.01294708251953,64.46684265136719,67.92853546142578,70.94086456298828,70.94086456298828
2025-06-17,2025-05-15,76.45,64.98786926269531,59.215030670166016,59.215030670166016,61.97137451171875,64.98786926269531,67.98414611816406,70.5686264038086,70.5686264038086
2025-06-18,2025-05-16,76.7,65.61173248291016,59.95977020263672,59.95977020263672,62.672000885009766,65.61173248291016,68.532470703125,71.06440734863281,71.06440734863281
2025-06-20,2025-05-19,77.01,65.38543701171875,59.68783187866211,59.68783187866211,62.436424255371094,65.38543701171875,68.33180236816406,70.8851318359375,70.8851318359375
2025-06-23,2025-05-20,71.48,65.64208984375,59.72319793701172,59.72319793701172,62.58362579345703,65.64208984375,68.7138900756836,71.3800048828125,71.3800048828125
2025-06-24,2025-05-21,67.14,65.04853057861328,59.23823547363281,59.23823547363281,62.02646255493164,65.04853057861328,68.06707763671875,70.68126678466797,70.68126678466797
2025-06-25,2025-05-22,67.68,64.61354064941406,58.80890655517578,58.80890655517578,61.599449157714844,64.61354064941406,67.64778137207031,70.30386352539062,70.30386352539062
2025-06-26,2025-05-23,67.73,64.92648315429688,59.36423110961914,59.36423110961914,62.04328155517578,64.92648315429688,67.83130645751953,70.39363098144531,70.39363098144531
2025-06-27,2025-05-27,67.77,64.47016906738281,58.80442810058594,58.80442810058594,61.548465728759766,64.47016906738281,67.38805389404297,69.93956756591797,69.93956756591797
2025-06-30,2025-05-28,67.61,64.83193969726562,59.173770904541016,59.173770904541016,61.93178176879883,64.83193969726562,67.74002075195312,70.33171081542969,70.33171081542969
2025-07-01,2025-05-29,67.11,64.34003448486328,58.614990234375,58.614990234375,61.40532684326172,64.34003448486328,67.26498413085938,69.8494644165039,69.8494644165039
2025-07-02,2025-05-30,69.11,64.26153564453125,58.56111526489258,58.56111526489258,61.34326934814453,64.26153564453125,67.16993713378906,69.73490142822266,69.73490142822266
2025-07-03,2025-06-02,68.8,64.228271484375,58.55650329589844,58.55650329589844,61.32347106933594,64.228271484375,67.14879608154297,69.73295593261719,69.73295593261719
2025-07-04,2025-06-03,68.29,64.9854965209961,59.41969680786133,59.41969680786133,62.112159729003906,64.9854965209961,67.88948822021484,70.45677947998047,70.45677947998047
2025-07-07,2025-06-04,69.58,65.3290023803711,59.72626876831055,59.72626876831055,62.45077133178711,65.3290023803711,68.245849609375,70.83213806152344,70.83213806152344
2025-07-08,2025-06-05,70.15,66.12385559082031,60.52499771118164,60.52499771118164,63.23056411743164,66.12385559082031,69.06988525390625,71.66940307617188,71.66940307617188
2025-07-09,2025-06-06,70.19,67.65986633300781,61.810516357421875,61.810516357421875,64.62415313720703,67.65986633300781,70.73204040527344,73.38801574707031,73.38801574707031
2025-07-10,2025-06-09,68.64,68.57032775878906,63.21009063720703,63.21009063720703,65.73078155517578,68.57032775878906,71.43226623535156,73.86143493652344,73.86143493652344
2025-07-11,2025-06-10,70.36,68.16926574707031,62.998355865478516,62.998355865478516,65.43516540527344,68.16926574707031,70.9029541015625,73.24976348876953,73.24976348876953
2025-07-14,2025-06-11,69.21,69.19984436035156,63.237701416015625,63.237701416015625,66.04026794433594,69.19984436035156,72.41304016113281,75.13805389404297,75.13805389404297
2025-07-15,2025-06-12,68.71,69.6797866821289,63.62303924560547,63.62303924560547,66.4670181274414,69.6797866821289,72.91331481933594,75.6524658203125,75.6524658203125
2025-07-16,2025-06-13,68.52,72.14411163330078,64.9452896118164,64.9452896118164,68.26431274414062,72.14411163330078,76.27584838867188,79.80933380126953,79.80933380126953
2025-07-17,2025-06-16,69.52,73.13729858398438,66.06832885742188,66.06832885742188,69.31732177734375,73.13729858398438,77.1485824584961,80.54888153076172,80.54888153076172
2025-07-18,2025-06-17,69.28,75.43594360351562,67.80510711669922,67.80510711669922,71.28761291503906,75.43594360351562,79.90789794921875,83.75273132324219,83.75273132324219
2025-07-21,2025-06-18,69.21,76.5989761352539,68.73665618896484,68.73665618896484,72.33822631835938,76.5989761352539,81.11163330078125,84.93627166748047,84.93627166748047
2025-07-22,2025-06-20,68.59,76.31446075439453,68.23609924316406,68.23609924316406,71.95490264892578,76.31446075439453,80.86033630371094,84.74150848388672,84.74150848388672
2025-07-23,2025-06-23,68.51,71.41275787353516,63.72716522216797,63.72716522216797,67.33367919921875,71.41275787353516,75.56660461425781,79.2037582397461,79.2037582397461
2025-07-24,2025-06-24,69.18,67.73403930664062,59.94915771484375,59.94915771484375,63.65247344970703,67.73403930664062,71.8787841796875,75.63600158691406,75.63600158691406
2025-07-25,2025-06-25,68.44,68.30870056152344,61.02614212036133,61.02614212036133,64.47267150878906,68.30870056152344,72.23405456542969,75.79954528808594,75.79954528808594
2025-07-28,2025-06-26,70.04,68.46720123291016,61.59757995605469,61.59757995605469,64.8529052734375,68.46720123291016,72.1719970703125,75.51715087890625,75.51715087890625
2025-07-29,2025-06-27,72.51,68.2184829711914,61.56562805175781,61.56562805175781,64.71287536621094,68.2184829711914,71.79695129394531,75.03539276123047,75.03539276123047
2025-07-30,2025-06-30,73.24,68.92003631591797,62.54374694824219,62.54374694824219,65.56827545166016,68.92003631591797,72.34701538085938,75.44742584228516,75.44742584228516
2025-07-31,2025-07-01,72.53,67.95037078857422,61.53220748901367,61.53220748901367,64.5744857788086,67.95037078857422,71.38925170898438,74.50981903076172,74.50981903076172
2025-08-01,2025-07-02,69.67,69.42449951171875,63.12704086303711,63.12704086303711,66.06379699707031,69.42449951171875,72.85273742675781,75.92890167236328,75.92890167236328
2025-08-04,2025-07-03,68.76,68.89280700683594,63.063072204589844,63.063072204589844,65.76246643066406,68.89280700683594,72.08381652832031,74.97066497802734,74.97066497802734
2025-08-05,2025-07-04,67.64,67.07781982421875,60.91145324707031,60.91145324707031,63.805763244628906,67.07781982421875,70.43733215332031,73.52412414550781,73.52412414550781
2025-08-06,2025-07-07,66.89,68.59344482421875,62.20702362060547,62.20702362060547,65.22349548339844,68.59344482421875,72.09719848632812,75.32980346679688,75.32980346679688
2025-08-07,2025-07-08,66.43,69.90898132324219,63.53135681152344,63.53135681152344,66.5218276977539,69.90898132324219,73.46751403808594,76.76314544677734,76.76314544677734
2025-08-08,2025-07-09,66.59,69.90420532226562,63.5523681640625,63.5523681640625,66.51811218261719,69.90420532226562,73.48707580566406,76.82769012451172,76.82769012451172
2025-08-11,2025-07-10,66.63,69.08528137207031,62.95524597167969,62.95524597167969,65.84227752685547,69.08528137207031,72.51063537597656,75.740478515625,75.740478515625
2025-08-12,2025-07-11,66.12,70.85850524902344,64.27568054199219,64.27568054199219,67.40037536621094,70.85850524902344,74.54579162597656,77.98724365234375,77.98724365234375
2025-08-13,2025-07-14,65.63,69.6124038696289,62.99800491333008,62.99800491333008,66.18144226074219,69.6124038696289,73.25471496582031,76.7196273803711,76.7196273803711
2025-08-14,2025-07-15,66.84,69.05191040039062,62.63117980957031,62.63117980957031,65.72770690917969,69.05191040039062,72.52297973632812,75.80660247802734,75.80660247802734
2025-08-15,2025-07-16,65.85,68.57942199707031,62.04688262939453,62.04688262939453,65.232421875,68.57942199707031,72.06871032714844,75.39364624023438,75.39364624023438
2025-08-18,2025-07-17,66.6,69.7271499633789,63.327056884765625,63.327056884765625,66.43513488769531,69.7271499633789,73.20819854736328,76.50383758544922,76.50383758544922
2025-08-19,2025-07-18,65.79,70.45411682128906,64.47732543945312,64.47732543945312,67.33628845214844,70.45411682128906,73.72949981689453,76.79839324951172,76.79839324951172
2025-08-20,2025-07-21,66.84,69.75059509277344,63.70767593383789,63.70767593383789,66.60334777832031,69.75059509277344,73.04334259033203,76.13872528076172,76.13872528076172
2025-08-21,2025-07-22,67.67,70.5702133178711,64.97227478027344,64.97227478027344,67.6145248413086,70.5702133178711,73.66795349121094,76.57212829589844,76.57212829589844
2025-08-22,2025-07-23,67.73,70.2899169921875,64.88268280029297,64.88268280029297,67.41218566894531,70.2899169921875,73.31307983398438,76.1158218383789,76.1158218383789
2025-08-25,2025-07-24,68.8,71.01927947998047,65.91118621826172,65.91118621826172,68.28976440429688,71.01927947998047,73.90434265136719,76.55465698242188,76.55465698242188
2025-08-26,2025-07-25,67.22,70.63021087646484,65.69884490966797,65.69884490966797,67.99988555908203,70.63021087646484,73.38343811035156,75.89857482910156,75.89857482910156
2025-08-27,2025-07-28,68.05,71.085693359375,66.04869842529297,66.04869842529297,68.3809585571289,71.085693359375,73.96013641357422,76.57756042480469,76.57756042480469
2025-08-28,2025-07-29,68.62,73.65283203125,67.95648956298828,67.95648956298828,70.5611572265625,73.65283203125,77.01541137695312,80.00643920898438,80.00643920898438
2025-08-29,2025-07-30,68.12,74.63259887695312,68.86381530761719,68.86381530761719,71.50450134277344,74.63259887695312,78.02143859863281,81.04330444335938,81.04330444335938
2025-09-02,2025-07-31,69.14,74.06059265136719,68.34925079345703,68.34925079345703,70.9809341430664,74.06059265136719,77.3578872680664,80.30598449707031,80.30598449707031
2025-09-03,2025-08-01,67.6,71.65991973876953,65.98673248291016,65.98673248291016,68.6121597290039,71.65991973876953,74.94938659667969,77.9771499633789,77.9771499633789
2025-09-04,2025-08-04,66.99,71.79366302490234,65.80756378173828,65.80756378173828,68.58602142333984,71.79366302490234,75.26445007324219,78.4393081665039,78.4393081665039
2025-09-05,2025-08-05,65.5,70.06900024414062,63.798763275146484,63.798763275146484,66.73346710205078,70.06900024414062,73.68080139160156,77.02027893066406,77.02027893066406
2025-09-08,2025-08-06,66.02,69.47063446044922,63.35457992553711,63.35457992553711,66.20780944824219,69.47063446044922,72.9515380859375,76.1377182006836,76.1377182006836
2025-09-09,2025-08-07,66.39,68.42414855957031,62.296024322509766,62.296024322509766,65.197509765625,68.42414855957031,71.86247253417969,75.0539321899414,75.0539321899414
2025-09-10,2025-08-08,67.49,68.50283813476562,62.74169921875,62.74169921875,65.46551513671875,68.50283813476562,71.74551391601562,74.75746154785156,74.75746154785156
2025-09-11,2025-08-11,66.37,68.84358978271484,63.511199951171875,63.511199951171875,65.99940490722656,68.84358978271484,71.854248046875,74.63843536376953,74.63843536376953
2025-09-12,2025-08-12,66.99,68.05423736572266,62.777488708496094,62.777488708496094,65.263671875,68.05423736572266,70.9990463256836,73.75520324707031,73.75520324707031
2025-09-15,2025-08-13,67.44,68.72856140136719,63.51800537109375,63.51800537109375,65.95841217041016,68.72856140136719,71.6454086303711,74.35572814941406,74.35572814941406
2025-09-16,2025-08-14,68.47,69.99703979492188,64.74760437011719,64.74760437011719,67.1864013671875,69.99703979492188,72.97100067138672,75.70657348632812,75.70657348632812
2025-09-17,2025-08-15,67.95,69.6052474975586,64.42699432373047,64.42699432373047,66.82880401611328,69.6052474975586,72.56385803222656,75.28919219970703,75.28919219970703
2025-09-18,2025-08-18,67.44,70.66548919677734,65.69699096679688,65.69699096679688,67.9842529296875,70.66548919677734,73.52474975585938,76.13710021972656,76.13710021972656
2025-09-19,2025-08-19,66.68,70.00022888183594,65.16358184814453,65.16358184814453,67.40219116210938,70.00022888183594,72.7638931274414,75.28768920898438,75.28768920898438
2025-09-22,2025-08-20,66.57,70.6841049194336,65.45746612548828,65.45746612548828,67.87190246582031,70.6841049194336,73.68244934082031,76.40785217285156,76.40785217285156
2025-09-23,2025-08-21,67.63,70.96182250976562,65.73210144042969,65.73210144042969,68.15264892578125,70.96182250976562,73.94430541992188,76.66812133789062,76.66812133789062
2025-09-24,2025-08-22,69.31,71.4581069946289,66.16754913330078,66.16754913330078,68.61054992675781,71.4581069946289,74.50746154785156,77.28054809570312,77.28054809570312
2025-09-25,2025-08-25,69.42,72.504638671875,67.16431427001953,67.16431427001953,69.6241455078125,72.504638671875,75.6490478515625,78.54696655273438,78.54696655273438
2025-09-26,2025-08-26,70.13,71.20413208007812,65.54354095458984,65.54354095458984,68.17604064941406,71.20413208007812,74.46285247802734,77.46954345703125,77.46954345703125
2025-09-29,2025-08-27,67.97,71.6980209350586,65.9876480102539,65.9876480102539,68.61538696289062,71.6980209350586,75.09172058105469,78.247802734375,78.247802734375
2025-09-30,2025-08-28,67.02,72.14424133300781,66.79962921142578,66.79962921142578,69.25886535644531,72.14424133300781,75.25283813476562,78.08238983154297,78.08238983154297
2025-10-01,2025-08-29,65.35,71.25308990478516,65.88758850097656,65.88758850097656,68.37976837158203,71.25308990478516,74.31951904296875,77.1499252319336,77.1499252319336
2025-10-02,2025-09-02,64.11,71.50798034667969,66.40414428710938,66.40414428710938,68.78582763671875,71.50798034667969,74.39564514160156,77.07846069335938,77.07846069335938
2025-10-03,2025-09-03,64.53,70.2805404663086,65.32469940185547,65.32469940185547,67.644775390625,70.2805404663086,72.98188781738281,75.46691131591797,75.46691131591797
2025-10-06,2025-09-04,65.47,69.37503814697266,64.43730926513672,64.43730926513672,66.76239013671875,69.37503814697266,72.02604675292969,74.48600006103516,74.48600006103516
2025-10-07,2025-09-05,65.45,68.830322265625,63.86369323730469,63.86369323730469,66.1966323852539,68.830322265625,71.49537658691406,73.9360580444336,73.9360580444336
2025-10-08,2025-09-08,66.25,69.539306640625,64.5826416015625,64.5826416015625,66.8983154296875,69.539306640625,72.24995422363281,74.7196044921875,74.7196044921875
2025-10-09,2025-09-09,65.22,69.10047912597656,64.1695556640625,64.1695556640625,66.46409606933594,69.10047912597656,71.83009338378906,74.32313537597656,74.32313537597656
2025-10-10,2025-09-10,62.73,70.10186767578125,65.22847747802734,65.22847747802734,67.48723602294922,70.10186767578125,72.82347869873047,75.30155944824219,75.30155944824219
2025-10-13,2025-09-11,63.32,69.46146392822266,64.70877075195312,64.70877075195312,66.92698669433594,69.46146392822266,72.12593078613281,74.5859603881836,74.5859603881836
2025-10-14,2025-09-12,62.39,70.12289428710938,65.02098846435547,65.02098846435547,67.40799713134766,70.12289428710938,72.99446105957031,75.6451187133789,75.6451187133789
2025-10-15,2025-09-15,61.91,70.52152252197266,65.54429626464844,65.54429626464844,67.87565612792969,70.52152252197266,73.32235717773438,75.90817260742188,75.90817260742188
2025-10-16,2025-09-16,61.06,71.97164154052734,66.94397735595703,66.94397735595703,69.28132629394531,71.97164154052734,74.88990020751953,77.5650863647461,77.5650863647461
2025-10-17,2025-09-17,61.29,72.04891967773438,67.09923553466797,67.09923553466797,69.40941619873047,72.04891967773438,74.914794921875,77.59385681152344,77.59385681152344
2025-10-20,2025-09-18,61.01,71.70559692382812,66.37918090820312,66.37918090820312,68.86958312988281,71.70559692382812,74.78717041015625,77.6723403930664,77.6723403930664
2025-10-21,2025-09-19,61.32,71.24971771240234,65.9545669555664,65.9545669555664,68.41819763183594,71.24971771240234,74.34566497802734,77.26549530029297,77.26549530029297
2025-10-22,2025-09-22,62.59,71.35221099853516,66.53663635253906,66.53663635253906,68.77647399902344,71.35221099853516,74.11723327636719,76.710693359375,76.710693359375
2025-10-23,2025-09-23,65.99,71.8236083984375,67.02558898925781,67.02558898925781,69.25341033935547,71.8236083984375,74.64179992675781,77.34622192382812,77.34622192382812
2025-10-24,2025-09-24,65.94,72.47463989257812,67.9222640991211,67.9222640991211,70.02247619628906,72.47463989257812,75.21414184570312,77.8465576171875,77.8465576171875
2025-10-27,2025-09-25,65.62,72.34000396728516,67.9999008178711,67.9999008178711,70.01618194580078,72.34000396728516,74.88423156738281,77.3387451171875,77.3387451171875
2025-10-28,2025-09-26,64.4,72.92284393310547,68.4944839477539,68.4944839477539,70.56028747558594,72.92284393310547,75.51298522949219,78.00773620605469,78.00773620605469
2025-10-29,2025-09-29,64.92,71.24845123291016,66.84967803955078,66.84967803955078,68.91961669921875,71.24845123291016,73.72422790527344,76.11038970947266,76.11038970947266
2025-10-30,2025-09-30,65.0,70.65362548828125,66.15451049804688,66.15451049804688,68.27412414550781,70.65362548828125,73.18058776855469,75.60038757324219,75.60038757324219
2025-10-31,2025-10-01,65.07,68.90280151367188,64.04629516601562,64.04629516601562,66.34605407714844,68.90280151367188,71.58423614501953,74.11259460449219,74.11259460449219
2025-11-03,2025-10-02,64.89,68.49165344238281,63.375,63.375,65.80476379394531,68.49165344238281,71.27948760986328,73.86582946777344,73.86582946777344
2025-11-04,2025-10-03,64.44,68.2900161743164,63.357666015625,63.357666015625,65.69685363769531,68.2900161743164,71.0172119140625,73.56291198730469,73.56291198730469
2025-11-05,2025-10-06,63.52,68.8805160522461,63.645660400390625,63.645660400390625,66.12918090820312,68.8805160522461,71.77403259277344,74.47280883789062,74.47280883789062
2025-11-06,2025-10-07,63.38,68.78900146484375,63.532711029052734,63.532711029052734,66.02700805664062,68.78900146484375,71.6976089477539,74.4196548461914,74.4196548461914
2025-11-07,2025-10-08,63.63,69.50370788574219,64.24566650390625,64.24566650390625,66.72944641113281,69.50370788574219,72.43597412109375,75.18118286132812,75.18118286132812
2025-11-10,2025-10-09,64.06,68.2635498046875,62.919189453125,62.919189453125,65.48269653320312,68.2635498046875,71.16940307617188,73.92095184326172,73.92095184326172
2025-11-11,2025-10-10,65.16,66.05787658691406,59.797096252441406,59.797096252441406,62.878082275390625,66.05787658691406,69.29448699951172,72.3570556640625,72.3570556640625
2025-11-12,2025-10-13,62.71,66.5123519897461,60.49253845214844,60.49253845214844,63.42798614501953,66.5123519897461,69.72848510742188,72.78589630126953,72.78589630126953
2025-11-13,2025-10-14,63.01,66.96952056884766,61.5711669921875,61.5711669921875,64.16207122802734,66.96952056884766,69.87879943847656,72.6584701538086,72.6584701538086
2025-11-14,2025-10-15,64.39,66.14082336425781,60.567752838134766,60.567752838134766,63.25408172607422,66.14082336425781,69.11595153808594,71.95428466796875,71.95428466796875
2025-11-17,2025-10-16,64.2,65.19267272949219,59.46009826660156,59.46009826660156,62.23834991455078,65.19267272949219,68.21128845214844,71.07625579833984,71.07625579833984
2025-11-18,2025-10-17,64.89,64.53559112548828,58.83787536621094,58.83787536621094,61.579368591308594,64.53559112548828,67.61531066894531,70.52946472167969,70.52946472167969
2025-11-19,2025-10-20,63.51,63.64051818847656,57.61380386352539,57.61380386352539,60.567344665527344,63.64051818847656,66.85173034667969,69.88485717773438,69.88485717773438
2025-11-20,2025-10-21,63.38,63.87042999267578,58.21617126464844,58.21617126464844,60.953880310058594,63.87042999267578,66.96621704101562,69.89933013916016,69.89933013916016
2025-11-21,2025-10-22,62.56,64.66458892822266,59.35043716430664,59.35043716430664,61.91155242919922,64.66458892822266,67.60038757324219,70.39787292480469,70.39787292480469
2025-11-24,2025-10-23,63.37,66.53085327148438,61.077999114990234,61.077999114990234,63.697608947753906,66.53085327148438,69.5128173828125,72.30494689941406,72.30494689941406
2025-11-25,2025-10-24,62.48,66.73014831542969,61.37064743041992,61.37064743041992,63.94218444824219,66.73014831542969,69.65806579589844,72.40337371826172,72.40337371826172
2025-11-26,2025-10-27,63.13,66.26732635498047,60.72367858886719,60.72367858886719,63.4046630859375,66.26732635498047,69.2587890625,72.0921859741211,72.0921859741211
2025-11-28,2025-10-28,63.2,65.13996887207031,59.02705764770508,59.02705764770508,62.04413604736328,65.13996887207031,68.30406951904297,71.30109405517578,71.30109405517578
2025-12-01,2025-10-29,63.17,65.79035949707031,59.96570587158203,59.96570587158203,62.80677795410156,65.79035949707031,68.8572998046875,71.75585174560547,71.75585174560547
2025-12-02,2025-10-30,62.45,66.04713439941406,60.328857421875,60.328857421875,63.11219024658203,66.04713439941406,69.07054138183594,71.94012451171875,71.94012451171875
2025-12-03,2025-10-31,62.67,66.08462524414062,60.56836700439453,60.56836700439453,63.25897979736328,66.08462524414062,68.98822784423828,71.7650375366211,71.7650375366211
2025-12-04,2025-11-03,63.26,65.02940368652344,59.295166015625,59.295166015625,62.128360748291016,65.02940368652344,67.9996109008789,70.86095428466797,70.86095428466797
2025-12-05,2025-11-04,63.75,65.4303970336914,59.758121490478516,59.758121490478516,62.571372985839844,65.4303970336914,68.37039184570312,71.24553680419922,71.24553680419922
2025-12-08,2025-11-05,62.49,65.99173736572266,60.63036346435547,60.63036346435547,63.244869232177734,65.99173736572266,68.79605102539062,71.5171127319336,71.5171127319336
2025-12-09,2025-11-06,61.94,65.06290435791016,59.83842468261719,59.83842468261719,62.391273498535156,65.06290435791016,67.79582977294922,70.48344421386719,70.48344421386719
2025-12-10,2025-11-07,62.21,65.17431640625,60.2044677734375,60.2044677734375,62.60236358642578,65.17431640625,67.83622741699219,70.4710693359375,70.4710693359375
2025-12-11,2025-11-10,61.28,65.43614196777344,60.438026428222656,60.438026428222656,62.822959899902344,65.43614196777344,68.16819763183594,70.85767364501953,70.85767364501953
2025-12-12,2025-11-11,61.12,66.42086029052734,61.3383674621582,61.3383674621582,63.770111083984375,66.42086029052734,69.20076751708984,71.90412902832031,71.90412902832031
2025-12-15,2025-11-12,60.56,65.10469055175781,60.08139419555664,60.08139419555664,62.49384307861328,65.10469055175781,67.85440826416016,70.56169891357422,70.56169891357422
2025-12-16,2025-11-13,58.92,64.75401306152344,59.86996841430664,59.86996841430664,62.22503662109375,64.75401306152344,67.45829772949219,70.13678741455078,70.13678741455078
2025-12-17,2025-11-14,59.68,65.04730224609375,60.204586029052734,60.204586029052734,62.52476119995117,65.04730224609375,67.77008819580078,70.47370147705078,70.47370147705078
2025-12-18,2025-11-17,59.82,65.01654052734375,60.361812591552734,60.361812591552734,62.57661437988281,65.01654052734375,67.688720703125,70.3458023071289,70.3458023071289
2025-12-19,2025-11-18,60.47,65.41993713378906,60.849090576171875,60.849090576171875,63.01508331298828,65.41993713378906,68.0701675415039,70.7057876586914,70.7057876586914
2025-12-22,2025-11-19,62.07,63.82555389404297,58.852413177490234,58.852413177490234,61.27935028076172,63.82555389404297,66.56896209716797,69.32193756103516,69.32193756103516
2025-12-23,2025-11-20,62.38,63.965728759765625,59.16719055175781,59.16719055175781,61.47418212890625,63.965728759765625,66.70504760742188,69.467529296875,69.467529296875
2025-12-24,2025-11-21,62.24,62.69943618774414,57.813072204589844,57.813072204589844,60.15045928955078,62.69943618774414,65.49351501464844,68.34294891357422,68.34294891357422
2025-12-26,2025-11-24,60.64,63.45936584472656,58.698814392089844,58.698814392089844,60.964263916015625,63.45936584472656,66.24102783203125,69.0894775390625,69.0894775390625
2025-12-29,2025-11-25,61.94,62.150634765625,57.26229476928711,57.26229476928711,59.600128173828125,62.150634765625,64.99580383300781,67.90796661376953,67.90796661376953
2025-12-30,2025-11-26,61.92,62.687984466552734,57.80435562133789,57.80435562133789,60.15462112426758,62.687984466552734,65.52484893798828,68.45966339111328,68.45966339111328
2025-12-31,2025-11-28,60.85,63.12411117553711,58.0936279296875,58.0936279296875,60.51704406738281,63.12411117553711,65.99983978271484,68.91996765136719,68.91996765136719
2026-01-02,2025-12-01,60.75,62.94310760498047,58.08820343017578,58.08820343017578,60.447471618652344,62.94310760498047,65.66659545898438,68.45526123046875,68.45526123046875
2026-01-05,2025-12-02,61.76,62.67176818847656,57.98882293701172,57.98882293701172,60.2636833190918,62.67176818847656,65.27880859375,67.97360229492188,67.97360229492188
2026-01-06,2025-12-03,60.7,62.97291564941406,58.382179260253906,58.382179260253906,60.57929992675781,62.97291564941406,65.60821533203125,68.3633804321289,68.3633804321289
2026-01-07,2025-12-04,59.96,63.83529281616211,59.15013122558594,59.15013122558594,61.408164978027344,63.83529281616211,66.5306167602539,69.33332824707031,69.33332824707031
2026-01-08,2025-12-05,61.99,64.88565826416016,60.22602844238281,60.22602844238281,62.42838668823242,64.88565826416016,67.66702270507812,70.55811309814453,70.55811309814453
2026-01-09,2025-12-08,63.34,63.66556930541992,59.123321533203125,59.123321533203125,61.295658111572266,63.66556930541992,66.32862091064453,69.12155151367188,69.12155151367188
2026-01-12,2025-12-09,63.87,62.232093811035156,57.84593963623047,57.84593963623047,59.939910888671875,62.232093811035156,64.79998779296875,67.50131225585938,67.50131225585938
2026-01-13,2025-12-10,65.47,61.98186111450195,57.79273223876953,57.79273223876953,59.78508758544922,61.98186111450195,64.47505187988281,67.06610107421875,67.06610107421875
2026-01-14,2025-12-11,66.52,60.82578659057617,56.6404914855957,56.6404914855957,58.64276123046875,60.82578659057617,63.27946472167969,65.82743835449219,65.82743835449219
2026-01-15,2025-12-12,63.76,60.295265197753906,55.88132095336914,55.88132095336914,58.00041580200195,60.295265197753906,62.83127975463867,65.42562103271484,65.42562103271484
2026-01-16,2025-12-15,64.13,59.716087341308594,55.387290954589844,55.387290954589844,57.454505920410156,59.716087341308594,62.20414733886719,64.74420166015625,64.74420166015625
2026-01-20,2025-12-16,64.92,57.752037048339844,52.865142822265625,52.865142822265625,55.24720001220703,57.752037048339844,60.31629180908203,62.873878479003906,62.873878479003906
2026-01-21,2025-12-17,65.24,59.306114196777344,54.55988311767578,54.55988311767578,56.84317398071289,59.306114196777344,61.960025787353516,64.63859558105469,64.63859558105469
2026-01-22,2025-12-18,64.06,59.23353958129883,54.299072265625,54.299072265625,56.66004943847656,59.23353958129883,62.083221435546875,64.92838287353516,64.92838287353516
2026-01-23,2025-12-19,65.88,59.487918853759766,54.40046691894531,54.40046691894531,56.85424041748047,59.487918853759766,62.449928283691406,65.42314910888672,65.42314910888672
2026-01-26,2025-12-22,65.59,61.873477935791016,56.568511962890625,56.568511962890625,59.10986328125,61.873477935791016,64.89422607421875,67.83349609375,67.83349609375
2026-01-27,2025-12-23,67.57,61.931678771972656,56.72595977783203,56.72595977783203,59.241554260253906,61.931678771972656,64.787841796875,67.55169677734375,67.55169677734375
2026-01-28,2025-12-24,68.4,62.13054275512695,57.24247360229492,57.24247360229492,59.580360412597656,62.13054275512695,64.83930969238281,67.49016571044922,67.49016571044922
2026-01-29,2025-12-26,70.71,61.12036895751953,56.1533203125,56.1533203125,58.536800384521484,61.12036895751953,63.908164978027344,66.69673156738281,66.69673156738281
2026-01-30,2025-12-29,70.69,62.118534088134766,57.214805603027344,57.214805603027344,59.578758239746094,62.118534088134766,64.87055969238281,67.63426971435547,67.63426971435547
2026-02-02,2025-12-30,66.3,62.935768127441406,58.195465087890625,58.195465087890625,60.44491958618164,62.935768127441406,65.69783020019531,68.50869750976562,68.50869750976562
2026-02-03,2025-12-31,67.33,61.697444915771484,56.95647048950195,56.95647048950195,59.223575592041016,61.697444915771484,64.39608764648438,67.14627838134766,67.14627838134766
2026-02-04,2026-01-02,69.46,60.49317169189453,55.85504913330078,55.85504913330078,58.065250396728516,60.49317169189453,63.145591735839844,65.85625457763672,65.85625457763672
2026-02-05,2026-01-05,67.55,61.35996627807617,56.86037063598633,56.86037063598633,58.995880126953125,61.35996627807617,63.96979904174805,66.6209945678711,66.6209945678711
2026-02-06,2026-01-06,68.05,60.19993591308594,55.84859848022461,55.84859848022461,57.90653991699219,60.19993591308594,62.75011444091797,65.3573226928711,65.3573226928711
2026-02-09,2026-01-07,69.04,59.37358856201172,54.865325927734375,54.865325927734375,57.00762176513672,59.37358856201172,61.93841552734375,64.53874206542969,64.53874206542969
2026-02-10,2026-01-08,68.8,60.20005416870117,55.88172912597656,55.88172912597656,57.904762268066406,60.20005416870117,62.736572265625,65.3298568725586,65.3298568725586
2026-02-11,2026-01-09,69.4,61.05238723754883,56.25190734863281,56.25190734863281,58.508888244628906,61.05238723754883,63.806182861328125,66.58869934082031,66.58869934082031
2026-02-12,2026-01-12,67.52,62.15829849243164,57.12825012207031,57.12825012207031,59.48234558105469,62.15829849243164,65.04547119140625,67.94802856445312,67.94802856445312
2026-02-13,2026-01-13,67.75,64.30522918701172,58.86661148071289,58.86661148071289,61.369049072265625,64.30522918701172,67.52542877197266,70.63935089111328,70.63935089111328
2026-02-17,2026-01-14,67.42,65.17278289794922,59.48552703857422,59.48552703857422,62.08942794799805,65.17278289794922,68.57919311523438,71.85420989990234,71.85420989990234
2026-02-18,2026-01-15,70.35,63.765342712402344,58.72795104980469,58.72795104980469,61.1187744140625,63.765342712402344,66.55933380126953,69.30888366699219,69.30888366699219
2026-02-19,2026-01-16,71.66,64.32655334472656,59.26157760620117,59.26157760620117,61.6638298034668,64.32655334472656,67.12617492675781,69.85757446289062,69.85757446289062
2026-02-20,2026-01-20,71.76,64.97682189941406,59.99054718017578,59.99054718017578,62.334686279296875,64.97682189941406,67.78084564208984,70.51800537109375,70.51800537109375
2026-02-23,2026-01-21,71.49,64.81057739257812,59.792667388916016,59.792667388916016,62.14543151855469,64.81057739257812,67.62300109863281,70.39544677734375,70.39544677734375
2026-02-24,2026-01-22,70.77,64.00386810302734,59.1046142578125,59.1046142578125,61.43335723876953,64.00386810302734,66.70225524902344,69.42977142333984,69.42977142333984
2026-02-25,2026-01-23,70.85,65.65089416503906,60.46367645263672,60.46367645263672,62.86574935913086,65.65089416503906,68.66600036621094,71.6474838256836,71.6474838256836
2026-02-26,2026-01-26,70.75,65.97804260253906,60.85529327392578,60.85529327392578,63.24784851074219,65.97804260253906,68.85165405273438,71.68621063232422,71.68621063232422
2026-02-27,2026-01-27,72.48,66.0551986694336,60.6738395690918,60.6738395690918,63.14640426635742,66.0551986694336,69.17809295654297,72.20284271240234,72.20284271240234
2026-03-02,2026-01-28,77.74,66.24334716796875,60.954200744628906,60.954200744628906,63.36634826660156,66.24334716796875,69.33350372314453,72.3136215209961,72.3136215209961
2026-03-03,2026-01-29,81.4,67.66813659667969,61.57624435424805,61.57624435424805,64.28150177001953,67.66813659667969,71.49314880371094,75.19906616210938,75.19906616210938
2026-03-04,2026-01-30,81.4,67.73848724365234,61.45758819580078,61.45758819580078,64.2578353881836,67.73848724365234,71.58955383300781,75.24887084960938,75.24887084960938
2026-03-05,2026-02-02,85.41,64.4455337524414,59.05226135253906,59.05226135253906,61.51946258544922,64.4455337524414,67.57452392578125,70.70943450927734,70.70943450927734
2026-03-06,2026-02-03,92.69,66.07012176513672,60.307613372802734,60.307613372802734,62.9478645324707,66.07012176513672,69.36680603027344,72.57150268554688,72.57150268554688
2026-03-09,2026-02-04,98.96,67.51042175292969,61.48960876464844,61.48960876464844,64.21036529541016,67.51042175292969,71.05824279785156,74.45538330078125,74.45538330078125
2026-03-10,2026-02-05,87.8,67.21894836425781,61.40657424926758,61.40657424926758,64.0595703125,67.21894836425781,70.52403259277344,73.71194458007812,73.71194458007812
2026-03-11,2026-02-06,91.98,68.38668823242188,62.58114242553711,62.58114242553711,65.22483825683594,68.38668823242188,71.74813079833984,74.99703979492188,74.99703979492188
2026-03-12,2026-02-09,100.46,70.01181030273438,64.59212493896484,64.59212493896484,67.07268524169922,70.01181030273438,73.1402816772461,76.16805267333984,76.16805267333984
2026-03-13,2026-02-10,103.14,69.5645751953125,64.13890075683594,64.13890075683594,66.62891387939453,69.5645751953125,72.64392852783203,75.62066650390625,75.62066650390625
2026-03-16,2026-02-11,100.21,70.02751159667969,64.68623352050781,64.68623352050781,67.13817596435547,70.02751159667969,73.06782531738281,76.04026794433594,76.04026794433594
2026-03-17,2026-02-12,103.42,68.59197998046875,63.110984802246094,63.110984802246094,65.6339340209961,68.59197998046875,71.65608978271484,74.68174743652344,74.68174743652344
2026-03-18,2026-02-13,107.38,68.66358184814453,63.237022399902344,63.237022399902344,65.76068115234375,68.66358184814453,71.63056945800781,74.5503921508789,74.5503921508789
2026-03-19,2026-02-17,108.65,68.87825012207031,63.700565338134766,63.700565338134766,66.1034164428711,68.87825012207031,71.67681884765625,74.49708557128906,74.49708557128906
2026-03-20,2026-02-18,112.19,70.772216796875,65.2703628540039,65.2703628540039,67.80098724365234,70.772216796875,73.8740234375,76.93939208984375,76.93939208984375
2026-03-23,2026-02-19,99.94,71.85372924804688,65.91442108154297,65.91442108154297,68.63043975830078,71.85372924804688,75.24295043945312,78.55445098876953,78.55445098876953
2026-03-24,2026-02-20,104.49,71.627197265625,65.52625274658203,65.52625274658203,68.30677795410156,71.627197265625,75.03662109375,78.33228302001953,78.33228302001953
2026-03-25,2026-02-23,102.22,71.39910888671875,65.67388153076172,65.67388153076172,68.28868103027344,71.39910888671875,74.56517028808594,77.64606475830078,77.64606475830078
2026-03-26,2026-02-24,108.01,70.84809112548828,65.210693359375,65.210693359375,67.80010986328125,70.84809112548828,73.90585327148438,76.87808227539062,76.87808227539062
2026-03-27,2026-02-25,112.57,70.44242858886719,65.0689926147461,65.0689926147461,67.546875,70.44242858886719,73.34823608398438,76.18190002441406,76.18190002441406
2026-03-30,2026-02-26,112.78,70.51972198486328,65.11954498291016,65.11954498291016,67.61474609375,70.51972198486328,73.4533920288086,76.27032470703125,76.27032470703125
2026-03-31,2026-02-27,118.35,71.81824493408203,66.1679916381836,66.1679916381836,68.75527954101562,71.81824493408203,74.97555541992188,77.9485855102539,77.9485855102539
2026-04-01,2026-03-02,101.16,75.1416244506836,68.1273193359375,68.1273193359375,71.2753677368164,75.1416244506836,79.35859680175781,83.2512435913086,83.2512435913086
2026-04-02,2026-03-03,109.03,77.72594451904297,68.95806121826172,68.95806121826172,72.81570434570312,77.72594451904297,83.42100524902344,89.39041900634766,89.39041900634766
2026-04-06,2026-03-04,109.77,78.24724578857422,70.22837829589844,70.22837829589844,73.77540588378906,78.24724578857422,83.21287536621094,87.93116760253906,87.93116760253906
2026-04-07,2026-03-05,109.27,80.99711608886719,70.65206909179688,70.65206909179688,75.17054748535156,80.99711608886719,87.87796783447266,95.31491088867188,95.31491088867188
2026-04-08,2026-03-06,94.75,86.80703735351562,73.19365692138672,73.19365692138672,78.95169067382812,86.80703735351562,96.85185241699219,108.96223449707031,108.96223449707031
2026-04-09,2026-03-09,95.92,90.89944458007812,74.92435455322266,74.92435455322266,81.72238159179688,90.89944458007812,102.35067749023438,115.77771759033203,115.77771759033203
2026-04-10,2026-03-10,95.2,80.80815124511719,69.80535125732422,69.80535125732422,74.56884765625,80.80815124511719,88.02912139892578,95.28657531738281,95.28657531738281
2026-04-13,2026-03-11,99.36,87.46493530273438,75.58307647705078,75.58307647705078,81.01113891601562,87.46493530273438,94.55386352539062,101.62092590332031,101.62092590332031
2026-04-14,2026-03-12,94.79,95.15701293945312,80.36449432373047,80.36449432373047,87.18458557128906,95.15701293945312,103.98049926757812,113.66749572753906,113.66749572753906
2026-04-15,2026-03-13,94.93,102.54289245605469,88.26138305664062,88.26138305664062,95.15003204345703,102.54289245605469,110.30575561523438,118.2595443725586,118.2595443725586
2026-04-16,2026-03-16,99.39,102.06595611572266,87.99890899658203,87.99890899658203,94.82914733886719,102.06595611572266,109.43566131591797,116.70339965820312,116.70339965820312
2026-04-17,2026-03-17,90.38,106.77714538574219,92.84580993652344,92.84580993652344,99.59716033935547,106.77714538574219,114.08338928222656,121.1402587890625,121.1402587890625
2026-04-20,2026-03-18,95.48,108.41697692871094,93.14910888671875,93.14910888671875,100.53707885742188,108.41697692871094,116.41154479980469,124.2580337524414,124.2580337524414
2026-04-21,2026-03-19,98.48,110.13850402832031,94.52027893066406,94.52027893066406,102.16616821289062,110.13850402832031,118.08781433105469,125.88561248779297,125.88561248779297
2026-04-22,2026-03-20,101.91,113.95913696289062,96.63501739501953,96.63501739501953,105.08040618896484,113.95913696289062,122.87410736083984,131.5045623779297,131.5045623779297
2026-04-23,2026-03-23,105.07,99.83924865722656,81.96735382080078,81.96735382080078,90.46646118164062,99.83924865722656,108.90863800048828,117.48124694824219,117.48124694824219
2026-04-24,2026-03-24,105.33,104.9978256225586,89.20419311523438,89.20419311523438,96.94241333007812,104.9978256225586,112.98133087158203,120.90314483642578,120.90314483642578
2026-04-27,2026-03-25,108.23,102.65809631347656,87.95491027832031,87.95491027832031,95.19326782226562,102.65809631347656,109.98268127441406,117.011474609375,117.011474609375
2026-04-28,2026-03-26,111.26,106.45236206054688,90.05014038085938,90.05014038085938,97.95751953125,106.45236206054688,114.91694641113281,123.34883117675781,123.34883117675781
2026-04-29,2026-03-27,118.03,110.62916564941406,91.75647735595703,91.75647735595703,100.74962615966797,110.62916564941406,120.60562896728516,131.0143280029297,131.0143280029297
2026-04-30,2026-03-30,114.01,113.0347900390625,94.78244018554688,94.78244018554688,103.58802795410156,113.0347900390625,122.38595581054688,132.0687255859375,132.0687255859375
2026-05-01,2026-03-31,108.17,120.91268920898438,100.87290954589844,100.87290954589844,110.60238647460938,120.91268920898438,131.33651733398438,142.54324340820312,142.54324340820312
2026-05-04,2026-04-01,114.44,102.77699279785156,82.78276824951172,82.78276824951172,91.99430847167969,102.77699279785156,113.40202331542969,124.42819213867188,124.42819213867188
2026-05-05,2026-04-02,109.87,108.0815200805664,88.42129516601562,88.42129516601562,97.80892944335938,108.0815200805664,118.15956115722656,129.14517211914062,129.14517211914062
2026-05-06,2026-04-06,101.27,110.30294036865234,91.66853332519531,91.66853332519531,100.61672973632812,110.30294036865234,119.94091796875,130.13880920410156,130.13880920410156
2026-05-07,2026-04-07,100.06,112.25360107421875,94.70758056640625,94.70758056640625,103.23622131347656,112.25360107421875,121.25430297851562,130.41397094726562,130.41397094726562
2026-05-08,2026-04-08,101.29,102.24026489257812,80.4595718383789,80.4595718383789,90.28038024902344,102.24026489257812,114.07681274414062,125.49200439453125,125.49200439453125
2026-05-11,2026-04-09,104.21,102.09542846679688,84.2010726928711,84.2010726928711,92.46006774902344,102.09542846679688,112.2205581665039,122.22421264648438,122.22421264648438
2026-05-12,2026-04-10,107.77,97.44210815429688,81.19104766845703,81.19104766845703,88.64826965332031,97.44210815429688,107.1612548828125,117.07539367675781,117.07539367675781
2026-05-13,2026-04-13,105.63,102.0925064086914,84.20340728759766,84.20340728759766,92.60740661621094,102.0925064086914,112.12698364257812,122.60099792480469,122.60099792480469
2026-05-14,2026-04-14,105.72,98.52911376953125,82.1521987915039,82.1521987915039,89.85020446777344,98.52911376953125,107.8386459350586,117.22305297851562,117.22305297851562
2026-05-15,2026-04-15,109.26,97.28616333007812,81.43653869628906,81.43653869628906,88.821044921875,97.28616333007812,106.42178344726562,115.71449279785156,115.71449279785156
2026-05-18,2026-04-16,112.1,99.34027099609375,82.57328796386719,82.57328796386719,90.46907043457031,99.34027099609375,108.893798828125,119.04508209228516,119.04508209228516
2026-05-19,2026-04-17,111.28,89.42930603027344,75.22531127929688,75.22531127929688,81.59441375732422,89.42930603027344,98.28482055664062,107.19985961914062,107.19985961914062
2026-05-20,2026-04-20,105.02,92.11522674560547,76.43246459960938,76.43246459960938,83.431396484375,92.11522674560547,101.62327575683594,111.27194213867188,111.27194213867188
2026-05-21,2026-04-21,102.58,95.82002258300781,78.5983657836914,78.5983657836914,86.29049682617188,95.82002258300781,106.30207824707031,117.62411499023438,117.62411499023438
2026-05-22,2026-04-22,103.54,100.8171157836914,81.17842102050781,81.17842102050781,90.06236267089844,100.8171157836914,112.2044448852539,124.56849670410156,124.56849670410156
2026-05-26,2026-04-23,99.58,107.78592681884766,86.69318389892578,86.69318389892578,96.52789306640625,107.78592681884766,119.74198150634766,133.0938262939453,133.0938262939453
2026-05-27,2026-04-24,94.29,104.72958374023438,83.60388946533203,83.60388946533203,93.21043395996094,104.72958374023438,116.63261413574219,129.50027465820312,129.50027465820312
2026-05-28,2026-04-27,93.71,106.04458618164062,83.80391693115234,83.80391693115234,93.85975646972656,106.04458618164062,118.35540771484375,131.71463012695312,131.71463012695312
2026-05-29,2026-04-28,92.05,112.29031372070312,88.59069061279297,88.59069061279297,99.64579772949219,112.29031372070312,125.04493713378906,139.2491455078125,139.2491455078125
2026-06-01,2026-04-29,94.98,122.20790100097656,96.90655517578125,96.90655517578125,109.03595733642578,122.20790100097656,135.83741760253906,151.32644653320312,151.32644653320312
2026-06-02,2026-04-30,96.0,118.00718688964844,92.9476318359375,92.9476318359375,104.93777465820312,118.00718688964844,130.97366333007812,145.1199188232422,145.1199188232422
2026-06-03,2026-05-01,97.81,112.34959411621094,89.90298461914062,89.90298461914062,100.46601867675781,112.34959411621094,123.91473388671875,135.47119140625,135.47119140625
2026-06-04,2026-05-04,95.03,113.53778076171875,91.95609283447266,91.95609283447266,102.34088134765625,113.53778076171875,124.70002746582031,136.3114776611328,136.3114776611328
2026-06-05,2026-05-05,93.09,110.38389587402344,90.7842025756836,90.7842025756836,100.39479064941406,110.38389587402344,119.99922943115234,129.51182556152344,129.51182556152344
2026-06-08,2026-05-06,94.25,104.48170471191406,83.91209411621094,83.91209411621094,93.58488464355469,104.48170471191406,114.83863830566406,124.29085540771484,124.29085540771484
2026-06-09,2026-05-07,91.45,103.87458038330078,85.26599884033203,85.26599884033203,94.0876693725586,103.87458038330078,113.42542266845703,122.28955078125,122.28955078125
2026-06-10,2026-05-08,93.1,103.51393127441406,86.746337890625,86.746337890625,94.81004333496094,103.51393127441406,112.49436950683594,121.23976135253906,121.23976135253906
2026-06-11,2026-05-11,90.38,106.21611785888672,89.10720825195312,89.10720825195312,97.403076171875,106.21611785888672,115.24574279785156,124.16061401367188,124.16061401367188
2026-06-12,2026-05-12,87.33,107.93783569335938,89.77835845947266,89.77835845947266,98.54703521728516,107.93783569335938,117.24051666259766,126.2276611328125,126.2276611328125
2026-06-15,2026-05-13,83.17,105.42727661132812,87.53802490234375,87.53802490234375,96.00570678710938,105.42727661132812,114.78971099853516,123.99821472167969,123.99821472167969
2026-06-16,2026-05-14,78.96,105.4831314086914,88.28350830078125,88.28350830078125,96.47704315185547,105.4831314086914,114.490234375,123.5950698852539,123.5950698852539
2026-06-17,2026-05-15,79.55,108.29399108886719,90.6331787109375,90.6331787109375,99.08233642578125,108.29399108886719,117.72052001953125,127.57457733154297,127.57457733154297
2026-06-18,2026-05-18,79.85,107.61154174804688,88.4557876586914,88.4557876586914,97.54344940185547,107.61154174804688,117.47733306884766,127.431640625,127.431640625
2026-06-22,2026-05-19,77.9,105.68771362304688,86.50545501708984,86.50545501708984,95.57988739013672,105.68771362304688,115.36997985839844,125.07096862792969,125.07096862792969
2026-06-23,2026-05-20,77.08,102.82125091552734,85.13270568847656,85.13270568847656,93.4432373046875,102.82125091552734,112.1768798828125,121.60545349121094,121.60545349121094
2026-06-24,2026-05-21,73.74,101.05909729003906,83.58585357666016,83.58585357666016,91.7734146118164,101.05909729003906,110.36385345458984,119.57666015625,119.57666015625
2026-06-25,2026-05-22,75.26,103.50062561035156,85.91580200195312,85.91580200195312,94.45268249511719,103.50062561035156,112.33905029296875,121.17047119140625,121.17047119140625
2026-06-26,2026-05-26,71.99,101.9874267578125,84.74227905273438,84.74227905273438,93.07859802246094,101.9874267578125,110.58358764648438,118.96012115478516,118.96012115478516
2026-06-29,2026-05-27,73.15,94.52193450927734,76.27200317382812,76.27200317382812,84.44168090820312,94.52193450927734,104.45276641845703,113.46027374267578,113.46027374267578
2026-06-30,2026-05-28,72.92,95.00199127197266,77.4623794555664,77.4623794555664,85.52699279785156,95.00199127197266,104.37648010253906,112.96437072753906,112.96437072753906
2026-07-01,2026-05-29,71.57,92.50679016113281,75.7179183959961,75.7179183959961,83.37832641601562,92.50679016113281,102.19811248779297,111.49957275390625,111.49957275390625
2026-07-02,2026-06-01,71.8,95.70246887207031,78.95183563232422,78.95183563232422,86.77775573730469,95.70246887207031,104.71626281738281,113.36814880371094,113.36814880371094
2026-07-06,2026-06-02,71.99,97.19300842285156,81.36819458007812,81.36819458007812,88.88324737548828,97.19300842285156,106.02911376953125,115.05278015136719,115.05278015136719
2026-07-07,2026-06-03,74.16,99.3265609741211,83.19540405273438,83.19540405273438,90.83177947998047,99.3265609741211,108.26417541503906,117.4534912109375,117.4534912109375
2026-07-08,2026-06-04,78.02,95.50967407226562,80.16075897216797,80.16075897216797,87.22342681884766,95.50967407226562,104.54975891113281,113.63656616210938,113.63656616210938
2026-07-09,2026-06-05,76.3,93.00988006591797,78.16584014892578,78.16584014892578,84.81411743164062,93.00988006591797,102.44922637939453,112.3457260131836,112.3457260131836
2026-07-10,2026-06-08,76.01,93.32669067382812,78.43489074707031,78.43489074707031,85.11457824707031,93.32669067382812,102.7123031616211,112.81428527832031,112.81428527832031
2026-07-13,2026-06-09,83.3,91.05349731445312,76.89397430419922,76.89397430419922,83.18167114257812,91.05349731445312,100.47230529785156,110.81190490722656,110.81190490722656
2026-07-14,2026-06-10,84.73,91.24213409423828,76.84943389892578,76.84943389892578,83.2373046875,91.24213409423828,100.59910583496094,110.65016174316406,110.65016174316406
2026-07-15,2026-06-11,84.95,87.89812469482422,74.76667785644531,74.76667785644531,80.6217041015625,87.89812469482422,96.39553833007812,105.5231704711914,105.5231704711914
2026-07-16,2026-06-12,84.23,84.86505126953125,71.96775817871094,71.96775817871094,77.71204376220703,84.86505126953125,93.39517974853516,102.747802734375,102.747802734375
2026-07-17,2026-06-15,88.1,81.83489990234375,68.7506332397461,68.7506332397461,74.49655151367188,81.83489990234375,90.8397445678711,100.77887725830078,100.77887725830078
2026-07-20,2026-06-16,89.22,78.76959991455078,65.71947479248047,65.71947479248047,71.39247131347656,78.76959991455078,88.08540344238281,98.40458679199219,98.40458679199219
2026-07-21,2026-06-17,91.01,80.2509994506836,67.87348175048828,67.87348175048828,73.24632263183594,80.2509994506836,89.2205581665039,99.11961364746094,99.11961364746094
2026-07-22,2026-06-18,94.07,79.81641387939453,67.8731460571289,67.8731460571289,73.03087615966797,79.81641387939453,88.77308654785156,98.92698669433594,98.92698669433594
2026-07-23,2026-06-22,100.69,78.53689575195312,66.50660705566406,66.50660705566406,71.64297485351562,78.53689575195312,87.90215301513672,98.5606918334961,98.5606918334961
2026-07-24,2026-06-23,96.78,78.82239532470703,66.59759521484375,66.59759521484375,71.82984924316406,78.82239532470703,88.66091918945312,100.40431213378906,100.40431213378906
2026-07-27,2026-06-24,88.36,75.28717041015625,63.40045928955078,63.40045928955078,68.51457977294922,75.28717041015625,84.94744873046875,96.984619140625,96.984619140625
2026-07-28,2026-06-25,84.09,76.97090911865234,65.25792694091797,65.25792694091797,70.282958984375,76.97090911865234,86.475830078125,98.23014831542969,98.23014831542969
2026-07-29,2026-06-26,90.74,74.6490707397461,63.0307502746582,63.0307502746582,67.95787048339844,74.6490707397461,84.42257690429688,96.49342346191406,96.49342346191406
2026-07-30,2026-06-29,89.03,74.42414093017578,64.03963470458984,64.03963470458984,68.47897338867188,74.42414093017578,83.41748046875,94.95124816894531,94.95124816894531
2026-07-31,2026-06-30,90.12,73.9799575805664,64.01018524169922,64.01018524169922,68.27304077148438,73.9799575805664,82.82566833496094,94.51692962646484,94.51692962646484
2026-08-03,2026-07-01,83.77,73.12520599365234,62.99445343017578,62.99445343017578,67.38790130615234,73.12520599365234,81.8733139038086,93.7818832397461,93.7818832397461
2026-08-04,2026-07-02,79.36,73.01888275146484,62.87611770629883,62.87611770629883,67.30316162109375,73.01888275146484,81.5578384399414,93.5880355834961,93.5880355834961
2026-08-05,2026-07-06,79.45,72.93722534179688,63.56785202026367,63.56785202026367,67.59529113769531,72.93722534179688,81.3362808227539,93.16056060791016,93.16056060791016
2026-08-06,2026-07-07,82.49,74.20236206054688,64.7879867553711,64.7879867553711,68.749755859375,74.20236206054688,82.73628234863281,94.0888442993164,94.0888442993164
2026-08-07,2026-07-08,83.55,76.90235900878906,65.8151626586914,65.8151626586914,70.44465637207031,76.90235900878906,86.00733947753906,97.16203308105469,97.16203308105469
2026-08-10,2026-07-09,86.71,75.05690002441406,64.65853118896484,64.65853118896484,69.20480346679688,75.05690002441406,82.91856384277344,93.00331115722656,93.00331115722656
