target_date,origin_date,actual,point,q05,q10,q25,q50,q75,q90,q95
2015-01-02,2014-12-31,56.42,60.5,57.5,58.25,59.0,60.5,61.75,63.25,63.5
2015-01-05,2015-01-02,53.11,59.75,56.75,57.5,58.25,59.75,61.5,62.5,63.25
2015-01-06,2015-01-05,51.1,57.25,53.5,54.25,55.0,57.25,58.0,60.25,61.0
2015-01-07,2015-01-06,51.15,54.75,50.75,52.25,52.25,54.75,56.25,57.75,58.5
2015-01-08,2015-01-07,50.96,54.5,51.25,51.25,53.0,54.5,56.25,57.75,58.75
2015-01-09,2015-01-08,50.11,53.75,50.25,50.25,52.0,53.75,55.25,56.0,57.5
2015-01-12,2015-01-09,47.43,52.75,49.25,49.25,51.0,52.75,54.25,55.0,56.75
2015-01-13,2015-01-12,46.59,50.0,45.5,47.25,48.25,50.0,51.75,53.25,53.25
2015-01-14,2015-01-13,48.69,49.0,44.25,46.25,47.0,49.0,50.5,52.25,52.25
2015-01-15,2015-01-14,47.67,50.5,47.0,48.0,48.75,50.5,52.25,53.75,54.5
2015-01-16,2015-01-15,47.69,51.25,47.75,48.75,49.5,51.25,52.0,54.0,55.0
2015-01-20,2015-01-16,47.99,50.25,46.75,47.75,48.5,50.25,52.0,53.25,54.0
2015-01-21,2015-01-20,49.03,51.25,46.75,47.75,48.5,51.25,52.0,53.25,54.0
2015-01-22,2015-01-21,48.52,51.5,48.5,48.5,49.5,51.5,52.75,54.5,54.0
2015-01-23,2015-01-22,48.79,51.75,48.75,49.5,50.25,51.75,52.75,54.0,54.75
2015-01-26,2015-01-23,48.16,51.75,49.25,50.0,50.5,51.75,53.0,54.0,55.0
2015-01-27,2015-01-26,49.6,51.75,49.75,50.0,51.0,51.75,53.25,55.25,55.75
2015-01-28,2015-01-27,48.47,53.0,50.75,51.5,51.75,53.0,54.75,55.5,56.25
2015-01-29,2015-01-28,49.13,52.0,50.0,50.75,51.25,52.0,53.5,54.5,55.5
2015-01-30,2015-01-29,52.99,52.5,50.0,51.0,51.25,52.5,53.75,55.0,55.25
2015-02-02,2015-01-30,54.75,55.0,52.75,53.25,53.5,55.0,56.75,57.5,58.0
2015-02-03,2015-02-02,57.91,55.75,53.75,54.5,55.0,55.75,57.25,58.25,58.75
2015-02-04,2015-02-03,54.16,57.5,55.0,55.75,56.5,57.5,59.5,60.75,61.0
2015-02-05,2015-02-04,56.57,55.5,53.75,54.0,54.75,55.5,57.0,58.25,58.5
2015-02-06,2015-02-05,57.8,56.75,54.75,55.5,56.0,56.75,58.5,59.25,60.0
2015-02-09,2015-02-06,58.34,58.0,56.25,56.25,57.0,58.0,59.25,60.25,61.0
2015-02-10,2015-02-09,56.43,59.5,57.25,57.75,58.75,59.5,61.0,62.25,62.5
2015-02-11,2015-02-10,54.66,58.0,55.75,56.25,57.0,58.0,59.5,60.75,61.25
2015-02-12,2015-02-11,57.05,56.25,53.75,54.75,55.0,56.25,57.75,59.0,59.75
2015-02-13,2015-02-12,57.39,58.0,55.5,56.25,56.5,58.0,59.0,60.5,61.0
2015-02-17,2015-02-13,62.53,59.0,56.5,56.75,58.0,59.0,60.0,61.5,61.75
2015-02-18,2015-02-17,60.53,61.75,59.0,59.75,60.75,61.75,63.75,65.0,66.0
2015-02-19,2015-02-18,60.21,61.75,59.0,59.75,60.75,61.75,63.5,64.5,65.5
2015-02-20,2015-02-19,60.22,61.25,59.25,59.25,60.25,61.25,62.5,63.75,64.5
2015-02-23,2015-02-20,58.9,61.25,58.75,59.5,60.25,61.25,63.0,64.0,64.5
2015-02-24,2015-02-23,58.66,60.25,57.5,58.25,59.0,60.25,61.5,63.0,63.25
2015-02-25,2015-02-24,61.63,60.0,57.5,57.75,59.0,60.0,61.25,63.0,63.25
2015-02-26,2015-02-25,60.05,62.0,59.75,60.25,61.0,62.0,63.25,64.5,65.0
2015-02-27,2015-02-26,62.58,61.5,59.0,59.75,60.5,61.5,63.0,64.0,64.5
2015-03-02,2015-02-27,59.54,63.25,60.5,60.75,61.75,63.25,64.5,65.5,66.0
2015-03-03,2015-03-02,61.02,61.25,58.5,58.75,60.25,61.25,62.5,63.75,64.5
2015-03-04,2015-03-03,60.55,61.75,59.75,60.0,61.0,61.75,63.25,64.0,65.0
2015-03-05,2015-03-04,60.48,62.25,59.75,60.5,61.0,62.25,63.75,65.0,65.5
2015-03-06,2015-03-05,59.73,61.75,59.5,59.75,60.75,61.75,63.5,64.5,65.0
2015-03-09,2015-03-06,58.53,61.5,58.75,59.5,60.25,61.5,62.75,64.5,65.0
2015-03-10,2015-03-09,56.39,60.25,57.25,57.75,59.0,60.25,61.5,62.75,63.5
2015-03-11,2015-03-10,57.54,58.5,55.75,56.5,57.25,58.5,60.25,61.75,62.25
2015-03-12,2015-03-11,57.08,58.75,56.25,57.0,57.75,58.75,60.75,61.75,62.25
2015-03-13,2015-03-12,54.67,58.75,56.25,57.0,58.0,58.75,60.5,61.75,62.5
2015-03-16,2015-03-13,53.44,56.75,54.0,54.0,55.25,56.75,58.0,59.0,59.75
2015-03-17,2015-03-16,53.43,56.0,53.0,53.75,55.0,56.0,57.5,58.75,59.25
2015-03-18,2015-03-17,55.91,56.5,53.75,54.25,55.0,56.5,57.75,58.75,59.5
2015-03-19,2015-03-18,54.43,57.5,55.25,56.0,56.75,57.5,59.0,60.5,61.0
2015-03-20,2015-03-19,55.32,56.25,54.25,54.75,55.5,56.25,57.5,59.0,59.25
2015-03-23,2015-03-20,55.92,57.0,55.0,55.5,56.25,57.0,58.25,60.0,60.25
2015-03-24,2015-03-23,55.11,57.75,55.25,56.0,56.25,57.75,59.0,60.0,60.75
2015-03-25,2015-03-24,56.48,57.0,55.0,55.25,56.25,57.0,58.75,60.0,60.0
2015-03-26,2015-03-25,59.19,57.75,55.25,56.0,56.75,57.75,59.25,60.25,60.5
2015-03-27,2015-03-26,56.41,61.0,58.25,58.5,59.5,61.0,61.75,63.5,64.0
2015-03-30,2015-03-27,56.29,58.0,56.0,56.25,57.25,58.0,59.75,60.75,61.25
2015-03-31,2015-03-30,55.11,59.0,56.25,56.75,57.75,59.0,60.5,61.25,62.0
2015-04-01,2015-03-31,57.1,57.5,55.0,55.75,56.0,57.5,58.75,59.75,60.0
2015-04-02,2015-04-01,54.95,59.25,56.75,57.75,58.5,59.25,60.5,61.75,62.0
2015-04-06,2015-04-02,58.12,57.0,54.5,55.25,55.75,57.0,58.25,59.25,59.5
2015-04-07,2015-04-06,59.1,59.75,57.25,58.5,58.75,59.75,61.0,62.25,62.5
2015-04-08,2015-04-07,55.55,60.25,58.5,58.75,59.5,60.25,61.75,62.75,63.0
2015-04-09,2015-04-08,56.57,58.25,55.75,56.5,57.25,58.25,59.5,60.5,61.25
2015-04-10,2015-04-09,57.87,58.75,56.5,57.0,57.75,58.75,60.0,61.0,61.5
2015-04-13,2015-04-10,57.93,59.75,57.5,58.0,58.75,59.75,61.0,62.0,62.5
2015-04-14,2015-04-13,58.43,58.75,56.75,57.5,58.25,58.75,60.25,61.5,61.75
2015-04-15,2015-04-14,60.32,60.0,57.75,58.25,59.0,60.0,61.25,62.25,62.5
2015-04-16,2015-04-15,60.4,61.75,59.5,59.75,60.75,61.75,63.0,63.75,64.5
2015-04-17,2015-04-16,63.45,62.5,60.0,60.5,61.25,62.5,63.5,64.5,65.0
2015-04-20,2015-04-17,63.45,64.0,61.25,62.0,62.75,64.0,65.5,66.5,67.0
2015-04-21,2015-04-20,62.08,64.5,62.0,62.75,63.25,64.5,66.0,67.0,67.5
2015-04-22,2015-04-21,62.73,63.5,61.5,62.0,62.5,63.5,64.5,66.0,66.5
2015-04-23,2015-04-22,64.85,64.0,61.75,62.0,63.0,64.0,65.5,66.5,67.0
2015-04-24,2015-04-23,65.28,65.5,63.5,63.75,64.5,65.5,67.0,68.0,68.5
2015-04-27,2015-04-24,64.83,66.5,64.5,65.0,65.5,66.5,68.0,69.0,69.5
2015-04-28,2015-04-27,64.64,65.5,63.75,64.5,65.0,65.5,67.0,68.0,68.5
2015-04-29,2015-04-28,65.84,66.0,64.0,64.5,65.5,66.0,67.5,68.5,69.0
2015-04-30,2015-04-29,66.78,66.5,64.0,65.0,65.5,66.5,68.0,68.5,69.5
2015-05-01,2015-04-30,66.46,68.0,65.5,66.0,66.5,68.0,69.5,70.0,70.5
2015-05-04,2015-05-01,66.45,68.0,66.0,66.0,67.0,68.0,69.0,70.0,70.5
2015-05-05,2015-05-04,67.52,68.0,66.0,66.5,67.5,68.0,69.0,70.0,70.0
2015-05-06,2015-05-05,67.77,68.0,66.0,66.5,67.0,68.0,69.0,70.0,70.5
2015-05-07,2015-05-06,65.54,68.5,66.5,67.0,68.0,68.5,69.5,70.5,71.0
2015-05-08,2015-05-07,65.39,67.0,65.5,65.5,66.5,67.0,68.0,68.5,69.0
2015-05-11,2015-05-08,64.91,67.0,65.0,65.5,66.5,67.0,68.0,68.5,69.0
2015-05-12,2015-05-11,66.86,66.0,64.0,65.0,65.5,66.0,67.0,68.0,68.5
2015-05-13,2015-05-12,66.81,68.0,66.0,66.5,67.0,68.0,69.0,70.0,70.5
2015-05-14,2015-05-13,66.59,68.0,65.5,66.0,67.0,68.0,69.0,70.0,70.5
2015-05-15,2015-05-14,66.57,68.0,66.0,66.5,67.0,68.0,69.0,70.0,70.5
2015-05-18,2015-05-15,66.27,68.0,65.5,66.0,67.0,68.0,69.0,70.0,70.5
2015-05-19,2015-05-18,64.02,68.5,66.0,66.5,67.0,68.5,69.0,70.0,70.5
2015-05-20,2015-05-19,65.03,65.5,63.75,64.0,64.5,65.5,66.5,67.5,68.0
2015-05-21,2015-05-20,66.54,66.5,65.0,65.0,65.5,66.5,68.0,68.5,69.0
2015-05-22,2015-05-21,65.37,67.5,65.5,66.0,67.0,67.5,68.5,69.5,70.0
2015-05-26,2015-05-22,63.72,67.5,65.5,65.5,66.5,67.5,68.5,69.0,69.5
2015-05-27,2015-05-26,62.06,66.0,64.0,64.5,65.5,66.0,67.5,68.0,68.5
2015-05-28,2015-05-27,62.58,64.5,62.25,63.0,63.75,64.5,65.5,66.5,67.0
2015-05-29,2015-05-28,65.56,64.0,62.0,62.75,63.25,64.0,65.5,66.5,66.5
2015-06-01,2015-05-29,64.88,67.0,64.5,65.0,66.0,67.0,68.0,69.0,69.5
2015-06-02,2015-06-01,65.49,66.5,64.5,65.5,66.0,66.5,68.0,68.5,69.0
2015-06-03,2015-06-02,63.8,67.5,65.0,65.5,66.5,67.5,68.5,69.0,69.5
2015-06-04,2015-06-03,62.03,65.5,63.25,64.0,64.5,65.5,66.5,67.0,67.5
2015-06-05,2015-06-04,63.31,63.75,61.75,62.25,63.0,63.75,65.0,65.5,66.0
2015-06-08,2015-06-05,62.69,65.0,62.75,63.25,64.0,65.0,66.0,67.0,67.5
2015-06-09,2015-06-08,64.88,65.0,63.0,63.5,64.0,65.0,66.0,67.0,67.0
2015-06-10,2015-06-09,65.7,66.5,64.0,64.5,65.5,66.5,67.5,68.5,69.0
2015-06-11,2015-06-10,65.11,67.5,65.5,66.0,66.5,67.5,68.5,69.5,70.0
2015-06-12,2015-06-11,63.87,67.0,65.0,65.5,66.0,67.0,68.0,68.5,69.0
2015-06-15,2015-06-12,62.61,66.0,64.5,64.5,65.5,66.0,67.0,68.0,68.5
2015-06-16,2015-06-15,62.63,64.5,62.5,63.5,63.75,64.5,65.5,66.5,66.5
2015-06-17,2015-06-16,63.87,64.5,63.0,63.25,64.0,64.5,66.0,66.5,67.0
2015-06-18,2015-06-17,64.26,65.5,64.0,64.5,65.0,65.5,67.0,67.5,68.0
2015-06-19,2015-06-18,63.02,66.0,64.0,65.0,65.5,66.0,67.0,68.0,68.5
2015-06-22,2015-06-19,63.34,64.5,62.75,63.0,63.75,64.5,65.5,66.5,66.5
2015-06-23,2015-06-22,64.45,65.0,63.5,63.75,64.0,65.0,66.0,66.5,67.0
2015-06-24,2015-06-23,63.49,66.0,64.0,64.5,65.0,66.0,67.0,67.5,68.0
2015-06-25,2015-06-24,63.2,65.5,63.75,64.5,65.0,65.5,66.5,67.0,67.5
2015-06-26,2015-06-25,63.26,64.5,63.0,63.5,64.5,64.5,66.0,66.5,66.5
2015-06-29,2015-06-26,62.01,64.5,63.0,63.5,64.0,64.5,65.5,66.0,66.5
2015-06-30,2015-06-29,63.59,64.0,62.0,62.25,63.0,64.0,64.5,65.5,66.0
2015-07-01,2015-06-30,62.01,65.0,63.25,63.75,64.5,65.0,66.0,67.0,67.5
2015-07-02,2015-07-01,62.07,63.75,62.0,62.25,62.75,63.75,65.0,65.5,66.0
2015-07-06,2015-07-02,56.54,63.75,62.25,62.5,63.0,63.75,64.5,65.5,65.5
2015-07-07,2015-07-06,56.85,59.0,56.5,57.0,58.0,59.0,60.0,60.5,61.0
2015-07-08,2015-07-07,57.05,59.0,57.0,57.5,58.25,59.0,60.25,61.0,61.5
2015-07-09,2015-07-08,58.61,59.0,56.75,57.5,58.0,59.0,59.75,60.75,61.0
2015-07-10,2015-07-09,58.73,60.5,58.5,59.0,59.75,60.5,61.75,63.0,63.25
2015-07-13,2015-07-10,57.85,60.75,58.75,59.25,60.0,60.75,62.25,62.75,63.25
2015-07-14,2015-07-13,58.51,60.25,58.5,58.75,59.5,60.25,61.5,62.25,62.75
2015-07-15,2015-07-14,57.05,60.5,58.25,59.0,59.25,60.5,61.75,62.5,63.0
2015-07-16,2015-07-15,57.51,58.5,56.5,57.0,57.5,58.5,59.75,60.25,61.0
2015-07-17,2015-07-16,57.52,58.75,57.0,57.5,58.0,58.75,60.0,61.0,61.0
2015-07-20,2015-07-17,56.65,59.5,57.5,58.25,58.75,59.5,60.5,61.5,61.75
2015-07-21,2015-07-20,57.04,58.25,56.5,57.0,57.75,58.25,59.25,60.25,60.5
2015-07-22,2015-07-21,56.13,58.5,56.75,57.0,58.0,58.5,59.75,60.5,61.0
2015-07-23,2015-07-22,55.27,57.75,55.75,56.5,57.0,57.75,59.0,59.75,60.5
2015-07-24,2015-07-23,54.62,57.25,55.25,55.75,56.25,57.25,58.25,59.0,59.75
2015-07-27,2015-07-24,53.47,56.25,54.25,54.75,55.25,56.25,57.5,58.25,58.75
2015-07-28,2015-07-27,53.3,55.25,53.25,54.0,54.75,55.25,56.5,57.5,57.75
2015-07-29,2015-07-28,53.38,55.0,53.5,53.75,54.5,55.0,56.5,57.0,58.0
2015-07-30,2015-07-29,53.31,55.0,53.25,53.5,54.25,55.0,56.0,57.25,57.5
2015-07-31,2015-07-30,52.21,54.5,52.75,53.5,53.75,54.5,55.75,56.75,57.0
2015-08-03,2015-07-31,49.52,54.0,52.25,52.5,53.25,54.0,55.25,56.25,56.5
2015-08-04,2015-08-03,49.99,52.0,50.0,50.25,51.0,52.0,53.5,54.5,54.75
2015-08-05,2015-08-04,49.59,51.75,49.75,50.0,51.0,51.75,52.75,54.25,54.5
2015-08-06,2015-08-05,49.52,51.25,49.0,49.5,50.25,51.25,52.75,53.25,54.0
2015-08-07,2015-08-06,48.61,50.75,49.0,49.25,50.0,50.75,52.0,53.0,53.5
2015-08-10,2015-08-07,50.41,49.5,47.25,48.0,48.75,49.5,50.75,52.25,52.25
2015-08-11,2015-08-10,49.18,51.0,48.75,49.25,50.0,51.0,52.25,53.75,54.0
2015-08-12,2015-08-11,49.66,50.0,48.0,48.25,49.0,50.0,51.25,52.25,52.25
2015-08-13,2015-08-12,49.22,50.25,48.0,48.75,49.5,50.25,51.75,52.75,53.0
2015-08-14,2015-08-13,49.03,50.75,48.25,49.0,49.75,50.75,51.75,52.75,53.25
2015-08-17,2015-08-14,49.03,50.25,48.5,48.75,49.75,50.25,51.5,52.5,53.0
2015-08-18,2015-08-17,48.81,50.0,48.25,48.5,49.25,50.0,51.5,52.5,53.0
2015-08-19,2015-08-18,47.16,49.75,48.0,48.25,49.5,49.75,51.25,51.75,52.5
2015-08-20,2015-08-19,46.62,48.5,46.75,47.0,47.75,48.5,49.5,50.75,51.25
2015-08-21,2015-08-20,45.46,48.25,46.0,46.5,47.25,48.25,49.75,50.5,51.0
2015-08-24,2015-08-21,42.69,47.0,45.0,45.5,46.25,47.0,48.5,49.25,49.5
2015-08-25,2015-08-24,43.21,44.5,42.5,42.75,43.5,44.5,45.5,47.0,47.5
2015-08-26,2015-08-25,43.14,45.0,43.0,43.25,44.25,45.0,46.0,47.5,48.0
2015-08-27,2015-08-26,47.56,44.75,42.25,43.0,43.5,44.75,46.25,47.0,47.25
2015-08-28,2015-08-27,50.05,47.75,45.25,46.0,46.75,47.75,49.25,50.25,51.0
2015-08-31,2015-08-28,54.15,50.25,48.0,48.5,49.0,50.25,52.0,53.0,53.5
2015-09-01,2015-08-31,49.56,54.75,51.5,52.0,53.0,54.75,56.25,57.75,59.0
2015-09-02,2015-09-01,50.5,49.75,47.25,48.0,49.25,49.75,51.25,52.25,53.0
2015-09-03,2015-09-02,50.68,50.0,47.5,48.25,49.0,50.0,51.5,52.5,52.75
2015-09-04,2015-09-03,49.61,50.25,48.0,48.75,49.5,50.25,51.5,52.5,53.0
2015-09-08,2015-09-04,49.52,50.25,48.0,48.5,49.25,50.25,51.5,52.75,52.75
2015-09-09,2015-09-08,47.58,50.25,48.5,48.75,49.5,50.25,51.25,52.0,52.5
2015-09-10,2015-09-09,48.89,48.25,46.0,46.5,47.25,48.25,49.25,50.25,50.75
2015-09-11,2015-09-10,48.14,49.25,47.0,47.75,48.0,49.25,50.5,51.25,51.5
2015-09-14,2015-09-11,46.37,49.0,47.25,47.5,48.25,49.0,50.0,50.75,51.25
2015-09-15,2015-09-14,46.63,47.75,45.75,46.25,47.0,47.75,48.75,49.5,49.5
2015-09-16,2015-09-15,46.61,47.75,46.0,46.5,47.25,47.75,49.0,50.0,50.0
2015-09-17,2015-09-16,49.08,47.75,45.75,46.25,47.0,47.75,48.75,49.75,50.0
2015-09-18,2015-09-17,47.47,49.5,47.5,47.75,48.5,49.5,51.0,52.0,52.5
2015-09-21,2015-09-18,48.92,48.5,46.5,47.0,47.75,48.5,49.5,50.75,51.5
2015-09-22,2015-09-21,49.08,49.25,47.25,47.75,48.25,49.25,50.25,51.75,52.25
2015-09-23,2015-09-22,47.75,49.0,47.25,47.75,48.5,49.0,50.5,51.25,51.75
2015-09-24,2015-09-23,48.17,48.5,46.75,47.25,47.5,48.5,49.75,50.75,51.0
2015-09-25,2015-09-24,48.6,48.5,46.25,46.75,47.75,48.5,49.75,50.75,51.25
2015-09-28,2015-09-25,47.34,49.25,47.25,47.5,48.25,49.25,50.25,51.25,51.25
2015-09-29,2015-09-28,48.23,47.75,45.5,46.25,47.0,47.75,49.25,49.75,50.5
2015-09-30,2015-09-29,48.37,48.75,47.0,47.5,48.0,48.75,50.0,51.25,51.75
2015-10-01,2015-09-30,47.69,49.25,47.5,47.75,48.25,49.25,50.5,51.25,51.25
2015-10-02,2015-10-01,48.13,48.25,46.5,47.0,47.75,48.25,49.25,50.25,51.0
2015-10-05,2015-10-02,49.25,49.25,47.5,47.75,48.5,49.25,50.25,50.75,51.25
2015-10-06,2015-10-05,51.92,50.0,48.0,48.75,49.25,50.0,51.0,52.0,52.25
2015-10-07,2015-10-06,51.33,52.5,50.5,51.0,51.75,52.5,54.0,55.25,55.75
2015-10-08,2015-10-07,53.05,52.0,50.5,50.75,51.75,52.0,53.25,54.0,54.5
2015-10-09,2015-10-08,52.65,53.75,52.0,52.25,53.25,53.75,55.0,56.0,56.25
2015-10-12,2015-10-09,49.86,53.25,51.75,52.0,52.75,53.25,54.5,55.5,55.75
2015-10-13,2015-10-12,49.24,51.0,49.0,49.25,50.0,51.0,52.0,53.0,53.25
2015-10-14,2015-10-13,49.15,49.75,47.5,48.25,48.5,49.75,50.75,51.75,52.5
2015-10-15,2015-10-14,48.71,49.75,47.75,48.5,49.0,49.75,50.75,51.75,51.75
2015-10-16,2015-10-15,48.73,49.25,47.5,48.0,48.25,49.25,50.25,50.75,51.25
2015-10-19,2015-10-16,48.61,49.5,47.5,48.0,48.75,49.5,50.75,51.25,51.75
2015-10-20,2015-10-19,48.71,49.25,47.5,48.0,49.0,49.25,50.5,51.5,51.75
2015-10-21,2015-10-20,47.85,49.5,47.0,47.75,48.5,49.5,50.5,51.5,51.75
2015-10-22,2015-10-21,48.08,48.75,46.5,47.0,47.75,48.75,49.75,51.0,51.0
2015-10-23,2015-10-22,47.99,48.75,47.25,47.5,48.25,48.75,49.75,50.75,51.0
2015-10-26,2015-10-23,47.54,48.75,46.75,47.25,48.0,48.75,49.75,51.0,51.25
2015-10-27,2015-10-26,46.81,48.5,46.5,47.25,47.75,48.5,49.5,50.25,50.5
2015-10-28,2015-10-27,49.05,47.75,46.25,46.25,47.25,47.75,48.75,49.75,49.75
2015-10-29,2015-10-28,48.8,49.75,48.0,48.25,49.25,49.75,50.75,51.75,52.5
2015-10-30,2015-10-29,49.56,49.75,48.0,48.5,49.0,49.75,50.75,51.25,51.75
2015-11-02,2015-10-30,48.79,50.5,49.0,49.25,50.0,50.5,51.75,52.5,52.5
2015-11-03,2015-11-02,50.54,50.5,48.5,48.75,49.5,50.5,51.25,52.0,52.0
2015-11-04,2015-11-03,48.58,51.5,49.75,50.0,50.5,51.5,52.75,53.75,54.0
2015-11-05,2015-11-04,47.98,49.5,47.5,48.25,48.5,49.5,50.5,51.75,52.0
2015-11-06,2015-11-05,47.42,48.75,47.0,47.0,48.0,48.75,49.75,50.75,51.0
2015-11-09,2015-11-06,47.19,48.25,46.25,47.0,47.25,48.25,49.25,49.75,50.25
2015-11-10,2015-11-09,47.44,48.0,46.0,46.75,47.0,48.0,49.0,49.75,50.0
2015-11-11,2015-11-10,45.81,48.25,46.75,46.75,47.75,48.25,49.0,49.5,50.25
2015-11-12,2015-11-11,44.06,46.75,45.0,45.5,46.25,46.75,47.75,48.5,48.5
2015-11-13,2015-11-12,43.61,45.25,43.25,43.5,44.25,45.25,46.25,47.0,47.25
2015-11-16,2015-11-13,43.58,44.75,43.0,43.5,43.75,44.75,45.5,46.25,46.5
2015-11-17,2015-11-16,43.57,44.75,42.75,43.25,44.0,44.75,45.75,46.25,47.0
2015-11-18,2015-11-17,44.14,44.0,42.25,43.0,43.5,44.0,45.25,45.75,46.25
2015-11-19,2015-11-18,44.18,45.0,43.25,44.0,44.75,45.0,46.25,47.0,47.25
2015-11-20,2015-11-19,44.66,45.25,43.0,43.5,44.25,45.25,45.75,46.5,46.75
2015-11-23,2015-11-20,44.83,45.25,43.75,44.25,44.75,45.25,46.25,47.0,47.25
2015-11-24,2015-11-23,46.12,46.0,43.75,44.5,45.25,46.0,46.5,47.5,47.75
2015-11-25,2015-11-24,46.17,47.0,45.0,45.75,46.0,47.0,48.0,49.0,49.25
2015-11-27,2015-11-25,44.86,47.25,45.25,46.0,46.5,47.25,48.25,49.25,49.5
2015-11-30,2015-11-27,44.61,45.75,43.75,44.5,44.75,45.75,46.75,47.5,47.75
2015-12-01,2015-11-30,44.44,45.25,43.25,44.0,44.5,45.25,46.25,47.0,47.25
2015-12-02,2015-12-01,42.49,45.5,43.75,44.25,44.75,45.5,46.5,47.25,47.5
2015-12-03,2015-12-02,43.84,43.5,42.25,42.5,43.25,43.5,44.75,45.25,45.75
2015-12-04,2015-12-03,43.0,44.75,43.0,43.75,44.5,44.75,45.75,46.75,47.25
2015-12-07,2015-12-04,40.73,44.25,43.0,43.75,44.0,44.25,45.25,46.0,46.0
2015-12-08,2015-12-07,40.26,42.0,40.75,41.0,41.5,42.0,42.75,43.5,44.25
2015-12-09,2015-12-08,40.11,41.25,39.75,40.25,40.75,41.25,42.25,43.0,43.0
2015-12-10,2015-12-09,39.73,41.0,39.5,40.0,40.25,41.0,42.0,42.75,43.25
2015-12-11,2015-12-10,37.93,40.75,39.5,39.75,40.5,40.75,42.0,42.75,43.0
2015-12-14,2015-12-11,37.92,38.75,37.25,37.75,38.0,38.75,40.0,40.25,40.75
2015-12-15,2015-12-14,38.45,39.0,37.25,38.0,38.25,39.0,40.25,40.75,41.25
2015-12-16,2015-12-15,37.19,39.25,37.5,38.25,39.0,39.25,40.25,41.5,41.75
2015-12-17,2015-12-16,37.18,38.25,36.5,36.75,37.5,38.25,39.0,40.5,40.75
2015-12-18,2015-12-17,36.88,38.25,36.25,37.0,37.5,38.25,39.5,40.25,40.75
2015-12-21,2015-12-18,36.35,38.0,36.0,36.5,36.75,38.0,39.0,39.75,40.25
2015-12-22,2015-12-21,36.11,37.0,35.5,36.0,36.75,37.0,38.25,39.0,39.25
2015-12-23,2015-12-22,37.36,36.75,35.25,35.75,36.0,36.75,37.5,38.25,38.25
2015-12-24,2015-12-23,37.89,38.25,36.25,37.0,37.0,38.25,39.25,40.0,40.25
2015-12-28,2015-12-24,36.62,38.75,37.0,37.75,38.25,38.75,39.75,41.0,41.25
2015-12-29,2015-12-28,37.79,37.5,36.0,36.25,37.0,37.5,38.5,39.25,39.75
2015-12-30,2015-12-29,36.46,38.5,36.5,37.25,37.75,38.5,39.5,40.5,41.0
2015-12-31,2015-12-30,37.28,37.5,35.5,36.0,36.75,37.5,38.5,39.25,39.75
2016-01-04,2015-12-31,37.22,38.5,36.5,37.0,37.75,38.5,39.5,40.5,41.0
2016-01-05,2016-01-04,36.42,38.25,36.75,37.25,37.75,38.25,39.25,40.0,40.75
2016-01-06,2016-01-05,34.23,38.0,36.5,37.0,37.25,38.0,38.75,39.25,39.75
2016-01-07,2016-01-06,33.75,35.75,33.75,34.0,34.5,35.75,36.75,37.5,37.75
2016-01-08,2016-01-07,33.55,35.0,33.25,33.5,34.75,35.0,36.25,37.25,37.75
2016-01-11,2016-01-08,31.55,35.25,33.25,33.75,34.0,35.25,36.5,37.25,37.5
2016-01-12,2016-01-11,30.86,33.25,31.125,31.5,32.25,33.25,34.25,35.0,35.5
2016-01-13,2016-01-12,30.31,32.5,30.5,30.875,31.375,32.5,33.75,34.5,34.75
2016-01-14,2016-01-13,31.03,31.5,29.125,29.875,30.75,31.5,32.75,34.0,34.0
2016-01-15,2016-01-14,31.01,31.75,30.125,30.125,31.375,31.75,33.25,34.5,34.5
2016-01-19,2016-01-15,28.76,31.875,29.875,30.75,31.125,31.875,33.0,34.0,34.25
2016-01-20,2016-01-19,27.88,30.125,27.625,28.0,28.875,30.125,30.875,32.5,32.5
2016-01-21,2016-01-20,29.25,28.625,26.875,27.375,27.75,28.625,30.25,31.5,31.875
2016-01-22,2016-01-21,32.18,29.625,27.5,28.0,28.875,29.625,31.25,32.5,32.5
2016-01-25,2016-01-22,30.5,32.75,29.875,30.625,31.0,32.75,33.5,35.0,35.25
2016-01-26,2016-01-25,31.8,31.625,29.625,30.0,30.875,31.625,32.75,34.25,34.75
2016-01-27,2016-01-26,33.1,33.0,31.0,31.5,31.875,33.0,34.25,35.0,35.75
2016-01-28,2016-01-27,33.89,34.25,32.0,32.5,33.25,34.25,35.0,36.5,36.5
2016-01-29,2016-01-28,34.74,34.5,32.75,33.0,33.75,34.5,36.0,36.75,36.75
2016-02-01,2016-01-29,34.69,35.75,34.0,34.5,35.0,35.75,37.0,38.0,38.75
2016-02-02,2016-02-01,32.72,35.25,33.75,34.25,35.0,35.25,36.5,37.5,37.75
2016-02-03,2016-02-02,35.04,34.0,32.25,32.5,33.0,34.0,35.25,35.75,36.25
2016-02-04,2016-02-03,34.46,36.0,33.75,34.5,35.0,36.0,37.5,38.25,38.5
2016-02-05,2016-02-04,34.06,35.5,33.75,34.0,34.5,35.5,36.75,37.25,38.0
2016-02-08,2016-02-05,32.88,34.75,32.75,33.5,34.0,34.75,35.75,36.75,36.75
2016-02-09,2016-02-08,30.32,33.75,32.25,32.5,33.0,33.75,34.75,36.0,36.25
2016-02-10,2016-02-09,30.84,31.25,29.75,30.125,30.5,31.25,32.75,33.5,33.5
2016-02-11,2016-02-10,30.06,31.5,29.125,29.5,30.375,31.5,32.75,33.5,33.75
2016-02-12,2016-02-11,33.36,31.25,29.375,29.75,30.5,31.25,32.5,33.5,34.0
2016-02-16,2016-02-12,32.18,34.25,31.875,32.25,33.0,34.25,35.5,36.75,37.0
2016-02-17,2016-02-16,34.5,33.25,31.375,31.75,32.0,33.25,34.25,35.5,35.75
2016-02-18,2016-02-17,34.28,35.5,33.5,33.75,34.5,35.5,36.75,38.0,38.75
2016-02-19,2016-02-18,33.01,35.5,33.75,34.0,34.75,35.5,36.5,37.5,38.0
2016-02-22,2016-02-19,34.69,33.75,32.5,32.75,33.0,33.75,35.0,36.0,36.25
2016-02-23,2016-02-22,33.27,35.5,33.25,34.0,34.5,35.5,36.5,37.25,37.5
2016-02-24,2016-02-23,34.41,34.25,32.5,32.75,33.5,34.25,35.25,36.0,36.5
2016-02-25,2016-02-24,35.29,35.5,33.75,34.25,34.75,35.5,36.5,37.5,38.0
2016-02-26,2016-02-25,35.1,36.5,34.0,34.75,35.5,36.5,37.5,38.25,38.75
2016-02-29,2016-02-26,35.97,36.25,35.0,35.25,36.0,36.25,37.25,38.75,38.75
2016-03-01,2016-02-29,35.96,36.75,34.75,35.5,35.75,36.75,38.0,38.75,39.5
2016-03-02,2016-03-01,36.93,37.0,35.0,35.75,36.5,37.0,38.0,39.0,39.0
2016-03-03,2016-03-02,37.07,37.5,35.5,36.0,36.5,37.5,38.25,39.0,39.5
2016-03-04,2016-03-03,38.72,37.5,35.75,36.25,36.75,37.5,38.75,39.5,40.0
2016-03-07,2016-03-04,40.84,39.0,37.0,37.5,38.25,39.0,40.0,41.0,41.5
2016-03-08,2016-03-07,39.65,41.0,38.5,39.25,40.25,41.0,42.25,43.5,43.75
2016-03-09,2016-03-08,41.07,40.25,37.75,38.75,39.5,40.25,41.25,42.0,42.25
2016-03-10,2016-03-09,40.05,41.0,38.75,39.25,40.0,41.0,42.25,43.0,43.5
2016-03-11,2016-03-10,40.39,40.5,38.5,39.0,39.75,40.5,41.75,42.25,42.5
2016-03-14,2016-03-11,39.53,40.75,38.5,39.0,40.0,40.75,41.75,42.25,42.75
2016-03-15,2016-03-14,38.74,40.0,38.0,38.75,39.25,40.0,41.25,42.0,42.25
2016-03-16,2016-03-15,40.33,39.25,37.25,37.5,38.25,39.25,40.25,41.0,41.25
2016-03-17,2016-03-16,41.54,41.25,39.0,39.5,40.25,41.25,42.25,43.0,43.25
2016-03-18,2016-03-17,41.2,42.0,40.25,40.75,41.25,42.0,42.75,43.75,44.0
2016-03-21,2016-03-18,41.54,41.75,39.75,40.25,41.0,41.75,42.5,43.5,43.5
2016-03-22,2016-03-21,41.79,42.25,40.25,40.75,41.25,42.25,43.0,43.75,44.0
2016-03-23,2016-03-22,40.47,42.0,40.0,40.75,41.25,42.0,43.0,43.75,44.0
2016-03-24,2016-03-23,40.44,41.0,38.75,39.5,40.25,41.0,42.0,42.5,42.75
2016-03-28,2016-03-24,40.27,40.75,38.75,39.5,40.0,40.75,41.75,42.5,43.0
2016-03-29,2016-03-28,39.14,40.75,38.5,39.25,39.75,40.75,41.5,42.0,42.25
2016-03-30,2016-03-29,39.26,39.5,37.75,37.75,39.0,39.5,40.5,41.0,41.25
2016-03-31,2016-03-30,39.6,40.0,38.0,38.5,39.25,40.0,41.0,41.75,42.0
2016-04-01,2016-03-31,39.66,40.0,38.0,38.75,39.25,40.0,41.0,41.5,42.25
2016-04-04,2016-04-01,37.69,40.25,38.25,39.0,39.5,40.25,41.0,41.75,42.0
2016-04-05,2016-04-04,37.87,38.75,36.75,37.25,38.0,38.75,39.5,40.25,40.5
2016-04-06,2016-04-05,39.84,38.75,36.5,37.25,38.0,38.75,39.75,40.25,40.75
2016-04-07,2016-04-06,39.43,40.75,38.25,39.25,39.75,40.75,41.75,42.5,43.25
2016-04-08,2016-04-07,41.94,40.0,38.0,38.75,39.25,40.0,40.75,41.5,42.0
2016-04-11,2016-04-08,42.83,42.75,40.5,41.25,41.75,42.75,43.75,44.5,45.25
2016-04-12,2016-04-11,44.69,43.25,41.25,41.75,42.5,43.25,44.25,45.0,45.0
2016-04-13,2016-04-12,44.18,44.75,42.25,43.0,44.0,44.75,45.75,46.75,47.25
2016-04-14,2016-04-13,43.84,44.25,42.25,43.0,43.75,44.25,45.25,46.25,46.5
2016-04-15,2016-04-14,43.1,44.0,42.0,42.5,43.25,44.0,45.0,45.75,46.0
2016-04-18,2016-04-15,42.91,43.25,41.25,42.0,42.75,43.25,44.25,45.0,45.25
2016-04-19,2016-04-18,44.03,43.0,41.25,41.75,42.5,43.0,44.0,44.75,45.0
2016-04-20,2016-04-19,45.8,44.0,42.5,43.0,43.5,44.0,45.0,45.5,46.0
2016-04-21,2016-04-20,44.53,45.75,44.0,44.25,45.0,45.75,46.5,47.5,47.75
2016-04-22,2016-04-21,45.11,44.75,43.25,43.5,44.0,44.75,45.5,46.0,46.25
2016-04-25,2016-04-22,44.48,45.0,43.25,43.75,44.5,45.0,45.75,46.5,46.75
2016-04-26,2016-04-25,45.74,44.5,43.0,43.5,43.75,44.5,45.25,45.75,46.0
2016-04-27,2016-04-26,47.18,45.5,43.75,44.25,44.75,45.5,46.5,47.25,47.5
2016-04-28,2016-04-27,48.14,46.5,44.75,45.25,46.0,46.5,47.5,48.25,48.75
2016-04-29,2016-04-28,48.13,47.75,46.0,46.5,47.0,47.75,48.75,49.5,49.75
2016-05-02,2016-04-29,48.1,47.5,45.75,46.25,47.0,47.5,48.75,49.25,49.5
2016-05-03,2016-05-02,46.75,47.75,45.5,46.25,47.0,47.75,48.5,49.5,49.75
2016-05-04,2016-05-03,44.62,46.5,44.75,45.25,46.0,46.5,47.5,47.75,48.25
2016-05-05,2016-05-04,45.01,44.75,42.75,43.5,44.0,44.75,45.5,46.25,46.5
2016-05-06,2016-05-05,45.37,45.25,43.25,44.0,44.5,45.25,46.0,46.75,47.0
2016-05-09,2016-05-06,43.63,45.5,43.75,44.5,45.0,45.5,46.5,47.25,47.5
2016-05-10,2016-05-09,45.52,43.75,42.0,42.5,43.0,43.75,44.5,45.0,45.25
2016-05-11,2016-05-10,47.6,45.75,44.0,44.25,45.0,45.75,46.5,47.25,47.75
2016-05-12,2016-05-11,48.08,47.5,45.75,46.25,47.0,47.5,48.5,49.0,49.25
2016-05-13,2016-05-12,47.83,48.0,46.0,46.5,47.25,48.0,49.0,49.5,50.0
2016-05-16,2016-05-13,48.97,48.0,45.75,46.5,47.0,48.0,48.75,49.5,49.75
2016-05-17,2016-05-16,49.28,49.0,46.75,47.5,48.25,49.0,49.75,50.5,50.75
2016-05-18,2016-05-17,48.93,49.0,47.0,47.5,48.25,49.0,49.75,50.5,51.0
2016-05-19,2016-05-18,48.81,48.75,47.0,47.5,48.25,48.75,49.75,50.5,50.75
2016-05-20,2016-05-19,48.72,48.75,46.75,47.5,48.0,48.75,49.75,50.25,50.5
2016-05-23,2016-05-20,48.35,48.5,46.75,47.25,48.0,48.5,49.5,50.25,50.75
2016-05-24,2016-05-23,48.61,48.5,46.5,47.25,48.0,48.5,49.25,49.75,50.25
2016-05-25,2016-05-24,49.74,49.0,47.0,47.75,48.25,49.0,49.75,50.25,50.75
2016-05-26,2016-05-25,49.59,50.25,48.25,48.75,49.5,50.25,51.0,51.75,52.0
2016-05-27,2016-05-26,49.32,50.0,47.75,48.5,49.25,50.0,50.75,51.5,51.75
2016-05-31,2016-05-27,49.69,49.5,47.75,48.25,49.0,49.5,50.5,51.25,51.5
2016-06-01,2016-05-31,49.71,49.5,48.0,48.5,49.0,49.5,50.5,51.25,51.5
2016-06-02,2016-06-01,50.04,49.5,47.5,48.0,49.0,49.5,50.5,51.0,51.25
2016-06-03,2016-06-02,49.64,49.75,48.0,48.5,49.0,49.75,50.5,51.25,51.5
2016-06-06,2016-06-03,50.55,49.5,47.75,48.25,48.75,49.5,50.25,50.75,51.25
2016-06-07,2016-06-06,51.44,50.25,48.25,48.75,49.5,50.25,51.0,51.75,52.0
2016-06-08,2016-06-07,52.51,51.5,49.5,50.0,50.75,51.5,52.25,52.75,53.25
2016-06-09,2016-06-08,51.95,52.25,50.5,50.75,51.5,52.25,53.0,53.5,54.0
2016-06-10,2016-06-09,50.54,51.75,49.75,50.25,51.0,51.75,52.5,53.0,53.25
2016-06-13,2016-06-10,50.35,50.5,48.75,49.25,50.0,50.5,51.25,51.75,52.25
2016-06-14,2016-06-13,49.83,50.25,48.25,49.0,49.5,50.25,51.0,51.75,52.0
2016-06-15,2016-06-14,48.97,49.75,48.0,48.5,49.25,49.75,50.5,51.0,51.5
2016-06-16,2016-06-15,47.19,48.75,47.25,47.75,48.5,48.75,49.75,50.0,50.25
2016-06-17,2016-06-16,49.17,47.25,45.5,46.0,46.5,47.25,48.0,48.5,48.75
2016-06-20,2016-06-17,50.65,49.75,47.5,48.0,49.0,49.75,50.5,51.0,51.5
2016-06-21,2016-06-20,50.62,51.0,49.0,49.5,50.25,51.0,51.75,52.5,52.75
2016-06-22,2016-06-21,49.88,50.75,48.75,49.25,50.0,50.75,51.5,52.25,52.75
2016-06-23,2016-06-22,50.91,49.75,47.75,48.5,49.25,49.75,50.75,51.25,51.75
2016-06-24,2016-06-23,48.41,51.25,49.5,49.75,50.5,51.25,52.0,52.75,53.0
2016-06-27,2016-06-24,47.16,48.5,46.5,47.0,47.75,48.5,49.25,50.0,50.5
2016-06-28,2016-06-27,48.58,46.75,45.0,45.5,46.25,46.75,47.75,48.25,48.75
2016-06-29,2016-06-28,50.61,49.0,46.75,47.5,48.0,49.0,49.75,50.5,50.75
2016-06-30,2016-06-29,49.68,50.75,48.75,49.25,50.0,50.75,51.75,52.5,52.75
2016-07-01,2016-06-30,49.84,49.75,47.5,48.0,49.0,49.75,50.5,51.25,51.75
2016-07-05,2016-07-01,47.96,50.25,48.25,48.5,49.25,50.25,51.0,51.5,51.75
2016-07-06,2016-07-05,48.8,48.5,46.75,47.0,47.75,48.5,49.5,50.0,50.25
2016-07-07,2016-07-06,46.4,49.25,47.25,47.75,48.5,49.25,50.0,50.75,51.25
2016-07-08,2016-07-07,46.76,46.5,44.5,45.25,45.75,46.5,47.5,48.25,48.75
2016-07-11,2016-07-08,46.25,47.25,45.25,45.75,46.5,47.25,48.0,48.75,49.25
2016-07-12,2016-07-11,48.47,46.75,44.75,45.5,46.0,46.75,47.75,48.5,48.75
2016-07-13,2016-07-12,46.26,49.0,46.75,47.25,48.0,49.0,50.0,50.75,51.25
2016-07-14,2016-07-13,47.37,46.5,44.5,45.0,45.75,46.5,47.25,48.25,48.75
2016-07-15,2016-07-14,47.61,48.0,45.75,46.25,47.25,48.0,49.0,50.0,50.25
2016-07-18,2016-07-15,46.96,48.25,46.0,46.75,47.5,48.25,49.0,49.75,50.25
2016-07-19,2016-07-18,46.66,47.75,45.75,46.25,47.0,47.75,48.5,49.25,49.75
2016-07-20,2016-07-19,47.17,47.5,45.5,46.0,46.75,47.5,48.25,49.0,49.5
2016-07-21,2016-07-20,46.2,47.5,45.75,46.25,47.0,47.5,48.5,49.0,49.5
2016-07-22,2016-07-21,45.69,46.5,44.75,45.25,45.75,46.5,47.25,48.25,48.5
2016-07-25,2016-07-22,44.72,46.0,44.0,44.5,45.25,46.0,46.75,47.5,48.0
2016-07-26,2016-07-25,44.87,45.0,43.25,43.75,44.25,45.0,46.0,46.5,47.0
2016-07-27,2016-07-26,43.47,45.25,43.25,44.0,44.5,45.25,46.0,46.75,47.25
2016-07-28,2016-07-27,42.7,44.25,42.25,43.0,43.5,44.25,45.0,45.5,45.75
2016-07-29,2016-07-28,42.46,43.0,41.0,41.75,42.5,43.0,43.75,44.25,44.75
2016-08-01,2016-07-29,42.45,42.75,40.75,41.5,42.0,42.75,43.5,44.25,44.75
2016-08-02,2016-08-01,41.8,42.75,41.25,41.75,42.25,42.75,43.5,44.25,44.5
2016-08-03,2016-08-02,43.1,42.25,40.5,41.0,41.75,42.25,42.75,43.5,43.75
2016-08-04,2016-08-03,44.29,43.5,41.5,42.25,42.75,43.5,44.25,45.0,45.5
2016-08-05,2016-08-04,44.27,44.75,42.75,43.25,44.0,44.75,45.5,46.25,46.75
2016-08-08,2016-08-05,45.39,44.75,42.75,43.25,44.0,44.75,45.75,46.5,46.75
2016-08-09,2016-08-08,44.98,46.0,43.75,44.5,45.25,46.0,46.75,47.5,48.0
2016-08-10,2016-08-09,44.05,45.5,43.5,44.0,44.75,45.5,46.25,47.0,47.5
2016-08-11,2016-08-10,46.04,44.5,42.5,43.0,43.75,44.5,45.25,46.0,46.5
2016-08-12,2016-08-11,46.97,46.75,44.5,45.0,46.0,46.75,47.5,48.5,48.75
2016-08-15,2016-08-12,48.35,47.5,45.5,46.0,46.75,47.5,48.25,49.0,49.5
2016-08-16,2016-08-15,49.23,48.75,46.5,47.0,47.75,48.75,49.5,50.25,50.75
2016-08-17,2016-08-16,49.85,49.5,47.5,47.75,48.5,49.5,50.25,51.0,51.5
2016-08-18,2016-08-17,50.89,49.75,47.75,48.0,48.75,49.75,50.5,51.25,51.5
2016-08-19,2016-08-18,50.88,51.0,49.0,49.25,50.25,51.0,51.75,52.75,53.25
2016-08-22,2016-08-19,49.16,50.75,48.75,49.25,50.0,50.75,51.5,52.0,52.5
2016-08-23,2016-08-22,49.96,49.25,47.25,47.75,48.5,49.25,50.0,50.75,51.25
2016-08-24,2016-08-23,49.05,50.25,48.5,48.75,49.5,50.25,51.0,51.75,52.25
2016-08-25,2016-08-24,49.67,49.25,47.5,48.0,48.5,49.25,50.0,50.75,51.25
2016-08-26,2016-08-25,49.92,49.75,48.0,48.5,49.0,49.75,50.5,51.0,51.5
2016-08-29,2016-08-26,49.26,50.25,48.5,48.75,49.5,50.25,50.75,51.5,52.0
2016-08-30,2016-08-29,48.37,49.25,47.5,48.0,48.5,49.25,50.0,50.75,51.25
2016-08-31,2016-08-30,47.04,48.5,46.5,47.0,47.75,48.5,49.25,50.0,50.5
2016-09-01,2016-08-31,47.05,47.25,45.25,46.0,46.5,47.25,48.0,48.75,49.0
2016-09-02,2016-09-01,46.83,47.25,45.5,46.0,46.75,47.25,48.0,48.75,49.25
2016-09-06,2016-09-02,47.26,47.0,45.25,45.75,46.25,47.0,47.75,48.5,48.75
2016-09-07,2016-09-06,47.98,47.75,45.75,46.25,47.0,47.75,48.25,49.0,49.5
2016-09-08,2016-09-07,49.99,48.25,46.5,47.0,47.5,48.25,49.0,49.75,50.25
2016-09-09,2016-09-08,48.01,50.25,48.25,48.75,49.5,50.25,51.0,51.5,52.0
2016-09-12,2016-09-09,48.32,48.25,46.25,46.75,47.5,48.25,49.0,49.75,50.0
2016-09-13,2016-09-12,47.1,48.75,46.75,47.25,48.0,48.75,49.5,50.25,50.75
2016-09-14,2016-09-13,45.85,47.5,45.5,46.0,46.75,47.5,48.0,48.75,49.25
2016-09-15,2016-09-14,46.59,46.25,44.5,45.0,45.5,46.25,47.0,47.75,48.25
2016-09-16,2016-09-15,45.77,47.25,45.5,45.75,46.5,47.25,48.0,48.5,49.0
2016-09-19,2016-09-16,45.95,46.5,44.75,45.25,45.75,46.5,47.25,47.75,48.25
2016-09-20,2016-09-19,45.88,46.5,44.75,45.25,45.75,46.5,47.25,47.75,48.25
2016-09-21,2016-09-20,46.83,46.25,44.5,45.0,45.75,46.25,47.0,47.5,48.0
2016-09-22,2016-09-21,47.65,47.25,45.5,46.0,46.5,47.25,48.0,48.5,49.0
2016-09-23,2016-09-22,45.89,48.0,46.25,46.75,47.25,48.0,48.5,49.25,49.75
2016-09-26,2016-09-23,47.35,46.5,44.5,45.0,45.75,46.5,47.0,47.75,48.25
2016-09-27,2016-09-26,45.97,47.75,46.0,46.5,47.0,47.75,48.5,49.25,49.75
2016-09-28,2016-09-27,48.69,46.25,44.5,45.0,45.5,46.25,47.0,47.5,48.0
2016-09-29,2016-09-28,49.24,48.75,47.0,47.25,48.0,48.75,49.5,50.25,50.75
2016-09-30,2016-09-29,49.06,49.5,47.75,48.25,48.75,49.5,50.0,50.75,51.25
2016-10-03,2016-09-30,49.1,49.25,47.5,48.0,48.5,49.25,49.75,50.5,51.0
2016-10-04,2016-10-03,50.87,49.25,47.75,48.0,48.5,49.25,49.75,50.25,50.75
2016-10-05,2016-10-04,51.86,50.75,49.25,49.5,50.0,50.75,51.5,52.25,52.75
2016-10-06,2016-10-05,52.51,51.75,50.0,50.5,51.0,51.75,52.25,53.0,53.5
2016-10-07,2016-10-06,51.93,52.5,50.75,51.0,51.75,52.5,53.25,53.75,54.25
2016-10-11,2016-10-07,52.41,51.75,50.25,50.75,51.25,51.75,52.5,53.0,53.5
2016-10-12,2016-10-11,51.81,52.25,50.75,51.0,51.75,52.25,53.0,53.5,54.0
2016-10-13,2016-10-12,52.03,51.75,50.25,50.5,51.25,51.75,52.25,53.0,53.25
2016-10-14,2016-10-13,51.95,52.0,50.5,50.75,51.5,52.0,52.5,53.25,53.5
2016-10-17,2016-10-14,51.52,52.0,50.5,50.75,51.25,52.0,52.5,53.0,53.5
2016-10-18,2016-10-17,51.68,51.75,50.25,50.5,51.0,51.75,52.25,52.75,53.25
2016-10-19,2016-10-18,52.67,52.0,50.5,50.75,51.25,52.0,52.5,53.0,53.5
2016-10-20,2016-10-19,51.38,52.75,51.25,51.5,52.0,52.75,53.5,54.0,54.5
2016-10-21,2016-10-20,51.78,51.5,50.0,50.25,51.0,51.5,52.0,52.75,53.0
2016-10-24,2016-10-21,51.46,51.75,50.25,50.75,51.25,51.75,52.5,53.0,53.25
2016-10-25,2016-10-24,50.79,51.5,50.25,50.5,51.0,51.5,52.0,52.5,53.0
2016-10-26,2016-10-25,49.98,50.75,49.5,49.75,50.25,50.75,51.25,52.0,52.25
2016-10-27,2016-10-26,50.47,50.0,48.75,49.0,49.5,50.0,50.5,51.0,51.5
2016-10-28,2016-10-27,49.71,50.75,49.25,49.75,50.25,50.75,51.25,51.75,52.25
2016-10-31,2016-10-28,48.3,50.0,48.5,49.0,49.5,50.0,50.5,51.25,51.75
2016-11-01,2016-10-31,48.33,48.75,47.25,47.75,48.25,48.75,49.5,50.0,50.5
2016-11-02,2016-11-01,46.86,48.75,47.5,47.75,48.25,48.75,49.5,50.0,50.25
2016-11-03,2016-11-02,46.35,47.75,46.25,46.5,47.0,47.75,48.25,48.75,49.25
2016-11-04,2016-11-03,45.58,46.75,45.25,45.75,46.25,46.75,47.5,48.0,48.5
2016-11-07,2016-11-04,46.15,46.0,44.5,45.0,45.5,46.0,46.75,47.25,47.75
2016-11-08,2016-11-07,46.04,46.75,45.25,45.75,46.25,46.75,47.25,48.0,48.25
2016-11-09,2016-11-08,46.36,46.5,45.25,45.5,46.0,46.5,47.25,47.75,48.25
2016-11-10,2016-11-09,45.84,47.0,45.5,45.75,46.5,47.0,47.5,48.25,48.5
2016-11-14,2016-11-10,44.43,46.5,45.0,45.25,45.75,46.5,47.0,47.5,48.0
2016-11-15,2016-11-14,46.95,45.0,43.25,43.75,44.5,45.0,45.75,46.25,46.75
2016-11-16,2016-11-15,46.63,47.5,45.75,46.0,46.75,47.5,48.0,48.75,49.0
2016-11-17,2016-11-16,46.49,47.0,45.5,46.0,46.5,47.0,47.75,48.25,48.75
2016-11-18,2016-11-17,46.86,47.0,45.25,45.75,46.25,47.0,47.5,48.25,48.5
2016-11-21,2016-11-18,48.9,47.25,45.75,46.0,46.5,47.25,47.75,48.5,48.75
2016-11-22,2016-11-21,49.12,49.0,47.25,47.75,48.25,49.0,49.75,50.5,51.0
2016-11-23,2016-11-22,48.95,49.0,47.5,48.0,48.5,49.0,49.75,50.5,50.75
2016-11-25,2016-11-23,47.24,49.0,47.75,48.0,48.5,49.0,49.75,50.25,50.75
2016-11-28,2016-11-25,48.24,47.75,46.25,46.75,47.25,47.75,48.25,49.0,49.25
2016-11-29,2016-11-28,46.38,48.5,47.0,47.25,47.75,48.5,49.0,49.75,50.0
2016-11-30,2016-11-29,50.47,46.75,45.5,45.75,46.25,46.75,47.5,48.0,48.5
2016-12-01,2016-11-30,50.46,50.0,48.25,48.5,49.25,50.0,50.75,51.5,52.0
2016-12-02,2016-12-01,54.46,50.25,49.0,49.25,49.75,50.25,51.0,51.5,52.0
2016-12-05,2016-12-02,54.94,53.75,51.25,51.75,52.75,53.75,54.75,55.75,56.5
2016-12-06,2016-12-05,53.93,54.75,52.5,53.0,54.0,54.75,55.75,56.75,57.5
2016-12-07,2016-12-06,53.0,53.5,51.5,52.0,52.75,53.5,54.25,55.0,55.5
2016-12-08,2016-12-07,53.89,52.75,50.75,51.25,52.0,52.75,53.5,54.25,54.75
2016-12-09,2016-12-08,54.33,53.5,51.5,52.0,52.75,53.5,54.25,54.75,55.25
2016-12-12,2016-12-09,55.69,54.0,52.25,52.5,53.25,54.0,54.75,55.25,55.75
2016-12-13,2016-12-12,55.72,55.25,53.25,53.75,54.5,55.25,56.25,57.0,57.5
2016-12-14,2016-12-13,53.9,55.5,53.5,54.0,54.75,55.5,56.0,56.75,57.5
2016-12-15,2016-12-14,54.02,54.0,52.0,52.5,53.25,54.0,54.75,55.5,56.0
2016-12-16,2016-12-15,55.21,54.0,52.0,52.5,53.25,54.0,54.75,55.5,56.0
2016-12-19,2016-12-16,54.92,55.0,53.25,53.75,54.25,55.0,56.0,56.75,57.25
2016-12-20,2016-12-19,55.35,55.0,53.25,53.75,54.25,55.0,55.75,56.5,57.0
2016-12-21,2016-12-20,54.46,55.25,53.5,54.0,54.75,55.25,56.0,56.75,57.25
2016-12-22,2016-12-21,55.05,54.5,52.75,53.25,53.75,54.5,55.25,56.0,56.5
2016-12-23,2016-12-22,55.16,54.75,53.25,53.5,54.25,54.75,55.5,56.25,56.75
2016-12-27,2016-12-23,56.09,55.0,53.5,53.75,54.5,55.0,55.75,56.25,56.75
2016-12-28,2016-12-27,56.22,55.75,54.0,54.5,55.0,55.75,56.5,57.25,57.75
2016-12-29,2016-12-28,56.14,56.0,54.25,54.75,55.25,56.0,57.0,57.5,58.0
2016-12-30,2016-12-29,56.13,56.0,54.25,54.75,55.25,56.0,56.75,57.5,57.75
2017-01-03,2016-12-30,55.47,56.0,54.25,54.75,55.25,56.0,56.75,57.5,58.0
2017-01-04,2017-01-03,56.46,55.5,53.75,54.25,54.75,55.5,56.0,56.75,57.25
2017-01-05,2017-01-04,56.89,56.25,54.5,55.0,55.5,56.25,56.75,57.5,58.0
2017-01-06,2017-01-05,57.1,56.5,55.0,55.5,56.0,56.5,57.25,57.75,58.25
2017-01-09,2017-01-06,54.94,56.75,55.25,55.75,56.25,56.75,57.5,58.0,58.25
2017-01-10,2017-01-09,53.64,55.0,53.5,54.0,54.5,55.0,55.75,56.5,57.0
2017-01-11,2017-01-10,55.1,54.0,52.25,52.75,53.25,54.0,54.5,55.25,55.75
2017-01-12,2017-01-11,56.01,55.0,53.25,53.75,54.25,55.0,55.75,56.5,56.75
2017-01-13,2017-01-12,55.45,55.75,54.0,54.5,55.0,55.75,56.5,57.0,57.5
2017-01-17,2017-01-13,55.47,55.5,54.0,54.25,55.0,55.5,56.0,56.75,57.25
2017-01-18,2017-01-17,53.92,55.25,53.75,54.25,54.75,55.25,56.0,56.75,57.25
2017-01-19,2017-01-18,54.16,54.0,52.5,53.0,53.5,54.0,54.75,55.5,56.0
2017-01-20,2017-01-19,55.49,54.25,52.75,53.25,53.75,54.25,55.0,55.5,56.0
2017-01-23,2017-01-20,55.23,55.25,53.5,54.0,54.75,55.25,56.0,56.75,57.25
2017-01-24,2017-01-23,55.44,55.25,53.5,54.0,54.5,55.25,55.75,56.5,57.0
2017-01-25,2017-01-24,55.08,55.25,53.75,54.25,54.75,55.25,56.0,56.5,57.0
2017-01-26,2017-01-25,56.24,55.0,53.5,53.75,54.5,55.0,55.75,56.5,57.0
2017-01-27,2017-01-26,55.52,56.0,54.5,54.75,55.5,56.0,56.75,57.25,57.75
2017-01-30,2017-01-27,55.23,55.5,54.0,54.25,55.0,55.5,56.0,56.5,57.0
2017-01-31,2017-01-30,55.7,55.25,53.75,54.25,54.75,55.25,55.75,56.25,56.5
2017-02-01,2017-01-31,55.66,55.75,54.25,54.75,55.25,55.75,56.25,56.75,57.25
2017-02-02,2017-02-01,56.56,55.75,54.25,54.75,55.25,55.75,56.25,56.75,57.25
2017-02-03,2017-02-02,56.81,56.5,54.75,55.25,55.75,56.5,57.25,57.75,58.25
2017-02-06,2017-02-03,55.72,56.75,55.25,55.75,56.25,56.75,57.25,58.0,58.25
2017-02-07,2017-02-06,55.05,55.75,54.25,54.75,55.25,55.75,56.25,56.75,57.25
2017-02-08,2017-02-07,55.12,55.25,54.0,54.25,54.75,55.25,55.75,56.25,56.75
2017-02-09,2017-02-08,55.63,55.25,53.75,54.25,54.5,55.25,55.75,56.25,56.75
2017-02-10,2017-02-09,56.7,55.5,54.25,54.5,55.0,55.5,56.25,56.75,57.0
2017-02-13,2017-02-10,55.59,56.5,55.0,55.5,56.0,56.5,57.0,57.75,58.0
2017-02-14,2017-02-13,55.97,55.5,54.0,54.5,55.0,55.5,56.25,56.75,57.0
2017-02-15,2017-02-14,55.75,56.0,54.25,54.75,55.25,56.0,56.5,57.25,57.5
2017-02-16,2017-02-15,55.65,55.75,54.25,54.75,55.25,55.75,56.25,56.75,57.25
2017-02-17,2017-02-16,55.81,55.5,54.0,54.5,55.0,55.5,56.25,56.75,57.25
2017-02-21,2017-02-17,56.66,55.75,54.5,54.75,55.25,55.75,56.25,56.75,57.25
2017-02-22,2017-02-21,55.84,56.5,55.0,55.5,56.0,56.5,57.0,57.5,57.75
2017-02-23,2017-02-22,56.58,55.75,54.25,54.75,55.25,55.75,56.25,56.75,57.25
2017-02-24,2017-02-23,55.99,56.25,54.75,55.25,55.75,56.25,56.75,57.25,57.5
2017-02-27,2017-02-24,55.93,56.0,54.5,55.0,55.5,56.0,56.5,57.0,57.25
2017-02-28,2017-02-27,55.59,56.0,54.5,55.0,55.25,56.0,56.25,56.75,57.25
2017-03-01,2017-02-28,55.6,55.5,54.25,54.75,55.0,55.5,56.0,56.25,56.5
2017-03-02,2017-03-01,55.08,55.5,54.25,54.75,55.0,55.5,56.0,56.25,56.75
2017-03-03,2017-03-02,55.9,55.25,54.25,54.5,54.75,55.25,55.75,56.0,56.5
2017-03-06,2017-03-03,56.01,55.75,54.5,54.75,55.25,55.75,56.25,56.75,57.0
2017-03-07,2017-03-06,55.92,55.75,54.75,55.0,55.5,55.75,56.25,56.75,57.0
2017-03-08,2017-03-07,53.11,56.0,54.75,55.25,55.5,56.0,56.25,56.75,57.0
2017-03-09,2017-03-08,52.19,53.5,52.0,52.5,53.0,53.5,54.0,54.5,55.0
2017-03-10,2017-03-09,51.37,52.5,51.0,51.5,51.75,52.5,53.0,53.5,54.0
2017-03-13,2017-03-10,51.35,51.5,50.0,50.25,50.75,51.5,52.0,52.75,53.0
2017-03-14,2017-03-13,50.92,51.25,50.0,50.25,50.75,51.25,51.75,52.5,52.75
2017-03-15,2017-03-14,51.81,50.75,49.5,49.75,50.25,50.75,51.25,52.0,52.25
2017-03-16,2017-03-15,51.74,51.75,50.5,50.75,51.25,51.75,52.25,52.75,53.25
2017-03-17,2017-03-16,51.76,51.5,50.0,50.5,51.0,51.5,52.0,52.5,53.0
2017-03-20,2017-03-17,51.62,51.5,50.25,50.5,51.0,51.5,52.0,52.5,52.75
2017-03-21,2017-03-20,50.96,51.5,50.5,50.75,51.0,51.5,52.0,52.5,52.75
2017-03-22,2017-03-21,50.64,50.75,49.75,50.0,50.25,50.75,51.25,51.75,52.0
2017-03-23,2017-03-22,50.56,50.5,49.5,49.75,50.25,50.5,51.0,51.5,51.75
2017-03-24,2017-03-23,50.8,50.5,49.5,49.75,50.0,50.5,51.0,51.25,51.75
2017-03-27,2017-03-24,50.75,51.0,49.75,50.0,50.5,51.0,51.5,52.0,52.25
2017-03-28,2017-03-27,51.33,50.75,49.5,49.75,50.25,50.75,51.25,51.75,52.25
2017-03-29,2017-03-28,52.42,51.5,50.25,50.5,51.0,51.5,52.0,52.5,53.0
2017-03-30,2017-03-29,52.96,52.5,51.25,51.5,52.0,52.5,53.0,53.5,54.0
2017-03-31,2017-03-30,52.83,53.0,51.75,52.0,52.5,53.0,53.5,54.25,54.75
2017-04-03,2017-03-31,53.12,53.0,51.75,52.0,52.5,53.0,53.5,54.0,54.5
2017-04-04,2017-04-03,54.17,53.25,51.75,52.25,52.75,53.25,53.75,54.5,54.75
2017-04-05,2017-04-04,54.36,54.25,52.75,53.25,53.75,54.25,55.0,55.5,56.0
2017-04-06,2017-04-05,54.89,54.5,53.0,53.5,54.0,54.5,55.0,55.5,55.75
2017-04-07,2017-04-06,55.24,55.0,53.5,53.75,54.25,55.0,55.25,55.75,56.25
2017-04-10,2017-04-07,55.98,55.0,53.75,54.0,54.5,55.0,55.5,56.0,56.5
2017-04-11,2017-04-10,56.23,55.75,54.5,54.75,55.25,55.75,56.25,56.5,57.0
2017-04-12,2017-04-11,55.86,56.25,54.75,55.25,55.75,56.25,56.75,57.0,57.25
2017-04-13,2017-04-12,55.89,55.75,54.5,54.75,55.25,55.75,56.0,56.5,56.75
2017-04-17,2017-04-13,55.36,55.75,54.75,55.0,55.5,55.75,56.25,56.5,56.75
2017-04-18,2017-04-17,54.89,55.25,54.25,54.5,54.75,55.25,55.5,56.0,56.25
2017-04-19,2017-04-18,52.93,54.75,53.75,54.0,54.5,54.75,55.25,55.5,55.75
2017-04-20,2017-04-19,52.99,52.75,51.5,52.0,52.25,52.75,53.5,54.0,54.25
2017-04-21,2017-04-20,51.96,52.75,51.5,52.0,52.25,52.75,53.5,54.0,54.25
2017-04-24,2017-04-21,51.6,51.5,50.5,50.75,51.0,51.5,52.25,52.75,53.0
2017-04-25,2017-04-24,52.1,51.25,50.0,50.5,50.75,51.25,52.0,52.5,52.75
2017-04-26,2017-04-25,51.82,52.0,51.0,51.25,51.5,52.0,52.75,53.25,53.5
2017-04-27,2017-04-26,51.44,51.75,50.5,50.75,51.25,51.75,52.25,52.75,53.0
2017-04-28,2017-04-27,51.73,51.25,50.0,50.25,50.75,51.25,51.75,52.25,52.5
2017-05-01,2017-04-28,51.52,51.5,50.5,50.75,51.25,51.5,52.0,52.5,52.75
2017-05-02,2017-05-01,50.46,51.25,50.25,50.5,51.0,51.25,51.75,52.25,52.5
2017-05-03,2017-05-02,50.79,50.25,49.25,49.5,49.75,50.25,50.75,51.0,51.5
2017-05-04,2017-05-03,48.38,50.75,49.5,50.0,50.25,50.75,51.0,51.5,51.75
2017-05-05,2017-05-04,49.1,48.25,47.0,47.25,47.75,48.25,48.75,49.25,49.75
2017-05-08,2017-05-05,49.34,49.25,48.0,48.25,48.75,49.25,49.5,50.0,50.5
2017-05-09,2017-05-08,48.73,49.5,48.25,48.5,49.0,49.5,49.75,50.25,50.5
2017-05-10,2017-05-09,50.22,48.75,47.75,48.0,48.25,48.75,49.25,49.5,50.0
2017-05-11,2017-05-10,50.77,50.25,49.0,49.5,49.75,50.25,50.75,51.25,51.75
2017-05-12,2017-05-11,50.84,50.75,49.5,50.0,50.25,50.75,51.25,51.75,52.25
2017-05-15,2017-05-12,51.82,50.75,49.75,50.0,50.5,50.75,51.5,51.75,52.25
2017-05-16,2017-05-15,51.65,52.0,50.75,51.0,51.5,52.0,52.5,53.0,53.25
2017-05-17,2017-05-16,52.21,51.75,50.5,50.75,51.25,51.75,52.25,52.5,53.0
2017-05-18,2017-05-17,52.51,52.5,51.25,51.5,52.0,52.5,53.0,53.5,53.75
2017-05-19,2017-05-18,53.61,52.75,51.5,52.0,52.5,52.75,53.25,53.75,54.0
2017-05-22,2017-05-19,53.87,53.75,52.25,52.75,53.25,53.75,54.25,54.75,55.25
2017-05-23,2017-05-22,54.15,53.75,52.5,53.0,53.5,53.75,54.25,54.75,55.0
2017-05-24,2017-05-23,53.96,54.0,52.75,53.25,53.75,54.0,54.5,55.0,55.25
2017-05-25,2017-05-24,51.46,54.0,52.75,53.0,53.5,54.0,54.5,54.75,55.0
2017-05-26,2017-05-25,52.15,51.25,49.75,50.25,50.75,51.25,52.0,52.5,53.0
2017-05-30,2017-05-26,51.84,52.25,50.75,51.25,51.75,52.25,52.75,53.5,53.75
2017-05-31,2017-05-30,50.31,51.75,50.5,51.0,51.5,51.75,52.25,52.75,53.25
2017-06-01,2017-05-31,50.33,50.25,49.0,49.25,49.75,50.25,50.75,51.25,51.5
2017-06-02,2017-06-01,49.95,50.25,49.0,49.5,49.75,50.25,50.75,51.0,51.5
2017-06-05,2017-06-02,49.47,50.0,48.75,49.0,49.5,50.0,50.5,50.75,51.25
2017-06-06,2017-06-05,50.12,49.5,48.25,48.5,49.0,49.5,50.0,50.5,50.75
2017-06-07,2017-06-06,48.06,50.0,49.0,49.25,49.5,50.0,50.5,51.0,51.5
2017-06-08,2017-06-07,47.86,48.0,46.75,47.0,47.5,48.0,48.5,49.25,49.75
2017-06-09,2017-06-08,48.15,47.75,46.25,46.75,47.25,47.75,48.5,49.0,49.5
2017-06-12,2017-06-09,48.29,48.25,47.0,47.25,47.75,48.25,48.75,49.25,49.5
2017-06-13,2017-06-12,48.72,48.5,47.25,47.5,48.0,48.5,48.75,49.5,49.75
2017-06-14,2017-06-13,47.0,49.0,47.75,48.0,48.5,49.0,49.5,50.0,50.25
2017-06-15,2017-06-14,46.92,47.25,45.75,46.25,46.75,47.25,47.75,48.25,48.75
2017-06-16,2017-06-15,47.37,47.0,45.5,45.75,46.25,47.0,47.5,48.0,48.5
2017-06-19,2017-06-16,46.91,47.5,46.25,46.5,47.0,47.5,48.0,48.5,48.75
2017-06-20,2017-06-19,46.02,47.0,45.75,46.25,46.5,47.0,47.5,48.0,48.5
2017-06-21,2017-06-20,44.82,46.25,45.0,45.25,45.75,46.25,46.75,47.5,48.0
2017-06-22,2017-06-21,45.22,45.0,43.75,44.0,44.5,45.0,45.75,46.25,46.75
2017-06-23,2017-06-22,45.54,45.5,44.25,44.5,45.0,45.5,46.25,46.75,47.25
2017-06-26,2017-06-23,45.83,45.75,44.5,45.0,45.25,45.75,46.5,47.0,47.25
2017-06-27,2017-06-26,46.65,46.25,45.0,45.25,45.75,46.25,46.75,47.5,47.75
2017-06-28,2017-06-27,47.31,47.25,45.75,46.25,46.75,47.25,47.75,48.5,48.75
2017-06-29,2017-06-28,47.42,47.75,46.5,46.75,47.25,47.75,48.25,49.0,49.25
2017-06-30,2017-06-29,47.92,47.75,46.25,46.75,47.25,47.75,48.25,48.75,49.25
2017-07-03,2017-06-30,49.68,48.25,46.75,47.0,47.5,48.25,48.75,49.25,49.75
2017-07-05,2017-07-03,47.79,50.0,48.25,48.75,49.25,50.0,50.5,51.25,51.75
2017-07-06,2017-07-05,48.11,48.25,46.75,47.0,47.5,48.25,48.75,49.25,49.75
2017-07-07,2017-07-06,46.71,48.5,46.75,47.25,47.75,48.5,49.0,49.75,50.25
2017-07-10,2017-07-07,46.88,47.0,45.5,46.0,46.5,47.0,47.75,48.25,48.75
2017-07-11,2017-07-10,47.52,47.25,45.75,46.0,46.5,47.25,47.75,48.5,48.75
2017-07-12,2017-07-11,47.74,47.75,46.25,46.75,47.0,47.75,48.25,48.75,49.0
2017-07-13,2017-07-12,48.42,48.0,46.75,47.0,47.5,48.0,48.5,49.0,49.25
2017-07-14,2017-07-13,48.91,48.5,47.25,47.5,48.0,48.5,49.0,49.75,50.0
2017-07-17,2017-07-14,48.42,49.0,47.75,48.0,48.5,49.0,49.5,50.0,50.5
2017-07-18,2017-07-17,48.84,48.5,47.25,47.5,48.0,48.5,49.0,49.25,49.75
2017-07-19,2017-07-18,49.7,49.0,47.75,48.0,48.5,49.0,49.5,50.0,50.25
2017-07-20,2017-07-19,49.3,49.75,48.5,48.75,49.25,49.75,50.25,51.0,51.25
2017-07-21,2017-07-20,48.06,49.5,48.0,48.5,48.75,49.5,50.0,50.5,50.75
2017-07-24,2017-07-21,48.6,48.25,46.75,47.25,47.5,48.25,48.75,49.25,49.75
2017-07-25,2017-07-24,50.2,48.75,47.25,47.75,48.25,48.75,49.25,49.75,50.25
2017-07-26,2017-07-25,50.97,50.25,48.75,49.0,49.5,50.25,50.75,51.5,52.0
2017-07-27,2017-07-26,51.49,51.0,49.75,50.0,50.5,51.0,51.75,52.25,52.5
2017-07-28,2017-07-27,52.52,51.5,50.0,50.5,51.0,51.5,52.0,52.5,53.0
2017-07-31,2017-07-28,52.65,52.5,51.0,51.25,52.0,52.5,53.25,53.75,54.0
2017-08-01,2017-07-31,52.63,52.75,51.25,51.75,52.25,52.75,53.25,53.5,54.0
2017-08-02,2017-08-01,52.36,52.75,51.25,51.5,52.0,52.75,53.25,53.5,54.0
2017-08-03,2017-08-02,52.01,52.25,51.0,51.25,51.75,52.25,52.75,53.25,53.5
2017-08-04,2017-08-03,52.42,51.75,50.5,51.0,51.5,51.75,52.25,52.75,53.0
2017-08-07,2017-08-04,52.37,52.25,51.0,51.25,51.75,52.25,52.75,53.25,53.5
2017-08-08,2017-08-07,52.14,52.25,51.0,51.25,51.75,52.25,52.75,53.25,53.5
2017-08-09,2017-08-08,52.7,52.0,51.0,51.25,51.75,52.0,52.5,53.0,53.25
2017-08-10,2017-08-09,51.9,52.75,51.5,51.75,52.25,52.75,53.0,53.5,53.75
2017-08-11,2017-08-10,52.1,51.75,50.75,51.0,51.5,51.75,52.25,52.75,53.0
2017-08-14,2017-08-11,50.73,52.0,51.0,51.25,51.75,52.0,52.5,53.0,53.25
2017-08-15,2017-08-14,50.8,50.75,49.5,50.0,50.25,50.75,51.25,51.75,52.0
2017-08-16,2017-08-15,50.27,51.0,49.75,50.0,50.5,51.0,51.5,52.0,52.5
2017-08-17,2017-08-16,51.03,50.5,49.25,49.5,50.0,50.5,51.0,51.5,52.0
2017-08-18,2017-08-17,52.72,51.0,50.0,50.25,50.75,51.0,51.5,52.0,52.5
2017-08-21,2017-08-18,51.66,52.5,51.25,51.5,52.0,52.5,53.0,53.5,54.0
2017-08-22,2017-08-21,51.87,51.75,50.5,50.75,51.25,51.75,52.25,52.75,53.0
2017-08-23,2017-08-22,52.57,52.0,50.75,51.0,51.5,52.0,52.25,52.75,53.0
2017-08-24,2017-08-23,52.04,52.5,51.0,51.5,52.0,52.5,53.0,53.5,53.75
2017-08-25,2017-08-24,52.41,51.75,50.75,51.0,51.5,51.75,52.25,52.75,53.0
2017-08-28,2017-08-25,51.89,52.25,51.0,51.5,51.75,52.25,52.75,53.0,53.5
2017-08-29,2017-08-28,52.0,51.75,50.75,51.0,51.5,51.75,52.25,52.75,53.0
2017-08-30,2017-08-29,50.86,52.0,50.75,51.0,51.5,52.0,52.25,52.75,53.25
2017-08-31,2017-08-30,52.38,51.0,50.0,50.25,50.5,51.0,51.5,52.0,52.25
2017-09-01,2017-08-31,52.32,52.25,51.0,51.25,51.75,52.25,52.75,53.25,53.5
2017-09-05,2017-09-01,53.38,52.25,51.25,51.5,52.0,52.25,52.75,53.25,53.5
2017-09-06,2017-09-05,54.2,53.25,52.0,52.5,53.0,53.25,53.75,54.25,54.5
2017-09-07,2017-09-06,54.49,54.25,53.0,53.25,53.75,54.25,54.5,55.0,55.25
2017-09-08,2017-09-07,53.78,54.5,53.25,53.75,54.0,54.5,55.0,55.25,55.5
2017-09-11,2017-09-08,53.84,53.75,52.75,53.0,53.5,53.75,54.25,54.5,54.75
2017-09-12,2017-09-11,54.27,54.0,52.75,53.0,53.5,54.0,54.25,54.5,54.75
2017-09-13,2017-09-12,55.16,54.25,53.25,53.5,53.75,54.25,54.75,55.0,55.25
2017-09-14,2017-09-13,55.47,55.0,53.75,54.25,54.75,55.0,55.5,55.75,56.25
2017-09-15,2017-09-14,55.62,55.5,54.25,54.5,55.0,55.5,55.75,56.0,56.25
2017-09-18,2017-09-15,55.48,55.5,54.25,54.75,55.25,55.5,56.0,56.25,56.5
2017-09-19,2017-09-18,55.14,55.25,54.25,54.5,55.0,55.25,55.75,56.0,56.25
2017-09-20,2017-09-19,56.29,55.0,54.0,54.25,54.75,55.0,55.25,55.75,56.0
2017-09-21,2017-09-20,56.43,56.25,55.0,55.25,55.75,56.25,56.5,56.75,57.25
2017-09-22,2017-09-21,56.86,56.5,55.25,55.5,56.0,56.5,56.75,57.0,57.25
2017-09-25,2017-09-22,59.02,56.75,55.5,55.75,56.25,56.75,57.25,57.5,57.75
2017-09-26,2017-09-25,58.44,58.75,57.0,57.25,58.0,58.75,59.25,60.0,60.25
2017-09-27,2017-09-26,57.9,58.5,57.0,57.5,58.0,58.5,59.25,59.5,60.0
2017-09-28,2017-09-27,57.41,58.25,56.75,57.0,57.5,58.25,58.75,59.0,59.25
2017-09-29,2017-09-28,57.54,57.75,56.25,56.75,57.25,57.75,58.0,58.5,58.75
2017-10-02,2017-09-29,56.12,57.5,56.25,56.75,57.25,57.5,58.0,58.5,58.75
2017-10-03,2017-10-02,56.0,56.5,55.0,55.25,56.0,56.5,57.0,57.25,57.75
2017-10-04,2017-10-03,55.8,56.25,55.0,55.25,55.75,56.25,56.75,57.25,57.5
2017-10-05,2017-10-04,57.0,56.0,54.75,55.0,55.5,56.0,56.5,56.75,57.25
2017-10-06,2017-10-05,55.62,57.0,55.5,56.0,56.5,57.0,57.5,58.0,58.5
2017-10-09,2017-10-06,55.79,56.0,54.5,55.0,55.5,56.0,56.25,56.75,57.0
2017-10-10,2017-10-09,56.61,56.0,54.5,55.0,55.5,56.0,56.5,56.75,57.25
2017-10-11,2017-10-10,56.94,56.5,55.25,55.5,56.0,56.5,57.0,57.5,57.75
2017-10-12,2017-10-11,56.25,57.0,55.5,56.0,56.25,57.0,57.5,57.75,58.0
2017-10-13,2017-10-12,57.17,56.5,55.25,55.5,56.0,56.5,57.0,57.25,57.75
2017-10-16,2017-10-13,57.82,57.25,56.0,56.25,56.75,57.25,57.75,58.25,58.5
2017-10-17,2017-10-16,57.88,58.0,56.5,56.75,57.5,58.0,58.5,58.75,59.0
2017-10-18,2017-10-17,58.15,58.0,56.75,57.0,57.5,58.0,58.75,59.0,59.5
2017-10-19,2017-10-18,57.23,58.25,57.0,57.25,57.75,58.25,59.0,59.25,59.5
2017-10-20,2017-10-19,57.75,57.5,56.25,56.5,57.0,57.5,58.0,58.25,58.5
2017-10-23,2017-10-20,57.37,58.0,56.5,56.75,57.5,58.0,58.25,58.75,59.0
2017-10-24,2017-10-23,58.33,57.5,56.25,56.5,57.0,57.5,58.0,58.25,58.5
2017-10-25,2017-10-24,58.44,58.5,57.0,57.5,58.0,58.5,59.0,59.5,59.75
2017-10-26,2017-10-25,59.3,58.5,57.25,57.5,58.0,58.5,59.0,59.25,59.5
2017-10-27,2017-10-26,60.44,59.5,58.0,58.5,59.0,59.5,60.0,60.5,60.75
2017-10-30,2017-10-27,60.9,60.5,59.0,59.25,60.0,60.5,61.0,61.5,62.0
2017-10-31,2017-10-30,61.37,61.25,59.5,60.0,60.5,61.25,62.0,62.25,62.5
2017-11-01,2017-10-31,61.29,61.5,60.0,60.25,61.0,61.5,62.25,62.75,63.0
2017-11-02,2017-11-01,60.62,61.5,60.0,60.5,61.0,61.5,62.25,62.75,63.0
2017-11-03,2017-11-02,62.07,60.75,59.25,59.75,60.25,60.75,61.5,61.75,62.25
2017-11-06,2017-11-03,64.27,62.25,60.5,61.0,61.5,62.25,63.0,63.5,63.75
2017-11-07,2017-11-06,63.69,64.0,62.25,62.75,63.5,64.0,65.0,65.5,66.0
2017-11-08,2017-11-07,63.49,64.0,62.5,62.75,63.5,64.0,65.0,65.5,66.0
2017-11-09,2017-11-08,63.93,64.0,62.25,62.5,63.5,64.0,65.0,65.5,66.0
2017-11-10,2017-11-09,63.52,64.5,62.5,63.0,63.75,64.5,65.0,65.5,66.0
2017-11-13,2017-11-10,63.16,64.0,62.25,62.75,63.5,64.0,65.0,65.5,66.0
2017-11-14,2017-11-13,62.21,63.75,62.0,62.25,63.25,63.75,64.5,65.0,65.5
2017-11-15,2017-11-14,61.87,62.75,60.75,61.25,62.0,62.75,63.5,64.0,64.5
2017-11-16,2017-11-15,61.36,62.5,60.75,61.25,61.75,62.5,63.25,63.75,64.0
2017-11-17,2017-11-16,62.72,61.75,60.0,60.5,61.25,61.75,62.25,62.75,63.25
2017-11-20,2017-11-17,62.22,63.0,61.0,61.5,62.25,63.0,63.75,64.0,64.5
2017-11-21,2017-11-20,62.57,62.5,60.75,61.25,62.0,62.5,63.0,63.5,64.0
2017-11-22,2017-11-21,63.32,62.75,61.0,61.5,62.25,62.75,63.5,64.0,64.5
2017-11-24,2017-11-22,63.86,63.25,61.75,62.0,62.75,63.25,64.0,64.5,65.0
2017-11-27,2017-11-24,63.84,63.75,62.0,62.75,63.25,63.75,64.5,65.0,65.5
2017-11-28,2017-11-27,63.61,64.0,62.25,62.75,63.5,64.0,64.5,65.0,65.5
2017-11-29,2017-11-28,63.11,64.0,62.25,62.75,63.25,64.0,64.5,65.0,65.5
2017-11-30,2017-11-29,63.57,63.25,61.75,62.0,62.75,63.25,63.75,64.5,65.0
2017-12-01,2017-11-30,63.49,63.75,61.75,62.25,63.25,63.75,64.5,65.0,65.5
2017-12-04,2017-12-01,62.45,63.75,61.75,62.25,63.0,63.75,64.0,64.5,65.5
2017-12-05,2017-12-04,62.86,62.75,61.0,61.5,62.25,62.75,63.25,63.75,64.0
2017-12-06,2017-12-05,61.22,63.25,61.5,61.75,62.5,63.25,63.75,64.0,64.5
2017-12-07,2017-12-06,62.2,61.75,60.0,60.5,61.0,61.75,62.25,62.5,62.75
2017-12-08,2017-12-07,63.4,62.25,60.75,61.25,61.75,62.25,63.0,63.25,63.75
2017-12-11,2017-12-08,64.69,63.5,61.5,62.0,62.75,63.5,64.0,64.5,65.0
2017-12-12,2017-12-11,63.34,65.0,62.75,63.25,64.0,65.0,65.5,66.0,66.5
2017-12-13,2017-12-12,62.44,63.5,62.0,62.5,63.0,63.5,64.0,64.5,65.0
2017-12-14,2017-12-13,63.31,62.75,61.0,61.5,62.25,62.75,63.25,63.75,64.0
2017-12-15,2017-12-14,63.23,63.25,61.75,62.25,62.75,63.25,63.75,64.0,64.5
2017-12-18,2017-12-15,63.41,63.0,61.75,62.0,62.5,63.0,63.5,63.75,64.0
2017-12-19,2017-12-18,63.8,63.5,62.0,62.25,63.0,63.5,64.0,64.5,64.5
2017-12-20,2017-12-19,64.56,63.75,62.25,62.75,63.25,63.75,64.5,64.5,65.0
2017-12-21,2017-12-20,64.9,64.5,62.75,63.25,64.0,64.5,65.5,66.0,66.0
2017-12-22,2017-12-21,65.25,65.0,63.25,63.75,64.5,65.0,65.5,66.0,66.5
2017-12-26,2017-12-22,67.02,65.5,63.5,64.0,65.0,65.5,66.0,66.5,67.0
2017-12-27,2017-12-26,66.44,67.0,65.0,65.5,66.5,67.0,67.5,68.0,69.0
2017-12-28,2017-12-27,66.72,67.0,65.0,65.5,66.0,67.0,67.5,68.0,68.5
2017-12-29,2017-12-28,66.6,67.0,65.0,65.5,66.5,67.0,68.0,68.5,69.0
2018-01-02,2017-12-29,66.57,67.0,65.0,65.5,66.0,67.0,67.5,68.0,68.5
2018-01-03,2018-01-02,67.84,66.5,65.0,65.0,66.0,66.5,67.5,68.0,68.5
2018-01-04,2018-01-03,68.07,68.0,66.0,66.5,67.0,68.0,68.5,69.0,69.5
2018-01-05,2018-01-04,67.62,68.0,66.0,66.5,67.5,68.0,69.0,69.5,70.0
2018-01-08,2018-01-05,67.78,67.5,65.5,66.0,67.0,67.5,68.5,69.0,69.5
2018-01-09,2018-01-08,68.82,68.0,66.0,66.5,67.0,68.0,68.5,69.0,69.5
2018-01-10,2018-01-09,69.2,68.5,66.5,67.0,68.0,68.5,69.5,70.0,70.5
2018-01-11,2018-01-10,69.26,69.0,67.0,67.5,68.0,69.0,69.5,70.5,71.0
2018-01-12,2018-01-11,69.87,69.0,67.0,67.5,68.5,69.0,70.0,70.5,71.0
2018-01-16,2018-01-12,69.15,69.5,67.5,68.0,69.0,69.5,70.5,71.0,71.5
2018-01-17,2018-01-16,69.38,69.0,67.0,68.0,68.5,69.0,70.0,70.5,71.0
2018-01-18,2018-01-17,69.31,69.5,67.5,67.5,68.5,69.5,70.0,70.5,71.5
2018-01-19,2018-01-18,68.61,69.0,67.0,67.5,68.5,69.0,69.5,70.0,70.5
2018-01-22,2018-01-19,69.03,68.5,66.5,67.0,68.0,68.5,69.0,69.5,70.0
2018-01-23,2018-01-22,69.96,69.0,67.0,67.5,68.5,69.0,69.5,70.5,70.5
2018-01-24,2018-01-23,70.53,70.0,67.5,68.5,69.0,70.0,70.5,71.0,71.5
2018-01-25,2018-01-24,70.42,70.5,68.0,69.0,69.5,70.5,71.5,72.0,72.5
2018-01-26,2018-01-25,70.52,70.5,68.5,69.0,69.5,70.5,71.0,71.5,72.5
2018-01-29,2018-01-26,69.46,70.5,68.5,69.0,70.0,70.5,71.5,72.0,72.5
2018-01-30,2018-01-29,69.02,70.0,68.0,68.5,69.0,70.0,70.5,71.0,71.5
2018-01-31,2018-01-30,69.05,69.5,67.5,68.0,68.5,69.5,70.0,70.5,71.0
2018-02-01,2018-01-31,69.08,69.5,67.5,68.0,68.5,69.5,70.0,70.5,71.0
2018-02-02,2018-02-01,68.58,69.0,67.5,68.0,68.5,69.0,70.0,70.5,71.0
2018-02-05,2018-02-02,67.62,69.0,67.0,67.5,68.0,69.0,69.5,69.5,70.0
2018-02-06,2018-02-05,66.86,68.0,66.0,66.5,67.5,68.0,68.5,69.0,69.0
2018-02-07,2018-02-06,65.51,67.0,65.5,66.0,66.5,67.0,67.5,68.0,68.0
2018-02-08,2018-02-07,64.81,65.5,64.0,64.5,65.5,65.5,66.0,66.5,67.0
2018-02-09,2018-02-08,62.79,65.0,63.5,64.0,64.5,65.0,65.5,66.0,66.5
2018-02-12,2018-02-09,62.59,63.0,60.25,61.25,62.25,63.0,63.5,64.0,64.0
2018-02-13,2018-02-12,62.72,62.75,60.75,61.5,62.25,62.75,63.25,63.5,64.0
2018-02-14,2018-02-13,64.36,63.0,61.25,61.75,62.5,63.0,63.25,63.75,64.0
2018-02-15,2018-02-14,64.33,64.5,62.75,63.25,64.0,64.5,65.0,65.5,66.0
2018-02-16,2018-02-15,64.84,64.5,62.75,63.0,63.75,64.5,65.0,65.5,65.5
2018-02-20,2018-02-16,65.25,65.0,63.25,63.75,64.5,65.0,65.5,66.0,66.5
2018-02-21,2018-02-20,65.42,65.5,63.75,64.0,65.0,65.5,66.0,66.5,66.5
2018-02-22,2018-02-21,66.39,65.5,64.0,64.5,65.0,65.5,66.0,66.5,67.0
2018-02-23,2018-02-22,67.31,67.0,65.0,65.5,66.0,67.0,67.5,68.0,68.0
2018-02-26,2018-02-23,67.5,67.5,66.0,66.5,67.0,67.5,68.5,69.0,69.0
2018-02-27,2018-02-26,66.63,67.5,65.5,66.0,67.0,67.5,68.0,68.5,69.0
2018-02-28,2018-02-27,65.78,66.5,65.0,65.5,66.0,66.5,67.0,67.5,68.0
2018-03-01,2018-02-28,65.71,66.0,64.5,64.5,65.5,66.0,66.5,67.0,67.0
2018-03-02,2018-03-01,64.37,66.0,64.5,65.0,65.5,66.0,66.5,67.0,67.0
2018-03-05,2018-03-02,65.54,64.0,62.75,63.0,63.75,64.0,64.5,65.0,65.5
2018-03-06,2018-03-05,65.79,65.5,64.0,64.5,65.0,65.5,66.0,66.5,67.0
2018-03-07,2018-03-06,64.34,66.0,64.5,64.5,65.5,66.0,66.5,67.0,67.5
2018-03-08,2018-03-07,63.61,64.5,63.25,63.5,64.0,64.5,65.0,65.5,65.5
2018-03-09,2018-03-08,65.49,63.75,62.5,62.75,63.25,63.75,64.0,64.5,65.0
2018-03-12,2018-03-09,64.95,65.5,63.75,64.0,65.0,65.5,66.0,66.5,66.5
2018-03-13,2018-03-12,64.64,65.0,63.25,63.75,64.5,65.0,65.5,66.0,66.0
2018-03-14,2018-03-13,64.89,65.0,63.25,63.75,64.0,65.0,65.5,65.5,66.0
2018-03-15,2018-03-14,65.12,64.5,63.25,63.5,64.5,64.5,65.5,66.0,66.0
2018-03-16,2018-03-15,66.21,65.0,63.25,63.75,64.5,65.0,65.5,66.0,66.0
2018-03-19,2018-03-16,66.05,66.0,64.5,64.5,65.0,66.0,66.5,67.0,67.5
2018-03-20,2018-03-19,67.42,66.0,64.0,64.5,65.5,66.0,66.5,67.0,67.5
2018-03-21,2018-03-20,69.47,67.0,65.5,66.0,66.5,67.0,67.5,68.0,68.5
2018-03-22,2018-03-21,68.91,69.0,67.0,67.5,68.5,69.0,70.0,70.5,71.0
2018-03-23,2018-03-22,70.45,68.5,66.5,67.0,68.0,68.5,69.5,70.0,70.5
2018-03-26,2018-03-23,70.12,70.0,68.0,68.5,69.5,70.0,71.0,72.0,72.5
2018-03-27,2018-03-26,70.11,70.0,67.5,68.0,69.0,70.0,70.5,71.5,71.5
2018-03-28,2018-03-27,69.53,70.0,68.0,68.5,69.0,70.0,71.0,71.5,72.0
2018-03-29,2018-03-28,70.27,69.5,67.5,68.0,69.0,69.5,70.5,71.0,71.0
2018-04-02,2018-03-29,67.64,70.0,68.0,68.5,69.5,70.0,71.0,72.0,72.0
2018-04-03,2018-04-02,68.12,67.5,66.0,66.5,67.0,67.5,68.5,69.0,69.5
2018-04-04,2018-04-03,68.02,68.0,66.5,67.0,67.5,68.0,69.0,69.5,70.0
2018-04-05,2018-04-04,68.33,68.0,66.0,66.5,67.5,68.0,68.5,69.0,69.5
2018-04-06,2018-04-05,67.11,68.5,66.5,67.0,67.5,68.5,69.0,69.5,70.0
2018-04-09,2018-04-06,68.65,67.5,65.5,66.0,66.5,67.5,68.0,68.0,68.5
2018-04-10,2018-04-09,71.04,68.5,66.5,67.0,68.0,68.5,69.0,70.0,70.0
2018-04-11,2018-04-10,72.06,70.5,68.5,69.0,70.0,70.5,71.5,72.0,72.5
2018-04-12,2018-04-11,72.02,72.5,70.0,70.5,71.5,72.5,73.0,74.0,74.5
2018-04-13,2018-04-12,72.58,72.5,70.5,71.0,71.5,72.5,73.0,74.0,74.5
2018-04-16,2018-04-13,71.42,73.0,70.5,71.0,72.0,73.0,74.0,74.5,75.0
2018-04-17,2018-04-16,71.58,72.0,69.5,70.0,71.0,72.0,72.5,73.0,73.5
2018-04-18,2018-04-17,73.48,72.0,70.0,70.5,71.5,72.0,73.0,73.5,74.0
2018-04-19,2018-04-18,73.78,73.5,71.5,72.0,73.0,73.5,74.5,75.5,76.0
2018-04-20,2018-04-19,74.06,74.0,71.5,72.5,73.0,74.0,75.0,76.0,76.5
2018-04-23,2018-04-20,74.71,74.5,72.0,73.0,73.5,74.5,75.5,76.0,76.5
2018-04-24,2018-04-23,73.86,75.0,72.5,73.0,74.0,75.0,76.0,76.5,77.0
2018-04-25,2018-04-24,74.0,74.5,72.0,72.5,73.5,74.5,75.0,76.0,76.5
2018-04-26,2018-04-25,74.74,74.5,72.0,72.5,73.5,74.5,75.0,75.5,76.5
2018-04-27,2018-04-26,74.64,75.0,72.5,73.0,74.0,75.0,76.0,76.5,77.0
2018-04-30,2018-04-27,75.17,75.0,72.5,73.0,74.0,75.0,76.0,76.5,77.0
2018-05-01,2018-04-30,75.17,75.5,73.0,73.5,74.5,75.5,76.0,77.0,77.5
2018-05-02,2018-05-01,73.36,75.0,72.5,73.5,74.5,75.0,76.0,77.0,77.5
2018-05-03,2018-05-02,73.62,73.5,71.0,72.0,72.5,73.5,74.5,75.0,75.5
2018-05-04,2018-05-03,74.87,74.0,71.0,72.0,73.0,74.0,74.5,75.0,76.0
2018-05-07,2018-05-04,76.17,74.5,72.0,73.0,73.5,74.5,75.5,76.0,76.5
2018-05-08,2018-05-07,74.85,75.5,73.5,74.0,75.0,75.5,76.5,77.5,78.0
2018-05-09,2018-05-08,77.21,75.0,72.5,73.5,74.0,75.0,75.5,76.5,77.0
2018-05-10,2018-05-09,77.47,76.5,74.0,74.5,75.5,76.5,77.5,78.5,79.0
2018-05-11,2018-05-10,77.12,77.5,74.5,75.5,76.5,77.5,78.5,79.0,80.0
2018-05-14,2018-05-11,78.23,77.0,74.5,75.5,76.5,77.0,78.5,79.0,79.5
2018-05-15,2018-05-14,78.43,78.5,75.5,76.5,77.5,78.5,79.5,80.5,81.0
2018-05-16,2018-05-15,79.28,78.5,75.5,76.5,77.5,78.5,79.5,80.5,81.0
2018-05-17,2018-05-16,79.3,79.5,76.5,77.5,78.5,79.5,81.0,81.5,82.5
2018-05-18,2018-05-17,78.51,79.5,76.5,77.5,78.5,79.5,81.0,81.5,82.0
2018-05-21,2018-05-18,79.22,79.0,76.0,77.0,78.0,79.0,80.0,81.0,81.5
2018-05-22,2018-05-21,79.57,79.0,76.5,77.0,78.0,79.0,80.0,81.0,81.5
2018-05-23,2018-05-22,79.8,79.5,77.0,77.5,78.5,79.5,80.5,81.5,82.0
2018-05-24,2018-05-23,78.79,80.0,77.0,77.5,79.0,80.0,81.0,81.5,82.5
2018-05-25,2018-05-24,76.44,79.0,76.5,77.0,78.0,79.0,80.0,81.0,81.5
2018-05-29,2018-05-25,75.39,77.0,74.5,75.0,76.0,77.0,77.5,78.5,79.0
2018-05-30,2018-05-29,77.5,75.5,73.0,74.0,74.5,75.5,76.5,77.0,77.5
2018-05-31,2018-05-30,77.59,77.5,74.5,75.5,76.5,77.5,78.0,79.0,79.5
2018-06-01,2018-05-31,77.59,77.5,75.0,76.0,76.5,77.5,78.5,79.0,79.5
2018-06-04,2018-06-01,75.29,77.5,75.0,75.5,77.0,77.5,78.5,79.5,80.0
2018-06-05,2018-06-04,75.38,76.0,73.5,74.0,75.0,76.0,76.5,77.5,78.0
2018-06-06,2018-06-05,75.36,75.5,73.5,74.0,75.0,75.5,76.5,77.0,77.5
2018-06-07,2018-06-06,77.32,76.0,73.5,74.0,75.0,76.0,76.5,77.0,77.5
2018-06-08,2018-06-07,76.46,77.5,75.0,75.5,76.5,77.5,78.0,78.5,79.5
2018-06-11,2018-06-08,76.46,77.0,74.5,75.5,76.0,77.0,78.0,78.5,79.0
2018-06-12,2018-06-11,75.88,76.5,74.5,75.0,76.0,76.5,77.5,78.0,78.5
2018-06-13,2018-06-12,76.74,76.5,74.0,74.5,75.5,76.5,77.0,78.0,78.0
2018-06-14,2018-06-13,75.94,77.0,74.5,75.0,76.0,77.0,77.5,78.0,78.5
2018-06-15,2018-06-14,73.44,76.0,74.0,74.5,75.5,76.0,77.0,77.5,78.0
2018-06-18,2018-06-15,75.34,73.5,71.5,72.0,72.5,73.5,74.0,74.5,75.0
2018-06-19,2018-06-18,75.08,75.5,73.0,74.0,75.0,75.5,76.5,77.0,77.5
2018-06-20,2018-06-19,74.74,75.5,73.0,74.0,74.5,75.5,76.0,76.5,77.0
2018-06-21,2018-06-20,73.05,75.0,73.0,73.5,74.0,75.0,75.5,76.0,76.5
2018-06-22,2018-06-21,75.55,73.0,71.0,71.5,72.5,73.0,73.5,74.0,74.5
2018-06-25,2018-06-22,74.73,75.0,73.0,73.5,74.5,75.0,76.0,76.5,77.0
2018-06-26,2018-06-25,76.31,74.5,73.0,73.0,74.0,74.5,75.5,76.0,76.5
2018-06-27,2018-06-26,77.62,76.5,74.0,74.5,75.5,76.5,77.5,78.0,78.5
2018-06-28,2018-06-27,77.85,78.0,75.5,76.0,77.0,78.0,79.0,79.5,80.0
2018-06-29,2018-06-28,79.44,78.0,76.0,76.5,77.0,78.0,79.0,79.5,80.0
2018-07-02,2018-06-29,77.3,79.5,77.0,77.5,79.0,79.5,80.5,81.5,82.0
2018-07-03,2018-07-02,77.76,77.5,75.5,76.0,77.0,77.5,78.5,79.0,79.5
2018-07-05,2018-07-03,77.39,78.0,75.5,76.0,77.0,78.0,78.5,79.5,80.0
2018-07-06,2018-07-05,77.11,77.5,75.5,75.5,76.5,77.5,78.0,79.0,79.0
2018-07-09,2018-07-06,78.07,77.0,75.0,75.5,76.5,77.0,78.0,78.5,79.0
2018-07-10,2018-07-09,78.86,78.0,76.0,76.5,77.5,78.0,78.5,79.5,80.0
2018-07-11,2018-07-10,73.4,78.5,76.5,77.0,78.0,78.5,79.5,80.0,80.5
2018-07-12,2018-07-11,74.45,73.5,71.5,72.5,73.0,73.5,74.5,74.5,75.0
2018-07-13,2018-07-12,75.33,75.0,73.0,73.5,74.0,75.0,75.5,76.0,76.5
2018-07-16,2018-07-13,71.84,75.0,73.5,74.0,74.5,75.0,76.0,76.0,76.5
2018-07-17,2018-07-16,72.16,71.5,69.5,70.0,71.0,71.5,72.0,72.5,73.0
2018-07-18,2018-07-17,72.9,72.0,70.0,70.5,71.5,72.0,72.5,73.0,73.5
2018-07-19,2018-07-18,72.58,72.5,70.5,71.0,72.0,72.5,73.0,73.5,74.0
2018-07-20,2018-07-19,73.07,72.5,71.0,71.0,72.0,72.5,73.5,74.0,74.0
2018-07-23,2018-07-20,73.06,73.5,71.5,72.0,72.5,73.5,74.0,74.0,74.5
2018-07-24,2018-07-23,73.44,73.0,71.5,71.5,72.5,73.0,73.5,74.0,74.5
2018-07-25,2018-07-24,73.93,73.5,71.5,72.0,73.0,73.5,74.0,74.5,75.0
2018-07-26,2018-07-25,74.54,74.0,72.5,72.5,73.5,74.0,74.5,75.0,75.5
2018-07-27,2018-07-26,74.29,74.5,73.0,73.0,74.0,74.5,75.0,75.5,76.0
2018-07-30,2018-07-27,74.97,74.5,72.5,73.0,73.5,74.5,75.0,75.5,76.0
2018-07-31,2018-07-30,74.25,75.0,73.0,73.5,74.5,75.0,75.5,76.0,76.5
2018-08-01,2018-07-31,74.25,74.0,72.5,73.0,73.5,74.0,75.0,75.5,75.5
2018-08-02,2018-08-01,73.45,74.0,72.5,73.0,73.5,74.0,75.0,75.5,76.0
2018-08-03,2018-08-02,73.21,73.5,72.0,72.5,73.0,73.5,74.0,74.5,75.0
2018-08-06,2018-08-03,73.75,73.5,71.5,72.0,73.0,73.5,74.0,74.5,74.5
2018-08-07,2018-08-06,74.65,73.5,72.0,72.5,73.5,73.5,74.5,74.5,75.0
2018-08-08,2018-08-07,72.28,74.5,73.0,73.5,74.0,74.5,75.0,75.5,76.0
2018-08-09,2018-08-08,72.07,72.5,71.0,71.5,72.0,72.5,73.0,73.5,74.0
2018-08-10,2018-08-09,72.81,72.5,70.5,71.0,72.0,72.5,73.0,73.5,74.0
2018-08-13,2018-08-10,72.61,73.0,71.5,71.5,72.5,73.0,73.5,74.0,74.5
2018-08-14,2018-08-13,72.46,72.5,71.0,71.5,72.5,72.5,73.5,74.0,74.5
2018-08-15,2018-08-14,70.76,72.5,71.0,71.5,72.0,72.5,73.0,73.5,74.0
2018-08-16,2018-08-15,71.43,71.0,69.0,69.5,70.5,71.0,71.5,72.0,72.5
2018-08-17,2018-08-16,71.83,71.5,70.0,70.5,71.0,71.5,72.0,72.5,73.0
2018-08-20,2018-08-17,72.21,71.5,70.0,70.5,71.0,71.5,72.5,72.5,73.0
2018-08-21,2018-08-20,72.63,72.0,70.5,71.0,71.5,72.0,72.5,73.0,73.5
2018-08-22,2018-08-21,74.78,72.5,70.5,71.0,72.0,72.5,73.0,73.5,73.5
2018-08-23,2018-08-22,74.73,74.5,72.5,73.0,74.0,74.5,75.0,75.5,76.0
2018-08-24,2018-08-23,75.82,74.5,72.5,73.0,74.0,74.5,75.0,75.5,76.0
2018-08-27,2018-08-24,76.21,76.0,74.0,74.5,75.0,76.0,76.5,77.0,77.5
2018-08-28,2018-08-27,75.95,76.0,74.0,74.5,75.0,76.0,76.5,77.0,77.5
2018-08-29,2018-08-28,77.14,75.5,74.0,74.0,75.0,75.5,76.0,76.5,77.0
2018-08-30,2018-08-29,77.77,77.0,75.0,75.5,76.0,77.0,77.5,78.0,78.5
2018-08-31,2018-08-30,77.42,78.0,76.0,76.5,77.0,78.0,78.5,79.0,79.5
2018-09-04,2018-08-31,78.17,77.0,75.5,75.5,76.5,77.0,78.0,78.5,79.0
2018-09-05,2018-09-04,77.27,78.0,76.0,76.5,77.0,78.0,78.5,79.0,79.5
2018-09-06,2018-09-05,76.5,77.0,75.0,75.5,76.5,77.0,77.5,78.0,78.5
2018-09-07,2018-09-06,76.83,76.0,74.5,75.0,75.5,76.0,76.5,77.0,77.5
2018-09-10,2018-09-07,77.37,76.5,74.5,75.0,76.0,76.5,77.0,77.5,78.0
2018-09-11,2018-09-10,79.06,77.0,75.0,75.5,76.5,77.0,78.0,78.5,79.0
2018-09-12,2018-09-11,79.74,78.5,76.5,77.0,78.0,78.5,79.5,80.5,81.0
2018-09-13,2018-09-12,78.18,79.5,77.5,78.0,78.5,79.5,80.5,81.0,81.5
2018-09-14,2018-09-13,78.09,78.0,75.5,76.5,77.0,78.0,78.5,79.5,79.5
2018-09-17,2018-09-14,78.05,78.0,76.0,76.0,77.0,78.0,78.5,79.0,79.5
2018-09-18,2018-09-17,79.03,77.5,75.5,76.0,77.0,77.5,78.5,79.0,79.5
2018-09-19,2018-09-18,79.4,79.0,76.5,77.5,78.0,79.0,80.0,80.5,81.0
2018-09-20,2018-09-19,78.7,79.5,77.0,77.5,78.5,79.5,80.0,81.0,81.5
2018-09-21,2018-09-20,78.8,78.5,76.5,77.0,78.0,78.5,79.0,79.5,80.0
2018-09-24,2018-09-21,81.2,78.5,76.5,77.0,78.0,78.5,79.0,79.5,80.0
2018-09-25,2018-09-24,81.87,81.0,79.0,79.5,80.0,81.0,82.0,82.5,83.0
2018-09-26,2018-09-25,81.34,82.0,79.5,80.5,81.0,82.0,82.5,83.5,84.0
2018-09-27,2018-09-26,81.72,81.5,79.5,80.0,81.0,81.5,82.5,83.0,83.5
2018-09-28,2018-09-27,82.72,82.0,80.0,80.5,81.5,82.0,83.0,83.5,84.0
2018-10-01,2018-09-28,84.98,83.0,80.5,81.0,82.0,83.0,84.0,84.5,85.0
2018-10-02,2018-10-01,84.8,85.0,82.0,83.0,84.0,85.0,86.0,86.5,87.5
2018-10-03,2018-10-02,86.29,85.5,82.5,83.5,84.5,85.5,86.5,87.5,88.0
2018-10-04,2018-10-03,84.58,86.5,83.5,84.0,85.5,86.5,87.5,88.5,89.0
2018-10-05,2018-10-04,84.16,85.5,83.0,83.5,84.5,85.5,86.5,87.0,88.0
2018-10-08,2018-10-05,83.91,85.0,82.5,83.0,84.0,85.0,86.0,86.5,87.5
2018-10-09,2018-10-08,85.0,84.5,82.0,82.5,83.5,84.5,85.5,86.0,86.5
2018-10-10,2018-10-09,83.09,85.5,82.5,83.5,84.5,85.5,86.5,87.0,87.5
2018-10-11,2018-10-10,80.26,84.0,81.5,82.5,83.0,84.0,84.5,85.0,86.0
2018-10-12,2018-10-11,80.43,81.5,79.0,80.0,81.0,81.5,82.0,83.0,83.5
2018-10-15,2018-10-12,80.78,81.5,79.0,79.5,80.5,81.5,82.0,82.5,83.0
2018-10-16,2018-10-15,81.41,81.0,79.5,80.0,80.5,81.0,81.5,82.0,82.5
2018-10-17,2018-10-16,80.05,82.0,80.0,80.5,81.5,82.0,83.0,83.0,84.0
2018-10-18,2018-10-17,79.29,80.5,79.0,79.5,80.0,80.5,81.5,81.5,82.0
2018-10-19,2018-10-18,79.78,80.0,78.5,79.0,79.5,80.0,80.5,81.5,81.5
2018-10-22,2018-10-19,79.83,80.5,78.5,79.0,80.0,80.5,81.0,81.5,82.0
2018-10-23,2018-10-22,76.44,80.0,78.5,79.0,79.5,80.0,81.0,81.5,82.0
2018-10-24,2018-10-23,76.17,77.0,75.0,76.0,76.5,77.0,77.5,78.0,78.5
2018-10-25,2018-10-24,76.89,77.0,75.0,75.5,76.0,77.0,77.5,78.0,78.5
2018-10-26,2018-10-25,77.62,77.0,75.0,75.5,76.5,77.0,77.5,78.0,78.5
2018-10-29,2018-10-26,77.34,78.0,76.5,77.0,77.5,78.0,79.0,79.0,79.5
2018-10-30,2018-10-29,75.91,78.0,76.0,76.5,77.5,78.0,78.5,79.0,79.5
2018-10-31,2018-10-30,75.47,76.0,74.5,75.0,75.5,76.0,77.0,77.0,77.5
2018-11-01,2018-10-31,75.5,75.5,74.0,74.5,75.0,75.5,76.5,76.5,77.0
2018-11-02,2018-11-01,72.83,75.5,74.0,74.5,75.0,75.5,76.0,76.5,77.0
2018-11-05,2018-11-02,73.17,73.0,71.0,71.5,72.0,73.0,73.5,74.0,74.5
2018-11-06,2018-11-05,72.13,73.0,71.5,72.0,72.5,73.0,74.0,74.5,75.0
2018-11-07,2018-11-06,72.07,72.0,70.0,70.5,71.0,72.0,72.5,73.0,73.5
2018-11-08,2018-11-07,70.65,72.0,70.0,70.5,71.0,72.0,72.5,73.0,73.5
2018-11-09,2018-11-08,70.18,70.0,68.5,69.0,69.5,70.0,71.0,71.5,72.0
2018-11-12,2018-11-09,70.12,70.0,68.0,68.5,69.0,70.0,70.5,71.5,71.5
2018-11-13,2018-11-12,65.47,69.5,67.5,68.0,68.5,69.5,70.0,70.5,71.0
2018-11-14,2018-11-13,66.12,64.5,61.5,62.25,63.25,64.5,65.5,66.5,67.0
2018-11-15,2018-11-14,66.62,66.0,63.75,64.0,65.0,66.0,66.5,67.5,68.0
2018-11-16,2018-11-15,66.76,66.0,64.0,64.5,65.5,66.0,67.0,67.5,68.0
2018-11-19,2018-11-16,66.79,66.0,64.0,64.5,65.0,66.0,66.5,67.5,68.0
2018-11-20,2018-11-19,62.53,66.5,64.5,65.0,65.5,66.5,67.0,68.0,68.5
2018-11-21,2018-11-20,63.48,61.5,58.5,59.5,60.5,61.5,62.5,63.5,64.5
2018-11-23,2018-11-21,58.8,62.5,60.25,61.0,61.75,62.5,63.5,64.5,65.0
2018-11-26,2018-11-23,60.48,57.0,52.75,54.25,55.5,57.0,58.25,59.5,60.75
2018-11-27,2018-11-26,60.21,59.25,56.5,57.25,58.25,59.25,60.0,61.0,61.75
2018-11-28,2018-11-27,58.76,59.0,56.5,57.25,58.0,59.0,60.0,60.75,61.5
2018-11-29,2018-11-28,59.51,57.0,54.25,55.0,56.0,57.0,57.75,58.75,59.25
2018-11-30,2018-11-29,58.71,58.0,55.75,56.5,57.25,58.0,59.0,59.75,60.5
2018-12-03,2018-11-30,61.69,57.0,54.5,55.25,56.0,57.0,57.75,58.75,59.25
2018-12-04,2018-12-03,62.08,60.5,58.25,58.75,59.5,60.5,61.25,62.25,62.75
2018-12-06,2018-12-04,60.06,61.5,59.75,60.0,60.75,61.5,62.25,63.0,63.5
2018-12-07,2018-12-06,61.67,58.75,56.5,57.0,58.0,58.75,59.5,60.5,61.0
2018-12-10,2018-12-07,59.97,61.0,59.0,59.5,60.25,61.0,61.75,62.5,63.0
2018-12-11,2018-12-10,60.2,59.25,57.0,57.75,58.25,59.25,60.0,61.0,61.5
2018-12-12,2018-12-11,60.15,59.25,57.25,57.75,58.5,59.25,60.0,60.75,61.5
2018-12-13,2018-12-12,61.45,59.5,57.75,58.25,58.75,59.5,60.25,61.0,61.5
2018-12-14,2018-12-13,60.28,61.0,59.25,59.75,60.25,61.0,61.5,62.25,62.75
2018-12-17,2018-12-14,59.61,60.0,58.25,58.75,59.25,60.0,60.75,61.5,62.0
2018-12-18,2018-12-17,56.26,59.25,57.5,57.75,58.5,59.25,60.0,60.75,61.5
2018-12-19,2018-12-18,57.24,55.75,52.75,53.5,54.5,55.75,56.75,57.75,58.5
2018-12-20,2018-12-19,54.35,57.0,54.75,55.25,56.0,57.0,57.75,58.75,59.5
2018-12-21,2018-12-20,53.82,53.25,50.75,51.5,52.25,53.25,54.5,55.25,56.0
2018-12-24,2018-12-21,50.47,52.25,49.5,50.0,51.0,52.25,53.25,54.25,54.75
2018-12-26,2018-12-24,54.47,48.5,45.75,46.5,47.5,48.5,50.0,51.0,51.75
2018-12-27,2018-12-26,52.16,53.25,50.25,51.0,52.0,53.25,54.5,55.5,56.25
2018-12-28,2018-12-27,52.2,50.5,48.0,48.75,49.5,50.5,51.75,52.75,53.5
2018-12-31,2018-12-28,53.8,50.5,48.0,48.75,49.5,50.5,51.5,52.25,52.75
2019-01-02,2018-12-31,54.91,52.5,49.75,50.5,51.5,52.5,53.75,54.75,55.25
2019-01-03,2019-01-02,55.95,53.75,51.25,52.0,52.75,53.75,54.75,55.75,56.25
2019-01-04,2019-01-03,57.06,55.0,52.5,53.0,54.0,55.0,55.75,56.75,57.5
2019-01-07,2019-01-04,57.33,56.0,53.5,54.25,55.25,56.0,57.0,57.75,58.5
2019-01-08,2019-01-07,58.72,56.25,54.0,54.5,55.5,56.25,57.25,58.0,58.5
2019-01-09,2019-01-08,61.44,58.0,55.75,56.25,57.0,58.0,58.75,59.5,60.0
2019-01-10,2019-01-09,61.68,60.25,58.0,58.5,59.25,60.25,61.25,62.25,62.75
2019-01-11,2019-01-10,60.48,60.75,58.5,59.0,59.75,60.75,61.5,62.5,63.0
2019-01-14,2019-01-11,58.99,59.5,57.5,58.0,58.75,59.5,60.5,61.25,61.75
2019-01-15,2019-01-14,60.64,58.0,56.0,56.5,57.25,58.0,59.0,59.75,60.25
2019-01-16,2019-01-15,61.32,59.75,57.5,58.0,58.75,59.75,60.5,61.5,62.0
2019-01-17,2019-01-16,61.18,60.5,58.25,58.75,59.5,60.5,61.25,62.0,62.75
2019-01-18,2019-01-17,62.7,60.25,58.25,58.75,59.5,60.25,61.0,61.75,62.5
2019-01-22,2019-01-18,61.5,62.25,60.0,60.5,61.25,62.25,63.25,64.0,64.5
2019-01-23,2019-01-22,61.14,60.75,58.75,59.25,60.0,60.75,61.75,62.5,63.25
2019-01-24,2019-01-23,61.09,60.5,58.5,59.0,59.75,60.5,61.25,62.25,62.75
2019-01-25,2019-01-24,61.64,60.75,58.5,59.0,59.75,60.75,61.5,62.5,63.0
2019-01-28,2019-01-25,59.93,61.0,59.0,59.5,60.25,61.0,62.0,62.75,63.25
2019-01-29,2019-01-28,61.32,59.5,57.25,57.75,58.5,59.5,60.5,61.5,62.0
2019-01-30,2019-01-29,61.65,60.75,58.75,59.25,60.0,60.75,61.75,62.5,63.25
2019-01-31,2019-01-30,61.89,61.25,59.25,59.75,60.5,61.25,62.0,62.75,63.5
2019-02-01,2019-01-31,61.87,61.5,59.75,60.0,60.75,61.5,62.25,63.0,63.5
2019-02-04,2019-02-01,62.51,61.75,59.75,60.25,60.75,61.75,62.5,63.25,63.75
2019-02-05,2019-02-04,61.98,62.25,60.5,61.0,61.5,62.25,63.0,63.75,64.5
2019-02-06,2019-02-05,62.69,61.75,60.0,60.5,61.0,61.75,62.5,63.25,63.75
2019-02-07,2019-02-06,61.63,62.5,60.75,61.25,61.75,62.5,63.0,63.75,64.0
2019-02-08,2019-02-07,62.1,61.5,59.75,60.0,60.75,61.5,62.25,63.0,63.5
2019-02-11,2019-02-08,61.51,62.0,60.25,60.75,61.25,62.0,62.5,63.25,63.75
2019-02-12,2019-02-11,62.42,61.25,59.5,60.0,60.5,61.25,62.0,62.75,63.25
2019-02-13,2019-02-12,63.61,62.25,60.5,61.0,61.5,62.25,63.0,63.5,64.0
2019-02-14,2019-02-13,64.57,63.5,61.5,62.0,62.5,63.5,64.0,65.0,65.5
2019-02-15,2019-02-14,66.25,64.0,62.25,62.75,63.5,64.0,65.0,66.0,66.5
2019-02-19,2019-02-15,66.45,66.0,63.75,64.0,65.0,66.0,67.0,67.5,68.0
2019-02-20,2019-02-19,67.08,66.0,64.0,64.5,65.0,66.0,67.0,67.5,68.0
2019-02-21,2019-02-20,67.07,66.5,64.0,64.5,65.5,66.5,67.5,68.0,68.5
2019-02-22,2019-02-21,67.12,66.5,64.5,65.0,65.5,66.5,67.0,68.0,68.5
2019-02-25,2019-02-22,64.76,66.5,64.5,65.0,66.0,66.5,67.5,68.0,68.5
2019-02-26,2019-02-25,65.21,64.5,62.75,63.25,63.75,64.5,65.5,66.0,66.5
2019-02-27,2019-02-26,66.39,65.0,63.25,63.5,64.5,65.0,66.0,66.5,67.0
2019-02-28,2019-02-27,66.03,66.0,64.0,64.5,65.5,66.0,67.0,67.5,68.0
2019-03-01,2019-02-28,65.07,65.5,63.75,64.0,65.0,65.5,66.5,67.5,68.0
2019-03-04,2019-03-01,65.67,65.0,63.25,63.5,64.0,65.0,65.5,66.0,66.5
2019-03-05,2019-03-04,65.86,65.5,63.5,64.0,64.5,65.5,66.5,67.0,67.5
2019-03-06,2019-03-05,65.99,65.5,64.0,64.5,65.0,65.5,66.5,67.0,67.5
2019-03-07,2019-03-06,66.3,66.0,64.0,64.5,65.0,66.0,66.5,67.0,67.5
2019-03-08,2019-03-07,65.74,66.0,64.5,65.0,65.5,66.0,67.0,67.5,68.0
2019-03-11,2019-03-08,66.58,65.5,64.0,64.5,65.0,65.5,66.5,67.0,67.5
2019-03-12,2019-03-11,66.67,66.5,64.5,65.0,66.0,66.5,67.0,68.0,68.0
2019-03-13,2019-03-12,67.55,66.5,65.0,65.5,66.0,66.5,67.5,68.0,68.5
2019-03-14,2019-03-13,67.23,67.5,65.5,66.0,66.5,67.5,68.0,69.0,69.0
2019-03-15,2019-03-14,67.16,67.0,65.5,66.0,66.5,67.0,68.0,68.5,69.0
2019-03-18,2019-03-15,67.54,67.0,65.5,66.0,66.5,67.0,67.5,68.5,69.0
2019-03-19,2019-03-18,67.61,67.5,65.5,66.0,66.5,67.5,68.0,68.5,69.0
2019-03-20,2019-03-19,68.5,67.5,66.0,66.5,67.0,67.5,68.0,68.5,69.0
2019-03-21,2019-03-20,67.86,68.5,66.5,67.0,67.5,68.5,69.0,69.5,70.0
2019-03-22,2019-03-21,67.03,67.5,66.0,66.5,67.0,67.5,68.5,69.0,69.5
2019-03-25,2019-03-22,67.21,67.0,65.5,66.0,66.5,67.0,67.5,68.5,68.5
2019-03-26,2019-03-25,67.97,67.0,65.5,66.0,66.5,67.0,68.0,68.5,69.0
2019-03-27,2019-03-26,67.83,68.0,66.5,67.0,67.5,68.0,68.5,69.5,70.0
2019-03-28,2019-03-27,67.82,68.0,66.5,67.0,67.5,68.0,68.5,69.0,69.5
2019-03-29,2019-03-28,68.39,68.0,66.5,66.5,67.5,68.0,68.5,69.0,69.5
2019-04-01,2019-03-29,69.01,68.5,67.0,67.0,68.0,68.5,69.0,69.5,70.0
2019-04-02,2019-04-01,69.37,69.0,67.5,68.0,68.5,69.0,69.5,70.5,70.5
2019-04-03,2019-04-02,69.31,69.5,67.5,68.0,69.0,69.5,70.0,70.5,71.0
2019-04-04,2019-04-03,69.4,69.0,67.5,68.0,68.5,69.0,70.0,70.5,70.5
2019-04-05,2019-04-04,70.34,69.5,68.0,68.5,69.0,69.5,70.0,70.5,70.5
2019-04-08,2019-04-05,71.1,70.0,68.5,69.0,69.5,70.0,70.5,71.5,71.5
2019-04-09,2019-04-08,70.61,70.5,69.0,69.5,70.0,70.5,71.5,72.0,72.5
2019-04-10,2019-04-09,71.73,70.5,69.0,69.0,69.5,70.5,71.0,71.5,72.0
2019-04-11,2019-04-10,70.83,71.5,69.5,70.0,70.5,71.5,72.0,72.5,73.0
2019-04-12,2019-04-11,71.55,70.5,69.0,69.5,70.0,70.5,71.0,72.0,72.5
2019-04-15,2019-04-12,71.18,71.0,69.5,70.0,70.5,71.0,72.0,72.5,73.0
2019-04-16,2019-04-15,71.72,71.0,69.5,70.0,70.5,71.0,71.5,72.5,72.5
2019-04-17,2019-04-16,71.62,71.5,70.0,70.5,71.0,71.5,72.0,72.5,73.0
2019-04-18,2019-04-17,71.97,71.5,70.0,70.5,71.0,71.5,72.0,72.5,73.0
2019-04-22,2019-04-18,74.04,72.0,70.5,71.0,71.5,72.0,72.5,73.0,73.0
2019-04-23,2019-04-22,74.51,73.5,72.0,72.0,73.0,73.5,74.0,75.0,75.0
2019-04-24,2019-04-23,74.57,74.0,72.0,72.5,73.5,74.0,75.0,75.5,76.0
2019-04-25,2019-04-24,74.35,74.5,72.5,73.0,73.5,74.5,75.0,75.5,76.0
2019-04-26,2019-04-25,72.15,74.0,72.5,73.0,73.5,74.0,75.0,75.5,76.0
2019-04-29,2019-04-26,72.04,72.0,70.0,70.5,71.5,72.0,73.0,73.5,74.0
2019-04-30,2019-04-29,72.8,72.0,70.0,70.5,71.5,72.0,72.5,73.5,74.0
2019-05-01,2019-04-30,72.18,72.5,71.0,71.5,72.0,72.5,73.5,74.0,74.5
2019-05-02,2019-05-01,70.75,72.0,70.5,71.0,71.5,72.0,73.0,73.5,74.0
2019-05-03,2019-05-02,70.85,70.5,69.0,69.5,70.0,70.5,71.5,72.0,72.5
2019-05-06,2019-05-03,71.24,71.0,69.0,69.5,70.5,71.0,71.5,72.0,72.5
2019-05-07,2019-05-06,69.88,71.5,69.5,70.0,70.5,71.5,72.0,72.5,73.0
2019-05-08,2019-05-07,70.37,70.0,68.5,69.0,69.5,70.0,70.5,71.0,71.5
2019-05-09,2019-05-08,70.39,70.5,69.0,69.5,70.0,70.5,71.5,72.0,72.5
2019-05-10,2019-05-09,70.62,70.5,69.0,69.5,70.0,70.5,71.0,71.5,72.0
2019-05-13,2019-05-10,70.23,71.0,69.5,70.0,70.5,71.0,71.5,72.0,72.5
2019-05-14,2019-05-13,71.24,70.5,69.0,69.5,70.0,70.5,71.0,71.5,72.0
2019-05-15,2019-05-14,71.77,71.5,70.0,70.5,71.0,71.5,72.0,72.5,73.0
2019-05-16,2019-05-15,72.62,72.0,70.5,70.5,71.5,72.0,72.5,73.0,73.5
2019-05-17,2019-05-16,72.21,72.5,71.0,71.5,72.0,72.5,73.0,74.0,74.0
2019-05-20,2019-05-17,71.97,72.0,70.5,71.0,71.5,72.0,73.0,73.5,74.0
2019-05-21,2019-05-20,72.18,72.0,70.5,71.0,71.5,72.0,72.5,73.0,73.5
2019-05-22,2019-05-21,70.99,72.0,71.0,71.0,71.5,72.0,72.5,73.0,73.5
2019-05-23,2019-05-22,67.76,71.0,69.5,70.0,70.5,71.0,71.5,72.0,72.5
2019-05-24,2019-05-23,68.69,67.5,65.5,66.0,66.5,67.5,68.5,69.0,69.5
2019-05-28,2019-05-24,70.11,69.0,67.0,67.5,68.5,69.0,70.0,70.5,71.0
2019-05-29,2019-05-28,69.45,70.5,68.5,69.0,69.5,70.5,71.0,71.5,72.0
2019-05-30,2019-05-29,66.87,69.5,68.0,68.5,69.0,69.5,70.0,71.0,71.5
2019-05-31,2019-05-30,64.49,67.0,65.5,65.5,66.5,67.0,68.0,68.5,69.0
2019-06-03,2019-05-31,61.28,64.5,62.25,63.0,63.5,64.5,65.5,66.5,67.0
2019-06-04,2019-06-03,61.97,60.0,56.0,57.25,58.5,60.0,61.25,62.75,63.5
2019-06-05,2019-06-04,60.63,61.75,59.0,59.5,60.5,61.75,62.75,64.0,64.5
2019-06-06,2019-06-05,61.67,59.5,56.5,57.5,58.25,59.5,60.75,62.0,62.75
2019-06-07,2019-06-06,63.29,61.5,59.0,59.75,60.5,61.5,62.5,63.5,64.5
2019-06-10,2019-06-07,62.29,63.25,61.25,61.75,62.5,63.25,64.0,65.0,65.5
2019-06-11,2019-06-10,62.29,62.25,60.0,60.5,61.25,62.25,63.0,64.0,64.5
2019-06-12,2019-06-11,59.97,62.5,60.25,60.75,61.5,62.5,63.25,64.0,65.0
2019-06-13,2019-06-12,61.31,59.5,56.75,57.5,58.25,59.5,60.5,61.75,62.5
2019-06-14,2019-06-13,62.01,61.0,58.5,59.0,60.0,61.0,62.0,63.0,63.75
2019-06-17,2019-06-14,60.94,62.0,59.75,60.25,61.0,62.0,63.0,64.0,64.5
2019-06-18,2019-06-17,62.14,60.75,58.25,59.0,59.75,60.75,61.75,62.75,63.5
2019-06-19,2019-06-18,61.82,62.5,60.0,60.75,61.5,62.5,63.25,64.0,65.0
2019-06-20,2019-06-19,64.45,62.0,59.75,60.5,61.25,62.0,62.75,63.75,64.5
2019-06-21,2019-06-20,65.2,64.5,62.25,62.75,63.75,64.5,65.5,66.5,67.0
2019-06-24,2019-06-21,64.86,65.5,63.25,63.75,64.5,65.5,66.5,67.0,67.5
2019-06-25,2019-06-24,65.05,65.0,63.25,63.75,64.5,65.0,66.0,66.5,67.0
2019-06-26,2019-06-25,66.49,65.5,63.5,63.75,64.5,65.5,66.0,66.5,67.0
2019-06-27,2019-06-26,66.55,67.0,65.0,65.5,66.0,67.0,67.5,68.5,69.0
2019-06-28,2019-06-27,66.55,67.0,65.0,65.5,66.0,67.0,67.5,68.5,69.0
2019-07-01,2019-06-28,65.06,66.5,65.0,65.5,66.0,66.5,67.5,68.0,68.5
2019-07-02,2019-07-01,62.4,65.0,63.5,63.75,64.5,65.0,66.0,66.5,67.0
2019-07-03,2019-07-02,63.82,62.5,60.25,60.75,61.5,62.5,63.5,64.5,65.0
2019-07-05,2019-07-03,64.23,64.0,61.75,62.25,63.0,64.0,65.0,65.5,66.5
2019-07-08,2019-07-05,64.11,64.5,62.5,62.75,63.5,64.5,65.0,66.0,66.5
2019-07-09,2019-07-08,64.16,64.0,62.25,62.75,63.5,64.0,65.0,65.5,66.0
2019-07-10,2019-07-09,67.01,64.5,62.5,63.0,63.75,64.5,65.0,66.0,66.5
2019-07-11,2019-07-10,66.52,67.0,65.0,65.5,66.0,67.0,68.0,69.0,69.5
2019-07-12,2019-07-11,66.72,66.5,64.5,65.0,65.5,66.5,67.0,68.0,68.5
2019-07-15,2019-07-12,66.48,66.5,65.0,65.5,66.0,66.5,67.5,68.0,68.5
2019-07-16,2019-07-15,64.35,66.5,64.5,65.0,65.5,66.5,67.0,67.5,68.0
2019-07-17,2019-07-16,63.66,64.0,62.25,62.75,63.5,64.0,65.0,66.0,66.5
2019-07-18,2019-07-17,61.93,63.5,61.25,62.0,62.75,63.5,64.5,65.0,66.0
2019-07-19,2019-07-18,62.47,61.5,59.25,59.75,60.5,61.5,62.5,63.5,64.0
2019-07-22,2019-07-19,63.26,62.5,60.5,61.0,61.75,62.5,63.5,64.5,65.0
2019-07-23,2019-07-22,63.83,63.5,61.5,62.0,62.5,63.5,64.0,65.0,65.5
2019-07-24,2019-07-23,63.18,64.0,62.25,62.5,63.25,64.0,64.5,65.5,66.0
2019-07-25,2019-07-24,63.39,63.25,61.25,61.75,62.5,63.25,64.0,64.5,65.0
2019-07-26,2019-07-25,63.46,63.5,61.5,62.0,62.75,63.5,64.5,65.0,65.5
2019-07-29,2019-07-26,63.71,63.75,61.75,62.25,63.0,63.75,64.5,65.0,65.5
2019-07-30,2019-07-29,64.72,63.75,62.0,62.5,63.25,63.75,64.5,65.5,66.0
2019-07-31,2019-07-30,65.17,65.0,63.0,63.5,64.0,65.0,65.5,66.5,67.0
2019-08-01,2019-07-31,60.5,65.5,63.5,64.0,64.5,65.5,66.0,67.0,67.5
2019-08-02,2019-08-01,61.89,60.75,58.0,58.75,59.75,60.75,62.0,63.0,63.75
2019-08-05,2019-08-02,59.81,62.25,59.5,60.25,61.25,62.25,63.25,64.0,65.0
2019-08-06,2019-08-05,58.94,59.75,57.5,58.0,58.75,59.75,60.75,61.75,62.25
2019-08-07,2019-08-06,56.23,59.0,56.75,57.25,58.0,59.0,59.75,60.75,61.5
2019-08-08,2019-08-07,57.38,56.5,54.25,54.75,55.5,56.5,57.5,58.5,59.25
2019-08-09,2019-08-08,58.53,57.5,55.5,56.0,56.75,57.5,58.5,59.5,60.0
2019-08-12,2019-08-09,58.57,58.25,56.0,56.5,57.25,58.25,59.0,60.0,60.75
2019-08-13,2019-08-12,61.3,58.5,56.5,57.0,57.75,58.5,59.25,60.25,60.75
2019-08-14,2019-08-13,59.48,61.25,58.75,59.5,60.25,61.25,62.25,63.25,64.0
2019-08-15,2019-08-14,58.23,59.25,56.75,57.5,58.25,59.25,60.25,61.0,61.75
2019-08-16,2019-08-15,58.64,57.75,55.25,56.0,56.75,57.75,58.5,59.75,60.25
2019-08-19,2019-08-16,59.74,58.0,55.75,56.25,57.0,58.0,59.0,60.0,60.75
2019-08-20,2019-08-19,60.03,59.25,57.0,57.5,58.25,59.25,60.25,61.25,62.0
2019-08-21,2019-08-20,60.3,59.5,57.5,57.75,58.75,59.5,60.5,61.5,62.25
2019-08-22,2019-08-21,59.92,60.25,58.0,58.5,59.25,60.25,61.0,62.0,62.5
2019-08-23,2019-08-22,59.34,60.0,57.75,58.5,59.0,60.0,60.75,61.75,62.25
2019-08-26,2019-08-23,58.7,59.25,57.25,57.75,58.5,59.25,60.0,61.0,61.5
2019-08-27,2019-08-26,59.51,58.75,56.75,57.25,58.0,58.75,59.5,60.25,60.75
2019-08-28,2019-08-27,60.49,59.5,57.5,58.0,58.75,59.5,60.25,61.25,61.75
2019-08-29,2019-08-28,61.08,60.25,58.5,59.0,59.5,60.25,61.25,62.0,62.5
2019-08-30,2019-08-29,60.43,61.0,59.0,59.5,60.25,61.0,61.75,62.5,63.0
2019-09-03,2019-08-30,58.26,60.5,58.75,59.25,59.75,60.5,61.25,62.0,62.5
2019-09-04,2019-09-03,60.7,58.5,56.75,57.25,57.75,58.5,59.25,60.0,60.5
2019-09-05,2019-09-04,60.95,60.75,58.5,59.0,59.75,60.75,61.5,62.5,63.0
2019-09-06,2019-09-05,61.54,60.75,59.0,59.5,60.25,60.75,61.5,62.25,62.75
2019-09-09,2019-09-06,62.59,61.5,59.75,60.25,60.75,61.5,62.25,63.0,63.5
2019-09-10,2019-09-09,62.38,62.5,60.75,61.25,62.0,62.5,63.25,64.0,64.5
2019-09-11,2019-09-10,60.81,62.25,60.5,61.0,61.75,62.25,63.0,63.75,64.0
2019-09-12,2019-09-11,60.38,61.0,59.0,59.5,60.25,61.0,61.5,62.5,62.75
2019-09-13,2019-09-12,60.22,60.5,58.5,59.0,59.75,60.5,61.25,62.0,62.5
2019-09-16,2019-09-13,69.02,60.25,58.5,59.0,59.5,60.25,60.75,61.5,62.0
2019-09-17,2019-09-16,64.55,67.5,64.5,65.5,66.5,67.5,69.0,70.0,71.0
2019-09-18,2019-09-17,63.6,63.75,61.25,62.0,62.75,63.75,65.0,65.5,66.5
2019-09-19,2019-09-18,64.4,63.5,61.0,61.5,62.5,63.5,64.5,65.5,66.0
2019-09-20,2019-09-19,64.28,64.0,62.0,62.5,63.25,64.0,65.0,66.0,66.5
2019-09-23,2019-09-20,64.77,64.0,62.0,62.5,63.25,64.0,64.5,65.5,66.0
2019-09-24,2019-09-23,63.1,64.5,62.75,63.25,64.0,64.5,65.0,66.0,66.5
2019-09-25,2019-09-24,62.39,63.0,61.25,61.75,62.5,63.0,63.75,64.5,65.0
2019-09-26,2019-09-25,62.74,62.5,60.5,61.0,61.5,62.5,63.25,64.0,64.5
2019-09-27,2019-09-26,61.91,62.75,61.0,61.5,62.0,62.75,63.5,64.5,65.0
2019-09-30,2019-09-27,60.78,62.0,60.0,60.5,61.25,62.0,62.75,63.5,64.0
2019-10-01,2019-09-30,58.89,61.0,59.0,59.5,60.25,61.0,61.75,62.5,63.0
2019-10-02,2019-10-01,57.69,58.75,56.75,57.25,58.0,58.75,59.75,60.5,61.25
2019-10-03,2019-10-02,57.71,57.5,55.5,56.0,56.75,57.5,58.5,59.25,60.0
2019-10-04,2019-10-03,58.37,57.5,55.75,56.0,56.75,57.5,58.25,59.25,60.0
2019-10-07,2019-10-04,58.35,58.25,56.5,56.75,57.5,58.25,59.0,59.75,60.5
2019-10-08,2019-10-07,58.24,58.5,57.0,57.25,58.0,58.5,59.25,60.0,60.5
2019-10-09,2019-10-08,58.32,58.5,57.0,57.25,57.75,58.5,59.25,59.75,60.5
2019-10-10,2019-10-09,59.1,58.5,57.0,57.5,58.0,58.5,59.25,59.75,60.25
2019-10-11,2019-10-10,60.51,59.25,57.75,58.25,58.75,59.25,60.0,60.5,61.0
2019-10-14,2019-10-11,59.35,60.5,58.75,59.25,59.75,60.5,61.25,62.0,62.5
2019-10-15,2019-10-14,58.74,59.5,57.75,58.25,59.0,59.5,60.25,60.75,61.25
2019-10-16,2019-10-15,59.42,59.0,57.5,57.75,58.5,59.0,59.75,60.5,61.0
2019-10-17,2019-10-16,59.91,59.75,58.25,58.5,59.25,59.75,60.5,61.25,62.0
2019-10-18,2019-10-17,59.42,60.0,58.5,59.0,59.5,60.0,60.75,61.5,62.0
2019-10-21,2019-10-18,58.96,59.75,58.25,58.5,59.0,59.75,60.25,61.0,61.5
2019-10-22,2019-10-21,59.7,59.25,58.0,58.25,58.75,59.25,60.0,60.5,61.0
2019-10-23,2019-10-22,61.17,59.75,58.5,58.75,59.25,59.75,60.5,61.25,61.75
2019-10-24,2019-10-23,61.67,61.0,59.25,59.75,60.25,61.0,61.75,62.5,63.0
2019-10-25,2019-10-24,62.02,61.5,60.0,60.25,60.75,61.5,62.25,63.0,63.5
2019-10-28,2019-10-25,61.57,62.0,60.25,60.75,61.25,62.0,62.5,63.25,63.75
2019-10-29,2019-10-28,61.59,61.5,60.0,60.5,61.0,61.5,62.25,63.0,63.25
2019-10-30,2019-10-29,60.61,61.75,60.25,60.5,61.0,61.75,62.25,63.0,63.25
2019-10-31,2019-10-30,60.23,60.75,59.25,59.75,60.25,60.75,61.25,62.0,62.5
2019-11-01,2019-10-31,61.69,60.5,59.25,59.5,60.0,60.5,61.0,61.75,62.0
2019-11-04,2019-11-01,62.13,61.75,60.25,60.5,61.0,61.75,62.5,63.0,63.5
2019-11-05,2019-11-04,62.96,62.0,60.5,61.0,61.5,62.0,62.75,63.25,63.75
2019-11-06,2019-11-05,61.74,62.75,61.25,61.75,62.25,62.75,63.5,64.0,64.5
2019-11-07,2019-11-06,62.29,61.75,60.5,60.75,61.25,61.75,62.5,63.0,63.5
2019-11-08,2019-11-07,62.51,62.5,61.0,61.25,61.75,62.5,63.0,63.75,64.0
2019-11-11,2019-11-08,62.18,62.5,61.25,61.5,62.0,62.5,63.0,63.75,64.0
2019-11-12,2019-11-11,62.06,62.25,61.0,61.25,61.75,62.25,63.0,63.5,64.0
2019-11-13,2019-11-12,62.37,62.25,61.0,61.25,61.75,62.25,62.75,63.25,63.75
2019-11-14,2019-11-13,62.28,62.5,61.25,61.5,62.0,62.5,63.0,63.5,64.0
2019-11-15,2019-11-14,63.3,62.25,61.25,61.5,61.75,62.25,63.0,63.5,64.0
2019-11-18,2019-11-15,62.44,63.25,61.75,62.25,62.75,63.25,63.75,64.5,65.0
2019-11-19,2019-11-18,60.91,62.5,61.25,61.75,62.0,62.5,63.25,63.75,64.0
2019-11-20,2019-11-19,62.4,61.25,60.0,60.25,60.75,61.25,62.0,62.5,63.0
2019-11-21,2019-11-20,63.97,62.5,61.0,61.25,62.0,62.5,63.25,63.75,64.5
2019-11-22,2019-11-21,63.39,63.75,62.0,62.5,63.0,63.75,64.5,65.0,65.5
2019-11-25,2019-11-22,63.65,63.5,62.0,62.5,63.0,63.5,64.0,64.5,65.0
2019-11-26,2019-11-25,64.27,63.75,62.25,62.75,63.25,63.75,64.5,65.0,65.5
2019-11-27,2019-11-26,64.06,64.5,62.75,63.0,63.75,64.5,65.0,65.5,66.0
2019-11-29,2019-11-27,62.43,64.0,62.5,63.0,63.5,64.0,64.5,65.0,65.5
2019-12-02,2019-11-29,60.92,62.75,61.25,61.75,62.25,62.75,63.25,64.0,64.5
2019-12-03,2019-12-02,60.82,61.5,59.75,60.25,60.75,61.5,62.25,63.0,63.25
2019-12-04,2019-12-03,63.0,61.25,59.75,60.25,60.75,61.25,62.0,62.75,63.25
2019-12-05,2019-12-04,63.39,63.25,61.25,61.75,62.5,63.25,64.0,64.5,65.0
2019-12-06,2019-12-05,64.39,63.5,61.75,62.25,62.75,63.5,64.0,65.0,65.0
2019-12-09,2019-12-06,64.25,64.5,62.5,63.0,63.75,64.5,65.0,65.5,66.0
2019-12-10,2019-12-09,64.34,64.0,62.5,63.0,63.5,64.0,65.0,65.5,66.0
2019-12-11,2019-12-10,63.72,64.5,62.75,63.25,63.75,64.5,65.0,65.5,66.0
2019-12-12,2019-12-11,64.2,63.75,62.25,62.75,63.25,63.75,64.5,65.0,65.5
2019-12-13,2019-12-12,65.22,64.5,63.0,63.25,63.75,64.5,65.0,65.5,66.0
2019-12-16,2019-12-13,65.34,65.0,63.75,64.0,64.5,65.0,65.5,66.5,67.0
2019-12-17,2019-12-16,66.1,65.0,63.75,64.0,64.5,65.0,65.5,66.0,66.5
2019-12-18,2019-12-17,66.17,66.0,64.5,65.0,65.5,66.0,67.0,67.5,68.0
2019-12-19,2019-12-18,66.54,66.0,64.5,65.0,65.5,66.0,66.5,67.0,67.5
2019-12-20,2019-12-19,66.14,66.5,65.0,65.5,66.0,66.5,67.0,67.5,68.0
2019-12-23,2019-12-20,66.39,66.0,64.5,65.0,65.5,66.0,66.5,67.0,67.5
2019-12-24,2019-12-23,67.2,66.5,65.0,65.5,66.0,66.5,67.0,67.5,67.5
2019-12-26,2019-12-24,67.92,67.0,65.5,66.0,66.5,67.0,68.0,68.5,69.0
2019-12-27,2019-12-26,68.16,68.0,66.5,67.0,67.5,68.0,68.5,69.0,69.5
2019-12-30,2019-12-27,68.44,68.0,66.5,67.0,67.5,68.0,68.5,69.0,69.5
2019-12-31,2019-12-30,66.0,68.5,67.0,67.0,67.5,68.5,69.0,69.5,70.0
2020-01-02,2019-12-31,66.25,66.5,65.0,65.0,65.5,66.5,67.0,67.5,68.0
2020-01-03,2020-01-02,68.6,66.5,65.0,65.5,66.0,66.5,67.0,68.0,68.5
2020-01-06,2020-01-03,68.91,68.5,66.5,67.0,67.5,68.5,69.0,70.0,70.5
2020-01-07,2020-01-06,68.27,68.5,67.0,67.5,68.0,68.5,69.5,70.0,70.5
2020-01-08,2020-01-07,65.44,68.0,67.0,67.0,67.5,68.0,69.0,69.5,70.0
2020-01-09,2020-01-08,65.37,66.0,64.5,65.0,65.5,66.0,67.0,67.5,68.0
2020-01-10,2020-01-09,64.98,66.0,64.0,64.5,65.5,66.0,66.5,67.0,67.5
2020-01-13,2020-01-10,64.2,65.5,63.75,64.5,65.0,65.5,66.0,67.0,67.5
2020-01-14,2020-01-13,64.49,64.5,63.25,63.5,64.0,64.5,65.5,66.0,66.5
2020-01-15,2020-01-14,64.0,65.0,63.5,64.0,64.5,65.0,65.5,66.0,66.5
2020-01-16,2020-01-15,64.62,64.5,62.75,63.0,63.75,64.5,65.0,65.5,66.0
2020-01-17,2020-01-16,64.85,65.0,63.5,64.0,64.5,65.0,65.5,66.0,66.5
2020-01-21,2020-01-17,64.59,65.0,63.75,64.0,64.5,65.0,66.0,66.5,67.0
2020-01-22,2020-01-21,63.21,65.0,63.5,64.0,64.5,65.0,65.5,66.0,66.5
2020-01-23,2020-01-22,62.04,63.5,62.0,62.5,63.0,63.5,64.5,65.0,65.5
2020-01-24,2020-01-23,60.69,62.5,60.5,61.0,61.75,62.5,63.25,64.0,64.5
2020-01-27,2020-01-24,59.32,60.75,58.75,59.25,60.0,60.75,61.75,62.5,63.0
2020-01-28,2020-01-27,59.51,59.5,57.5,58.0,58.75,59.5,60.5,61.5,62.0
2020-01-29,2020-01-28,59.81,59.75,58.0,58.5,59.0,59.75,60.5,61.25,62.0
2020-01-30,2020-01-29,58.29,60.25,58.25,58.75,59.5,60.25,61.0,61.75,62.25
2020-01-31,2020-01-30,58.16,58.25,56.5,57.0,57.5,58.25,59.25,60.0,60.5
2020-02-03,2020-01-31,54.45,58.25,56.5,57.0,57.5,58.25,59.0,60.0,60.5
2020-02-04,2020-02-03,53.96,54.25,52.0,52.5,53.25,54.25,55.5,56.5,57.25
2020-02-05,2020-02-04,55.28,53.5,51.25,51.75,52.5,53.5,54.5,55.5,56.25
2020-02-06,2020-02-05,54.93,54.75,53.0,53.5,54.0,54.75,56.0,56.75,57.25
2020-02-07,2020-02-06,54.47,54.5,52.5,53.0,53.75,54.5,55.25,56.0,56.5
2020-02-10,2020-02-07,53.27,54.25,52.5,53.0,53.75,54.25,55.25,55.75,56.25
2020-02-11,2020-02-10,54.01,53.25,51.5,52.0,52.5,53.25,54.0,54.75,55.0
2020-02-12,2020-02-11,55.79,54.0,52.25,52.75,53.25,54.0,54.75,55.5,56.0
2020-02-13,2020-02-12,56.34,55.5,53.75,54.0,54.75,55.5,56.5,57.25,57.75
2020-02-14,2020-02-13,57.32,56.5,54.5,55.0,55.75,56.5,57.25,58.0,58.5
2020-02-18,2020-02-14,57.75,57.25,55.5,56.0,56.5,57.25,58.0,59.0,59.5
2020-02-19,2020-02-18,59.12,57.75,56.0,56.5,57.0,57.75,58.5,59.25,59.75
2020-02-20,2020-02-19,59.31,58.75,56.5,57.0,57.75,58.75,59.5,60.5,61.25
2020-02-21,2020-02-20,58.5,59.0,57.0,57.5,58.25,59.0,59.75,60.75,61.25
2020-02-24,2020-02-21,56.3,58.5,56.5,57.0,57.75,58.5,59.25,60.0,60.5
2020-02-25,2020-02-24,54.95,56.5,54.75,55.0,55.75,56.5,57.5,58.5,59.0
2020-02-26,2020-02-25,53.43,55.0,53.25,53.75,54.25,55.0,56.0,57.0,57.5
2020-02-27,2020-02-26,52.18,53.75,51.75,52.25,53.0,53.75,54.75,55.5,56.25
2020-02-28,2020-02-27,50.52,52.75,51.0,51.25,52.25,52.75,53.75,54.5,55.0
2020-03-02,2020-02-28,51.9,50.75,49.25,49.75,50.25,50.75,51.75,52.5,53.0
2020-03-03,2020-03-02,51.86,52.25,50.5,50.75,51.5,52.25,53.0,53.75,54.25
2020-03-04,2020-03-03,51.13,52.25,50.5,51.0,51.5,52.25,53.25,53.75,54.0
2020-03-05,2020-03-04,49.99,51.5,50.0,50.5,51.0,51.5,52.5,53.0,53.5
2020-03-06,2020-03-05,45.27,50.75,49.0,49.5,50.0,50.75,51.75,52.25,52.5
2020-03-09,2020-03-06,34.36,46.5,44.0,44.75,45.5,46.5,47.75,48.75,49.25
2020-03-10,2020-03-09,37.22,36.25,26.75,29.25,32.75,36.25,38.75,41.0,42.25
2020-03-11,2020-03-10,35.79,38.25,33.75,34.25,36.25,38.25,39.75,41.25,42.25
2020-03-12,2020-03-11,33.22,36.75,32.0,33.0,34.25,36.75,38.25,39.5,40.5
2020-03-13,2020-03-12,33.85,33.5,29.625,30.75,31.875,33.5,35.5,37.0,38.0
2020-03-16,2020-03-13,30.05,35.0,31.25,32.25,33.5,35.0,36.5,37.75,38.75
2020-03-17,2020-03-16,28.73,31.625,26.875,28.125,29.25,31.625,33.25,34.75,35.75
2020-03-18,2020-03-17,24.88,30.25,25.25,26.625,27.875,30.25,32.0,33.5,34.75
2020-03-19,2020-03-18,28.47,26.25,21.375,22.875,24.25,26.25,28.125,30.5,31.625
2020-03-20,2020-03-19,26.98,29.125,24.0,25.375,26.625,29.125,31.5,33.0,34.25
2020-03-23,2020-03-20,27.03,28.375,23.125,24.5,25.75,28.375,30.125,31.875,33.0
2020-03-24,2020-03-23,27.15,28.125,23.625,24.25,26.25,28.125,29.375,31.125,32.25
2020-03-25,2020-03-24,27.39,28.625,24.125,24.875,26.125,28.625,30.375,31.0,32.0
2020-03-26,2020-03-25,26.34,27.875,24.75,25.375,26.0,27.875,30.375,32.0,32.25
2020-03-27,2020-03-26,24.93,28.375,24.625,25.25,26.5,28.375,29.625,30.75,31.625
2020-03-30,2020-03-27,22.76,26.375,23.125,23.75,25.125,26.375,28.25,30.125,30.625
2020-03-31,2020-03-30,22.74,24.875,20.75,21.5,22.875,24.875,26.25,28.125,28.75
2020-04-01,2020-03-31,24.74,24.75,21.25,22.0,23.375,24.75,26.75,28.0,28.5
2020-04-02,2020-04-01,29.94,26.0,22.625,24.0,24.625,26.0,27.25,28.5,29.625
2020-04-03,2020-04-02,34.11,30.0,26.125,26.75,28.25,30.0,31.25,32.5,33.25
2020-04-06,2020-04-03,33.05,32.75,28.5,29.375,31.125,32.75,34.5,36.0,37.0
2020-04-07,2020-04-06,31.87,32.0,28.625,29.625,31.0,32.0,34.0,35.5,36.0
2020-04-08,2020-04-07,32.84,31.125,28.0,28.875,30.0,31.125,33.0,34.5,34.75
2020-04-09,2020-04-08,31.48,31.625,28.125,29.375,30.5,31.625,33.25,34.5,35.0
2020-04-13,2020-04-09,31.74,31.0,27.75,28.0,29.5,31.0,32.5,34.0,34.75
2020-04-14,2020-04-13,29.6,31.125,28.25,28.875,30.0,31.125,32.75,34.0,34.75
2020-04-15,2020-04-14,27.69,29.5,26.25,27.125,28.375,29.5,31.25,32.75,33.25
2020-04-16,2020-04-15,27.82,27.875,24.75,25.75,27.0,27.875,29.625,31.125,31.875
2020-04-17,2020-04-16,28.08,28.375,24.5,25.5,26.75,28.375,29.75,31.5,31.75
2020-04-20,2020-04-17,25.57,28.75,25.75,26.625,27.625,28.75,30.25,31.625,32.25
2020-04-21,2020-04-20,19.33,26.75,24.125,24.5,25.75,26.75,28.625,29.75,30.375
2020-04-22,2020-04-21,20.37,21.375,17.0,17.75,19.25,21.375,22.75,24.5,25.125
2020-04-23,2020-04-22,21.33,22.5,18.5,19.25,20.75,22.5,23.875,25.5,25.75
2020-04-24,2020-04-23,21.44,23.25,20.125,20.125,21.875,23.25,24.5,25.875,26.5
2020-04-27,2020-04-24,19.99,23.25,20.5,21.25,21.875,23.25,25.25,26.875,26.875
2020-04-28,2020-04-27,20.46,22.0,18.75,19.5,21.0,22.0,24.0,25.375,26.0
2020-04-29,2020-04-28,22.54,22.125,18.125,18.875,20.75,22.125,24.125,25.125,25.75
2020-04-30,2020-04-29,25.27,23.875,20.125,21.25,22.25,23.875,25.875,27.125,28.0
2020-05-01,2020-04-30,26.44,25.75,22.75,23.5,24.5,25.75,27.625,29.125,29.625
2020-05-04,2020-05-01,27.2,26.875,24.125,24.75,25.625,26.875,28.75,29.875,31.0
2020-05-05,2020-05-04,30.97,27.75,25.25,25.875,26.875,27.75,29.25,30.625,31.25
2020-05-06,2020-05-05,29.72,30.125,27.125,27.75,29.0,30.125,31.75,33.0,34.0
2020-05-07,2020-05-06,29.46,29.875,27.5,27.75,29.0,29.875,31.5,32.75,33.0
2020-05-08,2020-05-07,30.97,30.125,27.75,28.375,29.0,30.125,31.5,32.25,33.0
2020-05-11,2020-05-08,29.63,31.25,28.75,29.5,30.125,31.25,32.25,33.5,34.5
2020-05-12,2020-05-11,29.98,29.875,27.5,28.125,28.75,29.875,31.25,32.25,33.0
2020-05-13,2020-05-12,29.19,30.75,28.375,29.0,29.625,30.75,31.75,32.75,33.5
2020-05-14,2020-05-13,31.13,30.75,28.75,29.25,29.875,30.75,32.0,33.0,33.5
2020-05-15,2020-05-14,32.5,32.0,29.875,30.5,31.25,32.0,33.5,34.5,35.0
2020-05-18,2020-05-15,34.81,33.75,31.875,32.25,32.75,33.75,34.75,35.75,36.0
2020-05-19,2020-05-18,34.65,35.75,33.75,34.25,34.75,35.75,37.0,38.0,38.75
2020-05-20,2020-05-19,35.75,35.5,33.5,34.0,34.75,35.5,36.5,37.75,38.0
2020-05-21,2020-05-20,36.06,36.0,33.75,34.25,35.0,36.0,37.0,38.0,38.5
2020-05-22,2020-05-21,35.13,36.0,34.25,34.75,35.25,36.0,37.25,38.25,38.75
2020-05-26,2020-05-22,36.17,35.25,33.25,33.5,34.5,35.25,36.25,37.5,37.75
2020-05-27,2020-05-26,34.74,36.25,34.75,35.0,35.75,36.25,37.5,38.5,39.0
2020-05-28,2020-05-27,35.29,35.25,33.5,33.75,34.5,35.25,36.25,37.0,37.5
2020-05-29,2020-05-28,35.33,35.75,34.0,34.5,35.25,35.75,36.75,37.75,38.25
2020-06-01,2020-05-29,38.32,36.5,34.75,35.25,36.0,36.5,37.5,38.5,38.75
2020-06-02,2020-06-01,39.57,39.25,37.0,37.5,38.0,39.25,40.5,41.25,42.0
2020-06-03,2020-06-02,39.79,40.25,38.25,38.5,39.5,40.25,41.25,42.0,42.75
2020-06-04,2020-06-03,39.99,40.5,39.0,39.25,40.0,40.5,41.5,42.5,43.0
2020-06-05,2020-06-04,42.3,41.25,39.5,39.75,40.5,41.25,42.25,43.0,43.75
2020-06-08,2020-06-05,40.8,43.25,41.25,41.5,42.25,43.25,44.25,45.25,46.0
2020-06-09,2020-06-08,41.18,41.75,40.0,40.25,41.0,41.75,42.5,43.5,43.75
2020-06-10,2020-06-09,41.73,42.25,40.5,40.75,41.5,42.25,43.0,44.0,44.25
2020-06-11,2020-06-10,38.55,42.5,40.75,41.25,42.0,42.5,43.5,44.25,44.75
2020-06-12,2020-06-11,38.73,40.25,38.25,38.5,39.25,40.25,41.25,42.0,42.5
2020-06-15,2020-06-12,39.72,40.0,37.75,38.25,39.0,40.0,41.0,42.0,42.75
2020-06-16,2020-06-15,40.96,40.5,38.75,39.25,39.75,40.5,41.75,42.5,43.25
2020-06-17,2020-06-16,40.71,41.75,39.75,40.0,41.0,41.75,42.75,44.0,44.5
2020-06-18,2020-06-17,41.51,41.75,40.0,40.5,41.25,41.75,43.0,43.75,44.5
2020-06-19,2020-06-18,42.19,42.75,41.25,41.5,42.0,42.75,43.75,44.75,45.25
2020-06-22,2020-06-19,43.08,43.25,41.5,41.75,42.5,43.25,44.25,45.25,45.75
2020-06-23,2020-06-22,42.63,44.5,42.75,42.75,43.5,44.5,45.5,46.25,47.25
2020-06-24,2020-06-23,40.31,44.0,42.5,42.75,43.5,44.0,45.0,45.75,46.25
2020-06-25,2020-06-24,41.05,42.25,40.25,40.75,41.5,42.25,43.0,43.5,44.25
2020-06-26,2020-06-25,41.02,42.5,41.0,41.5,42.0,42.5,43.75,44.5,45.25
2020-06-29,2020-06-26,41.71,42.75,41.5,41.5,42.25,42.75,43.75,44.5,45.0
2020-06-30,2020-06-29,41.15,43.25,42.0,42.25,42.75,43.25,44.25,45.0,45.5
2020-07-01,2020-06-30,42.03,43.5,42.0,42.25,43.0,43.5,44.25,44.75,45.0
2020-07-02,2020-07-01,43.14,43.75,42.25,42.75,43.25,43.75,44.5,45.0,45.5
2020-07-06,2020-07-02,43.1,44.5,43.0,43.5,44.0,44.5,45.5,46.25,46.5
2020-07-07,2020-07-06,43.08,44.5,43.25,43.5,44.0,44.5,45.25,45.75,46.25
2020-07-08,2020-07-07,43.29,44.25,42.75,43.25,43.75,44.25,44.75,45.5,46.0
2020-07-09,2020-07-08,42.35,44.25,42.75,43.0,43.75,44.25,45.0,45.75,46.0
2020-07-10,2020-07-09,43.24,43.5,42.0,42.0,43.0,43.5,44.25,45.0,45.5
2020-07-13,2020-07-10,42.72,44.25,42.75,43.0,43.75,44.25,45.0,46.0,46.5
2020-07-14,2020-07-13,42.9,44.0,42.75,43.0,43.5,44.0,44.75,45.5,46.0
2020-07-15,2020-07-14,43.79,44.25,43.25,43.5,43.75,44.25,45.0,45.5,46.0
2020-07-16,2020-07-15,43.37,45.0,43.5,44.0,44.25,45.0,45.5,46.25,46.75
2020-07-17,2020-07-16,43.14,44.75,43.5,44.0,44.5,44.75,45.5,46.0,46.25
2020-07-20,2020-07-17,43.28,44.75,43.5,43.75,44.25,44.75,45.25,46.0,46.5
2020-07-21,2020-07-20,44.32,44.75,43.25,43.75,44.0,44.75,45.5,46.0,46.75
2020-07-22,2020-07-21,44.29,45.5,44.0,44.25,44.75,45.5,46.25,47.0,47.5
2020-07-23,2020-07-22,43.31,45.5,44.25,44.5,44.75,45.5,46.25,46.75,47.25
2020-07-24,2020-07-23,43.34,44.75,43.5,44.0,44.25,44.75,45.5,46.0,46.5
2020-07-27,2020-07-24,43.41,44.75,43.5,43.75,44.25,44.75,45.25,46.0,46.5
2020-07-28,2020-07-27,43.22,44.5,43.25,43.75,44.0,44.5,45.25,46.0,46.5
2020-07-29,2020-07-28,43.75,44.5,43.25,43.5,44.0,44.5,45.0,45.75,46.0
2020-07-30,2020-07-29,42.94,45.0,43.75,44.0,44.5,45.0,45.5,46.25,46.75
2020-07-31,2020-07-30,43.3,44.25,43.25,43.5,43.75,44.25,45.0,45.5,46.0
2020-08-03,2020-07-31,44.15,44.75,43.25,43.75,44.0,44.75,45.5,46.0,46.5
2020-08-04,2020-08-03,44.43,45.25,43.75,44.0,44.5,45.25,46.0,46.75,47.25
2020-08-05,2020-08-04,45.17,45.5,44.5,44.75,45.0,45.5,46.25,46.75,47.25
2020-08-06,2020-08-05,45.09,46.0,44.75,45.25,45.5,46.0,46.5,47.25,47.5
2020-08-07,2020-08-06,44.4,46.0,44.5,45.0,45.5,46.0,46.5,47.0,47.25
2020-08-10,2020-08-07,44.99,45.25,43.75,44.25,44.75,45.25,45.75,46.25,46.5
2020-08-11,2020-08-10,44.5,45.75,44.25,44.75,45.25,45.75,46.5,47.25,47.5
2020-08-12,2020-08-11,45.43,45.5,44.25,44.5,45.0,45.5,46.25,47.0,47.0
2020-08-13,2020-08-12,44.96,46.25,44.75,45.25,45.75,46.25,47.0,47.75,48.0
2020-08-14,2020-08-13,44.8,46.0,44.5,45.0,45.5,46.0,46.75,47.25,47.75
2020-08-17,2020-08-14,45.37,46.0,44.25,44.75,45.25,46.0,46.5,47.0,47.25
2020-08-18,2020-08-17,45.46,46.0,44.5,45.0,45.5,46.0,47.0,47.5,48.0
2020-08-19,2020-08-18,45.37,46.0,44.75,45.0,45.75,46.0,46.75,47.25,47.5
2020-08-20,2020-08-19,44.9,46.0,44.75,45.25,45.75,46.0,46.75,47.25,47.5
2020-08-21,2020-08-20,44.35,45.75,44.5,45.0,45.25,45.75,46.25,46.75,47.0
2020-08-24,2020-08-21,45.13,45.0,44.0,44.25,44.75,45.0,45.75,46.25,46.25
2020-08-25,2020-08-24,45.86,45.75,44.75,45.0,45.25,45.75,46.5,47.0,47.5
2020-08-26,2020-08-25,45.64,46.5,45.25,45.5,46.0,46.5,47.25,47.75,48.0
2020-08-27,2020-08-26,45.09,46.5,45.5,45.75,46.0,46.5,47.0,47.25,47.5
2020-08-28,2020-08-27,45.05,46.0,44.75,45.0,45.5,46.0,46.75,47.0,47.25
2020-08-31,2020-08-28,45.28,45.75,44.25,44.75,45.25,45.75,46.5,47.0,47.25
2020-09-01,2020-08-31,45.58,46.0,44.25,44.75,45.5,46.0,46.5,47.0,47.25
2020-09-02,2020-09-01,44.43,46.25,44.5,45.0,45.75,46.25,47.0,47.5,48.0
2020-09-03,2020-09-02,44.07,45.25,43.75,44.25,44.75,45.25,46.0,46.5,47.0
2020-09-04,2020-09-03,42.66,44.75,42.75,43.5,44.0,44.75,45.75,46.5,46.75
2020-09-08,2020-09-04,39.78,43.0,41.0,41.5,42.25,43.0,44.0,44.75,45.25
2020-09-09,2020-09-08,40.79,40.25,37.25,38.0,39.0,40.25,41.5,42.5,43.0
2020-09-10,2020-09-09,40.06,41.5,38.75,39.5,40.5,41.5,42.75,43.75,44.25
2020-09-11,2020-09-10,39.83,40.25,38.25,38.5,39.5,40.25,41.5,42.0,42.5
2020-09-14,2020-09-11,39.61,40.25,38.25,38.75,39.5,40.25,41.25,42.25,42.75
2020-09-15,2020-09-14,40.53,40.0,37.5,38.0,39.0,40.0,41.0,42.0,42.25
2020-09-16,2020-09-15,42.22,41.0,38.5,39.0,40.0,41.0,42.0,43.0,43.25
2020-09-17,2020-09-16,43.3,42.5,39.0,39.75,41.0,42.5,43.75,45.0,45.75
2020-09-18,2020-09-17,43.15,43.5,40.5,41.0,42.25,43.5,44.5,45.75,46.25
2020-09-21,2020-09-18,41.44,43.0,40.0,40.75,41.75,43.0,44.25,45.25,45.75
2020-09-22,2020-09-21,41.72,40.25,36.5,37.5,38.75,40.25,41.5,42.75,43.5
2020-09-23,2020-09-22,41.77,41.5,38.0,38.75,40.25,41.5,42.75,44.0,44.75
2020-09-24,2020-09-23,41.94,41.75,38.75,39.5,40.75,41.75,42.75,43.75,44.5
2020-09-25,2020-09-24,41.92,42.25,39.75,40.25,41.25,42.25,43.25,44.0,44.5
2020-09-28,2020-09-25,42.43,42.25,39.5,40.25,41.25,42.25,43.25,44.25,44.75
2020-09-29,2020-09-28,41.03,42.75,40.0,40.5,41.5,42.75,44.0,45.0,45.5
2020-09-30,2020-09-29,40.95,41.0,38.5,39.0,40.0,41.0,42.25,43.25,43.75
2020-10-01,2020-09-30,40.93,41.25,39.0,39.5,40.25,41.25,42.5,43.25,44.0
2020-10-02,2020-10-01,39.27,41.25,39.0,39.5,40.5,41.25,42.25,43.0,43.75
2020-10-05,2020-10-02,41.29,39.25,37.0,37.5,38.5,39.25,40.5,41.25,41.75
2020-10-06,2020-10-05,42.65,41.25,38.75,39.25,40.25,41.25,42.5,43.75,44.5
2020-10-07,2020-10-06,41.99,42.75,40.25,40.75,41.75,42.75,44.0,45.0,45.5
2020-10-08,2020-10-07,43.34,42.25,40.5,41.0,41.5,42.25,43.0,44.0,44.25
2020-10-09,2020-10-08,42.85,43.75,41.5,42.0,42.75,43.75,44.5,45.5,46.0
2020-10-12,2020-10-09,41.72,43.0,41.0,41.5,42.25,43.0,44.0,45.0,45.5
2020-10-13,2020-10-12,42.45,41.75,39.5,40.0,41.0,41.75,42.75,43.5,43.75
2020-10-14,2020-10-13,43.32,42.5,40.5,41.0,41.75,42.5,43.5,44.5,45.0
2020-10-15,2020-10-14,43.16,43.5,41.5,42.0,42.75,43.5,44.5,45.25,45.75
2020-10-16,2020-10-15,42.93,43.25,41.25,42.0,42.5,43.25,44.25,45.0,45.5
2020-10-19,2020-10-16,42.62,43.25,41.5,42.0,42.75,43.25,44.0,44.75,45.25
2020-10-20,2020-10-19,43.16,43.0,41.25,41.75,42.25,43.0,43.75,44.5,44.75
2020-10-21,2020-10-20,41.73,43.25,41.5,42.0,42.5,43.25,44.25,45.0,45.5
2020-10-22,2020-10-21,42.46,41.75,39.75,40.25,41.0,41.75,42.75,43.5,44.0
2020-10-23,2020-10-22,41.77,42.75,41.0,41.5,42.0,42.75,43.75,44.75,45.25
2020-10-26,2020-10-23,40.46,42.0,40.25,40.75,41.25,42.0,43.0,43.75,44.0
2020-10-27,2020-10-26,41.2,40.75,38.75,39.25,40.0,40.75,41.75,42.5,42.75
2020-10-28,2020-10-27,39.12,41.5,39.5,40.0,40.75,41.5,42.5,43.5,43.75
2020-10-29,2020-10-28,37.65,39.5,37.5,38.25,38.75,39.5,40.5,41.25,41.5
2020-10-30,2020-10-29,37.46,38.0,36.0,36.5,37.5,38.0,39.25,40.0,40.25
2020-11-02,2020-10-30,38.97,37.5,35.5,36.0,36.75,37.5,38.75,39.5,40.0
2020-11-03,2020-11-02,39.71,39.25,37.25,37.75,38.5,39.25,40.25,41.25,41.75
2020-11-04,2020-11-03,41.23,40.0,38.0,38.5,39.25,40.0,41.0,41.75,42.25
2020-11-05,2020-11-04,40.93,41.5,39.25,40.0,40.5,41.5,42.5,43.5,44.0
2020-11-06,2020-11-05,39.45,41.0,39.0,39.5,40.25,41.0,42.0,42.5,43.0
2020-11-09,2020-11-06,42.4,39.5,37.0,37.75,38.5,39.5,40.5,41.25,41.75
2020-11-10,2020-11-09,43.61,42.5,40.25,40.75,41.5,42.5,43.5,44.75,45.25
2020-11-11,2020-11-10,43.8,43.5,41.25,41.75,42.5,43.5,44.5,45.5,46.0
2020-11-12,2020-11-11,43.53,44.0,41.75,42.25,43.0,44.0,44.75,45.5,46.25
2020-11-13,2020-11-12,42.78,43.75,41.75,42.25,42.75,43.75,44.5,45.25,45.75
2020-11-16,2020-11-13,43.82,43.0,41.0,41.5,42.25,43.0,43.75,44.5,45.0
2020-11-17,2020-11-16,43.75,44.0,42.0,42.5,43.25,44.0,45.0,45.5,46.0
2020-11-18,2020-11-17,44.34,43.75,42.0,42.5,43.0,43.75,44.5,45.0,45.5
2020-11-19,2020-11-18,44.2,44.25,42.75,43.25,43.75,44.25,45.0,45.75,46.0
2020-11-20,2020-11-19,44.96,44.0,42.5,42.75,43.25,44.0,44.75,45.25,45.5
2020-11-23,2020-11-20,46.06,44.75,43.0,43.5,44.25,44.75,45.5,46.25,46.5
2020-11-24,2020-11-23,47.86,45.75,43.75,44.25,45.0,45.75,46.5,47.0,47.5
2020-11-25,2020-11-24,48.61,47.25,45.25,45.75,46.5,47.25,48.0,48.75,49.25
2020-11-27,2020-11-25,48.18,48.0,46.0,46.5,47.0,48.0,48.5,49.25,49.75
2020-11-30,2020-11-27,47.59,47.5,45.5,46.0,46.75,47.5,48.0,48.75,49.0
2020-12-01,2020-11-30,47.42,46.75,45.0,45.5,46.0,46.75,47.5,48.25,48.5
2020-12-02,2020-12-01,48.25,46.75,45.0,45.5,46.25,46.75,47.5,48.25,48.75
2020-12-03,2020-12-02,48.71,48.0,46.25,46.75,47.25,48.0,48.5,49.25,49.5
2020-12-04,2020-12-03,49.25,48.25,46.75,47.0,47.5,48.25,48.75,49.25,49.75
2020-12-07,2020-12-04,48.79,48.75,47.25,47.75,48.25,48.75,49.5,50.0,50.25
2020-12-08,2020-12-07,48.84,48.5,46.75,47.25,47.75,48.5,49.0,49.5,50.0
2020-12-09,2020-12-08,48.86,48.5,46.75,47.25,47.75,48.5,49.25,49.75,50.0
2020-12-10,2020-12-09,50.25,48.5,46.75,47.25,48.0,48.5,49.25,49.75,50.25
2020-12-11,2020-12-10,49.97,50.25,48.5,49.0,49.5,50.25,50.75,51.25,51.5
2020-12-14,2020-12-11,50.29,49.75,48.25,48.75,49.25,49.75,50.25,50.75,51.0
2020-12-15,2020-12-14,50.76,50.0,48.75,49.0,49.5,50.0,50.5,51.0,51.25
2020-12-16,2020-12-15,51.08,50.5,49.0,49.5,50.0,50.5,51.0,51.5,51.75
2020-12-17,2020-12-16,51.5,50.75,49.5,49.75,50.25,50.75,51.25,51.5,52.0
2020-12-18,2020-12-17,52.26,51.25,49.75,50.25,50.75,51.25,51.5,52.0,52.25
2020-12-21,2020-12-18,50.91,51.75,50.5,51.0,51.5,51.75,52.25,52.75,53.0
2020-12-22,2020-12-21,50.08,50.75,49.25,49.5,50.0,50.75,51.25,51.75,52.0
2020-12-23,2020-12-22,51.2,49.75,48.25,48.75,49.25,49.75,50.25,51.0,51.25
2020-12-24,2020-12-23,51.29,51.0,49.5,50.0,50.5,51.0,51.5,52.25,52.5
2020-12-28,2020-12-24,50.86,51.0,49.5,50.0,50.5,51.0,51.5,52.0,52.25
2020-12-29,2020-12-28,51.09,50.75,49.25,49.75,50.25,50.75,51.25,51.75,52.0
2020-12-30,2020-12-29,51.34,51.0,49.5,50.0,50.5,51.0,51.5,51.75,52.25
2020-12-31,2020-12-30,51.8,51.25,49.75,50.25,50.75,51.25,51.75,52.25,52.5
2021-01-04,2020-12-31,51.09,51.75,50.25,50.75,51.0,51.75,52.0,52.5,53.0
2021-01-05,2021-01-04,53.6,51.0,49.75,50.0,50.5,51.0,51.5,52.0,52.25
2021-01-06,2021-01-05,54.3,53.75,52.0,52.5,53.0,53.75,54.25,55.0,55.25
2021-01-07,2021-01-06,54.38,54.0,52.5,52.75,53.25,54.0,54.5,55.0,55.5
2021-01-08,2021-01-07,55.99,54.0,52.5,53.0,53.5,54.0,54.5,55.0,55.25
2021-01-11,2021-01-08,55.66,55.5,54.0,54.25,55.0,55.5,56.25,57.0,57.25
2021-01-12,2021-01-11,56.58,55.0,53.75,54.0,54.5,55.0,55.5,56.0,56.5
2021-01-13,2021-01-12,56.06,56.0,54.5,55.0,55.5,56.0,56.75,57.25,57.5
2021-01-14,2021-01-13,56.42,55.5,54.25,54.5,55.0,55.5,56.0,56.5,57.0
2021-01-15,2021-01-14,55.1,55.75,54.5,54.75,55.25,55.75,56.5,57.0,57.25
2021-01-19,2021-01-15,55.9,54.5,53.25,53.5,54.0,54.5,55.0,55.5,56.0
2021-01-20,2021-01-19,56.08,55.5,54.25,54.5,55.0,55.5,56.25,56.75,57.0
2021-01-21,2021-01-20,56.1,55.5,54.25,54.5,55.0,55.5,56.25,56.75,57.0
2021-01-22,2021-01-21,55.41,55.75,54.25,54.75,55.25,55.75,56.25,56.75,57.0
2021-01-25,2021-01-22,55.88,55.0,53.75,54.0,54.5,55.0,55.5,56.0,56.25
2021-01-26,2021-01-25,55.91,55.5,54.25,54.5,55.0,55.5,56.25,56.75,57.0
2021-01-27,2021-01-26,55.81,55.75,54.5,54.75,55.25,55.75,56.25,56.75,57.0
2021-01-28,2021-01-27,55.53,55.5,54.5,54.75,55.25,55.5,56.0,56.5,56.75
2021-01-29,2021-01-28,55.88,55.5,54.25,54.5,55.0,55.5,55.75,56.25,56.5
2021-02-01,2021-01-29,56.35,55.75,54.75,55.0,55.5,55.75,56.0,56.5,56.5
2021-02-02,2021-02-01,57.46,56.25,55.25,55.5,55.75,56.25,56.5,57.0,57.0
2021-02-03,2021-02-02,58.46,57.5,56.25,56.5,57.0,57.5,58.0,58.25,58.5
2021-02-04,2021-02-03,58.84,58.5,57.0,57.5,58.0,58.5,59.0,59.5,59.75
2021-02-05,2021-02-04,59.34,59.0,57.5,58.0,58.5,59.0,59.25,59.75,60.0
2021-02-08,2021-02-05,60.56,59.25,57.75,58.25,58.75,59.25,59.75,60.25,60.5
2021-02-09,2021-02-08,61.09,60.25,58.75,59.25,59.75,60.25,61.0,61.5,61.75
2021-02-10,2021-02-09,61.47,60.75,59.25,59.75,60.25,60.75,61.5,62.0,62.5
2021-02-11,2021-02-10,61.14,61.5,60.0,60.5,61.0,61.5,62.0,62.5,62.75
2021-02-12,2021-02-11,62.43,60.75,59.25,59.75,60.25,60.75,61.25,61.75,62.25
2021-02-16,2021-02-12,63.35,62.0,60.25,60.75,61.5,62.0,62.75,63.5,63.75
2021-02-17,2021-02-16,64.34,63.0,61.25,61.75,62.25,63.0,63.5,64.0,64.5
2021-02-18,2021-02-17,63.93,64.0,62.25,62.75,63.25,64.0,64.5,65.5,65.5
2021-02-19,2021-02-18,62.91,63.75,62.0,62.5,63.0,63.75,64.0,65.0,65.0
2021-02-22,2021-02-19,65.24,62.5,61.0,61.5,62.0,62.5,63.0,63.75,64.0
2021-02-23,2021-02-22,65.37,65.0,63.0,63.5,64.0,65.0,66.0,66.5,67.0
2021-02-24,2021-02-23,67.04,65.0,63.5,63.75,64.5,65.0,66.0,66.5,67.0
2021-02-25,2021-02-24,66.88,67.0,64.5,65.0,66.0,67.0,67.5,68.5,68.5
2021-02-26,2021-02-25,66.13,66.5,64.5,65.0,65.5,66.5,67.0,67.5,68.0
2021-03-01,2021-02-26,63.69,65.5,63.75,64.5,65.0,65.5,66.5,67.0,67.5
2021-03-02,2021-03-01,62.7,63.5,61.75,62.25,62.75,63.5,64.0,65.0,65.5
2021-03-03,2021-03-02,64.07,62.5,61.0,61.5,62.0,62.5,63.0,63.75,64.0
2021-03-04,2021-03-03,66.74,64.0,62.5,63.0,63.5,64.0,65.0,65.5,65.5
2021-03-05,2021-03-04,69.36,67.0,64.5,65.0,66.0,67.0,67.5,68.5,69.0
2021-03-08,2021-03-05,68.24,69.0,66.5,67.0,68.0,69.0,70.5,71.0,72.0
2021-03-09,2021-03-08,67.52,67.5,65.0,66.0,66.5,67.5,68.5,69.0,70.0
2021-03-10,2021-03-09,67.9,67.0,65.0,65.5,66.5,67.0,68.0,68.5,69.0
2021-03-11,2021-03-10,69.63,67.5,65.5,66.0,67.0,67.5,68.5,69.0,69.5
2021-03-12,2021-03-11,69.22,69.5,67.0,67.5,68.5,69.5,70.5,71.0,71.5
2021-03-15,2021-03-12,68.88,69.0,67.0,67.5,68.0,69.0,69.5,70.0,70.5
2021-03-16,2021-03-15,68.39,69.0,67.0,67.5,68.0,69.0,69.5,70.0,70.5
2021-03-17,2021-03-16,68.0,68.5,66.5,67.0,67.5,68.5,69.0,69.5,70.0
2021-03-18,2021-03-17,63.28,67.5,66.0,66.5,67.0,67.5,68.5,69.0,69.0
2021-03-19,2021-03-18,64.53,63.5,61.0,61.75,62.75,63.5,64.5,65.5,66.0
2021-03-22,2021-03-19,64.62,65.0,63.0,63.5,64.5,65.0,66.0,67.0,67.5
2021-03-23,2021-03-22,60.79,64.5,62.75,63.25,64.0,64.5,65.5,66.0,66.5
2021-03-24,2021-03-23,64.41,60.5,58.25,59.0,59.75,60.5,61.5,62.5,63.0
2021-03-25,2021-03-24,61.95,65.0,62.25,63.0,64.0,65.0,66.0,67.0,67.5
2021-03-26,2021-03-25,64.57,61.5,59.25,60.0,61.0,61.5,62.5,63.25,64.0
2021-03-29,2021-03-26,64.98,64.5,62.0,62.75,63.75,64.5,65.5,66.5,67.0
2021-03-30,2021-03-29,64.14,65.0,62.75,63.25,64.0,65.0,65.5,66.5,67.0
2021-03-31,2021-03-30,63.54,63.75,61.5,62.25,63.0,63.75,64.5,65.5,66.0
2021-04-01,2021-03-31,64.86,63.25,61.25,61.75,62.5,63.25,64.0,65.0,65.5
2021-04-05,2021-04-01,62.15,65.0,62.75,63.25,64.5,65.0,66.0,66.5,67.0
2021-04-06,2021-04-05,62.74,62.0,59.75,60.25,61.25,62.0,62.75,63.75,64.0
2021-04-07,2021-04-06,63.16,63.25,61.0,61.5,62.25,63.25,64.0,64.5,65.5
2021-04-08,2021-04-07,63.2,63.25,61.25,62.0,62.75,63.25,64.0,64.5,65.0
2021-04-09,2021-04-08,62.95,63.25,61.5,62.0,62.5,63.25,64.0,64.5,65.0
2021-04-12,2021-04-09,63.28,63.25,61.5,62.0,62.5,63.25,63.75,64.0,64.5
2021-04-13,2021-04-12,63.67,63.5,61.75,62.25,62.75,63.5,64.0,64.5,65.0
2021-04-14,2021-04-13,66.58,64.0,62.25,62.75,63.25,64.0,64.5,65.0,65.5
2021-04-15,2021-04-14,66.94,66.5,64.5,65.0,66.0,66.5,67.5,68.0,68.5
2021-04-16,2021-04-15,66.77,67.0,65.0,65.5,66.5,67.0,68.0,68.5,69.0
2021-04-19,2021-04-16,67.05,67.0,65.0,65.5,66.0,67.0,68.0,68.5,69.0
2021-04-20,2021-04-19,66.57,67.5,65.0,65.5,66.5,67.5,68.0,68.5,69.0
2021-04-21,2021-04-20,65.32,67.0,65.0,65.5,66.0,67.0,67.5,68.0,68.5
2021-04-22,2021-04-21,65.4,65.5,63.75,64.5,65.0,65.5,66.0,67.0,67.0
2021-04-23,2021-04-22,66.11,66.0,64.0,64.5,65.0,66.0,66.5,67.0,67.5
2021-04-26,2021-04-23,65.65,66.5,64.5,65.0,65.5,66.5,67.0,67.5,68.0
2021-04-27,2021-04-26,66.42,66.0,64.0,64.5,65.5,66.0,66.5,67.0,67.5
2021-04-28,2021-04-27,67.27,66.5,64.5,65.0,66.0,66.5,67.5,68.0,68.5
2021-04-29,2021-04-28,68.56,67.5,65.5,66.0,67.0,67.5,68.0,68.5,69.0
2021-04-30,2021-04-29,67.25,68.5,66.5,67.0,68.0,68.5,69.5,70.0,70.5
2021-05-03,2021-04-30,67.56,67.0,65.0,65.5,66.5,67.0,68.0,68.5,68.5
2021-05-04,2021-05-03,68.88,68.0,66.0,66.5,67.0,68.0,68.5,69.0,69.5
2021-05-05,2021-05-04,68.96,69.0,67.0,67.5,68.0,69.0,69.5,70.0,70.5
2021-05-06,2021-05-05,68.09,68.5,66.5,67.0,68.0,68.5,69.5,70.0,70.5
2021-05-07,2021-05-06,68.28,68.0,66.0,66.5,67.5,68.0,68.5,69.0,69.5
2021-05-10,2021-05-07,68.32,68.5,66.5,67.0,67.5,68.5,69.0,69.5,69.5
2021-05-11,2021-05-10,68.55,68.5,66.5,67.0,67.5,68.5,69.0,69.5,70.0
2021-05-12,2021-05-11,69.32,68.5,67.0,67.5,68.0,68.5,69.0,69.5,70.0
2021-05-13,2021-05-12,67.05,69.5,67.5,68.0,68.5,69.5,70.0,70.5,71.0
2021-05-14,2021-05-13,68.71,67.0,65.5,66.0,66.5,67.0,67.5,68.0,68.5
2021-05-17,2021-05-14,69.46,69.0,66.5,67.0,68.0,69.0,69.5,70.0,70.5
2021-05-18,2021-05-17,68.71,69.0,67.0,67.5,68.5,69.0,70.0,70.5,71.0
2021-05-19,2021-05-18,66.66,68.5,66.5,67.0,68.0,68.5,69.5,70.0,70.5
2021-05-20,2021-05-19,65.11,66.5,64.5,65.0,66.0,66.5,67.5,67.5,68.5
2021-05-21,2021-05-20,66.44,65.0,63.25,63.75,64.5,65.0,66.0,66.5,67.0
2021-05-24,2021-05-21,68.46,66.5,64.5,65.0,66.0,66.5,67.0,68.0,68.0
2021-05-25,2021-05-24,68.65,68.0,66.0,67.0,67.5,68.0,69.0,69.5,70.0
2021-05-26,2021-05-25,68.87,68.5,66.5,67.0,68.0,68.5,69.5,70.0,70.0
2021-05-27,2021-05-26,69.46,69.0,67.0,67.5,68.0,69.0,69.5,70.0,70.5
2021-05-28,2021-05-27,69.63,69.5,67.5,68.0,69.0,69.5,70.0,70.5,71.0
2021-06-01,2021-05-28,70.25,69.5,67.5,68.5,69.0,69.5,70.0,70.5,71.0
2021-06-02,2021-06-01,71.35,70.5,68.5,69.0,69.5,70.5,71.0,71.5,72.0
2021-06-03,2021-06-02,71.31,71.5,69.5,70.0,71.0,71.5,72.5,73.0,73.5
2021-06-04,2021-06-03,71.89,71.5,69.5,70.0,70.5,71.5,72.5,73.0,73.0
2021-06-07,2021-06-04,71.49,72.0,69.5,70.5,71.0,72.0,73.0,74.0,74.5
2021-06-08,2021-06-07,72.22,71.5,69.5,70.0,71.0,71.5,72.5,73.0,73.5
2021-06-09,2021-06-08,72.22,72.0,70.0,70.5,71.5,72.0,73.0,73.5,74.0
2021-06-10,2021-06-09,72.52,72.0,70.0,70.5,71.5,72.0,72.5,73.5,74.0
2021-06-11,2021-06-10,72.69,72.5,70.5,71.0,72.0,72.5,73.0,73.5,74.0
2021-06-14,2021-06-11,72.86,72.5,70.5,71.0,72.0,72.5,73.0,73.5,74.0
2021-06-15,2021-06-14,73.99,73.0,71.0,71.5,72.5,73.0,73.5,74.0,74.5
2021-06-16,2021-06-15,74.39,74.0,72.0,72.5,73.0,74.0,74.5,75.0,75.5
2021-06-17,2021-06-16,73.08,74.0,72.5,73.0,73.5,74.0,75.0,75.5,75.5
2021-06-18,2021-06-17,73.51,73.0,71.0,71.5,72.5,73.0,74.0,74.0,74.5
2021-06-21,2021-06-18,74.9,73.5,71.5,72.0,72.5,73.5,74.0,74.5,75.0
2021-06-22,2021-06-21,74.81,74.5,72.5,73.0,73.5,74.5,75.0,76.0,76.5
2021-06-23,2021-06-22,75.19,74.5,72.5,73.0,74.0,74.5,75.0,76.0,76.5
2021-06-24,2021-06-23,75.56,75.0,73.0,73.5,74.5,75.0,75.5,76.0,76.5
2021-06-25,2021-06-24,76.18,75.5,73.0,74.0,74.5,75.5,76.0,76.5,77.0
2021-06-28,2021-06-25,74.68,76.0,73.5,74.0,75.0,76.0,76.5,77.0,77.5
2021-06-29,2021-06-28,74.76,74.5,72.5,73.5,74.0,74.5,75.5,76.0,76.5
2021-06-30,2021-06-29,75.13,75.0,73.0,73.5,74.5,75.0,76.0,76.0,76.5
2021-07-01,2021-06-30,75.84,75.0,73.0,74.0,74.5,75.0,75.5,76.0,76.0
2021-07-02,2021-07-01,76.17,75.5,74.0,74.5,75.5,75.5,76.5,76.5,77.0
2021-07-06,2021-07-02,74.53,76.0,74.0,75.0,75.5,76.0,76.5,77.0,77.5
2021-07-07,2021-07-06,73.43,74.5,73.0,73.5,74.0,74.5,75.5,75.5,76.0
2021-07-08,2021-07-07,74.12,73.5,71.5,72.5,73.0,73.5,74.5,74.5,75.0
2021-07-09,2021-07-08,75.55,74.5,72.5,73.0,73.5,74.5,75.0,75.5,75.5
2021-07-12,2021-07-09,75.16,75.0,73.5,74.0,75.0,75.0,76.0,76.5,77.0
2021-07-13,2021-07-12,76.49,75.0,73.5,74.0,75.0,75.0,76.0,76.5,77.0
2021-07-14,2021-07-13,74.76,76.5,74.0,74.5,75.5,76.5,77.0,78.0,78.5
2021-07-15,2021-07-14,73.47,74.5,72.5,73.0,74.0,74.5,75.0,76.0,76.0
2021-07-16,2021-07-15,73.59,73.5,71.5,72.0,73.0,73.5,74.0,74.5,75.0
2021-07-19,2021-07-16,68.62,73.5,71.5,72.5,73.0,73.5,73.5,74.5,74.5
2021-07-20,2021-07-19,69.35,68.5,66.0,67.0,67.5,68.5,69.0,69.5,70.5
2021-07-21,2021-07-20,72.23,69.5,67.5,68.0,68.5,69.5,70.0,70.5,71.0
2021-07-22,2021-07-21,73.79,72.0,70.0,70.5,71.5,72.0,72.5,73.5,74.0
2021-07-23,2021-07-22,74.1,73.5,71.5,72.0,73.0,73.5,74.5,75.0,75.5
2021-07-26,2021-07-23,74.5,74.0,72.0,72.5,73.5,74.0,74.5,75.0,76.0
2021-07-27,2021-07-26,74.48,74.5,72.0,73.0,73.5,74.5,75.0,75.5,76.0
2021-07-28,2021-07-27,74.74,74.5,72.5,73.0,74.0,74.5,75.0,75.5,76.0
2021-07-29,2021-07-28,76.05,75.0,72.5,73.5,74.0,75.0,75.5,76.0,77.0
2021-07-30,2021-07-29,76.33,76.5,73.5,74.5,75.5,76.5,77.0,78.0,78.5
2021-08-02,2021-07-30,72.89,76.5,74.5,75.0,76.0,76.5,77.0,78.0,78.5
2021-08-03,2021-08-02,72.41,72.5,70.5,71.0,72.0,72.5,73.5,74.0,74.0
2021-08-04,2021-08-03,70.38,72.5,70.0,71.0,71.5,72.5,73.0,73.5,74.0
2021-08-05,2021-08-04,71.29,70.5,69.0,69.5,70.0,70.5,71.0,72.0,72.0
2021-08-06,2021-08-05,70.7,71.5,69.5,70.0,71.0,71.5,72.0,72.5,72.5
2021-08-09,2021-08-06,69.04,70.5,68.5,69.0,69.5,70.5,71.0,71.5,72.0
2021-08-10,2021-08-09,70.63,69.0,67.5,68.0,68.5,69.0,70.0,70.5,71.0
2021-08-11,2021-08-10,71.44,71.0,69.0,69.5,70.5,71.0,71.5,72.0,72.5
2021-08-12,2021-08-11,71.31,71.5,69.5,70.0,71.0,71.5,72.0,72.5,73.0
2021-08-13,2021-08-12,70.59,71.0,69.0,69.5,70.5,71.0,71.5,72.0,72.5
2021-08-16,2021-08-13,69.51,70.5,69.0,69.0,70.0,70.5,71.0,71.5,71.5
2021-08-17,2021-08-16,69.03,69.5,67.5,68.0,68.5,69.5,70.0,70.5,70.5
2021-08-18,2021-08-17,68.23,69.0,67.5,67.5,68.0,69.0,69.0,69.5,70.0
2021-08-19,2021-08-18,66.45,67.5,66.5,66.5,67.0,67.5,68.0,68.5,69.0
2021-08-20,2021-08-19,65.18,66.0,65.0,65.0,65.5,66.0,66.5,67.0,67.5
2021-08-23,2021-08-20,68.75,65.0,63.75,64.0,64.5,65.0,65.5,66.5,66.5
2021-08-24,2021-08-23,71.05,68.5,67.0,67.5,68.0,68.5,69.5,69.5,70.0
2021-08-25,2021-08-24,72.25,70.5,68.5,69.0,69.5,70.5,71.0,71.5,72.0
2021-08-26,2021-08-25,71.07,72.0,70.0,70.5,71.5,72.0,73.0,73.5,74.0
2021-08-27,2021-08-26,72.7,71.0,69.0,69.5,70.5,71.0,71.5,72.0,72.0
2021-08-30,2021-08-27,73.41,73.0,70.5,71.5,72.0,73.0,73.5,74.0,74.5
2021-08-31,2021-08-30,72.99,73.5,71.5,72.0,73.0,73.5,74.0,74.5,75.0
2021-09-01,2021-08-31,71.59,73.0,71.5,72.0,72.5,73.0,73.5,74.0,74.5
2021-09-02,2021-09-01,73.03,71.5,70.0,70.5,71.0,71.5,72.0,72.5,72.5
2021-09-03,2021-09-02,72.61,73.0,71.0,71.5,72.5,73.0,73.5,74.0,74.5
2021-09-07,2021-09-03,71.69,72.5,71.0,71.5,72.0,72.5,73.0,73.5,74.0
2021-09-08,2021-09-07,72.6,72.0,70.5,71.0,71.5,72.0,72.5,72.5,73.0
2021-09-09,2021-09-08,71.45,73.0,71.0,71.5,72.0,73.0,73.0,73.5,73.5
2021-09-10,2021-09-09,72.92,71.0,70.0,70.0,70.5,71.0,72.0,72.0,72.5
2021-09-13,2021-09-10,73.51,73.0,71.5,71.5,72.5,73.0,73.5,74.0,74.0
2021-09-14,2021-09-13,73.6,73.5,72.0,72.5,73.0,73.5,74.0,74.5,75.0
2021-09-15,2021-09-14,75.46,73.5,72.0,72.5,73.5,73.5,74.5,74.5,75.0
2021-09-16,2021-09-15,75.67,75.5,73.5,74.0,74.5,75.5,76.0,76.5,76.5
2021-09-17,2021-09-16,75.34,75.5,73.5,74.0,75.0,75.5,76.0,76.5,76.5
2021-09-20,2021-09-17,73.92,75.5,73.5,74.0,74.5,75.5,76.0,76.5,76.5
2021-09-21,2021-09-20,74.36,74.0,72.0,72.5,73.5,74.0,74.5,75.0,75.5
2021-09-22,2021-09-21,76.19,74.0,72.5,73.0,73.5,74.0,75.0,75.0,75.5
2021-09-23,2021-09-22,77.25,76.0,74.0,74.5,75.5,76.0,76.5,77.5,77.5
2021-09-24,2021-09-23,78.09,77.5,75.5,76.0,76.5,77.5,78.0,78.5,79.5
2021-09-27,2021-09-24,79.53,78.5,76.5,77.0,78.0,78.5,79.0,79.5,80.0
2021-09-28,2021-09-27,79.09,79.5,77.5,78.0,79.0,79.5,80.5,81.0,81.5
2021-09-29,2021-09-28,78.64,79.5,77.0,77.5,78.5,79.5,80.0,80.5,81.0
2021-09-30,2021-09-29,78.52,79.0,77.0,77.5,78.5,79.0,80.0,80.5,81.0
2021-10-01,2021-09-30,79.28,79.0,77.0,77.5,78.5,79.0,79.5,80.0,81.0
2021-10-04,2021-10-01,81.26,79.5,77.0,78.0,79.0,79.5,80.0,81.0,81.0
2021-10-05,2021-10-04,82.56,81.5,79.0,79.5,80.5,81.5,82.0,82.5,83.5
2021-10-06,2021-10-05,81.08,83.0,80.0,80.5,82.0,83.0,84.0,85.0,85.5
2021-10-07,2021-10-06,81.95,81.5,78.5,79.5,80.5,81.5,82.0,82.5,83.5
2021-10-08,2021-10-07,82.39,81.5,79.0,80.0,81.0,81.5,82.5,83.0,83.5
2021-10-11,2021-10-08,83.65,82.0,79.5,80.5,81.5,82.0,83.0,83.5,84.0
2021-10-12,2021-10-11,83.42,83.5,80.5,81.5,82.5,83.5,84.5,85.0,85.5
2021-10-13,2021-10-12,83.18,83.5,81.5,82.0,83.0,83.5,85.0,85.5,86.0
2021-10-14,2021-10-13,84.0,83.0,81.0,81.5,82.5,83.0,84.0,84.5,85.0
2021-10-15,2021-10-14,84.86,84.0,81.5,82.0,83.0,84.0,84.5,85.5,86.0
2021-10-18,2021-10-15,84.33,84.5,82.0,83.0,84.0,84.5,86.0,86.5,87.0
2021-10-19,2021-10-18,85.08,84.5,82.5,83.0,84.0,84.5,85.5,86.0,86.5
2021-10-20,2021-10-19,85.82,85.0,82.5,83.5,84.5,85.0,86.0,86.5,87.0
2021-10-21,2021-10-20,84.61,85.5,83.0,83.5,84.5,85.5,86.5,87.0,87.5
2021-10-22,2021-10-21,85.53,85.0,82.0,83.0,84.0,85.0,85.5,86.0,87.0
2021-10-25,2021-10-22,85.99,85.5,82.5,83.5,84.5,85.5,86.0,87.0,87.5
2021-10-26,2021-10-25,86.4,85.5,83.5,84.0,85.0,85.5,86.0,87.0,87.0
2021-10-27,2021-10-26,84.58,86.0,84.0,84.5,85.5,86.0,86.5,87.0,88.0
2021-10-28,2021-10-27,84.32,84.5,82.5,83.5,84.0,84.5,85.5,86.0,86.5
2021-10-29,2021-10-28,84.38,85.0,83.0,83.5,84.0,85.0,85.5,86.0,86.5
2021-11-01,2021-10-29,84.71,84.5,82.5,83.0,84.0,84.5,85.0,85.5,86.0
2021-11-02,2021-11-01,84.72,84.0,82.0,83.0,83.5,84.0,85.0,85.5,85.5
2021-11-03,2021-11-02,81.99,84.5,82.5,83.5,84.0,84.5,85.0,85.5,86.0
2021-11-04,2021-11-03,80.54,82.0,80.0,81.0,81.5,82.0,83.0,83.5,83.5
2021-11-05,2021-11-04,82.74,81.0,78.5,79.5,80.0,81.0,81.5,82.0,82.5
2021-11-08,2021-11-05,83.43,82.5,80.5,81.0,82.0,82.5,83.5,84.0,84.5
2021-11-09,2021-11-08,84.78,83.0,81.0,81.5,82.5,83.0,84.0,84.0,84.5
2021-11-10,2021-11-09,82.64,84.5,82.5,83.0,84.0,84.5,85.0,86.0,86.0
2021-11-11,2021-11-10,82.87,82.5,80.5,81.0,82.0,82.5,83.0,83.5,84.0
2021-11-12,2021-11-11,82.17,82.5,80.0,80.5,82.0,82.5,83.0,83.5,84.0
2021-11-15,2021-11-12,82.05,82.0,80.0,81.0,81.5,82.0,83.0,83.0,83.5
2021-11-16,2021-11-15,82.43,82.5,80.5,81.0,81.5,82.5,83.0,83.0,83.5
2021-11-17,2021-11-16,80.28,82.5,81.0,81.5,82.0,82.5,83.0,83.5,84.0
2021-11-18,2021-11-17,81.24,80.0,78.0,78.5,79.5,80.0,80.5,81.0,81.0
2021-11-19,2021-11-18,78.89,81.5,79.0,80.0,81.0,81.5,82.0,82.5,83.0
2021-11-22,2021-11-19,79.7,79.5,77.5,78.0,79.0,79.5,80.0,80.5,81.0
2021-11-23,2021-11-22,82.31,80.5,78.0,79.0,79.5,80.5,81.0,81.5,81.5
2021-11-24,2021-11-23,82.25,82.0,79.5,80.5,81.0,82.0,83.0,83.5,84.0
2021-11-26,2021-11-24,72.72,82.5,80.0,80.5,81.5,82.5,83.0,83.5,84.0
2021-11-29,2021-11-26,73.44,72.5,68.0,69.5,71.0,72.5,74.0,75.5,76.5
2021-11-30,2021-11-29,70.57,74.5,71.0,72.0,73.5,74.5,75.5,76.5,77.0
2021-12-01,2021-11-30,68.87,69.0,66.5,67.5,68.5,69.0,70.0,71.0,72.0
2021-12-02,2021-12-01,69.67,68.0,65.5,66.5,67.0,68.0,69.0,69.5,70.5
2021-12-03,2021-12-02,69.88,69.5,67.5,68.5,69.0,69.5,70.5,71.0,71.5
2021-12-06,2021-12-03,73.08,69.5,67.5,68.0,69.0,69.5,70.5,71.0,71.5
2021-12-07,2021-12-06,75.44,72.5,70.0,71.0,72.0,72.5,73.5,74.5,75.0
2021-12-08,2021-12-07,75.82,75.5,73.0,74.0,74.5,75.5,76.5,77.0,77.5
2021-12-09,2021-12-08,74.42,76.5,74.0,75.0,75.5,76.5,77.0,77.5,78.0
2021-12-10,2021-12-09,75.15,75.0,72.5,73.5,74.0,75.0,75.5,76.0,76.5
2021-12-13,2021-12-10,74.39,75.5,73.0,73.5,74.5,75.5,76.0,77.0,77.0
2021-12-14,2021-12-13,73.7,74.5,72.0,72.5,73.5,74.5,75.0,75.5,76.0
2021-12-15,2021-12-14,73.88,73.5,71.5,72.0,73.0,73.5,74.5,75.0,75.5
2021-12-16,2021-12-15,75.02,73.5,71.5,72.0,73.0,73.5,74.0,74.5,75.0
2021-12-17,2021-12-16,73.52,75.0,73.0,73.5,74.5,75.0,76.0,76.5,77.0
2021-12-20,2021-12-17,71.52,73.5,71.5,72.0,72.5,73.5,74.0,74.5,74.5
2021-12-21,2021-12-20,73.98,72.0,70.5,71.0,71.5,72.0,72.5,73.0,73.5
2021-12-22,2021-12-21,75.29,74.5,72.5,73.0,74.0,74.5,75.5,76.0,76.5
2021-12-23,2021-12-22,76.85,75.5,73.5,74.0,75.0,75.5,76.0,76.5,77.0
2021-12-27,2021-12-23,78.6,78.0,75.5,76.0,76.5,78.0,78.5,79.0,79.5
2021-12-28,2021-12-27,78.94,79.5,77.0,77.5,78.5,79.5,80.0,81.0,81.0
2021-12-29,2021-12-28,79.23,79.0,77.0,77.5,78.5,79.0,80.0,80.5,81.0
2021-12-30,2021-12-29,79.32,79.5,77.0,77.5,78.5,79.5,80.0,80.5,81.0
2021-12-31,2021-12-30,77.78,79.5,77.0,78.0,78.5,79.5,80.0,80.5,81.0
2022-01-03,2021-12-31,78.98,78.5,76.5,77.0,78.0,78.5,79.0,79.5,80.0
2022-01-04,2022-01-03,80.0,79.5,77.5,78.0,78.5,79.5,80.0,80.5,81.0
2022-01-05,2022-01-04,80.8,80.5,78.0,79.0,79.5,80.5,81.0,81.5,81.5
2022-01-06,2022-01-05,81.99,81.5,79.0,79.5,80.5,81.5,82.0,82.5,83.0
2022-01-07,2022-01-06,81.75,83.5,81.5,82.0,82.5,83.5,84.0,84.5,85.0
2022-01-10,2022-01-07,80.87,82.5,80.5,81.0,82.0,82.5,83.5,83.5,84.0
2022-01-11,2022-01-10,83.72,81.0,79.0,79.5,80.5,81.0,82.0,82.5,82.5
2022-01-12,2022-01-11,84.67,84.0,81.5,82.5,83.5,84.0,85.0,85.5,86.0
2022-01-13,2022-01-12,84.47,86.0,83.0,84.0,85.0,86.0,87.0,87.5,88.0
2022-01-14,2022-01-13,86.06,85.5,83.0,83.5,84.5,85.5,86.5,87.0,87.5
2022-01-18,2022-01-14,87.51,86.5,84.0,84.5,85.5,86.5,87.5,88.5,88.5
2022-01-19,2022-01-18,88.44,87.5,85.0,86.0,87.0,87.5,89.0,89.5,90.0
2022-01-20,2022-01-19,88.38,89.0,87.0,87.5,88.5,89.0,90.5,91.0,91.0
2022-01-21,2022-01-20,87.89,89.5,86.5,87.0,88.0,89.5,90.0,90.5,91.0
2022-01-24,2022-01-21,86.27,88.5,86.0,87.0,88.0,88.5,89.5,90.0,90.5
2022-01-25,2022-01-24,88.2,87.5,85.5,86.0,87.0,87.5,88.0,89.0,89.0
2022-01-26,2022-01-25,89.96,89.0,86.5,87.5,88.5,89.0,90.0,90.5,91.0
2022-01-27,2022-01-26,89.34,91.0,88.0,89.0,90.0,91.0,91.5,92.5,93.0
2022-01-28,2022-01-27,90.03,90.0,87.5,88.5,89.0,90.0,91.0,91.5,92.0
2022-01-31,2022-01-28,91.21,91.0,88.0,88.5,90.0,91.0,91.5,92.5,93.0
2022-02-01,2022-01-31,89.16,92.0,89.0,90.5,91.5,92.0,93.0,93.5,94.5
2022-02-02,2022-02-01,89.47,90.0,87.5,88.5,89.5,90.0,91.0,91.5,92.0
2022-02-03,2022-02-02,91.11,90.0,87.5,88.0,89.5,90.0,91.0,91.5,92.0
2022-02-04,2022-02-03,93.27,91.0,88.5,89.0,90.5,91.0,91.5,92.5,93.5
2022-02-07,2022-02-04,92.69,93.0,90.0,91.5,92.0,93.0,94.5,95.0,95.5
2022-02-08,2022-02-07,90.78,93.5,90.5,91.5,92.5,93.5,94.5,95.0,95.5
2022-02-09,2022-02-08,91.55,91.5,89.0,89.5,91.0,91.5,92.5,92.5,93.0
2022-02-10,2022-02-09,91.41,92.0,89.5,90.0,91.5,92.0,93.0,93.0,93.5
2022-02-11,2022-02-10,94.44,92.0,89.0,90.0,91.0,92.0,92.5,92.5,93.5
2022-02-14,2022-02-11,96.48,94.0,91.5,92.5,93.5,94.0,95.0,95.5,96.0
2022-02-15,2022-02-14,93.28,96.0,93.0,93.5,95.0,96.0,97.0,97.5,98.5
2022-02-16,2022-02-15,94.81,94.0,91.0,92.0,93.0,94.0,95.0,95.0,96.0
2022-02-17,2022-02-16,92.97,95.0,91.5,93.0,94.0,95.0,95.5,96.0,96.5
2022-02-18,2022-02-17,93.54,93.5,90.5,91.5,93.0,93.5,94.0,95.0,95.5
2022-02-22,2022-02-18,96.84,93.5,90.5,91.5,92.5,93.5,94.0,95.0,95.0
2022-02-23,2022-02-22,96.84,96.0,93.0,94.0,95.0,96.0,96.5,97.5,98.5
2022-02-24,2022-02-23,99.08,97.5,94.0,95.0,96.5,97.5,98.0,99.0,99.5
2022-02-25,2022-02-24,97.93,99.0,96.0,97.0,98.0,99.0,100.5,101.0,102.0
2022-02-28,2022-02-25,100.99,98.0,95.0,96.0,97.0,98.0,99.5,100.0,101.0
2022-03-01,2022-02-28,104.97,101.0,97.5,98.5,99.5,101.0,102.0,103.0,103.5
2022-03-02,2022-03-01,112.93,105.0,101.0,102.0,103.5,105.0,107.0,108.0,109.5
2022-03-03,2022-03-02,110.46,113.5,105.5,108.0,111.0,113.5,117.5,120.5,123.5
2022-03-04,2022-03-03,118.11,112.5,106.0,108.0,110.0,112.5,114.5,117.0,119.0
2022-03-07,2022-03-04,123.21,119.5,111.0,113.5,116.5,119.5,123.0,126.0,130.0
2022-03-08,2022-03-07,127.98,125.0,114.5,117.5,121.5,125.0,129.0,135.0,140.0
2022-03-09,2022-03-08,111.14,133.0,119.0,122.5,127.5,133.0,136.0,144.0,151.0
2022-03-10,2022-03-09,109.33,111.5,100.0,103.5,107.5,111.5,115.5,119.5,123.5
2022-03-11,2022-03-10,112.67,110.5,101.5,104.0,107.5,110.5,114.0,117.5,120.5
2022-03-14,2022-03-11,106.9,113.5,105.5,108.0,111.0,113.5,116.5,119.0,122.0
2022-03-15,2022-03-14,99.91,106.5,99.0,101.5,104.5,106.5,109.0,111.5,114.0
2022-03-16,2022-03-15,98.02,100.5,92.5,95.5,98.0,100.5,103.0,105.0,108.0
2022-03-17,2022-03-16,106.64,99.5,93.5,95.0,98.0,99.5,101.5,103.0,105.0
2022-03-18,2022-03-17,107.93,108.0,100.0,102.5,105.0,108.0,111.5,115.5,119.0
2022-03-21,2022-03-18,115.62,108.5,102.0,103.5,106.0,108.5,111.5,115.5,120.0
2022-03-22,2022-03-21,115.48,116.5,107.0,110.0,113.0,116.5,120.5,125.0,129.0
2022-03-23,2022-03-22,121.6,115.5,107.0,110.0,113.0,115.5,118.5,121.5,124.0
2022-03-24,2022-03-23,119.03,121.5,111.5,114.5,118.0,121.5,125.5,129.0,132.0
2022-03-25,2022-03-24,120.65,119.0,109.5,112.0,116.0,119.0,123.0,125.5,128.0
2022-03-28,2022-03-25,112.48,121.0,112.0,114.5,118.0,121.0,124.5,127.5,130.0
2022-03-29,2022-03-28,110.23,113.5,104.0,107.0,110.5,113.5,116.5,119.0,121.5
2022-03-30,2022-03-29,113.45,110.5,103.5,105.5,108.5,110.5,113.0,116.0,117.5
2022-03-31,2022-03-30,107.91,114.0,106.0,109.0,112.0,114.0,117.0,119.5,121.5
2022-04-01,2022-03-31,104.39,108.0,101.0,103.5,105.5,108.0,111.0,112.5,114.5
2022-04-04,2022-04-01,107.53,106.5,99.0,101.0,103.5,106.5,108.0,110.0,112.0
2022-04-05,2022-04-04,106.64,109.0,102.0,104.5,106.5,109.0,111.0,113.0,114.5
2022-04-06,2022-04-05,101.07,108.0,101.5,103.5,106.0,108.0,110.0,112.5,114.0
2022-04-07,2022-04-06,100.58,102.5,96.0,98.0,100.5,102.5,104.5,106.5,108.5
2022-04-08,2022-04-07,102.78,101.5,95.5,97.5,99.5,101.5,103.0,104.5,105.5
2022-04-11,2022-04-08,98.48,103.0,97.0,99.0,101.0,103.0,104.5,106.5,107.5
2022-04-12,2022-04-11,104.64,97.5,91.5,93.5,96.0,97.5,99.5,101.0,103.0
2022-04-13,2022-04-12,108.78,104.0,98.0,99.5,102.0,104.0,106.5,108.0,110.0
2022-04-14,2022-04-13,111.7,107.5,101.0,103.5,106.0,107.5,110.0,112.5,114.0
2022-04-18,2022-04-14,113.16,110.0,103.0,105.0,107.5,110.0,112.5,115.5,117.5
2022-04-19,2022-04-18,107.25,111.5,104.5,107.0,109.5,111.5,114.5,116.5,119.0
2022-04-20,2022-04-19,106.8,106.5,100.0,102.0,104.5,106.5,108.0,110.0,111.5
2022-04-21,2022-04-20,108.33,107.0,101.0,102.5,105.0,107.0,108.5,110.5,111.0
2022-04-22,2022-04-21,106.65,108.0,103.0,104.5,106.5,108.0,110.0,111.5,112.5
2022-04-25,2022-04-22,102.32,106.0,101.0,103.0,104.5,106.0,107.5,109.5,110.5
2022-04-26,2022-04-25,104.99,102.5,97.5,99.5,101.0,102.5,104.0,105.0,106.5
2022-04-27,2022-04-26,105.32,105.0,99.5,101.5,103.5,105.0,107.0,108.5,109.5
2022-04-28,2022-04-27,107.59,105.0,100.0,101.0,103.0,105.0,106.5,108.0,109.0
2022-04-29,2022-04-28,109.34,108.0,102.5,104.0,106.0,108.0,110.0,111.0,112.5
2022-05-02,2022-04-29,107.58,109.5,104.0,105.5,108.0,109.5,111.5,113.5,115.0
2022-05-03,2022-05-02,104.97,107.5,102.5,104.5,106.0,107.5,109.5,110.5,112.0
2022-05-04,2022-05-03,110.14,105.0,100.5,102.0,104.0,105.0,106.0,107.5,108.5
2022-05-05,2022-05-04,110.9,109.5,104.5,106.0,108.0,109.5,111.5,112.5,114.5
2022-05-06,2022-05-05,112.39,110.0,106.0,107.5,109.0,110.0,112.0,113.0,114.5
2022-05-09,2022-05-06,105.94,111.5,107.0,108.5,110.5,111.5,113.0,113.5,115.0
2022-05-10,2022-05-09,102.46,106.0,100.5,102.0,104.0,106.0,107.0,108.5,109.5
2022-05-11,2022-05-10,107.51,102.0,97.5,98.5,100.5,102.0,103.5,105.0,106.0
2022-05-12,2022-05-11,107.45,107.0,101.5,103.5,105.5,107.0,108.0,109.5,110.5
2022-05-13,2022-05-12,111.55,106.5,102.0,103.0,105.0,106.5,108.0,109.0,110.5
2022-05-16,2022-05-13,114.24,110.0,105.0,107.0,108.0,110.0,112.0,113.0,114.5
2022-05-17,2022-05-16,111.93,112.5,107.0,109.0,111.0,112.5,114.0,116.0,117.5
2022-05-18,2022-05-17,109.11,110.5,105.5,107.0,109.0,110.5,112.5,113.5,115.5
2022-05-19,2022-05-18,112.04,109.0,104.5,106.0,108.0,109.0,110.5,112.0,113.0
2022-05-20,2022-05-19,112.55,111.5,106.5,108.5,110.0,111.5,113.0,114.0,115.5
2022-05-23,2022-05-20,113.42,112.0,107.5,109.5,111.0,112.0,113.5,114.5,115.5
2022-05-24,2022-05-23,113.56,113.0,108.5,110.0,111.5,113.0,114.5,115.5,117.0
2022-05-25,2022-05-24,114.03,114.0,109.5,111.0,112.5,114.0,115.0,116.5,117.0
2022-05-26,2022-05-25,117.4,115.0,110.5,111.5,113.5,115.0,115.5,117.0,118.0
2022-05-27,2022-05-26,119.43,117.0,112.5,113.5,115.5,117.0,118.5,120.0,121.5
2022-05-31,2022-05-27,122.84,119.0,114.0,115.5,117.5,119.0,120.0,121.5,123.0
2022-06-01,2022-05-31,116.29,122.0,116.5,118.5,120.5,122.0,123.0,124.5,126.0
2022-06-02,2022-06-01,117.61,116.5,111.0,112.5,115.0,116.5,118.0,119.5,121.0
2022-06-03,2022-06-02,119.72,117.0,111.5,113.5,116.0,117.0,119.5,120.0,121.5
2022-06-06,2022-06-03,119.51,118.5,113.5,114.5,117.0,118.5,120.0,121.5,122.5
2022-06-07,2022-06-06,120.57,118.5,113.5,115.0,117.5,118.5,120.5,121.0,122.5
2022-06-08,2022-06-07,123.58,119.5,115.0,116.5,118.0,119.5,121.0,122.0,123.0
2022-06-09,2022-06-08,123.07,121.5,116.5,118.0,120.0,121.5,123.0,124.0,125.5
2022-06-10,2022-06-09,122.01,122.5,117.5,119.0,121.0,122.5,124.0,126.0,127.0
2022-06-13,2022-06-10,122.27,122.5,118.0,119.5,121.0,122.5,125.0,125.5,127.0
2022-06-14,2022-06-13,121.17,123.0,118.0,120.0,121.5,123.0,124.5,125.5,127.0
2022-06-15,2022-06-14,118.51,121.5,117.0,119.0,120.5,121.5,123.0,124.0,125.5
2022-06-16,2022-06-15,119.81,118.0,113.5,115.0,116.5,118.0,119.5,120.5,121.5
2022-06-17,2022-06-16,113.12,119.5,114.5,116.0,118.0,119.5,121.0,122.0,122.5
2022-06-21,2022-06-17,114.65,113.5,109.0,110.5,112.0,113.5,114.0,114.5,115.5
2022-06-22,2022-06-21,111.74,114.0,110.0,111.5,113.0,114.0,115.0,116.0,116.5
2022-06-23,2022-06-22,110.05,110.5,106.5,108.0,109.5,110.5,111.0,112.0,112.5
2022-06-24,2022-06-23,113.12,108.0,103.5,105.5,107.0,108.0,109.0,109.5,110.0
2022-06-27,2022-06-24,115.09,112.0,108.0,109.0,111.0,112.0,113.5,114.0,114.5
2022-06-28,2022-06-27,117.98,113.0,109.0,110.5,112.0,113.0,114.5,116.0,116.5
2022-06-29,2022-06-28,116.26,116.0,111.5,113.0,115.0,116.0,118.0,119.0,120.0
2022-06-30,2022-06-29,114.81,115.0,111.0,112.0,114.0,115.0,116.5,117.5,118.5
2022-07-01,2022-06-30,111.63,113.0,109.0,110.5,112.0,113.0,114.5,115.5,116.0
2022-07-05,2022-07-01,102.77,110.0,106.5,107.5,109.5,110.0,111.0,112.0,113.0
2022-07-06,2022-07-05,100.69,101.5,96.0,98.0,100.0,101.5,103.0,104.5,106.0
2022-07-07,2022-07-06,104.65,101.0,95.5,97.5,99.0,101.0,102.0,104.0,105.0
2022-07-08,2022-07-07,107.02,105.0,100.0,101.5,103.5,105.0,106.5,108.0,108.5
2022-07-11,2022-07-08,107.1,107.0,102.0,103.5,105.5,107.0,108.5,110.0,111.0
2022-07-12,2022-07-11,99.49,106.5,102.0,103.5,105.0,106.5,108.0,109.5,110.5
2022-07-13,2022-07-12,99.57,97.5,92.0,94.0,96.0,97.5,99.5,101.5,102.5
2022-07-14,2022-07-13,99.1,100.0,95.0,96.5,98.0,100.0,101.5,103.0,104.5
2022-07-15,2022-07-14,101.16,97.5,93.0,94.5,96.0,97.5,99.5,100.5,102.0
2022-07-18,2022-07-15,106.27,100.0,95.0,97.0,98.5,100.0,101.5,103.0,104.0
2022-07-19,2022-07-18,107.35,105.0,100.5,102.0,104.0,105.0,107.0,108.0,109.0
2022-07-20,2022-07-19,106.92,106.0,101.0,102.5,104.5,106.0,107.5,108.5,110.0
2022-07-21,2022-07-20,103.86,105.5,101.0,102.5,104.0,105.5,107.0,108.0,109.0
2022-07-22,2022-07-21,103.2,103.0,99.0,100.0,101.5,103.0,104.0,105.5,106.0
2022-07-25,2022-07-22,105.15,102.5,98.5,99.5,101.0,102.5,103.5,104.5,105.0
2022-07-26,2022-07-25,104.4,104.5,101.0,102.0,103.5,104.5,106.0,106.5,107.5
2022-07-27,2022-07-26,106.62,103.5,100.5,101.5,103.0,103.5,105.0,106.0,106.5
2022-07-28,2022-07-27,107.14,106.5,102.5,103.0,105.0,106.5,108.0,109.5,110.0
2022-07-29,2022-07-28,110.01,106.5,103.0,103.5,105.5,106.5,108.5,109.0,110.0
2022-08-01,2022-07-29,100.03,109.0,105.0,106.0,108.0,109.0,110.5,112.0,113.0
2022-08-02,2022-08-01,100.54,99.0,94.0,95.5,97.5,99.0,101.0,102.5,103.5
2022-08-03,2022-08-02,96.78,100.0,96.0,97.0,98.5,100.0,101.5,103.0,104.5
2022-08-04,2022-08-03,94.12,96.0,91.5,93.0,94.5,96.0,97.5,99.0,100.0
2022-08-05,2022-08-04,94.92,94.5,90.0,91.5,93.0,94.5,95.5,97.5,98.5
2022-08-08,2022-08-05,96.65,94.5,90.5,91.5,93.0,94.5,95.5,97.5,98.5
2022-08-09,2022-08-08,96.31,95.5,91.5,93.0,94.5,95.5,97.0,98.5,99.5
2022-08-10,2022-08-09,97.4,95.0,91.0,92.5,93.5,95.0,96.5,98.0,99.0
2022-08-11,2022-08-10,99.6,96.5,92.5,93.5,95.0,96.5,98.0,99.5,100.5
2022-08-12,2022-08-11,98.15,99.0,95.0,96.0,97.5,99.0,100.5,101.5,102.5
2022-08-15,2022-08-12,95.1,97.0,93.5,94.5,96.0,97.0,98.5,100.0,100.5
2022-08-16,2022-08-15,92.34,94.5,90.5,91.5,93.0,94.5,95.5,97.0,98.0
2022-08-17,2022-08-16,93.65,91.5,88.0,89.0,90.5,91.5,93.0,94.5,95.5
2022-08-18,2022-08-17,96.59,93.0,89.0,90.5,91.5,93.0,94.0,95.5,96.5
2022-08-19,2022-08-18,96.72,96.0,92.5,93.5,95.0,96.0,97.5,98.5,99.5
2022-08-22,2022-08-19,96.48,96.0,92.5,93.5,95.0,96.0,97.0,98.5,99.0
2022-08-23,2022-08-22,100.22,95.5,92.5,93.0,94.5,95.5,96.5,97.5,98.5
2022-08-24,2022-08-23,101.22,100.5,96.5,97.5,99.0,100.5,102.0,103.0,104.0
2022-08-25,2022-08-24,99.34,101.0,97.0,98.0,99.5,101.0,102.0,103.0,104.5
2022-08-26,2022-08-25,100.99,99.0,95.5,96.5,97.5,99.0,100.0,101.0,102.0
2022-08-29,2022-08-26,105.09,101.0,97.5,98.5,100.0,101.0,102.5,103.5,104.5
2022-08-30,2022-08-29,99.31,105.0,100.5,101.5,103.5,105.0,106.5,108.0,109.5
2022-08-31,2022-08-30,96.49,99.0,94.5,96.0,97.5,99.0,100.5,101.5,103.0
2022-09-01,2022-08-31,92.36,95.5,91.0,92.5,94.0,95.5,97.0,98.5,99.5
2022-09-02,2022-09-01,93.02,91.5,88.0,89.0,90.5,91.5,93.0,94.5,95.0
2022-09-06,2022-09-02,92.83,92.5,89.0,90.0,91.5,92.5,94.0,95.5,96.5
2022-09-07,2022-09-06,88.0,92.0,88.5,89.5,91.0,92.0,93.5,95.0,96.0
2022-09-08,2022-09-07,89.15,87.0,82.5,84.0,85.0,87.0,88.5,90.5,91.5
2022-09-09,2022-09-08,92.84,89.0,85.0,86.0,87.5,89.0,90.5,92.0,93.0
2022-09-12,2022-09-09,94.0,92.5,88.0,89.5,91.0,92.5,93.5,95.0,96.0
2022-09-13,2022-09-12,93.17,92.5,88.5,90.0,91.5,92.5,94.0,95.5,96.5
2022-09-14,2022-09-13,94.1,92.5,88.5,89.5,91.0,92.5,93.5,95.0,96.0
2022-09-15,2022-09-14,90.84,93.5,90.0,91.0,92.0,93.5,94.5,95.5,96.5
2022-09-16,2022-09-15,91.35,90.0,86.0,87.5,89.0,90.0,91.0,92.0,93.0
2022-09-19,2022-09-16,92.0,90.5,86.5,88.0,89.0,90.5,91.5,92.5,93.5
2022-09-20,2022-09-19,90.62,91.0,87.5,89.0,90.0,91.0,92.5,93.5,94.5
2022-09-21,2022-09-20,89.83,89.5,86.5,87.5,88.5,89.5,91.0,91.5,92.5
2022-09-22,2022-09-21,90.46,88.5,85.5,86.5,87.5,88.5,89.5,90.5,91.5
2022-09-23,2022-09-22,86.15,89.5,86.5,87.5,88.5,89.5,90.5,91.5,92.0
2022-09-26,2022-09-23,84.06,84.5,81.5,82.5,83.5,84.5,86.0,87.0,88.0
2022-09-27,2022-09-26,86.27,83.5,80.5,81.5,82.5,83.5,85.0,86.0,86.5
2022-09-28,2022-09-27,89.32,86.0,83.0,84.0,85.0,86.0,87.0,88.0,89.0
2022-09-29,2022-09-28,88.49,88.5,85.5,86.0,87.5,88.5,90.0,91.0,92.0
2022-09-30,2022-09-29,87.96,88.0,85.0,85.5,87.0,88.0,89.0,90.0,91.0
2022-10-03,2022-09-30,88.86,87.0,84.0,84.5,86.0,87.0,88.0,89.0,89.5
2022-10-04,2022-10-03,91.8,88.0,85.0,86.0,87.0,88.0,89.0,90.0,90.5
2022-10-05,2022-10-04,93.37,91.0,87.5,88.5,89.5,91.0,92.0,93.5,94.5
2022-10-06,2022-10-05,94.42,92.5,89.5,90.5,91.5,92.5,94.0,95.0,96.0
2022-10-07,2022-10-06,97.92,93.5,90.5,91.5,92.5,93.5,95.0,96.0,97.0
2022-10-10,2022-10-07,96.19,96.5,93.0,94.0,95.5,96.5,98.0,99.5,101.0
2022-10-11,2022-10-10,94.29,94.5,91.0,92.0,93.0,94.5,95.5,97.0,98.0
2022-10-12,2022-10-11,92.45,93.5,90.5,91.0,92.5,93.5,94.5,96.0,96.5
2022-10-13,2022-10-12,94.57,92.5,89.5,90.5,91.5,92.5,93.5,94.5,95.0
2022-10-14,2022-10-13,91.63,94.0,91.0,92.0,93.0,94.0,95.5,96.5,97.5
2022-10-17,2022-10-14,91.62,91.0,88.0,89.0,90.0,91.0,92.0,93.5,94.0
2022-10-18,2022-10-17,90.03,91.0,88.0,89.0,90.0,91.0,92.0,93.5,94.5
2022-10-19,2022-10-18,92.41,89.5,86.5,87.5,88.5,89.5,91.0,92.0,92.5
2022-10-20,2022-10-19,92.38,92.0,89.0,90.0,91.0,92.0,93.5,94.5,95.5
2022-10-21,2022-10-20,93.5,91.5,89.0,89.5,90.5,91.5,93.0,93.5,94.5
2022-10-24,2022-10-21,93.26,93.0,90.0,91.0,92.0,93.0,94.5,95.5,96.5
2022-10-25,2022-10-24,93.52,93.0,90.0,91.0,92.0,93.0,94.0,95.0,96.0
2022-10-26,2022-10-25,95.69,93.0,90.0,91.0,92.0,93.0,94.0,95.0,95.5
2022-10-27,2022-10-26,96.96,95.0,92.0,93.0,94.0,95.0,96.0,97.0,98.0
2022-10-28,2022-10-27,95.77,96.5,93.5,94.0,95.0,96.5,97.5,98.5,99.5
2022-10-31,2022-10-28,94.83,95.0,92.5,93.5,94.5,95.0,96.5,97.0,98.0
2022-11-01,2022-10-31,94.65,94.0,91.5,92.0,93.0,94.0,95.5,96.5,97.0
2022-11-02,2022-11-01,96.16,94.0,91.0,92.0,93.0,94.0,95.0,96.0,97.0
2022-11-03,2022-11-02,94.67,95.5,92.5,93.5,94.5,95.5,96.5,98.0,98.5
2022-11-04,2022-11-03,98.57,94.5,91.5,92.5,93.5,94.5,95.5,96.5,97.5
2022-11-07,2022-11-04,97.92,98.0,94.5,95.5,96.5,98.0,99.0,100.0,101.5
2022-11-08,2022-11-07,95.36,97.0,94.0,95.0,96.0,97.0,98.5,99.5,100.5
2022-11-09,2022-11-08,92.65,94.5,91.5,92.0,93.5,94.5,96.0,97.5,98.5
2022-11-10,2022-11-09,93.67,92.5,89.5,90.5,91.5,92.5,94.0,95.0,96.0
2022-11-11,2022-11-10,95.99,93.5,90.0,91.0,92.0,93.5,94.5,96.0,97.0
2022-11-14,2022-11-11,93.14,95.0,92.0,93.0,94.0,95.0,96.5,97.5,98.5
2022-11-15,2022-11-14,93.86,93.0,89.5,90.5,92.0,93.0,94.0,95.5,96.5
2022-11-16,2022-11-15,92.86,94.0,90.5,91.5,92.5,94.0,95.0,96.0,97.0
2022-11-17,2022-11-16,89.78,92.5,89.5,90.0,91.5,92.5,93.5,94.5,95.5
2022-11-18,2022-11-17,87.62,89.0,85.5,86.5,88.0,89.0,90.5,92.0,93.0
2022-11-21,2022-11-18,87.45,87.0,83.5,84.5,85.5,87.0,88.5,89.5,90.5
2022-11-22,2022-11-21,88.36,86.5,83.0,84.0,85.0,86.5,88.0,89.0,90.0
2022-11-23,2022-11-22,85.41,87.5,84.5,85.5,86.5,87.5,89.0,90.0,91.0
2022-11-25,2022-11-23,83.63,84.0,80.5,81.5,82.5,84.0,85.0,86.5,87.5
2022-11-28,2022-11-25,83.19,82.5,79.5,80.0,81.5,82.5,83.5,85.0,86.0
2022-11-29,2022-11-28,83.03,82.5,79.5,80.5,81.5,82.5,84.0,85.0,86.0
2022-11-30,2022-11-29,85.43,82.5,79.5,80.5,81.0,82.5,83.5,84.5,85.5
2022-12-01,2022-11-30,86.88,84.5,82.0,82.5,83.5,84.5,86.0,87.0,88.0
2022-12-02,2022-12-01,85.57,86.0,83.5,84.0,85.0,86.0,87.5,88.5,89.0
2022-12-05,2022-12-02,82.68,85.5,82.5,83.5,84.0,85.5,86.5,87.5,88.0
2022-12-06,2022-12-05,79.35,82.5,79.5,80.0,81.5,82.5,83.5,84.5,85.5
2022-12-07,2022-12-06,77.17,78.5,75.5,76.5,77.5,78.5,80.0,81.0,82.0
2022-12-08,2022-12-07,76.15,77.0,73.5,74.5,76.0,77.0,78.0,79.5,80.5
2022-12-09,2022-12-08,76.1,76.5,73.0,74.0,75.0,76.5,77.5,79.0,80.0
2022-12-12,2022-12-09,77.99,76.0,73.0,73.5,74.5,76.0,77.0,78.0,79.0
2022-12-13,2022-12-12,80.68,78.0,75.0,76.0,77.0,78.0,79.0,80.5,81.5
2022-12-14,2022-12-13,82.7,80.5,77.5,78.5,79.5,80.5,82.0,83.0,84.0
2022-12-15,2022-12-14,81.21,82.5,79.5,80.5,81.5,82.5,84.0,85.0,86.0
2022-12-16,2022-12-15,79.04,80.5,78.0,78.5,79.5,80.5,81.5,82.5,83.5
2022-12-19,2022-12-16,79.8,78.5,75.5,76.5,77.5,78.5,79.5,80.5,81.5
2022-12-20,2022-12-19,79.99,80.0,77.0,78.0,79.0,80.0,81.0,82.0,83.0
2022-12-21,2022-12-20,82.2,80.0,77.5,78.0,79.0,80.0,81.0,82.0,83.0
2022-12-22,2022-12-21,80.98,82.0,79.5,80.0,81.0,82.0,83.5,84.5,85.0
2022-12-23,2022-12-22,83.92,80.5,78.5,79.0,79.5,80.5,81.5,82.5,83.5
2022-12-27,2022-12-23,84.33,84.0,81.0,82.0,83.0,84.0,85.5,86.5,87.5
2022-12-28,2022-12-27,83.26,84.5,81.5,82.5,83.0,84.5,85.5,86.5,87.5
2022-12-29,2022-12-28,82.26,83.0,80.0,81.0,82.0,83.0,84.0,85.0,85.5
2022-12-30,2022-12-29,85.91,82.0,79.5,80.0,81.0,82.0,83.0,84.0,85.0
2023-01-03,2022-12-30,82.1,85.5,82.5,83.5,84.5,85.5,87.0,88.5,89.5
2023-01-04,2023-01-03,77.84,81.5,78.5,79.5,80.5,81.5,82.5,84.0,85.0
2023-01-05,2023-01-04,78.69,76.0,72.5,73.5,75.0,76.0,77.5,79.5,80.5
2023-01-06,2023-01-05,78.57,78.5,75.0,76.0,77.5,78.5,80.0,81.0,82.5
2023-01-09,2023-01-06,79.65,78.0,75.0,76.0,77.0,78.0,79.5,80.5,81.5
2023-01-10,2023-01-09,80.1,79.5,76.5,77.0,78.5,79.5,80.5,81.5,82.5
2023-01-11,2023-01-10,82.67,79.5,77.0,78.0,78.5,79.5,80.5,81.5,82.5
2023-01-12,2023-01-11,84.03,82.5,80.0,80.5,81.5,82.5,83.5,84.5,85.5
2023-01-13,2023-01-12,85.28,83.5,81.0,81.5,82.5,83.5,84.5,85.5,86.0
2023-01-17,2023-01-13,85.92,85.0,82.5,83.0,84.0,85.0,86.0,87.0,87.5
2023-01-18,2023-01-17,84.98,85.5,83.0,83.5,84.5,85.5,86.5,87.5,88.0
2023-01-19,2023-01-18,86.16,84.5,82.0,82.5,83.5,84.5,85.5,86.0,87.0
2023-01-20,2023-01-19,87.63,85.5,83.0,83.5,84.5,85.5,86.5,87.5,88.0
2023-01-23,2023-01-20,88.19,87.5,84.5,85.5,86.0,87.5,88.5,89.5,90.5
2023-01-24,2023-01-23,86.13,87.5,85.0,85.5,86.5,87.5,88.5,89.5,90.5
2023-01-25,2023-01-24,86.12,85.5,83.0,84.0,84.5,85.5,86.5,87.5,88.0
2023-01-26,2023-01-25,87.47,86.0,83.5,84.0,85.0,86.0,87.0,88.0,88.5
2023-01-27,2023-01-26,86.66,87.5,85.0,85.5,86.5,87.5,88.5,89.5,90.5
2023-01-30,2023-01-27,84.9,86.0,84.0,84.5,85.5,86.0,87.0,88.0,88.5
2023-01-31,2023-01-30,84.49,84.5,82.5,83.0,83.5,84.5,85.5,86.5,87.5
2023-02-01,2023-01-31,82.84,84.5,82.0,83.0,83.5,84.5,85.5,86.5,87.5
2023-02-02,2023-02-01,82.17,83.0,80.0,81.0,82.0,83.0,83.5,84.5,85.5
2023-02-03,2023-02-02,79.94,82.5,80.0,80.5,81.5,82.5,83.0,84.0,84.5
2023-02-06,2023-02-03,80.99,79.5,77.0,77.5,78.5,79.5,80.5,81.5,82.0
2023-02-07,2023-02-06,83.69,81.5,79.0,79.5,80.5,81.5,82.0,83.0,83.5
2023-02-08,2023-02-07,85.09,84.5,81.5,82.5,83.5,84.5,85.5,86.0,87.0
2023-02-09,2023-02-08,84.5,85.0,82.5,83.5,84.0,85.0,86.0,87.0,87.5
2023-02-10,2023-02-09,86.39,84.5,82.0,82.5,83.5,84.5,85.0,86.0,87.0
2023-02-13,2023-02-10,86.61,86.5,84.0,84.5,85.5,86.5,87.5,88.5,89.5
2023-02-14,2023-02-13,85.58,86.5,84.0,84.5,85.5,86.5,87.5,88.0,89.0
2023-02-15,2023-02-14,85.38,85.5,83.0,83.5,84.5,85.5,86.0,87.0,87.5
2023-02-16,2023-02-15,85.14,85.5,83.0,84.0,84.5,85.5,86.0,87.0,87.5
2023-02-17,2023-02-16,83.0,85.0,83.0,83.5,84.5,85.0,86.0,87.0,87.5
2023-02-21,2023-02-17,83.05,83.0,81.0,81.5,82.5,83.0,84.0,85.0,85.5
2023-02-22,2023-02-21,80.6,83.5,81.0,81.5,82.5,83.5,84.0,85.0,85.5
2023-02-23,2023-02-22,82.21,81.0,78.5,79.0,80.0,81.0,82.0,82.5,83.5
2023-02-24,2023-02-23,83.16,83.0,80.5,81.0,82.0,83.0,84.0,84.5,85.5
2023-02-27,2023-02-24,82.45,83.5,81.0,81.5,82.5,83.5,84.5,85.5,86.0
2023-02-28,2023-02-27,83.89,82.5,80.0,81.0,81.5,82.5,83.0,84.0,85.0
2023-03-01,2023-02-28,84.31,84.5,82.0,82.5,83.5,84.5,85.0,86.0,87.0
2023-03-02,2023-03-01,84.75,84.5,82.5,83.0,83.5,84.5,85.0,86.0,86.5
2023-03-03,2023-03-02,85.83,85.0,83.0,83.5,84.5,85.0,86.0,86.5,87.5
2023-03-06,2023-03-03,86.18,86.0,83.5,84.0,85.0,86.0,86.5,87.5,88.0
2023-03-07,2023-03-06,83.29,86.0,84.0,84.5,85.5,86.0,87.0,87.5,88.5
2023-03-08,2023-03-07,82.66,83.0,81.0,81.5,82.5,83.0,84.0,85.0,85.5
2023-03-09,2023-03-08,81.59,83.0,81.0,81.5,82.5,83.0,84.0,85.0,85.5
2023-03-10,2023-03-09,82.78,81.5,79.5,80.0,81.0,81.5,82.5,83.5,84.5
2023-03-13,2023-03-10,80.77,83.5,81.0,81.5,82.5,83.5,84.0,85.0,86.0
2023-03-14,2023-03-13,77.45,81.0,78.5,79.0,80.0,81.0,82.0,83.5,84.0
2023-03-15,2023-03-14,73.69,78.0,75.0,76.0,77.0,78.0,79.0,80.0,81.0
2023-03-16,2023-03-15,74.7,73.5,70.5,71.5,72.5,73.5,74.5,76.0,76.5
2023-03-17,2023-03-16,72.97,75.0,72.0,73.0,74.0,75.0,76.5,77.5,78.5
2023-03-20,2023-03-17,73.79,72.5,69.5,70.0,71.5,72.5,73.5,74.5,75.5
2023-03-21,2023-03-20,75.32,74.0,71.0,71.5,73.0,74.0,75.0,76.0,77.0
2023-03-22,2023-03-21,76.69,75.5,72.5,73.5,74.5,75.5,76.5,77.5,78.0
2023-03-23,2023-03-22,75.91,77.0,74.5,75.0,76.0,77.0,78.0,79.0,79.5
2023-03-24,2023-03-23,74.99,76.0,73.5,74.0,75.0,76.0,77.0,78.0,78.5
2023-03-27,2023-03-24,78.12,75.0,72.5,73.0,74.0,75.0,76.0,77.0,77.5
2023-03-28,2023-03-27,78.65,79.0,76.0,77.0,78.0,79.0,80.0,81.0,81.5
2023-03-29,2023-03-28,78.28,79.0,76.5,77.0,78.0,79.0,79.5,80.5,81.0
2023-03-30,2023-03-29,79.27,78.0,76.0,76.5,77.5,78.0,79.0,80.0,80.5
2023-03-31,2023-03-30,79.77,79.5,77.0,78.0,78.5,79.5,80.5,81.5,82.0
2023-04-03,2023-03-31,84.93,80.0,77.5,78.5,79.0,80.0,80.5,81.5,82.0
2023-04-04,2023-04-03,84.94,85.0,82.0,82.5,83.5,85.0,86.0,87.5,88.5
2023-04-05,2023-04-04,84.99,84.0,81.5,82.0,83.0,84.0,85.0,86.0,87.0
2023-04-06,2023-04-05,85.12,84.0,82.0,82.5,83.0,84.0,85.0,86.0,87.0
2023-04-10,2023-04-06,84.18,84.0,81.5,82.5,83.0,84.0,85.0,86.0,86.5
2023-04-11,2023-04-10,85.61,83.0,81.0,81.5,82.5,83.0,84.0,85.0,86.0
2023-04-12,2023-04-11,87.33,85.0,82.5,83.0,84.0,85.0,86.5,87.5,88.0
2023-04-13,2023-04-12,86.09,87.0,84.0,84.5,85.5,87.0,88.0,89.0,90.0
2023-04-14,2023-04-13,86.31,85.0,82.5,83.0,84.0,85.0,86.0,87.0,88.0
2023-04-17,2023-04-14,84.76,85.5,83.0,83.5,84.5,85.5,87.0,88.0,88.5
2023-04-18,2023-04-17,84.77,84.0,81.5,82.0,83.0,84.0,85.0,86.0,87.0
2023-04-19,2023-04-18,83.12,84.5,82.0,82.5,83.5,84.5,85.5,86.5,87.5
2023-04-20,2023-04-19,81.1,83.0,80.5,81.0,82.0,83.0,83.5,84.5,85.5
2023-04-21,2023-04-20,81.66,80.5,78.0,78.5,79.5,80.5,81.5,82.5,83.5
2023-04-24,2023-04-21,82.73,81.5,79.0,80.0,81.0,81.5,82.5,83.5,84.5
2023-04-25,2023-04-24,80.77,83.0,81.0,81.5,82.0,83.0,84.0,85.0,85.5
2023-04-26,2023-04-25,77.69,81.0,78.5,79.5,80.0,81.0,82.0,83.0,83.5
2023-04-27,2023-04-26,78.37,78.0,75.0,76.0,77.0,78.0,78.5,79.5,80.5
2023-04-28,2023-04-27,79.54,79.0,76.5,77.0,78.0,79.0,80.0,81.0,82.0
2023-05-01,2023-04-28,79.31,80.0,78.0,78.5,79.5,80.0,81.0,82.0,83.0
2023-05-02,2023-05-01,75.32,80.0,77.5,78.0,79.0,80.0,80.5,81.5,82.0
2023-05-03,2023-05-02,72.33,75.5,73.0,74.0,74.5,75.5,76.5,77.5,78.0
2023-05-04,2023-05-03,72.5,72.5,69.5,70.5,71.5,72.5,73.5,74.5,75.5
2023-05-05,2023-05-04,75.3,72.5,70.0,70.5,71.5,72.5,73.5,74.5,75.5
2023-05-08,2023-05-05,77.01,76.0,73.0,74.0,75.0,76.0,77.0,78.0,79.0
2023-05-09,2023-05-08,77.44,77.5,75.0,75.5,76.5,77.5,78.5,79.5,80.0
2023-05-10,2023-05-09,76.41,78.0,75.5,76.5,77.5,78.0,79.0,80.0,80.5
2023-05-11,2023-05-10,74.98,77.0,74.5,75.0,76.0,77.0,77.5,78.5,79.0
2023-05-12,2023-05-11,74.17,75.0,72.5,73.0,74.0,75.0,75.5,76.5,77.0
2023-05-15,2023-05-12,75.23,74.0,72.0,72.5,73.5,74.0,75.0,76.0,76.5
2023-05-16,2023-05-15,74.91,75.5,73.0,74.0,74.5,75.5,76.5,77.5,78.0
2023-05-17,2023-05-16,76.96,75.0,72.5,73.5,74.0,75.0,76.0,77.0,77.5
2023-05-18,2023-05-17,75.86,77.5,75.0,75.5,76.5,77.5,78.5,79.5,80.0
2023-05-19,2023-05-18,75.58,76.0,73.5,74.0,75.0,76.0,77.0,78.0,78.5
2023-05-22,2023-05-19,75.99,76.0,73.5,74.0,75.0,76.0,76.5,77.5,78.5
2023-05-23,2023-05-22,76.84,76.5,74.0,74.5,75.5,76.5,77.5,78.0,79.0
2023-05-24,2023-05-23,78.36,77.0,74.5,75.5,76.0,77.0,78.0,79.0,79.5
2023-05-25,2023-05-24,76.26,78.5,76.0,76.5,77.5,78.5,79.5,80.0,81.0
2023-05-26,2023-05-25,76.95,76.0,74.0,74.5,75.0,76.0,77.0,78.0,78.5
2023-05-30,2023-05-26,73.54,77.0,74.5,75.5,76.0,77.0,78.0,79.0,79.5
2023-05-31,2023-05-30,72.66,73.0,71.0,71.5,72.5,73.0,74.0,75.0,75.5
2023-06-01,2023-05-31,74.28,72.5,70.5,71.0,71.5,72.5,73.5,74.0,74.5
2023-06-02,2023-06-01,76.13,74.5,72.5,73.0,73.5,74.5,75.5,76.5,77.0
2023-06-05,2023-06-02,76.71,76.5,74.0,75.0,75.5,76.5,77.5,78.0,79.0
2023-06-06,2023-06-05,76.29,76.5,74.0,75.0,75.5,76.5,77.5,78.0,79.0
2023-06-07,2023-06-06,76.95,76.5,74.0,74.5,75.5,76.5,77.0,78.0,78.5
2023-06-08,2023-06-07,75.96,77.0,74.5,75.5,76.0,77.0,78.0,78.5,79.0
2023-06-09,2023-06-08,74.79,76.0,74.0,74.5,75.0,76.0,76.5,77.5,78.0
2023-06-12,2023-06-09,71.84,74.5,72.5,73.0,73.5,74.5,75.5,76.0,76.5
2023-06-13,2023-06-12,74.29,71.5,69.5,70.0,71.0,71.5,72.5,73.0,73.5
2023-06-14,2023-06-13,73.2,74.5,72.5,73.0,73.5,74.5,75.5,76.5,77.0
2023-06-15,2023-06-14,75.67,73.0,71.0,71.5,72.0,73.0,74.0,74.5,75.5
2023-06-16,2023-06-15,76.61,76.0,73.5,74.5,75.0,76.0,77.0,78.0,78.5
2023-06-20,2023-06-16,75.9,77.0,74.5,75.0,76.0,77.0,77.5,78.5,79.0
2023-06-21,2023-06-20,77.12,76.0,73.5,74.5,75.0,76.0,77.0,77.5,78.0
2023-06-22,2023-06-21,74.14,77.5,75.0,75.5,76.5,77.5,78.0,79.0,79.5
2023-06-23,2023-06-22,73.85,74.0,72.0,72.5,73.5,74.0,75.0,76.0,76.5
2023-06-26,2023-06-23,74.18,74.0,72.0,72.5,73.5,74.0,75.0,75.5,76.0
2023-06-27,2023-06-26,72.26,74.5,72.5,73.0,73.5,74.5,75.0,76.0,77.0
2023-06-28,2023-06-27,74.03,72.5,70.5,71.0,71.5,72.5,73.5,74.0,74.5
2023-06-29,2023-06-28,74.34,74.0,72.0,72.5,73.5,74.0,75.0,76.0,77.0
2023-06-30,2023-06-29,74.9,74.5,72.0,73.0,73.5,74.5,75.5,76.0,77.0
2023-07-03,2023-06-30,74.65,75.0,72.5,73.5,74.0,75.0,76.0,77.0,77.5
2023-07-05,2023-07-03,76.65,75.0,73.0,73.5,74.0,75.0,76.0,77.0,77.5
2023-07-06,2023-07-05,76.52,77.0,74.5,75.0,76.0,77.0,78.0,79.0,79.5
2023-07-07,2023-07-06,78.47,76.5,74.0,75.0,75.5,76.5,77.5,78.5,79.0
2023-07-10,2023-07-07,77.69,78.5,76.0,76.5,77.5,78.5,79.5,80.5,81.0
2023-07-11,2023-07-10,79.4,77.5,75.5,76.0,77.0,77.5,78.5,79.5,80.5
2023-07-12,2023-07-11,80.11,79.5,77.0,77.5,78.5,79.5,80.5,81.5,82.0
2023-07-13,2023-07-12,81.36,80.0,77.5,78.0,79.0,80.0,81.0,81.5,82.5
2023-07-14,2023-07-13,79.87,81.0,78.5,79.0,80.0,81.0,82.0,83.0,83.5
2023-07-17,2023-07-14,78.5,79.5,77.0,78.0,78.5,79.5,80.5,81.5,82.0
2023-07-18,2023-07-17,79.63,78.5,76.5,77.0,78.0,78.5,79.5,80.5,81.5
2023-07-19,2023-07-18,79.46,79.5,77.0,78.0,78.5,79.5,80.5,81.5,82.5
2023-07-20,2023-07-19,79.64,79.5,77.0,77.5,78.5,79.5,80.0,81.0,82.0
2023-07-21,2023-07-20,81.07,79.5,77.5,78.0,79.0,79.5,80.5,81.5,82.0
2023-07-24,2023-07-21,82.74,81.0,78.5,79.0,80.0,81.0,82.0,82.5,83.5
2023-07-25,2023-07-24,83.64,82.5,80.0,81.0,81.5,82.5,83.5,84.5,85.0
2023-07-26,2023-07-25,82.92,83.0,80.5,81.5,82.0,83.0,84.0,85.0,85.5
2023-07-27,2023-07-26,84.24,82.5,80.5,81.0,82.0,82.5,83.5,84.5,85.0
2023-07-28,2023-07-27,84.99,84.0,81.5,82.0,83.0,84.0,85.0,85.5,86.5
2023-07-31,2023-07-28,85.56,84.5,82.0,82.5,83.5,84.5,85.5,86.5,87.0
2023-08-01,2023-07-31,84.91,85.0,82.5,83.0,84.0,85.0,86.0,87.0,87.5
2023-08-02,2023-08-01,83.2,84.5,82.0,82.5,83.5,84.5,85.5,86.5,87.0
2023-08-03,2023-08-02,85.14,83.0,80.5,81.0,82.0,83.0,84.0,85.0,85.5
2023-08-04,2023-08-03,86.24,85.0,82.5,83.0,84.0,85.0,86.0,87.0,88.0
2023-08-07,2023-08-04,85.34,86.0,83.0,84.0,85.0,86.0,87.0,88.0,89.0
2023-08-08,2023-08-07,86.17,85.0,82.5,83.0,84.0,85.0,86.0,87.0,88.0
2023-08-09,2023-08-08,87.55,86.0,83.5,84.0,85.0,86.0,87.0,88.0,89.0
2023-08-10,2023-08-09,86.4,87.0,84.5,85.0,86.0,87.0,88.5,89.5,90.0
2023-08-11,2023-08-10,86.81,86.0,83.5,84.0,85.0,86.0,87.0,88.0,89.0
2023-08-14,2023-08-11,86.21,87.0,84.5,85.0,86.0,87.0,88.0,89.0,89.5
2023-08-15,2023-08-14,84.89,86.0,83.5,84.0,85.0,86.0,86.5,87.5,88.5
2023-08-16,2023-08-15,83.45,85.0,82.5,83.0,84.0,85.0,86.0,87.0,87.5
2023-08-17,2023-08-16,84.12,83.5,81.0,81.5,82.5,83.5,84.5,85.5,86.0
2023-08-18,2023-08-17,84.8,84.5,82.0,82.5,83.5,84.5,85.0,86.0,87.0
2023-08-21,2023-08-18,84.46,85.0,82.5,83.0,84.0,85.0,85.5,86.5,87.0
2023-08-22,2023-08-21,84.03,84.5,82.0,82.5,83.5,84.5,85.0,86.0,87.0
2023-08-23,2023-08-22,83.21,84.0,82.0,82.5,83.0,84.0,85.0,85.5,86.5
2023-08-24,2023-08-23,83.36,83.5,81.0,81.5,82.5,83.5,84.0,85.0,86.0
2023-08-25,2023-08-24,84.48,83.5,81.5,82.0,83.0,83.5,84.5,85.0,86.0
2023-08-28,2023-08-25,84.42,85.0,83.0,83.5,84.0,85.0,85.5,86.5,87.0
2023-08-29,2023-08-28,85.49,84.5,82.5,83.0,84.0,84.5,85.5,86.5,87.0
2023-08-30,2023-08-29,85.86,86.0,83.5,84.0,85.0,86.0,86.5,87.5,88.5
2023-08-31,2023-08-30,86.86,86.5,84.0,84.5,85.5,86.5,87.0,88.0,88.5
2023-09-01,2023-08-31,88.55,87.0,85.0,85.5,86.5,87.0,88.0,88.5,89.5
2023-09-05,2023-09-01,90.04,88.5,86.0,87.0,87.5,88.5,89.5,90.5,91.0
2023-09-06,2023-09-05,90.6,90.0,87.5,88.0,89.0,90.0,91.0,92.0,92.5
2023-09-07,2023-09-06,89.92,90.0,87.5,88.0,89.0,90.0,91.0,92.0,92.5
2023-09-08,2023-09-07,90.65,89.0,87.0,87.5,88.5,89.0,90.0,91.0,91.5
2023-09-11,2023-09-08,90.64,90.0,88.0,88.5,89.0,90.0,91.0,92.0,92.5
2023-09-12,2023-09-11,92.06,90.0,88.0,88.5,89.5,90.0,91.0,92.0,92.5
2023-09-13,2023-09-12,91.88,91.5,89.5,90.0,91.0,91.5,92.5,93.5,94.0
2023-09-14,2023-09-13,93.7,91.5,89.0,90.0,90.5,91.5,92.5,93.0,93.5
2023-09-15,2023-09-14,93.93,93.0,90.5,91.5,92.0,93.0,94.0,95.0,96.0
2023-09-18,2023-09-15,94.43,93.5,90.5,91.5,92.5,93.5,94.5,95.5,96.0
2023-09-19,2023-09-18,94.34,94.0,91.5,92.0,93.0,94.0,94.5,95.5,96.5
2023-09-20,2023-09-19,93.53,93.5,91.5,92.0,93.0,93.5,94.5,95.0,96.0
2023-09-21,2023-09-20,93.3,93.0,91.0,91.5,92.0,93.0,94.0,94.5,95.0
2023-09-22,2023-09-21,93.27,93.0,91.0,91.5,92.0,93.0,94.0,94.5,95.0
2023-09-25,2023-09-22,93.29,93.0,91.0,91.5,92.5,93.0,94.0,94.5,95.5
2023-09-26,2023-09-25,93.96,93.0,91.5,92.0,92.5,93.0,94.0,94.5,95.0
2023-09-27,2023-09-26,96.55,94.0,92.0,92.5,93.0,94.0,94.5,95.0,95.5
2023-09-28,2023-09-27,95.38,96.5,94.0,94.5,95.5,96.5,97.5,99.0,99.5
2023-09-29,2023-09-28,95.31,95.0,93.0,93.5,94.5,95.0,96.0,97.0,98.0
2023-10-02,2023-09-29,90.71,95.0,93.0,93.5,94.5,95.0,96.0,97.0,97.5
2023-10-03,2023-10-02,90.92,90.5,88.5,89.0,89.5,90.5,91.5,92.5,93.5
2023-10-04,2023-10-03,85.81,91.5,89.5,90.0,91.0,91.5,92.5,93.5,94.5
2023-10-05,2023-10-04,84.07,86.0,83.5,84.5,85.0,86.0,87.0,88.5,89.0
2023-10-06,2023-10-05,84.58,84.5,81.5,82.5,83.5,84.5,85.5,86.5,87.5
2023-10-09,2023-10-06,88.15,85.5,83.5,84.0,85.0,85.5,86.5,87.5,88.5
2023-10-10,2023-10-09,87.65,89.5,87.0,87.5,88.5,89.5,90.5,91.5,92.5
2023-10-11,2023-10-10,85.82,88.5,86.0,86.5,87.5,88.5,89.0,90.0,90.5
2023-10-12,2023-10-11,86.0,86.5,84.5,85.0,85.5,86.5,87.5,88.0,89.0
2023-10-13,2023-10-12,90.89,87.0,85.0,85.5,86.0,87.0,87.5,88.5,89.0
2023-10-16,2023-10-13,89.65,91.5,88.5,89.5,90.5,91.5,93.0,94.0,95.0
2023-10-17,2023-10-16,89.9,89.5,87.0,87.5,88.5,89.5,90.5,91.5,92.5
2023-10-18,2023-10-17,91.5,90.5,88.0,88.5,89.5,90.5,91.0,92.0,92.5
2023-10-19,2023-10-18,92.38,92.0,89.5,90.0,91.0,92.0,93.0,94.0,94.5
2023-10-20,2023-10-19,92.16,92.5,90.0,90.5,91.5,92.5,93.5,94.5,95.0
2023-10-23,2023-10-20,89.83,92.0,89.5,90.0,91.0,92.0,93.0,94.0,94.5
2023-10-24,2023-10-23,88.07,90.0,87.5,88.5,89.0,90.0,91.0,92.0,92.5
2023-10-25,2023-10-24,90.13,88.5,86.0,86.5,87.5,88.5,89.5,90.5,91.0
2023-10-26,2023-10-25,87.93,90.5,88.0,88.5,89.5,90.5,92.0,93.0,93.5
2023-10-27,2023-10-26,90.48,88.0,85.5,86.5,87.0,88.0,89.0,90.0,91.0
2023-10-30,2023-10-27,87.45,91.0,88.0,89.0,90.0,91.0,92.0,93.0,94.0
2023-10-31,2023-10-30,87.41,88.0,85.5,86.0,87.0,88.0,89.0,90.0,90.5
2023-11-01,2023-10-31,84.63,88.0,85.0,86.0,87.0,88.0,89.0,90.0,91.0
2023-11-02,2023-11-01,86.85,85.0,82.0,82.5,84.0,85.0,86.0,87.0,88.0
2023-11-03,2023-11-02,84.89,87.5,85.0,85.5,86.5,87.5,88.5,89.5,90.0
2023-11-06,2023-11-03,85.18,85.5,83.0,83.5,84.5,85.5,86.5,87.5,88.0
2023-11-07,2023-11-06,81.61,85.5,83.0,84.0,84.5,85.5,86.5,87.5,88.5
2023-11-08,2023-11-07,79.54,81.5,78.5,79.5,80.5,81.5,83.0,84.0,85.0
2023-11-09,2023-11-08,80.01,79.0,76.0,77.0,78.0,79.0,80.5,81.5,82.5
2023-11-10,2023-11-09,81.43,80.5,77.5,78.5,79.5,80.5,81.5,82.5,83.5
2023-11-13,2023-11-10,82.52,82.0,79.0,80.0,81.0,82.0,83.0,84.5,85.0
2023-11-14,2023-11-13,82.47,83.5,80.5,81.5,82.5,83.5,84.5,85.5,86.0
2023-11-15,2023-11-14,81.18,83.0,80.5,81.0,82.0,83.0,84.0,85.0,85.5
2023-11-16,2023-11-15,77.42,81.5,79.0,79.5,80.5,81.5,82.5,83.5,84.5
2023-11-17,2023-11-16,80.61,77.0,74.0,74.5,76.0,77.0,78.0,79.5,80.5
2023-11-20,2023-11-17,82.32,81.5,78.0,79.0,80.5,81.5,82.5,84.0,85.0
2023-11-21,2023-11-20,82.45,83.0,80.0,81.0,82.0,83.0,84.0,85.5,86.5
2023-11-22,2023-11-21,81.96,83.0,80.0,81.0,82.0,83.0,84.0,85.0,86.0
2023-11-23,2023-11-22,81.37,82.5,79.5,80.5,81.5,82.5,84.0,85.0,86.0
2023-11-24,2023-11-23,80.58,82.0,79.0,80.0,81.0,82.0,83.0,84.0,84.5
2023-11-27,2023-11-24,79.98,81.0,78.5,79.5,80.0,81.0,82.5,83.5,84.0
2023-11-28,2023-11-27,81.68,80.5,78.0,78.5,79.5,80.5,81.5,82.5,83.5
2023-11-29,2023-11-28,83.1,82.5,79.5,80.0,81.0,82.5,83.5,84.5,85.5
2023-11-30,2023-11-29,82.83,83.5,80.5,81.5,82.5,83.5,84.5,85.5,86.5
2023-12-01,2023-11-30,78.88,83.0,80.5,81.0,82.0,83.0,84.0,85.0,86.0
2023-12-04,2023-12-01,78.03,79.5,77.0,77.5,78.5,79.5,81.0,82.0,83.0
2023-12-05,2023-12-04,77.2,79.0,76.0,77.0,78.0,79.0,80.0,81.0,82.0
2023-12-06,2023-12-05,74.3,77.5,75.0,76.0,76.5,77.5,79.0,80.0,80.5
2023-12-07,2023-12-06,74.05,75.0,72.5,73.0,74.0,75.0,76.0,77.0,78.0
2023-12-08,2023-12-07,75.84,74.5,72.5,73.0,74.0,74.5,76.0,76.5,77.5
2023-12-11,2023-12-08,76.03,76.5,74.0,74.5,75.5,76.5,77.5,79.0,79.5
2023-12-12,2023-12-11,73.24,76.5,74.0,74.5,75.0,76.5,77.5,78.5,79.5
2023-12-13,2023-12-12,74.26,73.5,71.0,72.0,72.5,73.5,74.5,75.5,76.0
2023-12-14,2023-12-13,76.61,75.0,72.5,73.0,74.0,75.0,76.0,77.0,77.5
2023-12-15,2023-12-14,76.55,77.0,74.0,75.0,76.0,77.0,78.0,79.0,80.0
2023-12-18,2023-12-15,77.95,76.5,74.0,74.5,75.5,76.5,77.5,78.5,79.5
2023-12-19,2023-12-18,79.23,78.0,75.5,76.0,77.0,78.0,79.5,80.5,81.5
2023-12-20,2023-12-19,79.7,79.5,77.0,77.5,78.5,79.5,80.5,82.0,83.0
2023-12-21,2023-12-20,79.39,79.5,77.0,77.5,78.5,79.5,81.0,82.0,82.5
2023-12-22,2023-12-21,79.07,79.5,77.0,77.5,78.5,79.5,80.5,82.0,82.5
2023-12-26,2023-12-22,81.07,79.5,76.5,77.5,78.5,79.5,80.5,81.5,82.0
2023-12-27,2023-12-26,79.65,81.0,78.5,79.0,80.0,81.0,82.0,83.5,84.0
2023-12-28,2023-12-27,78.39,80.0,77.0,78.0,79.0,80.0,80.5,81.5,82.5
2023-12-29,2023-12-28,77.04,78.5,76.0,76.5,77.5,78.5,79.5,80.5,81.0
2024-01-02,2023-12-29,75.89,77.5,75.0,75.5,76.5,77.5,78.5,79.5,80.0
2024-01-03,2024-01-02,78.25,76.5,74.0,74.5,75.5,76.5,77.5,78.0,78.5
2024-01-04,2024-01-03,77.59,78.5,76.0,76.5,77.5,78.5,79.5,81.0,81.5
2024-01-05,2024-01-04,78.76,78.0,75.5,76.0,77.0,78.0,79.0,80.0,80.5
2024-01-08,2024-01-05,76.12,79.0,76.5,77.0,78.0,79.0,80.0,81.5,82.0
2024-01-09,2024-01-08,77.59,76.5,74.0,74.5,75.5,76.5,77.5,78.5,79.0
2024-01-10,2024-01-09,76.8,78.0,75.0,76.0,77.0,78.0,79.0,80.0,81.0
2024-01-11,2024-01-10,77.41,77.0,74.5,75.0,76.0,77.0,78.0,79.0,79.5
2024-01-12,2024-01-11,78.29,77.5,75.0,76.0,77.0,77.5,78.5,79.5,80.5
2024-01-16,2024-01-12,78.29,78.5,76.5,77.0,78.0,78.5,79.5,80.5,81.5
2024-01-17,2024-01-16,77.88,78.5,76.0,76.5,77.5,78.5,79.5,80.5,81.0
2024-01-18,2024-01-17,79.1,78.0,75.5,76.5,77.0,78.0,79.0,80.5,81.0
2024-01-19,2024-01-18,78.56,79.5,77.0,78.0,78.5,79.5,80.5,81.5,82.5
2024-01-22,2024-01-19,80.06,79.0,77.0,77.5,78.0,79.0,80.0,81.0,81.5
2024-01-23,2024-01-22,79.55,80.5,78.0,79.0,79.5,80.5,81.5,82.5,83.0
2024-01-24,2024-01-23,80.04,79.5,77.5,78.0,79.0,79.5,80.5,81.5,82.5
2024-01-25,2024-01-24,82.43,80.0,78.0,78.5,79.5,80.0,81.0,82.0,83.0
2024-01-26,2024-01-25,83.55,82.0,79.5,80.5,81.0,82.0,83.0,84.5,85.0
2024-01-29,2024-01-26,82.4,83.0,80.5,81.5,82.0,83.0,84.0,85.0,86.0
2024-01-30,2024-01-29,82.87,82.0,79.5,80.5,81.5,82.0,83.0,84.0,84.5
2024-01-31,2024-01-30,81.71,83.0,80.5,81.0,82.0,83.0,84.0,85.0,85.5
2024-02-01,2024-01-31,78.7,81.5,79.0,80.0,80.5,81.5,82.5,83.5,84.5
2024-02-02,2024-02-01,77.33,79.0,76.5,77.5,78.0,79.0,80.0,81.0,82.0
2024-02-05,2024-02-02,77.99,77.5,75.5,76.0,77.0,77.5,78.5,79.5,80.5
2024-02-06,2024-02-05,78.59,78.5,76.5,77.0,77.5,78.5,79.5,80.5,81.0
2024-02-07,2024-02-06,79.21,79.0,77.0,77.5,78.5,79.0,80.0,81.0,82.0
2024-02-08,2024-02-07,81.63,79.5,77.5,78.0,78.5,79.5,80.5,81.5,82.0
2024-02-09,2024-02-08,82.19,82.0,79.0,79.5,80.5,82.0,83.0,84.0,85.0
2024-02-12,2024-02-09,82.0,82.5,79.5,80.5,81.5,82.5,83.5,84.5,85.0
2024-02-13,2024-02-12,82.77,82.0,79.5,80.0,81.0,82.0,83.0,84.0,84.5
2024-02-14,2024-02-13,81.6,83.0,80.5,81.0,82.0,83.0,84.0,85.0,85.5
2024-02-15,2024-02-14,82.86,81.5,79.0,79.5,80.5,81.5,82.5,83.5,84.0
2024-02-16,2024-02-15,83.47,83.0,80.5,81.0,82.0,83.0,84.0,85.0,85.5
2024-02-20,2024-02-16,82.34,83.5,81.5,82.0,82.5,83.5,84.5,85.5,86.0
2024-02-21,2024-02-20,83.03,82.5,80.0,80.5,81.5,82.5,83.5,84.5,85.0
2024-02-22,2024-02-21,83.67,83.5,81.0,81.5,82.5,83.5,84.0,85.0,86.0
2024-02-23,2024-02-22,81.62,84.0,81.5,82.0,83.0,84.0,84.5,85.5,86.5
2024-02-26,2024-02-23,82.53,82.0,79.5,80.5,81.0,82.0,83.0,84.0,84.5
2024-02-27,2024-02-26,83.65,83.0,80.5,81.0,82.0,83.0,84.0,85.0,85.5
2024-02-28,2024-02-27,83.68,84.0,81.5,82.5,83.0,84.0,85.0,85.5,86.5
2024-02-29,2024-02-28,83.62,84.0,81.5,82.0,83.0,84.0,84.5,85.5,86.0
2024-03-01,2024-02-29,83.55,83.5,81.5,82.0,83.0,83.5,84.5,85.5,86.0
2024-03-04,2024-03-01,82.8,83.5,81.5,82.0,82.5,83.5,84.5,85.0,85.5
2024-03-05,2024-03-04,82.04,83.0,80.5,81.0,82.0,83.0,84.0,84.5,85.5
2024-03-06,2024-03-05,82.96,82.0,80.0,80.5,81.5,82.0,83.0,84.0,84.5
2024-03-07,2024-03-06,82.96,83.0,81.0,81.5,82.5,83.0,84.0,85.0,85.5
2024-03-08,2024-03-07,82.08,83.0,80.5,81.5,82.0,83.0,84.0,85.0,85.5
2024-03-11,2024-03-08,82.21,82.0,80.0,80.5,81.5,82.0,83.0,84.0,84.5
2024-03-12,2024-03-11,81.92,82.5,80.0,81.0,81.5,82.5,83.0,84.0,84.5
2024-03-13,2024-03-12,84.03,82.0,80.0,80.5,81.5,82.0,83.0,84.0,84.5
2024-03-14,2024-03-13,85.42,84.5,82.0,82.5,83.5,84.5,85.0,86.0,86.5
2024-03-15,2024-03-14,85.34,85.5,83.5,84.0,84.5,85.5,86.5,87.5,88.0
2024-03-18,2024-03-15,86.89,85.5,83.0,83.5,84.5,85.5,86.0,87.0,87.5
2024-03-19,2024-03-18,87.38,87.0,84.5,85.0,86.0,87.0,88.0,88.5,89.5
2024-03-20,2024-03-19,85.95,87.0,85.0,85.5,86.0,87.0,88.0,89.0,89.5
2024-03-21,2024-03-20,85.78,85.5,83.5,84.0,85.0,85.5,86.5,87.0,87.5
2024-03-22,2024-03-21,85.43,85.5,83.5,84.0,85.0,85.5,86.5,87.0,88.0
2024-03-25,2024-03-22,86.75,85.5,83.5,84.0,84.5,85.5,86.0,87.0,87.5
2024-03-26,2024-03-25,86.25,86.5,84.5,85.0,86.0,86.5,87.5,88.5,89.0
2024-03-27,2024-03-26,86.09,86.0,84.0,84.5,85.5,86.0,87.0,87.5,88.5
2024-03-28,2024-03-27,87.48,86.0,84.0,84.5,85.0,86.0,86.5,87.5,88.0
2024-04-01,2024-03-28,87.42,87.5,85.5,86.0,86.5,87.5,88.5,89.0,89.5
2024-04-02,2024-04-01,88.92,87.0,85.0,85.5,86.5,87.0,88.0,88.5,89.0
2024-04-03,2024-04-02,89.35,88.5,86.5,87.0,87.5,88.5,89.5,90.0,91.0
2024-04-04,2024-04-03,90.65,88.5,87.0,87.0,88.0,88.5,89.5,90.0,90.5
2024-04-05,2024-04-04,91.17,89.5,87.5,88.0,89.0,89.5,90.5,91.5,92.0
2024-04-08,2024-04-05,90.38,90.0,88.0,88.5,89.5,90.0,91.0,92.0,92.5
2024-04-09,2024-04-08,89.42,89.5,87.5,88.0,88.5,89.5,90.5,91.0,91.5
2024-04-10,2024-04-09,90.48,89.0,87.0,87.0,88.0,89.0,89.5,90.5,91.0
2024-04-11,2024-04-10,89.74,90.0,87.5,88.0,89.0,90.0,91.0,91.5,92.5
2024-04-12,2024-04-11,90.45,89.0,87.0,87.5,88.5,89.0,90.0,91.0,91.5
2024-04-15,2024-04-12,90.1,90.0,88.0,88.5,89.0,90.0,91.0,91.5,92.0
2024-04-16,2024-04-15,90.02,89.5,87.5,88.0,89.0,89.5,90.5,91.0,91.5
2024-04-17,2024-04-16,87.29,89.5,88.0,88.5,89.0,89.5,90.5,91.0,91.5
2024-04-18,2024-04-17,87.11,87.5,85.5,86.0,86.5,87.5,88.0,89.0,89.5
2024-04-19,2024-04-18,87.29,87.5,85.5,86.0,86.5,87.5,88.0,89.0,89.5
2024-04-22,2024-04-19,87.0,87.5,85.5,86.0,86.5,87.5,88.0,89.0,89.5
2024-04-23,2024-04-22,88.42,87.0,85.5,86.0,86.5,87.0,88.0,88.5,89.5
2024-04-24,2024-04-23,88.02,88.5,86.5,87.0,87.5,88.5,89.5,90.0,91.0
2024-04-25,2024-04-24,89.01,88.0,86.0,86.5,87.0,88.0,89.0,89.5,90.0
2024-04-26,2024-04-25,89.5,89.0,87.0,87.5,88.0,89.0,90.0,90.5,91.0
2024-04-29,2024-04-26,88.4,89.5,87.5,88.0,88.5,89.5,90.0,91.0,91.5
2024-04-30,2024-04-29,87.86,88.5,86.5,87.0,87.5,88.5,89.0,90.0,90.5
2024-05-01,2024-04-30,83.44,88.0,86.0,86.5,87.0,88.0,88.5,89.5,90.0
2024-05-02,2024-05-01,83.67,84.0,81.5,82.5,83.0,84.0,85.0,86.0,86.5
2024-05-03,2024-05-02,82.96,85.0,82.5,83.0,84.0,85.0,86.0,86.5,87.5
2024-05-06,2024-05-03,83.33,84.0,82.0,82.5,83.5,84.0,85.0,86.0,87.0
2024-05-07,2024-05-06,83.16,84.5,82.5,83.0,84.0,84.5,85.5,86.5,87.0
2024-05-08,2024-05-07,83.58,84.0,82.0,82.5,83.5,84.0,85.0,86.0,86.5
2024-05-09,2024-05-08,83.88,84.5,82.5,83.0,84.0,84.5,85.5,86.0,86.5
2024-05-10,2024-05-09,82.79,84.5,82.5,83.0,84.0,84.5,85.5,86.0,86.5
2024-05-13,2024-05-10,83.36,83.5,81.5,82.0,82.5,83.5,84.5,85.5,86.0
2024-05-14,2024-05-13,82.38,84.0,82.0,82.5,83.5,84.0,85.0,85.5,86.5
2024-05-15,2024-05-14,82.75,83.0,81.0,81.5,82.0,83.0,84.0,84.5,85.5
2024-05-16,2024-05-15,83.27,83.5,81.5,82.0,82.5,83.5,84.5,85.0,86.0
2024-05-17,2024-05-16,83.98,84.0,82.0,82.5,83.0,84.0,84.5,85.5,86.0
2024-05-20,2024-05-17,83.71,84.5,82.5,83.0,84.0,84.5,85.5,86.0,86.5
2024-05-21,2024-05-20,82.88,84.0,82.5,83.0,83.5,84.0,85.0,85.5,86.5
2024-05-22,2024-05-21,81.9,83.0,81.5,82.0,82.5,83.0,84.0,85.0,85.5
2024-05-23,2024-05-22,81.36,82.5,80.0,81.0,81.5,82.5,83.0,84.0,84.5
2024-05-24,2024-05-23,82.12,82.0,79.5,80.0,81.0,82.0,82.5,83.5,84.0
2024-05-28,2024-05-24,84.22,82.5,80.5,81.0,82.0,82.5,83.5,84.5,85.0
2024-05-29,2024-05-28,83.6,85.0,82.5,83.0,84.0,85.0,86.0,87.0,87.5
2024-05-30,2024-05-29,81.86,84.0,82.0,82.5,83.0,84.0,85.0,86.0,86.5
2024-05-31,2024-05-30,81.62,82.5,80.0,81.0,81.5,82.5,83.5,84.5,85.0
2024-06-03,2024-05-31,78.36,82.5,80.0,81.0,81.5,82.5,83.0,84.0,84.5
2024-06-04,2024-06-03,77.52,79.0,76.5,77.0,78.0,79.0,79.5,80.5,81.0
2024-06-05,2024-06-04,78.41,78.0,75.5,76.0,77.0,78.0,79.0,80.0,80.5
2024-06-06,2024-06-05,79.87,79.0,77.0,77.5,78.5,79.0,80.0,81.0,81.5
2024-06-07,2024-06-06,79.62,80.5,78.5,79.0,79.5,80.5,81.5,82.5,83.0
2024-06-10,2024-06-07,81.63,80.0,77.5,78.5,79.0,80.0,81.0,82.0,82.5
2024-06-11,2024-06-10,81.92,82.0,80.0,80.5,81.5,82.0,83.0,84.0,84.5
2024-06-12,2024-06-11,82.6,82.5,80.5,81.0,81.5,82.5,83.0,84.0,84.5
2024-06-13,2024-06-12,82.75,83.0,81.0,81.5,82.0,83.0,83.5,84.5,85.0
2024-06-14,2024-06-13,82.62,83.0,81.0,81.5,82.0,83.0,83.5,84.5,85.0
2024-06-17,2024-06-14,84.25,82.5,80.5,81.0,82.0,82.5,83.5,84.0,84.5
2024-06-18,2024-06-17,85.33,84.5,82.5,83.0,83.5,84.5,85.5,86.0,87.0
2024-06-20,2024-06-18,85.71,85.5,83.5,84.0,84.5,85.5,86.5,87.5,88.0
2024-06-21,2024-06-20,85.24,86.0,83.5,84.0,85.0,86.0,86.5,87.5,88.5
2024-06-24,2024-06-21,86.01,85.5,83.0,83.5,84.5,85.5,86.0,87.0,87.5
2024-06-25,2024-06-24,85.01,86.0,84.0,84.5,85.5,86.0,87.0,88.0,88.5
2024-06-26,2024-06-25,85.25,85.0,83.0,83.5,84.5,85.0,85.5,86.5,87.0
2024-06-27,2024-06-26,86.39,85.0,83.5,83.5,84.5,85.0,86.0,86.5,87.0
2024-06-28,2024-06-27,86.41,86.5,84.0,84.5,85.5,86.5,87.5,88.0,89.0
2024-07-01,2024-06-28,86.6,86.5,84.5,85.0,85.5,86.5,87.0,88.0,88.5
2024-07-02,2024-07-01,86.24,86.5,84.5,85.0,85.5,86.5,87.5,88.0,88.5
2024-07-03,2024-07-02,87.34,86.0,84.0,84.5,85.0,86.0,87.0,87.5,88.0
2024-07-05,2024-07-03,86.54,87.0,85.0,85.5,86.5,87.0,88.0,89.0,89.5
2024-07-08,2024-07-05,85.75,86.5,84.5,85.0,85.5,86.5,87.0,88.0,88.5
2024-07-09,2024-07-08,84.66,85.5,83.5,84.0,85.0,85.5,86.5,87.5,88.0
2024-07-10,2024-07-09,85.08,84.5,83.0,83.0,84.0,84.5,85.5,86.0,87.0
2024-07-11,2024-07-10,85.4,85.0,83.5,84.0,84.5,85.0,86.0,86.5,87.0
2024-07-12,2024-07-11,85.03,85.5,83.5,84.0,84.5,85.5,86.0,87.0,87.5
2024-07-15,2024-07-12,84.85,85.0,83.5,84.0,84.5,85.0,86.0,86.5,87.5
2024-07-16,2024-07-15,83.73,85.0,83.0,83.5,84.5,85.0,86.0,86.5,87.0
2024-07-17,2024-07-16,85.08,84.0,82.0,82.5,83.5,84.0,85.0,85.5,86.0
2024-07-18,2024-07-17,85.11,85.5,83.5,84.0,84.5,85.5,86.0,87.0,87.5
2024-07-19,2024-07-18,82.63,85.5,83.5,84.0,84.5,85.5,86.0,87.0,87.5
2024-07-22,2024-07-19,82.4,83.0,81.5,81.5,82.5,83.0,84.0,84.5,85.0
2024-07-23,2024-07-22,81.01,83.0,81.0,81.5,82.5,83.0,84.0,84.5,85.0
2024-07-24,2024-07-23,81.71,81.5,80.0,80.5,81.0,81.5,82.5,83.5,84.0
2024-07-25,2024-07-24,82.37,82.5,80.5,81.0,81.5,82.5,83.0,84.0,84.5
2024-07-26,2024-07-25,81.13,83.0,81.0,81.5,82.0,83.0,83.5,84.5,85.0
2024-07-29,2024-07-26,79.78,81.5,79.5,80.5,81.0,81.5,82.5,83.0,83.5
2024-07-30,2024-07-29,78.63,80.5,78.0,79.0,79.5,80.5,81.0,82.0,82.5
2024-07-31,2024-07-30,80.72,79.0,77.0,77.5,78.5,79.0,80.0,80.5,81.5
2024-08-01,2024-07-31,79.52,81.5,79.5,80.0,80.5,81.5,82.0,83.0,83.5
2024-08-02,2024-08-01,76.81,80.0,78.0,78.5,79.0,80.0,80.5,81.5,82.0
2024-08-05,2024-08-02,76.3,77.0,75.0,75.5,76.5,77.0,78.0,79.0,79.5
2024-08-06,2024-08-05,76.48,76.5,74.0,75.0,75.5,76.5,77.5,78.5,79.0
2024-08-07,2024-08-06,78.33,76.5,74.5,75.0,76.0,76.5,77.5,78.5,79.0
2024-08-08,2024-08-07,79.16,78.5,76.5,77.0,78.0,78.5,79.5,80.5,81.0
2024-08-09,2024-08-08,79.66,79.5,77.5,78.0,79.0,79.5,80.5,81.0,81.5
2024-08-12,2024-08-09,82.3,80.0,78.0,78.5,79.5,80.0,81.0,81.5,82.0
2024-08-13,2024-08-12,80.69,82.5,80.5,81.0,82.0,82.5,83.5,84.5,85.0
2024-08-14,2024-08-13,79.76,80.5,78.5,79.0,80.0,80.5,81.5,82.0,82.5
2024-08-15,2024-08-14,81.04,80.0,78.0,78.5,79.5,80.0,81.0,81.5,82.0
2024-08-16,2024-08-15,79.68,81.5,79.5,80.0,80.5,81.5,82.0,83.0,83.5
2024-08-19,2024-08-16,77.66,80.0,78.0,78.5,79.0,80.0,80.5,81.5,82.0
2024-08-20,2024-08-19,77.2,78.0,76.0,76.5,77.0,78.0,78.5,79.5,80.0
2024-08-21,2024-08-20,76.05,77.5,75.5,76.0,76.5,77.5,78.5,79.0,79.5
2024-08-22,2024-08-21,77.22,76.5,74.5,75.0,76.0,76.5,77.5,78.0,78.5
2024-08-23,2024-08-22,79.02,77.5,75.5,76.0,77.0,77.5,78.5,79.5,80.0
2024-08-26,2024-08-23,81.43,79.5,77.0,77.5,78.5,79.5,80.0,81.0,81.5
2024-08-27,2024-08-26,79.55,81.5,79.5,80.0,81.0,81.5,82.5,83.5,84.0
2024-08-28,2024-08-27,78.65,79.5,77.5,78.0,78.5,79.5,80.5,81.0,81.5
2024-08-29,2024-08-28,79.94,79.0,76.5,77.5,78.0,79.0,79.5,80.5,81.0
2024-08-30,2024-08-29,78.8,80.5,78.5,79.0,79.5,80.5,81.0,82.0,82.5
2024-09-03,2024-08-30,73.75,79.0,77.0,77.5,78.5,79.0,79.5,80.5,81.0
2024-09-04,2024-09-03,72.7,74.5,72.5,73.0,73.5,74.5,75.5,76.0,77.0
2024-09-05,2024-09-04,72.69,73.5,71.5,72.0,72.5,73.5,74.5,75.0,76.0
2024-09-06,2024-09-05,71.06,73.5,71.5,72.0,73.0,73.5,74.5,75.0,75.5
2024-09-09,2024-09-06,71.84,71.5,70.0,70.5,71.0,71.5,72.5,73.5,74.0
2024-09-10,2024-09-09,69.19,72.5,71.0,71.5,72.0,72.5,73.5,74.0,74.5
2024-09-11,2024-09-10,70.61,69.5,67.5,68.0,69.0,69.5,70.5,71.0,71.5
2024-09-12,2024-09-11,71.97,71.0,68.5,69.5,70.0,71.0,71.5,72.5,73.0
2024-09-13,2024-09-12,71.61,72.0,70.0,70.5,71.5,72.0,73.0,74.0,74.5
2024-09-16,2024-09-13,72.75,71.5,69.5,70.0,70.5,71.5,72.0,73.0,73.5
2024-09-17,2024-09-16,73.7,73.0,71.0,71.0,72.0,73.0,73.5,74.5,75.5
2024-09-18,2024-09-17,73.65,73.5,71.5,72.0,72.5,73.5,74.5,75.0,76.0
2024-09-19,2024-09-18,74.88,73.5,71.5,72.0,72.5,73.5,74.5,75.0,76.0
2024-09-20,2024-09-19,74.49,74.5,72.5,73.0,74.0,74.5,75.5,76.5,77.0
2024-09-23,2024-09-20,73.9,74.5,72.5,73.0,73.5,74.5,75.0,76.0,76.5
2024-09-24,2024-09-23,75.17,74.0,72.0,72.5,73.0,74.0,74.5,75.5,76.0
2024-09-25,2024-09-24,73.46,75.5,73.5,74.0,74.5,75.5,76.0,77.0,77.5
2024-09-26,2024-09-25,71.6,73.5,72.0,72.5,73.0,73.5,74.5,75.5,76.0
2024-09-27,2024-09-26,71.98,72.0,70.0,70.5,71.0,72.0,73.0,73.5,74.5
2024-09-30,2024-09-27,71.77,72.5,71.0,71.5,72.0,72.5,73.5,74.0,75.0
2024-10-01,2024-09-30,73.56,72.5,70.5,71.0,71.5,72.5,73.0,74.0,74.5
2024-10-02,2024-10-01,73.9,74.0,72.5,72.5,73.5,74.0,74.5,75.5,76.0
2024-10-03,2024-10-02,77.62,74.0,72.5,73.0,73.5,74.0,75.0,75.5,76.0
2024-10-04,2024-10-03,78.05,77.0,74.5,75.0,76.0,77.0,78.0,79.0,79.5
2024-10-07,2024-10-04,80.93,77.5,75.5,76.0,76.5,77.5,78.0,79.0,79.5
2024-10-08,2024-10-07,77.18,80.5,78.0,78.5,79.5,80.5,81.5,82.0,82.5
2024-10-09,2024-10-08,76.58,76.5,74.0,74.5,75.5,76.5,77.0,78.0,79.0
2024-10-10,2024-10-09,79.4,76.0,73.5,74.0,75.0,76.0,77.0,78.0,78.5
2024-10-11,2024-10-10,79.04,79.0,76.5,77.0,78.0,79.0,80.0,80.5,81.5
2024-10-14,2024-10-11,77.46,78.0,75.5,76.5,77.5,78.0,79.0,80.0,80.5
2024-10-15,2024-10-14,74.25,77.0,75.0,75.5,76.5,77.0,78.0,78.5,79.0
2024-10-16,2024-10-15,74.22,74.5,72.5,73.0,73.5,74.5,75.5,76.0,76.5
2024-10-17,2024-10-16,74.45,74.5,72.5,73.0,74.0,74.5,75.5,76.0,77.0
2024-10-18,2024-10-17,73.06,75.0,73.0,73.5,74.0,75.0,75.5,76.0,77.0
2024-10-21,2024-10-18,74.29,73.5,71.5,72.0,72.5,73.5,74.0,75.0,75.5
2024-10-22,2024-10-21,76.04,75.0,73.0,73.5,74.0,75.0,75.5,76.5,77.0
2024-10-23,2024-10-22,74.96,76.5,74.5,75.0,75.5,76.5,77.0,78.0,78.5
2024-10-24,2024-10-23,74.38,75.0,73.0,73.5,74.5,75.0,76.0,76.5,77.0
2024-10-25,2024-10-24,76.05,74.5,73.0,73.5,74.0,74.5,75.5,76.0,76.5
2024-10-28,2024-10-25,71.42,76.0,74.0,74.5,75.5,76.0,77.0,78.0,78.5
2024-10-29,2024-10-28,71.12,71.5,70.0,70.5,71.0,71.5,72.5,73.5,74.0
2024-10-30,2024-10-29,72.55,71.5,69.5,70.0,71.0,71.5,72.5,73.0,74.0
2024-10-31,2024-10-30,73.16,73.0,71.0,71.5,72.0,73.0,74.0,75.0,75.5
2024-11-01,2024-10-31,73.1,73.5,71.5,72.0,72.5,73.5,74.0,75.0,75.5
2024-11-04,2024-11-01,75.08,73.5,71.5,72.0,72.5,73.5,74.0,75.0,75.5
2024-11-05,2024-11-04,75.53,75.5,73.0,73.5,74.5,75.5,76.0,77.0,78.0
2024-11-06,2024-11-05,74.92,75.5,73.5,74.0,75.0,75.5,76.5,77.0,77.5
2024-11-07,2024-11-06,75.63,75.0,73.0,73.5,74.5,75.0,75.5,76.5,77.0
2024-11-08,2024-11-07,73.87,75.5,73.5,74.0,75.0,75.5,76.5,77.0,78.0
2024-11-11,2024-11-08,71.83,74.0,72.0,72.5,73.5,74.0,74.5,75.5,76.0
2024-11-12,2024-11-11,71.89,72.5,70.5,71.0,71.5,72.5,73.0,74.0,74.5
2024-11-13,2024-11-12,72.28,72.5,70.5,71.0,72.0,72.5,73.0,74.0,74.5
2024-11-14,2024-11-13,72.56,73.0,71.5,71.5,72.5,73.0,73.5,74.5,75.0
2024-11-15,2024-11-14,71.04,73.0,71.5,72.0,72.5,73.0,74.0,74.5,75.0
2024-11-18,2024-11-15,73.3,71.5,70.0,70.5,71.0,71.5,72.0,73.0,73.5
2024-11-19,2024-11-18,73.31,73.5,71.5,72.0,73.0,73.5,74.5,75.5,76.0
2024-11-20,2024-11-19,72.81,73.5,71.5,72.0,73.0,73.5,74.5,75.0,75.5
2024-11-21,2024-11-20,74.23,73.0,71.0,71.5,72.5,73.0,73.5,74.5,75.0
2024-11-22,2024-11-21,75.17,74.5,72.5,73.0,73.5,74.5,75.0,76.0,77.0
2024-11-25,2024-11-22,73.01,75.0,73.0,73.5,74.5,75.0,76.0,76.5,77.5
2024-11-26,2024-11-25,72.81,73.0,71.5,72.0,72.5,73.0,74.0,74.5,75.5
2024-11-27,2024-11-26,72.83,73.5,71.5,72.0,72.5,73.5,74.0,75.0,75.5
2024-11-29,2024-11-27,72.94,73.5,71.5,72.0,72.5,73.5,74.0,74.5,75.5
2024-12-02,2024-11-29,71.83,73.5,71.5,72.0,73.0,73.5,74.0,74.5,75.5
2024-12-03,2024-12-02,73.62,72.5,71.0,71.0,72.0,72.5,73.0,74.0,74.5
2024-12-04,2024-12-03,72.31,74.0,72.0,72.5,73.5,74.0,75.0,75.5,76.5
2024-12-05,2024-12-04,72.09,73.0,71.5,72.0,72.5,73.0,74.0,74.5,75.5
2024-12-06,2024-12-05,71.12,72.5,71.0,71.5,72.0,72.5,73.5,74.0,74.5
2024-12-09,2024-12-06,72.14,72.0,70.5,71.0,71.5,72.0,72.5,73.5,74.0
2024-12-10,2024-12-09,72.19,72.5,71.0,71.5,72.0,72.5,73.5,74.0,74.5
2024-12-11,2024-12-10,73.52,72.5,71.0,71.5,72.0,72.5,73.0,74.0,74.5
2024-12-12,2024-12-11,73.41,74.0,72.0,72.5,73.0,74.0,74.5,75.5,76.0
2024-12-13,2024-12-12,74.49,73.5,72.0,72.5,73.0,73.5,74.5,75.5,76.0
2024-12-16,2024-12-13,73.91,74.5,72.5,73.5,74.0,74.5,75.5,76.5,77.0
2024-12-17,2024-12-16,73.19,74.0,72.5,72.5,73.5,74.0,75.0,75.5,76.5
2024-12-18,2024-12-17,73.39,73.5,72.0,72.5,73.0,73.5,74.0,75.0,75.5
2024-12-19,2024-12-18,72.88,74.0,72.0,72.5,73.0,74.0,74.5,75.5,76.0
2024-12-20,2024-12-19,72.94,73.0,71.5,72.0,72.5,73.0,74.0,74.5,75.5
2024-12-23,2024-12-20,72.63,73.5,72.0,72.5,73.0,73.5,74.0,74.5,75.5
2024-12-24,2024-12-23,73.58,73.0,71.5,72.0,72.5,73.0,73.5,74.5,75.0
2024-12-26,2024-12-24,73.26,74.0,72.0,72.5,73.0,74.0,74.5,75.5,76.0
2024-12-27,2024-12-26,74.17,73.5,72.0,72.5,73.0,73.5,74.0,75.0,75.5
2024-12-30,2024-12-27,74.39,74.5,72.5,73.0,74.0,74.5,75.5,76.5,77.0
2024-12-31,2024-12-30,74.64,74.5,73.0,73.5,74.0,74.5,75.0,76.0,76.5
2025-01-02,2024-12-31,75.93,75.0,73.0,73.5,74.0,75.0,75.5,76.5,77.0
2025-01-03,2025-01-02,76.51,76.0,74.0,74.5,75.0,76.0,76.5,77.5,78.0
2025-01-06,2025-01-03,76.3,76.5,74.5,75.0,75.5,76.5,77.0,78.0,78.5
2025-01-07,2025-01-06,77.05,76.0,74.5,75.0,75.5,76.0,77.0,77.5,78.0
2025-01-08,2025-01-07,76.16,77.0,75.0,75.5,76.0,77.0,77.5,78.5,79.0
2025-01-09,2025-01-08,76.92,76.0,74.5,75.0,75.5,76.0,77.0,77.5,78.0
2025-01-10,2025-01-09,79.76,76.5,75.0,75.5,76.0,76.5,77.5,78.5,79.0
2025-01-13,2025-01-10,81.01,79.0,77.0,77.5,78.5,79.0,80.0,81.0,81.5
2025-01-14,2025-01-13,79.92,80.5,78.5,79.0,79.5,80.5,81.5,82.0,82.5
2025-01-15,2025-01-14,82.03,79.5,77.5,78.0,78.5,79.5,80.0,81.0,81.5
2025-01-16,2025-01-15,81.29,81.5,79.5,80.0,81.0,81.5,82.5,83.0,84.0
2025-01-17,2025-01-16,80.79,80.5,79.0,79.0,80.0,80.5,81.5,82.0,82.5
2025-01-21,2025-01-17,79.29,80.5,78.5,79.0,79.5,80.5,81.0,82.0,82.5
2025-01-22,2025-01-21,79.0,79.0,77.0,77.5,78.0,79.0,80.0,80.5,81.0
2025-01-23,2025-01-22,78.29,79.0,77.0,77.5,78.0,79.0,80.0,80.5,81.0
2025-01-24,2025-01-23,78.5,78.5,76.5,77.0,77.5,78.5,79.0,80.0,80.5
2025-01-27,2025-01-24,77.08,79.0,77.0,77.5,78.0,79.0,79.5,80.5,81.0
2025-01-28,2025-01-27,77.49,77.5,75.5,76.0,76.5,77.5,78.0,79.0,79.5
2025-01-29,2025-01-28,76.58,78.0,76.0,76.5,77.0,78.0,78.5,79.5,80.0
2025-01-30,2025-01-29,76.87,77.0,75.0,75.5,76.0,77.0,77.5,78.5,79.0
2025-01-31,2025-01-30,76.76,77.5,75.0,76.0,76.5,77.5,78.0,79.0,79.5
2025-02-03,2025-01-31,75.96,77.5,75.5,76.0,76.5,77.5,78.0,79.0,79.5
2025-02-04,2025-02-03,76.2,76.0,74.5,75.0,75.5,76.0,77.0,78.0,78.5
2025-02-05,2025-02-04,74.61,76.5,74.5,75.0,76.0,76.5,77.5,78.0,78.5
2025-02-06,2025-02-05,74.29,75.0,73.0,73.5,74.5,75.0,75.5,76.5,77.0
2025-02-07,2025-02-06,74.66,74.5,73.0,73.0,74.0,74.5,75.0,76.0,76.5
2025-02-10,2025-02-07,75.87,75.0,73.5,74.0,74.5,75.0,75.5,76.5,77.0
2025-02-11,2025-02-10,77.0,76.0,74.5,75.0,75.5,76.0,77.0,77.5,78.5
2025-02-12,2025-02-11,75.18,77.0,75.0,75.5,76.5,77.0,78.0,79.0,79.5
2025-02-13,2025-02-12,75.02,75.5,73.5,74.5,75.0,75.5,76.5,77.0,78.0
2025-02-14,2025-02-13,74.74,75.5,73.5,74.0,75.0,75.5,76.0,77.0,78.0
2025-02-18,2025-02-14,75.84,75.0,73.5,74.0,74.5,75.0,75.5,76.5,77.0
2025-02-19,2025-02-18,76.04,76.0,74.5,75.0,75.5,76.0,77.0,77.5,78.0
2025-02-20,2025-02-19,76.48,76.0,74.5,75.0,75.5,76.0,77.0,77.5,78.0
2025-02-21,2025-02-20,74.43,76.5,75.0,75.5,76.0,76.5,77.5,78.0,78.5
2025-02-24,2025-02-21,74.78,75.0,73.0,73.5,74.0,75.0,75.5,76.5,77.0
2025-02-25,2025-02-24,73.02,75.0,73.0,73.5,74.5,75.0,76.0,77.0,77.5
2025-02-26,2025-02-25,72.53,73.5,71.5,72.0,72.5,73.5,74.0,75.0,76.0
2025-02-27,2025-02-26,74.04,73.0,71.0,71.5,72.0,73.0,73.5,74.5,75.0
2025-02-28,2025-02-27,73.18,74.5,72.5,73.0,73.5,74.5,75.0,76.0,76.5
2025-03-03,2025-02-28,71.62,73.5,72.0,72.5,73.0,73.5,74.5,75.5,76.0
2025-03-04,2025-03-03,71.04,72.0,70.5,70.5,71.5,72.0,73.0,74.0,74.5
2025-03-05,2025-03-04,69.3,71.5,69.5,70.0,70.5,71.5,72.0,73.0,73.5
2025-03-06,2025-03-05,69.46,69.5,68.0,68.0,68.5,69.5,70.0,71.0,71.5
2025-03-07,2025-03-06,70.36,69.5,68.0,68.5,69.0,69.5,70.5,71.0,71.5
2025-03-10,2025-03-07,69.28,70.5,69.0,69.5,70.0,70.5,71.5,72.0,73.0
2025-03-11,2025-03-10,69.56,69.5,68.0,68.0,69.0,69.5,70.0,71.0,71.5
2025-03-12,2025-03-11,70.95,69.5,68.0,68.5,69.0,69.5,70.5,71.0,72.0
2025-03-13,2025-03-12,69.88,71.0,69.5,70.0,70.5,71.0,72.0,72.5,73.0
2025-03-14,2025-03-13,70.58,70.0,68.5,69.0,69.5,70.0,71.0,71.5,72.0
2025-03-17,2025-03-14,71.07,70.5,69.0,69.5,70.0,70.5,71.5,72.5,73.0
2025-03-18,2025-03-17,70.56,71.0,69.5,70.0,70.5,71.0,72.0,72.5,73.0
2025-03-19,2025-03-18,70.78,70.5,69.0,69.5,70.0,70.5,71.5,72.5,73.0
2025-03-20,2025-03-19,72.0,71.0,69.5,69.5,70.5,71.0,71.5,72.5,73.5
2025-03-21,2025-03-20,72.16,72.0,70.0,70.5,71.5,72.0,72.5,73.5,74.5
2025-03-24,2025-03-21,73.0,72.0,70.5,71.0,71.5,72.0,73.0,73.5,74.5
2025-03-25,2025-03-24,73.02,73.0,71.5,71.5,72.0,73.0,73.5,74.5,75.0
2025-03-26,2025-03-25,73.79,73.0,71.5,71.5,72.5,73.0,73.5,74.5,75.0
2025-03-27,2025-03-26,74.03,73.5,72.0,72.5,73.0,73.5,74.5,75.0,76.0
2025-03-28,2025-03-27,73.63,74.0,72.0,72.5,73.0,74.0,74.5,75.0,76.0
2025-03-31,2025-03-28,74.74,73.5,72.0,72.0,73.0,73.5,74.0,74.5,75.5
2025-04-01,2025-03-31,74.49,74.5,73.0,73.0,74.0,74.5,75.5,76.0,77.0
2025-04-02,2025-04-01,74.95,74.5,72.5,73.0,73.5,74.5,75.0,76.0,76.5
2025-04-03,2025-04-02,70.14,75.0,73.0,73.5,74.0,75.0,75.5,76.5,77.0
2025-04-04,2025-04-03,65.58,71.0,69.0,69.5,70.5,71.0,71.5,72.5,73.0
2025-04-07,2025-04-04,64.21,67.0,65.0,65.5,66.0,67.0,67.5,68.5,69.0
2025-04-08,2025-04-07,62.82,65.0,63.25,63.75,64.5,65.0,66.0,66.5,67.0
2025-04-09,2025-04-08,65.48,63.25,61.25,62.0,62.75,63.25,64.0,64.5,65.0
2025-04-10,2025-04-09,63.33,66.0,64.5,65.0,65.5,66.0,67.0,67.5,67.5
2025-04-11,2025-04-10,64.76,64.0,62.5,62.75,63.5,64.0,65.0,65.0,65.5
2025-04-14,2025-04-11,64.88,65.0,63.75,64.0,64.5,65.0,65.5,66.0,66.5
2025-04-15,2025-04-14,64.67,65.0,63.75,64.0,64.5,65.0,65.5,66.0,66.5
2025-04-16,2025-04-15,65.85,65.0,63.5,64.0,64.5,65.0,65.5,66.0,66.5
2025-04-17,2025-04-16,67.96,66.0,64.5,64.5,65.5,66.0,67.0,67.5,67.5
2025-04-21,2025-04-17,66.26,67.5,65.5,66.0,67.0,67.5,68.5,69.5,70.0
2025-04-22,2025-04-21,67.44,66.0,64.0,64.5,65.0,66.0,67.0,67.5,68.0
2025-04-23,2025-04-22,66.12,67.0,65.0,65.5,66.0,67.0,68.0,69.0,69.5
2025-04-24,2025-04-23,66.55,66.0,64.5,65.0,65.5,66.0,67.0,67.5,68.0
2025-04-25,2025-04-24,66.87,66.5,65.0,65.5,66.0,66.5,67.5,68.5,69.0
2025-04-28,2025-04-25,65.86,67.5,65.5,66.0,66.5,67.5,68.0,69.0,69.5
2025-04-29,2025-04-28,64.25,66.0,64.5,65.0,65.5,66.0,67.0,67.5,68.0
2025-04-30,2025-04-29,63.12,65.0,63.25,63.5,64.0,65.0,65.5,66.0,66.5
2025-05-01,2025-04-30,62.13,63.5,62.0,62.5,63.0,63.5,64.5,65.0,65.5
2025-05-02,2025-05-01,61.29,62.75,61.25,61.75,62.25,62.75,63.5,64.0,64.5
2025-05-05,2025-05-02,60.23,62.0,60.25,60.75,61.25,62.0,62.5,63.25,63.5
2025-05-06,2025-05-05,62.15,61.0,59.75,60.0,60.5,61.0,61.75,62.5,62.75
2025-05-07,2025-05-06,61.12,62.75,61.0,61.5,62.0,62.75,63.5,64.0,64.5
2025-05-08,2025-05-07,62.84,61.5,60.0,60.25,60.75,61.5,62.5,63.0,63.25
2025-05-09,2025-05-08,63.91,63.25,61.75,62.0,62.75,63.25,64.0,65.0,65.5
2025-05-12,2025-05-09,64.96,64.5,62.5,63.0,63.75,64.5,65.5,66.0,66.5
2025-05-13,2025-05-12,66.63,65.0,63.25,63.5,64.0,65.0,66.0,66.5,67.0
2025-05-14,2025-05-13,66.09,66.5,64.5,65.0,65.5,66.5,67.5,68.0,69.0
2025-05-15,2025-05-14,64.53,65.5,63.75,64.0,65.0,65.5,66.5,67.0,68.0
2025-05-16,2025-05-15,65.41,64.0,62.5,62.75,63.25,64.0,65.0,66.0,66.5
2025-05-19,2025-05-16,65.54,65.5,63.5,64.0,64.5,65.5,66.0,67.0,67.5
2025-05-20,2025-05-19,65.38,65.5,63.75,64.5,65.0,65.5,66.5,67.0,67.5
2025-05-21,2025-05-20,64.91,65.5,64.0,64.5,65.0,65.5,66.5,67.0,67.5
2025-05-22,2025-05-21,64.44,65.5,63.75,64.0,64.5,65.5,66.5,67.0,67.5
2025-05-23,2025-05-22,64.78,65.0,63.25,63.75,64.5,65.0,65.5,66.5,66.5
2025-05-27,2025-05-23,64.09,65.5,64.0,64.5,65.0,65.5,66.0,67.0,67.0
2025-05-28,2025-05-27,64.9,64.5,63.25,63.5,64.0,64.5,65.5,66.0,66.5
2025-05-29,2025-05-28,64.15,65.5,64.0,64.5,65.0,65.5,66.5,67.0,67.5
2025-05-30,2025-05-29,63.9,64.5,63.25,63.75,64.0,64.5,65.5,66.0,66.5
2025-06-02,2025-05-30,64.63,64.5,62.75,63.25,63.75,64.5,65.0,65.5,66.0
2025-06-03,2025-06-02,65.63,65.0,63.75,64.0,64.5,65.0,66.0,66.5,67.0
2025-06-04,2025-06-03,64.86,66.0,64.5,64.5,65.5,66.0,66.5,67.5,68.0
2025-06-05,2025-06-04,65.34,65.5,64.0,64.5,65.0,65.5,66.0,66.5,67.0
2025-06-06,2025-06-05,66.47,65.5,64.0,64.5,65.0,65.5,66.0,67.0,67.5
2025-06-09,2025-06-06,67.04,66.5,65.5,65.5,66.0,66.5,67.0,68.0,68.5
2025-06-10,2025-06-09,66.87,67.0,65.5,66.0,66.5,67.0,68.0,68.5,69.0
2025-06-11,2025-06-10,69.77,67.0,65.5,66.0,66.5,67.0,68.0,68.5,69.0
2025-06-12,2025-06-11,69.36,70.0,67.5,68.0,69.0,70.0,70.5,72.0,72.5
2025-06-13,2025-06-12,74.23,69.0,67.5,68.0,68.5,69.0,70.0,71.0,71.5
2025-06-16,2025-06-13,73.23,73.5,71.0,71.5,72.5,73.5,74.5,75.5,76.0
2025-06-17,2025-06-16,76.45,72.5,70.5,71.0,71.5,72.5,73.5,74.0,74.5
2025-06-18,2025-06-17,76.7,75.5,73.0,73.5,74.5,75.5,76.5,77.0,77.5
2025-06-20,2025-06-18,77.01,76.0,73.5,74.0,75.0,76.0,76.5,77.5,78.0
2025-06-23,2025-06-20,71.48,76.0,74.0,74.5,75.5,76.0,77.0,78.0,78.5
2025-06-24,2025-06-23,67.14,71.0,69.0,69.5,70.5,71.0,72.0,73.0,74.0
2025-06-25,2025-06-24,67.68,67.5,65.5,66.0,66.5,67.5,68.5,69.5,70.5
2025-06-26,2025-06-25,67.73,68.5,66.5,67.0,68.0,68.5,69.0,70.0,71.0
2025-06-27,2025-06-26,67.77,68.5,66.5,67.0,68.0,68.5,69.0,70.0,70.5
2025-06-30,2025-06-27,67.61,68.5,67.0,67.5,68.0,68.5,69.5,70.0,70.5
2025-07-01,2025-06-30,67.11,68.0,66.5,67.0,67.5,68.0,69.0,69.5,70.5
2025-07-02,2025-07-01,69.11,67.5,66.0,66.0,67.0,67.5,68.0,69.0,69.5
2025-07-03,2025-07-02,68.8,69.5,67.5,68.0,68.5,69.5,70.0,71.0,72.0
2025-07-04,2025-07-03,68.29,69.0,67.0,67.5,68.5,69.0,69.5,70.5,71.0
2025-07-07,2025-07-04,69.58,68.5,66.5,67.0,67.5,68.5,69.0,69.5,70.5
2025-07-08,2025-07-07,70.15,69.5,68.0,68.5,69.0,69.5,70.5,71.5,72.0
2025-07-09,2025-07-08,70.19,70.0,68.0,68.5,69.5,70.0,71.0,72.0,72.5
2025-07-10,2025-07-09,68.64,70.5,68.5,69.0,69.5,70.5,71.0,72.0,72.5
2025-07-11,2025-07-10,70.36,69.0,67.5,67.5,68.0,69.0,69.5,70.5,71.0
2025-07-14,2025-07-11,69.21,70.5,69.0,69.0,70.0,70.5,71.5,72.5,73.0
2025-07-15,2025-07-14,68.71,70.0,68.5,68.5,69.5,70.0,70.5,71.5,72.0
2025-07-16,2025-07-15,68.52,69.0,67.5,68.0,68.5,69.0,70.0,70.5,71.0
2025-07-17,2025-07-16,69.52,69.0,67.5,68.0,68.5,69.0,69.5,70.5,71.0
2025-07-18,2025-07-17,69.28,70.0,68.5,69.0,69.5,70.0,70.5,71.5,72.0
2025-07-21,2025-07-18,69.21,70.0,68.0,68.5,69.5,70.0,70.5,71.0,71.5
2025-07-22,2025-07-21,68.59,70.0,68.0,68.5,69.0,70.0,70.5,71.0,71.5
2025-07-23,2025-07-22,68.51,69.0,68.0,68.0,68.5,69.0,70.0,70.5,71.0
2025-07-24,2025-07-23,69.18,69.0,67.5,68.0,68.5,69.0,69.5,70.0,70.5
2025-07-25,2025-07-24,68.44,69.5,68.0,68.5,69.0,69.5,70.0,71.0,71.5
2025-07-28,2025-07-25,70.04,69.0,67.5,68.0,68.5,69.0,69.5,70.5,71.0
2025-07-29,2025-07-28,72.51,70.5,68.5,69.0,69.5,70.5,71.0,72.0,72.5
2025-07-30,2025-07-29,73.24,72.5,70.5,71.0,72.0,72.5,73.5,74.5,75.0
2025-07-31,2025-07-30,72.53,73.0,71.0,71.5,72.0,73.0,73.5,74.5,75.0
2025-08-01,2025-07-31,69.67,72.5,70.5,71.0,72.0,72.5,73.0,74.0,74.5
2025-08-04,2025-08-01,68.76,70.0,68.0,68.5,69.0,70.0,70.5,71.5,72.0
2025-08-05,2025-08-04,67.64,69.0,67.5,68.0,68.5,69.0,70.0,70.5,71.5
2025-08-06,2025-08-05,66.89,68.0,66.5,67.0,67.5,68.0,69.0,69.5,70.0
2025-08-07,2025-08-06,66.43,67.5,66.0,66.5,67.0,67.5,68.0,69.0,69.5
2025-08-08,2025-08-07,66.59,67.5,65.5,66.0,66.5,67.5,68.0,68.5,69.0
2025-08-11,2025-08-08,66.63,67.5,66.0,66.5,67.0,67.5,68.5,69.0,69.5
2025-08-12,2025-08-11,66.12,67.5,65.5,66.5,67.0,67.5,68.0,68.5,69.5
2025-08-13,2025-08-12,65.63,66.5,65.0,65.5,66.0,66.5,67.5,68.0,68.5
2025-08-14,2025-08-13,66.84,66.5,64.5,65.0,65.5,66.5,67.0,67.5,68.0
2025-08-15,2025-08-14,65.85,67.5,66.0,66.5,67.0,67.5,68.0,69.0,69.5
2025-08-18,2025-08-15,66.6,66.5,65.0,65.0,66.0,66.5,67.0,67.5,68.0
2025-08-19,2025-08-18,65.79,67.0,65.5,66.0,66.5,67.0,68.0,68.5,69.0
2025-08-20,2025-08-19,66.84,66.5,65.0,65.5,66.0,66.5,67.0,68.0,68.5
2025-08-21,2025-08-20,67.67,67.5,65.5,66.0,66.5,67.5,68.0,69.0,69.5
2025-08-22,2025-08-21,67.73,68.0,66.0,66.5,67.5,68.0,69.0,69.5,70.5
2025-08-25,2025-08-22,68.8,68.0,66.0,67.0,67.5,68.0,69.0,69.5,70.0
2025-08-26,2025-08-25,67.22,69.0,67.0,68.0,68.5,69.0,70.0,71.0,71.5
2025-08-27,2025-08-26,68.05,67.5,66.0,66.5,67.0,67.5,68.5,69.5,70.0
2025-08-28,2025-08-27,68.62,68.5,67.0,67.5,68.0,68.5,69.5,70.5,71.0
2025-08-29,2025-08-28,68.12,69.0,67.5,68.0,68.5,69.0,70.0,70.5,71.5
2025-09-02,2025-08-29,69.14,68.5,67.0,67.5,68.0,68.5,69.5,70.0,70.5
2025-09-03,2025-09-02,67.6,69.5,68.0,68.5,69.0,69.5,70.5,71.0,71.5
2025-09-04,2025-09-03,66.99,68.0,66.5,67.0,67.5,68.0,69.0,69.5,70.0
2025-09-05,2025-09-04,65.5,67.5,66.0,66.5,67.0,67.5,68.0,69.0,69.5
2025-09-08,2025-09-05,66.02,66.5,65.0,65.5,66.0,66.5,67.0,67.5,68.0
2025-09-09,2025-09-08,66.39,67.0,65.0,65.5,66.0,67.0,67.5,68.0,68.5
2025-09-10,2025-09-09,67.49,67.0,65.5,66.0,66.5,67.0,67.5,68.5,69.0
2025-09-11,2025-09-10,66.37,68.0,66.5,67.0,67.5,68.0,69.0,69.5,70.0
2025-09-12,2025-09-11,66.99,67.0,65.5,66.0,66.5,67.0,67.5,68.5,69.0
2025-09-15,2025-09-12,67.44,67.5,65.5,66.0,67.0,67.5,68.0,69.0,69.5
2025-09-16,2025-09-15,68.47,68.0,66.0,66.5,67.5,68.0,68.5,69.5,70.0
2025-09-17,2025-09-16,67.95,69.0,67.0,67.5,68.0,69.0,69.5,70.5,71.0
2025-09-18,2025-09-17,67.44,68.0,66.5,67.0,67.5,68.0,69.0,69.5,70.5
2025-09-19,2025-09-18,66.68,67.5,66.0,66.5,67.5,67.5,68.5,69.0,70.0
2025-09-22,2025-09-19,66.57,67.0,65.5,66.0,66.5,67.0,68.0,68.5,69.0
2025-09-23,2025-09-22,67.63,67.0,65.5,66.0,66.5,67.0,68.0,68.5,69.5
2025-09-24,2025-09-23,69.31,68.5,66.5,67.0,67.5,68.5,69.0,70.0,70.5
2025-09-25,2025-09-24,69.42,69.5,67.5,68.0,69.0,69.5,70.5,71.0,72.0
2025-09-26,2025-09-25,70.13,69.5,68.0,68.5,69.0,69.5,70.5,71.0,71.5
2025-09-29,2025-09-26,67.97,70.0,68.0,69.0,69.5,70.0,71.0,71.5,72.0
2025-09-30,2025-09-29,67.02,68.5,67.0,67.5,68.0,68.5,69.0,70.0,70.5
2025-10-01,2025-09-30,65.35,67.5,65.5,66.0,66.5,67.5,68.0,68.5,69.5
2025-10-02,2025-10-01,64.11,66.0,64.0,64.5,65.5,66.0,66.5,67.0,67.5
2025-10-03,2025-10-02,64.53,64.5,63.0,63.5,64.0,64.5,65.5,66.0,66.5
2025-10-06,2025-10-03,65.47,65.5,63.75,64.0,65.0,65.5,66.0,67.0,67.5
2025-10-07,2025-10-06,65.45,66.0,64.5,65.0,65.5,66.0,67.0,68.0,68.5
2025-10-08,2025-10-07,66.25,66.5,64.5,65.0,65.5,66.5,67.0,67.5,68.5
2025-10-09,2025-10-08,65.22,67.0,65.5,66.0,66.5,67.0,67.5,68.5,69.0
2025-10-10,2025-10-09,62.73,66.0,64.5,64.5,65.0,66.0,66.5,67.0,67.5
2025-10-13,2025-10-10,63.32,63.0,61.25,61.75,62.5,63.0,63.75,64.5,65.0
2025-10-14,2025-10-13,62.39,64.0,62.25,62.75,63.5,64.0,65.0,65.5,66.5
2025-10-15,2025-10-14,61.91,63.0,61.25,61.75,62.25,63.0,63.5,64.5,65.0
2025-10-16,2025-10-15,61.06,62.5,60.75,61.25,62.0,62.5,63.25,64.0,64.5
2025-10-17,2025-10-16,61.29,61.5,60.0,60.5,61.0,61.5,62.25,62.75,63.5
2025-10-20,2025-10-17,61.01,62.0,60.25,60.75,61.5,62.0,62.75,63.25,63.75
2025-10-21,2025-10-20,61.32,61.25,59.75,60.25,60.75,61.25,62.0,62.5,63.0
2025-10-22,2025-10-21,62.59,61.75,60.25,60.5,61.25,61.75,62.5,63.0,63.5
2025-10-23,2025-10-22,65.99,62.75,61.25,61.5,62.25,62.75,63.5,64.5,65.0
2025-10-24,2025-10-23,65.94,66.0,63.75,64.5,65.5,66.0,67.0,68.5,69.0
2025-10-27,2025-10-24,65.62,66.0,63.75,64.5,65.0,66.0,66.5,67.5,68.0
2025-10-28,2025-10-27,64.4,65.5,63.25,64.0,65.0,65.5,66.0,67.0,67.5
2025-10-29,2025-10-28,64.92,64.5,62.25,63.0,63.5,64.5,65.0,65.5,66.5
2025-10-30,2025-10-29,65.0,65.0,63.0,63.25,64.0,65.0,65.5,66.5,67.0
2025-10-31,2025-10-30,65.07,65.0,63.25,63.75,64.5,65.0,66.0,66.5,67.0
2025-11-03,2025-10-31,64.89,65.5,63.75,64.0,65.0,65.5,66.0,67.0,68.0
2025-11-04,2025-11-03,64.44,65.5,63.5,64.0,64.5,65.5,66.0,67.0,67.5
2025-11-05,2025-11-04,63.52,65.0,63.25,63.75,64.5,65.0,65.5,66.5,67.0
2025-11-06,2025-11-05,63.38,63.75,62.25,62.75,63.25,63.75,64.5,65.0,66.0
2025-11-07,2025-11-06,63.63,63.75,62.25,62.5,63.25,63.75,64.5,65.0,65.5
2025-11-10,2025-11-07,64.06,63.75,62.25,62.75,63.25,63.75,64.5,65.0,65.5
2025-11-11,2025-11-10,65.16,64.5,62.75,63.0,63.75,64.5,65.0,66.0,66.5
2025-11-12,2025-11-11,62.71,65.5,63.75,64.0,65.0,65.5,66.0,67.0,67.5
2025-11-13,2025-11-12,63.01,63.25,61.5,61.75,62.5,63.25,64.0,64.5,65.0
2025-11-14,2025-11-13,64.39,63.25,61.75,62.25,62.75,63.25,64.0,64.5,65.0
2025-11-17,2025-11-14,64.2,64.5,63.0,63.25,64.0,64.5,65.5,66.0,66.5
2025-11-18,2025-11-17,64.89,64.5,62.75,63.0,63.75,64.5,65.0,66.0,66.5
2025-11-19,2025-11-18,63.51,65.0,63.5,64.0,64.5,65.0,66.0,66.5,67.0
2025-11-20,2025-11-19,63.38,63.75,62.25,62.75,63.25,63.75,64.5,65.5,66.0
2025-11-21,2025-11-20,62.56,63.5,62.0,62.5,63.0,63.5,64.5,65.0,65.5
2025-11-24,2025-11-21,63.37,62.75,61.25,61.5,62.25,62.75,63.5,64.0,64.5
2025-11-25,2025-11-24,62.48,64.0,62.25,62.5,63.25,64.0,64.5,65.5,66.5
2025-11-26,2025-11-25,63.13,62.75,61.5,61.75,62.5,62.75,63.75,64.5,65.0
2025-11-28,2025-11-26,63.2,63.75,62.0,62.5,63.25,63.75,64.5,65.5,66.0
2025-12-01,2025-11-28,63.17,63.75,62.0,62.5,63.0,63.75,64.5,65.0,66.0
2025-12-02,2025-12-01,62.45,63.75,62.0,62.5,63.0,63.75,64.5,65.0,66.0
2025-12-03,2025-12-02,62.67,63.0,61.5,62.0,62.5,63.0,63.75,64.5,65.0
2025-12-04,2025-12-03,63.26,63.25,61.5,62.0,62.5,63.25,63.75,64.5,65.0
2025-12-05,2025-12-04,63.75,63.75,62.25,62.5,63.25,63.75,64.5,65.0,65.5
2025-12-08,2025-12-05,62.49,64.0,62.5,63.0,63.75,64.0,65.0,65.5,66.5
2025-12-09,2025-12-08,61.94,63.0,61.5,61.75,62.5,63.0,63.5,64.0,65.0
2025-12-10,2025-12-09,62.21,62.25,60.75,61.0,61.75,62.25,62.75,63.25,64.0
2025-12-11,2025-12-10,61.28,62.75,61.25,61.75,62.0,62.75,63.25,64.0,64.5
2025-12-12,2025-12-11,61.12,61.5,60.25,60.5,61.0,61.5,62.25,62.75,63.0
2025-12-15,2025-12-12,60.56,61.5,60.0,60.5,61.0,61.5,62.25,62.75,63.25
2025-12-16,2025-12-15,58.92,61.0,59.75,60.0,60.5,61.0,61.75,62.25,62.75
2025-12-17,2025-12-16,59.68,59.25,57.75,58.5,59.0,59.25,59.75,60.25,60.75
2025-12-18,2025-12-17,59.82,60.25,58.5,59.0,59.75,60.25,61.0,61.5,62.0
2025-12-19,2025-12-18,60.47,60.25,58.75,59.25,59.75,60.25,61.0,61.5,62.25
2025-12-22,2025-12-19,62.07,61.0,59.5,60.0,60.5,61.0,61.75,62.5,63.0
2025-12-23,2025-12-22,62.38,62.5,60.75,61.25,61.75,62.5,63.25,64.0,65.0
2025-12-24,2025-12-23,62.24,62.75,61.0,61.5,62.0,62.75,63.25,64.0,65.0
2025-12-26,2025-12-24,60.64,62.5,60.75,61.25,62.0,62.5,63.25,64.0,65.0
2025-12-29,2025-12-26,61.94,60.75,59.0,59.75,60.25,60.75,61.25,62.0,62.5
2025-12-30,2025-12-29,61.92,62.25,60.25,61.0,61.75,62.25,63.0,64.0,64.5
2025-12-31,2025-12-30,60.85,62.25,60.75,61.0,61.75,62.25,63.0,63.75,64.0
2026-01-02,2025-12-31,60.75,61.0,59.5,60.0,60.5,61.0,61.75,62.5,63.0
2026-01-05,2026-01-02,61.76,61.25,59.75,60.25,60.75,61.25,61.75,62.5,63.0
2026-01-06,2026-01-05,60.7,62.25,60.5,61.25,61.75,62.25,63.0,63.75,64.5
2026-01-07,2026-01-06,59.96,61.0,59.75,60.25,60.75,61.0,61.75,62.25,62.75
2026-01-08,2026-01-07,61.99,60.5,59.0,59.5,60.0,60.5,61.0,61.75,62.25
2026-01-09,2026-01-08,63.34,62.5,60.75,61.0,61.75,62.5,63.25,64.0,65.0
2026-01-12,2026-01-09,63.87,63.75,61.5,62.0,63.0,63.75,64.5,65.5,66.5
2026-01-13,2026-01-12,65.47,64.0,62.0,62.5,63.5,64.0,65.0,65.5,66.5
2026-01-14,2026-01-13,66.52,65.5,63.5,64.0,65.0,65.5,66.5,67.5,68.5
2026-01-15,2026-01-14,63.76,66.5,64.5,65.0,66.0,66.5,67.0,68.0,68.5
2026-01-16,2026-01-15,64.13,63.75,61.75,62.5,63.0,63.75,64.5,65.0,65.5
2026-01-20,2026-01-16,64.92,64.5,62.5,63.0,64.0,64.5,65.0,66.0,66.5
2026-01-21,2026-01-20,65.24,65.0,63.25,63.75,64.5,65.0,65.5,66.5,67.0
2026-01-22,2026-01-21,64.06,65.5,63.5,64.0,65.0,65.5,66.0,66.5,67.5
2026-01-23,2026-01-22,65.88,64.0,62.5,63.0,63.5,64.0,64.5,65.0,65.5
2026-01-26,2026-01-23,65.59,66.5,64.0,65.0,65.5,66.5,67.0,68.0,68.5
2026-01-27,2026-01-26,67.57,66.0,64.0,64.5,65.5,66.0,66.5,67.5,68.0
2026-01-28,2026-01-27,68.4,67.5,65.5,66.0,67.0,67.5,68.0,69.0,69.5
2026-01-29,2026-01-28,70.71,68.5,66.5,67.0,67.5,68.5,69.0,69.5,70.5
2026-01-30,2026-01-29,70.69,70.5,68.5,69.0,69.5,70.5,71.5,72.0,72.5
2026-02-02,2026-01-30,66.3,70.0,68.0,68.5,69.0,70.0,70.5,71.5,72.0
2026-02-03,2026-02-02,67.33,66.0,63.5,64.0,65.0,66.0,66.5,67.5,68.5
2026-02-04,2026-02-03,69.46,67.5,65.0,65.5,66.5,67.5,68.5,69.5,70.0
2026-02-05,2026-02-04,67.55,69.0,67.0,67.5,68.5,69.0,70.0,71.0,71.5
2026-02-06,2026-02-05,68.05,67.5,65.5,66.0,67.0,67.5,68.5,69.0,70.0
2026-02-09,2026-02-06,69.04,68.0,66.5,67.0,67.5,68.0,69.0,69.5,70.0
2026-02-10,2026-02-09,68.8,69.0,67.5,68.0,68.5,69.0,70.0,70.5,71.5
2026-02-11,2026-02-10,69.4,69.0,67.0,67.5,68.5,69.0,69.5,70.0,71.0
2026-02-12,2026-02-11,67.52,69.5,68.0,68.0,69.0,69.5,70.0,71.0,71.5
2026-02-13,2026-02-12,67.75,67.5,66.0,66.5,67.0,67.5,68.5,69.0,69.5
2026-02-17,2026-02-13,67.42,68.0,66.0,66.5,67.5,68.0,68.5,69.0,70.0
2026-02-18,2026-02-17,70.35,67.5,66.0,66.5,67.0,67.5,68.0,69.0,69.5
2026-02-19,2026-02-18,71.66,70.5,68.0,68.5,69.5,70.5,71.0,72.0,72.5
2026-02-20,2026-02-19,71.76,71.5,69.5,70.0,70.5,71.5,72.0,73.0,73.5
2026-02-23,2026-02-20,71.49,71.5,70.0,70.0,71.0,71.5,72.0,73.0,73.5
2026-02-24,2026-02-23,70.77,71.0,69.5,70.0,70.5,71.0,71.5,72.5,73.0
2026-02-25,2026-02-24,70.85,70.5,69.0,69.5,70.0,70.5,71.0,72.0,72.5
2026-02-26,2026-02-25,70.75,70.5,69.0,69.5,70.0,70.5,71.5,72.0,72.5
2026-02-27,2026-02-26,72.48,71.0,69.0,69.5,70.0,71.0,71.5,72.0,72.5
2026-03-02,2026-02-27,77.74,72.5,70.5,71.0,71.5,72.5,73.0,74.0,74.5
2026-03-03,2026-03-02,81.4,77.0,74.5,75.0,76.0,77.0,78.5,79.5,80.5
2026-03-04,2026-03-03,81.4,81.0,78.0,78.5,79.5,81.0,82.0,83.5,84.5
2026-03-05,2026-03-04,85.41,80.0,77.5,78.0,79.0,80.0,81.0,82.0,83.0
2026-03-06,2026-03-05,92.69,85.0,81.5,82.5,83.5,85.0,86.5,88.5,90.0
2026-03-09,2026-03-06,98.96,95.0,88.0,90.0,92.5,95.0,99.0,103.5,109.0
2026-03-10,2026-03-09,87.8,105.0,93.5,97.0,100.5,105.0,112.5,123.0,136.0
2026-03-11,2026-03-10,91.98,84.5,79.0,80.5,82.5,84.5,87.0,89.0,91.0
2026-03-12,2026-03-11,100.46,92.5,86.0,87.5,90.0,92.5,95.0,98.0,100.5
2026-03-13,2026-03-12,103.14,101.0,91.5,94.5,97.5,101.0,105.0,109.5,115.0
2026-03-16,2026-03-13,100.21,103.5,94.5,97.0,100.0,103.5,107.0,111.0,116.5
2026-03-17,2026-03-16,103.42,101.5,94.0,96.0,99.0,101.5,105.0,108.0,111.0
2026-03-18,2026-03-17,107.38,105.0,95.0,98.5,101.5,105.0,109.0,112.5,116.5
2026-03-19,2026-03-18,108.65,108.0,98.0,101.5,104.5,108.0,112.0,116.0,120.0
2026-03-20,2026-03-19,112.19,109.0,100.0,103.0,106.5,109.0,112.5,116.0,119.5
2026-03-23,2026-03-20,99.94,115.5,104.0,107.5,111.0,115.5,119.0,122.5,127.5
2026-03-24,2026-03-23,104.49,99.5,87.0,91.0,95.5,99.5,104.5,109.0,113.5
2026-03-25,2026-03-24,102.22,106.0,94.5,98.0,102.0,106.0,110.0,114.0,119.0
2026-03-26,2026-03-25,108.01,103.0,95.0,97.5,100.5,103.0,106.0,108.5,111.5
2026-03-27,2026-03-26,112.57,109.5,99.0,103.0,106.5,109.5,112.5,116.0,119.5
2026-03-30,2026-03-27,112.78,115.5,105.0,108.0,111.0,115.5,118.5,121.5,125.5
2026-03-31,2026-03-30,118.35,114.0,103.5,107.0,110.5,114.0,117.5,120.0,123.5
2026-04-01,2026-03-31,101.16,119.5,108.5,112.5,116.0,119.5,124.5,127.0,131.0
2026-04-02,2026-04-01,109.03,102.0,88.5,93.0,98.0,102.0,106.5,110.5,114.5
2026-04-06,2026-04-02,109.77,110.5,99.5,103.0,106.5,110.5,113.5,117.5,120.5
2026-04-07,2026-04-06,109.27,111.0,101.5,104.5,108.0,111.0,114.0,117.0,119.0
2026-04-08,2026-04-07,94.75,110.0,100.5,103.5,107.0,110.0,113.5,116.0,119.0
2026-04-09,2026-04-08,95.92,95.5,84.0,87.5,92.0,95.5,99.0,102.5,106.0
2026-04-10,2026-04-09,95.2,96.0,86.5,89.5,93.0,96.0,99.5,102.5,105.5
2026-04-13,2026-04-10,99.36,95.0,88.0,90.0,92.5,95.0,97.5,100.5,102.5
2026-04-14,2026-04-13,94.79,99.0,91.0,93.5,96.5,99.0,102.0,104.5,107.5
2026-04-15,2026-04-14,94.93,94.5,88.0,90.0,92.0,94.5,97.0,99.5,101.5
2026-04-16,2026-04-15,99.39,94.0,88.0,90.0,92.0,94.0,96.0,98.5,100.5
2026-04-17,2026-04-16,90.38,99.0,91.0,93.5,96.5,99.0,102.0,105.0,108.5
2026-04-20,2026-04-17,95.48,89.0,83.0,85.0,87.0,89.0,91.5,94.0,97.0
2026-04-21,2026-04-20,98.48,95.0,87.5,90.0,92.5,95.0,97.0,99.5,102.0
2026-04-22,2026-04-21,101.91,98.0,91.5,93.5,96.0,98.0,100.5,103.0,105.0
2026-04-23,2026-04-22,105.07,102.0,94.5,97.0,100.0,102.0,104.5,107.0,109.0
2026-04-24,2026-04-23,105.33,105.5,98.0,100.0,103.0,105.5,108.5,111.0,113.0
2026-04-27,2026-04-24,108.23,106.0,98.0,100.5,103.5,106.0,108.5,111.0,113.5
2026-04-28,2026-04-27,111.26,108.5,100.5,103.0,106.0,108.5,111.0,113.5,115.5
2026-04-29,2026-04-28,118.03,110.0,103.0,105.0,108.0,110.0,112.5,115.0,117.5
2026-04-30,2026-04-29,114.01,117.0,108.0,111.0,114.0,117.0,119.5,122.5,126.0
2026-05-01,2026-04-30,108.17,115.5,107.0,109.5,113.0,115.5,118.0,120.0,123.0
2026-05-04,2026-05-01,114.44,109.0,100.5,103.5,106.5,109.0,111.5,113.5,116.5
2026-05-05,2026-05-04,109.87,113.5,105.0,107.5,110.5,113.5,116.0,119.0,121.0
2026-05-06,2026-05-05,101.27,110.0,102.5,105.0,107.5,110.0,112.5,115.5,116.5
2026-05-07,2026-05-06,100.06,101.5,93.5,96.0,99.0,101.5,104.0,107.0,109.5
2026-05-08,2026-05-07,101.29,101.0,94.5,96.5,98.5,101.0,103.0,105.5,107.5
2026-05-11,2026-05-08,104.21,102.0,95.5,97.5,100.0,102.0,104.5,107.0,109.5
2026-05-12,2026-05-11,107.77,104.5,98.0,100.0,102.5,104.5,107.5,109.5,112.0
2026-05-13,2026-05-12,105.63,109.0,101.0,103.5,106.5,109.0,111.5,114.0,116.5
2026-05-14,2026-05-13,105.72,106.5,99.5,102.0,104.5,106.5,108.5,110.5,113.0
2026-05-15,2026-05-14,109.26,105.5,99.5,101.5,103.5,105.5,108.0,110.0,112.5
2026-05-18,2026-05-15,112.1,108.0,101.0,103.5,106.0,108.0,110.5,113.0,115.5
2026-05-19,2026-05-18,111.28,112.0,104.0,107.0,109.5,112.0,115.0,118.0,120.5
2026-05-20,2026-05-19,105.02,111.5,104.0,106.5,109.5,111.5,114.0,116.5,119.5
2026-05-21,2026-05-20,102.58,103.5,97.0,99.5,101.5,103.5,106.0,107.5,110.0
2026-05-22,2026-05-21,103.54,102.5,95.5,98.0,100.0,102.5,104.0,106.5,108.5
2026-05-26,2026-05-22,99.58,104.0,98.0,100.0,102.0,104.0,106.0,108.5,110.0
2026-05-27,2026-05-26,94.29,100.0,94.0,96.0,98.0,100.0,101.5,103.5,105.5
2026-05-28,2026-05-27,93.71,94.0,88.5,90.0,92.0,94.0,96.5,98.5,100.5
2026-05-29,2026-05-28,92.05,93.5,88.5,89.5,91.5,93.5,95.5,97.5,99.5
2026-06-01,2026-05-29,94.98,91.5,86.5,88.0,90.0,91.5,93.5,96.0,98.0
2026-06-02,2026-06-01,96.0,95.0,89.5,91.0,93.0,95.0,97.0,99.5,101.5
2026-06-03,2026-06-02,97.81,96.0,91.0,92.5,94.0,96.0,97.5,99.5,101.5
2026-06-04,2026-06-03,95.03,97.5,93.0,94.0,96.0,97.5,99.0,101.0,103.0
2026-06-05,2026-06-04,93.09,94.5,90.0,91.5,93.0,94.5,96.0,97.5,99.5
2026-06-08,2026-06-05,94.25,92.5,88.0,89.5,91.0,92.5,94.0,95.5,97.5
2026-06-09,2026-06-08,91.45,93.5,89.5,91.0,92.5,93.5,95.5,97.0,98.5
2026-06-10,2026-06-09,93.1,90.0,86.0,87.0,88.5,90.0,91.5,93.0,94.5
2026-06-11,2026-06-10,90.38,92.5,88.0,89.5,91.0,92.5,94.0,95.5,97.5
2026-06-12,2026-06-11,87.33,89.5,86.0,87.0,88.0,89.5,90.5,92.0,94.0
2026-06-15,2026-06-12,83.17,86.0,82.5,83.5,84.5,86.0,87.5,89.0,91.0
2026-06-16,2026-06-15,78.96,82.0,79.0,80.0,81.0,82.0,83.5,85.5,87.0
2026-06-17,2026-06-16,79.55,78.5,75.5,76.0,77.5,78.5,80.0,81.5,82.5
2026-06-18,2026-06-17,79.85,79.5,76.0,77.0,78.0,79.5,80.5,82.5,83.5
2026-06-22,2026-06-18,77.9,79.5,76.5,77.5,78.5,79.5,81.0,82.5,83.5
2026-06-23,2026-06-22,77.08,77.0,74.0,74.5,75.5,77.0,78.0,79.5,80.5
2026-06-24,2026-06-23,73.74,77.0,74.0,74.5,75.5,77.0,78.0,79.5,80.5
2026-06-25,2026-06-24,75.26,73.0,70.5,71.0,72.0,73.0,74.5,75.5,76.5
2026-06-26,2026-06-25,71.99,75.0,72.5,73.0,74.0,75.0,76.0,77.5,78.5
2026-06-29,2026-06-26,73.15,71.5,68.5,69.5,70.5,71.5,72.5,73.5,74.5
2026-06-30,2026-06-29,72.92,72.5,70.0,70.5,71.5,72.5,73.5,74.5,75.5
2026-07-01,2026-06-30,71.57,72.5,70.0,70.5,71.5,72.5,73.5,74.5,75.5
2026-07-02,2026-07-01,71.8,71.0,68.5,69.0,70.0,71.0,72.0,73.5,74.5
2026-07-06,2026-07-02,71.99,71.5,69.0,69.5,70.5,71.5,72.5,73.5,74.5
2026-07-07,2026-07-06,74.16,71.5,69.0,70.0,71.0,71.5,72.5,73.5,74.5
2026-07-08,2026-07-07,78.02,73.5,71.0,72.0,72.5,73.5,74.5,76.0,77.0
2026-07-09,2026-07-08,76.3,77.0,73.5,74.5,75.5,77.0,78.5,80.0,82.0
2026-07-10,2026-07-09,76.01,75.5,72.5,73.0,74.0,75.5,76.5,78.0,79.0
2026-07-13,2026-07-10,83.3,75.5,73.0,73.5,74.5,75.5,76.5,77.5,79.0
2026-07-14,2026-07-13,84.73,81.0,76.5,78.0,79.5,81.0,83.0,86.0,88.0
2026-07-15,2026-07-14,84.95,82.0,78.5,79.5,80.5,82.0,84.0,86.0,88.5
2026-07-16,2026-07-15,84.23,82.5,79.0,80.0,81.0,82.5,84.0,86.0,88.0
2026-07-17,2026-07-16,88.1,82.0,79.0,80.0,81.0,82.0,83.5,85.0,86.5
2026-07-20,2026-07-17,89.22,85.5,81.5,82.5,84.0,85.5,87.0,89.5,91.5
2026-07-21,2026-07-20,91.01,86.5,82.5,83.5,85.0,86.5,88.5,90.0,92.5
2026-07-22,2026-07-21,94.07,88.5,84.5,85.5,87.0,88.5,90.5,92.0,94.0
2026-07-23,2026-07-22,100.69,92.5,88.0,89.0,91.0,92.5,94.5,96.5,98.5
2026-07-24,2026-07-23,96.78,98.5,92.5,94.0,96.5,98.5,101.0,103.5,106.0
2026-07-27,2026-07-24,88.36,94.0,89.0,90.5,92.5,94.0,96.5,98.5,100.0
2026-07-28,2026-07-27,84.09,85.5,81.0,82.0,84.0,85.5,88.0,90.5,92.5
2026-07-29,2026-07-28,90.74,82.0,78.0,79.0,80.5,82.0,84.0,86.0,88.0
2026-07-30,2026-07-29,89.03,89.0,83.5,85.0,87.0,89.0,91.5,93.5,96.0
2026-07-31,2026-07-30,90.12,86.5,82.5,83.5,85.0,86.5,88.5,91.0,92.5
2026-08-03,2026-07-31,83.77,88.5,84.0,85.0,86.5,88.5,90.5,93.0,95.0
2026-08-04,2026-08-03,79.36,82.0,78.5,79.5,81.0,82.0,83.5,85.5,87.5
2026-08-05,2026-08-04,79.45,77.5,74.5,75.5,76.5,77.5,79.0,80.5,82.5
2026-08-06,2026-08-05,82.49,78.0,75.0,76.0,77.0,78.0,79.5,81.0,82.5
2026-08-07,2026-08-06,83.55,80.5,77.0,78.0,79.5,80.5,82.0,84.0,85.5
2026-08-10,2026-08-07,86.71,82.0,79.0,80.0,81.0,82.0,83.5,85.5,87.0
