target_date,origin_date,actual,point,q05,q10,q25,q50,q75,q90,q95
2015-01-02,2014-12-01,395.75,380.0,332.0,344.0,362.0,380.0,400.0,422.0,440.0
2015-01-05,2014-12-02,406.0,370.0,322.0,336.0,352.0,370.0,390.0,410.0,428.0
2015-01-06,2014-12-03,405.0,370.0,322.0,336.0,352.0,370.0,388.0,408.0,426.0
2015-01-07,2014-12-04,396.25,378.0,330.0,344.0,360.0,378.0,396.0,416.0,432.0
2015-01-08,2014-12-05,394.25,384.0,336.0,350.0,368.0,384.0,402.0,422.0,440.0
2015-01-09,2014-12-08,400.25,380.0,336.0,350.0,366.0,380.0,398.0,418.0,434.0
2015-01-12,2014-12-09,402.0,388.0,344.0,356.0,372.0,388.0,408.0,426.0,444.0
2015-01-13,2014-12-10,385.75,388.0,346.0,358.0,374.0,388.0,406.0,424.0,442.0
2015-01-14,2014-12-11,381.0,396.0,352.0,364.0,380.0,396.0,416.0,436.0,456.0
2015-01-15,2014-12-12,380.0,402.0,358.0,368.0,384.0,402.0,422.0,444.0,466.0
2015-01-16,2014-12-15,387.0,412.0,362.0,374.0,392.0,412.0,432.0,456.0,476.0
2015-01-20,2014-12-16,390.25,412.0,362.0,376.0,392.0,412.0,432.0,454.0,472.0
2015-01-21,2014-12-17,388.0,418.0,366.0,380.0,398.0,418.0,436.0,458.0,474.0
2015-01-22,2014-12-18,383.75,420.0,372.0,384.0,402.0,420.0,440.0,462.0,480.0
2015-01-23,2014-12-19,386.75,422.0,372.0,384.0,402.0,422.0,442.0,462.0,478.0
2015-01-26,2014-12-22,384.0,420.0,370.0,382.0,400.0,420.0,440.0,460.0,478.0
2015-01-27,2014-12-23,381.25,424.0,374.0,386.0,406.0,424.0,444.0,464.0,480.0
2015-01-28,2014-12-24,373.25,420.0,370.0,382.0,400.0,420.0,440.0,458.0,474.0
2015-01-29,2014-12-26,371.5,426.0,374.0,388.0,406.0,426.0,446.0,466.0,482.0
2015-01-30,2014-12-29,370.0,424.0,374.0,388.0,406.0,424.0,444.0,462.0,476.0
2015-02-02,2014-12-30,369.75,418.0,364.0,378.0,398.0,418.0,436.0,456.0,472.0
2015-02-03,2014-12-31,385.75,406.0,350.0,366.0,386.0,406.0,426.0,446.0,464.0
2015-02-04,2015-01-02,383.5,398.0,346.0,360.0,380.0,398.0,420.0,442.0,460.0
2015-02-05,2015-01-05,385.25,412.0,364.0,376.0,394.0,412.0,432.0,452.0,470.0
2015-02-06,2015-01-06,385.75,412.0,362.0,374.0,392.0,412.0,430.0,450.0,470.0
2015-02-09,2015-01-07,391.25,402.0,352.0,364.0,384.0,402.0,422.0,442.0,462.0
2015-02-10,2015-01-08,388.0,398.0,348.0,362.0,380.0,398.0,418.0,438.0,456.0
2015-02-11,2015-01-09,385.75,404.0,354.0,368.0,386.0,404.0,424.0,444.0,462.0
2015-02-12,2015-01-12,383.0,406.0,358.0,370.0,388.0,406.0,426.0,446.0,462.0
2015-02-13,2015-01-13,387.25,390.0,338.0,350.0,370.0,390.0,408.0,430.0,446.0
2015-02-17,2015-01-14,389.5,386.0,334.0,348.0,366.0,386.0,406.0,426.0,444.0
2015-02-18,2015-01-15,383.75,382.0,330.0,344.0,364.0,382.0,402.0,422.0,440.0
2015-02-19,2015-01-16,389.75,388.0,338.0,350.0,370.0,388.0,408.0,428.0,444.0
2015-02-20,2015-01-20,385.25,394.0,344.0,358.0,376.0,394.0,414.0,434.0,450.0
2015-02-23,2015-01-21,378.75,392.0,346.0,358.0,376.0,392.0,412.0,432.0,446.0
2015-02-24,2015-01-22,377.5,390.0,342.0,354.0,372.0,390.0,408.0,426.0,442.0
2015-02-25,2015-01-23,375.75,392.0,346.0,358.0,376.0,392.0,410.0,428.0,444.0
2015-02-26,2015-01-26,380.0,388.0,342.0,354.0,372.0,388.0,406.0,424.0,442.0
2015-02-27,2015-01-27,384.5,382.0,338.0,348.0,366.0,382.0,398.0,416.0,434.0
2015-03-02,2015-01-28,378.75,372.0,326.0,338.0,356.0,372.0,390.0,410.0,430.0
2015-03-03,2015-01-29,382.0,368.0,322.0,336.0,352.0,368.0,386.0,406.0,428.0
2015-03-04,2015-01-30,381.5,368.0,322.0,334.0,352.0,368.0,386.0,406.0,426.0
2015-03-05,2015-02-02,382.75,364.0,320.0,332.0,346.0,364.0,382.0,402.0,424.0
2015-03-06,2015-02-03,379.25,384.0,338.0,350.0,366.0,384.0,404.0,424.0,446.0
2015-03-09,2015-02-04,383.25,382.0,338.0,350.0,366.0,382.0,402.0,422.0,440.0
2015-03-10,2015-02-05,382.25,386.0,344.0,354.0,370.0,386.0,404.0,426.0,444.0
2015-03-11,2015-02-06,384.0,386.0,342.0,354.0,370.0,386.0,404.0,424.0,442.0
2015-03-12,2015-02-09,382.25,390.0,348.0,358.0,374.0,390.0,410.0,430.0,448.0
2015-03-13,2015-02-10,374.0,386.0,344.0,354.0,370.0,386.0,404.0,424.0,440.0
2015-03-16,2015-02-11,379.0,386.0,342.0,354.0,370.0,386.0,402.0,422.0,438.0
2015-03-17,2015-02-12,371.0,384.0,340.0,350.0,368.0,384.0,402.0,420.0,436.0
2015-03-18,2015-02-13,374.75,388.0,344.0,354.0,370.0,388.0,404.0,422.0,438.0
2015-03-19,2015-02-17,373.5,390.0,346.0,358.0,374.0,390.0,408.0,426.0,442.0
2015-03-20,2015-02-18,385.0,386.0,342.0,354.0,370.0,386.0,402.0,422.0,438.0
2015-03-23,2015-02-19,390.25,390.0,346.0,358.0,374.0,390.0,406.0,426.0,444.0
2015-03-24,2015-02-20,393.25,386.0,344.0,354.0,372.0,386.0,404.0,424.0,444.0
2015-03-25,2015-02-23,395.0,378.0,334.0,346.0,362.0,378.0,396.0,416.0,440.0
2015-03-26,2015-02-24,391.25,376.0,336.0,346.0,360.0,376.0,392.0,414.0,438.0
2015-03-27,2015-02-25,391.0,370.0,332.0,342.0,356.0,370.0,386.0,406.0,426.0
2015-03-30,2015-02-26,394.5,376.0,336.0,346.0,362.0,376.0,392.0,412.0,432.0
2015-03-31,2015-02-27,376.25,382.0,340.0,350.0,366.0,382.0,400.0,418.0,436.0
2015-04-01,2015-03-02,381.75,378.0,338.0,350.0,364.0,378.0,394.0,414.0,432.0
2015-04-02,2015-03-03,386.5,382.0,342.0,352.0,368.0,382.0,400.0,418.0,436.0
2015-04-06,2015-03-04,385.0,384.0,342.0,354.0,368.0,384.0,400.0,418.0,438.0
2015-04-07,2015-03-05,383.0,382.0,344.0,354.0,368.0,382.0,400.0,418.0,436.0
2015-04-08,2015-03-06,379.25,380.0,340.0,350.0,366.0,380.0,396.0,414.0,430.0
2015-04-09,2015-03-09,378.0,386.0,346.0,356.0,370.0,386.0,402.0,420.0,436.0
2015-04-10,2015-03-10,377.0,384.0,346.0,356.0,372.0,384.0,400.0,418.0,436.0
2015-04-13,2015-03-11,370.5,388.0,352.0,362.0,374.0,388.0,402.0,418.0,434.0
2015-04-14,2015-03-12,373.5,388.0,352.0,362.0,374.0,388.0,402.0,418.0,436.0
2015-04-15,2015-03-13,376.0,378.0,336.0,348.0,364.0,378.0,392.0,410.0,432.0
2015-04-16,2015-03-16,376.25,382.0,344.0,354.0,368.0,382.0,396.0,418.0,448.0
2015-04-17,2015-03-17,379.75,372.0,334.0,346.0,358.0,372.0,388.0,410.0,448.0
2015-04-20,2015-03-18,378.0,374.0,340.0,348.0,362.0,374.0,390.0,414.0,462.0
2015-04-21,2015-03-19,373.0,372.0,340.0,348.0,360.0,372.0,386.0,408.0,442.0
2015-04-22,2015-03-20,372.5,382.0,348.0,356.0,368.0,382.0,398.0,424.0,462.0
2015-04-23,2015-03-23,370.75,392.0,350.0,360.0,376.0,392.0,410.0,436.0,464.0
2015-04-24,2015-03-24,364.5,398.0,358.0,368.0,382.0,398.0,418.0,450.0,496.0
2015-04-27,2015-03-25,360.75,400.0,358.0,370.0,384.0,400.0,420.0,446.0,480.0
2015-04-28,2015-03-26,361.0,396.0,356.0,366.0,380.0,396.0,414.0,440.0,476.0
2015-04-29,2015-03-27,363.75,394.0,356.0,366.0,380.0,394.0,410.0,432.0,464.0
2015-04-30,2015-03-30,362.5,398.0,358.0,368.0,382.0,398.0,414.0,436.0,462.0
2015-05-01,2015-03-31,359.75,382.0,340.0,352.0,366.0,382.0,400.0,418.0,438.0
2015-05-04,2015-04-01,358.75,386.0,342.0,354.0,370.0,386.0,404.0,424.0,444.0
2015-05-05,2015-04-02,361.25,390.0,346.0,358.0,374.0,390.0,406.0,426.0,444.0
2015-05-06,2015-04-06,366.5,390.0,348.0,360.0,374.0,390.0,406.0,424.0,442.0
2015-05-07,2015-04-07,357.75,386.0,346.0,356.0,372.0,386.0,402.0,424.0,446.0
2015-05-08,2015-04-08,358.5,382.0,342.0,352.0,368.0,382.0,398.0,418.0,442.0
2015-05-11,2015-04-09,358.25,380.0,342.0,350.0,366.0,380.0,396.0,420.0,452.0
2015-05-12,2015-04-10,357.0,378.0,338.0,350.0,364.0,378.0,394.0,418.0,456.0
2015-05-13,2015-04-13,356.0,372.0,332.0,342.0,358.0,372.0,388.0,410.0,446.0
2015-05-14,2015-04-14,361.0,372.0,330.0,342.0,358.0,372.0,388.0,412.0,444.0
2015-05-15,2015-04-15,365.5,376.0,332.0,344.0,360.0,376.0,392.0,414.0,436.0
2015-05-18,2015-04-16,368.0,376.0,336.0,348.0,362.0,376.0,392.0,416.0,450.0
2015-05-19,2015-04-17,362.0,380.0,338.0,350.0,364.0,380.0,396.0,418.0,446.0
2015-05-20,2015-04-20,360.0,380.0,340.0,350.0,364.0,380.0,396.0,420.0,452.0
2015-05-21,2015-04-21,365.0,374.0,334.0,344.0,358.0,374.0,388.0,410.0,446.0
2015-05-22,2015-04-22,360.0,374.0,334.0,346.0,360.0,374.0,388.0,408.0,432.0
2015-05-26,2015-04-23,355.0,372.0,334.0,344.0,358.0,372.0,386.0,406.0,424.0
2015-05-27,2015-04-24,349.5,366.0,324.0,334.0,350.0,366.0,382.0,402.0,422.0
2015-05-28,2015-04-27,353.5,360.0,314.0,328.0,344.0,360.0,376.0,394.0,414.0
2015-05-29,2015-04-28,351.5,360.0,318.0,330.0,346.0,360.0,376.0,396.0,420.0
2015-06-01,2015-04-29,352.25,364.0,322.0,332.0,348.0,364.0,380.0,400.0,434.0
2015-06-02,2015-04-30,359.0,360.0,320.0,332.0,346.0,360.0,376.0,400.0,438.0
2015-06-03,2015-05-01,359.0,360.0,320.0,332.0,346.0,360.0,376.0,398.0,436.0
2015-06-04,2015-05-04,363.5,358.0,320.0,330.0,346.0,358.0,374.0,396.0,438.0
2015-06-05,2015-05-05,360.5,360.0,326.0,334.0,346.0,360.0,376.0,398.0,432.0
2015-06-08,2015-05-06,365.25,364.0,328.0,338.0,350.0,364.0,380.0,404.0,434.0
2015-06-09,2015-05-07,365.0,356.0,316.0,326.0,340.0,356.0,372.0,392.0,414.0
2015-06-10,2015-05-08,357.25,358.0,320.0,332.0,346.0,358.0,374.0,396.0,426.0
2015-06-11,2015-05-11,356.5,358.0,320.0,328.0,344.0,358.0,374.0,394.0,416.0
2015-06-12,2015-05-12,353.0,358.0,320.0,330.0,344.0,358.0,374.0,396.0,424.0
2015-06-15,2015-05-13,348.25,356.0,316.0,328.0,342.0,356.0,372.0,394.0,430.0
2015-06-16,2015-05-14,354.0,360.0,322.0,334.0,348.0,360.0,376.0,398.0,426.0
2015-06-17,2015-05-15,359.25,366.0,328.0,338.0,352.0,366.0,384.0,406.0,428.0
2015-06-18,2015-05-18,358.0,372.0,332.0,342.0,356.0,372.0,390.0,414.0,444.0
2015-06-19,2015-05-19,353.25,364.0,324.0,336.0,350.0,364.0,382.0,402.0,426.0
2015-06-22,2015-05-20,360.0,364.0,324.0,334.0,348.0,364.0,380.0,402.0,432.0
2015-06-23,2015-05-21,367.5,370.0,328.0,340.0,354.0,370.0,386.0,412.0,446.0
2015-06-24,2015-05-22,366.5,362.0,324.0,334.0,350.0,362.0,378.0,404.0,448.0
2015-06-25,2015-05-26,376.5,358.0,322.0,330.0,344.0,358.0,374.0,396.0,434.0
2015-06-26,2015-05-27,385.0,352.0,314.0,324.0,338.0,352.0,368.0,390.0,428.0
2015-06-29,2015-05-28,383.25,354.0,318.0,326.0,340.0,354.0,370.0,394.0,424.0
2015-06-30,2015-05-29,414.0,352.0,312.0,322.0,338.0,352.0,368.0,392.0,424.0
2015-07-01,2015-06-01,413.75,354.0,316.0,324.0,338.0,354.0,368.0,390.0,414.0
2015-07-02,2015-06-02,419.75,360.0,324.0,334.0,346.0,360.0,376.0,400.0,436.0
2015-07-06,2015-06-03,418.5,360.0,324.0,334.0,346.0,360.0,376.0,400.0,428.0
2015-07-07,2015-06-04,415.75,368.0,330.0,340.0,352.0,368.0,386.0,416.0,456.0
2015-07-08,2015-06-05,416.25,364.0,326.0,336.0,350.0,364.0,380.0,406.0,446.0
2015-07-09,2015-06-08,421.25,368.0,330.0,340.0,354.0,368.0,386.0,412.0,444.0
2015-07-10,2015-06-09,427.25,368.0,330.0,340.0,354.0,368.0,386.0,406.0,428.0
2015-07-13,2015-06-10,433.5,360.0,318.0,330.0,346.0,360.0,378.0,398.0,422.0
2015-07-14,2015-06-11,424.0,360.0,320.0,330.0,346.0,360.0,376.0,398.0,422.0
2015-07-15,2015-06-12,429.5,358.0,318.0,330.0,344.0,358.0,372.0,396.0,426.0
2015-07-16,2015-06-15,430.0,350.0,308.0,320.0,336.0,350.0,368.0,392.0,424.0
2015-07-17,2015-06-16,420.25,356.0,316.0,328.0,342.0,356.0,372.0,396.0,432.0
2015-07-20,2015-06-17,405.0,360.0,322.0,334.0,348.0,360.0,376.0,400.0,438.0
2015-07-21,2015-06-18,406.5,360.0,322.0,332.0,346.0,360.0,374.0,396.0,428.0
2015-07-22,2015-06-19,402.75,356.0,318.0,328.0,342.0,356.0,372.0,392.0,414.0
2015-07-23,2015-06-22,403.25,362.0,324.0,334.0,348.0,362.0,378.0,400.0,426.0
2015-07-24,2015-06-23,392.5,370.0,330.0,340.0,354.0,370.0,388.0,412.0,436.0
2015-07-27,2015-06-24,373.0,370.0,330.0,340.0,356.0,370.0,388.0,410.0,438.0
2015-07-28,2015-06-25,375.0,382.0,338.0,350.0,364.0,382.0,402.0,426.0,452.0
2015-07-29,2015-06-26,367.75,392.0,348.0,358.0,374.0,392.0,414.0,442.0,478.0
2015-07-30,2015-06-29,373.25,392.0,348.0,360.0,376.0,392.0,412.0,438.0,468.0
2015-07-31,2015-06-30,371.0,436.0,372.0,388.0,410.0,436.0,472.0,540.0,612.0
2015-08-03,2015-07-01,366.5,426.0,368.0,382.0,402.0,426.0,452.0,486.0,520.0
2015-08-04,2015-07-02,368.75,432.0,372.0,388.0,408.0,432.0,462.0,506.0,552.0
2015-08-05,2015-07-06,372.75,430.0,376.0,390.0,410.0,430.0,452.0,478.0,504.0
2015-08-06,2015-07-07,369.75,424.0,370.0,384.0,404.0,424.0,446.0,470.0,494.0
2015-08-07,2015-07-08,372.75,424.0,372.0,386.0,404.0,424.0,444.0,466.0,490.0
2015-08-10,2015-07-09,390.25,432.0,380.0,392.0,412.0,432.0,452.0,478.0,508.0
2015-08-11,2015-07-10,376.5,438.0,386.0,398.0,418.0,438.0,462.0,492.0,528.0
2015-08-12,2015-07-13,357.25,446.0,394.0,406.0,424.0,446.0,470.0,504.0,548.0
2015-08-13,2015-07-14,363.75,432.0,378.0,392.0,412.0,432.0,454.0,480.0,504.0
2015-08-14,2015-07-15,364.0,438.0,388.0,400.0,418.0,438.0,460.0,484.0,504.0
2015-08-17,2015-07-16,363.25,440.0,392.0,404.0,422.0,440.0,460.0,480.0,494.0
2015-08-18,2015-07-17,366.25,428.0,380.0,390.0,408.0,428.0,448.0,468.0,482.0
2015-08-19,2015-07-20,367.25,410.0,358.0,370.0,388.0,410.0,432.0,452.0,466.0
2015-08-20,2015-07-21,371.0,410.0,360.0,370.0,390.0,410.0,430.0,450.0,464.0
2015-08-21,2015-07-22,365.25,406.0,358.0,370.0,388.0,406.0,426.0,444.0,456.0
2015-08-24,2015-07-23,368.75,406.0,360.0,370.0,388.0,406.0,426.0,442.0,454.0
2015-08-25,2015-07-24,365.5,394.0,342.0,356.0,374.0,394.0,414.0,434.0,448.0
2015-08-26,2015-07-27,361.75,374.0,306.0,326.0,352.0,374.0,398.0,420.0,438.0
2015-08-27,2015-07-28,363.75,374.0,310.0,328.0,350.0,374.0,396.0,418.0,434.0
2015-08-28,2015-07-29,363.25,364.0,302.0,318.0,342.0,364.0,386.0,408.0,424.0
2015-08-31,2015-07-30,363.75,372.0,314.0,330.0,350.0,372.0,392.0,414.0,428.0
2015-09-01,2015-07-31,356.0,368.0,312.0,328.0,348.0,368.0,390.0,410.0,422.0
2015-09-02,2015-08-03,354.0,366.0,310.0,326.0,346.0,366.0,386.0,406.0,420.0
2015-09-03,2015-08-04,347.75,368.0,314.0,328.0,348.0,368.0,388.0,410.0,422.0
2015-09-04,2015-08-05,349.5,370.0,320.0,334.0,352.0,370.0,392.0,412.0,424.0
2015-09-08,2015-08-06,355.0,366.0,314.0,328.0,346.0,366.0,386.0,406.0,420.0
2015-09-09,2015-08-07,356.5,370.0,324.0,336.0,354.0,370.0,390.0,408.0,422.0
2015-09-10,2015-08-10,361.75,388.0,336.0,350.0,368.0,388.0,410.0,432.0,446.0
2015-09-11,2015-08-11,374.5,376.0,326.0,340.0,356.0,376.0,396.0,416.0,430.0
2015-09-14,2015-08-12,379.0,358.0,300.0,316.0,338.0,358.0,380.0,402.0,418.0
2015-09-15,2015-08-13,390.5,364.0,310.0,326.0,344.0,364.0,382.0,402.0,416.0
2015-09-16,2015-08-14,386.0,360.0,308.0,322.0,340.0,360.0,378.0,398.0,412.0
2015-09-17,2015-08-17,379.75,360.0,310.0,324.0,340.0,360.0,378.0,398.0,410.0
2015-09-18,2015-08-18,377.25,364.0,316.0,328.0,346.0,364.0,384.0,404.0,416.0
2015-09-21,2015-08-19,384.5,366.0,320.0,332.0,348.0,366.0,386.0,404.0,416.0
2015-09-22,2015-08-20,380.5,370.0,326.0,336.0,352.0,370.0,388.0,406.0,418.0
2015-09-23,2015-08-21,383.25,362.0,316.0,328.0,346.0,362.0,382.0,400.0,412.0
2015-09-24,2015-08-24,381.5,368.0,324.0,332.0,350.0,368.0,386.0,402.0,414.0
2015-09-25,2015-08-25,389.0,364.0,320.0,332.0,348.0,364.0,382.0,400.0,410.0
2015-09-28,2015-08-26,386.75,360.0,314.0,326.0,342.0,360.0,378.0,396.0,408.0
2015-09-29,2015-08-27,389.0,362.0,316.0,328.0,344.0,362.0,380.0,398.0,410.0
2015-09-30,2015-08-28,387.75,360.0,314.0,326.0,342.0,360.0,378.0,396.0,408.0
2015-10-01,2015-08-31,388.75,362.0,318.0,328.0,344.0,362.0,378.0,396.0,408.0
2015-10-02,2015-09-01,389.25,352.0,306.0,318.0,336.0,352.0,370.0,388.0,400.0
2015-10-05,2015-09-02,393.5,350.0,306.0,316.0,334.0,350.0,368.0,384.0,396.0
2015-10-06,2015-09-03,398.25,344.0,298.0,310.0,326.0,344.0,362.0,380.0,392.0
2015-10-07,2015-09-04,395.75,344.0,298.0,310.0,328.0,344.0,362.0,378.0,390.0
2015-10-08,2015-09-08,391.25,350.0,306.0,316.0,332.0,350.0,366.0,384.0,396.0
2015-10-09,2015-09-09,382.75,352.0,310.0,322.0,336.0,352.0,370.0,388.0,400.0
2015-10-12,2015-09-10,380.75,360.0,316.0,328.0,344.0,360.0,378.0,396.0,408.0
2015-10-13,2015-09-11,384.5,372.0,326.0,338.0,354.0,372.0,390.0,412.0,426.0
2015-10-14,2015-09-14,379.0,376.0,330.0,342.0,360.0,376.0,396.0,416.0,430.0
2015-10-15,2015-09-15,375.5,388.0,338.0,350.0,368.0,388.0,408.0,430.0,446.0
2015-10-16,2015-09-16,376.75,384.0,336.0,348.0,366.0,384.0,404.0,422.0,436.0
2015-10-19,2015-09-17,373.0,378.0,332.0,344.0,360.0,378.0,396.0,416.0,428.0
2015-10-20,2015-09-18,376.75,378.0,330.0,342.0,358.0,378.0,396.0,416.0,428.0
2015-10-21,2015-09-21,380.75,382.0,336.0,348.0,364.0,382.0,402.0,422.0,436.0
2015-10-22,2015-09-22,378.25,378.0,334.0,344.0,360.0,378.0,398.0,416.0,430.0
2015-10-23,2015-09-23,379.75,382.0,336.0,348.0,364.0,382.0,402.0,422.0,434.0
2015-10-26,2015-09-24,384.5,382.0,336.0,346.0,364.0,382.0,400.0,418.0,432.0
2015-10-27,2015-09-25,380.0,388.0,342.0,354.0,370.0,388.0,408.0,426.0,440.0
2015-10-28,2015-09-28,376.0,388.0,342.0,354.0,370.0,388.0,406.0,424.0,436.0
2015-10-29,2015-09-29,380.0,390.0,346.0,356.0,372.0,390.0,410.0,428.0,440.0
2015-10-30,2015-09-30,382.25,390.0,346.0,356.0,372.0,390.0,408.0,424.0,436.0
2015-11-02,2015-10-01,376.5,392.0,348.0,358.0,374.0,392.0,410.0,428.0,440.0
2015-11-03,2015-10-02,380.5,392.0,348.0,358.0,376.0,392.0,410.0,428.0,440.0
2015-11-04,2015-10-05,380.5,396.0,354.0,364.0,380.0,396.0,414.0,430.0,442.0
2015-11-05,2015-10-06,374.5,400.0,356.0,366.0,384.0,400.0,418.0,436.0,450.0
2015-11-06,2015-10-07,373.0,398.0,354.0,364.0,382.0,398.0,416.0,434.0,446.0
2015-11-09,2015-10-08,366.75,394.0,352.0,362.0,378.0,394.0,412.0,428.0,440.0
2015-11-10,2015-10-09,359.0,386.0,344.0,354.0,370.0,386.0,404.0,420.0,432.0
2015-11-11,2015-10-12,362.25,384.0,338.0,350.0,366.0,384.0,402.0,420.0,432.0
2015-11-12,2015-10-13,362.0,386.0,344.0,354.0,370.0,386.0,404.0,422.0,434.0
2015-11-13,2015-10-14,358.25,380.0,334.0,344.0,362.0,380.0,398.0,416.0,428.0
2015-11-16,2015-10-15,360.0,376.0,330.0,342.0,360.0,376.0,394.0,412.0,424.0
2015-11-17,2015-10-16,362.0,378.0,334.0,344.0,360.0,378.0,394.0,412.0,424.0
2015-11-18,2015-10-19,361.75,374.0,330.0,340.0,358.0,374.0,392.0,410.0,422.0
2015-11-19,2015-10-20,364.25,378.0,334.0,346.0,362.0,378.0,394.0,412.0,424.0
2015-11-20,2015-10-21,363.25,382.0,340.0,350.0,366.0,382.0,398.0,416.0,428.0
2015-11-23,2015-10-22,367.25,380.0,338.0,348.0,364.0,380.0,396.0,414.0,424.0
2015-11-24,2015-10-23,364.25,382.0,340.0,350.0,366.0,382.0,398.0,416.0,428.0
2015-11-25,2015-10-26,366.0,386.0,346.0,356.0,370.0,386.0,404.0,420.0,432.0
2015-11-27,2015-10-27,359.25,382.0,340.0,350.0,366.0,382.0,398.0,416.0,426.0
2015-11-30,2015-10-28,365.0,378.0,336.0,348.0,364.0,378.0,396.0,412.0,424.0
2015-12-01,2015-10-29,367.0,382.0,340.0,350.0,366.0,382.0,398.0,414.0,426.0
2015-12-02,2015-10-30,364.0,384.0,344.0,354.0,368.0,384.0,400.0,416.0,428.0
2015-12-03,2015-11-02,370.25,380.0,340.0,348.0,364.0,380.0,394.0,410.0,422.0
2015-12-04,2015-11-03,376.25,382.0,344.0,354.0,368.0,382.0,400.0,416.0,428.0
2015-12-07,2015-11-04,368.5,382.0,346.0,354.0,368.0,382.0,398.0,414.0,424.0
2015-12-08,2015-11-05,370.0,376.0,336.0,346.0,362.0,376.0,392.0,408.0,420.0
2015-12-09,2015-11-06,371.75,376.0,334.0,346.0,360.0,376.0,390.0,406.0,418.0
2015-12-10,2015-11-09,377.25,368.0,324.0,336.0,352.0,368.0,384.0,400.0,412.0
2015-12-11,2015-11-10,373.0,360.0,316.0,326.0,344.0,360.0,378.0,394.0,406.0
2015-12-14,2015-11-11,381.75,364.0,320.0,330.0,348.0,364.0,380.0,396.0,408.0
2015-12-15,2015-11-12,377.25,362.0,318.0,330.0,346.0,362.0,380.0,396.0,408.0
2015-12-16,2015-11-13,369.75,358.0,314.0,326.0,342.0,358.0,376.0,392.0,404.0
2015-12-17,2015-11-16,374.25,362.0,318.0,328.0,346.0,362.0,378.0,394.0,406.0
2015-12-18,2015-11-17,374.5,364.0,320.0,332.0,348.0,364.0,380.0,396.0,408.0
2015-12-21,2015-11-18,372.0,362.0,318.0,332.0,346.0,362.0,378.0,394.0,406.0
2015-12-22,2015-11-19,366.25,366.0,324.0,334.0,350.0,366.0,380.0,398.0,410.0
2015-12-23,2015-11-20,365.5,364.0,320.0,332.0,348.0,364.0,380.0,396.0,408.0
2015-12-24,2015-11-23,364.5,368.0,328.0,338.0,354.0,368.0,384.0,402.0,414.0
2015-12-28,2015-11-24,361.0,366.0,328.0,338.0,352.0,366.0,382.0,398.0,408.0
2015-12-29,2015-11-25,362.5,368.0,330.0,340.0,354.0,368.0,384.0,400.0,412.0
2015-12-30,2015-11-27,359.0,362.0,322.0,332.0,346.0,362.0,376.0,392.0,404.0
2015-12-31,2015-11-30,358.75,366.0,326.0,338.0,352.0,366.0,382.0,398.0,410.0
2016-01-04,2015-12-01,351.5,368.0,330.0,340.0,354.0,368.0,382.0,400.0,410.0
2016-01-05,2015-12-02,353.0,366.0,328.0,338.0,352.0,366.0,380.0,396.0,408.0
2016-01-06,2015-12-03,353.25,372.0,334.0,344.0,358.0,372.0,388.0,404.0,416.0
2016-01-07,2015-12-04,353.0,378.0,340.0,348.0,362.0,378.0,394.0,410.0,424.0
2016-01-08,2015-12-07,357.0,372.0,332.0,342.0,356.0,372.0,388.0,404.0,416.0
2016-01-11,2015-12-08,351.75,372.0,336.0,344.0,358.0,372.0,388.0,404.0,416.0
2016-01-12,2015-12-09,356.75,374.0,336.0,346.0,360.0,374.0,388.0,404.0,416.0
2016-01-13,2015-12-10,358.0,378.0,342.0,350.0,364.0,378.0,394.0,412.0,424.0
2016-01-14,2015-12-11,358.0,376.0,338.0,348.0,362.0,376.0,390.0,406.0,418.0
2016-01-15,2015-12-14,363.25,382.0,344.0,354.0,368.0,382.0,398.0,416.0,428.0
2016-01-19,2015-12-15,367.75,380.0,342.0,352.0,366.0,380.0,396.0,412.0,424.0
2016-01-20,2015-12-16,368.75,374.0,334.0,344.0,358.0,374.0,390.0,406.0,418.0
2016-01-21,2015-12-17,367.0,376.0,340.0,348.0,362.0,376.0,392.0,410.0,420.0
2016-01-22,2015-12-18,370.25,376.0,338.0,348.0,362.0,376.0,392.0,410.0,422.0
2016-01-25,2015-12-21,369.75,374.0,336.0,346.0,360.0,374.0,390.0,406.0,418.0
2016-01-26,2015-12-22,369.25,370.0,330.0,340.0,354.0,370.0,386.0,402.0,414.0
2016-01-27,2015-12-23,369.25,368.0,330.0,338.0,354.0,368.0,382.0,398.0,410.0
2016-01-28,2015-12-24,365.5,366.0,328.0,338.0,352.0,366.0,382.0,398.0,408.0
2016-01-29,2015-12-28,372.0,362.0,324.0,334.0,348.0,362.0,378.0,392.0,404.0
2016-02-01,2015-12-29,371.25,362.0,326.0,336.0,348.0,362.0,378.0,392.0,404.0
2016-02-02,2015-12-30,372.5,358.0,320.0,330.0,344.0,358.0,374.0,390.0,400.0
2016-02-03,2015-12-31,371.0,358.0,320.0,330.0,344.0,358.0,374.0,388.0,400.0
2016-02-04,2016-01-04,368.5,352.0,314.0,324.0,338.0,352.0,368.0,382.0,394.0
2016-02-05,2016-01-05,365.75,352.0,312.0,322.0,338.0,352.0,368.0,384.0,396.0
2016-02-08,2016-01-06,362.25,354.0,312.0,324.0,338.0,354.0,368.0,384.0,396.0
2016-02-09,2016-01-07,361.0,352.0,312.0,324.0,338.0,352.0,368.0,384.0,396.0
2016-02-10,2016-01-08,360.25,358.0,318.0,328.0,342.0,358.0,372.0,390.0,404.0
2016-02-11,2016-01-11,360.25,352.0,310.0,320.0,336.0,352.0,366.0,384.0,396.0
2016-02-12,2016-01-12,358.75,356.0,320.0,330.0,342.0,356.0,372.0,388.0,400.0
2016-02-16,2016-01-13,363.0,358.0,320.0,330.0,344.0,358.0,372.0,388.0,400.0
2016-02-17,2016-01-14,367.25,358.0,322.0,332.0,344.0,358.0,372.0,388.0,400.0
2016-02-18,2016-01-15,365.5,362.0,326.0,336.0,350.0,362.0,378.0,394.0,406.0
2016-02-19,2016-01-19,365.5,368.0,332.0,340.0,354.0,368.0,384.0,400.0,412.0
2016-02-22,2016-01-20,367.5,370.0,334.0,342.0,356.0,370.0,386.0,404.0,416.0
2016-02-23,2016-01-21,362.0,368.0,332.0,342.0,354.0,368.0,384.0,400.0,412.0
2016-02-24,2016-01-22,359.75,372.0,336.0,344.0,358.0,372.0,386.0,402.0,414.0
2016-02-25,2016-01-25,355.5,372.0,336.0,344.0,358.0,372.0,386.0,404.0,416.0
2016-02-26,2016-01-26,354.5,372.0,336.0,346.0,358.0,372.0,386.0,402.0,414.0
2016-02-29,2016-01-27,353.5,372.0,338.0,348.0,360.0,372.0,384.0,400.0,410.0
2016-03-01,2016-01-28,353.75,370.0,332.0,342.0,356.0,370.0,384.0,398.0,410.0
2016-03-02,2016-01-29,354.5,374.0,340.0,348.0,362.0,374.0,390.0,406.0,418.0
2016-03-03,2016-02-01,353.75,374.0,340.0,348.0,362.0,374.0,388.0,406.0,418.0
2016-03-04,2016-02-02,354.5,376.0,340.0,350.0,364.0,376.0,390.0,406.0,420.0
2016-03-07,2016-02-03,355.0,374.0,338.0,348.0,362.0,374.0,388.0,406.0,418.0
2016-03-08,2016-02-04,358.75,372.0,340.0,348.0,360.0,372.0,386.0,400.0,410.0
2016-03-09,2016-02-05,359.0,368.0,334.0,344.0,356.0,368.0,382.0,396.0,406.0
2016-03-10,2016-02-08,362.5,366.0,332.0,342.0,354.0,366.0,378.0,390.0,402.0
2016-03-11,2016-02-09,366.0,364.0,330.0,340.0,352.0,364.0,376.0,388.0,398.0
2016-03-14,2016-02-10,366.75,362.0,328.0,338.0,350.0,362.0,376.0,388.0,400.0
2016-03-15,2016-02-11,368.5,364.0,330.0,340.0,352.0,364.0,376.0,388.0,398.0
2016-03-16,2016-02-12,368.25,362.0,330.0,338.0,350.0,362.0,374.0,386.0,396.0
2016-03-17,2016-02-16,368.5,366.0,336.0,344.0,356.0,366.0,378.0,392.0,402.0
2016-03-18,2016-02-17,367.0,370.0,338.0,346.0,358.0,370.0,384.0,398.0,410.0
2016-03-21,2016-02-18,369.5,370.0,338.0,346.0,358.0,370.0,382.0,394.0,406.0
2016-03-22,2016-02-19,370.0,370.0,340.0,348.0,360.0,370.0,380.0,392.0,402.0
2016-03-23,2016-02-22,368.5,372.0,342.0,350.0,362.0,372.0,384.0,396.0,406.0
2016-03-24,2016-02-23,370.0,366.0,332.0,342.0,354.0,366.0,378.0,390.0,402.0
2016-03-28,2016-02-24,370.5,362.0,328.0,338.0,352.0,362.0,376.0,388.0,400.0
2016-03-29,2016-02-25,373.0,358.0,320.0,332.0,346.0,358.0,372.0,386.0,396.0
2016-03-30,2016-02-26,367.0,356.0,318.0,330.0,344.0,356.0,370.0,384.0,394.0
2016-03-31,2016-02-29,351.5,356.0,322.0,332.0,344.0,356.0,366.0,378.0,388.0
2016-04-01,2016-03-01,354.0,356.0,324.0,334.0,346.0,356.0,366.0,378.0,386.0
2016-04-04,2016-03-02,354.5,356.0,328.0,336.0,346.0,356.0,366.0,376.0,384.0
2016-04-05,2016-03-03,356.75,354.0,324.0,332.0,344.0,354.0,364.0,374.0,382.0
2016-04-06,2016-03-04,358.0,354.0,328.0,336.0,346.0,354.0,364.0,372.0,380.0
2016-04-07,2016-03-07,361.5,356.0,330.0,338.0,346.0,356.0,364.0,374.0,380.0
2016-04-08,2016-03-08,362.25,360.0,334.0,342.0,350.0,360.0,368.0,380.0,388.0
2016-04-11,2016-03-09,356.75,360.0,336.0,342.0,352.0,360.0,368.0,378.0,386.0
2016-04-12,2016-03-10,362.75,364.0,336.0,344.0,354.0,364.0,376.0,388.0,398.0
2016-04-13,2016-03-11,373.5,368.0,340.0,348.0,358.0,368.0,380.0,392.0,402.0
2016-04-14,2016-03-14,374.0,370.0,344.0,350.0,360.0,370.0,380.0,392.0,402.0
2016-04-15,2016-03-15,378.5,372.0,346.0,352.0,362.0,372.0,382.0,394.0,404.0
2016-04-18,2016-03-16,381.0,370.0,346.0,352.0,362.0,370.0,380.0,392.0,402.0
2016-04-19,2016-03-17,384.5,370.0,346.0,352.0,362.0,370.0,380.0,390.0,400.0
2016-04-20,2016-03-18,394.75,368.0,344.0,350.0,360.0,368.0,378.0,388.0,396.0
2016-04-21,2016-03-21,384.5,372.0,346.0,352.0,362.0,372.0,382.0,394.0,402.0
2016-04-22,2016-03-22,371.75,372.0,350.0,356.0,364.0,372.0,382.0,392.0,398.0
2016-04-25,2016-03-23,377.0,370.0,350.0,354.0,362.0,370.0,378.0,388.0,394.0
2016-04-26,2016-03-24,382.25,372.0,352.0,358.0,364.0,372.0,380.0,390.0,398.0
2016-04-27,2016-03-28,380.75,374.0,352.0,358.0,366.0,374.0,382.0,390.0,398.0
2016-04-28,2016-03-29,387.0,376.0,356.0,360.0,368.0,376.0,384.0,394.0,402.0
2016-04-29,2016-03-30,390.25,370.0,348.0,354.0,362.0,370.0,378.0,386.0,394.0
2016-05-02,2016-03-31,390.25,358.0,324.0,336.0,348.0,358.0,368.0,378.0,388.0
2016-05-03,2016-04-01,378.25,356.0,328.0,336.0,348.0,356.0,366.0,378.0,386.0
2016-05-04,2016-04-04,373.25,356.0,326.0,334.0,346.0,356.0,368.0,378.0,388.0
2016-05-05,2016-04-05,371.75,360.0,330.0,340.0,350.0,360.0,370.0,382.0,390.0
2016-05-06,2016-04-06,376.0,362.0,334.0,342.0,352.0,362.0,372.0,382.0,390.0
2016-05-09,2016-04-07,367.75,364.0,338.0,346.0,356.0,364.0,374.0,386.0,394.0
2016-05-10,2016-04-08,378.5,366.0,338.0,346.0,356.0,366.0,376.0,388.0,396.0
2016-05-11,2016-04-11,374.0,358.0,326.0,336.0,348.0,358.0,370.0,382.0,390.0
2016-05-12,2016-04-12,385.25,364.0,334.0,342.0,354.0,364.0,376.0,388.0,398.0
2016-05-13,2016-04-13,382.0,374.0,340.0,348.0,362.0,374.0,390.0,406.0,420.0
2016-05-16,2016-04-14,394.0,376.0,344.0,352.0,364.0,376.0,390.0,406.0,416.0
2016-05-17,2016-04-15,397.0,382.0,348.0,356.0,368.0,382.0,398.0,414.0,426.0
2016-05-18,2016-04-18,399.5,384.0,352.0,360.0,370.0,384.0,396.0,412.0,424.0
2016-05-19,2016-04-19,390.0,388.0,354.0,362.0,374.0,388.0,402.0,418.0,430.0
2016-05-20,2016-04-20,394.5,398.0,360.0,368.0,382.0,398.0,416.0,440.0,458.0
2016-05-23,2016-04-21,397.75,386.0,354.0,362.0,374.0,386.0,402.0,416.0,430.0
2016-05-24,2016-04-22,397.5,376.0,338.0,348.0,362.0,376.0,392.0,410.0,426.0
2016-05-25,2016-04-25,404.75,380.0,342.0,352.0,364.0,380.0,394.0,412.0,426.0
2016-05-26,2016-04-26,408.25,384.0,348.0,356.0,370.0,384.0,400.0,416.0,430.0
2016-05-27,2016-04-27,412.75,384.0,346.0,354.0,368.0,384.0,398.0,416.0,430.0
2016-05-31,2016-04-28,404.75,390.0,352.0,362.0,376.0,390.0,408.0,424.0,440.0
2016-06-01,2016-04-29,413.75,394.0,356.0,366.0,378.0,394.0,410.0,428.0,442.0
2016-06-02,2016-05-02,415.25,394.0,358.0,366.0,380.0,394.0,410.0,428.0,440.0
2016-06-03,2016-05-03,418.25,384.0,342.0,354.0,368.0,384.0,400.0,416.0,428.0
2016-06-06,2016-05-04,427.25,380.0,340.0,350.0,364.0,380.0,394.0,410.0,422.0
2016-06-07,2016-05-05,427.75,376.0,338.0,348.0,362.0,376.0,392.0,406.0,420.0
2016-06-08,2016-05-06,431.25,378.0,342.0,352.0,364.0,378.0,394.0,410.0,422.0
2016-06-09,2016-05-09,426.5,372.0,334.0,344.0,358.0,372.0,388.0,406.0,418.0
2016-06-10,2016-05-10,423.0,380.0,342.0,352.0,364.0,380.0,398.0,416.0,430.0
2016-06-13,2016-05-11,430.0,376.0,338.0,348.0,362.0,376.0,392.0,410.0,422.0
2016-06-14,2016-05-12,436.5,384.0,346.0,354.0,370.0,384.0,402.0,420.0,434.0
2016-06-15,2016-05-13,429.0,384.0,348.0,358.0,370.0,384.0,400.0,416.0,430.0
2016-06-16,2016-05-16,425.25,394.0,354.0,364.0,378.0,394.0,414.0,434.0,452.0
2016-06-17,2016-05-17,437.75,400.0,358.0,368.0,382.0,400.0,418.0,440.0,456.0
2016-06-20,2016-05-18,421.25,402.0,360.0,370.0,386.0,402.0,420.0,440.0,456.0
2016-06-21,2016-05-19,396.25,392.0,354.0,364.0,378.0,392.0,410.0,426.0,442.0
2016-06-22,2016-05-20,393.0,396.0,356.0,366.0,380.0,396.0,412.0,430.0,446.0
2016-06-23,2016-05-23,387.25,398.0,360.0,370.0,384.0,398.0,414.0,432.0,446.0
2016-06-24,2016-05-24,384.5,398.0,358.0,368.0,382.0,398.0,414.0,430.0,442.0
2016-06-27,2016-05-25,385.25,404.0,360.0,372.0,388.0,404.0,424.0,442.0,456.0
2016-06-28,2016-05-26,385.25,410.0,366.0,376.0,392.0,410.0,426.0,444.0,458.0
2016-06-29,2016-05-27,372.75,414.0,370.0,380.0,396.0,414.0,432.0,452.0,466.0
2016-06-30,2016-05-31,358.75,406.0,362.0,374.0,390.0,406.0,424.0,440.0,452.0
2016-07-01,2016-06-01,353.0,414.0,370.0,380.0,398.0,414.0,432.0,452.0,466.0
2016-07-05,2016-06-02,344.0,416.0,372.0,382.0,398.0,416.0,434.0,454.0,466.0
2016-07-06,2016-06-03,335.75,420.0,374.0,386.0,402.0,420.0,438.0,458.0,472.0
2016-07-07,2016-06-06,335.5,428.0,380.0,390.0,408.0,428.0,448.0,470.0,486.0
2016-07-08,2016-06-07,349.75,432.0,386.0,396.0,414.0,432.0,450.0,472.0,488.0
2016-07-11,2016-06-08,343.75,436.0,386.0,398.0,416.0,436.0,456.0,482.0,500.0
2016-07-12,2016-06-09,349.75,428.0,382.0,394.0,412.0,428.0,448.0,468.0,486.0
2016-07-13,2016-06-10,365.75,424.0,380.0,390.0,408.0,424.0,442.0,462.0,476.0
2016-07-14,2016-06-13,362.25,434.0,386.0,396.0,416.0,434.0,452.0,474.0,488.0
2016-07-15,2016-06-14,352.25,442.0,388.0,400.0,422.0,442.0,460.0,482.0,500.0
2016-07-18,2016-06-15,357.0,434.0,386.0,396.0,416.0,434.0,450.0,468.0,484.0
2016-07-19,2016-06-16,341.75,428.0,382.0,394.0,412.0,428.0,444.0,462.0,474.0
2016-07-20,2016-06-17,337.5,438.0,386.0,398.0,418.0,438.0,458.0,478.0,494.0
2016-07-21,2016-06-20,334.25,426.0,378.0,388.0,406.0,426.0,444.0,464.0,478.0
2016-07-22,2016-06-21,335.0,404.0,350.0,364.0,384.0,404.0,424.0,444.0,458.0
2016-07-25,2016-06-22,334.75,396.0,346.0,358.0,378.0,396.0,418.0,436.0,450.0
2016-07-26,2016-06-23,332.5,388.0,338.0,352.0,370.0,388.0,406.0,426.0,442.0
2016-07-27,2016-06-24,335.75,384.0,338.0,350.0,366.0,384.0,402.0,424.0,440.0
2016-07-28,2016-06-27,331.25,384.0,342.0,354.0,368.0,384.0,402.0,422.0,436.0
2016-07-29,2016-06-28,334.5,384.0,346.0,356.0,370.0,384.0,402.0,420.0,434.0
2016-08-01,2016-06-29,325.75,376.0,332.0,344.0,360.0,376.0,394.0,416.0,432.0
2016-08-02,2016-06-30,324.25,366.0,310.0,328.0,348.0,366.0,384.0,408.0,424.0
2016-08-03,2016-07-01,325.0,358.0,300.0,318.0,340.0,358.0,378.0,400.0,418.0
2016-08-04,2016-07-05,320.75,350.0,272.0,296.0,326.0,350.0,370.0,392.0,410.0
2016-08-05,2016-07-06,324.25,330.0,217.0,252.0,296.0,330.0,358.0,382.0,398.0
2016-08-08,2016-07-07,325.25,340.0,270.0,292.0,318.0,340.0,360.0,382.0,396.0
2016-08-09,2016-07-08,322.25,358.0,300.0,316.0,338.0,358.0,378.0,400.0,416.0
2016-08-10,2016-07-11,322.5,354.0,302.0,316.0,336.0,354.0,372.0,390.0,404.0
2016-08-11,2016-07-12,321.0,360.0,312.0,324.0,344.0,360.0,380.0,398.0,414.0
2016-08-12,2016-07-13,322.25,376.0,322.0,334.0,354.0,376.0,398.0,424.0,444.0
2016-08-15,2016-07-14,326.5,368.0,316.0,330.0,348.0,368.0,386.0,408.0,424.0
2016-08-16,2016-07-15,327.5,360.0,304.0,320.0,340.0,360.0,380.0,400.0,416.0
2016-08-17,2016-07-18,330.25,362.0,312.0,326.0,344.0,362.0,382.0,402.0,418.0
2016-08-18,2016-07-19,332.0,350.0,286.0,304.0,328.0,350.0,370.0,392.0,410.0
2016-08-19,2016-07-20,334.25,344.0,286.0,304.0,324.0,344.0,366.0,390.0,406.0
2016-08-22,2016-07-21,333.25,342.0,286.0,302.0,322.0,342.0,362.0,384.0,400.0
2016-08-23,2016-07-22,328.5,340.0,284.0,302.0,322.0,340.0,362.0,386.0,404.0
2016-08-24,2016-07-25,327.5,340.0,290.0,304.0,322.0,340.0,362.0,384.0,400.0
2016-08-25,2016-07-26,323.5,338.0,286.0,302.0,320.0,338.0,358.0,382.0,400.0
2016-08-26,2016-07-27,316.25,342.0,300.0,310.0,326.0,342.0,362.0,384.0,400.0
2016-08-29,2016-07-28,311.75,334.0,284.0,300.0,318.0,334.0,354.0,378.0,394.0
2016-08-30,2016-07-29,304.0,340.0,296.0,306.0,324.0,340.0,360.0,382.0,398.0
2016-08-31,2016-08-01,301.5,330.0,268.0,288.0,310.0,330.0,352.0,376.0,390.0
2016-09-01,2016-08-02,311.0,330.0,272.0,288.0,308.0,330.0,350.0,370.0,384.0
2016-09-02,2016-08-03,316.5,328.0,278.0,294.0,312.0,328.0,348.0,368.0,380.0
2016-09-06,2016-08-04,316.75,322.0,270.0,286.0,304.0,322.0,342.0,366.0,380.0
2016-09-07,2016-08-05,321.0,328.0,278.0,292.0,310.0,328.0,348.0,370.0,384.0
2016-09-08,2016-08-08,327.0,328.0,286.0,298.0,312.0,328.0,346.0,370.0,384.0
2016-09-09,2016-08-09,330.0,326.0,280.0,294.0,310.0,326.0,344.0,370.0,384.0
2016-09-12,2016-08-10,329.25,326.0,284.0,298.0,312.0,326.0,342.0,368.0,382.0
2016-09-13,2016-08-11,319.25,322.0,280.0,290.0,306.0,322.0,340.0,368.0,386.0
2016-09-14,2016-08-12,322.25,324.0,286.0,298.0,310.0,324.0,338.0,362.0,380.0
2016-09-15,2016-08-15,330.0,328.0,288.0,300.0,314.0,328.0,346.0,370.0,386.0
2016-09-16,2016-08-16,337.0,332.0,294.0,304.0,318.0,332.0,348.0,372.0,386.0
2016-09-19,2016-08-17,337.25,336.0,300.0,308.0,322.0,336.0,352.0,374.0,390.0
2016-09-20,2016-08-18,340.5,338.0,304.0,312.0,324.0,338.0,356.0,376.0,390.0
2016-09-21,2016-08-19,340.0,340.0,304.0,314.0,326.0,340.0,354.0,372.0,386.0
2016-09-22,2016-08-22,336.75,338.0,302.0,312.0,324.0,338.0,354.0,372.0,386.0
2016-09-23,2016-08-23,336.5,332.0,294.0,304.0,318.0,332.0,348.0,366.0,380.0
2016-09-26,2016-08-24,329.0,332.0,296.0,306.0,318.0,332.0,346.0,364.0,376.0
2016-09-27,2016-08-25,331.75,326.0,290.0,300.0,312.0,326.0,340.0,356.0,370.0
2016-09-28,2016-08-26,329.25,318.0,278.0,288.0,304.0,318.0,334.0,354.0,368.0
2016-09-29,2016-08-29,329.25,314.0,272.0,282.0,298.0,314.0,328.0,348.0,362.0
2016-09-30,2016-08-30,336.75,306.0,262.0,272.0,292.0,306.0,322.0,338.0,354.0
2016-10-03,2016-08-31,346.0,302.0,252.0,264.0,284.0,302.0,318.0,336.0,350.0
2016-10-04,2016-09-01,348.25,314.0,270.0,282.0,296.0,314.0,330.0,348.0,364.0
2016-10-05,2016-09-02,347.75,318.0,278.0,288.0,302.0,318.0,334.0,354.0,370.0
2016-10-06,2016-09-06,340.5,318.0,278.0,290.0,304.0,318.0,334.0,352.0,368.0
2016-10-07,2016-09-07,339.75,322.0,282.0,292.0,308.0,322.0,340.0,360.0,374.0
2016-10-11,2016-09-08,345.5,330.0,290.0,300.0,314.0,330.0,346.0,366.0,380.0
2016-10-12,2016-09-09,337.0,332.0,294.0,304.0,316.0,332.0,348.0,370.0,384.0
2016-10-13,2016-09-12,349.5,332.0,292.0,302.0,316.0,332.0,348.0,368.0,382.0
2016-10-14,2016-09-13,354.25,320.0,274.0,286.0,304.0,320.0,338.0,358.0,374.0
2016-10-17,2016-09-14,354.0,326.0,282.0,292.0,308.0,326.0,344.0,364.0,378.0
2016-10-18,2016-09-15,353.75,332.0,286.0,298.0,314.0,332.0,350.0,370.0,384.0
2016-10-19,2016-09-16,357.5,340.0,294.0,304.0,322.0,340.0,358.0,378.0,392.0
2016-10-20,2016-09-19,351.0,340.0,296.0,308.0,324.0,340.0,358.0,376.0,388.0
2016-10-21,2016-09-20,352.5,344.0,300.0,310.0,328.0,344.0,362.0,382.0,396.0
2016-10-24,2016-09-21,348.25,342.0,300.0,310.0,326.0,342.0,360.0,378.0,390.0
2016-10-25,2016-09-22,349.25,340.0,296.0,308.0,324.0,340.0,356.0,374.0,388.0
2016-10-26,2016-09-23,354.0,338.0,296.0,308.0,322.0,338.0,354.0,370.0,382.0
2016-10-27,2016-09-26,357.5,330.0,286.0,298.0,314.0,330.0,348.0,366.0,378.0
2016-10-28,2016-09-27,355.0,334.0,292.0,302.0,318.0,334.0,352.0,372.0,384.0
2016-10-31,2016-09-28,354.75,330.0,288.0,298.0,314.0,330.0,348.0,366.0,380.0
2016-11-01,2016-09-29,349.0,332.0,290.0,302.0,316.0,332.0,348.0,366.0,380.0
2016-11-02,2016-09-30,346.25,338.0,298.0,310.0,324.0,338.0,354.0,374.0,388.0
2016-11-03,2016-10-03,348.0,346.0,306.0,316.0,330.0,346.0,364.0,386.0,402.0
2016-11-04,2016-10-04,348.75,350.0,310.0,320.0,334.0,350.0,370.0,390.0,404.0
2016-11-07,2016-10-05,346.25,350.0,306.0,318.0,334.0,350.0,368.0,388.0,402.0
2016-11-08,2016-10-06,354.25,342.0,294.0,308.0,326.0,342.0,362.0,382.0,396.0
2016-11-09,2016-10-07,340.75,342.0,296.0,308.0,326.0,342.0,360.0,380.0,396.0
2016-11-10,2016-10-11,343.5,348.0,300.0,314.0,330.0,348.0,366.0,388.0,404.0
2016-11-14,2016-10-12,337.25,338.0,290.0,302.0,320.0,338.0,356.0,376.0,388.0
2016-11-15,2016-10-13,341.5,350.0,302.0,314.0,332.0,350.0,370.0,392.0,408.0
2016-11-16,2016-10-14,338.5,354.0,306.0,318.0,336.0,354.0,374.0,396.0,412.0
2016-11-17,2016-10-17,342.0,354.0,306.0,318.0,336.0,354.0,374.0,394.0,410.0
2016-11-18,2016-10-18,345.5,356.0,310.0,322.0,338.0,356.0,372.0,392.0,408.0
2016-11-21,2016-10-19,349.75,360.0,314.0,326.0,344.0,360.0,376.0,396.0,410.0
2016-11-22,2016-10-20,351.0,352.0,306.0,318.0,334.0,352.0,370.0,390.0,406.0
2016-11-23,2016-10-21,350.75,354.0,306.0,320.0,336.0,354.0,372.0,392.0,408.0
2016-11-25,2016-10-24,349.25,352.0,306.0,318.0,334.0,352.0,368.0,388.0,404.0
2016-11-28,2016-10-25,348.5,354.0,310.0,322.0,338.0,354.0,370.0,390.0,406.0
2016-11-29,2016-10-26,336.75,356.0,312.0,324.0,340.0,356.0,374.0,396.0,412.0
2016-11-30,2016-10-27,336.75,362.0,318.0,330.0,346.0,362.0,380.0,400.0,416.0
2016-12-01,2016-10-28,331.75,358.0,314.0,326.0,342.0,358.0,376.0,396.0,412.0
2016-12-02,2016-10-31,337.5,358.0,314.0,326.0,342.0,358.0,376.0,396.0,412.0
2016-12-05,2016-11-01,349.5,352.0,306.0,320.0,336.0,352.0,370.0,390.0,406.0
2016-12-06,2016-11-02,351.0,348.0,302.0,316.0,332.0,348.0,366.0,388.0,402.0
2016-12-07,2016-11-03,350.5,352.0,310.0,320.0,336.0,352.0,368.0,388.0,402.0
2016-12-08,2016-11-04,346.5,352.0,310.0,322.0,336.0,352.0,368.0,386.0,400.0
2016-12-09,2016-11-07,352.5,350.0,308.0,320.0,334.0,350.0,364.0,384.0,398.0
2016-12-12,2016-11-08,354.5,356.0,316.0,326.0,342.0,356.0,374.0,392.0,408.0
2016-12-13,2016-11-09,356.25,346.0,300.0,312.0,330.0,346.0,362.0,382.0,396.0
2016-12-14,2016-11-10,351.75,348.0,306.0,318.0,334.0,348.0,364.0,384.0,398.0
2016-12-15,2016-11-14,356.5,342.0,300.0,312.0,328.0,342.0,358.0,378.0,392.0
2016-12-16,2016-11-15,356.25,344.0,304.0,314.0,330.0,344.0,360.0,380.0,392.0
2016-12-19,2016-11-16,353.25,342.0,302.0,314.0,328.0,342.0,358.0,378.0,392.0
2016-12-20,2016-11-17,350.25,346.0,308.0,320.0,332.0,346.0,360.0,382.0,398.0
2016-12-21,2016-11-18,347.25,348.0,306.0,318.0,334.0,348.0,364.0,386.0,402.0
2016-12-22,2016-11-21,347.25,352.0,312.0,322.0,338.0,352.0,370.0,390.0,406.0
2016-12-23,2016-11-22,345.75,352.0,314.0,324.0,338.0,352.0,370.0,388.0,404.0
2016-12-27,2016-11-23,355.0,352.0,314.0,324.0,338.0,352.0,368.0,388.0,402.0
2016-12-28,2016-11-25,348.25,352.0,310.0,322.0,336.0,352.0,368.0,386.0,398.0
2016-12-29,2016-11-28,349.75,350.0,312.0,322.0,336.0,350.0,366.0,384.0,398.0
2016-12-30,2016-11-29,352.0,340.0,296.0,308.0,324.0,340.0,358.0,376.0,388.0
2017-01-03,2016-11-30,355.75,340.0,298.0,310.0,324.0,340.0,356.0,376.0,388.0
2017-01-04,2016-12-01,359.75,336.0,294.0,304.0,320.0,336.0,352.0,370.0,382.0
2017-01-05,2016-12-02,361.25,340.0,302.0,312.0,326.0,340.0,356.0,372.0,386.0
2017-01-06,2016-12-05,358.0,350.0,306.0,316.0,334.0,350.0,368.0,388.0,402.0
2017-01-09,2016-12-06,360.0,352.0,310.0,320.0,336.0,352.0,368.0,386.0,400.0
2017-01-10,2016-12-07,358.25,352.0,312.0,322.0,336.0,352.0,368.0,386.0,400.0
2017-01-11,2016-12-08,357.25,348.0,306.0,318.0,332.0,348.0,364.0,380.0,394.0
2017-01-12,2016-12-09,358.25,352.0,312.0,322.0,338.0,352.0,370.0,388.0,402.0
2017-01-13,2016-12-12,358.5,354.0,318.0,328.0,342.0,354.0,370.0,388.0,402.0
2017-01-17,2016-12-13,365.5,358.0,318.0,328.0,344.0,358.0,374.0,392.0,406.0
2017-01-18,2016-12-14,365.0,354.0,314.0,324.0,338.0,354.0,370.0,388.0,400.0
2017-01-19,2016-12-15,366.25,358.0,320.0,330.0,344.0,358.0,376.0,392.0,406.0
2017-01-20,2016-12-16,369.75,360.0,320.0,330.0,344.0,360.0,374.0,392.0,404.0
2017-01-23,2016-12-19,369.5,356.0,314.0,326.0,342.0,356.0,372.0,390.0,402.0
2017-01-24,2016-12-20,363.25,354.0,310.0,322.0,338.0,354.0,370.0,386.0,400.0
2017-01-25,2016-12-21,366.25,350.0,306.0,318.0,334.0,350.0,368.0,384.0,398.0
2017-01-26,2016-12-22,363.75,350.0,308.0,318.0,334.0,350.0,366.0,382.0,394.0
2017-01-27,2016-12-23,362.5,348.0,308.0,320.0,334.0,348.0,364.0,378.0,390.0
2017-01-30,2016-12-27,357.75,356.0,316.0,326.0,342.0,356.0,372.0,388.0,400.0
2017-01-31,2016-12-28,359.75,350.0,310.0,322.0,336.0,350.0,366.0,382.0,394.0
2017-02-01,2016-12-29,368.25,352.0,312.0,322.0,338.0,352.0,366.0,384.0,396.0
2017-02-02,2016-12-30,367.5,354.0,314.0,326.0,340.0,354.0,368.0,384.0,398.0
2017-02-03,2017-01-03,365.25,358.0,318.0,328.0,344.0,358.0,372.0,388.0,402.0
2017-02-06,2017-01-04,363.75,364.0,324.0,336.0,350.0,364.0,378.0,394.0,406.0
2017-02-07,2017-01-05,368.5,364.0,328.0,338.0,352.0,364.0,378.0,396.0,408.0
2017-02-08,2017-01-06,370.75,360.0,322.0,332.0,346.0,360.0,376.0,392.0,404.0
2017-02-09,2017-01-09,369.5,362.0,324.0,334.0,348.0,362.0,378.0,394.0,408.0
2017-02-10,2017-01-10,374.5,360.0,326.0,334.0,348.0,360.0,376.0,390.0,402.0
2017-02-13,2017-01-11,375.5,360.0,324.0,334.0,346.0,360.0,374.0,388.0,400.0
2017-02-14,2017-01-12,374.25,360.0,326.0,334.0,348.0,360.0,374.0,390.0,400.0
2017-02-15,2017-01-13,378.75,360.0,324.0,334.0,348.0,360.0,374.0,388.0,398.0
2017-02-16,2017-01-17,373.5,366.0,328.0,338.0,352.0,366.0,382.0,398.0,410.0
2017-02-17,2017-01-18,368.25,366.0,332.0,340.0,354.0,366.0,380.0,394.0,406.0
2017-02-21,2017-01-19,369.25,368.0,336.0,344.0,356.0,368.0,382.0,396.0,406.0
2017-02-22,2017-01-20,371.0,372.0,338.0,346.0,360.0,372.0,386.0,400.0,412.0
2017-02-23,2017-01-23,365.5,372.0,340.0,348.0,360.0,372.0,386.0,400.0,412.0
2017-02-24,2017-01-24,364.0,368.0,332.0,342.0,356.0,368.0,380.0,396.0,406.0
2017-02-27,2017-01-25,360.25,370.0,336.0,346.0,358.0,370.0,382.0,396.0,408.0
2017-02-28,2017-01-26,366.75,366.0,334.0,344.0,356.0,366.0,378.0,392.0,402.0
2017-03-01,2017-01-27,375.75,366.0,334.0,344.0,356.0,366.0,378.0,390.0,400.0
2017-03-02,2017-01-30,372.75,362.0,330.0,340.0,352.0,362.0,374.0,386.0,398.0
2017-03-03,2017-01-31,374.75,364.0,332.0,342.0,352.0,364.0,374.0,388.0,398.0
2017-03-06,2017-02-01,372.75,368.0,336.0,344.0,356.0,368.0,380.0,394.0,404.0
2017-03-07,2017-02-02,369.5,368.0,338.0,346.0,358.0,368.0,380.0,392.0,402.0
2017-03-08,2017-02-03,365.25,366.0,334.0,344.0,356.0,366.0,378.0,390.0,400.0
2017-03-09,2017-02-06,359.75,366.0,334.0,342.0,356.0,366.0,378.0,388.0,398.0
2017-03-10,2017-02-07,358.0,368.0,336.0,346.0,358.0,368.0,380.0,394.0,404.0
2017-03-13,2017-02-08,354.5,372.0,340.0,348.0,360.0,372.0,384.0,396.0,408.0
2017-03-14,2017-02-09,353.75,372.0,342.0,350.0,360.0,372.0,382.0,394.0,406.0
2017-03-15,2017-02-10,363.5,376.0,344.0,354.0,364.0,376.0,388.0,400.0,412.0
2017-03-16,2017-02-13,366.0,376.0,344.0,352.0,364.0,376.0,388.0,402.0,412.0
2017-03-17,2017-02-14,367.5,374.0,344.0,352.0,364.0,374.0,386.0,398.0,410.0
2017-03-20,2017-02-15,363.5,378.0,346.0,356.0,366.0,378.0,390.0,404.0,416.0
2017-03-21,2017-02-16,361.25,374.0,344.0,352.0,364.0,374.0,386.0,398.0,410.0
2017-03-22,2017-02-17,358.75,370.0,338.0,348.0,358.0,370.0,380.0,394.0,404.0
2017-03-23,2017-02-21,356.75,370.0,342.0,348.0,360.0,370.0,380.0,392.0,402.0
2017-03-24,2017-02-22,356.25,370.0,342.0,350.0,360.0,370.0,380.0,392.0,404.0
2017-03-27,2017-02-23,355.75,368.0,338.0,346.0,358.0,368.0,378.0,390.0,402.0
2017-03-28,2017-02-24,357.75,366.0,334.0,344.0,354.0,366.0,376.0,390.0,400.0
2017-03-29,2017-02-27,358.5,362.0,332.0,340.0,352.0,362.0,374.0,386.0,396.0
2017-03-30,2017-02-28,357.5,366.0,334.0,344.0,356.0,366.0,378.0,392.0,402.0
2017-03-31,2017-03-01,364.25,374.0,342.0,350.0,362.0,374.0,388.0,402.0,414.0
2017-04-03,2017-03-02,367.75,372.0,338.0,348.0,360.0,372.0,386.0,400.0,412.0
2017-04-04,2017-03-03,363.0,374.0,342.0,350.0,362.0,374.0,386.0,402.0,414.0
2017-04-05,2017-03-06,364.75,374.0,340.0,350.0,362.0,374.0,386.0,398.0,410.0
2017-04-06,2017-03-07,360.75,370.0,338.0,346.0,360.0,370.0,382.0,394.0,406.0
2017-04-07,2017-03-08,359.5,368.0,334.0,344.0,356.0,368.0,380.0,392.0,402.0
2017-04-10,2017-03-09,367.0,364.0,330.0,340.0,352.0,364.0,376.0,388.0,398.0
2017-04-11,2017-03-10,366.5,360.0,328.0,336.0,350.0,360.0,374.0,386.0,396.0
2017-04-12,2017-03-13,369.0,358.0,324.0,334.0,346.0,358.0,370.0,382.0,394.0
2017-04-13,2017-03-14,371.0,356.0,326.0,334.0,346.0,356.0,368.0,380.0,390.0
2017-04-17,2017-03-15,366.5,364.0,332.0,342.0,352.0,364.0,374.0,388.0,398.0
2017-04-18,2017-03-16,361.75,366.0,338.0,344.0,356.0,366.0,378.0,392.0,402.0
2017-04-19,2017-03-17,361.75,368.0,338.0,346.0,358.0,368.0,380.0,392.0,404.0
2017-04-20,2017-03-20,357.75,366.0,332.0,342.0,354.0,366.0,378.0,392.0,404.0
2017-04-21,2017-03-21,357.0,364.0,332.0,340.0,352.0,364.0,376.0,388.0,400.0
2017-04-24,2017-03-22,359.25,362.0,328.0,338.0,350.0,362.0,374.0,386.0,396.0
2017-04-25,2017-03-23,365.0,360.0,328.0,336.0,348.0,360.0,372.0,384.0,394.0
2017-04-26,2017-03-24,359.0,360.0,326.0,336.0,348.0,360.0,372.0,384.0,394.0
2017-04-27,2017-03-27,362.0,358.0,328.0,336.0,348.0,358.0,370.0,382.0,392.0
2017-04-28,2017-03-28,358.0,360.0,328.0,338.0,350.0,360.0,372.0,386.0,396.0
2017-05-01,2017-03-29,369.25,362.0,328.0,338.0,350.0,362.0,374.0,386.0,398.0
2017-05-02,2017-03-30,364.0,360.0,326.0,336.0,348.0,360.0,372.0,384.0,394.0
2017-05-03,2017-03-31,366.25,366.0,334.0,342.0,354.0,366.0,378.0,392.0,404.0
2017-05-04,2017-04-03,358.0,370.0,336.0,344.0,358.0,370.0,382.0,398.0,408.0
2017-05-05,2017-04-04,361.75,364.0,332.0,342.0,354.0,364.0,378.0,392.0,404.0
2017-05-08,2017-04-05,356.75,366.0,336.0,344.0,356.0,366.0,378.0,392.0,402.0
2017-05-09,2017-04-06,358.25,364.0,336.0,344.0,354.0,364.0,374.0,386.0,396.0
2017-05-10,2017-04-07,365.25,362.0,334.0,342.0,352.0,362.0,372.0,384.0,396.0
2017-05-11,2017-04-10,360.5,366.0,338.0,346.0,356.0,366.0,378.0,392.0,404.0
2017-05-12,2017-04-11,361.75,366.0,338.0,346.0,356.0,366.0,378.0,392.0,404.0
2017-05-15,2017-04-12,367.75,370.0,340.0,348.0,358.0,370.0,382.0,396.0,406.0
2017-05-16,2017-04-13,367.75,372.0,342.0,350.0,362.0,372.0,384.0,398.0,408.0
2017-05-17,2017-04-17,371.5,370.0,340.0,348.0,360.0,370.0,380.0,392.0,402.0
2017-05-18,2017-04-18,366.0,366.0,330.0,340.0,354.0,366.0,378.0,390.0,400.0
2017-05-19,2017-04-19,372.5,366.0,332.0,342.0,354.0,366.0,378.0,390.0,402.0
2017-05-22,2017-04-20,375.0,362.0,326.0,336.0,350.0,362.0,374.0,388.0,400.0
2017-05-23,2017-04-21,369.5,362.0,324.0,336.0,350.0,362.0,374.0,390.0,402.0
2017-05-24,2017-04-24,371.25,364.0,330.0,340.0,352.0,364.0,376.0,390.0,400.0
2017-05-25,2017-04-25,369.25,366.0,332.0,342.0,354.0,366.0,380.0,396.0,408.0
2017-05-26,2017-04-26,374.25,362.0,328.0,338.0,350.0,362.0,376.0,392.0,404.0
2017-05-30,2017-04-27,367.0,364.0,332.0,342.0,354.0,364.0,378.0,392.0,406.0
2017-05-31,2017-04-28,372.0,362.0,330.0,340.0,350.0,362.0,372.0,386.0,398.0
2017-06-01,2017-05-01,370.5,366.0,336.0,344.0,356.0,366.0,380.0,396.0,408.0
2017-06-02,2017-05-02,372.75,364.0,336.0,344.0,354.0,364.0,376.0,388.0,400.0
2017-06-05,2017-05-03,373.0,366.0,336.0,344.0,356.0,366.0,378.0,392.0,404.0
2017-06-06,2017-05-04,377.25,362.0,330.0,338.0,350.0,362.0,374.0,386.0,398.0
2017-06-07,2017-05-05,384.75,364.0,332.0,342.0,354.0,364.0,374.0,388.0,400.0
2017-06-08,2017-05-08,385.75,360.0,328.0,338.0,350.0,360.0,372.0,386.0,396.0
2017-06-09,2017-05-09,387.75,362.0,328.0,338.0,350.0,362.0,374.0,388.0,398.0
2017-06-12,2017-05-10,377.25,366.0,332.0,342.0,354.0,366.0,380.0,396.0,408.0
2017-06-13,2017-05-11,381.0,364.0,328.0,338.0,352.0,364.0,376.0,392.0,404.0
2017-06-14,2017-05-12,377.0,364.0,330.0,340.0,352.0,364.0,376.0,392.0,404.0
2017-06-15,2017-05-15,379.5,368.0,332.0,342.0,356.0,368.0,382.0,398.0,412.0
2017-06-16,2017-05-16,384.0,368.0,336.0,344.0,356.0,368.0,382.0,396.0,410.0
2017-06-19,2017-05-17,375.25,372.0,338.0,348.0,360.0,372.0,386.0,400.0,414.0
2017-06-20,2017-05-18,370.0,368.0,334.0,344.0,356.0,368.0,380.0,396.0,408.0
2017-06-21,2017-05-19,368.75,372.0,340.0,348.0,360.0,372.0,386.0,402.0,414.0
2017-06-22,2017-05-22,362.75,376.0,344.0,352.0,364.0,376.0,388.0,404.0,418.0
2017-06-23,2017-05-23,357.75,372.0,342.0,350.0,360.0,372.0,384.0,398.0,410.0
2017-06-26,2017-05-24,359.0,374.0,344.0,352.0,362.0,374.0,386.0,400.0,412.0
2017-06-27,2017-05-25,359.25,372.0,340.0,350.0,362.0,372.0,384.0,398.0,410.0
2017-06-28,2017-05-26,356.75,376.0,344.0,352.0,364.0,376.0,388.0,402.0,414.0
2017-06-29,2017-05-30,359.75,370.0,338.0,346.0,358.0,370.0,382.0,396.0,408.0
2017-06-30,2017-05-31,370.5,374.0,342.0,350.0,362.0,374.0,386.0,398.0,412.0
2017-07-03,2017-06-01,378.0,372.0,338.0,348.0,360.0,372.0,384.0,398.0,410.0
2017-07-05,2017-06-02,381.75,374.0,340.0,350.0,362.0,374.0,388.0,402.0,414.0
2017-07-06,2017-06-05,380.25,376.0,342.0,352.0,364.0,376.0,388.0,402.0,414.0
2017-07-07,2017-06-06,382.25,380.0,346.0,354.0,368.0,380.0,394.0,410.0,422.0
2017-07-10,2017-06-07,391.75,386.0,348.0,358.0,372.0,386.0,404.0,424.0,440.0
2017-07-11,2017-06-08,392.25,390.0,352.0,360.0,374.0,390.0,406.0,424.0,440.0
2017-07-12,2017-06-09,376.25,392.0,354.0,362.0,376.0,392.0,408.0,426.0,444.0
2017-07-13,2017-06-12,361.0,384.0,346.0,356.0,370.0,384.0,398.0,416.0,430.0
2017-07-14,2017-06-13,365.25,384.0,348.0,358.0,370.0,384.0,400.0,416.0,430.0
2017-07-17,2017-06-14,375.0,380.0,346.0,356.0,368.0,380.0,394.0,410.0,422.0
2017-07-18,2017-06-15,377.0,384.0,350.0,358.0,370.0,384.0,396.0,412.0,426.0
2017-07-19,2017-06-16,382.5,386.0,352.0,360.0,374.0,386.0,400.0,416.0,432.0
2017-07-20,2017-06-19,391.0,380.0,344.0,354.0,368.0,380.0,394.0,410.0,422.0
2017-07-21,2017-06-20,379.75,374.0,336.0,346.0,360.0,374.0,388.0,404.0,416.0
2017-07-24,2017-06-21,377.25,374.0,336.0,346.0,360.0,374.0,386.0,400.0,412.0
2017-07-25,2017-06-22,368.75,368.0,330.0,340.0,356.0,368.0,382.0,398.0,410.0
2017-07-26,2017-06-23,372.75,362.0,322.0,334.0,350.0,362.0,376.0,390.0,402.0
2017-07-27,2017-06-26,374.25,364.0,322.0,334.0,350.0,364.0,378.0,394.0,406.0
2017-07-28,2017-06-27,374.25,362.0,322.0,334.0,348.0,362.0,376.0,392.0,402.0
2017-07-31,2017-06-28,370.75,360.0,318.0,330.0,346.0,360.0,374.0,388.0,400.0
2017-08-01,2017-06-29,362.5,362.0,324.0,336.0,350.0,362.0,376.0,392.0,402.0
2017-08-02,2017-06-30,365.0,370.0,330.0,340.0,356.0,370.0,388.0,408.0,422.0
2017-08-03,2017-07-03,363.5,376.0,334.0,346.0,360.0,376.0,396.0,418.0,434.0
2017-08-04,2017-07-05,366.5,382.0,338.0,348.0,364.0,382.0,400.0,422.0,440.0
2017-08-07,2017-07-06,372.25,378.0,340.0,350.0,364.0,378.0,394.0,414.0,428.0
2017-08-08,2017-07-07,369.75,380.0,342.0,352.0,366.0,380.0,396.0,414.0,428.0
2017-08-09,2017-07-10,372.25,390.0,348.0,358.0,374.0,390.0,408.0,430.0,446.0
2017-08-10,2017-07-11,357.25,392.0,348.0,358.0,374.0,392.0,408.0,428.0,446.0
2017-08-11,2017-07-12,360.75,380.0,336.0,348.0,364.0,380.0,396.0,414.0,426.0
2017-08-14,2017-07-13,362.75,368.0,320.0,332.0,350.0,368.0,386.0,404.0,418.0
2017-08-15,2017-07-14,355.25,372.0,326.0,338.0,354.0,372.0,390.0,408.0,422.0
2017-08-16,2017-07-17,352.5,378.0,330.0,342.0,360.0,378.0,398.0,418.0,430.0
2017-08-17,2017-07-18,350.5,380.0,330.0,344.0,360.0,380.0,400.0,420.0,434.0
2017-08-18,2017-07-19,352.0,384.0,336.0,348.0,366.0,384.0,406.0,428.0,442.0
2017-08-21,2017-07-20,349.0,392.0,340.0,352.0,372.0,392.0,416.0,438.0,454.0
2017-08-22,2017-07-21,346.0,382.0,330.0,342.0,362.0,382.0,404.0,424.0,438.0
2017-08-23,2017-07-24,342.0,382.0,332.0,344.0,364.0,382.0,400.0,420.0,432.0
2017-08-24,2017-07-25,342.0,374.0,326.0,338.0,356.0,374.0,392.0,410.0,422.0
2017-08-25,2017-07-26,338.75,376.0,330.0,342.0,358.0,376.0,394.0,412.0,424.0
2017-08-28,2017-07-27,336.0,378.0,334.0,346.0,362.0,378.0,396.0,412.0,426.0
2017-08-29,2017-07-28,333.5,378.0,336.0,346.0,362.0,378.0,394.0,410.0,424.0
2017-08-30,2017-07-31,329.5,376.0,336.0,346.0,360.0,376.0,390.0,406.0,416.0
2017-08-31,2017-08-01,342.25,368.0,324.0,336.0,352.0,368.0,386.0,402.0,414.0
2017-09-01,2017-08-02,340.0,370.0,328.0,340.0,354.0,370.0,386.0,402.0,414.0
2017-09-05,2017-08-03,344.25,368.0,328.0,338.0,354.0,368.0,384.0,400.0,412.0
2017-09-06,2017-08-04,347.0,370.0,332.0,342.0,356.0,370.0,384.0,400.0,410.0
2017-09-07,2017-08-07,341.75,374.0,334.0,346.0,360.0,374.0,388.0,404.0,414.0
2017-09-08,2017-08-08,344.25,370.0,332.0,344.0,358.0,370.0,384.0,398.0,410.0
2017-09-11,2017-08-09,345.5,372.0,332.0,344.0,358.0,372.0,386.0,400.0,412.0
2017-09-12,2017-08-10,340.0,362.0,318.0,332.0,348.0,362.0,376.0,392.0,404.0
2017-09-13,2017-08-11,338.5,364.0,324.0,334.0,350.0,364.0,378.0,394.0,404.0
2017-09-14,2017-08-14,341.75,364.0,322.0,334.0,348.0,364.0,378.0,394.0,406.0
2017-09-15,2017-08-15,354.75,358.0,316.0,328.0,344.0,358.0,372.0,386.0,398.0
2017-09-18,2017-08-16,351.5,356.0,310.0,324.0,340.0,356.0,370.0,386.0,396.0
2017-09-19,2017-08-17,348.25,354.0,312.0,324.0,340.0,354.0,368.0,382.0,394.0
2017-09-20,2017-08-18,350.0,354.0,318.0,328.0,342.0,354.0,368.0,382.0,392.0
2017-09-21,2017-08-21,350.25,352.0,314.0,326.0,340.0,352.0,366.0,378.0,390.0
2017-09-22,2017-08-22,353.5,348.0,308.0,320.0,336.0,348.0,362.0,376.0,386.0
2017-09-25,2017-08-23,353.75,344.0,298.0,310.0,328.0,344.0,360.0,374.0,384.0
2017-09-26,2017-08-24,352.25,344.0,300.0,312.0,330.0,344.0,358.0,374.0,384.0
2017-09-27,2017-08-25,354.0,340.0,290.0,306.0,322.0,340.0,354.0,368.0,380.0
2017-09-28,2017-08-28,352.5,334.0,284.0,298.0,318.0,334.0,350.0,366.0,378.0
2017-09-29,2017-08-29,355.25,332.0,280.0,296.0,316.0,332.0,348.0,364.0,376.0
2017-10-02,2017-08-30,351.5,326.0,270.0,286.0,308.0,326.0,342.0,358.0,370.0
2017-10-03,2017-08-31,349.5,340.0,296.0,308.0,324.0,340.0,356.0,372.0,382.0
2017-10-04,2017-09-01,348.25,338.0,294.0,306.0,322.0,338.0,354.0,370.0,382.0
2017-10-05,2017-09-05,349.5,344.0,304.0,314.0,330.0,344.0,358.0,374.0,384.0
2017-10-06,2017-09-06,350.0,346.0,310.0,320.0,334.0,346.0,360.0,374.0,384.0
2017-10-09,2017-09-07,349.5,342.0,302.0,314.0,328.0,342.0,354.0,368.0,378.0
2017-10-10,2017-09-08,349.25,344.0,306.0,316.0,330.0,344.0,358.0,372.0,382.0
2017-10-11,2017-09-11,346.0,346.0,310.0,320.0,332.0,346.0,358.0,372.0,382.0
2017-10-12,2017-09-12,349.0,342.0,304.0,314.0,328.0,342.0,354.0,366.0,376.0
2017-10-13,2017-09-13,352.75,340.0,304.0,314.0,328.0,340.0,352.0,366.0,376.0
2017-10-16,2017-09-14,350.5,344.0,310.0,318.0,332.0,344.0,356.0,368.0,378.0
2017-10-17,2017-09-15,350.0,350.0,314.0,322.0,336.0,350.0,366.0,382.0,392.0
2017-10-18,2017-09-18,348.5,350.0,312.0,322.0,336.0,350.0,364.0,380.0,392.0
2017-10-19,2017-09-19,349.0,348.0,310.0,320.0,334.0,348.0,362.0,378.0,388.0
2017-10-20,2017-09-20,344.5,352.0,312.0,322.0,336.0,352.0,366.0,380.0,392.0
2017-10-23,2017-09-21,351.25,352.0,312.0,322.0,336.0,352.0,366.0,380.0,392.0
2017-10-24,2017-09-22,352.75,354.0,316.0,326.0,340.0,354.0,370.0,384.0,396.0
2017-10-25,2017-09-25,351.0,354.0,318.0,328.0,342.0,354.0,370.0,384.0,394.0
2017-10-26,2017-09-26,350.5,354.0,314.0,326.0,340.0,354.0,368.0,384.0,394.0
2017-10-27,2017-09-27,348.75,356.0,316.0,326.0,342.0,356.0,370.0,386.0,396.0
2017-10-30,2017-09-28,348.75,354.0,318.0,328.0,342.0,354.0,366.0,380.0,390.0
2017-10-31,2017-09-29,345.75,356.0,324.0,332.0,346.0,356.0,370.0,382.0,394.0
2017-11-01,2017-10-02,348.25,354.0,316.0,326.0,340.0,354.0,366.0,380.0,390.0
2017-11-02,2017-10-03,350.5,350.0,314.0,324.0,338.0,350.0,364.0,378.0,388.0
2017-11-03,2017-10-04,348.25,350.0,312.0,324.0,336.0,350.0,362.0,376.0,388.0
2017-11-06,2017-10-05,348.0,352.0,314.0,324.0,338.0,352.0,364.0,378.0,390.0
2017-11-07,2017-10-06,347.75,352.0,316.0,326.0,340.0,352.0,364.0,378.0,390.0
2017-11-08,2017-10-09,348.25,352.0,316.0,326.0,340.0,352.0,362.0,376.0,386.0
2017-11-09,2017-10-10,341.5,352.0,316.0,326.0,340.0,352.0,362.0,376.0,386.0
2017-11-10,2017-10-11,343.5,348.0,310.0,320.0,334.0,348.0,360.0,372.0,384.0
2017-11-13,2017-10-12,342.25,350.0,314.0,324.0,338.0,350.0,362.0,376.0,388.0
2017-11-14,2017-10-13,337.5,354.0,320.0,330.0,342.0,354.0,366.0,380.0,390.0
2017-11-15,2017-10-16,338.25,352.0,318.0,328.0,340.0,352.0,364.0,378.0,388.0
2017-11-16,2017-10-17,336.5,352.0,318.0,328.0,340.0,352.0,364.0,376.0,386.0
2017-11-17,2017-10-18,343.0,350.0,316.0,326.0,338.0,350.0,362.0,376.0,386.0
2017-11-20,2017-10-19,345.0,350.0,316.0,326.0,338.0,350.0,362.0,376.0,386.0
2017-11-21,2017-10-20,345.0,346.0,310.0,320.0,334.0,346.0,358.0,370.0,380.0
2017-11-22,2017-10-23,345.25,352.0,318.0,328.0,340.0,352.0,362.0,376.0,386.0
2017-11-24,2017-10-24,342.25,354.0,320.0,330.0,342.0,354.0,366.0,378.0,388.0
2017-11-27,2017-10-25,338.75,352.0,320.0,330.0,342.0,352.0,364.0,376.0,386.0
2017-11-28,2017-10-26,336.25,352.0,322.0,330.0,342.0,352.0,364.0,376.0,386.0
2017-11-29,2017-10-27,339.0,350.0,318.0,328.0,340.0,350.0,360.0,372.0,384.0
2017-11-30,2017-10-30,341.75,350.0,318.0,328.0,340.0,350.0,360.0,372.0,382.0
2017-12-01,2017-10-31,344.75,348.0,314.0,324.0,338.0,348.0,358.0,370.0,378.0
2017-12-04,2017-11-01,339.5,350.0,318.0,328.0,340.0,350.0,360.0,372.0,382.0
2017-12-05,2017-11-02,339.75,352.0,320.0,330.0,340.0,352.0,362.0,374.0,382.0
2017-12-06,2017-11-03,339.25,350.0,318.0,328.0,340.0,350.0,360.0,372.0,382.0
2017-12-07,2017-11-06,338.75,350.0,322.0,330.0,340.0,350.0,360.0,370.0,378.0
2017-12-08,2017-11-07,340.0,350.0,322.0,330.0,340.0,350.0,360.0,370.0,378.0
2017-12-11,2017-11-08,336.5,350.0,320.0,330.0,340.0,350.0,360.0,370.0,380.0
2017-12-12,2017-11-09,335.75,346.0,312.0,322.0,334.0,346.0,356.0,366.0,376.0
2017-12-13,2017-11-10,336.75,346.0,314.0,322.0,334.0,346.0,356.0,368.0,376.0
2017-12-14,2017-11-13,336.25,344.0,314.0,324.0,334.0,344.0,354.0,364.0,374.0
2017-12-15,2017-11-14,347.5,342.0,308.0,318.0,330.0,342.0,352.0,362.0,370.0
2017-12-18,2017-11-15,347.0,342.0,310.0,318.0,330.0,342.0,350.0,360.0,368.0
2017-12-19,2017-11-16,347.5,340.0,308.0,318.0,330.0,340.0,348.0,358.0,366.0
2017-12-20,2017-11-17,349.25,344.0,314.0,324.0,334.0,344.0,354.0,364.0,374.0
2017-12-21,2017-11-20,351.25,348.0,318.0,326.0,336.0,348.0,356.0,368.0,376.0
2017-12-22,2017-11-21,352.0,348.0,318.0,328.0,338.0,348.0,356.0,368.0,376.0
2017-12-26,2017-11-22,352.75,348.0,320.0,328.0,338.0,348.0,356.0,366.0,374.0
2017-12-27,2017-11-24,353.75,344.0,314.0,324.0,334.0,344.0,352.0,362.0,370.0
2017-12-28,2017-11-27,352.0,340.0,310.0,318.0,330.0,340.0,350.0,360.0,368.0
2017-12-29,2017-11-28,350.75,338.0,306.0,316.0,328.0,338.0,348.0,358.0,366.0
2018-01-02,2017-11-29,353.25,340.0,312.0,320.0,332.0,340.0,350.0,360.0,368.0
2018-01-03,2017-11-30,353.0,344.0,316.0,324.0,334.0,344.0,352.0,362.0,370.0
2018-01-04,2017-12-01,351.0,346.0,318.0,326.0,336.0,346.0,354.0,366.0,374.0
2018-01-05,2017-12-04,351.25,342.0,312.0,320.0,332.0,342.0,350.0,362.0,370.0
2018-01-08,2017-12-05,347.25,342.0,312.0,320.0,332.0,342.0,352.0,362.0,370.0
2018-01-09,2017-12-06,349.0,340.0,314.0,322.0,332.0,340.0,350.0,360.0,366.0
2018-01-10,2017-12-07,349.0,340.0,312.0,322.0,330.0,340.0,348.0,358.0,366.0
2018-01-11,2017-12-08,348.75,340.0,316.0,322.0,332.0,340.0,350.0,358.0,366.0
2018-01-12,2017-12-11,346.25,338.0,312.0,320.0,330.0,338.0,346.0,356.0,362.0
2018-01-16,2017-12-12,348.25,338.0,310.0,320.0,328.0,338.0,346.0,354.0,362.0
2018-01-17,2017-12-13,353.0,338.0,310.0,318.0,328.0,338.0,346.0,356.0,364.0
2018-01-18,2017-12-14,351.5,338.0,310.0,318.0,328.0,338.0,346.0,356.0,364.0
2018-01-19,2017-12-15,352.5,346.0,318.0,326.0,336.0,346.0,356.0,366.0,376.0
2018-01-22,2017-12-18,352.0,346.0,318.0,326.0,336.0,346.0,356.0,366.0,376.0
2018-01-23,2017-12-19,351.25,348.0,322.0,328.0,338.0,348.0,358.0,368.0,376.0
2018-01-24,2017-12-20,356.5,350.0,324.0,330.0,340.0,350.0,362.0,372.0,382.0
2018-01-25,2017-12-21,355.25,352.0,328.0,334.0,344.0,352.0,362.0,374.0,382.0
2018-01-26,2017-12-22,356.5,354.0,328.0,336.0,344.0,354.0,364.0,374.0,382.0
2018-01-29,2017-12-26,358.75,354.0,328.0,336.0,346.0,354.0,364.0,374.0,384.0
2018-01-30,2017-12-27,361.5,356.0,332.0,338.0,348.0,356.0,366.0,376.0,384.0
2018-01-31,2017-12-28,361.5,354.0,328.0,336.0,344.0,354.0,364.0,374.0,382.0
2018-02-01,2017-12-29,361.75,352.0,328.0,334.0,344.0,352.0,362.0,370.0,378.0
2018-02-02,2018-01-02,361.5,356.0,332.0,338.0,348.0,356.0,364.0,372.0,380.0
2018-02-05,2018-01-03,358.75,356.0,332.0,338.0,348.0,356.0,362.0,372.0,378.0
2018-02-06,2018-01-04,363.5,354.0,332.0,338.0,346.0,354.0,360.0,368.0,374.0
2018-02-07,2018-01-05,365.25,354.0,334.0,340.0,348.0,354.0,360.0,368.0,374.0
2018-02-08,2018-01-08,365.75,350.0,326.0,332.0,342.0,350.0,358.0,366.0,374.0
2018-02-09,2018-01-09,362.0,352.0,328.0,336.0,344.0,352.0,358.0,368.0,374.0
2018-02-12,2018-01-10,367.0,352.0,330.0,336.0,344.0,352.0,358.0,366.0,372.0
2018-02-13,2018-01-11,366.75,350.0,328.0,334.0,342.0,350.0,358.0,364.0,372.0
2018-02-14,2018-01-12,367.25,348.0,324.0,332.0,340.0,348.0,356.0,364.0,370.0
2018-02-15,2018-01-16,367.75,350.0,326.0,332.0,342.0,350.0,356.0,364.0,370.0
2018-02-16,2018-01-17,367.5,354.0,332.0,338.0,346.0,354.0,360.0,368.0,374.0
2018-02-20,2018-01-18,365.5,354.0,332.0,338.0,346.0,354.0,360.0,368.0,374.0
2018-02-21,2018-01-19,365.75,354.0,334.0,340.0,348.0,354.0,360.0,368.0,374.0
2018-02-22,2018-01-22,366.75,354.0,334.0,340.0,348.0,354.0,360.0,368.0,372.0
2018-02-23,2018-01-23,366.25,354.0,332.0,338.0,346.0,354.0,360.0,366.0,372.0
2018-02-26,2018-01-24,368.5,356.0,334.0,340.0,348.0,356.0,366.0,374.0,380.0
2018-02-27,2018-01-25,370.5,356.0,336.0,342.0,350.0,356.0,364.0,372.0,378.0
2018-02-28,2018-01-26,374.5,358.0,338.0,344.0,350.0,358.0,364.0,372.0,378.0
2018-03-01,2018-01-29,378.75,360.0,340.0,346.0,352.0,360.0,366.0,374.0,380.0
2018-03-02,2018-01-30,377.25,362.0,342.0,348.0,354.0,362.0,370.0,378.0,384.0
2018-03-05,2018-01-31,378.25,362.0,344.0,348.0,356.0,362.0,370.0,378.0,386.0
2018-03-06,2018-02-01,379.75,364.0,346.0,350.0,358.0,364.0,370.0,378.0,386.0
2018-03-07,2018-02-02,379.25,364.0,348.0,352.0,358.0,364.0,370.0,376.0,382.0
2018-03-08,2018-02-05,385.75,360.0,342.0,348.0,354.0,360.0,368.0,374.0,380.0
2018-03-09,2018-02-06,383.0,364.0,344.0,350.0,356.0,364.0,370.0,378.0,386.0
2018-03-12,2018-02-07,384.25,366.0,346.0,352.0,358.0,366.0,374.0,382.0,390.0
2018-03-13,2018-02-08,385.5,368.0,348.0,354.0,360.0,368.0,374.0,382.0,388.0
2018-03-14,2018-02-09,383.5,364.0,346.0,350.0,358.0,364.0,372.0,380.0,386.0
2018-03-15,2018-02-12,386.75,368.0,348.0,354.0,360.0,368.0,376.0,384.0,392.0
2018-03-16,2018-02-13,382.75,368.0,350.0,354.0,362.0,368.0,376.0,384.0,390.0
2018-03-19,2018-02-14,375.0,370.0,350.0,356.0,362.0,370.0,376.0,384.0,392.0
2018-03-20,2018-02-15,374.5,370.0,350.0,356.0,364.0,370.0,378.0,386.0,392.0
2018-03-21,2018-02-16,375.0,370.0,352.0,356.0,364.0,370.0,376.0,384.0,390.0
2018-03-22,2018-02-20,376.0,368.0,350.0,356.0,362.0,368.0,374.0,380.0,386.0
2018-03-23,2018-02-21,377.25,368.0,352.0,356.0,362.0,368.0,374.0,380.0,386.0
2018-03-26,2018-02-22,374.0,368.0,354.0,358.0,362.0,368.0,374.0,380.0,386.0
2018-03-27,2018-02-23,374.0,368.0,354.0,358.0,364.0,368.0,374.0,380.0,386.0
2018-03-28,2018-02-26,373.5,370.0,354.0,358.0,364.0,370.0,376.0,382.0,388.0
2018-03-29,2018-02-27,387.75,372.0,358.0,362.0,366.0,372.0,378.0,386.0,392.0
2018-04-02,2018-02-28,387.25,376.0,358.0,362.0,368.0,376.0,382.0,392.0,400.0
2018-04-03,2018-03-01,388.5,378.0,358.0,364.0,370.0,378.0,388.0,398.0,408.0
2018-04-04,2018-03-02,381.0,376.0,358.0,362.0,370.0,376.0,386.0,394.0,402.0
2018-04-05,2018-03-05,389.5,378.0,360.0,366.0,372.0,378.0,386.0,394.0,402.0
2018-04-06,2018-03-06,388.5,382.0,362.0,368.0,374.0,382.0,390.0,400.0,406.0
2018-04-09,2018-03-07,390.75,382.0,364.0,368.0,374.0,382.0,390.0,398.0,404.0
2018-04-10,2018-03-08,389.25,388.0,366.0,370.0,380.0,388.0,398.0,412.0,422.0
2018-04-11,2018-03-09,387.0,386.0,364.0,370.0,378.0,386.0,394.0,404.0,412.0
2018-04-12,2018-03-12,388.75,388.0,368.0,372.0,380.0,388.0,396.0,406.0,414.0
2018-04-13,2018-03-13,386.25,390.0,368.0,374.0,382.0,390.0,398.0,408.0,416.0
2018-04-16,2018-03-14,382.5,388.0,368.0,372.0,380.0,388.0,396.0,404.0,410.0
2018-04-17,2018-03-15,380.25,392.0,370.0,376.0,384.0,392.0,400.0,408.0,414.0
2018-04-18,2018-03-16,383.0,388.0,368.0,374.0,380.0,388.0,396.0,404.0,410.0
2018-04-19,2018-03-19,382.0,380.0,358.0,364.0,372.0,380.0,388.0,398.0,404.0
2018-04-20,2018-03-20,376.5,378.0,356.0,362.0,370.0,378.0,386.0,396.0,402.0
2018-04-23,2018-03-21,378.5,378.0,358.0,364.0,370.0,378.0,386.0,394.0,400.0
2018-04-24,2018-03-22,381.25,380.0,360.0,364.0,372.0,380.0,386.0,394.0,400.0
2018-04-25,2018-03-23,386.5,380.0,360.0,366.0,372.0,380.0,388.0,396.0,402.0
2018-04-26,2018-03-26,386.0,376.0,356.0,362.0,368.0,376.0,384.0,392.0,398.0
2018-04-27,2018-03-27,389.5,376.0,358.0,362.0,370.0,376.0,384.0,392.0,396.0
2018-04-30,2018-03-28,392.5,376.0,358.0,362.0,370.0,376.0,384.0,390.0,396.0
2018-05-01,2018-03-29,396.75,386.0,362.0,368.0,376.0,386.0,396.0,408.0,416.0
2018-05-02,2018-04-02,396.0,386.0,364.0,370.0,378.0,386.0,396.0,408.0,416.0
2018-05-03,2018-04-03,399.5,390.0,366.0,370.0,380.0,390.0,400.0,410.0,418.0
2018-05-04,2018-04-04,398.75,384.0,360.0,366.0,374.0,384.0,394.0,402.0,410.0
2018-05-07,2018-04-05,393.25,390.0,364.0,370.0,380.0,390.0,400.0,412.0,422.0
2018-05-08,2018-04-06,395.5,390.0,366.0,372.0,380.0,390.0,400.0,410.0,416.0
2018-05-09,2018-04-09,394.75,392.0,368.0,376.0,384.0,392.0,402.0,412.0,420.0
2018-05-10,2018-04-10,394.75,392.0,370.0,376.0,384.0,392.0,400.0,410.0,416.0
2018-05-11,2018-04-11,389.75,390.0,366.0,372.0,382.0,390.0,400.0,408.0,416.0
2018-05-14,2018-04-12,389.0,392.0,366.0,374.0,382.0,392.0,400.0,410.0,418.0
2018-05-15,2018-04-13,402.25,390.0,368.0,374.0,382.0,390.0,398.0,406.0,412.0
2018-05-16,2018-04-16,399.25,386.0,362.0,368.0,376.0,386.0,394.0,402.0,408.0
2018-05-17,2018-04-17,395.25,382.0,360.0,366.0,374.0,382.0,392.0,400.0,406.0
2018-05-18,2018-04-18,402.5,386.0,362.0,368.0,376.0,386.0,394.0,404.0,410.0
2018-05-21,2018-04-19,402.75,384.0,364.0,370.0,378.0,384.0,392.0,400.0,406.0
2018-05-22,2018-04-20,404.75,382.0,360.0,366.0,374.0,382.0,388.0,396.0,402.0
2018-05-23,2018-04-23,408.5,382.0,360.0,366.0,374.0,382.0,390.0,398.0,404.0
2018-05-24,2018-04-24,404.25,384.0,362.0,368.0,376.0,384.0,392.0,400.0,406.0
2018-05-25,2018-04-25,406.0,388.0,364.0,370.0,378.0,388.0,396.0,404.0,412.0
2018-05-29,2018-04-26,400.0,388.0,366.0,372.0,380.0,388.0,396.0,406.0,412.0
2018-05-30,2018-04-27,393.5,390.0,366.0,372.0,382.0,390.0,400.0,410.0,420.0
2018-05-31,2018-04-30,394.0,394.0,370.0,376.0,384.0,394.0,404.0,414.0,422.0
2018-06-01,2018-05-01,391.5,398.0,372.0,378.0,388.0,398.0,408.0,420.0,428.0
2018-06-04,2018-05-02,380.75,398.0,376.0,380.0,390.0,398.0,408.0,418.0,424.0
2018-06-05,2018-05-03,383.75,402.0,376.0,382.0,392.0,402.0,412.0,424.0,432.0
2018-06-06,2018-05-04,378.25,400.0,374.0,382.0,390.0,400.0,410.0,420.0,428.0
2018-06-07,2018-05-07,376.25,396.0,372.0,378.0,386.0,396.0,406.0,414.0,422.0
2018-06-08,2018-05-08,377.75,398.0,372.0,380.0,388.0,398.0,408.0,418.0,426.0
2018-06-11,2018-05-09,367.25,398.0,372.0,378.0,388.0,398.0,406.0,416.0,424.0
2018-06-12,2018-05-10,377.5,398.0,374.0,380.0,388.0,398.0,406.0,416.0,422.0
2018-06-13,2018-05-11,376.0,394.0,372.0,378.0,386.0,394.0,402.0,410.0,416.0
2018-06-14,2018-05-14,363.0,394.0,370.0,378.0,386.0,394.0,402.0,410.0,418.0
2018-06-15,2018-05-15,361.25,404.0,376.0,382.0,392.0,404.0,414.0,426.0,434.0
2018-06-18,2018-05-16,356.0,402.0,376.0,384.0,392.0,402.0,412.0,422.0,430.0
2018-06-19,2018-05-17,353.75,398.0,372.0,380.0,390.0,398.0,408.0,418.0,424.0
2018-06-20,2018-05-18,354.25,406.0,378.0,384.0,394.0,406.0,416.0,430.0,438.0
2018-06-21,2018-05-21,357.0,406.0,378.0,384.0,394.0,406.0,416.0,428.0,436.0
2018-06-22,2018-05-22,357.25,408.0,380.0,388.0,398.0,408.0,418.0,430.0,438.0
2018-06-25,2018-05-23,350.5,412.0,384.0,390.0,400.0,412.0,422.0,434.0,442.0
2018-06-26,2018-05-24,352.5,408.0,382.0,390.0,398.0,408.0,418.0,428.0,436.0
2018-06-27,2018-05-25,352.5,410.0,382.0,390.0,400.0,410.0,420.0,432.0,440.0
2018-06-28,2018-05-29,345.0,406.0,378.0,384.0,396.0,406.0,414.0,426.0,434.0
2018-06-29,2018-05-30,350.25,400.0,374.0,380.0,390.0,400.0,410.0,422.0,428.0
2018-07-02,2018-05-31,337.5,400.0,372.0,378.0,390.0,400.0,410.0,422.0,428.0
2018-07-03,2018-06-01,342.75,396.0,368.0,376.0,386.0,396.0,408.0,418.0,426.0
2018-07-05,2018-06-04,343.5,388.0,356.0,364.0,376.0,388.0,400.0,412.0,420.0
2018-07-06,2018-06-05,351.75,390.0,360.0,366.0,378.0,390.0,402.0,414.0,422.0
2018-07-09,2018-06-06,345.75,386.0,356.0,362.0,374.0,386.0,396.0,408.0,416.0
2018-07-10,2018-06-07,339.75,382.0,352.0,358.0,370.0,382.0,392.0,404.0,412.0
2018-07-11,2018-06-08,331.25,382.0,354.0,360.0,372.0,382.0,394.0,404.0,412.0
2018-07-12,2018-06-11,336.5,372.0,340.0,348.0,360.0,372.0,386.0,398.0,406.0
2018-07-13,2018-06-12,330.25,382.0,346.0,354.0,368.0,382.0,394.0,408.0,418.0
2018-07-16,2018-06-13,341.75,378.0,346.0,354.0,366.0,378.0,392.0,404.0,414.0
2018-07-17,2018-06-14,346.25,370.0,332.0,344.0,358.0,370.0,384.0,398.0,408.0
2018-07-18,2018-06-15,347.25,366.0,328.0,340.0,354.0,366.0,382.0,396.0,406.0
2018-07-19,2018-06-18,351.25,362.0,320.0,334.0,348.0,362.0,376.0,388.0,400.0
2018-07-20,2018-06-19,355.25,358.0,318.0,330.0,346.0,358.0,372.0,386.0,396.0
2018-07-23,2018-06-20,357.25,360.0,322.0,332.0,346.0,360.0,372.0,386.0,396.0
2018-07-24,2018-06-21,352.0,360.0,326.0,336.0,350.0,360.0,374.0,386.0,396.0
2018-07-25,2018-06-22,359.25,360.0,328.0,338.0,350.0,360.0,372.0,386.0,396.0
2018-07-26,2018-06-25,361.5,354.0,316.0,328.0,342.0,354.0,366.0,380.0,390.0
2018-07-27,2018-06-26,362.0,356.0,318.0,330.0,342.0,356.0,368.0,382.0,392.0
2018-07-30,2018-06-27,367.25,354.0,320.0,330.0,342.0,354.0,368.0,380.0,390.0
2018-07-31,2018-06-28,372.25,346.0,304.0,318.0,334.0,346.0,360.0,374.0,386.0
2018-08-01,2018-06-29,365.0,350.0,314.0,324.0,338.0,350.0,364.0,376.0,386.0
2018-08-02,2018-07-02,366.75,340.0,290.0,306.0,324.0,340.0,354.0,368.0,380.0
2018-08-03,2018-07-03,369.75,342.0,300.0,312.0,328.0,342.0,356.0,370.0,380.0
2018-08-06,2018-07-05,371.0,344.0,306.0,316.0,330.0,344.0,356.0,368.0,378.0
2018-08-07,2018-07-06,370.75,350.0,316.0,326.0,338.0,350.0,362.0,374.0,384.0
2018-08-08,2018-07-09,371.25,346.0,310.0,320.0,334.0,346.0,358.0,370.0,378.0
2018-08-09,2018-07-10,369.25,340.0,302.0,314.0,328.0,340.0,352.0,366.0,374.0
2018-08-10,2018-07-11,357.75,332.0,288.0,302.0,318.0,332.0,346.0,360.0,368.0
2018-08-13,2018-07-12,356.5,336.0,296.0,308.0,322.0,336.0,350.0,364.0,372.0
2018-08-14,2018-07-13,362.25,332.0,288.0,300.0,316.0,332.0,344.0,358.0,366.0
2018-08-15,2018-07-16,361.5,340.0,300.0,310.0,326.0,340.0,354.0,368.0,378.0
2018-08-16,2018-07-17,365.25,344.0,306.0,316.0,330.0,344.0,358.0,372.0,382.0
2018-08-17,2018-07-18,364.25,346.0,310.0,320.0,332.0,346.0,360.0,372.0,382.0
2018-08-20,2018-07-19,362.0,352.0,314.0,324.0,338.0,352.0,364.0,378.0,388.0
2018-08-21,2018-07-20,359.75,354.0,318.0,326.0,342.0,354.0,370.0,384.0,396.0
2018-08-22,2018-07-23,352.5,358.0,320.0,330.0,344.0,358.0,372.0,386.0,398.0
2018-08-23,2018-07-24,346.75,352.0,314.0,324.0,338.0,352.0,366.0,380.0,390.0
2018-08-24,2018-07-25,348.5,358.0,320.0,330.0,344.0,358.0,374.0,388.0,400.0
2018-08-27,2018-07-26,346.75,362.0,324.0,334.0,348.0,362.0,376.0,390.0,400.0
2018-08-28,2018-07-27,341.0,362.0,326.0,336.0,350.0,362.0,376.0,388.0,398.0
2018-08-29,2018-07-30,341.25,368.0,332.0,342.0,354.0,368.0,380.0,394.0,402.0
2018-08-30,2018-07-31,341.0,372.0,336.0,346.0,360.0,372.0,386.0,402.0,412.0
2018-08-31,2018-08-01,351.0,366.0,328.0,338.0,352.0,366.0,380.0,394.0,402.0
2018-09-04,2018-08-02,354.5,368.0,332.0,342.0,356.0,368.0,382.0,396.0,404.0
2018-09-05,2018-08-03,351.75,370.0,334.0,344.0,358.0,370.0,384.0,396.0,404.0
2018-09-06,2018-08-06,353.5,372.0,336.0,346.0,358.0,372.0,386.0,398.0,408.0
2018-09-07,2018-08-07,354.25,372.0,336.0,346.0,360.0,372.0,384.0,398.0,406.0
2018-09-10,2018-08-08,355.5,372.0,338.0,346.0,360.0,372.0,386.0,398.0,406.0
2018-09-11,2018-08-09,355.25,370.0,336.0,346.0,358.0,370.0,382.0,394.0,402.0
2018-09-12,2018-08-10,341.5,362.0,324.0,332.0,348.0,362.0,376.0,390.0,398.0
2018-09-13,2018-08-13,336.25,360.0,322.0,332.0,346.0,360.0,374.0,386.0,396.0
2018-09-14,2018-08-14,337.0,364.0,326.0,336.0,350.0,364.0,378.0,390.0,400.0
2018-09-17,2018-08-15,348.0,362.0,324.0,334.0,348.0,362.0,376.0,388.0,398.0
2018-09-18,2018-08-16,343.25,366.0,328.0,338.0,352.0,366.0,380.0,392.0,402.0
2018-09-19,2018-08-17,345.75,364.0,326.0,336.0,352.0,364.0,378.0,390.0,398.0
2018-09-20,2018-08-20,352.5,362.0,326.0,336.0,350.0,362.0,376.0,388.0,396.0
2018-09-21,2018-08-21,357.25,360.0,324.0,334.0,348.0,360.0,374.0,386.0,394.0
2018-09-24,2018-08-22,360.5,356.0,320.0,328.0,342.0,356.0,368.0,380.0,388.0
2018-09-25,2018-08-23,363.75,350.0,312.0,322.0,336.0,350.0,362.0,374.0,382.0
2018-09-26,2018-08-24,363.0,350.0,314.0,324.0,338.0,350.0,364.0,376.0,384.0
2018-09-27,2018-08-27,364.75,348.0,314.0,322.0,336.0,348.0,362.0,374.0,382.0
2018-09-28,2018-08-28,356.25,344.0,306.0,316.0,330.0,344.0,358.0,370.0,378.0
2018-10-01,2018-08-29,365.75,344.0,306.0,316.0,330.0,344.0,356.0,368.0,376.0
2018-10-02,2018-08-30,367.5,342.0,306.0,314.0,328.0,342.0,354.0,366.0,374.0
2018-10-03,2018-08-31,364.75,350.0,314.0,324.0,336.0,350.0,364.0,374.0,384.0
2018-10-04,2018-09-04,367.5,354.0,318.0,328.0,340.0,354.0,368.0,380.0,388.0
2018-10-05,2018-09-05,368.25,352.0,316.0,326.0,338.0,352.0,364.0,376.0,384.0
2018-10-08,2018-09-06,366.5,354.0,318.0,328.0,340.0,354.0,368.0,380.0,388.0
2018-10-09,2018-09-07,364.5,354.0,320.0,328.0,342.0,354.0,368.0,380.0,388.0
2018-10-10,2018-09-10,362.75,356.0,322.0,330.0,342.0,356.0,368.0,382.0,390.0
2018-10-11,2018-09-11,369.25,356.0,322.0,330.0,342.0,356.0,368.0,380.0,388.0
2018-10-12,2018-09-12,373.75,344.0,306.0,316.0,330.0,344.0,360.0,372.0,380.0
2018-10-15,2018-09-13,378.25,340.0,302.0,310.0,326.0,340.0,354.0,368.0,376.0
2018-10-16,2018-09-14,375.25,340.0,304.0,314.0,326.0,340.0,354.0,366.0,374.0
2018-10-17,2018-09-17,374.25,346.0,312.0,320.0,334.0,346.0,360.0,372.0,380.0
2018-10-18,2018-09-18,370.75,344.0,310.0,318.0,332.0,344.0,358.0,368.0,376.0
2018-10-19,2018-09-19,367.0,346.0,314.0,322.0,334.0,346.0,360.0,370.0,378.0
2018-10-22,2018-09-20,369.5,352.0,320.0,328.0,340.0,352.0,366.0,376.0,384.0
2018-10-23,2018-09-21,370.25,356.0,324.0,332.0,344.0,356.0,370.0,382.0,390.0
2018-10-24,2018-09-24,368.25,362.0,328.0,336.0,348.0,362.0,374.0,388.0,396.0
2018-10-25,2018-09-25,361.0,364.0,330.0,338.0,350.0,364.0,378.0,390.0,398.0
2018-10-26,2018-09-26,367.75,364.0,330.0,338.0,350.0,364.0,378.0,390.0,398.0
2018-10-29,2018-09-27,366.75,366.0,332.0,340.0,352.0,366.0,378.0,390.0,398.0
2018-10-30,2018-09-28,364.75,358.0,322.0,330.0,344.0,358.0,372.0,384.0,394.0
2018-10-31,2018-10-01,363.25,366.0,330.0,338.0,352.0,366.0,380.0,392.0,402.0
2018-11-01,2018-10-02,366.75,368.0,332.0,340.0,354.0,368.0,382.0,396.0,406.0
2018-11-02,2018-10-03,371.25,366.0,330.0,338.0,352.0,366.0,380.0,392.0,400.0
2018-11-05,2018-10-04,374.0,370.0,334.0,342.0,356.0,370.0,382.0,396.0,404.0
2018-11-06,2018-10-05,373.25,370.0,336.0,344.0,356.0,370.0,382.0,396.0,402.0
2018-11-07,2018-10-08,372.25,368.0,336.0,344.0,356.0,368.0,380.0,392.0,398.0
2018-11-08,2018-10-09,373.5,366.0,332.0,340.0,354.0,366.0,378.0,390.0,396.0
2018-11-09,2018-10-10,369.75,364.0,332.0,340.0,352.0,364.0,376.0,386.0,394.0
2018-11-12,2018-10-11,371.25,370.0,338.0,346.0,358.0,370.0,382.0,394.0,402.0
2018-11-13,2018-10-12,366.5,374.0,340.0,348.0,360.0,374.0,386.0,398.0,406.0
2018-11-14,2018-10-15,367.0,378.0,344.0,354.0,366.0,378.0,392.0,406.0,416.0
2018-11-15,2018-10-16,367.5,376.0,342.0,350.0,362.0,376.0,388.0,402.0,410.0
2018-11-16,2018-10-17,364.75,374.0,342.0,350.0,362.0,374.0,388.0,400.0,408.0
2018-11-19,2018-10-18,362.25,372.0,340.0,348.0,360.0,372.0,384.0,396.0,404.0
2018-11-20,2018-10-19,361.25,368.0,336.0,344.0,356.0,368.0,380.0,392.0,400.0
2018-11-21,2018-10-22,361.75,372.0,338.0,346.0,358.0,372.0,384.0,396.0,404.0
2018-11-23,2018-10-23,359.0,370.0,338.0,346.0,358.0,370.0,384.0,396.0,402.0
2018-11-26,2018-10-24,356.0,368.0,334.0,344.0,356.0,368.0,382.0,394.0,402.0
2018-11-27,2018-10-25,356.5,362.0,328.0,336.0,348.0,362.0,376.0,388.0,396.0
2018-11-28,2018-10-26,360.5,368.0,334.0,342.0,354.0,368.0,382.0,394.0,402.0
2018-11-29,2018-10-29,360.25,366.0,332.0,342.0,354.0,366.0,378.0,390.0,398.0
2018-11-30,2018-10-30,366.5,364.0,332.0,340.0,352.0,364.0,378.0,390.0,398.0
2018-12-03,2018-10-31,371.25,364.0,330.0,338.0,350.0,364.0,376.0,388.0,396.0
2018-12-04,2018-11-01,374.25,366.0,334.0,342.0,354.0,366.0,380.0,392.0,400.0
2018-12-06,2018-11-02,372.0,370.0,338.0,346.0,358.0,370.0,384.0,396.0,402.0
2018-12-07,2018-11-05,374.0,374.0,340.0,348.0,360.0,374.0,386.0,398.0,406.0
2018-12-10,2018-11-06,374.25,374.0,342.0,350.0,362.0,374.0,386.0,398.0,406.0
2018-12-11,2018-11-07,375.0,372.0,340.0,348.0,360.0,372.0,384.0,396.0,404.0
2018-12-12,2018-11-08,376.25,374.0,342.0,350.0,362.0,374.0,386.0,398.0,406.0
2018-12-13,2018-11-09,375.5,370.0,340.0,348.0,360.0,370.0,382.0,394.0,400.0
2018-12-14,2018-11-12,376.75,372.0,340.0,348.0,360.0,372.0,382.0,394.0,400.0
2018-12-19,2018-11-13,381.75,368.0,336.0,344.0,356.0,368.0,380.0,392.0,398.0
2018-12-20,2018-11-14,375.25,368.0,336.0,344.0,356.0,368.0,380.0,390.0,398.0
2018-12-21,2018-11-15,378.5,368.0,336.0,344.0,356.0,368.0,380.0,392.0,398.0
2018-12-24,2018-11-16,377.75,366.0,334.0,342.0,354.0,366.0,378.0,388.0,396.0
2018-12-26,2018-11-19,373.25,364.0,332.0,340.0,352.0,364.0,374.0,386.0,392.0
2018-12-27,2018-11-20,374.5,362.0,332.0,340.0,352.0,362.0,374.0,384.0,390.0
2018-12-28,2018-11-21,375.5,362.0,334.0,340.0,352.0,362.0,374.0,384.0,390.0
2018-12-31,2018-11-23,375.0,360.0,328.0,336.0,348.0,360.0,372.0,382.0,390.0
2019-01-02,2018-11-26,375.75,358.0,328.0,336.0,348.0,358.0,370.0,380.0,386.0
2019-01-03,2018-11-27,379.75,358.0,330.0,336.0,348.0,358.0,368.0,378.0,384.0
2019-01-04,2018-11-28,383.0,362.0,332.0,340.0,350.0,362.0,372.0,384.0,390.0
2019-01-07,2018-11-29,382.25,362.0,334.0,342.0,352.0,362.0,372.0,382.0,388.0
2019-01-08,2018-11-30,380.0,366.0,338.0,344.0,356.0,366.0,378.0,390.0,396.0
2019-01-09,2018-12-03,382.0,372.0,340.0,348.0,360.0,372.0,384.0,394.0,402.0
2019-01-10,2018-12-04,376.25,374.0,344.0,352.0,362.0,374.0,386.0,398.0,406.0
2019-01-11,2018-12-06,378.25,372.0,342.0,350.0,362.0,372.0,384.0,396.0,402.0
2019-01-14,2018-12-07,378.5,376.0,346.0,354.0,364.0,376.0,388.0,398.0,406.0
2019-01-15,2018-12-10,371.25,376.0,346.0,354.0,364.0,376.0,386.0,398.0,404.0
2019-01-16,2018-12-11,374.0,376.0,346.0,354.0,366.0,376.0,388.0,398.0,406.0
2019-01-17,2018-12-12,380.0,378.0,348.0,356.0,366.0,378.0,388.0,400.0,408.0
2019-01-18,2018-12-13,381.75,378.0,348.0,356.0,366.0,378.0,388.0,398.0,406.0
2019-01-22,2018-12-14,379.0,378.0,352.0,358.0,368.0,378.0,388.0,396.0,404.0
2019-01-23,2018-12-19,378.75,382.0,354.0,360.0,370.0,382.0,394.0,406.0,412.0
2019-01-24,2018-12-20,377.0,376.0,346.0,354.0,366.0,376.0,388.0,398.0,406.0
2019-01-25,2018-12-21,380.25,380.0,350.0,358.0,368.0,380.0,390.0,402.0,408.0
2019-01-28,2018-12-24,379.75,378.0,350.0,356.0,368.0,378.0,390.0,400.0,408.0
2019-01-29,2018-12-26,377.25,376.0,346.0,354.0,364.0,376.0,386.0,396.0,404.0
2019-01-30,2018-12-27,381.25,376.0,348.0,356.0,366.0,376.0,386.0,396.0,402.0
2019-01-31,2018-12-28,376.5,376.0,348.0,354.0,366.0,376.0,386.0,396.0,404.0
2019-02-01,2018-12-31,378.25,376.0,346.0,354.0,364.0,376.0,386.0,396.0,402.0
2019-02-04,2019-01-02,379.25,376.0,348.0,356.0,366.0,376.0,386.0,396.0,402.0
2019-02-05,2019-01-03,380.75,380.0,350.0,358.0,368.0,380.0,390.0,402.0,408.0
2019-02-06,2019-01-04,380.0,382.0,354.0,360.0,370.0,382.0,394.0,404.0,412.0
2019-02-07,2019-01-07,376.5,382.0,352.0,360.0,370.0,382.0,392.0,404.0,412.0
2019-02-08,2019-01-08,374.25,378.0,350.0,358.0,368.0,378.0,388.0,400.0,406.0
2019-02-11,2019-01-09,372.75,380.0,352.0,358.0,370.0,380.0,392.0,402.0,410.0
2019-02-12,2019-01-10,378.25,376.0,346.0,354.0,364.0,376.0,386.0,396.0,404.0
2019-02-13,2019-01-11,378.75,376.0,348.0,356.0,364.0,376.0,386.0,394.0,402.0
2019-02-14,2019-01-14,374.75,376.0,348.0,356.0,366.0,376.0,386.0,396.0,404.0
2019-02-15,2019-01-15,374.75,370.0,340.0,348.0,360.0,370.0,382.0,392.0,398.0
2019-02-19,2019-01-16,369.75,372.0,344.0,350.0,360.0,372.0,382.0,392.0,400.0
2019-02-20,2019-01-17,370.75,376.0,346.0,354.0,364.0,376.0,388.0,398.0,406.0
2019-02-21,2019-01-18,375.5,378.0,350.0,358.0,368.0,378.0,390.0,402.0,408.0
2019-02-22,2019-01-22,375.25,376.0,350.0,356.0,366.0,376.0,386.0,398.0,404.0
2019-02-25,2019-01-23,370.5,376.0,348.0,354.0,366.0,376.0,386.0,398.0,404.0
2019-02-26,2019-01-24,366.25,376.0,346.0,354.0,364.0,376.0,386.0,396.0,402.0
2019-02-27,2019-01-25,363.75,378.0,352.0,358.0,368.0,378.0,388.0,398.0,404.0
2019-02-28,2019-01-28,362.0,378.0,352.0,358.0,368.0,378.0,388.0,398.0,404.0
2019-03-01,2019-01-29,364.0,376.0,352.0,358.0,366.0,376.0,386.0,394.0,400.0
2019-03-04,2019-01-30,365.0,380.0,354.0,360.0,370.0,380.0,390.0,400.0,406.0
2019-03-05,2019-01-31,366.0,376.0,352.0,358.0,366.0,376.0,386.0,394.0,400.0
2019-03-06,2019-02-01,362.5,378.0,352.0,358.0,368.0,378.0,388.0,396.0,404.0
2019-03-07,2019-02-04,356.0,380.0,356.0,362.0,370.0,380.0,388.0,398.0,404.0
2019-03-08,2019-02-05,354.75,382.0,358.0,364.0,372.0,382.0,390.0,398.0,404.0
2019-03-11,2019-02-06,352.5,380.0,358.0,364.0,372.0,380.0,390.0,398.0,406.0
2019-03-12,2019-02-07,356.5,378.0,354.0,360.0,370.0,378.0,388.0,396.0,404.0
2019-03-13,2019-02-08,357.25,378.0,354.0,360.0,368.0,378.0,386.0,394.0,400.0
2019-03-14,2019-02-11,361.5,376.0,352.0,358.0,368.0,376.0,386.0,394.0,400.0
2019-03-15,2019-02-12,373.25,380.0,356.0,362.0,370.0,380.0,388.0,398.0,404.0
2019-03-18,2019-02-13,371.5,380.0,356.0,362.0,370.0,380.0,390.0,398.0,406.0
2019-03-19,2019-02-14,371.25,376.0,354.0,358.0,368.0,376.0,386.0,394.0,400.0
2019-03-20,2019-02-15,371.5,376.0,354.0,360.0,368.0,376.0,386.0,394.0,400.0
2019-03-21,2019-02-19,376.25,372.0,348.0,354.0,362.0,372.0,380.0,388.0,394.0
2019-03-22,2019-02-20,378.25,372.0,348.0,354.0,364.0,372.0,382.0,390.0,396.0
2019-03-25,2019-02-21,379.75,376.0,352.0,358.0,366.0,376.0,386.0,394.0,402.0
2019-03-26,2019-02-22,377.25,376.0,352.0,358.0,366.0,376.0,384.0,392.0,398.0
2019-03-27,2019-02-25,373.75,372.0,348.0,354.0,362.0,372.0,380.0,388.0,394.0
2019-03-28,2019-02-26,374.0,368.0,344.0,350.0,360.0,368.0,378.0,386.0,392.0
2019-03-29,2019-02-27,356.5,366.0,340.0,348.0,356.0,366.0,376.0,384.0,390.0
2019-04-01,2019-02-28,361.75,364.0,338.0,344.0,354.0,364.0,372.0,382.0,386.0
2019-04-02,2019-03-01,361.5,366.0,340.0,348.0,356.0,366.0,376.0,384.0,388.0
2019-04-03,2019-03-04,362.75,366.0,342.0,348.0,358.0,366.0,376.0,384.0,388.0
2019-04-04,2019-03-05,365.25,368.0,346.0,352.0,360.0,368.0,376.0,384.0,390.0
2019-04-05,2019-03-06,362.5,364.0,342.0,348.0,356.0,364.0,374.0,382.0,386.0
2019-04-08,2019-03-07,360.0,358.0,334.0,340.0,350.0,358.0,368.0,376.0,382.0
2019-04-09,2019-03-08,360.0,356.0,332.0,338.0,348.0,356.0,364.0,372.0,378.0
2019-04-10,2019-03-11,361.75,354.0,328.0,336.0,344.0,354.0,362.0,370.0,376.0
2019-04-11,2019-03-12,360.0,356.0,332.0,338.0,348.0,356.0,366.0,374.0,380.0
2019-04-12,2019-03-13,361.0,358.0,336.0,342.0,350.0,358.0,366.0,372.0,378.0
2019-04-15,2019-03-14,362.75,362.0,338.0,344.0,352.0,362.0,370.0,378.0,384.0
2019-04-16,2019-03-15,359.0,370.0,342.0,348.0,358.0,370.0,382.0,392.0,400.0
2019-04-17,2019-03-18,358.25,368.0,342.0,348.0,358.0,368.0,378.0,388.0,394.0
2019-04-18,2019-03-19,358.5,368.0,344.0,350.0,360.0,368.0,378.0,388.0,394.0
2019-04-22,2019-03-20,354.75,370.0,344.0,352.0,360.0,370.0,378.0,388.0,392.0
2019-04-23,2019-03-21,351.25,374.0,348.0,354.0,364.0,374.0,384.0,394.0,400.0
2019-04-24,2019-03-22,346.75,376.0,350.0,358.0,366.0,376.0,386.0,396.0,402.0
2019-04-25,2019-03-25,347.5,378.0,352.0,358.0,368.0,378.0,388.0,398.0,404.0
2019-04-26,2019-03-26,351.25,376.0,350.0,356.0,366.0,376.0,386.0,394.0,402.0
2019-04-29,2019-03-27,352.0,372.0,346.0,354.0,362.0,372.0,382.0,390.0,396.0
2019-04-30,2019-03-28,353.25,372.0,348.0,354.0,362.0,372.0,380.0,390.0,394.0
2019-05-01,2019-03-29,360.0,362.0,330.0,338.0,350.0,362.0,374.0,384.0,392.0
2019-05-02,2019-04-01,362.0,364.0,334.0,342.0,352.0,364.0,376.0,386.0,394.0
2019-05-03,2019-04-02,363.0,362.0,332.0,340.0,350.0,362.0,374.0,384.0,390.0
2019-05-06,2019-04-03,355.75,362.0,334.0,340.0,352.0,362.0,374.0,384.0,392.0
2019-05-07,2019-04-04,358.0,366.0,336.0,344.0,354.0,366.0,376.0,386.0,392.0
2019-05-08,2019-04-05,355.25,364.0,336.0,344.0,354.0,364.0,374.0,382.0,390.0
2019-05-09,2019-04-08,344.5,360.0,334.0,342.0,352.0,360.0,370.0,378.0,386.0
2019-05-10,2019-04-09,342.5,360.0,334.0,342.0,350.0,360.0,368.0,378.0,384.0
2019-05-13,2019-04-10,347.5,362.0,338.0,344.0,352.0,362.0,370.0,378.0,384.0
2019-05-14,2019-04-11,360.5,360.0,336.0,342.0,352.0,360.0,368.0,376.0,380.0
2019-05-15,2019-04-12,369.5,362.0,338.0,344.0,352.0,362.0,370.0,378.0,384.0
2019-05-16,2019-04-15,379.0,364.0,338.0,346.0,354.0,364.0,372.0,380.0,386.0
2019-05-17,2019-04-16,383.25,360.0,334.0,340.0,350.0,360.0,370.0,378.0,384.0
2019-05-20,2019-04-17,389.0,358.0,334.0,340.0,350.0,358.0,368.0,376.0,382.0
2019-05-21,2019-04-18,394.25,358.0,336.0,342.0,350.0,358.0,368.0,376.0,382.0
2019-05-22,2019-04-22,394.5,354.0,330.0,336.0,346.0,354.0,364.0,372.0,378.0
2019-05-23,2019-04-23,389.75,352.0,326.0,334.0,344.0,352.0,362.0,370.0,376.0
2019-05-24,2019-04-24,404.25,350.0,324.0,330.0,340.0,350.0,358.0,366.0,372.0
2019-05-28,2019-04-25,420.25,350.0,326.0,332.0,342.0,350.0,358.0,366.0,372.0
2019-05-29,2019-04-26,418.75,354.0,328.0,334.0,344.0,354.0,362.0,372.0,378.0
2019-05-30,2019-04-29,436.25,354.0,330.0,336.0,346.0,354.0,364.0,372.0,378.0
2019-05-31,2019-04-30,427.0,356.0,332.0,338.0,348.0,356.0,366.0,374.0,380.0
2019-06-03,2019-05-01,424.25,362.0,336.0,344.0,352.0,362.0,372.0,382.0,390.0
2019-06-04,2019-05-02,425.25,364.0,338.0,346.0,354.0,364.0,374.0,382.0,390.0
2019-06-05,2019-05-03,414.75,366.0,340.0,348.0,356.0,366.0,376.0,384.0,390.0
2019-06-06,2019-05-06,420.5,360.0,336.0,342.0,350.0,360.0,368.0,376.0,384.0
2019-06-07,2019-05-07,415.75,362.0,336.0,344.0,352.0,362.0,372.0,380.0,386.0
2019-06-10,2019-05-08,415.75,360.0,334.0,340.0,350.0,360.0,368.0,378.0,384.0
2019-06-11,2019-05-09,427.75,352.0,322.0,330.0,340.0,352.0,362.0,372.0,378.0
2019-06-12,2019-05-10,430.0,350.0,318.0,328.0,338.0,350.0,360.0,370.0,376.0
2019-06-13,2019-05-13,442.0,354.0,328.0,334.0,344.0,354.0,364.0,372.0,378.0
2019-06-14,2019-05-14,453.0,362.0,336.0,342.0,352.0,362.0,374.0,384.0,392.0
2019-06-17,2019-05-15,454.75,372.0,340.0,348.0,360.0,372.0,384.0,396.0,404.0
2019-06-18,2019-05-16,449.75,382.0,344.0,354.0,368.0,382.0,396.0,414.0,426.0
2019-06-19,2019-05-17,441.0,386.0,350.0,358.0,372.0,386.0,400.0,416.0,428.0
2019-06-20,2019-05-20,450.0,392.0,354.0,362.0,376.0,392.0,408.0,428.0,442.0
2019-06-21,2019-05-21,442.25,400.0,358.0,368.0,382.0,400.0,420.0,444.0,466.0
2019-06-24,2019-05-22,446.75,396.0,358.0,366.0,380.0,396.0,414.0,432.0,446.0
2019-06-25,2019-05-23,447.5,388.0,348.0,358.0,372.0,388.0,404.0,420.0,432.0
2019-06-26,2019-05-24,443.25,406.0,358.0,368.0,386.0,406.0,428.0,452.0,474.0
2019-06-27,2019-05-28,440.0,426.0,366.0,378.0,400.0,426.0,462.0,510.0,556.0
2019-06-28,2019-05-29,420.25,422.0,366.0,378.0,398.0,422.0,452.0,488.0,520.0
2019-07-01,2019-05-30,412.0,448.0,374.0,388.0,416.0,448.0,490.0,544.0,600.0
2019-07-02,2019-05-31,413.5,424.0,370.0,382.0,402.0,424.0,448.0,476.0,500.0
2019-07-03,2019-06-03,433.0,424.0,374.0,384.0,404.0,424.0,446.0,470.0,490.0
2019-07-05,2019-06-04,434.0,422.0,374.0,384.0,404.0,422.0,442.0,468.0,482.0
2019-07-08,2019-06-05,438.5,412.0,362.0,372.0,392.0,412.0,434.0,456.0,472.0
2019-07-09,2019-06-06,431.75,416.0,366.0,376.0,394.0,416.0,438.0,460.0,478.0
2019-07-10,2019-06-07,434.25,414.0,368.0,376.0,394.0,414.0,434.0,454.0,468.0
2019-07-11,2019-06-10,447.75,414.0,366.0,376.0,394.0,414.0,436.0,456.0,470.0
2019-07-12,2019-06-11,449.5,426.0,374.0,384.0,404.0,426.0,448.0,472.0,492.0
2019-07-15,2019-06-12,441.0,428.0,378.0,388.0,408.0,428.0,450.0,478.0,496.0
2019-07-16,2019-06-13,435.25,444.0,384.0,396.0,418.0,444.0,474.0,510.0,540.0
2019-07-17,2019-06-14,436.0,452.0,390.0,404.0,428.0,452.0,484.0,524.0,556.0
2019-07-18,2019-06-17,424.5,454.0,392.0,406.0,430.0,454.0,482.0,516.0,540.0
2019-07-19,2019-06-18,430.75,444.0,386.0,400.0,422.0,444.0,470.0,496.0,520.0
2019-07-22,2019-06-19,422.25,436.0,376.0,390.0,412.0,436.0,462.0,488.0,510.0
2019-07-23,2019-06-20,425.5,444.0,384.0,398.0,422.0,444.0,470.0,498.0,520.0
2019-07-24,2019-06-21,424.0,438.0,382.0,394.0,416.0,438.0,462.0,484.0,502.0
2019-07-25,2019-06-24,418.5,444.0,386.0,400.0,422.0,444.0,468.0,492.0,512.0
2019-07-26,2019-06-25,414.5,444.0,394.0,406.0,426.0,444.0,468.0,488.0,502.0
2019-07-29,2019-06-26,417.0,442.0,390.0,402.0,422.0,442.0,462.0,482.0,500.0
2019-07-30,2019-06-27,411.25,442.0,386.0,400.0,420.0,442.0,462.0,484.0,500.0
2019-07-31,2019-06-28,400.25,424.0,364.0,378.0,400.0,424.0,448.0,472.0,488.0
2019-08-01,2019-07-01,392.75,422.0,362.0,374.0,396.0,422.0,446.0,470.0,486.0
2019-08-02,2019-07-02,399.5,424.0,364.0,376.0,398.0,424.0,450.0,474.0,492.0
2019-08-05,2019-07-03,405.25,440.0,374.0,388.0,412.0,440.0,466.0,492.0,512.0
2019-08-06,2019-07-05,404.0,438.0,376.0,390.0,414.0,438.0,462.0,486.0,506.0
2019-08-07,2019-07-08,406.5,442.0,380.0,394.0,418.0,442.0,468.0,492.0,512.0
2019-08-08,2019-07-09,411.0,430.0,370.0,384.0,406.0,430.0,456.0,478.0,496.0
2019-08-09,2019-07-10,410.25,438.0,380.0,392.0,416.0,438.0,462.0,486.0,504.0
2019-08-12,2019-07-11,385.25,448.0,386.0,400.0,424.0,448.0,474.0,498.0,520.0
2019-08-13,2019-07-12,366.0,450.0,386.0,400.0,426.0,450.0,476.0,500.0,520.0
2019-08-14,2019-07-15,359.0,442.0,378.0,390.0,416.0,442.0,468.0,492.0,510.0
2019-08-15,2019-07-16,360.75,442.0,380.0,394.0,418.0,442.0,466.0,490.0,506.0
2019-08-16,2019-07-17,371.0,442.0,382.0,396.0,418.0,442.0,466.0,488.0,502.0
2019-08-19,2019-07-18,365.0,434.0,374.0,386.0,410.0,434.0,458.0,480.0,494.0
2019-08-20,2019-07-19,359.5,442.0,380.0,394.0,418.0,442.0,466.0,488.0,502.0
2019-08-21,2019-07-22,362.5,432.0,372.0,386.0,408.0,432.0,456.0,478.0,492.0
2019-08-22,2019-07-23,363.25,440.0,376.0,390.0,414.0,440.0,464.0,484.0,498.0
2019-08-23,2019-07-24,359.75,436.0,374.0,388.0,412.0,436.0,458.0,478.0,494.0
2019-08-26,2019-07-25,358.5,428.0,370.0,382.0,404.0,428.0,450.0,472.0,488.0
2019-08-27,2019-07-26,357.0,422.0,366.0,378.0,400.0,422.0,446.0,466.0,480.0
2019-08-28,2019-07-29,362.75,424.0,370.0,382.0,402.0,424.0,446.0,466.0,480.0
2019-08-29,2019-07-30,359.75,414.0,360.0,372.0,392.0,414.0,436.0,458.0,470.0
2019-08-30,2019-07-31,358.0,396.0,340.0,354.0,374.0,396.0,420.0,440.0,456.0
2019-09-03,2019-08-01,349.75,390.0,334.0,348.0,368.0,390.0,412.0,434.0,446.0
2019-09-04,2019-08-02,346.0,396.0,342.0,354.0,374.0,396.0,418.0,436.0,450.0
2019-09-05,2019-08-05,346.5,400.0,348.0,360.0,378.0,400.0,420.0,440.0,454.0
2019-09-06,2019-08-06,342.5,396.0,346.0,358.0,376.0,396.0,414.0,432.0,446.0
2019-09-09,2019-08-07,340.75,400.0,352.0,364.0,382.0,400.0,420.0,438.0,450.0
2019-09-10,2019-08-08,348.5,408.0,360.0,370.0,388.0,408.0,426.0,446.0,458.0
2019-09-11,2019-08-09,348.25,406.0,358.0,370.0,386.0,406.0,424.0,442.0,456.0
2019-09-12,2019-08-12,354.5,386.0,334.0,348.0,366.0,386.0,406.0,426.0,438.0
2019-09-13,2019-08-13,355.5,370.0,316.0,332.0,350.0,370.0,392.0,412.0,426.0
2019-09-16,2019-08-14,374.0,360.0,314.0,326.0,344.0,360.0,378.0,398.0,410.0
2019-09-17,2019-08-15,368.0,362.0,322.0,332.0,348.0,362.0,378.0,396.0,408.0
2019-09-18,2019-08-16,371.25,370.0,326.0,336.0,352.0,370.0,388.0,406.0,418.0
2019-09-19,2019-08-19,372.75,362.0,320.0,332.0,346.0,362.0,376.0,392.0,404.0
2019-09-20,2019-08-20,370.75,356.0,320.0,330.0,344.0,356.0,370.0,382.0,392.0
2019-09-23,2019-08-21,373.25,358.0,324.0,332.0,346.0,358.0,372.0,386.0,396.0
2019-09-24,2019-08-22,374.75,358.0,326.0,334.0,346.0,358.0,370.0,384.0,392.0
2019-09-25,2019-08-23,374.25,356.0,320.0,330.0,342.0,356.0,368.0,382.0,392.0
2019-09-26,2019-08-26,372.5,354.0,320.0,328.0,342.0,354.0,364.0,378.0,386.0
2019-09-27,2019-08-27,371.5,352.0,322.0,330.0,342.0,352.0,364.0,376.0,384.0
2019-09-30,2019-08-28,388.0,356.0,326.0,334.0,346.0,356.0,370.0,382.0,390.0
2019-10-01,2019-08-29,392.5,354.0,322.0,332.0,342.0,354.0,366.0,378.0,386.0
2019-10-02,2019-08-30,387.75,354.0,316.0,326.0,340.0,354.0,366.0,380.0,390.0
2019-10-03,2019-09-03,388.75,348.0,312.0,322.0,334.0,348.0,360.0,372.0,382.0
2019-10-04,2019-09-04,384.75,348.0,310.0,320.0,334.0,348.0,360.0,374.0,384.0
2019-10-07,2019-09-05,387.0,346.0,316.0,322.0,336.0,346.0,358.0,372.0,380.0
2019-10-08,2019-09-06,395.75,342.0,306.0,316.0,330.0,342.0,354.0,368.0,376.0
2019-10-09,2019-09-09,394.25,342.0,310.0,318.0,330.0,342.0,354.0,366.0,374.0
2019-10-10,2019-09-10,380.25,350.0,316.0,324.0,338.0,350.0,362.0,376.0,386.0
2019-10-11,2019-09-11,397.75,348.0,316.0,324.0,336.0,348.0,360.0,372.0,382.0
2019-10-14,2019-09-12,397.75,354.0,324.0,332.0,344.0,354.0,366.0,380.0,390.0
2019-10-15,2019-09-13,393.25,358.0,328.0,334.0,346.0,358.0,370.0,382.0,392.0
2019-10-16,2019-09-16,391.75,376.0,336.0,344.0,360.0,376.0,394.0,412.0,428.0
2019-10-17,2019-09-17,394.75,368.0,332.0,342.0,354.0,368.0,382.0,396.0,408.0
2019-10-18,2019-09-18,391.0,372.0,338.0,346.0,358.0,372.0,386.0,400.0,410.0
2019-10-21,2019-09-19,387.25,372.0,340.0,348.0,360.0,372.0,386.0,400.0,408.0
2019-10-22,2019-09-20,388.0,370.0,340.0,348.0,358.0,370.0,384.0,394.0,404.0
2019-10-23,2019-09-23,387.75,376.0,344.0,352.0,362.0,376.0,388.0,400.0,408.0
2019-10-24,2019-09-24,386.75,376.0,340.0,350.0,362.0,376.0,390.0,404.0,416.0
2019-10-25,2019-09-25,386.75,376.0,342.0,350.0,362.0,376.0,388.0,402.0,410.0
2019-10-28,2019-09-26,384.0,374.0,340.0,348.0,360.0,374.0,388.0,400.0,410.0
2019-10-29,2019-09-27,386.25,374.0,342.0,350.0,362.0,374.0,386.0,398.0,406.0
2019-10-30,2019-09-30,390.75,390.0,346.0,356.0,372.0,390.0,408.0,428.0,440.0
2019-10-31,2019-10-01,390.0,394.0,348.0,360.0,376.0,394.0,414.0,432.0,446.0
2019-11-01,2019-10-02,389.25,388.0,344.0,354.0,372.0,388.0,408.0,424.0,436.0
2019-11-04,2019-10-03,383.25,392.0,346.0,358.0,374.0,392.0,410.0,428.0,442.0
2019-11-05,2019-10-04,381.75,386.0,342.0,352.0,368.0,386.0,402.0,418.0,432.0
2019-11-06,2019-10-07,378.75,388.0,344.0,356.0,372.0,388.0,406.0,424.0,436.0
2019-11-07,2019-10-08,375.25,396.0,350.0,362.0,378.0,396.0,416.0,434.0,448.0
2019-11-08,2019-10-09,377.25,396.0,348.0,360.0,378.0,396.0,414.0,432.0,444.0
2019-11-11,2019-10-10,373.25,384.0,334.0,348.0,366.0,384.0,402.0,420.0,432.0
2019-11-12,2019-10-11,377.75,398.0,348.0,360.0,378.0,398.0,420.0,440.0,454.0
2019-11-13,2019-10-14,375.25,396.0,352.0,362.0,378.0,396.0,412.0,428.0,440.0
2019-11-14,2019-10-15,375.75,392.0,348.0,358.0,374.0,392.0,408.0,422.0,434.0
2019-11-15,2019-10-16,371.25,392.0,344.0,356.0,374.0,392.0,410.0,428.0,438.0
2019-11-18,2019-10-17,367.75,394.0,348.0,360.0,378.0,394.0,410.0,426.0,436.0
2019-11-19,2019-10-18,370.0,392.0,348.0,358.0,374.0,392.0,408.0,424.0,434.0
2019-11-20,2019-10-21,366.75,388.0,346.0,356.0,372.0,388.0,402.0,416.0,426.0
2019-11-21,2019-10-22,368.5,386.0,344.0,354.0,370.0,386.0,402.0,416.0,426.0
2019-11-22,2019-10-23,368.75,384.0,346.0,354.0,370.0,384.0,398.0,412.0,422.0
2019-11-25,2019-10-24,370.5,384.0,344.0,354.0,368.0,384.0,398.0,412.0,422.0
2019-11-26,2019-10-25,367.5,384.0,344.0,354.0,368.0,384.0,398.0,412.0,422.0
2019-11-27,2019-10-28,362.75,380.0,338.0,350.0,364.0,380.0,394.0,408.0,418.0
2019-11-29,2019-10-29,371.25,382.0,342.0,352.0,368.0,382.0,398.0,414.0,424.0
2019-12-02,2019-10-30,373.5,388.0,350.0,360.0,374.0,388.0,402.0,418.0,428.0
2019-12-03,2019-10-31,372.0,388.0,348.0,358.0,374.0,388.0,404.0,418.0,428.0
2019-12-04,2019-11-01,368.75,388.0,350.0,360.0,374.0,388.0,402.0,416.0,426.0
2019-12-05,2019-11-04,365.5,382.0,346.0,354.0,368.0,382.0,396.0,408.0,418.0
2019-12-06,2019-11-05,366.5,380.0,342.0,352.0,366.0,380.0,392.0,406.0,414.0
2019-12-09,2019-11-06,365.75,376.0,340.0,350.0,362.0,376.0,390.0,404.0,412.0
2019-12-10,2019-11-07,363.25,372.0,328.0,340.0,358.0,372.0,390.0,406.0,418.0
2019-12-11,2019-11-08,357.75,376.0,334.0,344.0,360.0,376.0,392.0,408.0,420.0
2019-12-12,2019-11-11,367.0,372.0,330.0,340.0,356.0,372.0,388.0,406.0,418.0
2019-12-13,2019-11-12,366.25,378.0,338.0,348.0,362.0,378.0,392.0,408.0,418.0
2019-12-16,2019-11-13,388.0,374.0,334.0,344.0,360.0,374.0,390.0,406.0,418.0
2019-12-17,2019-11-14,390.0,374.0,334.0,344.0,360.0,374.0,390.0,404.0,416.0
2019-12-18,2019-11-15,387.0,368.0,326.0,338.0,354.0,368.0,384.0,400.0,412.0
2019-12-19,2019-11-18,386.5,364.0,322.0,334.0,350.0,364.0,380.0,396.0,410.0
2019-12-20,2019-11-19,387.75,366.0,328.0,338.0,354.0,366.0,382.0,396.0,408.0
2019-12-23,2019-11-20,388.75,364.0,324.0,336.0,350.0,364.0,378.0,394.0,408.0
2019-12-24,2019-11-21,387.5,366.0,328.0,340.0,352.0,366.0,382.0,398.0,410.0
2019-12-26,2019-11-22,388.5,368.0,328.0,340.0,354.0,368.0,382.0,398.0,410.0
2019-12-27,2019-11-25,390.0,368.0,332.0,342.0,356.0,368.0,382.0,398.0,408.0
2019-12-30,2019-11-26,388.25,366.0,330.0,340.0,354.0,366.0,378.0,394.0,404.0
2019-12-31,2019-11-27,387.75,362.0,326.0,336.0,350.0,362.0,374.0,388.0,400.0
2020-01-02,2019-11-29,391.5,372.0,338.0,348.0,360.0,372.0,386.0,398.0,410.0
2020-01-03,2019-12-02,386.5,374.0,338.0,348.0,362.0,374.0,388.0,402.0,414.0
2020-01-06,2019-12-03,384.75,374.0,338.0,346.0,360.0,374.0,388.0,402.0,414.0
2020-01-07,2019-12-04,384.5,370.0,334.0,344.0,358.0,370.0,386.0,400.0,412.0
2020-01-08,2019-12-05,384.25,368.0,332.0,342.0,354.0,368.0,382.0,396.0,406.0
2020-01-09,2019-12-06,383.25,368.0,332.0,342.0,354.0,368.0,380.0,394.0,406.0
2020-01-10,2019-12-09,385.75,366.0,330.0,340.0,354.0,366.0,380.0,394.0,408.0
2020-01-13,2019-12-10,389.5,362.0,328.0,338.0,350.0,362.0,374.0,388.0,400.0
2020-01-14,2019-12-11,389.0,358.0,322.0,332.0,346.0,358.0,372.0,386.0,398.0
2020-01-15,2019-12-12,387.5,368.0,334.0,344.0,356.0,368.0,382.0,396.0,408.0
2020-01-16,2019-12-13,375.5,366.0,334.0,342.0,354.0,366.0,380.0,394.0,406.0
2020-01-17,2019-12-16,389.25,396.0,344.0,356.0,374.0,396.0,424.0,452.0,474.0
2020-01-21,2019-12-17,387.5,390.0,342.0,354.0,372.0,390.0,412.0,434.0,452.0
2020-01-22,2019-12-18,388.75,386.0,344.0,354.0,370.0,386.0,404.0,424.0,438.0
2020-01-23,2019-12-19,393.75,386.0,346.0,356.0,370.0,386.0,402.0,418.0,432.0
2020-01-24,2019-12-20,387.25,388.0,350.0,360.0,374.0,388.0,404.0,420.0,434.0
2020-01-27,2019-12-23,380.5,388.0,352.0,360.0,374.0,388.0,402.0,418.0,430.0
2020-01-28,2019-12-24,386.5,384.0,346.0,356.0,370.0,384.0,400.0,416.0,426.0
2020-01-29,2019-12-26,384.25,388.0,348.0,358.0,372.0,388.0,402.0,418.0,428.0
2020-01-30,2019-12-27,379.5,390.0,350.0,360.0,374.0,390.0,406.0,422.0,434.0
2020-01-31,2019-12-30,381.25,386.0,350.0,358.0,372.0,386.0,400.0,414.0,424.0
2020-02-03,2019-12-31,378.75,384.0,348.0,358.0,372.0,384.0,398.0,412.0,422.0
2020-02-04,2020-01-02,382.25,388.0,350.0,360.0,374.0,388.0,404.0,418.0,430.0
2020-02-05,2020-01-03,380.75,382.0,344.0,354.0,368.0,382.0,396.0,410.0,420.0
2020-02-06,2020-01-06,379.25,380.0,344.0,352.0,366.0,380.0,392.0,406.0,416.0
2020-02-07,2020-01-07,383.5,378.0,344.0,352.0,366.0,378.0,392.0,406.0,416.0
2020-02-10,2020-01-08,381.75,378.0,344.0,352.0,366.0,378.0,392.0,406.0,418.0
2020-02-11,2020-01-09,379.75,378.0,342.0,352.0,366.0,378.0,390.0,404.0,416.0
2020-02-12,2020-01-10,383.0,380.0,344.0,354.0,368.0,380.0,394.0,408.0,420.0
2020-02-13,2020-01-13,379.5,384.0,346.0,356.0,370.0,384.0,398.0,414.0,426.0
2020-02-14,2020-01-14,377.75,382.0,346.0,356.0,370.0,382.0,396.0,410.0,422.0
2020-02-18,2020-01-15,383.0,380.0,344.0,354.0,368.0,380.0,392.0,406.0,416.0
2020-02-19,2020-01-16,380.5,372.0,336.0,346.0,358.0,372.0,384.0,398.0,406.0
2020-02-20,2020-01-17,378.5,382.0,344.0,354.0,368.0,382.0,398.0,412.0,424.0
2020-02-21,2020-01-21,377.0,380.0,342.0,352.0,368.0,380.0,394.0,408.0,420.0
2020-02-24,2020-01-22,372.25,384.0,346.0,356.0,370.0,384.0,398.0,414.0,424.0
2020-02-25,2020-01-23,372.5,390.0,350.0,360.0,376.0,390.0,406.0,422.0,434.0
2020-02-26,2020-01-24,370.5,384.0,342.0,354.0,370.0,384.0,396.0,410.0,422.0
2020-02-27,2020-01-27,364.5,376.0,336.0,346.0,362.0,376.0,392.0,406.0,416.0
2020-02-28,2020-01-28,366.5,380.0,338.0,350.0,366.0,380.0,396.0,410.0,422.0
2020-03-02,2020-01-29,374.75,378.0,338.0,348.0,364.0,378.0,392.0,408.0,418.0
2020-03-03,2020-01-30,381.75,376.0,336.0,348.0,362.0,376.0,390.0,404.0,414.0
2020-03-04,2020-01-31,387.0,378.0,338.0,348.0,364.0,378.0,392.0,406.0,418.0
2020-03-05,2020-02-03,384.5,376.0,336.0,348.0,364.0,376.0,390.0,404.0,416.0
2020-03-06,2020-02-04,377.25,380.0,340.0,352.0,368.0,380.0,394.0,408.0,420.0
2020-03-09,2020-02-05,374.25,380.0,340.0,352.0,366.0,380.0,392.0,406.0,416.0
2020-03-10,2020-02-06,380.0,378.0,342.0,352.0,366.0,378.0,390.0,402.0,414.0
2020-03-11,2020-02-07,379.25,382.0,348.0,358.0,370.0,382.0,394.0,406.0,416.0
2020-03-12,2020-02-10,369.75,382.0,348.0,358.0,370.0,382.0,392.0,404.0,412.0
2020-03-13,2020-02-11,370.75,382.0,344.0,354.0,370.0,382.0,392.0,404.0,414.0
2020-03-16,2020-02-12,354.75,382.0,348.0,358.0,372.0,382.0,394.0,406.0,414.0
2020-03-17,2020-02-13,344.0,380.0,346.0,354.0,368.0,380.0,390.0,402.0,410.0
2020-03-18,2020-02-14,335.25,378.0,344.0,354.0,368.0,378.0,388.0,400.0,408.0
2020-03-19,2020-02-18,345.5,382.0,348.0,358.0,370.0,382.0,392.0,404.0,412.0
2020-03-20,2020-02-19,343.75,380.0,348.0,356.0,370.0,380.0,390.0,402.0,412.0
2020-03-23,2020-02-20,343.5,380.0,346.0,356.0,368.0,380.0,390.0,400.0,410.0
2020-03-24,2020-02-21,347.25,378.0,346.0,356.0,368.0,378.0,388.0,400.0,408.0
2020-03-25,2020-02-24,348.5,376.0,340.0,352.0,364.0,376.0,386.0,398.0,408.0
2020-03-26,2020-02-25,348.75,376.0,340.0,350.0,364.0,376.0,386.0,398.0,408.0
2020-03-27,2020-02-26,346.0,372.0,338.0,348.0,362.0,372.0,384.0,396.0,406.0
2020-03-30,2020-02-27,341.25,368.0,328.0,340.0,356.0,368.0,380.0,394.0,404.0
2020-03-31,2020-02-28,340.75,370.0,332.0,342.0,358.0,370.0,382.0,394.0,404.0
2020-04-01,2020-03-02,334.75,378.0,342.0,354.0,366.0,378.0,388.0,400.0,410.0
2020-04-02,2020-03-03,333.5,384.0,352.0,360.0,372.0,384.0,394.0,406.0,414.0
2020-04-03,2020-03-04,330.75,388.0,356.0,364.0,376.0,388.0,400.0,412.0,422.0
2020-04-06,2020-03-05,327.75,386.0,350.0,360.0,374.0,386.0,396.0,408.0,418.0
2020-04-07,2020-03-06,331.5,380.0,344.0,354.0,368.0,380.0,392.0,402.0,412.0
2020-04-08,2020-03-09,330.0,378.0,344.0,354.0,366.0,378.0,388.0,400.0,408.0
2020-04-09,2020-03-10,331.75,382.0,350.0,358.0,370.0,382.0,392.0,404.0,412.0
2020-04-13,2020-03-11,331.5,380.0,348.0,358.0,370.0,380.0,390.0,400.0,408.0
2020-04-14,2020-03-12,326.0,374.0,340.0,348.0,362.0,374.0,386.0,396.0,404.0
2020-04-15,2020-03-13,319.25,372.0,338.0,348.0,360.0,372.0,384.0,396.0,404.0
2020-04-16,2020-03-16,319.75,362.0,316.0,328.0,346.0,362.0,378.0,390.0,400.0
2020-04-17,2020-03-17,322.25,356.0,300.0,318.0,338.0,356.0,372.0,386.0,398.0
2020-04-20,2020-03-18,314.25,346.0,284.0,302.0,326.0,346.0,364.0,382.0,394.0
2020-04-21,2020-03-19,309.25,354.0,302.0,316.0,336.0,354.0,370.0,386.0,398.0
2020-04-22,2020-03-20,317.5,348.0,296.0,312.0,332.0,348.0,366.0,382.0,394.0
2020-04-23,2020-03-23,319.25,346.0,296.0,310.0,330.0,346.0,362.0,378.0,390.0
2020-04-24,2020-03-24,315.75,350.0,304.0,318.0,334.0,350.0,366.0,380.0,392.0
2020-04-27,2020-03-25,305.5,350.0,304.0,318.0,334.0,350.0,364.0,380.0,390.0
2020-04-28,2020-03-26,302.75,350.0,306.0,318.0,334.0,350.0,366.0,380.0,392.0
2020-04-29,2020-03-27,304.5,344.0,300.0,312.0,328.0,344.0,362.0,378.0,388.0
2020-04-30,2020-03-30,311.5,342.0,296.0,310.0,326.0,342.0,360.0,376.0,388.0
2020-05-01,2020-03-31,311.5,344.0,300.0,310.0,328.0,344.0,360.0,376.0,388.0
2020-05-04,2020-04-01,310.75,338.0,290.0,304.0,322.0,338.0,356.0,372.0,384.0
2020-05-05,2020-04-02,313.0,336.0,290.0,304.0,320.0,336.0,352.0,370.0,382.0
2020-05-06,2020-04-03,311.75,334.0,292.0,304.0,318.0,334.0,352.0,370.0,380.0
2020-05-07,2020-04-06,316.0,328.0,284.0,296.0,312.0,328.0,344.0,362.0,374.0
2020-05-08,2020-04-07,319.0,332.0,290.0,302.0,316.0,332.0,348.0,366.0,378.0
2020-05-11,2020-04-08,318.5,328.0,290.0,300.0,314.0,328.0,344.0,362.0,374.0
2020-05-12,2020-04-09,323.75,332.0,298.0,306.0,320.0,332.0,346.0,364.0,378.0
2020-05-13,2020-04-13,320.25,332.0,298.0,308.0,320.0,332.0,344.0,362.0,376.0
2020-05-14,2020-04-14,320.25,324.0,282.0,294.0,310.0,324.0,340.0,358.0,372.0
2020-05-15,2020-04-15,319.25,318.0,270.0,284.0,302.0,318.0,334.0,352.0,366.0
2020-05-18,2020-04-16,320.75,320.0,272.0,286.0,304.0,320.0,336.0,356.0,372.0
2020-05-19,2020-04-17,321.25,322.0,276.0,288.0,306.0,322.0,338.0,358.0,372.0
2020-05-20,2020-04-20,319.5,312.0,262.0,278.0,296.0,312.0,330.0,348.0,364.0
2020-05-21,2020-04-21,317.75,308.0,260.0,272.0,290.0,308.0,326.0,344.0,358.0
2020-05-22,2020-04-22,318.0,320.0,274.0,286.0,302.0,320.0,336.0,354.0,368.0
2020-05-26,2020-04-23,319.0,320.0,276.0,288.0,304.0,320.0,334.0,354.0,366.0
2020-05-27,2020-04-24,320.5,318.0,274.0,286.0,302.0,318.0,332.0,350.0,362.0
2020-05-28,2020-04-27,327.5,308.0,258.0,272.0,290.0,308.0,324.0,340.0,352.0
2020-05-29,2020-04-28,325.75,308.0,260.0,274.0,292.0,308.0,322.0,338.0,350.0
2020-06-01,2020-04-29,323.25,306.0,262.0,274.0,290.0,306.0,320.0,336.0,348.0
2020-06-02,2020-04-30,324.25,314.0,272.0,282.0,298.0,314.0,328.0,346.0,358.0
2020-06-03,2020-05-01,324.0,314.0,274.0,282.0,298.0,314.0,328.0,346.0,358.0
2020-06-04,2020-05-04,329.0,314.0,274.0,284.0,298.0,314.0,328.0,344.0,356.0
2020-06-05,2020-05-05,331.25,314.0,276.0,286.0,300.0,314.0,328.0,344.0,356.0
2020-06-08,2020-05-06,333.75,312.0,272.0,284.0,298.0,312.0,326.0,342.0,356.0
2020-06-09,2020-05-07,327.5,316.0,278.0,288.0,302.0,316.0,332.0,350.0,362.0
2020-06-10,2020-05-08,326.25,320.0,284.0,294.0,308.0,320.0,336.0,354.0,368.0
2020-06-11,2020-05-11,329.75,320.0,282.0,292.0,306.0,320.0,334.0,352.0,364.0
2020-06-12,2020-05-12,330.0,326.0,286.0,296.0,310.0,326.0,340.0,358.0,370.0
2020-06-15,2020-05-13,329.25,320.0,280.0,290.0,304.0,320.0,336.0,354.0,366.0
2020-06-16,2020-05-14,329.0,322.0,280.0,292.0,306.0,322.0,336.0,354.0,364.0
2020-06-17,2020-05-15,330.25,320.0,280.0,290.0,306.0,320.0,336.0,352.0,364.0
2020-06-18,2020-05-18,331.0,324.0,286.0,296.0,310.0,324.0,338.0,354.0,366.0
2020-06-19,2020-05-19,332.5,324.0,286.0,296.0,310.0,324.0,338.0,352.0,364.0
2020-06-22,2020-05-20,328.25,324.0,288.0,298.0,310.0,324.0,336.0,352.0,362.0
2020-06-23,2020-05-21,325.0,320.0,284.0,294.0,306.0,320.0,332.0,346.0,356.0
2020-06-24,2020-05-22,324.25,318.0,280.0,290.0,304.0,318.0,330.0,344.0,356.0
2020-06-25,2020-05-26,317.25,318.0,284.0,294.0,306.0,318.0,330.0,344.0,356.0
2020-06-26,2020-05-27,317.0,320.0,288.0,296.0,308.0,320.0,330.0,344.0,354.0
2020-06-29,2020-05-28,326.25,328.0,296.0,306.0,316.0,328.0,340.0,354.0,366.0
2020-06-30,2020-05-29,338.5,326.0,292.0,302.0,314.0,326.0,340.0,354.0,364.0
2020-07-01,2020-06-01,348.25,324.0,286.0,296.0,310.0,324.0,336.0,350.0,362.0
2020-07-02,2020-06-02,342.5,324.0,290.0,300.0,312.0,324.0,336.0,352.0,364.0
2020-07-06,2020-06-03,346.5,324.0,294.0,300.0,312.0,324.0,336.0,352.0,362.0
2020-07-07,2020-06-04,345.0,330.0,292.0,302.0,316.0,330.0,346.0,362.0,376.0
2020-07-08,2020-06-05,348.25,334.0,294.0,304.0,318.0,334.0,348.0,368.0,382.0
2020-07-09,2020-06-08,351.25,338.0,298.0,308.0,324.0,338.0,356.0,376.0,388.0
2020-07-10,2020-06-09,340.5,336.0,290.0,300.0,318.0,336.0,356.0,376.0,388.0
2020-07-13,2020-06-10,334.0,332.0,288.0,300.0,316.0,332.0,352.0,374.0,386.0
2020-07-14,2020-06-11,334.75,338.0,292.0,304.0,320.0,338.0,360.0,382.0,396.0
2020-07-15,2020-06-12,326.25,344.0,292.0,304.0,322.0,344.0,368.0,392.0,406.0
2020-07-16,2020-06-15,330.25,340.0,292.0,304.0,322.0,340.0,360.0,382.0,396.0
2020-07-17,2020-06-16,333.0,336.0,282.0,296.0,316.0,336.0,360.0,384.0,398.0
2020-07-20,2020-06-17,328.25,340.0,288.0,300.0,318.0,340.0,368.0,394.0,408.0
2020-07-21,2020-06-18,322.75,348.0,290.0,304.0,324.0,348.0,376.0,400.0,416.0
2020-07-22,2020-06-19,327.5,364.0,300.0,314.0,338.0,364.0,390.0,414.0,430.0
2020-07-23,2020-06-22,328.0,352.0,286.0,302.0,326.0,352.0,380.0,406.0,422.0
2020-07-24,2020-06-23,326.25,338.0,278.0,292.0,314.0,338.0,368.0,396.0,416.0
2020-07-27,2020-06-24,325.0,348.0,286.0,300.0,320.0,348.0,378.0,408.0,426.0
2020-07-28,2020-06-25,320.0,330.0,278.0,290.0,308.0,330.0,362.0,390.0,408.0
2020-07-29,2020-06-26,315.5,326.0,280.0,290.0,308.0,326.0,358.0,390.0,410.0
2020-07-30,2020-06-29,315.75,330.0,286.0,296.0,314.0,330.0,352.0,382.0,400.0
2020-07-31,2020-06-30,316.0,354.0,296.0,310.0,330.0,354.0,382.0,410.0,430.0
2020-08-03,2020-07-01,317.5,370.0,306.0,322.0,346.0,370.0,396.0,424.0,446.0
2020-08-04,2020-07-02,308.25,346.0,296.0,308.0,328.0,346.0,366.0,390.0,406.0
2020-08-05,2020-07-06,311.0,356.0,302.0,316.0,336.0,356.0,380.0,404.0,418.0
2020-08-06,2020-07-07,311.25,354.0,302.0,316.0,334.0,354.0,376.0,398.0,412.0
2020-08-07,2020-07-08,307.75,356.0,308.0,320.0,338.0,356.0,378.0,398.0,412.0
2020-08-10,2020-07-09,310.5,356.0,306.0,318.0,338.0,356.0,376.0,396.0,412.0
2020-08-11,2020-07-10,311.5,344.0,294.0,306.0,326.0,344.0,366.0,390.0,404.0
2020-08-12,2020-07-13,314.5,338.0,290.0,302.0,320.0,338.0,360.0,382.0,398.0
2020-08-13,2020-07-14,325.25,340.0,290.0,304.0,322.0,340.0,362.0,384.0,400.0
2020-08-14,2020-07-15,324.5,330.0,274.0,290.0,310.0,330.0,352.0,378.0,394.0
2020-08-17,2020-07-16,331.0,334.0,282.0,296.0,314.0,334.0,354.0,378.0,394.0
2020-08-18,2020-07-17,327.0,336.0,290.0,302.0,318.0,336.0,356.0,380.0,398.0
2020-08-19,2020-07-20,325.0,330.0,282.0,296.0,312.0,330.0,350.0,372.0,386.0
2020-08-20,2020-07-21,324.5,324.0,272.0,286.0,306.0,324.0,344.0,366.0,384.0
2020-08-21,2020-07-22,327.0,328.0,278.0,292.0,310.0,328.0,348.0,368.0,382.0
2020-08-24,2020-07-23,331.75,330.0,280.0,294.0,312.0,330.0,348.0,366.0,382.0
2020-08-25,2020-07-24,340.75,328.0,284.0,296.0,312.0,328.0,344.0,362.0,378.0
2020-08-26,2020-07-27,340.5,328.0,284.0,296.0,312.0,328.0,344.0,362.0,378.0
2020-08-27,2020-07-28,344.25,320.0,276.0,288.0,304.0,320.0,336.0,356.0,372.0
2020-08-28,2020-07-29,346.0,318.0,280.0,290.0,304.0,318.0,336.0,358.0,374.0
2020-08-31,2020-07-30,348.5,318.0,278.0,290.0,304.0,318.0,332.0,350.0,366.0
2020-09-01,2020-07-31,349.5,314.0,272.0,284.0,300.0,314.0,330.0,348.0,362.0
2020-09-02,2020-08-03,349.75,318.0,282.0,290.0,304.0,318.0,332.0,352.0,368.0
2020-09-03,2020-08-04,344.5,308.0,264.0,276.0,292.0,308.0,324.0,344.0,360.0
2020-09-04,2020-08-05,347.25,310.0,266.0,280.0,294.0,310.0,326.0,346.0,362.0
2020-09-08,2020-08-06,351.0,308.0,266.0,278.0,294.0,308.0,324.0,344.0,360.0
2020-09-09,2020-08-07,350.0,304.0,260.0,274.0,290.0,304.0,320.0,338.0,354.0
2020-09-10,2020-08-10,357.25,308.0,270.0,280.0,296.0,308.0,324.0,342.0,358.0
2020-09-11,2020-08-11,365.0,310.0,270.0,280.0,296.0,310.0,326.0,344.0,358.0
2020-09-14,2020-08-12,357.5,314.0,274.0,286.0,300.0,314.0,330.0,350.0,364.0
2020-09-15,2020-08-13,366.0,326.0,280.0,292.0,308.0,326.0,346.0,366.0,380.0
2020-09-16,2020-08-14,371.75,324.0,280.0,292.0,308.0,324.0,342.0,360.0,374.0
2020-09-17,2020-08-17,375.25,330.0,290.0,300.0,314.0,330.0,348.0,368.0,382.0
2020-09-18,2020-08-18,378.5,326.0,286.0,296.0,310.0,326.0,344.0,362.0,374.0
2020-09-21,2020-08-19,369.75,324.0,284.0,294.0,308.0,324.0,340.0,360.0,372.0
2020-09-22,2020-08-20,369.25,326.0,288.0,296.0,310.0,326.0,342.0,362.0,376.0
2020-09-23,2020-08-21,368.5,328.0,292.0,300.0,314.0,328.0,342.0,360.0,372.0
2020-09-24,2020-08-24,363.5,332.0,294.0,304.0,318.0,332.0,348.0,364.0,378.0
2020-09-25,2020-08-25,365.25,344.0,302.0,310.0,326.0,344.0,362.0,382.0,398.0
2020-09-28,2020-08-26,366.75,342.0,298.0,308.0,324.0,342.0,362.0,380.0,396.0
2020-09-29,2020-08-27,364.75,346.0,300.0,312.0,328.0,346.0,366.0,386.0,400.0
2020-09-30,2020-08-28,379.0,350.0,302.0,312.0,330.0,350.0,368.0,388.0,402.0
2020-10-01,2020-08-31,382.75,352.0,306.0,318.0,334.0,352.0,370.0,388.0,404.0
2020-10-02,2020-09-01,379.75,352.0,306.0,318.0,334.0,352.0,370.0,388.0,402.0
2020-10-05,2020-09-02,379.5,352.0,308.0,318.0,336.0,352.0,370.0,386.0,400.0
2020-10-06,2020-09-03,385.0,348.0,300.0,312.0,330.0,348.0,366.0,384.0,398.0
2020-10-07,2020-09-04,388.75,350.0,306.0,316.0,334.0,350.0,368.0,386.0,398.0
2020-10-08,2020-09-08,387.0,354.0,310.0,322.0,338.0,354.0,372.0,388.0,402.0
2020-10-09,2020-09-09,395.0,352.0,310.0,322.0,338.0,352.0,368.0,386.0,398.0
2020-10-12,2020-09-10,389.0,362.0,318.0,328.0,346.0,362.0,380.0,396.0,410.0
2020-10-13,2020-09-11,391.25,368.0,324.0,334.0,350.0,368.0,386.0,406.0,418.0
2020-10-14,2020-09-14,396.5,358.0,316.0,326.0,342.0,358.0,376.0,394.0,408.0
2020-10-15,2020-09-15,403.75,370.0,324.0,336.0,352.0,370.0,388.0,406.0,420.0
2020-10-16,2020-09-16,402.0,374.0,330.0,340.0,358.0,374.0,394.0,412.0,428.0
2020-10-19,2020-09-17,405.25,378.0,330.0,342.0,358.0,378.0,398.0,418.0,434.0
2020-10-20,2020-09-18,408.75,382.0,334.0,346.0,362.0,382.0,400.0,420.0,436.0
2020-10-21,2020-09-21,413.75,370.0,322.0,334.0,352.0,370.0,390.0,410.0,424.0
2020-10-22,2020-09-22,416.25,372.0,324.0,336.0,354.0,372.0,390.0,410.0,424.0
2020-10-23,2020-09-23,419.25,372.0,326.0,338.0,354.0,372.0,388.0,406.0,420.0
2020-10-26,2020-09-24,417.75,366.0,320.0,332.0,350.0,366.0,384.0,402.0,416.0
2020-10-27,2020-09-25,416.0,368.0,324.0,336.0,352.0,368.0,384.0,402.0,414.0
2020-10-28,2020-09-28,401.5,370.0,324.0,336.0,352.0,370.0,386.0,404.0,416.0
2020-10-29,2020-09-29,398.5,366.0,322.0,334.0,350.0,366.0,384.0,400.0,412.0
2020-10-30,2020-09-30,398.5,378.0,332.0,344.0,360.0,378.0,398.0,418.0,430.0
2020-11-02,2020-10-01,397.5,384.0,338.0,350.0,366.0,384.0,402.0,420.0,434.0
2020-11-03,2020-10-02,401.0,382.0,336.0,348.0,364.0,382.0,398.0,416.0,430.0
2020-11-04,2020-10-05,405.25,380.0,338.0,348.0,364.0,380.0,398.0,416.0,428.0
2020-11-05,2020-10-06,409.25,384.0,344.0,354.0,368.0,384.0,402.0,420.0,432.0
2020-11-06,2020-10-07,406.75,388.0,348.0,358.0,374.0,388.0,404.0,420.0,434.0
2020-11-09,2020-10-08,407.5,388.0,348.0,358.0,372.0,388.0,402.0,418.0,432.0
2020-11-10,2020-10-09,423.0,394.0,350.0,360.0,376.0,394.0,412.0,432.0,448.0
2020-11-11,2020-10-12,417.25,386.0,344.0,354.0,370.0,386.0,404.0,422.0,436.0
2020-11-12,2020-10-13,408.25,390.0,346.0,356.0,372.0,390.0,406.0,424.0,438.0
2020-11-13,2020-10-14,410.5,394.0,350.0,360.0,378.0,394.0,412.0,430.0,444.0
2020-11-16,2020-10-15,416.25,404.0,358.0,368.0,386.0,404.0,424.0,444.0,458.0
2020-11-17,2020-10-16,420.25,400.0,356.0,366.0,384.0,400.0,418.0,438.0,454.0
2020-11-18,2020-10-19,425.75,406.0,362.0,372.0,388.0,406.0,422.0,442.0,454.0
2020-11-19,2020-10-20,422.5,410.0,366.0,376.0,394.0,410.0,428.0,448.0,462.0
2020-11-20,2020-10-21,423.25,418.0,370.0,382.0,398.0,418.0,436.0,458.0,472.0
2020-11-23,2020-10-22,426.5,422.0,374.0,386.0,402.0,422.0,440.0,460.0,476.0
2020-11-24,2020-10-23,425.75,428.0,380.0,390.0,410.0,428.0,448.0,468.0,484.0
2020-11-25,2020-10-26,420.0,426.0,376.0,388.0,406.0,426.0,444.0,466.0,480.0
2020-11-27,2020-10-27,425.5,420.0,372.0,384.0,402.0,420.0,440.0,458.0,472.0
2020-11-30,2020-10-28,419.75,402.0,354.0,366.0,384.0,402.0,420.0,438.0,452.0
2020-12-01,2020-10-29,414.75,400.0,356.0,366.0,384.0,400.0,418.0,436.0,448.0
2020-12-02,2020-10-30,419.0,402.0,358.0,368.0,384.0,402.0,418.0,436.0,448.0
2020-12-03,2020-11-02,422.5,394.0,348.0,360.0,376.0,394.0,410.0,428.0,442.0
2020-12-04,2020-11-03,417.0,400.0,354.0,364.0,382.0,400.0,418.0,436.0,450.0
2020-12-07,2020-11-04,419.5,400.0,356.0,366.0,384.0,400.0,418.0,436.0,450.0
2020-12-08,2020-11-05,417.0,404.0,360.0,370.0,386.0,404.0,422.0,440.0,452.0
2020-12-09,2020-11-06,422.0,404.0,362.0,372.0,388.0,404.0,420.0,438.0,450.0
2020-12-10,2020-11-09,420.25,404.0,362.0,372.0,388.0,404.0,420.0,438.0,450.0
2020-12-11,2020-11-10,424.25,420.0,372.0,384.0,402.0,420.0,440.0,460.0,476.0
2020-12-14,2020-11-11,419.25,416.0,370.0,382.0,398.0,416.0,434.0,452.0,468.0
2020-12-15,2020-11-12,424.75,408.0,366.0,376.0,392.0,408.0,426.0,444.0,458.0
2020-12-16,2020-11-13,427.25,412.0,368.0,378.0,396.0,412.0,430.0,448.0,460.0
2020-12-17,2020-11-16,432.5,416.0,372.0,382.0,398.0,416.0,434.0,454.0,468.0
2020-12-18,2020-11-17,437.5,422.0,374.0,384.0,402.0,422.0,440.0,462.0,476.0
2020-12-21,2020-11-18,440.0,426.0,378.0,390.0,408.0,426.0,444.0,464.0,480.0
2020-12-22,2020-11-19,443.5,418.0,372.0,382.0,400.0,418.0,438.0,458.0,472.0
2020-12-23,2020-11-20,447.25,424.0,378.0,388.0,406.0,424.0,444.0,462.0,476.0
2020-12-24,2020-11-23,451.0,430.0,382.0,394.0,412.0,430.0,448.0,466.0,480.0
2020-12-28,2020-11-24,456.5,424.0,376.0,388.0,408.0,424.0,442.0,460.0,474.0
2020-12-29,2020-11-25,466.0,418.0,372.0,384.0,402.0,418.0,436.0,454.0,468.0
2020-12-30,2020-11-27,474.5,422.0,374.0,386.0,404.0,422.0,440.0,460.0,472.0
2020-12-31,2020-11-30,484.0,418.0,372.0,384.0,400.0,418.0,434.0,452.0,464.0
2021-01-04,2020-12-01,483.75,416.0,372.0,382.0,400.0,416.0,432.0,448.0,460.0
2021-01-05,2020-12-02,491.75,418.0,374.0,384.0,402.0,418.0,434.0,450.0,462.0
2021-01-06,2020-12-03,495.0,422.0,380.0,390.0,406.0,422.0,436.0,452.0,464.0
2021-01-07,2020-12-04,494.0,416.0,376.0,386.0,402.0,416.0,432.0,448.0,458.0
2021-01-08,2020-12-07,496.25,420.0,376.0,388.0,404.0,420.0,436.0,454.0,466.0
2021-01-11,2020-12-08,492.25,416.0,374.0,384.0,402.0,416.0,432.0,448.0,460.0
2021-01-12,2020-12-09,517.25,422.0,382.0,392.0,408.0,422.0,438.0,454.0,464.0
2021-01-13,2020-12-10,524.5,420.0,380.0,390.0,406.0,420.0,434.0,450.0,460.0
2021-01-14,2020-12-11,534.25,426.0,386.0,396.0,410.0,426.0,438.0,454.0,464.0
2021-01-15,2020-12-14,531.5,418.0,378.0,388.0,404.0,418.0,432.0,446.0,456.0
2021-01-19,2020-12-15,526.0,424.0,386.0,396.0,410.0,424.0,438.0,452.0,464.0
2021-01-20,2020-12-16,522.0,430.0,392.0,402.0,416.0,430.0,444.0,458.0,468.0
2021-01-21,2020-12-17,524.25,434.0,392.0,404.0,418.0,434.0,448.0,466.0,476.0
2021-01-22,2020-12-18,500.5,440.0,394.0,406.0,424.0,440.0,456.0,474.0,488.0
2021-01-25,2020-12-21,511.5,440.0,396.0,408.0,424.0,440.0,456.0,474.0,486.0
2021-01-26,2020-12-22,532.25,446.0,400.0,412.0,430.0,446.0,462.0,480.0,494.0
2021-01-27,2020-12-23,534.0,452.0,408.0,420.0,434.0,452.0,468.0,486.0,498.0
2021-01-28,2020-12-24,534.5,456.0,408.0,420.0,438.0,456.0,472.0,492.0,506.0
2021-01-29,2020-12-28,547.0,462.0,418.0,430.0,444.0,462.0,478.0,498.0,512.0
2021-02-01,2020-12-29,549.25,470.0,422.0,434.0,450.0,470.0,490.0,512.0,528.0
2021-02-02,2020-12-30,543.0,478.0,430.0,442.0,458.0,478.0,500.0,524.0,540.0
2021-02-03,2020-12-31,552.0,490.0,436.0,450.0,468.0,490.0,516.0,540.0,564.0
2021-02-04,2021-01-04,550.0,492.0,440.0,454.0,472.0,492.0,516.0,540.0,560.0
2021-02-05,2021-01-05,548.5,508.0,448.0,462.0,482.0,508.0,536.0,568.0,596.0
2021-02-08,2021-01-06,563.75,512.0,452.0,470.0,490.0,512.0,544.0,572.0,596.0
2021-02-09,2021-01-07,556.25,512.0,448.0,464.0,488.0,512.0,544.0,572.0,592.0
2021-02-10,2021-01-08,534.5,516.0,454.0,470.0,490.0,516.0,540.0,568.0,592.0
2021-02-11,2021-01-11,541.0,502.0,446.0,462.0,480.0,502.0,524.0,544.0,564.0
2021-02-12,2021-01-12,538.75,532.0,456.0,474.0,502.0,532.0,560.0,600.0,628.0
2021-02-16,2021-01-13,552.25,548.0,462.0,486.0,516.0,548.0,584.0,628.0,660.0
2021-02-17,2021-01-14,553.0,552.0,464.0,488.0,520.0,552.0,592.0,636.0,668.0
2021-02-18,2021-01-15,550.25,556.0,470.0,492.0,520.0,556.0,592.0,636.0,664.0
2021-02-19,2021-01-19,542.75,544.0,470.0,490.0,512.0,544.0,580.0,620.0,648.0
2021-02-22,2021-01-20,551.0,524.0,454.0,472.0,496.0,524.0,556.0,588.0,608.0
2021-02-23,2021-01-21,553.75,528.0,460.0,480.0,504.0,528.0,556.0,588.0,616.0
2021-02-24,2021-01-22,559.25,492.0,420.0,440.0,466.0,492.0,516.0,544.0,564.0
2021-02-25,2021-01-25,554.75,516.0,454.0,470.0,492.0,516.0,540.0,564.0,580.0
2021-02-26,2021-01-26,555.5,532.0,472.0,488.0,510.0,532.0,560.0,592.0,612.0
2021-03-01,2021-01-27,547.5,540.0,480.0,496.0,516.0,540.0,568.0,592.0,616.0
2021-03-02,2021-01-28,560.75,544.0,482.0,498.0,520.0,544.0,572.0,600.0,620.0
2021-03-03,2021-01-29,550.25,556.0,490.0,508.0,532.0,556.0,588.0,616.0,636.0
2021-03-04,2021-02-01,546.25,560.0,488.0,508.0,532.0,560.0,588.0,620.0,636.0
2021-03-05,2021-02-02,562.0,548.0,488.0,504.0,528.0,548.0,580.0,604.0,620.0
2021-03-08,2021-02-03,565.0,560.0,496.0,512.0,540.0,560.0,592.0,620.0,640.0
2021-03-09,2021-02-04,562.0,548.0,488.0,504.0,528.0,548.0,576.0,604.0,620.0
2021-03-10,2021-02-05,547.75,552.0,486.0,504.0,524.0,552.0,576.0,604.0,620.0
2021-03-11,2021-02-08,555.0,568.0,496.0,516.0,540.0,568.0,596.0,620.0,640.0
2021-03-12,2021-02-09,549.25,564.0,498.0,516.0,540.0,564.0,588.0,608.0,628.0
2021-03-15,2021-02-10,549.5,536.0,470.0,486.0,510.0,536.0,564.0,588.0,608.0
2021-03-16,2021-02-11,554.25,540.0,476.0,492.0,516.0,540.0,564.0,588.0,608.0
2021-03-17,2021-02-12,558.0,536.0,476.0,492.0,512.0,536.0,560.0,580.0,604.0
2021-03-18,2021-02-16,546.5,556.0,490.0,506.0,532.0,556.0,584.0,608.0,628.0
2021-03-19,2021-02-17,557.75,556.0,496.0,510.0,532.0,556.0,584.0,612.0,628.0
2021-03-22,2021-02-18,549.0,552.0,492.0,506.0,524.0,552.0,572.0,600.0,616.0
2021-03-23,2021-02-19,551.25,544.0,488.0,502.0,520.0,544.0,568.0,592.0,604.0
2021-03-24,2021-02-22,553.25,552.0,492.0,506.0,528.0,552.0,576.0,600.0,616.0
2021-03-25,2021-02-23,546.5,552.0,494.0,508.0,528.0,552.0,576.0,600.0,616.0
2021-03-26,2021-02-24,552.5,564.0,500.0,516.0,540.0,564.0,588.0,612.0,628.0
2021-03-29,2021-02-25,546.75,560.0,500.0,516.0,536.0,560.0,584.0,608.0,624.0
2021-03-30,2021-02-26,539.25,560.0,504.0,516.0,536.0,560.0,588.0,608.0,628.0
2021-03-31,2021-03-01,564.25,548.0,490.0,504.0,524.0,548.0,572.0,596.0,608.0
2021-04-01,2021-03-02,559.75,560.0,498.0,516.0,536.0,560.0,588.0,612.0,624.0
2021-04-05,2021-03-03,553.25,548.0,488.0,504.0,524.0,548.0,568.0,592.0,604.0
2021-04-06,2021-03-04,554.25,540.0,480.0,496.0,516.0,540.0,564.0,584.0,600.0
2021-04-07,2021-03-05,560.5,560.0,494.0,512.0,532.0,560.0,588.0,616.0,636.0
2021-04-08,2021-03-08,579.75,564.0,500.0,516.0,536.0,564.0,592.0,620.0,636.0
2021-04-09,2021-03-09,577.25,564.0,508.0,520.0,544.0,564.0,592.0,616.0,636.0
2021-04-12,2021-03-10,569.0,552.0,494.0,508.0,528.0,552.0,576.0,600.0,616.0
2021-04-13,2021-03-11,580.0,556.0,500.0,512.0,532.0,556.0,580.0,608.0,620.0
2021-04-14,2021-03-12,594.0,548.0,494.0,510.0,528.0,548.0,572.0,596.0,612.0
2021-04-15,2021-03-15,590.0,552.0,498.0,510.0,528.0,552.0,572.0,596.0,612.0
2021-04-16,2021-03-16,585.5,556.0,500.0,512.0,532.0,556.0,580.0,604.0,620.0
2021-04-19,2021-03-17,592.0,556.0,498.0,512.0,536.0,556.0,580.0,604.0,620.0
2021-04-20,2021-03-18,606.5,548.0,490.0,504.0,524.0,548.0,568.0,592.0,608.0
2021-04-21,2021-03-19,625.5,564.0,502.0,516.0,540.0,564.0,588.0,616.0,632.0
2021-04-22,2021-03-22,650.5,556.0,500.0,512.0,532.0,556.0,576.0,600.0,616.0
2021-04-23,2021-03-23,655.5,552.0,498.0,510.0,532.0,552.0,576.0,596.0,616.0
2021-04-26,2021-03-24,680.5,552.0,496.0,512.0,532.0,552.0,576.0,596.0,616.0
2021-04-27,2021-03-25,695.5,544.0,486.0,502.0,520.0,544.0,564.0,584.0,600.0
2021-04-28,2021-03-26,686.25,552.0,494.0,508.0,532.0,552.0,576.0,600.0,616.0
2021-04-29,2021-03-29,702.0,548.0,488.0,502.0,524.0,548.0,572.0,596.0,616.0
2021-04-30,2021-03-30,740.0,536.0,478.0,492.0,516.0,536.0,560.0,584.0,596.0
2021-05-03,2021-03-31,732.25,564.0,504.0,516.0,540.0,564.0,588.0,620.0,636.0
2021-05-04,2021-04-01,744.75,564.0,506.0,520.0,540.0,564.0,588.0,616.0,632.0
2021-05-05,2021-04-05,753.25,560.0,506.0,520.0,536.0,560.0,584.0,608.0,624.0
2021-05-06,2021-04-06,759.5,556.0,506.0,516.0,536.0,556.0,580.0,604.0,616.0
2021-05-07,2021-04-07,772.75,564.0,512.0,524.0,544.0,564.0,588.0,612.0,628.0
2021-05-10,2021-04-08,748.0,584.0,524.0,536.0,560.0,584.0,612.0,640.0,660.0
2021-05-11,2021-04-09,759.5,580.0,516.0,532.0,556.0,580.0,608.0,640.0,660.0
2021-05-12,2021-04-12,757.5,572.0,510.0,524.0,548.0,572.0,596.0,624.0,644.0
2021-05-13,2021-04-13,719.0,588.0,520.0,536.0,560.0,588.0,612.0,644.0,664.0
2021-05-14,2021-04-14,685.0,600.0,536.0,552.0,576.0,600.0,632.0,664.0,680.0
2021-05-17,2021-04-15,652.5,600.0,536.0,552.0,576.0,600.0,628.0,656.0,672.0
2021-05-18,2021-04-16,658.25,596.0,532.0,548.0,572.0,596.0,624.0,652.0,672.0
2021-05-19,2021-04-19,658.25,600.0,532.0,552.0,572.0,600.0,624.0,652.0,668.0
2021-05-20,2021-04-20,664.5,624.0,552.0,568.0,596.0,624.0,656.0,684.0,708.0
2021-05-21,2021-04-21,659.5,660.0,576.0,596.0,624.0,660.0,700.0,736.0,764.0
2021-05-24,2021-04-22,657.25,676.0,588.0,608.0,636.0,676.0,724.0,772.0,812.0
2021-05-25,2021-04-23,620.25,680.0,600.0,620.0,648.0,680.0,716.0,756.0,784.0
2021-05-26,2021-04-26,624.5,704.0,608.0,628.0,660.0,704.0,748.0,796.0,836.0
2021-05-27,2021-04-27,664.5,728.0,628.0,648.0,688.0,728.0,784.0,848.0,912.0
2021-05-28,2021-04-28,656.75,716.0,624.0,644.0,676.0,716.0,760.0,808.0,844.0
2021-06-01,2021-04-29,688.75,732.0,632.0,656.0,692.0,732.0,776.0,820.0,864.0
2021-06-02,2021-04-30,675.0,796.0,664.0,700.0,744.0,796.0,864.0,952.0,1024.0
2021-06-03,2021-05-03,662.0,792.0,668.0,696.0,740.0,792.0,860.0,920.0,972.0
2021-06-04,2021-05-04,682.75,812.0,676.0,704.0,756.0,812.0,884.0,964.0,1032.0
2021-06-07,2021-05-05,679.25,828.0,688.0,720.0,772.0,828.0,900.0,984.0,1040.0
2021-06-08,2021-05-06,680.0,864.0,704.0,744.0,804.0,864.0,948.0,1032.0,1120.0
2021-06-09,2021-05-07,690.75,888.0,712.0,760.0,824.0,888.0,980.0,1096.0,1192.0
2021-06-10,2021-05-10,699.0,780.0,664.0,688.0,736.0,780.0,836.0,888.0,928.0
2021-06-11,2021-05-11,684.5,792.0,672.0,704.0,744.0,792.0,836.0,904.0,944.0
2021-06-14,2021-05-12,659.25,768.0,664.0,692.0,728.0,768.0,816.0,864.0,904.0
2021-06-15,2021-05-13,667.5,712.0,600.0,632.0,672.0,712.0,760.0,808.0,848.0
2021-06-16,2021-05-14,673.0,656.0,524.0,560.0,608.0,656.0,700.0,760.0,812.0
2021-06-17,2021-05-17,633.0,624.0,394.0,476.0,564.0,624.0,676.0,732.0,780.0
2021-06-18,2021-05-18,655.25,676.0,556.0,592.0,632.0,676.0,720.0,772.0,808.0
2021-06-21,2021-05-19,659.25,664.0,556.0,584.0,624.0,664.0,708.0,756.0,796.0
2021-06-22,2021-05-20,659.75,680.0,580.0,608.0,640.0,680.0,724.0,764.0,800.0
2021-06-23,2021-05-21,664.25,672.0,576.0,600.0,632.0,672.0,708.0,752.0,784.0
2021-06-24,2021-05-24,653.25,668.0,564.0,588.0,624.0,668.0,708.0,756.0,788.0
2021-06-25,2021-05-25,636.5,636.0,508.0,544.0,592.0,636.0,680.0,728.0,768.0
2021-06-28,2021-05-26,675.5,640.0,528.0,560.0,596.0,640.0,684.0,732.0,764.0
2021-06-29,2021-05-27,694.5,680.0,564.0,596.0,636.0,680.0,728.0,788.0,828.0
2021-06-30,2021-05-28,720.0,672.0,564.0,596.0,632.0,672.0,716.0,768.0,804.0
2021-07-01,2021-06-01,719.75,708.0,576.0,608.0,656.0,708.0,768.0,836.0,900.0
2021-07-02,2021-06-02,697.25,692.0,584.0,612.0,648.0,692.0,736.0,788.0,824.0
2021-07-06,2021-06-03,656.0,680.0,572.0,600.0,640.0,680.0,724.0,772.0,808.0
2021-07-07,2021-06-04,652.5,700.0,588.0,620.0,656.0,700.0,744.0,800.0,844.0
2021-07-08,2021-06-07,638.0,688.0,588.0,616.0,652.0,688.0,732.0,780.0,816.0
2021-07-09,2021-06-08,629.75,684.0,584.0,612.0,644.0,684.0,732.0,784.0,824.0
2021-07-12,2021-06-09,669.25,708.0,596.0,628.0,664.0,708.0,752.0,808.0,848.0
2021-07-13,2021-06-10,677.0,720.0,604.0,632.0,676.0,720.0,768.0,824.0,864.0
2021-07-14,2021-06-11,683.0,696.0,588.0,620.0,656.0,696.0,740.0,788.0,828.0
2021-07-15,2021-06-14,564.25,672.0,552.0,584.0,628.0,672.0,720.0,772.0,812.0
2021-07-16,2021-06-15,556.0,680.0,568.0,600.0,636.0,680.0,724.0,784.0,820.0
2021-07-19,2021-06-16,556.0,684.0,576.0,604.0,644.0,684.0,732.0,788.0,828.0
2021-07-20,2021-06-17,571.75,644.0,506.0,544.0,592.0,644.0,692.0,744.0,788.0
2021-07-21,2021-06-18,571.75,672.0,552.0,584.0,628.0,672.0,720.0,768.0,808.0
2021-07-22,2021-06-21,564.5,672.0,560.0,588.0,628.0,672.0,716.0,764.0,796.0
2021-07-23,2021-06-22,547.25,676.0,568.0,596.0,632.0,676.0,716.0,764.0,804.0
2021-07-26,2021-06-23,549.75,680.0,576.0,608.0,644.0,680.0,724.0,768.0,812.0
2021-07-27,2021-06-24,548.75,668.0,560.0,592.0,628.0,668.0,708.0,748.0,780.0
2021-07-28,2021-06-25,549.25,644.0,540.0,568.0,608.0,644.0,684.0,728.0,760.0
2021-07-29,2021-06-28,558.0,688.0,564.0,604.0,644.0,688.0,736.0,788.0,840.0
2021-07-30,2021-06-29,547.0,712.0,588.0,624.0,668.0,712.0,764.0,824.0,872.0
2021-08-02,2021-06-30,558.75,736.0,604.0,640.0,684.0,736.0,796.0,868.0,912.0
2021-08-03,2021-07-01,550.5,740.0,596.0,640.0,688.0,740.0,792.0,856.0,900.0
2021-08-04,2021-07-02,545.75,708.0,564.0,604.0,656.0,708.0,768.0,828.0,872.0
2021-08-05,2021-07-06,555.75,668.0,512.0,552.0,612.0,668.0,720.0,784.0,836.0
2021-08-06,2021-07-07,555.0,672.0,528.0,568.0,620.0,672.0,732.0,788.0,844.0
2021-08-09,2021-07-08,550.25,648.0,520.0,552.0,600.0,648.0,696.0,756.0,804.0
2021-08-10,2021-07-09,549.25,632.0,506.0,540.0,584.0,632.0,684.0,740.0,784.0
2021-08-11,2021-07-12,556.25,692.0,532.0,572.0,632.0,692.0,760.0,824.0,876.0
2021-08-12,2021-07-13,567.0,692.0,552.0,592.0,640.0,692.0,748.0,812.0,860.0
2021-08-13,2021-07-14,568.25,700.0,556.0,596.0,648.0,700.0,760.0,824.0,876.0
2021-08-16,2021-07-15,564.75,596.0,416.0,460.0,524.0,596.0,664.0,740.0,800.0
2021-08-17,2021-07-16,558.25,596.0,434.0,474.0,536.0,596.0,668.0,736.0,800.0
2021-08-18,2021-07-19,561.75,576.0,448.0,478.0,524.0,576.0,628.0,692.0,736.0
2021-08-19,2021-07-20,550.0,576.0,452.0,482.0,528.0,576.0,632.0,696.0,744.0
2021-08-20,2021-07-21,538.75,576.0,464.0,492.0,532.0,576.0,624.0,684.0,728.0
2021-08-23,2021-07-22,538.0,572.0,456.0,484.0,528.0,572.0,620.0,688.0,744.0
2021-08-24,2021-07-23,544.5,544.0,426.0,458.0,500.0,544.0,596.0,664.0,720.0
2021-08-25,2021-07-26,551.25,548.0,434.0,462.0,504.0,548.0,604.0,668.0,720.0
2021-08-26,2021-07-27,552.75,548.0,448.0,474.0,510.0,548.0,596.0,652.0,704.0
2021-08-27,2021-07-28,558.0,552.0,456.0,482.0,516.0,552.0,596.0,656.0,708.0
2021-08-30,2021-07-29,540.25,564.0,466.0,492.0,528.0,564.0,616.0,684.0,748.0
2021-08-31,2021-07-30,534.0,548.0,450.0,476.0,510.0,548.0,596.0,652.0,708.0
2021-09-01,2021-08-02,515.5,560.0,462.0,486.0,524.0,560.0,608.0,668.0,724.0
2021-09-02,2021-08-03,516.25,552.0,464.0,488.0,516.0,552.0,592.0,652.0,708.0
2021-09-03,2021-08-04,508.0,544.0,464.0,486.0,512.0,544.0,584.0,636.0,688.0
2021-09-07,2021-08-05,495.75,552.0,466.0,488.0,516.0,552.0,596.0,656.0,712.0
2021-09-08,2021-08-06,498.25,556.0,484.0,504.0,528.0,556.0,588.0,636.0,688.0
2021-09-09,2021-08-09,496.0,556.0,480.0,502.0,528.0,556.0,588.0,644.0,692.0
2021-09-10,2021-08-10,502.75,556.0,486.0,506.0,532.0,556.0,588.0,640.0,692.0
2021-09-13,2021-08-11,496.75,560.0,498.0,516.0,540.0,560.0,588.0,636.0,684.0
2021-09-14,2021-08-12,503.0,576.0,516.0,536.0,556.0,576.0,604.0,648.0,692.0
2021-09-15,2021-08-13,533.5,584.0,524.0,540.0,564.0,584.0,612.0,656.0,704.0
2021-09-16,2021-08-16,529.5,584.0,524.0,540.0,560.0,584.0,612.0,664.0,716.0
2021-09-17,2021-08-17,527.25,572.0,508.0,528.0,548.0,572.0,600.0,648.0,704.0
2021-09-20,2021-08-18,521.75,572.0,512.0,528.0,552.0,572.0,604.0,660.0,720.0
2021-09-21,2021-08-19,517.0,560.0,500.0,520.0,540.0,560.0,592.0,644.0,700.0
2021-09-22,2021-08-20,525.5,548.0,480.0,500.0,524.0,548.0,580.0,636.0,692.0
2021-09-23,2021-08-23,529.25,544.0,472.0,492.0,516.0,544.0,576.0,624.0,672.0
2021-09-24,2021-08-24,526.75,544.0,472.0,492.0,520.0,544.0,576.0,620.0,664.0
2021-09-27,2021-08-25,539.5,548.0,488.0,504.0,528.0,548.0,580.0,616.0,652.0
2021-09-28,2021-08-26,532.5,552.0,494.0,510.0,528.0,552.0,580.0,624.0,664.0
2021-09-29,2021-08-27,539.0,556.0,494.0,512.0,532.0,556.0,588.0,636.0,684.0
2021-09-30,2021-08-30,536.75,540.0,474.0,492.0,516.0,540.0,568.0,608.0,648.0
2021-10-01,2021-08-31,541.5,536.0,468.0,486.0,510.0,536.0,564.0,604.0,652.0
2021-10-04,2021-09-01,540.75,512.0,430.0,454.0,484.0,512.0,544.0,588.0,628.0
2021-10-05,2021-09-02,537.5,512.0,434.0,456.0,484.0,512.0,544.0,580.0,616.0
2021-10-06,2021-09-03,532.25,498.0,412.0,436.0,468.0,498.0,532.0,568.0,596.0
2021-10-07,2021-09-07,534.0,484.0,382.0,410.0,448.0,484.0,520.0,564.0,600.0
2021-10-08,2021-09-08,530.5,494.0,408.0,432.0,464.0,494.0,528.0,568.0,608.0
2021-10-11,2021-09-09,533.0,488.0,406.0,430.0,460.0,488.0,520.0,564.0,612.0
2021-10-12,2021-09-10,522.5,504.0,430.0,450.0,476.0,504.0,536.0,572.0,612.0
2021-10-13,2021-09-13,512.25,498.0,422.0,442.0,470.0,498.0,528.0,564.0,604.0
2021-10-14,2021-09-14,516.75,504.0,436.0,452.0,478.0,504.0,536.0,572.0,608.0
2021-10-15,2021-09-15,525.75,524.0,444.0,464.0,492.0,524.0,564.0,612.0,656.0
2021-10-18,2021-09-16,532.75,520.0,440.0,460.0,488.0,520.0,556.0,596.0,632.0
2021-10-19,2021-09-17,530.25,524.0,450.0,468.0,494.0,524.0,556.0,592.0,620.0
2021-10-20,2021-09-20,539.25,520.0,452.0,468.0,494.0,520.0,552.0,588.0,612.0
2021-10-21,2021-09-21,532.25,510.0,436.0,456.0,482.0,510.0,540.0,580.0,612.0
2021-10-22,2021-09-22,538.0,520.0,454.0,470.0,494.0,520.0,552.0,592.0,628.0
2021-10-25,2021-09-23,538.0,528.0,462.0,478.0,502.0,528.0,560.0,604.0,648.0
2021-10-26,2021-09-24,543.5,528.0,462.0,480.0,502.0,528.0,560.0,600.0,644.0
2021-10-27,2021-09-27,557.25,540.0,474.0,492.0,516.0,540.0,576.0,620.0,660.0
2021-10-28,2021-09-28,562.75,536.0,470.0,486.0,508.0,536.0,564.0,600.0,632.0
2021-10-29,2021-09-29,568.25,544.0,476.0,492.0,516.0,544.0,580.0,624.0,664.0
2021-11-01,2021-09-30,579.0,544.0,480.0,496.0,520.0,544.0,580.0,628.0,676.0
2021-11-02,2021-10-01,573.0,552.0,482.0,500.0,524.0,552.0,588.0,644.0,696.0
2021-11-03,2021-10-04,564.0,548.0,486.0,502.0,524.0,548.0,580.0,624.0,664.0
2021-11-04,2021-10-05,559.25,548.0,486.0,502.0,524.0,548.0,576.0,616.0,652.0
2021-11-05,2021-10-06,553.0,540.0,484.0,498.0,520.0,540.0,568.0,608.0,644.0
2021-11-08,2021-10-07,551.5,540.0,482.0,498.0,520.0,540.0,568.0,608.0,644.0
2021-11-09,2021-10-08,554.75,532.0,470.0,486.0,508.0,532.0,560.0,596.0,628.0
2021-11-10,2021-10-11,569.25,532.0,476.0,492.0,510.0,532.0,556.0,592.0,624.0
2021-11-11,2021-10-12,569.5,520.0,458.0,474.0,496.0,520.0,548.0,576.0,600.0
2021-11-12,2021-10-13,577.25,504.0,428.0,448.0,476.0,504.0,536.0,568.0,596.0
2021-11-15,2021-10-14,576.5,516.0,450.0,466.0,490.0,516.0,544.0,576.0,608.0
2021-11-16,2021-10-15,571.0,524.0,458.0,476.0,498.0,524.0,552.0,588.0,620.0
2021-11-17,2021-10-18,575.25,532.0,470.0,486.0,508.0,532.0,564.0,600.0,640.0
2021-11-18,2021-10-19,573.0,528.0,466.0,482.0,502.0,528.0,556.0,588.0,620.0
2021-11-19,2021-10-20,570.75,536.0,476.0,490.0,510.0,536.0,564.0,600.0,628.0
2021-11-22,2021-10-21,576.75,532.0,472.0,486.0,508.0,532.0,560.0,592.0,616.0
2021-11-23,2021-10-22,580.5,540.0,482.0,496.0,516.0,540.0,568.0,604.0,636.0
2021-11-24,2021-10-25,579.75,536.0,478.0,492.0,512.0,536.0,564.0,596.0,628.0
2021-11-26,2021-10-26,586.75,548.0,486.0,502.0,520.0,548.0,576.0,612.0,640.0
2021-11-29,2021-10-27,581.0,564.0,504.0,520.0,540.0,564.0,600.0,640.0,680.0
2021-11-30,2021-10-28,567.0,576.0,512.0,528.0,548.0,576.0,612.0,660.0,708.0
2021-12-01,2021-10-29,572.0,580.0,516.0,532.0,552.0,580.0,612.0,660.0,704.0
2021-12-02,2021-11-01,577.0,592.0,520.0,536.0,560.0,592.0,632.0,688.0,740.0
2021-12-03,2021-11-02,586.0,576.0,516.0,528.0,552.0,576.0,612.0,656.0,700.0
2021-12-06,2021-11-03,583.5,572.0,510.0,524.0,548.0,572.0,604.0,640.0,672.0
2021-12-07,2021-11-04,586.25,568.0,496.0,516.0,540.0,568.0,604.0,644.0,684.0
2021-12-08,2021-11-05,584.75,560.0,490.0,508.0,532.0,560.0,592.0,628.0,660.0
2021-12-09,2021-11-08,588.5,556.0,486.0,504.0,528.0,556.0,588.0,628.0,664.0
2021-12-10,2021-11-09,588.5,564.0,498.0,516.0,540.0,564.0,596.0,632.0,664.0
2021-12-13,2021-11-10,584.25,580.0,510.0,528.0,552.0,580.0,612.0,652.0,684.0
2021-12-14,2021-11-11,588.75,576.0,510.0,528.0,552.0,576.0,608.0,644.0,676.0
2021-12-15,2021-11-12,585.75,592.0,516.0,536.0,564.0,592.0,628.0,672.0,708.0
2021-12-16,2021-11-15,591.25,592.0,520.0,536.0,564.0,592.0,628.0,672.0,704.0
2021-12-17,2021-11-16,593.25,580.0,512.0,528.0,552.0,580.0,612.0,652.0,680.0
2021-12-20,2021-11-17,591.0,588.0,520.0,536.0,560.0,588.0,620.0,660.0,696.0
2021-12-21,2021-11-18,598.25,588.0,524.0,540.0,564.0,588.0,620.0,656.0,692.0
2021-12-22,2021-11-19,602.5,588.0,524.0,540.0,560.0,588.0,616.0,652.0,688.0
2021-12-23,2021-11-22,605.75,592.0,532.0,548.0,572.0,592.0,620.0,660.0,696.0
2021-12-27,2021-11-23,614.75,596.0,532.0,552.0,572.0,596.0,628.0,664.0,704.0
2021-12-28,2021-11-24,604.75,592.0,536.0,552.0,572.0,592.0,616.0,652.0,680.0
2021-12-29,2021-11-26,605.5,604.0,544.0,564.0,584.0,604.0,632.0,664.0,696.0
2021-12-30,2021-11-29,596.0,600.0,532.0,552.0,576.0,600.0,628.0,660.0,692.0
2021-12-31,2021-11-30,593.25,584.0,516.0,532.0,556.0,584.0,612.0,648.0,684.0
2022-01-03,2021-12-01,589.25,588.0,524.0,540.0,564.0,588.0,620.0,660.0,696.0
2022-01-04,2021-12-02,609.5,592.0,524.0,544.0,568.0,592.0,620.0,664.0,704.0
2022-01-05,2021-12-03,602.25,604.0,536.0,552.0,576.0,604.0,632.0,680.0,728.0
2022-01-06,2021-12-06,603.75,596.0,532.0,548.0,572.0,596.0,628.0,676.0,728.0
2022-01-07,2021-12-07,606.75,604.0,532.0,552.0,576.0,604.0,632.0,676.0,724.0
2022-01-10,2021-12-08,599.75,596.0,536.0,552.0,572.0,596.0,632.0,676.0,720.0
2022-01-11,2021-12-09,601.0,604.0,540.0,556.0,576.0,604.0,632.0,672.0,708.0
2022-01-12,2021-12-10,599.0,604.0,536.0,556.0,576.0,604.0,632.0,672.0,712.0
2022-01-13,2021-12-13,587.5,600.0,536.0,556.0,576.0,600.0,628.0,664.0,700.0
2022-01-14,2021-12-14,596.25,608.0,544.0,564.0,584.0,608.0,632.0,668.0,704.0
2022-01-18,2021-12-15,599.5,604.0,544.0,560.0,580.0,604.0,628.0,660.0,688.0
2022-01-19,2021-12-16,610.5,608.0,548.0,564.0,584.0,608.0,632.0,672.0,704.0
2022-01-20,2021-12-17,611.0,608.0,552.0,568.0,588.0,608.0,632.0,660.0,692.0
2022-01-21,2021-12-20,616.25,608.0,556.0,568.0,588.0,608.0,628.0,656.0,680.0
2022-01-24,2021-12-21,621.0,616.0,552.0,572.0,592.0,616.0,640.0,672.0,704.0
2022-01-25,2021-12-22,620.0,624.0,552.0,572.0,596.0,624.0,656.0,696.0,744.0
2022-01-26,2021-12-23,627.0,628.0,556.0,580.0,604.0,628.0,660.0,704.0,752.0
2022-01-27,2021-12-27,625.25,640.0,568.0,588.0,612.0,640.0,668.0,716.0,768.0
2022-01-28,2021-12-28,636.0,624.0,556.0,576.0,600.0,624.0,652.0,696.0,736.0
2022-01-31,2021-12-29,626.0,620.0,552.0,572.0,596.0,620.0,652.0,692.0,732.0
2022-02-01,2021-12-30,634.75,612.0,536.0,560.0,584.0,612.0,640.0,684.0,724.0
2022-02-02,2021-12-31,622.5,608.0,544.0,560.0,584.0,608.0,640.0,680.0,728.0
2022-02-03,2022-01-03,616.75,600.0,536.0,552.0,576.0,600.0,632.0,672.0,708.0
2022-02-04,2022-01-04,620.5,620.0,556.0,572.0,596.0,620.0,652.0,696.0,748.0
2022-02-07,2022-01-05,635.25,620.0,552.0,572.0,592.0,620.0,648.0,688.0,732.0
2022-02-08,2022-01-06,632.25,624.0,560.0,580.0,600.0,624.0,652.0,696.0,736.0
2022-02-09,2022-01-07,646.75,624.0,564.0,580.0,600.0,624.0,652.0,684.0,720.0
2022-02-10,2022-01-10,641.75,616.0,552.0,572.0,592.0,616.0,644.0,684.0,720.0
2022-02-11,2022-01-11,651.0,612.0,556.0,572.0,592.0,612.0,640.0,668.0,700.0
2022-02-14,2022-01-12,655.75,612.0,556.0,572.0,592.0,612.0,636.0,664.0,696.0
2022-02-15,2022-01-13,638.0,604.0,540.0,556.0,580.0,604.0,628.0,664.0,700.0
2022-02-16,2022-01-14,647.0,608.0,544.0,560.0,584.0,608.0,636.0,676.0,712.0
2022-02-17,2022-01-18,650.0,612.0,552.0,568.0,588.0,612.0,640.0,688.0,732.0
2022-02-18,2022-01-19,654.25,628.0,560.0,580.0,604.0,628.0,660.0,708.0,760.0
2022-02-22,2022-01-20,674.75,632.0,560.0,580.0,604.0,632.0,660.0,704.0,748.0
2022-02-23,2022-01-21,683.75,636.0,568.0,584.0,608.0,636.0,668.0,712.0,756.0
2022-02-24,2022-01-24,695.0,640.0,568.0,588.0,612.0,640.0,672.0,720.0,768.0
2022-02-25,2022-01-25,659.5,636.0,572.0,588.0,612.0,636.0,668.0,708.0,756.0
2022-02-28,2022-01-26,697.5,640.0,576.0,596.0,616.0,640.0,672.0,716.0,760.0
2022-03-01,2022-01-27,739.75,636.0,576.0,592.0,616.0,636.0,664.0,708.0,752.0
2022-03-02,2022-01-28,739.0,652.0,584.0,604.0,624.0,652.0,688.0,736.0,792.0
2022-03-03,2022-01-31,751.25,652.0,584.0,600.0,624.0,652.0,688.0,744.0,796.0
2022-03-04,2022-02-01,756.5,684.0,600.0,620.0,644.0,684.0,736.0,804.0,864.0
2022-03-07,2022-02-02,749.25,660.0,584.0,600.0,628.0,660.0,700.0,764.0,824.0
2022-03-08,2022-02-03,754.5,644.0,580.0,596.0,616.0,644.0,672.0,716.0,752.0
2022-03-09,2022-02-04,735.0,644.0,580.0,600.0,620.0,644.0,672.0,716.0,756.0
2022-03-10,2022-02-07,757.75,664.0,588.0,608.0,632.0,664.0,712.0,784.0,848.0
2022-03-11,2022-02-08,764.5,648.0,584.0,600.0,624.0,648.0,676.0,716.0,752.0
2022-03-14,2022-02-09,728.25,668.0,596.0,616.0,640.0,668.0,700.0,748.0,800.0
2022-03-15,2022-02-10,758.0,660.0,592.0,608.0,632.0,660.0,692.0,732.0,776.0
2022-03-16,2022-02-11,730.0,672.0,600.0,620.0,644.0,672.0,700.0,744.0,780.0
2022-03-17,2022-02-14,754.5,672.0,600.0,620.0,648.0,672.0,704.0,740.0,772.0
2022-03-18,2022-02-15,741.75,656.0,584.0,604.0,628.0,656.0,684.0,720.0,752.0
2022-03-21,2022-02-16,756.25,664.0,596.0,616.0,636.0,664.0,692.0,728.0,760.0
2022-03-22,2022-02-17,753.0,664.0,596.0,616.0,640.0,664.0,696.0,732.0,760.0
2022-03-23,2022-02-18,757.75,668.0,600.0,620.0,640.0,668.0,700.0,736.0,768.0
2022-03-24,2022-02-22,748.25,696.0,620.0,640.0,664.0,696.0,736.0,792.0,840.0
2022-03-25,2022-02-23,754.0,716.0,632.0,656.0,680.0,716.0,752.0,808.0,852.0
2022-03-28,2022-02-24,748.5,732.0,652.0,672.0,700.0,732.0,772.0,824.0,872.0
2022-03-29,2022-02-25,726.25,688.0,616.0,636.0,660.0,688.0,720.0,760.0,792.0
2022-03-30,2022-02-28,738.0,716.0,632.0,652.0,680.0,716.0,752.0,804.0,840.0
2022-03-31,2022-03-01,748.75,776.0,664.0,692.0,728.0,776.0,848.0,940.0,1016.0
2022-04-01,2022-03-02,735.0,772.0,644.0,676.0,716.0,772.0,832.0,920.0,992.0
2022-04-04,2022-03-03,750.5,784.0,656.0,688.0,732.0,784.0,848.0,940.0,1012.0
2022-04-05,2022-03-04,759.75,788.0,664.0,696.0,740.0,788.0,844.0,920.0,984.0
2022-04-06,2022-03-07,756.5,772.0,652.0,684.0,728.0,772.0,828.0,896.0,956.0
2022-04-07,2022-03-08,757.75,780.0,668.0,700.0,740.0,780.0,824.0,876.0,924.0
2022-04-08,2022-03-09,768.75,756.0,644.0,676.0,716.0,756.0,800.0,840.0,876.0
2022-04-11,2022-03-10,764.5,780.0,656.0,688.0,732.0,780.0,828.0,888.0,944.0
2022-04-12,2022-03-11,776.25,788.0,672.0,704.0,744.0,788.0,836.0,896.0,940.0
2022-04-13,2022-03-14,783.5,752.0,628.0,660.0,704.0,752.0,800.0,856.0,900.0
2022-04-14,2022-03-15,790.25,776.0,656.0,688.0,728.0,776.0,828.0,896.0,952.0
2022-04-18,2022-03-16,813.25,756.0,636.0,664.0,712.0,756.0,808.0,868.0,912.0
2022-04-19,2022-03-17,804.0,776.0,668.0,696.0,732.0,776.0,824.0,876.0,916.0
2022-04-20,2022-03-18,815.75,760.0,672.0,696.0,728.0,760.0,796.0,836.0,868.0
2022-04-21,2022-03-21,799.25,784.0,692.0,712.0,748.0,784.0,824.0,868.0,908.0
2022-04-22,2022-03-22,793.0,772.0,692.0,712.0,740.0,772.0,804.0,844.0,872.0
2022-04-25,2022-03-23,800.25,788.0,700.0,724.0,756.0,788.0,816.0,852.0,876.0
2022-04-26,2022-03-24,803.25,776.0,688.0,712.0,744.0,776.0,808.0,848.0,876.0
2022-04-27,2022-03-25,815.5,780.0,692.0,716.0,748.0,780.0,812.0,856.0,888.0
2022-04-28,2022-03-28,816.0,776.0,684.0,712.0,740.0,776.0,808.0,848.0,888.0
2022-04-29,2022-03-29,818.25,752.0,644.0,676.0,716.0,752.0,788.0,832.0,872.0
2022-05-02,2022-03-30,813.0,760.0,664.0,692.0,728.0,760.0,792.0,828.0,860.0
2022-05-03,2022-03-31,800.75,760.0,668.0,696.0,732.0,760.0,796.0,832.0,864.0
2022-05-04,2022-04-01,798.5,752.0,652.0,684.0,720.0,752.0,788.0,828.0,856.0
2022-05-05,2022-04-04,803.75,764.0,672.0,696.0,728.0,764.0,800.0,844.0,876.0
2022-05-06,2022-04-05,792.25,772.0,680.0,704.0,740.0,772.0,812.0,856.0,892.0
2022-05-09,2022-04-06,784.5,772.0,676.0,704.0,740.0,772.0,808.0,856.0,900.0
2022-05-10,2022-04-07,786.5,768.0,688.0,712.0,740.0,768.0,800.0,840.0,872.0
2022-05-11,2022-04-08,802.25,784.0,696.0,724.0,752.0,784.0,820.0,864.0,892.0
2022-05-12,2022-04-11,813.5,776.0,700.0,724.0,748.0,776.0,804.0,840.0,864.0
2022-05-13,2022-04-12,794.5,796.0,712.0,736.0,764.0,796.0,828.0,872.0,904.0
2022-05-16,2022-04-13,809.5,800.0,716.0,740.0,768.0,800.0,832.0,868.0,896.0
2022-05-17,2022-04-14,800.75,808.0,728.0,748.0,776.0,808.0,840.0,876.0,900.0
2022-05-18,2022-04-18,781.5,832.0,732.0,756.0,792.0,832.0,872.0,928.0,972.0
2022-05-19,2022-04-19,783.25,832.0,736.0,764.0,792.0,832.0,872.0,924.0,960.0
2022-05-20,2022-04-20,778.75,840.0,740.0,768.0,804.0,840.0,888.0,944.0,1000.0
2022-05-23,2022-04-21,786.25,828.0,732.0,760.0,792.0,828.0,872.0,920.0,964.0
2022-05-24,2022-04-22,771.75,808.0,720.0,744.0,780.0,808.0,848.0,892.0,928.0
2022-05-25,2022-04-25,772.25,820.0,728.0,752.0,788.0,820.0,856.0,900.0,932.0
2022-05-26,2022-04-26,765.0,820.0,724.0,748.0,784.0,820.0,860.0,904.0,944.0
2022-05-27,2022-04-27,777.25,832.0,732.0,760.0,796.0,832.0,876.0,928.0,968.0
2022-05-31,2022-04-28,753.5,840.0,744.0,768.0,804.0,840.0,884.0,928.0,968.0
2022-06-01,2022-04-29,731.25,840.0,744.0,772.0,804.0,840.0,888.0,936.0,980.0
2022-06-02,2022-05-02,730.25,844.0,744.0,772.0,808.0,844.0,884.0,936.0,976.0
2022-06-03,2022-05-03,727.0,828.0,736.0,760.0,792.0,828.0,868.0,916.0,948.0
2022-06-06,2022-05-04,742.5,820.0,740.0,760.0,788.0,820.0,860.0,904.0,940.0
2022-06-07,2022-05-05,757.0,832.0,740.0,764.0,796.0,832.0,868.0,912.0,948.0
2022-06-08,2022-05-06,764.5,816.0,732.0,752.0,784.0,816.0,852.0,896.0,924.0
2022-06-09,2022-05-09,773.0,800.0,716.0,740.0,768.0,800.0,836.0,872.0,900.0
2022-06-10,2022-05-10,773.25,812.0,716.0,744.0,780.0,812.0,860.0,916.0,964.0
2022-06-13,2022-05-11,769.25,832.0,724.0,756.0,792.0,832.0,884.0,948.0,996.0
2022-06-14,2022-05-12,768.25,852.0,740.0,768.0,808.0,852.0,904.0,972.0,1032.0
2022-06-15,2022-05-13,774.0,832.0,724.0,756.0,792.0,832.0,876.0,936.0,988.0
2022-06-16,2022-05-16,788.25,844.0,736.0,764.0,800.0,844.0,896.0,960.0,1024.0
2022-06-17,2022-05-17,784.5,836.0,728.0,760.0,796.0,836.0,884.0,940.0,1000.0
2022-06-21,2022-05-18,760.75,816.0,692.0,728.0,768.0,816.0,860.0,920.0,972.0
2022-06-22,2022-05-19,768.0,816.0,704.0,732.0,768.0,816.0,872.0,936.0,992.0
2022-06-23,2022-05-20,746.75,812.0,692.0,724.0,768.0,812.0,856.0,920.0,964.0
2022-06-24,2022-05-23,750.25,816.0,696.0,732.0,772.0,816.0,868.0,936.0,996.0
2022-06-27,2022-05-24,744.25,808.0,684.0,716.0,764.0,808.0,860.0,924.0,972.0
2022-06-28,2022-05-25,759.5,816.0,692.0,720.0,764.0,816.0,868.0,940.0,992.0
2022-06-29,2022-05-26,770.25,816.0,688.0,720.0,768.0,816.0,880.0,948.0,1012.0
2022-06-30,2022-05-27,743.75,820.0,700.0,732.0,772.0,820.0,876.0,936.0,992.0
2022-07-01,2022-05-31,754.5,788.0,672.0,700.0,744.0,788.0,840.0,908.0,960.0
2022-07-05,2022-06-01,736.0,764.0,636.0,668.0,712.0,764.0,824.0,896.0,960.0
2022-07-06,2022-06-02,744.25,756.0,616.0,652.0,704.0,756.0,820.0,888.0,944.0
2022-07-07,2022-06-03,747.0,752.0,608.0,644.0,696.0,752.0,820.0,892.0,948.0
2022-07-08,2022-06-06,778.25,780.0,636.0,672.0,724.0,780.0,844.0,920.0,984.0
2022-07-11,2022-06-07,781.25,788.0,664.0,692.0,736.0,788.0,844.0,920.0,980.0
2022-07-12,2022-06-08,732.75,804.0,672.0,704.0,752.0,804.0,864.0,940.0,996.0
2022-07-13,2022-06-09,740.0,800.0,676.0,704.0,752.0,800.0,856.0,912.0,964.0
2022-07-14,2022-06-10,695.0,796.0,676.0,708.0,752.0,796.0,844.0,904.0,948.0
2022-07-15,2022-06-13,604.25,784.0,672.0,700.0,740.0,784.0,832.0,896.0,952.0
2022-07-18,2022-06-14,612.25,776.0,668.0,696.0,740.0,776.0,820.0,872.0,912.0
2022-07-19,2022-06-15,596.75,784.0,672.0,700.0,740.0,784.0,828.0,884.0,928.0
2022-07-20,2022-06-16,592.25,808.0,692.0,720.0,764.0,808.0,856.0,908.0,948.0
2022-07-21,2022-06-17,575.75,808.0,692.0,720.0,764.0,808.0,848.0,900.0,936.0
2022-07-22,2022-06-21,564.25,784.0,656.0,688.0,736.0,784.0,832.0,884.0,924.0
2022-07-25,2022-06-22,580.0,792.0,672.0,704.0,748.0,792.0,836.0,888.0,924.0
2022-07-26,2022-06-23,597.0,768.0,652.0,680.0,724.0,768.0,812.0,860.0,896.0
2022-07-27,2022-06-24,600.25,768.0,660.0,688.0,728.0,768.0,812.0,864.0,900.0
2022-07-28,2022-06-27,615.0,756.0,648.0,676.0,716.0,756.0,796.0,836.0,872.0
2022-07-29,2022-06-28,616.25,768.0,656.0,684.0,724.0,768.0,812.0,856.0,892.0
2022-08-01,2022-06-29,607.0,780.0,668.0,696.0,736.0,780.0,828.0,884.0,924.0
2022-08-02,2022-06-30,591.25,760.0,652.0,684.0,720.0,760.0,804.0,852.0,892.0
2022-08-03,2022-07-01,591.5,768.0,660.0,688.0,728.0,768.0,808.0,852.0,888.0
2022-08-04,2022-07-05,602.25,744.0,636.0,664.0,704.0,744.0,784.0,828.0,856.0
2022-08-05,2022-07-06,610.25,756.0,652.0,680.0,716.0,756.0,792.0,836.0,868.0
2022-08-08,2022-07-07,608.5,760.0,664.0,688.0,724.0,760.0,800.0,844.0,884.0
2022-08-09,2022-07-08,615.5,772.0,672.0,696.0,732.0,772.0,816.0,868.0,904.0
2022-08-10,2022-07-11,621.25,780.0,676.0,704.0,740.0,780.0,824.0,872.0,912.0
2022-08-11,2022-07-12,629.25,744.0,628.0,660.0,704.0,744.0,788.0,832.0,864.0
2022-08-12,2022-07-13,639.75,748.0,640.0,668.0,708.0,748.0,792.0,836.0,868.0
2022-08-15,2022-07-14,626.75,704.0,568.0,604.0,652.0,704.0,756.0,812.0,848.0
2022-08-16,2022-07-15,611.0,620.0,454.0,496.0,556.0,620.0,688.0,752.0,788.0
2022-08-17,2022-07-18,615.0,636.0,494.0,528.0,576.0,636.0,704.0,760.0,800.0
2022-08-18,2022-07-19,619.75,608.0,460.0,496.0,548.0,608.0,672.0,736.0,780.0
2022-08-19,2022-07-20,626.0,608.0,472.0,504.0,552.0,608.0,672.0,740.0,784.0
2022-08-22,2022-07-21,633.5,572.0,414.0,460.0,516.0,572.0,640.0,708.0,760.0
2022-08-23,2022-07-22,660.0,544.0,360.0,416.0,484.0,544.0,612.0,688.0,744.0
2022-08-24,2022-07-25,665.75,572.0,438.0,476.0,524.0,572.0,636.0,708.0,760.0
2022-08-25,2022-07-26,657.5,584.0,444.0,480.0,528.0,584.0,644.0,712.0,760.0
2022-08-26,2022-07-27,668.75,588.0,478.0,506.0,544.0,588.0,640.0,696.0,744.0
2022-08-29,2022-07-28,683.75,608.0,502.0,528.0,564.0,608.0,660.0,720.0,772.0
2022-08-30,2022-07-29,679.75,608.0,494.0,524.0,560.0,608.0,660.0,720.0,764.0
2022-08-31,2022-08-01,673.75,596.0,482.0,510.0,552.0,596.0,644.0,700.0,740.0
2022-09-01,2022-08-02,658.25,572.0,452.0,486.0,532.0,572.0,624.0,676.0,716.0
2022-09-02,2022-08-03,669.0,576.0,456.0,488.0,532.0,576.0,628.0,684.0,724.0
2022-09-06,2022-08-04,680.75,580.0,462.0,494.0,536.0,580.0,632.0,688.0,732.0
2022-09-07,2022-08-05,676.75,580.0,452.0,486.0,532.0,580.0,636.0,696.0,740.0
2022-09-08,2022-08-08,674.5,576.0,462.0,490.0,532.0,576.0,628.0,684.0,732.0
2022-09-09,2022-08-09,698.5,588.0,478.0,508.0,548.0,588.0,640.0,696.0,744.0
2022-09-12,2022-08-10,712.25,584.0,470.0,500.0,540.0,584.0,640.0,700.0,756.0
2022-09-13,2022-08-11,709.0,576.0,462.0,494.0,532.0,576.0,628.0,692.0,748.0
2022-09-14,2022-08-12,709.0,592.0,466.0,498.0,544.0,592.0,648.0,712.0,764.0
2022-09-15,2022-08-15,677.5,580.0,456.0,490.0,536.0,580.0,632.0,688.0,740.0
2022-09-16,2022-08-16,677.25,580.0,450.0,486.0,536.0,580.0,624.0,680.0,724.0
2022-09-19,2022-08-17,678.25,576.0,444.0,480.0,528.0,576.0,620.0,672.0,716.0
2022-09-20,2022-08-18,692.0,596.0,494.0,520.0,560.0,596.0,640.0,688.0,728.0
2022-09-21,2022-08-19,685.5,616.0,516.0,544.0,580.0,616.0,656.0,700.0,740.0
2022-09-22,2022-08-22,688.25,624.0,524.0,552.0,588.0,624.0,668.0,716.0,756.0
2022-09-23,2022-08-23,676.75,636.0,524.0,552.0,592.0,636.0,688.0,748.0,796.0
2022-09-26,2022-08-24,666.25,640.0,528.0,556.0,600.0,640.0,692.0,748.0,796.0
2022-09-27,2022-08-25,667.5,652.0,540.0,568.0,608.0,652.0,700.0,748.0,792.0
2022-09-28,2022-08-26,670.5,660.0,552.0,580.0,620.0,660.0,708.0,760.0,804.0
2022-09-29,2022-08-29,669.5,672.0,548.0,580.0,624.0,672.0,728.0,788.0,836.0
2022-09-30,2022-08-30,677.5,664.0,548.0,576.0,620.0,664.0,716.0,772.0,820.0
2022-10-03,2022-08-31,680.75,664.0,552.0,580.0,620.0,664.0,708.0,764.0,808.0
2022-10-04,2022-09-01,683.0,640.0,528.0,560.0,600.0,640.0,688.0,736.0,780.0
2022-10-05,2022-09-02,684.0,628.0,508.0,540.0,580.0,628.0,676.0,736.0,788.0
2022-10-06,2022-09-06,675.5,672.0,548.0,580.0,624.0,672.0,724.0,776.0,824.0
2022-10-07,2022-09-07,683.25,680.0,564.0,596.0,636.0,680.0,724.0,776.0,824.0
2022-10-10,2022-09-08,698.25,680.0,572.0,600.0,644.0,680.0,724.0,776.0,816.0
2022-10-11,2022-09-09,693.0,696.0,584.0,616.0,656.0,696.0,744.0,800.0,856.0
2022-10-12,2022-09-12,693.0,716.0,608.0,636.0,676.0,716.0,764.0,828.0,880.0
2022-10-13,2022-09-13,697.75,716.0,612.0,640.0,680.0,716.0,760.0,808.0,848.0
2022-10-14,2022-09-14,689.75,724.0,620.0,648.0,688.0,724.0,764.0,816.0,860.0
2022-10-17,2022-09-15,683.5,684.0,576.0,604.0,644.0,684.0,728.0,780.0,820.0
2022-10-18,2022-09-16,681.0,684.0,584.0,608.0,648.0,684.0,728.0,772.0,812.0
2022-10-19,2022-09-19,678.25,692.0,596.0,620.0,660.0,692.0,732.0,776.0,812.0
2022-10-20,2022-09-20,684.0,704.0,608.0,636.0,672.0,704.0,740.0,784.0,816.0
2022-10-21,2022-09-21,684.25,696.0,596.0,624.0,660.0,696.0,736.0,776.0,812.0
2022-10-24,2022-09-22,681.5,700.0,604.0,632.0,664.0,700.0,732.0,772.0,808.0
2022-10-25,2022-09-23,686.25,688.0,604.0,628.0,660.0,688.0,720.0,760.0,796.0
2022-10-26,2022-09-26,685.0,680.0,588.0,612.0,648.0,680.0,716.0,760.0,796.0
2022-10-27,2022-09-27,682.25,676.0,588.0,612.0,644.0,676.0,712.0,748.0,784.0
2022-10-28,2022-09-28,680.75,680.0,592.0,616.0,648.0,680.0,712.0,748.0,776.0
2022-10-31,2022-09-29,691.5,676.0,592.0,616.0,648.0,676.0,708.0,744.0,776.0
2022-11-01,2022-09-30,697.75,684.0,600.0,624.0,656.0,684.0,716.0,748.0,780.0
2022-11-02,2022-10-03,687.5,684.0,600.0,624.0,652.0,684.0,712.0,744.0,776.0
2022-11-03,2022-10-04,679.25,684.0,600.0,624.0,656.0,684.0,716.0,756.0,784.0
2022-11-04,2022-10-05,681.0,692.0,608.0,632.0,664.0,692.0,720.0,756.0,784.0
2022-11-07,2022-10-06,675.75,680.0,596.0,620.0,652.0,680.0,712.0,748.0,780.0
2022-11-08,2022-10-07,667.5,688.0,604.0,632.0,664.0,688.0,720.0,756.0,784.0
2022-11-09,2022-10-10,664.5,704.0,620.0,644.0,676.0,704.0,732.0,768.0,792.0
2022-11-10,2022-10-11,653.25,704.0,612.0,640.0,676.0,704.0,736.0,772.0,800.0
2022-11-11,2022-10-12,658.0,708.0,616.0,644.0,680.0,708.0,736.0,768.0,796.0
2022-11-14,2022-10-13,657.25,708.0,624.0,648.0,680.0,708.0,740.0,772.0,800.0
2022-11-15,2022-10-14,666.75,700.0,620.0,644.0,672.0,700.0,728.0,760.0,784.0
2022-11-16,2022-10-17,665.25,696.0,620.0,644.0,672.0,696.0,724.0,756.0,780.0
2022-11-17,2022-10-18,667.5,696.0,616.0,640.0,668.0,696.0,724.0,756.0,780.0
2022-11-18,2022-10-19,667.75,688.0,604.0,628.0,660.0,688.0,716.0,748.0,776.0
2022-11-21,2022-10-20,659.5,692.0,612.0,636.0,664.0,692.0,720.0,752.0,776.0
2022-11-22,2022-10-21,656.75,692.0,616.0,640.0,668.0,692.0,720.0,748.0,772.0
2022-11-23,2022-10-24,663.25,692.0,608.0,636.0,664.0,692.0,720.0,748.0,772.0
2022-11-25,2022-10-25,668.0,696.0,616.0,640.0,668.0,696.0,720.0,748.0,772.0
2022-11-28,2022-10-26,668.75,692.0,616.0,640.0,668.0,692.0,716.0,744.0,768.0
2022-11-29,2022-10-27,665.75,692.0,612.0,636.0,668.0,692.0,716.0,744.0,772.0
2022-11-30,2022-10-28,662.0,688.0,612.0,636.0,664.0,688.0,712.0,740.0,764.0
2022-12-01,2022-10-31,650.0,700.0,624.0,648.0,676.0,700.0,724.0,752.0,772.0
2022-12-02,2022-11-01,635.0,704.0,632.0,656.0,680.0,704.0,728.0,756.0,776.0
2022-12-05,2022-11-02,628.75,700.0,620.0,644.0,672.0,700.0,724.0,752.0,772.0
2022-12-06,2022-11-03,625.5,692.0,612.0,636.0,668.0,692.0,716.0,744.0,764.0
2022-12-07,2022-11-04,627.75,692.0,612.0,636.0,664.0,692.0,716.0,740.0,760.0
2022-12-08,2022-11-07,632.0,680.0,604.0,624.0,656.0,680.0,708.0,732.0,752.0
2022-12-09,2022-11-08,634.75,676.0,596.0,620.0,648.0,676.0,700.0,728.0,748.0
2022-12-12,2022-11-09,641.25,672.0,592.0,616.0,648.0,672.0,700.0,728.0,752.0
2022-12-13,2022-11-10,643.75,660.0,572.0,596.0,628.0,660.0,688.0,720.0,748.0
2022-12-14,2022-11-11,639.0,660.0,576.0,600.0,632.0,660.0,688.0,720.0,748.0
2022-12-15,2022-11-14,653.5,660.0,572.0,600.0,632.0,660.0,688.0,716.0,740.0
2022-12-16,2022-11-15,653.0,668.0,584.0,608.0,640.0,668.0,696.0,724.0,748.0
2022-12-19,2022-11-16,647.25,660.0,576.0,604.0,636.0,660.0,688.0,716.0,736.0
2022-12-20,2022-11-17,652.0,664.0,588.0,608.0,636.0,664.0,688.0,712.0,732.0
2022-12-21,2022-11-18,662.25,668.0,592.0,612.0,640.0,668.0,692.0,716.0,736.0
2022-12-22,2022-11-21,660.5,656.0,576.0,600.0,628.0,656.0,680.0,704.0,724.0
2022-12-23,2022-11-22,666.25,652.0,580.0,600.0,628.0,652.0,676.0,700.0,716.0
2022-12-27,2022-11-23,674.75,660.0,588.0,612.0,636.0,660.0,684.0,708.0,728.0
2022-12-28,2022-11-25,682.75,668.0,592.0,616.0,644.0,668.0,692.0,720.0,740.0
2022-12-29,2022-11-28,679.5,668.0,600.0,620.0,648.0,668.0,692.0,720.0,740.0
2022-12-30,2022-11-29,678.5,668.0,600.0,620.0,644.0,668.0,688.0,712.0,728.0
2023-01-03,2022-11-30,670.5,660.0,592.0,612.0,640.0,660.0,684.0,708.0,728.0
2023-01-04,2022-12-01,653.75,648.0,584.0,604.0,628.0,648.0,672.0,696.0,720.0
2023-01-05,2022-12-02,652.75,636.0,556.0,580.0,608.0,636.0,660.0,688.0,712.0
2023-01-06,2022-12-05,654.0,628.0,548.0,572.0,600.0,628.0,656.0,684.0,708.0
2023-01-09,2022-12-06,652.75,620.0,536.0,560.0,592.0,620.0,648.0,676.0,704.0
2023-01-10,2022-12-07,655.0,624.0,544.0,568.0,596.0,624.0,652.0,680.0,704.0
2023-01-11,2022-12-08,656.0,628.0,552.0,572.0,600.0,628.0,652.0,680.0,704.0
2023-01-12,2022-12-09,671.0,628.0,548.0,572.0,600.0,628.0,652.0,680.0,704.0
2023-01-13,2022-12-12,675.0,636.0,564.0,584.0,612.0,636.0,656.0,684.0,704.0
2023-01-17,2022-12-13,685.25,640.0,568.0,588.0,616.0,640.0,664.0,688.0,708.0
2023-01-18,2022-12-14,681.25,628.0,564.0,580.0,608.0,628.0,652.0,676.0,696.0
2023-01-19,2022-12-15,677.25,648.0,580.0,600.0,624.0,648.0,672.0,700.0,720.0
2023-01-20,2022-12-16,676.25,648.0,576.0,596.0,624.0,648.0,672.0,700.0,720.0
2023-01-23,2022-12-19,666.25,644.0,572.0,592.0,620.0,644.0,672.0,700.0,720.0
2023-01-24,2022-12-20,677.0,652.0,576.0,600.0,628.0,652.0,680.0,708.0,728.0
2023-01-25,2022-12-21,674.75,664.0,592.0,612.0,640.0,664.0,692.0,716.0,736.0
2023-01-26,2022-12-22,682.5,664.0,588.0,612.0,640.0,664.0,692.0,720.0,744.0
2023-01-27,2022-12-23,683.0,676.0,600.0,620.0,648.0,676.0,704.0,736.0,760.0
2023-01-30,2022-12-27,683.75,680.0,604.0,624.0,652.0,680.0,712.0,744.0,772.0
2023-01-31,2022-12-28,679.75,688.0,608.0,628.0,660.0,688.0,724.0,760.0,788.0
2023-02-01,2022-12-29,681.0,688.0,600.0,624.0,656.0,688.0,720.0,752.0,784.0
2023-02-02,2022-12-30,675.25,688.0,604.0,628.0,660.0,688.0,720.0,752.0,780.0
2023-02-03,2023-01-03,677.5,680.0,600.0,624.0,652.0,680.0,708.0,744.0,768.0
2023-02-06,2023-01-04,679.0,660.0,572.0,596.0,632.0,660.0,692.0,724.0,752.0
2023-02-07,2023-01-05,674.0,660.0,580.0,604.0,632.0,660.0,688.0,720.0,744.0
2023-02-08,2023-01-06,678.5,660.0,584.0,608.0,636.0,660.0,688.0,716.0,736.0
2023-02-09,2023-01-09,670.75,660.0,588.0,608.0,636.0,660.0,684.0,712.0,732.0
2023-02-10,2023-01-10,680.5,660.0,592.0,612.0,636.0,660.0,684.0,712.0,732.0
2023-02-13,2023-01-11,685.0,660.0,588.0,608.0,636.0,660.0,684.0,712.0,732.0
2023-02-14,2023-01-12,682.25,676.0,596.0,620.0,648.0,676.0,704.0,736.0,760.0
2023-02-15,2023-01-13,676.25,680.0,604.0,628.0,656.0,680.0,708.0,736.0,760.0
2023-02-16,2023-01-17,676.0,692.0,620.0,640.0,668.0,692.0,716.0,748.0,772.0
2023-02-17,2023-01-18,677.75,688.0,616.0,636.0,664.0,688.0,712.0,744.0,768.0
2023-02-21,2023-01-19,680.5,684.0,616.0,636.0,660.0,684.0,712.0,740.0,768.0
2023-02-22,2023-01-20,674.0,684.0,616.0,636.0,660.0,684.0,712.0,740.0,768.0
2023-02-23,2023-01-23,660.25,676.0,604.0,624.0,652.0,676.0,700.0,732.0,760.0
2023-02-24,2023-01-24,650.0,684.0,612.0,632.0,660.0,684.0,712.0,740.0,768.0
2023-02-27,2023-01-25,642.75,680.0,612.0,632.0,656.0,680.0,708.0,736.0,760.0
2023-02-28,2023-01-26,629.5,692.0,620.0,640.0,668.0,692.0,720.0,748.0,776.0
2023-03-01,2023-01-27,640.5,688.0,616.0,640.0,664.0,688.0,716.0,744.0,768.0
2023-03-02,2023-01-30,637.75,692.0,624.0,644.0,668.0,692.0,716.0,740.0,760.0
2023-03-03,2023-01-31,645.25,688.0,624.0,644.0,668.0,688.0,708.0,732.0,752.0
2023-03-06,2023-02-01,644.5,688.0,632.0,648.0,672.0,688.0,712.0,732.0,752.0
2023-03-07,2023-02-02,642.0,684.0,624.0,640.0,664.0,684.0,704.0,724.0,744.0
2023-03-08,2023-02-03,634.5,684.0,620.0,640.0,664.0,684.0,704.0,728.0,748.0
2023-03-09,2023-02-06,618.5,688.0,620.0,640.0,664.0,688.0,708.0,732.0,756.0
2023-03-10,2023-02-07,624.25,680.0,616.0,636.0,660.0,680.0,704.0,728.0,748.0
2023-03-13,2023-02-08,624.5,688.0,628.0,648.0,668.0,688.0,708.0,728.0,752.0
2023-03-14,2023-02-09,627.5,680.0,616.0,636.0,660.0,680.0,700.0,724.0,748.0
2023-03-15,2023-02-10,626.5,688.0,624.0,644.0,668.0,688.0,708.0,736.0,764.0
2023-03-16,2023-02-13,632.75,692.0,636.0,652.0,672.0,692.0,716.0,744.0,768.0
2023-03-17,2023-02-14,634.25,688.0,628.0,648.0,668.0,688.0,712.0,740.0,768.0
2023-03-20,2023-02-15,633.0,684.0,620.0,640.0,664.0,684.0,708.0,736.0,760.0
2023-03-21,2023-02-16,630.0,684.0,620.0,640.0,664.0,684.0,704.0,732.0,756.0
2023-03-22,2023-02-17,633.5,684.0,624.0,640.0,664.0,684.0,708.0,732.0,756.0
2023-03-23,2023-02-21,631.75,688.0,628.0,644.0,668.0,688.0,708.0,732.0,752.0
2023-03-24,2023-02-22,643.0,680.0,620.0,640.0,660.0,680.0,700.0,728.0,748.0
2023-03-27,2023-02-23,648.25,668.0,600.0,620.0,648.0,668.0,692.0,716.0,740.0
2023-03-28,2023-02-24,647.25,660.0,588.0,608.0,636.0,660.0,684.0,708.0,728.0
2023-03-29,2023-02-27,650.5,648.0,576.0,596.0,624.0,648.0,672.0,700.0,720.0
2023-03-30,2023-02-28,649.5,628.0,532.0,564.0,600.0,628.0,660.0,692.0,724.0
2023-03-31,2023-03-01,660.5,648.0,564.0,588.0,620.0,648.0,676.0,704.0,728.0
2023-04-03,2023-03-02,657.75,644.0,564.0,588.0,616.0,644.0,668.0,696.0,720.0
2023-04-04,2023-03-03,653.75,652.0,580.0,600.0,628.0,652.0,676.0,700.0,724.0
2023-04-05,2023-03-06,652.75,656.0,588.0,608.0,632.0,656.0,680.0,704.0,728.0
2023-04-06,2023-03-07,643.5,652.0,592.0,608.0,632.0,652.0,680.0,708.0,736.0
2023-04-10,2023-03-08,654.0,648.0,584.0,604.0,624.0,648.0,672.0,700.0,724.0
2023-04-11,2023-03-09,651.0,632.0,560.0,580.0,608.0,632.0,656.0,684.0,708.0
2023-04-12,2023-03-10,656.0,632.0,572.0,588.0,612.0,632.0,656.0,684.0,708.0
2023-04-13,2023-03-13,652.25,632.0,572.0,592.0,612.0,632.0,656.0,684.0,708.0
2023-04-14,2023-03-14,666.25,636.0,580.0,596.0,616.0,636.0,664.0,696.0,720.0
2023-04-17,2023-03-15,676.5,632.0,576.0,592.0,612.0,632.0,660.0,692.0,720.0
2023-04-18,2023-03-16,677.5,644.0,584.0,600.0,620.0,644.0,672.0,708.0,736.0
2023-04-19,2023-03-17,672.25,652.0,588.0,604.0,628.0,652.0,684.0,720.0,748.0
2023-04-20,2023-03-20,663.75,648.0,580.0,600.0,620.0,648.0,680.0,716.0,748.0
2023-04-21,2023-03-21,663.25,644.0,580.0,596.0,620.0,644.0,680.0,716.0,744.0
2023-04-24,2023-03-22,651.25,672.0,576.0,596.0,632.0,672.0,720.0,768.0,796.0
2023-04-25,2023-03-23,646.5,660.0,576.0,596.0,624.0,660.0,708.0,756.0,780.0
2023-04-26,2023-03-24,641.5,672.0,584.0,604.0,636.0,672.0,724.0,772.0,808.0
2023-04-27,2023-03-27,627.0,708.0,592.0,616.0,656.0,708.0,760.0,808.0,840.0
2023-04-28,2023-03-28,636.0,696.0,596.0,616.0,648.0,696.0,752.0,800.0,832.0
2023-05-01,2023-03-29,639.5,708.0,604.0,620.0,652.0,708.0,768.0,816.0,848.0
2023-05-02,2023-03-30,638.0,696.0,596.0,616.0,648.0,696.0,756.0,812.0,848.0
2023-05-03,2023-03-31,645.25,720.0,596.0,620.0,664.0,720.0,780.0,832.0,872.0
2023-05-04,2023-04-03,646.5,700.0,592.0,616.0,652.0,700.0,752.0,800.0,836.0
2023-05-05,2023-04-04,653.25,688.0,592.0,612.0,648.0,688.0,736.0,784.0,820.0
2023-05-08,2023-04-05,656.5,684.0,596.0,616.0,648.0,684.0,732.0,784.0,820.0
2023-05-09,2023-04-06,642.25,664.0,584.0,604.0,632.0,664.0,704.0,748.0,784.0
2023-05-10,2023-04-10,645.5,676.0,592.0,612.0,644.0,676.0,716.0,760.0,792.0
2023-05-11,2023-04-11,632.5,680.0,588.0,612.0,644.0,680.0,724.0,772.0,808.0
2023-05-12,2023-04-12,633.25,684.0,600.0,620.0,648.0,684.0,724.0,764.0,796.0
2023-05-15,2023-04-13,592.5,680.0,596.0,616.0,644.0,680.0,720.0,764.0,796.0
2023-05-16,2023-04-14,581.25,704.0,604.0,628.0,660.0,704.0,748.0,796.0,828.0
2023-05-17,2023-04-17,561.5,712.0,616.0,640.0,672.0,712.0,752.0,796.0,828.0
2023-05-18,2023-04-18,555.25,708.0,616.0,640.0,672.0,708.0,748.0,792.0,824.0
2023-05-19,2023-04-19,554.5,700.0,608.0,628.0,660.0,700.0,744.0,788.0,820.0
2023-05-22,2023-04-20,571.0,684.0,608.0,624.0,652.0,684.0,728.0,772.0,804.0
2023-05-23,2023-04-21,577.5,676.0,600.0,620.0,648.0,676.0,712.0,752.0,784.0
2023-05-24,2023-04-24,587.25,664.0,588.0,608.0,636.0,664.0,692.0,728.0,760.0
2023-05-25,2023-04-25,590.75,656.0,584.0,604.0,632.0,656.0,688.0,724.0,752.0
2023-05-26,2023-04-26,604.0,652.0,580.0,600.0,624.0,652.0,680.0,716.0,744.0
2023-05-30,2023-04-27,594.0,632.0,552.0,576.0,604.0,632.0,664.0,700.0,728.0
2023-05-31,2023-04-28,594.0,644.0,572.0,592.0,620.0,644.0,676.0,708.0,736.0
2023-06-01,2023-05-01,592.5,644.0,576.0,596.0,620.0,644.0,672.0,704.0,728.0
2023-06-02,2023-05-02,609.0,640.0,572.0,592.0,616.0,640.0,668.0,700.0,724.0
2023-06-05,2023-05-03,597.5,652.0,580.0,600.0,624.0,652.0,680.0,708.0,732.0
2023-06-06,2023-05-04,608.0,652.0,584.0,604.0,628.0,652.0,680.0,708.0,728.0
2023-06-07,2023-05-05,604.25,660.0,596.0,612.0,636.0,660.0,684.0,716.0,736.0
2023-06-08,2023-05-08,610.25,664.0,596.0,616.0,640.0,664.0,688.0,716.0,740.0
2023-06-09,2023-05-09,604.25,648.0,576.0,596.0,624.0,648.0,676.0,708.0,732.0
2023-06-12,2023-05-10,617.25,652.0,576.0,600.0,628.0,652.0,680.0,712.0,736.0
2023-06-13,2023-05-11,612.5,640.0,560.0,584.0,612.0,640.0,668.0,700.0,724.0
2023-06-14,2023-05-12,607.75,640.0,568.0,588.0,616.0,640.0,668.0,704.0,728.0
2023-06-15,2023-05-15,623.25,600.0,502.0,532.0,568.0,600.0,636.0,680.0,716.0
2023-06-16,2023-05-16,640.25,588.0,490.0,520.0,556.0,588.0,624.0,664.0,696.0
2023-06-20,2023-05-17,643.75,568.0,462.0,496.0,536.0,568.0,604.0,648.0,684.0
2023-06-21,2023-05-18,671.0,560.0,456.0,488.0,528.0,560.0,596.0,644.0,680.0
2023-06-22,2023-05-19,660.5,564.0,476.0,502.0,532.0,564.0,596.0,636.0,672.0
2023-06-23,2023-05-22,630.75,576.0,504.0,524.0,552.0,576.0,608.0,652.0,684.0
2023-06-26,2023-05-23,637.25,580.0,512.0,532.0,556.0,580.0,608.0,648.0,680.0
2023-06-27,2023-05-24,623.0,588.0,516.0,536.0,564.0,588.0,616.0,660.0,692.0
2023-06-28,2023-05-25,590.0,592.0,516.0,540.0,568.0,592.0,624.0,660.0,692.0
2023-06-29,2023-05-26,581.0,616.0,536.0,556.0,584.0,616.0,652.0,692.0,724.0
2023-06-30,2023-05-30,554.5,592.0,510.0,536.0,564.0,592.0,624.0,660.0,688.0
2023-07-03,2023-05-31,557.25,596.0,516.0,540.0,568.0,596.0,624.0,660.0,692.0
2023-07-05,2023-06-01,548.25,600.0,524.0,544.0,576.0,600.0,632.0,668.0,696.0
2023-07-06,2023-06-02,566.75,616.0,540.0,564.0,588.0,616.0,652.0,692.0,724.0
2023-07-07,2023-06-05,560.5,604.0,528.0,548.0,576.0,604.0,636.0,676.0,708.0
2023-07-10,2023-06-06,570.75,616.0,540.0,560.0,588.0,616.0,648.0,692.0,724.0
2023-07-11,2023-06-07,571.75,612.0,540.0,560.0,588.0,612.0,644.0,692.0,724.0
2023-07-12,2023-06-08,549.75,620.0,548.0,568.0,592.0,620.0,652.0,692.0,724.0
2023-07-13,2023-06-09,593.5,612.0,540.0,560.0,588.0,612.0,640.0,684.0,720.0
2023-07-14,2023-06-12,599.75,624.0,552.0,572.0,596.0,624.0,652.0,692.0,724.0
2023-07-17,2023-06-13,499.25,620.0,552.0,572.0,596.0,620.0,652.0,684.0,716.0
2023-07-18,2023-06-14,528.75,616.0,544.0,564.0,592.0,616.0,644.0,684.0,716.0
2023-07-19,2023-06-15,545.5,628.0,552.0,572.0,600.0,628.0,664.0,700.0,732.0
2023-07-20,2023-06-16,537.25,644.0,556.0,580.0,612.0,644.0,680.0,724.0,756.0
2023-07-21,2023-06-20,527.0,648.0,556.0,580.0,616.0,648.0,684.0,728.0,760.0
2023-07-24,2023-06-21,560.5,684.0,576.0,604.0,644.0,684.0,728.0,772.0,812.0
2023-07-25,2023-06-22,557.5,664.0,564.0,592.0,628.0,664.0,704.0,748.0,780.0
2023-07-26,2023-06-23,540.25,636.0,536.0,564.0,600.0,636.0,680.0,728.0,756.0
2023-07-27,2023-06-26,533.25,648.0,552.0,576.0,612.0,648.0,688.0,732.0,760.0
2023-07-28,2023-06-27,521.0,632.0,540.0,568.0,600.0,632.0,668.0,712.0,740.0
2023-07-31,2023-06-28,504.0,600.0,500.0,532.0,568.0,600.0,640.0,688.0,728.0
2023-08-01,2023-06-29,497.0,588.0,500.0,528.0,560.0,588.0,628.0,684.0,724.0
2023-08-02,2023-06-30,488.25,572.0,454.0,490.0,532.0,572.0,612.0,668.0,704.0
2023-08-03,2023-07-03,480.75,576.0,472.0,502.0,540.0,576.0,612.0,668.0,704.0
2023-08-04,2023-07-05,484.25,564.0,464.0,496.0,532.0,564.0,600.0,664.0,708.0
2023-08-07,2023-07-06,482.25,580.0,502.0,524.0,552.0,580.0,616.0,668.0,708.0
2023-08-08,2023-07-07,485.75,576.0,498.0,520.0,548.0,576.0,612.0,660.0,700.0
2023-08-09,2023-07-10,481.0,584.0,506.0,528.0,556.0,584.0,620.0,668.0,704.0
2023-08-10,2023-07-11,483.25,580.0,498.0,520.0,552.0,580.0,612.0,656.0,692.0
2023-08-11,2023-07-12,474.5,552.0,446.0,476.0,520.0,552.0,592.0,640.0,676.0
2023-08-14,2023-07-13,475.75,592.0,480.0,510.0,552.0,592.0,636.0,688.0,728.0
2023-08-15,2023-07-14,464.0,596.0,492.0,520.0,560.0,596.0,640.0,688.0,720.0
2023-08-16,2023-07-17,469.5,520.0,368.0,420.0,476.0,520.0,572.0,628.0,668.0
2023-08-17,2023-07-18,473.0,540.0,406.0,448.0,500.0,540.0,592.0,644.0,684.0
2023-08-18,2023-07-19,479.5,552.0,416.0,458.0,508.0,552.0,600.0,652.0,692.0
2023-08-21,2023-07-20,469.25,540.0,408.0,448.0,498.0,540.0,588.0,640.0,680.0
2023-08-22,2023-07-21,466.5,532.0,394.0,434.0,486.0,532.0,580.0,636.0,676.0
2023-08-23,2023-07-24,476.25,556.0,426.0,466.0,512.0,556.0,604.0,660.0,700.0
2023-08-24,2023-07-25,472.25,556.0,432.0,470.0,516.0,556.0,604.0,660.0,700.0
2023-08-25,2023-07-26,470.75,540.0,400.0,438.0,492.0,540.0,592.0,652.0,696.0
2023-08-28,2023-07-27,478.5,536.0,398.0,440.0,488.0,536.0,584.0,644.0,684.0
2023-08-29,2023-07-28,469.5,516.0,374.0,422.0,470.0,516.0,568.0,640.0,688.0
2023-08-30,2023-07-31,461.75,500.0,346.0,394.0,452.0,500.0,552.0,620.0,668.0
2023-08-31,2023-08-01,461.0,492.0,350.0,394.0,444.0,492.0,540.0,604.0,652.0
2023-09-01,2023-08-02,464.75,484.0,340.0,388.0,436.0,484.0,532.0,588.0,640.0
2023-09-05,2023-08-03,471.0,476.0,334.0,380.0,430.0,476.0,520.0,576.0,624.0
2023-09-06,2023-08-04,471.5,484.0,356.0,396.0,442.0,484.0,528.0,580.0,628.0
2023-09-07,2023-08-07,470.75,478.0,346.0,388.0,434.0,478.0,520.0,572.0,616.0
2023-09-08,2023-08-08,468.5,488.0,380.0,414.0,450.0,488.0,524.0,572.0,620.0
2023-09-11,2023-08-09,471.25,480.0,362.0,402.0,444.0,480.0,516.0,564.0,612.0
2023-09-12,2023-08-10,463.25,484.0,390.0,420.0,456.0,484.0,516.0,564.0,604.0
2023-09-13,2023-08-11,464.0,468.0,348.0,386.0,430.0,468.0,506.0,552.0,596.0
2023-09-14,2023-08-14,462.5,466.0,356.0,392.0,430.0,466.0,504.0,548.0,584.0
2023-09-15,2023-08-15,476.25,452.0,314.0,360.0,408.0,452.0,492.0,544.0,592.0
2023-09-18,2023-08-16,471.5,464.0,356.0,390.0,428.0,464.0,498.0,548.0,596.0
2023-09-19,2023-08-17,476.25,468.0,368.0,398.0,436.0,468.0,506.0,552.0,596.0
2023-09-20,2023-08-18,482.25,480.0,384.0,410.0,446.0,480.0,516.0,564.0,608.0
2023-09-21,2023-08-21,475.25,470.0,374.0,404.0,438.0,470.0,506.0,552.0,600.0
2023-09-22,2023-08-22,477.25,466.0,364.0,396.0,432.0,466.0,502.0,548.0,592.0
2023-09-25,2023-08-23,481.25,476.0,388.0,412.0,444.0,476.0,512.0,560.0,600.0
2023-09-26,2023-08-24,479.75,474.0,388.0,412.0,444.0,474.0,508.0,556.0,604.0
2023-09-27,2023-08-25,483.25,474.0,396.0,422.0,448.0,474.0,504.0,548.0,592.0
2023-09-28,2023-08-28,488.5,482.0,414.0,434.0,458.0,482.0,508.0,556.0,608.0
2023-09-29,2023-08-29,476.75,472.0,394.0,420.0,448.0,472.0,500.0,540.0,580.0
2023-10-02,2023-08-30,488.75,466.0,386.0,410.0,438.0,466.0,494.0,532.0,568.0
2023-10-03,2023-08-31,487.5,462.0,374.0,400.0,432.0,462.0,492.0,532.0,576.0
2023-10-04,2023-09-01,486.0,466.0,396.0,418.0,444.0,466.0,494.0,528.0,564.0
2023-10-05,2023-09-05,497.5,472.0,404.0,426.0,448.0,472.0,496.0,532.0,564.0
2023-10-06,2023-09-06,492.0,474.0,404.0,424.0,448.0,474.0,502.0,536.0,568.0
2023-10-09,2023-09-07,488.25,476.0,418.0,434.0,454.0,476.0,498.0,536.0,576.0
2023-10-10,2023-09-08,485.5,472.0,416.0,434.0,452.0,472.0,492.0,528.0,572.0
2023-10-11,2023-09-11,488.0,472.0,438.0,446.0,460.0,472.0,492.0,524.0,572.0
2023-10-12,2023-09-12,496.0,468.0,412.0,428.0,448.0,468.0,492.0,524.0,564.0
2023-10-13,2023-09-13,493.25,470.0,436.0,444.0,456.0,470.0,484.0,516.0,560.0
2023-10-16,2023-09-14,490.0,468.0,438.0,446.0,456.0,468.0,482.0,516.0,564.0
2023-10-17,2023-09-15,489.0,478.0,426.0,438.0,458.0,478.0,502.0,540.0,580.0
2023-10-18,2023-09-18,492.0,474.0,428.0,442.0,458.0,474.0,494.0,528.0,572.0
2023-10-19,2023-09-19,505.0,480.0,428.0,442.0,460.0,480.0,502.0,536.0,576.0
2023-10-20,2023-09-20,495.5,486.0,440.0,450.0,466.0,486.0,504.0,540.0,588.0
2023-10-23,2023-09-21,490.25,480.0,442.0,452.0,464.0,480.0,498.0,528.0,560.0
2023-10-24,2023-09-22,484.0,484.0,440.0,450.0,466.0,484.0,504.0,536.0,568.0
2023-10-25,2023-09-25,480.0,488.0,438.0,452.0,468.0,488.0,508.0,540.0,568.0
2023-10-26,2023-09-26,479.25,488.0,444.0,456.0,470.0,488.0,510.0,536.0,564.0
2023-10-27,2023-09-27,480.75,490.0,444.0,454.0,474.0,490.0,510.0,536.0,560.0
2023-10-30,2023-09-28,478.25,498.0,450.0,460.0,478.0,498.0,520.0,544.0,572.0
2023-10-31,2023-09-29,478.75,488.0,430.0,446.0,466.0,488.0,508.0,540.0,568.0
2023-11-01,2023-10-02,475.0,496.0,442.0,458.0,476.0,496.0,516.0,544.0,576.0
2023-11-02,2023-10-03,470.0,498.0,446.0,458.0,478.0,498.0,516.0,548.0,580.0
2023-11-03,2023-10-04,477.25,498.0,446.0,460.0,478.0,498.0,516.0,548.0,576.0
2023-11-06,2023-10-05,477.25,508.0,454.0,466.0,486.0,508.0,532.0,568.0,604.0
2023-11-07,2023-10-06,468.5,504.0,452.0,466.0,482.0,504.0,524.0,556.0,588.0
2023-11-08,2023-10-09,476.0,500.0,440.0,456.0,476.0,500.0,524.0,556.0,592.0
2023-11-09,2023-10-10,468.0,496.0,438.0,454.0,474.0,496.0,516.0,548.0,584.0
2023-11-10,2023-10-11,464.0,498.0,440.0,454.0,478.0,498.0,520.0,548.0,580.0
2023-11-13,2023-10-12,477.25,504.0,452.0,464.0,484.0,504.0,524.0,552.0,580.0
2023-11-14,2023-10-13,478.25,504.0,456.0,466.0,484.0,504.0,520.0,544.0,564.0
2023-11-15,2023-10-16,470.75,500.0,450.0,462.0,482.0,500.0,516.0,540.0,560.0
2023-11-16,2023-10-17,474.75,496.0,446.0,458.0,478.0,496.0,516.0,536.0,556.0
2023-11-17,2023-10-18,467.0,500.0,456.0,468.0,486.0,500.0,516.0,536.0,552.0
2023-11-20,2023-10-19,469.5,512.0,466.0,476.0,496.0,512.0,528.0,548.0,568.0
2023-11-21,2023-10-20,470.0,504.0,456.0,468.0,484.0,504.0,520.0,540.0,556.0
2023-11-22,2023-10-23,468.75,500.0,450.0,462.0,482.0,500.0,520.0,540.0,560.0
2023-11-24,2023-10-24,463.25,492.0,434.0,450.0,472.0,492.0,512.0,532.0,556.0
2023-11-27,2023-10-25,455.5,488.0,426.0,444.0,466.0,488.0,508.0,532.0,556.0
2023-11-28,2023-10-26,451.5,486.0,430.0,446.0,466.0,486.0,508.0,532.0,552.0
2023-11-29,2023-10-27,449.75,488.0,440.0,452.0,470.0,488.0,506.0,528.0,552.0
2023-11-30,2023-10-30,461.75,488.0,444.0,454.0,468.0,488.0,506.0,528.0,552.0
2023-12-01,2023-10-31,464.5,484.0,434.0,446.0,466.0,484.0,502.0,528.0,548.0
2023-12-04,2023-11-01,460.25,480.0,430.0,442.0,464.0,480.0,500.0,520.0,544.0
2023-12-05,2023-11-02,468.5,476.0,414.0,434.0,456.0,476.0,496.0,520.0,544.0
2023-12-06,2023-11-03,464.75,480.0,430.0,446.0,462.0,480.0,498.0,520.0,544.0
2023-12-07,2023-11-06,468.25,482.0,440.0,452.0,466.0,482.0,498.0,516.0,536.0
2023-12-08,2023-11-07,465.75,476.0,428.0,440.0,460.0,476.0,492.0,512.0,532.0
2023-12-11,2023-11-08,460.5,480.0,436.0,450.0,466.0,480.0,498.0,520.0,536.0
2023-12-12,2023-11-09,462.5,470.0,430.0,440.0,458.0,470.0,486.0,504.0,520.0
2023-12-13,2023-11-10,456.75,462.0,414.0,428.0,448.0,462.0,480.0,500.0,516.0
2023-12-14,2023-11-13,456.75,476.0,430.0,442.0,460.0,476.0,498.0,516.0,532.0
2023-12-15,2023-11-14,483.0,484.0,438.0,450.0,466.0,484.0,500.0,524.0,540.0
2023-12-18,2023-11-15,477.0,478.0,434.0,444.0,462.0,478.0,494.0,516.0,532.0
2023-12-19,2023-11-16,472.75,480.0,438.0,450.0,464.0,480.0,496.0,520.0,540.0
2023-12-20,2023-11-17,469.75,474.0,428.0,442.0,456.0,474.0,492.0,512.0,528.0
2023-12-21,2023-11-20,472.5,476.0,434.0,444.0,460.0,476.0,494.0,516.0,532.0
2023-12-22,2023-11-21,473.0,476.0,446.0,452.0,464.0,476.0,492.0,512.0,532.0
2023-12-26,2023-11-22,480.25,472.0,436.0,446.0,460.0,472.0,490.0,508.0,528.0
2023-12-27,2023-11-24,476.5,470.0,426.0,438.0,454.0,470.0,486.0,506.0,528.0
2023-12-28,2023-11-27,474.25,460.0,400.0,420.0,442.0,460.0,478.0,500.0,520.0
2023-12-29,2023-11-28,471.25,450.0,384.0,406.0,432.0,450.0,472.0,496.0,516.0
2024-01-02,2023-11-29,463.75,448.0,388.0,408.0,430.0,448.0,468.0,490.0,508.0
2024-01-03,2023-11-30,465.25,466.0,420.0,430.0,448.0,466.0,484.0,506.0,528.0
2024-01-04,2023-12-01,466.5,470.0,422.0,434.0,454.0,470.0,488.0,510.0,532.0
2024-01-05,2023-12-04,460.75,466.0,428.0,436.0,450.0,466.0,482.0,502.0,520.0
2024-01-08,2023-12-05,455.0,474.0,432.0,440.0,458.0,474.0,490.0,512.0,532.0
2024-01-09,2023-12-06,459.25,468.0,422.0,434.0,452.0,468.0,486.0,506.0,524.0
2024-01-10,2023-12-07,459.5,474.0,430.0,438.0,456.0,474.0,492.0,516.0,536.0
2024-01-11,2023-12-08,457.75,472.0,428.0,438.0,456.0,472.0,488.0,508.0,528.0
2024-01-12,2023-12-11,447.0,464.0,422.0,432.0,448.0,464.0,482.0,502.0,520.0
2024-01-16,2023-12-12,443.5,468.0,428.0,436.0,452.0,468.0,486.0,504.0,524.0
2024-01-17,2023-12-13,442.25,464.0,420.0,432.0,448.0,464.0,482.0,500.0,520.0
2024-01-18,2023-12-14,444.0,460.0,420.0,430.0,446.0,460.0,476.0,496.0,516.0
2024-01-19,2023-12-15,445.5,480.0,438.0,446.0,464.0,480.0,504.0,532.0,560.0
2024-01-22,2023-12-18,445.75,480.0,438.0,446.0,462.0,480.0,502.0,528.0,556.0
2024-01-23,2023-12-19,446.5,476.0,432.0,444.0,460.0,476.0,496.0,520.0,544.0
2024-01-24,2023-12-20,452.25,474.0,430.0,440.0,456.0,474.0,492.0,516.0,536.0
2024-01-25,2023-12-21,451.75,476.0,434.0,442.0,460.0,476.0,494.0,516.0,536.0
2024-01-26,2023-12-22,446.25,476.0,434.0,446.0,460.0,476.0,494.0,520.0,540.0
2024-01-29,2023-12-26,440.25,482.0,438.0,450.0,466.0,482.0,502.0,524.0,548.0
2024-01-30,2023-12-27,447.75,480.0,440.0,452.0,466.0,480.0,498.0,524.0,544.0
2024-01-31,2023-12-28,448.25,478.0,438.0,446.0,462.0,478.0,494.0,516.0,536.0
2024-02-01,2023-12-29,447.25,472.0,426.0,436.0,454.0,472.0,490.0,512.0,532.0
2024-02-02,2024-01-02,442.75,468.0,420.0,434.0,450.0,468.0,488.0,508.0,528.0
2024-02-05,2024-01-03,442.75,470.0,426.0,434.0,452.0,470.0,486.0,508.0,528.0
2024-02-06,2024-01-04,438.75,468.0,428.0,438.0,452.0,468.0,486.0,506.0,524.0
2024-02-07,2024-01-05,434.25,466.0,422.0,434.0,448.0,466.0,482.0,502.0,520.0
2024-02-08,2024-01-08,433.25,458.0,406.0,420.0,442.0,458.0,476.0,498.0,516.0
2024-02-09,2024-01-09,429.0,462.0,418.0,428.0,444.0,462.0,476.0,496.0,516.0
2024-02-12,2024-01-10,430.5,458.0,416.0,428.0,444.0,458.0,476.0,496.0,516.0
2024-02-13,2024-01-11,430.75,462.0,420.0,430.0,446.0,462.0,476.0,496.0,516.0
2024-02-14,2024-01-12,424.25,450.0,394.0,410.0,432.0,450.0,468.0,490.0,512.0
2024-02-15,2024-01-16,417.75,444.0,388.0,404.0,426.0,444.0,462.0,486.0,508.0
2024-02-16,2024-01-17,416.5,440.0,384.0,402.0,422.0,440.0,458.0,480.0,498.0
2024-02-20,2024-01-18,418.75,446.0,396.0,410.0,428.0,446.0,462.0,484.0,504.0
2024-02-21,2024-01-19,411.0,446.0,396.0,412.0,430.0,446.0,464.0,484.0,504.0
2024-02-22,2024-01-22,406.0,446.0,404.0,414.0,432.0,446.0,460.0,480.0,498.0
2024-02-23,2024-01-23,399.75,446.0,402.0,414.0,432.0,446.0,460.0,478.0,498.0
2024-02-26,2024-01-24,407.0,450.0,408.0,420.0,436.0,450.0,468.0,488.0,506.0
2024-02-27,2024-01-25,408.25,450.0,406.0,420.0,436.0,450.0,468.0,490.0,510.0
2024-02-28,2024-01-26,413.25,448.0,406.0,418.0,434.0,448.0,466.0,486.0,504.0
2024-02-29,2024-01-29,415.75,440.0,392.0,406.0,424.0,440.0,458.0,476.0,494.0
2024-03-01,2024-01-30,412.25,448.0,408.0,416.0,432.0,448.0,464.0,484.0,502.0
2024-03-04,2024-01-31,417.5,452.0,410.0,420.0,434.0,452.0,468.0,490.0,508.0
2024-03-05,2024-02-01,413.5,452.0,414.0,422.0,436.0,452.0,466.0,486.0,504.0
2024-03-06,2024-02-02,418.0,444.0,402.0,414.0,430.0,444.0,458.0,478.0,496.0
2024-03-07,2024-02-05,426.0,444.0,406.0,416.0,430.0,444.0,458.0,476.0,496.0
2024-03-08,2024-02-06,426.25,440.0,396.0,408.0,424.0,440.0,456.0,476.0,496.0
2024-03-11,2024-02-07,428.25,434.0,390.0,404.0,418.0,434.0,452.0,472.0,494.0
2024-03-12,2024-02-08,429.0,432.0,388.0,402.0,418.0,432.0,448.0,468.0,486.0
2024-03-13,2024-02-09,426.5,426.0,380.0,394.0,410.0,426.0,444.0,464.0,484.0
2024-03-14,2024-02-12,422.5,426.0,380.0,392.0,412.0,426.0,442.0,462.0,484.0
2024-03-15,2024-02-13,436.75,424.0,388.0,398.0,410.0,424.0,438.0,458.0,476.0
2024-03-18,2024-02-14,436.0,416.0,372.0,386.0,402.0,416.0,430.0,446.0,466.0
2024-03-19,2024-02-15,439.5,408.0,356.0,370.0,392.0,408.0,426.0,446.0,466.0
2024-03-20,2024-02-16,439.0,408.0,354.0,372.0,392.0,408.0,424.0,444.0,464.0
2024-03-21,2024-02-20,440.75,412.0,366.0,380.0,394.0,412.0,428.0,448.0,466.0
2024-03-22,2024-02-21,439.25,402.0,354.0,368.0,386.0,402.0,418.0,440.0,462.0
2024-03-25,2024-02-22,437.75,398.0,348.0,366.0,382.0,398.0,414.0,436.0,458.0
2024-03-26,2024-02-23,432.5,392.0,338.0,356.0,374.0,392.0,410.0,434.0,458.0
2024-03-27,2024-02-26,426.75,398.0,350.0,364.0,380.0,398.0,414.0,438.0,460.0
2024-03-28,2024-02-27,442.0,396.0,350.0,362.0,380.0,396.0,414.0,438.0,458.0
2024-04-01,2024-02-28,435.5,406.0,362.0,374.0,392.0,406.0,424.0,448.0,472.0
2024-04-02,2024-02-29,426.5,412.0,370.0,380.0,396.0,412.0,434.0,456.0,480.0
2024-04-03,2024-03-01,431.75,408.0,366.0,374.0,390.0,408.0,424.0,446.0,470.0
2024-04-04,2024-03-04,435.25,414.0,376.0,386.0,398.0,414.0,428.0,450.0,472.0
2024-04-05,2024-03-05,434.25,410.0,370.0,380.0,394.0,410.0,424.0,446.0,468.0
2024-04-08,2024-03-06,435.5,410.0,374.0,384.0,396.0,410.0,426.0,448.0,470.0
2024-04-09,2024-03-07,431.25,420.0,384.0,394.0,408.0,420.0,438.0,464.0,492.0
2024-04-10,2024-03-08,434.25,418.0,384.0,394.0,404.0,418.0,436.0,460.0,482.0
2024-04-11,2024-03-11,428.75,422.0,382.0,392.0,406.0,422.0,440.0,462.0,484.0
2024-04-12,2024-03-12,435.5,426.0,384.0,394.0,408.0,426.0,444.0,468.0,492.0
2024-04-15,2024-03-13,431.5,422.0,380.0,392.0,408.0,422.0,440.0,462.0,482.0
2024-04-16,2024-03-14,431.0,418.0,380.0,388.0,402.0,418.0,432.0,452.0,472.0
2024-04-17,2024-03-15,430.25,432.0,386.0,394.0,412.0,432.0,452.0,480.0,504.0
2024-04-18,2024-03-18,426.75,432.0,388.0,398.0,414.0,432.0,456.0,484.0,508.0
2024-04-19,2024-03-19,433.5,438.0,394.0,402.0,418.0,438.0,462.0,488.0,512.0
2024-04-22,2024-03-20,439.75,436.0,392.0,400.0,418.0,436.0,456.0,480.0,500.0
2024-04-23,2024-03-21,443.0,436.0,394.0,404.0,420.0,436.0,456.0,482.0,502.0
2024-04-24,2024-03-22,437.75,438.0,392.0,402.0,420.0,438.0,458.0,482.0,502.0
2024-04-25,2024-03-25,441.0,436.0,390.0,404.0,418.0,436.0,454.0,476.0,496.0
2024-04-26,2024-03-26,440.0,428.0,386.0,396.0,414.0,428.0,446.0,464.0,484.0
2024-04-29,2024-03-27,439.25,420.0,376.0,388.0,404.0,420.0,438.0,458.0,476.0
2024-04-30,2024-03-28,439.5,436.0,390.0,400.0,418.0,436.0,456.0,480.0,502.0
2024-05-01,2024-04-01,443.25,428.0,388.0,396.0,412.0,428.0,444.0,464.0,482.0
2024-05-02,2024-04-02,452.0,416.0,372.0,386.0,402.0,416.0,434.0,452.0,468.0
2024-05-03,2024-04-03,447.0,422.0,374.0,386.0,402.0,422.0,438.0,458.0,476.0
2024-05-06,2024-04-04,457.0,428.0,380.0,392.0,408.0,428.0,442.0,464.0,482.0
2024-05-07,2024-04-05,453.75,428.0,378.0,392.0,410.0,428.0,444.0,466.0,486.0
2024-05-08,2024-04-08,445.5,430.0,386.0,398.0,414.0,430.0,448.0,468.0,486.0
2024-05-09,2024-04-09,442.75,426.0,382.0,394.0,410.0,426.0,442.0,464.0,482.0
2024-05-10,2024-04-10,455.75,430.0,384.0,398.0,412.0,430.0,448.0,468.0,486.0
2024-05-13,2024-04-11,458.5,422.0,378.0,388.0,406.0,422.0,440.0,458.0,476.0
2024-05-14,2024-04-12,453.75,430.0,388.0,400.0,414.0,430.0,444.0,464.0,482.0
2024-05-15,2024-04-15,462.5,428.0,388.0,394.0,410.0,428.0,440.0,458.0,474.0
2024-05-16,2024-04-16,457.0,428.0,386.0,398.0,412.0,428.0,440.0,460.0,478.0
2024-05-17,2024-04-17,452.5,428.0,388.0,398.0,412.0,428.0,442.0,460.0,478.0
2024-05-20,2024-04-18,460.5,420.0,382.0,392.0,406.0,420.0,434.0,452.0,470.0
2024-05-21,2024-04-19,458.0,430.0,386.0,400.0,414.0,430.0,446.0,466.0,486.0
2024-05-22,2024-04-22,461.25,434.0,396.0,406.0,420.0,434.0,452.0,472.0,492.0
2024-05-23,2024-04-23,464.0,440.0,402.0,412.0,426.0,440.0,456.0,476.0,498.0
2024-05-24,2024-04-24,464.75,434.0,394.0,404.0,420.0,434.0,448.0,468.0,486.0
2024-05-28,2024-04-25,462.5,436.0,394.0,404.0,420.0,436.0,450.0,470.0,488.0
2024-05-29,2024-04-26,455.25,436.0,394.0,406.0,420.0,436.0,450.0,470.0,486.0
2024-05-30,2024-04-29,448.75,436.0,394.0,404.0,422.0,436.0,452.0,468.0,486.0
2024-05-31,2024-04-30,446.25,438.0,398.0,408.0,424.0,438.0,454.0,470.0,488.0
2024-06-03,2024-05-01,443.5,444.0,400.0,410.0,426.0,444.0,460.0,478.0,498.0
2024-06-04,2024-05-02,442.5,454.0,408.0,416.0,436.0,454.0,472.0,496.0,516.0
2024-06-05,2024-05-03,439.25,448.0,406.0,418.0,432.0,448.0,466.0,486.0,506.0
2024-06-06,2024-05-06,452.0,458.0,414.0,428.0,440.0,458.0,478.0,500.0,524.0
2024-06-07,2024-05-07,448.75,456.0,412.0,424.0,440.0,456.0,474.0,494.0,516.0
2024-06-10,2024-05-08,451.75,448.0,400.0,412.0,432.0,448.0,466.0,486.0,504.0
2024-06-11,2024-05-09,449.5,444.0,398.0,408.0,426.0,444.0,460.0,482.0,502.0
2024-06-12,2024-05-10,454.25,458.0,408.0,422.0,440.0,458.0,480.0,506.0,528.0
2024-06-13,2024-05-13,458.5,462.0,414.0,426.0,444.0,462.0,484.0,510.0,536.0
2024-06-14,2024-05-14,450.0,456.0,406.0,420.0,438.0,456.0,474.0,496.0,520.0
2024-06-17,2024-05-15,443.75,462.0,418.0,430.0,446.0,462.0,482.0,506.0,528.0
2024-06-18,2024-05-16,450.0,458.0,408.0,424.0,440.0,458.0,478.0,500.0,520.0
2024-06-20,2024-05-17,439.75,452.0,396.0,414.0,434.0,452.0,472.0,494.0,516.0
2024-06-21,2024-05-20,435.0,460.0,410.0,424.0,444.0,460.0,480.0,502.0,524.0
2024-06-24,2024-05-21,433.5,460.0,406.0,424.0,442.0,460.0,478.0,502.0,524.0
2024-06-25,2024-05-22,425.5,464.0,412.0,428.0,446.0,464.0,482.0,506.0,528.0
2024-06-26,2024-05-23,420.0,468.0,414.0,430.0,450.0,468.0,488.0,510.0,532.0
2024-06-27,2024-05-24,413.75,468.0,418.0,434.0,452.0,468.0,486.0,508.0,532.0
2024-06-28,2024-05-28,397.25,466.0,416.0,430.0,450.0,466.0,484.0,506.0,528.0
2024-07-01,2024-05-29,398.25,458.0,404.0,422.0,440.0,458.0,476.0,496.0,516.0
2024-07-02,2024-05-30,402.0,450.0,394.0,410.0,432.0,450.0,466.0,488.0,506.0
2024-07-03,2024-05-31,403.5,448.0,390.0,408.0,428.0,448.0,464.0,486.0,504.0
2024-07-05,2024-06-03,411.25,444.0,388.0,404.0,426.0,444.0,462.0,484.0,504.0
2024-07-08,2024-06-04,395.75,444.0,392.0,408.0,426.0,444.0,462.0,482.0,500.0
2024-07-09,2024-06-05,400.25,442.0,390.0,406.0,424.0,442.0,458.0,480.0,500.0
2024-07-10,2024-06-06,403.25,450.0,400.0,414.0,432.0,450.0,468.0,490.0,510.0
2024-07-11,2024-06-07,406.75,448.0,402.0,416.0,432.0,448.0,466.0,486.0,504.0
2024-07-12,2024-06-10,400.0,452.0,402.0,416.0,434.0,452.0,470.0,490.0,508.0
2024-07-15,2024-06-11,390.5,448.0,394.0,412.0,430.0,448.0,466.0,486.0,506.0
2024-07-16,2024-06-12,395.75,452.0,402.0,416.0,436.0,452.0,468.0,488.0,510.0
2024-07-17,2024-06-13,398.0,460.0,406.0,422.0,442.0,460.0,478.0,500.0,524.0
2024-07-18,2024-06-14,391.25,450.0,398.0,416.0,434.0,450.0,466.0,486.0,506.0
2024-07-19,2024-06-17,390.5,446.0,394.0,408.0,428.0,446.0,462.0,484.0,504.0
2024-07-22,2024-06-18,400.25,450.0,400.0,414.0,436.0,450.0,468.0,490.0,510.0
2024-07-23,2024-06-20,402.5,442.0,384.0,402.0,422.0,442.0,458.0,480.0,502.0
2024-07-24,2024-06-21,403.75,432.0,372.0,392.0,414.0,432.0,450.0,472.0,494.0
2024-07-25,2024-06-24,406.0,434.0,380.0,396.0,414.0,434.0,450.0,470.0,492.0
2024-07-26,2024-06-25,394.5,424.0,364.0,382.0,404.0,424.0,442.0,464.0,484.0
2024-07-29,2024-06-26,396.25,418.0,358.0,376.0,398.0,418.0,438.0,460.0,482.0
2024-07-30,2024-06-27,388.75,408.0,344.0,364.0,388.0,408.0,428.0,450.0,472.0
2024-07-31,2024-06-28,382.75,390.0,300.0,330.0,366.0,390.0,416.0,446.0,474.0
2024-08-01,2024-07-01,382.0,388.0,300.0,330.0,364.0,388.0,412.0,438.0,464.0
2024-08-02,2024-07-02,386.5,392.0,328.0,346.0,374.0,392.0,414.0,438.0,462.0
2024-08-05,2024-07-03,390.75,398.0,332.0,354.0,376.0,398.0,418.0,442.0,464.0
2024-08-06,2024-07-05,388.75,408.0,348.0,366.0,388.0,408.0,428.0,456.0,482.0
2024-08-07,2024-07-08,383.25,388.0,320.0,342.0,368.0,388.0,410.0,438.0,466.0
2024-08-08,2024-07-09,379.25,392.0,328.0,348.0,370.0,392.0,414.0,440.0,466.0
2024-08-09,2024-07-10,376.75,396.0,338.0,358.0,378.0,396.0,416.0,440.0,466.0
2024-08-12,2024-07-11,383.25,404.0,348.0,366.0,386.0,404.0,424.0,450.0,478.0
2024-08-13,2024-07-12,377.75,398.0,342.0,358.0,380.0,398.0,418.0,444.0,472.0
2024-08-14,2024-07-15,381.0,388.0,328.0,348.0,368.0,388.0,408.0,436.0,466.0
2024-08-15,2024-07-16,375.0,390.0,338.0,350.0,374.0,390.0,410.0,434.0,460.0
2024-08-16,2024-07-17,370.5,392.0,342.0,356.0,374.0,392.0,410.0,434.0,458.0
2024-08-19,2024-07-18,378.0,388.0,336.0,350.0,368.0,388.0,406.0,428.0,452.0
2024-08-20,2024-07-19,375.0,388.0,336.0,350.0,368.0,388.0,404.0,426.0,450.0
2024-08-21,2024-07-22,375.5,396.0,350.0,362.0,380.0,396.0,414.0,436.0,462.0
2024-08-22,2024-07-23,371.5,400.0,350.0,364.0,382.0,400.0,418.0,444.0,470.0
2024-08-23,2024-07-24,367.75,400.0,354.0,368.0,384.0,400.0,418.0,442.0,464.0
2024-08-26,2024-07-25,362.0,402.0,360.0,370.0,386.0,402.0,420.0,440.0,460.0
2024-08-27,2024-07-26,367.25,392.0,342.0,356.0,374.0,392.0,410.0,434.0,452.0
2024-08-28,2024-07-29,365.25,396.0,344.0,360.0,376.0,396.0,412.0,434.0,454.0
2024-08-29,2024-07-30,371.75,386.0,332.0,346.0,366.0,386.0,406.0,428.0,446.0
2024-08-30,2024-07-31,378.0,380.0,326.0,338.0,360.0,380.0,400.0,424.0,442.0
2024-09-03,2024-08-01,386.5,380.0,330.0,342.0,364.0,380.0,400.0,422.0,438.0
2024-09-04,2024-08-02,390.5,384.0,332.0,348.0,364.0,384.0,402.0,420.0,438.0
2024-09-05,2024-08-05,390.0,388.0,342.0,352.0,370.0,388.0,408.0,430.0,446.0
2024-09-06,2024-08-06,383.75,388.0,340.0,350.0,370.0,388.0,408.0,428.0,448.0
2024-09-09,2024-08-07,384.25,380.0,328.0,342.0,362.0,380.0,398.0,420.0,438.0
2024-09-10,2024-08-08,379.5,374.0,322.0,336.0,356.0,374.0,394.0,416.0,432.0
2024-09-11,2024-08-09,380.5,372.0,322.0,336.0,354.0,372.0,390.0,412.0,430.0
2024-09-12,2024-08-12,386.25,378.0,336.0,346.0,362.0,378.0,396.0,416.0,434.0
2024-09-13,2024-08-13,390.75,374.0,328.0,342.0,356.0,374.0,392.0,412.0,430.0
2024-09-16,2024-08-14,410.75,376.0,332.0,344.0,360.0,376.0,396.0,418.0,438.0
2024-09-17,2024-08-15,412.5,368.0,318.0,332.0,350.0,368.0,386.0,406.0,424.0
2024-09-18,2024-08-16,412.75,360.0,314.0,324.0,344.0,360.0,376.0,398.0,414.0
2024-09-19,2024-08-19,405.75,370.0,322.0,334.0,352.0,370.0,386.0,408.0,426.0
2024-09-20,2024-08-20,401.75,368.0,322.0,334.0,352.0,368.0,384.0,404.0,422.0
2024-09-23,2024-08-21,413.5,370.0,326.0,336.0,354.0,370.0,386.0,406.0,422.0
2024-09-24,2024-08-22,411.75,366.0,322.0,336.0,350.0,366.0,382.0,402.0,418.0
2024-09-25,2024-08-23,415.25,360.0,316.0,326.0,344.0,360.0,376.0,394.0,412.0
2024-09-26,2024-08-26,413.25,354.0,308.0,318.0,338.0,354.0,372.0,392.0,408.0
2024-09-27,2024-08-27,418.0,360.0,316.0,326.0,344.0,360.0,378.0,396.0,412.0
2024-09-30,2024-08-28,424.75,360.0,316.0,324.0,342.0,360.0,376.0,396.0,412.0
2024-10-01,2024-08-29,429.0,364.0,322.0,332.0,350.0,364.0,384.0,402.0,420.0
2024-10-02,2024-08-30,432.5,372.0,326.0,338.0,354.0,372.0,390.0,412.0,432.0
2024-10-03,2024-09-03,428.25,382.0,338.0,348.0,364.0,382.0,402.0,426.0,450.0
2024-10-04,2024-09-04,424.75,392.0,344.0,354.0,372.0,392.0,412.0,436.0,460.0
2024-10-07,2024-09-05,426.0,388.0,346.0,352.0,370.0,388.0,408.0,430.0,450.0
2024-10-08,2024-09-06,420.75,380.0,334.0,346.0,362.0,380.0,396.0,420.0,440.0
2024-10-09,2024-09-09,421.0,378.0,336.0,346.0,362.0,378.0,396.0,416.0,434.0
2024-10-10,2024-09-10,418.5,370.0,328.0,338.0,354.0,370.0,386.0,406.0,424.0
2024-10-11,2024-09-11,415.75,374.0,330.0,340.0,358.0,374.0,390.0,410.0,426.0
2024-10-14,2024-09-12,408.25,382.0,338.0,348.0,366.0,382.0,398.0,418.0,434.0
2024-10-15,2024-09-13,401.25,388.0,344.0,354.0,372.0,388.0,408.0,428.0,446.0
2024-10-16,2024-09-16,404.75,404.0,348.0,360.0,380.0,404.0,432.0,466.0,498.0
2024-10-17,2024-09-17,406.75,412.0,350.0,366.0,388.0,412.0,440.0,474.0,504.0
2024-10-18,2024-09-18,404.75,412.0,356.0,368.0,392.0,412.0,438.0,466.0,488.0
2024-10-21,2024-09-19,409.5,404.0,352.0,364.0,384.0,404.0,426.0,450.0,470.0
2024-10-22,2024-09-20,416.5,398.0,344.0,360.0,378.0,398.0,420.0,444.0,466.0
2024-10-23,2024-09-23,419.0,410.0,356.0,370.0,388.0,410.0,432.0,458.0,480.0
2024-10-24,2024-09-24,421.5,408.0,352.0,366.0,388.0,408.0,430.0,454.0,474.0
2024-10-25,2024-09-25,415.25,414.0,358.0,374.0,394.0,414.0,438.0,462.0,482.0
2024-10-28,2024-09-26,410.75,412.0,360.0,372.0,392.0,412.0,434.0,456.0,476.0
2024-10-29,2024-09-27,413.75,418.0,364.0,376.0,398.0,418.0,440.0,462.0,482.0
2024-10-30,2024-09-30,411.5,426.0,370.0,384.0,406.0,426.0,450.0,476.0,496.0
2024-10-31,2024-10-01,410.75,432.0,376.0,392.0,410.0,432.0,454.0,478.0,496.0
2024-11-01,2024-10-02,414.5,436.0,378.0,394.0,414.0,436.0,458.0,484.0,502.0
2024-11-04,2024-10-03,416.5,434.0,378.0,394.0,414.0,434.0,456.0,476.0,494.0
2024-11-05,2024-10-04,418.5,428.0,374.0,386.0,408.0,428.0,448.0,470.0,488.0
2024-11-06,2024-10-07,426.25,430.0,380.0,394.0,412.0,430.0,448.0,468.0,484.0
2024-11-07,2024-10-08,427.5,422.0,370.0,384.0,402.0,422.0,440.0,460.0,476.0
2024-11-08,2024-10-09,431.0,422.0,370.0,384.0,404.0,422.0,440.0,460.0,474.0
2024-11-11,2024-10-10,430.0,418.0,368.0,382.0,400.0,418.0,436.0,456.0,470.0
2024-11-12,2024-10-11,428.5,414.0,366.0,378.0,396.0,414.0,432.0,450.0,464.0
2024-11-13,2024-10-14,426.5,406.0,350.0,364.0,386.0,406.0,424.0,444.0,462.0
2024-11-14,2024-10-15,419.0,394.0,334.0,350.0,374.0,394.0,414.0,436.0,452.0
2024-11-15,2024-10-16,424.0,400.0,342.0,358.0,380.0,400.0,420.0,442.0,458.0
2024-11-18,2024-10-17,429.25,402.0,348.0,364.0,382.0,402.0,424.0,444.0,462.0
2024-11-19,2024-10-18,427.25,402.0,348.0,364.0,382.0,402.0,422.0,442.0,458.0
2024-11-20,2024-10-21,430.25,410.0,356.0,368.0,390.0,410.0,430.0,450.0,466.0
2024-11-21,2024-10-22,426.75,416.0,362.0,376.0,396.0,416.0,438.0,458.0,476.0
2024-11-22,2024-10-23,425.5,418.0,366.0,380.0,398.0,418.0,438.0,456.0,472.0
2024-11-25,2024-10-24,424.75,420.0,370.0,384.0,402.0,420.0,440.0,462.0,478.0
2024-11-26,2024-10-25,420.0,414.0,364.0,378.0,396.0,414.0,434.0,452.0,468.0
2024-11-27,2024-10-28,415.75,408.0,356.0,368.0,390.0,408.0,428.0,448.0,464.0
2024-11-29,2024-10-29,423.0,414.0,366.0,378.0,396.0,414.0,432.0,450.0,464.0
2024-12-02,2024-10-30,424.5,410.0,362.0,376.0,394.0,410.0,428.0,446.0,460.0
2024-12-03,2024-10-31,423.25,410.0,366.0,376.0,394.0,410.0,428.0,444.0,458.0
2024-12-04,2024-11-01,422.0,414.0,370.0,382.0,398.0,414.0,432.0,450.0,462.0
2024-12-05,2024-11-04,426.5,418.0,376.0,386.0,402.0,418.0,432.0,448.0,460.0
2024-12-06,2024-11-05,430.75,420.0,378.0,390.0,404.0,420.0,436.0,454.0,466.0
2024-12-09,2024-11-06,434.0,428.0,384.0,394.0,410.0,428.0,444.0,462.0,476.0
2024-12-10,2024-11-07,440.5,430.0,386.0,398.0,414.0,430.0,448.0,464.0,478.0
2024-12-11,2024-11-08,438.0,436.0,390.0,402.0,418.0,436.0,456.0,474.0,488.0
2024-12-12,2024-11-11,431.75,434.0,390.0,400.0,418.0,434.0,452.0,468.0,482.0
2024-12-13,2024-11-12,430.0,430.0,386.0,396.0,414.0,430.0,448.0,466.0,478.0
2024-12-16,2024-11-13,445.0,430.0,380.0,394.0,412.0,430.0,448.0,466.0,480.0
2024-12-17,2024-11-14,443.5,418.0,366.0,380.0,400.0,418.0,438.0,456.0,472.0
2024-12-18,2024-11-15,437.25,424.0,374.0,388.0,406.0,424.0,444.0,464.0,478.0
2024-12-19,2024-11-18,440.75,432.0,388.0,398.0,414.0,432.0,450.0,466.0,480.0
2024-12-20,2024-11-19,446.25,430.0,384.0,396.0,414.0,430.0,448.0,464.0,478.0
2024-12-23,2024-11-20,447.75,434.0,394.0,404.0,420.0,434.0,450.0,466.0,478.0
2024-12-24,2024-11-21,448.5,430.0,388.0,398.0,414.0,430.0,446.0,462.0,474.0
2024-12-26,2024-11-22,453.75,428.0,386.0,398.0,412.0,428.0,442.0,458.0,470.0
2024-12-27,2024-11-25,454.0,428.0,388.0,398.0,414.0,428.0,442.0,458.0,470.0
2024-12-30,2024-11-26,452.25,422.0,384.0,394.0,408.0,422.0,438.0,452.0,462.0
2024-12-31,2024-11-27,458.5,418.0,374.0,386.0,404.0,418.0,434.0,448.0,460.0
2025-01-02,2024-11-29,459.5,424.0,384.0,394.0,410.0,424.0,440.0,454.0,466.0
2025-01-03,2024-12-02,450.75,426.0,386.0,396.0,412.0,426.0,442.0,456.0,468.0
2025-01-06,2024-12-03,457.75,428.0,388.0,396.0,412.0,428.0,444.0,458.0,470.0
2025-01-07,2024-12-04,458.0,426.0,388.0,398.0,412.0,426.0,440.0,454.0,464.0
2025-01-08,2024-12-05,454.0,430.0,392.0,402.0,416.0,430.0,444.0,458.0,468.0
2025-01-09,2024-12-06,456.0,434.0,390.0,402.0,418.0,434.0,450.0,466.0,478.0
2025-01-10,2024-12-09,470.5,438.0,396.0,406.0,422.0,438.0,454.0,470.0,482.0
2025-01-13,2024-12-10,476.5,444.0,402.0,412.0,428.0,444.0,462.0,480.0,494.0
2025-01-14,2024-12-11,474.5,442.0,404.0,412.0,428.0,442.0,458.0,472.0,484.0
2025-01-15,2024-12-12,478.75,436.0,394.0,404.0,420.0,436.0,452.0,466.0,480.0
2025-01-16,2024-12-13,474.5,434.0,396.0,406.0,420.0,434.0,450.0,464.0,474.0
2025-01-17,2024-12-16,484.25,448.0,406.0,416.0,432.0,448.0,466.0,484.0,498.0
2025-01-21,2024-12-17,490.0,448.0,408.0,418.0,432.0,448.0,466.0,484.0,496.0
2025-01-22,2024-12-18,484.25,442.0,404.0,414.0,428.0,442.0,458.0,474.0,486.0
2025-01-23,2024-12-19,489.75,448.0,410.0,418.0,432.0,448.0,462.0,478.0,488.0
2025-01-24,2024-12-20,486.5,452.0,412.0,422.0,436.0,452.0,468.0,484.0,498.0
2025-01-27,2024-12-23,482.0,454.0,414.0,422.0,438.0,454.0,468.0,486.0,498.0
2025-01-28,2024-12-24,485.25,456.0,416.0,426.0,440.0,456.0,470.0,486.0,498.0
2025-01-29,2024-12-26,497.0,462.0,422.0,430.0,446.0,462.0,478.0,496.0,508.0
2025-01-30,2024-12-27,490.25,460.0,420.0,430.0,444.0,460.0,476.0,494.0,508.0
2025-01-31,2024-12-30,482.0,460.0,420.0,430.0,444.0,460.0,474.0,490.0,502.0
2025-02-03,2024-12-31,488.75,466.0,424.0,434.0,450.0,466.0,484.0,502.0,520.0
2025-02-04,2025-01-02,494.5,466.0,426.0,434.0,450.0,466.0,484.0,502.0,516.0
2025-02-05,2025-01-03,493.25,458.0,414.0,424.0,442.0,458.0,476.0,496.0,510.0
2025-02-06,2025-01-06,495.25,464.0,424.0,434.0,448.0,464.0,482.0,498.0,512.0
2025-02-07,2025-01-07,487.5,464.0,424.0,434.0,448.0,464.0,480.0,498.0,512.0
2025-02-10,2025-01-08,491.5,462.0,426.0,434.0,448.0,462.0,478.0,494.0,506.0
2025-02-11,2025-01-09,484.0,464.0,426.0,434.0,450.0,464.0,478.0,494.0,508.0
2025-02-12,2025-01-10,490.25,474.0,434.0,444.0,458.0,474.0,492.0,510.0,528.0
2025-02-13,2025-01-13,493.5,482.0,440.0,450.0,464.0,482.0,502.0,524.0,544.0
2025-02-14,2025-01-14,496.25,482.0,442.0,450.0,466.0,482.0,500.0,520.0,536.0
2025-02-18,2025-01-15,502.0,490.0,448.0,458.0,472.0,490.0,508.0,532.0,552.0
2025-02-19,2025-01-16,497.5,482.0,442.0,452.0,466.0,482.0,500.0,520.0,536.0
2025-02-20,2025-01-17,498.0,492.0,450.0,458.0,474.0,492.0,512.0,536.0,556.0
2025-02-21,2025-01-21,491.25,498.0,454.0,464.0,480.0,498.0,520.0,544.0,564.0
2025-02-24,2025-01-22,482.5,492.0,450.0,460.0,474.0,492.0,512.0,532.0,552.0
2025-02-25,2025-01-23,479.75,498.0,456.0,464.0,480.0,498.0,520.0,544.0,564.0
2025-02-26,2025-01-24,478.25,496.0,452.0,462.0,478.0,496.0,516.0,540.0,564.0
2025-02-27,2025-01-27,464.75,492.0,448.0,458.0,474.0,492.0,510.0,532.0,552.0
2025-02-28,2025-01-28,453.5,494.0,450.0,460.0,476.0,494.0,512.0,536.0,556.0
2025-03-03,2025-01-29,440.25,502.0,462.0,470.0,486.0,502.0,520.0,544.0,560.0
2025-03-04,2025-01-30,436.0,498.0,456.0,464.0,480.0,498.0,516.0,536.0,556.0
2025-03-05,2025-01-31,440.25,494.0,452.0,462.0,476.0,494.0,510.0,528.0,544.0
2025-03-06,2025-02-03,449.5,498.0,458.0,466.0,482.0,498.0,516.0,532.0,552.0
2025-03-07,2025-02-04,455.25,500.0,460.0,470.0,484.0,500.0,520.0,540.0,556.0
2025-03-10,2025-02-05,458.75,502.0,462.0,470.0,486.0,502.0,520.0,540.0,556.0
2025-03-11,2025-02-06,456.5,506.0,466.0,474.0,488.0,506.0,524.0,540.0,556.0
2025-03-12,2025-02-07,448.75,500.0,462.0,470.0,484.0,500.0,516.0,536.0,552.0
2025-03-13,2025-02-10,453.5,500.0,460.0,468.0,484.0,500.0,516.0,536.0,552.0
2025-03-14,2025-02-11,445.5,492.0,452.0,462.0,476.0,492.0,508.0,528.0,544.0
2025-03-17,2025-02-12,461.0,498.0,460.0,468.0,482.0,498.0,512.0,532.0,548.0
2025-03-18,2025-02-13,458.75,500.0,460.0,470.0,484.0,500.0,516.0,536.0,548.0
2025-03-19,2025-02-14,462.0,502.0,464.0,472.0,486.0,502.0,520.0,536.0,552.0
2025-03-20,2025-02-18,469.0,510.0,466.0,476.0,492.0,510.0,528.0,548.0,568.0
2025-03-21,2025-02-19,464.25,504.0,464.0,472.0,488.0,504.0,520.0,540.0,556.0
2025-03-24,2025-02-20,464.5,504.0,462.0,472.0,488.0,504.0,520.0,540.0,556.0
2025-03-25,2025-02-21,457.75,496.0,454.0,464.0,480.0,496.0,512.0,528.0,544.0
2025-03-26,2025-02-24,451.25,488.0,444.0,454.0,470.0,488.0,506.0,524.0,536.0
2025-03-27,2025-02-25,450.0,486.0,444.0,454.0,470.0,486.0,502.0,520.0,532.0
2025-03-28,2025-02-26,453.25,484.0,442.0,452.0,468.0,484.0,502.0,520.0,532.0
2025-03-31,2025-02-27,457.25,472.0,420.0,432.0,452.0,472.0,492.0,512.0,528.0
2025-04-01,2025-02-28,461.75,458.0,400.0,416.0,438.0,458.0,480.0,502.0,520.0
2025-04-02,2025-03-03,457.75,442.0,356.0,384.0,416.0,442.0,468.0,492.0,512.0
2025-04-03,2025-03-04,457.5,436.0,352.0,378.0,412.0,436.0,462.0,490.0,516.0
2025-04-04,2025-03-05,460.25,444.0,380.0,400.0,422.0,444.0,466.0,488.0,506.0
2025-04-07,2025-03-06,464.5,454.0,404.0,416.0,436.0,454.0,476.0,498.0,516.0
2025-04-08,2025-03-07,469.0,460.0,412.0,424.0,442.0,460.0,482.0,502.0,516.0
2025-04-09,2025-03-10,474.0,464.0,418.0,428.0,446.0,464.0,482.0,504.0,516.0
2025-04-10,2025-03-11,483.0,458.0,410.0,422.0,440.0,458.0,476.0,494.0,508.0
2025-04-11,2025-03-12,490.25,450.0,400.0,414.0,432.0,450.0,468.0,488.0,504.0
2025-04-14,2025-03-13,485.0,456.0,410.0,422.0,438.0,456.0,476.0,494.0,508.0
2025-04-15,2025-03-14,481.25,446.0,398.0,410.0,428.0,446.0,466.0,486.0,500.0
2025-04-16,2025-03-17,484.25,464.0,416.0,428.0,444.0,464.0,484.0,506.0,520.0
2025-04-17,2025-03-18,482.25,462.0,416.0,426.0,444.0,462.0,482.0,502.0,516.0
2025-04-21,2025-03-19,481.75,466.0,420.0,432.0,448.0,466.0,486.0,506.0,520.0
2025-04-22,2025-03-20,475.75,476.0,430.0,440.0,456.0,476.0,496.0,516.0,532.0
2025-04-23,2025-03-21,472.0,468.0,424.0,434.0,450.0,468.0,488.0,508.0,524.0
2025-04-24,2025-03-24,477.25,468.0,424.0,434.0,450.0,468.0,488.0,508.0,524.0
2025-04-25,2025-03-25,478.75,462.0,416.0,428.0,444.0,462.0,480.0,500.0,516.0
2025-04-28,2025-03-26,475.5,454.0,406.0,418.0,434.0,454.0,472.0,494.0,508.0
2025-04-29,2025-03-27,460.5,450.0,400.0,414.0,432.0,450.0,470.0,490.0,506.0
2025-04-30,2025-03-28,467.25,454.0,410.0,420.0,438.0,454.0,474.0,494.0,508.0
2025-05-01,2025-03-31,464.25,460.0,416.0,426.0,442.0,460.0,478.0,498.0,512.0
2025-05-02,2025-04-01,461.25,466.0,424.0,432.0,448.0,466.0,484.0,502.0,516.0
2025-05-05,2025-04-02,446.5,460.0,418.0,428.0,444.0,460.0,478.0,496.0,510.0
2025-05-06,2025-04-03,447.5,460.0,418.0,426.0,442.0,460.0,478.0,498.0,512.0
2025-05-07,2025-04-04,441.0,462.0,420.0,430.0,446.0,462.0,480.0,500.0,512.0
2025-05-08,2025-04-07,439.0,466.0,422.0,432.0,448.0,466.0,486.0,504.0,520.0
2025-05-09,2025-04-08,441.5,472.0,428.0,438.0,454.0,472.0,490.0,510.0,524.0
2025-05-12,2025-04-09,440.25,478.0,434.0,444.0,460.0,478.0,496.0,516.0,532.0
2025-05-13,2025-04-10,436.0,488.0,442.0,452.0,470.0,488.0,510.0,532.0,548.0
2025-05-14,2025-04-11,438.5,496.0,448.0,458.0,476.0,496.0,520.0,544.0,564.0
2025-05-15,2025-04-14,448.5,490.0,444.0,454.0,470.0,490.0,510.0,532.0,548.0
2025-05-16,2025-04-15,443.5,486.0,440.0,450.0,466.0,486.0,506.0,528.0,544.0
2025-05-19,2025-04-16,447.5,490.0,444.0,454.0,470.0,490.0,508.0,528.0,544.0
2025-05-20,2025-04-17,454.5,488.0,444.0,454.0,470.0,488.0,508.0,528.0,544.0
2025-05-21,2025-04-21,461.0,486.0,440.0,450.0,468.0,486.0,506.0,524.0,540.0
2025-05-22,2025-04-22,463.0,480.0,434.0,444.0,462.0,480.0,498.0,516.0,532.0
2025-05-23,2025-04-23,459.5,476.0,432.0,442.0,458.0,476.0,494.0,512.0,524.0
2025-05-27,2025-04-24,459.5,482.0,438.0,448.0,464.0,482.0,500.0,516.0,532.0
2025-05-28,2025-04-25,451.0,482.0,438.0,450.0,464.0,482.0,500.0,516.0,532.0
2025-05-29,2025-04-28,447.0,480.0,434.0,446.0,462.0,480.0,496.0,516.0,532.0
2025-05-30,2025-04-29,444.0,468.0,422.0,432.0,450.0,468.0,486.0,504.0,516.0
2025-06-02,2025-04-30,438.25,470.0,424.0,436.0,452.0,470.0,488.0,508.0,524.0
2025-06-03,2025-05-01,438.5,466.0,422.0,432.0,448.0,466.0,484.0,502.0,516.0
2025-06-04,2025-05-02,438.75,464.0,418.0,430.0,446.0,464.0,482.0,500.0,516.0
2025-06-05,2025-05-05,439.5,452.0,402.0,414.0,434.0,452.0,472.0,492.0,506.0
2025-06-06,2025-05-06,442.5,452.0,402.0,414.0,432.0,452.0,472.0,492.0,508.0
2025-06-09,2025-05-07,433.5,444.0,390.0,404.0,424.0,444.0,464.0,484.0,500.0
2025-06-10,2025-05-08,438.75,442.0,394.0,406.0,424.0,442.0,462.0,482.0,498.0
2025-06-11,2025-05-09,437.0,444.0,398.0,410.0,426.0,444.0,464.0,484.0,498.0
2025-06-12,2025-05-12,438.5,444.0,398.0,408.0,426.0,444.0,462.0,482.0,498.0
2025-06-13,2025-05-13,444.5,438.0,392.0,402.0,420.0,438.0,456.0,478.0,492.0
2025-06-16,2025-05-14,434.75,440.0,394.0,404.0,422.0,440.0,458.0,478.0,494.0
2025-06-17,2025-05-15,431.5,450.0,404.0,416.0,432.0,450.0,468.0,488.0,502.0
2025-06-18,2025-05-16,433.5,446.0,400.0,412.0,428.0,446.0,464.0,484.0,498.0
2025-06-20,2025-05-19,428.75,450.0,406.0,416.0,432.0,450.0,468.0,486.0,500.0
2025-06-23,2025-05-20,419.25,456.0,410.0,420.0,438.0,456.0,476.0,496.0,512.0
2025-06-24,2025-05-21,416.25,462.0,416.0,426.0,442.0,462.0,480.0,500.0,516.0
2025-06-25,2025-05-22,410.25,464.0,418.0,428.0,446.0,464.0,484.0,504.0,520.0
2025-06-26,2025-05-23,409.5,462.0,416.0,426.0,442.0,462.0,480.0,498.0,512.0
2025-06-27,2025-05-27,417.5,462.0,416.0,426.0,442.0,462.0,480.0,498.0,512.0
2025-06-30,2025-05-28,420.5,456.0,408.0,420.0,438.0,456.0,474.0,494.0,508.0
2025-07-01,2025-05-29,420.0,450.0,404.0,414.0,432.0,450.0,470.0,488.0,504.0
2025-07-02,2025-05-30,429.25,446.0,398.0,410.0,426.0,446.0,464.0,484.0,498.0
2025-07-03,2025-06-02,431.5,438.0,392.0,404.0,422.0,438.0,458.0,478.0,492.0
2025-07-07,2025-06-03,418.0,438.0,394.0,404.0,422.0,438.0,458.0,476.0,492.0
2025-07-08,2025-06-04,411.0,440.0,398.0,408.0,424.0,440.0,458.0,476.0,490.0
2025-07-09,2025-06-05,412.5,440.0,398.0,408.0,424.0,440.0,458.0,476.0,490.0
2025-07-10,2025-06-06,407.25,444.0,402.0,412.0,428.0,444.0,462.0,480.0,494.0
2025-07-11,2025-06-09,403.0,436.0,390.0,402.0,418.0,436.0,452.0,472.0,486.0
2025-07-14,2025-06-10,412.75,440.0,400.0,408.0,424.0,440.0,458.0,476.0,490.0
2025-07-15,2025-06-11,401.25,438.0,396.0,408.0,422.0,438.0,456.0,474.0,488.0
2025-07-16,2025-06-12,405.25,440.0,398.0,408.0,424.0,440.0,460.0,480.0,498.0
2025-07-17,2025-06-13,402.0,448.0,404.0,414.0,430.0,448.0,466.0,486.0,502.0
2025-07-18,2025-06-16,408.5,438.0,392.0,402.0,420.0,438.0,456.0,476.0,490.0
2025-07-21,2025-06-17,403.75,434.0,386.0,398.0,416.0,434.0,452.0,472.0,488.0
2025-07-22,2025-06-18,399.25,434.0,392.0,402.0,418.0,434.0,452.0,470.0,484.0
2025-07-23,2025-06-20,398.5,430.0,384.0,396.0,412.0,430.0,448.0,468.0,484.0
2025-07-24,2025-06-23,401.75,422.0,376.0,388.0,404.0,422.0,440.0,460.0,476.0
2025-07-25,2025-06-24,399.5,418.0,370.0,382.0,400.0,418.0,436.0,454.0,470.0
2025-07-28,2025-06-25,393.75,412.0,364.0,376.0,394.0,412.0,430.0,448.0,462.0
2025-07-29,2025-06-26,389.25,410.0,362.0,374.0,392.0,410.0,428.0,448.0,462.0
2025-07-30,2025-06-27,391.75,420.0,376.0,386.0,402.0,420.0,438.0,456.0,470.0
2025-07-31,2025-06-30,394.0,422.0,378.0,388.0,406.0,422.0,440.0,458.0,474.0
2025-08-01,2025-07-01,389.5,422.0,378.0,388.0,404.0,422.0,440.0,458.0,472.0
2025-08-04,2025-07-02,387.0,432.0,388.0,398.0,414.0,432.0,452.0,470.0,486.0
2025-08-05,2025-07-03,381.5,434.0,392.0,402.0,418.0,434.0,452.0,470.0,482.0
2025-08-06,2025-07-07,379.75,420.0,374.0,386.0,402.0,420.0,436.0,454.0,468.0
2025-08-07,2025-07-08,384.5,414.0,366.0,378.0,396.0,414.0,432.0,450.0,466.0
2025-08-08,2025-07-09,382.75,414.0,368.0,380.0,396.0,414.0,432.0,450.0,464.0
2025-08-11,2025-07-10,385.0,406.0,360.0,370.0,388.0,406.0,426.0,444.0,460.0
2025-08-12,2025-07-11,371.5,404.0,354.0,366.0,384.0,404.0,422.0,442.0,458.0
2025-08-13,2025-07-14,374.0,414.0,366.0,378.0,396.0,414.0,432.0,450.0,466.0
2025-08-14,2025-07-15,375.0,402.0,352.0,364.0,382.0,402.0,420.0,440.0,454.0
2025-08-15,2025-07-16,383.75,404.0,358.0,370.0,386.0,404.0,424.0,442.0,456.0
2025-08-18,2025-07-17,383.0,400.0,354.0,366.0,384.0,400.0,420.0,438.0,452.0
2025-08-19,2025-07-18,379.5,408.0,364.0,374.0,390.0,408.0,426.0,444.0,458.0
2025-08-20,2025-07-21,380.0,404.0,358.0,370.0,386.0,404.0,422.0,440.0,454.0
2025-08-21,2025-07-22,387.25,398.0,354.0,366.0,382.0,398.0,418.0,436.0,448.0
2025-08-22,2025-07-23,388.25,398.0,352.0,364.0,380.0,398.0,416.0,434.0,448.0
2025-08-25,2025-07-24,389.25,400.0,354.0,366.0,384.0,400.0,420.0,438.0,454.0
2025-08-26,2025-07-25,387.5,398.0,354.0,364.0,382.0,398.0,416.0,436.0,450.0
2025-08-27,2025-07-28,382.5,394.0,348.0,360.0,376.0,394.0,410.0,430.0,442.0
2025-08-28,2025-07-29,385.5,390.0,342.0,354.0,372.0,390.0,408.0,426.0,438.0
2025-08-29,2025-07-30,398.0,390.0,344.0,356.0,372.0,390.0,408.0,426.0,438.0
2025-09-02,2025-07-31,403.0,392.0,348.0,358.0,374.0,392.0,410.0,428.0,440.0
2025-09-03,2025-08-01,397.75,388.0,342.0,354.0,370.0,388.0,406.0,424.0,436.0
2025-09-04,2025-08-04,399.75,386.0,340.0,350.0,368.0,386.0,404.0,422.0,434.0
2025-09-05,2025-08-05,399.0,380.0,332.0,344.0,362.0,380.0,396.0,414.0,426.0
2025-09-08,2025-08-06,403.0,376.0,330.0,340.0,358.0,376.0,394.0,412.0,424.0
2025-09-09,2025-08-07,401.25,382.0,338.0,348.0,366.0,382.0,400.0,418.0,430.0
2025-09-10,2025-08-08,397.25,382.0,338.0,348.0,364.0,382.0,400.0,418.0,428.0
2025-09-11,2025-08-11,399.0,386.0,342.0,352.0,368.0,386.0,402.0,420.0,430.0
2025-09-12,2025-08-12,399.0,372.0,328.0,340.0,354.0,372.0,390.0,406.0,416.0
2025-09-15,2025-08-13,423.25,374.0,330.0,342.0,356.0,374.0,390.0,406.0,416.0
2025-09-16,2025-08-14,429.5,372.0,328.0,340.0,356.0,372.0,390.0,406.0,416.0
2025-09-17,2025-08-15,426.75,380.0,338.0,348.0,364.0,380.0,398.0,416.0,426.0
2025-09-18,2025-08-18,423.75,380.0,340.0,348.0,364.0,380.0,398.0,414.0,424.0
2025-09-19,2025-08-19,424.0,378.0,338.0,348.0,362.0,378.0,394.0,410.0,420.0
2025-09-22,2025-08-20,421.75,378.0,336.0,346.0,362.0,378.0,396.0,412.0,424.0
2025-09-23,2025-08-21,426.25,386.0,344.0,354.0,368.0,386.0,402.0,420.0,430.0
2025-09-24,2025-08-22,424.25,388.0,346.0,356.0,370.0,388.0,404.0,420.0,430.0
2025-09-25,2025-08-25,425.75,390.0,348.0,356.0,372.0,390.0,406.0,424.0,434.0
2025-09-26,2025-08-26,422.0,388.0,346.0,356.0,372.0,388.0,406.0,422.0,432.0
2025-09-29,2025-08-27,421.5,382.0,340.0,350.0,366.0,382.0,398.0,416.0,426.0
2025-09-30,2025-08-28,415.5,386.0,342.0,354.0,368.0,386.0,402.0,420.0,430.0
2025-10-01,2025-08-29,416.5,396.0,354.0,364.0,378.0,396.0,412.0,430.0,440.0
2025-10-02,2025-09-02,421.75,402.0,360.0,370.0,384.0,402.0,420.0,436.0,448.0
2025-10-03,2025-09-03,419.0,398.0,356.0,364.0,382.0,398.0,416.0,432.0,442.0
2025-10-06,2025-09-04,421.75,402.0,358.0,368.0,384.0,402.0,420.0,436.0,448.0
2025-10-07,2025-09-05,419.75,400.0,358.0,368.0,384.0,400.0,418.0,434.0,444.0
2025-10-08,2025-09-08,422.0,404.0,362.0,372.0,388.0,404.0,422.0,438.0,450.0
2025-10-09,2025-09-09,418.25,402.0,358.0,370.0,386.0,402.0,420.0,436.0,448.0
2025-10-10,2025-09-10,413.0,398.0,356.0,366.0,382.0,398.0,416.0,432.0,442.0
2025-10-13,2025-09-11,410.75,400.0,360.0,368.0,384.0,400.0,418.0,434.0,444.0
2025-10-14,2025-09-12,413.0,400.0,358.0,366.0,384.0,400.0,418.0,434.0,444.0
2025-10-15,2025-09-15,416.75,418.0,374.0,384.0,400.0,418.0,436.0,452.0,464.0
2025-10-16,2025-09-16,421.75,428.0,382.0,392.0,410.0,428.0,446.0,462.0,474.0
2025-10-17,2025-09-17,422.5,426.0,378.0,390.0,406.0,426.0,444.0,460.0,472.0
2025-10-20,2025-09-18,423.25,424.0,378.0,388.0,406.0,424.0,444.0,460.0,472.0
2025-10-21,2025-09-19,419.75,424.0,378.0,390.0,408.0,424.0,442.0,460.0,470.0
2025-10-22,2025-09-22,423.0,422.0,376.0,388.0,406.0,422.0,440.0,456.0,468.0
2025-10-23,2025-09-23,428.0,428.0,384.0,394.0,410.0,428.0,446.0,462.0,472.0
2025-10-24,2025-09-24,423.25,426.0,380.0,390.0,408.0,426.0,442.0,458.0,470.0
2025-10-27,2025-09-25,428.75,426.0,382.0,392.0,410.0,426.0,444.0,460.0,472.0
2025-10-28,2025-09-26,432.0,424.0,376.0,388.0,404.0,424.0,442.0,458.0,468.0
2025-10-29,2025-09-29,434.0,422.0,376.0,388.0,404.0,422.0,440.0,456.0,468.0
2025-10-30,2025-09-30,430.25,416.0,370.0,380.0,398.0,416.0,434.0,452.0,462.0
2025-10-31,2025-10-01,431.5,418.0,370.0,382.0,400.0,418.0,436.0,452.0,464.0
2025-11-03,2025-10-02,434.25,424.0,376.0,388.0,406.0,424.0,440.0,456.0,468.0
2025-11-04,2025-10-03,431.5,420.0,374.0,384.0,402.0,420.0,438.0,454.0,466.0
2025-11-05,2025-10-06,435.25,424.0,378.0,390.0,406.0,424.0,442.0,458.0,470.0
2025-11-06,2025-10-07,428.75,420.0,374.0,386.0,404.0,420.0,438.0,454.0,466.0
2025-11-07,2025-10-08,427.25,422.0,378.0,388.0,406.0,422.0,440.0,456.0,466.0
2025-11-10,2025-10-09,429.75,418.0,372.0,384.0,402.0,418.0,436.0,452.0,464.0
2025-11-11,2025-10-10,432.0,414.0,368.0,378.0,396.0,414.0,432.0,448.0,460.0
2025-11-12,2025-10-13,435.25,412.0,366.0,376.0,394.0,412.0,428.0,446.0,456.0
2025-11-13,2025-10-14,441.5,414.0,368.0,378.0,396.0,414.0,430.0,448.0,458.0
2025-11-14,2025-10-15,430.25,416.0,372.0,384.0,400.0,416.0,434.0,450.0,460.0
2025-11-17,2025-10-16,434.75,422.0,378.0,388.0,406.0,422.0,440.0,454.0,466.0
2025-11-18,2025-10-17,436.75,424.0,380.0,390.0,406.0,424.0,440.0,456.0,466.0
2025-11-19,2025-10-20,429.75,426.0,380.0,392.0,408.0,426.0,442.0,458.0,468.0
2025-11-20,2025-10-21,426.5,420.0,378.0,388.0,404.0,420.0,438.0,452.0,462.0
2025-11-21,2025-10-22,425.5,426.0,384.0,394.0,408.0,426.0,442.0,456.0,466.0
2025-11-24,2025-10-23,423.75,430.0,388.0,398.0,414.0,430.0,446.0,462.0,474.0
2025-11-25,2025-10-24,423.5,426.0,382.0,394.0,410.0,426.0,442.0,456.0,468.0
2025-11-26,2025-10-27,431.75,432.0,388.0,398.0,414.0,432.0,448.0,464.0,474.0
2025-11-28,2025-10-28,435.5,434.0,392.0,402.0,418.0,434.0,452.0,468.0,478.0
2025-12-01,2025-10-29,432.75,436.0,394.0,404.0,420.0,436.0,454.0,468.0,480.0
2025-12-02,2025-10-30,438.0,434.0,392.0,402.0,416.0,434.0,450.0,464.0,474.0
2025-12-03,2025-10-31,431.5,434.0,392.0,402.0,418.0,434.0,450.0,466.0,476.0
2025-12-04,2025-11-03,437.75,438.0,396.0,406.0,422.0,438.0,454.0,468.0,480.0
2025-12-05,2025-11-04,436.75,434.0,392.0,402.0,418.0,434.0,450.0,466.0,476.0
2025-12-08,2025-11-05,436.25,440.0,398.0,408.0,424.0,440.0,454.0,470.0,480.0
2025-12-09,2025-11-06,440.75,432.0,392.0,402.0,416.0,432.0,448.0,462.0,472.0
2025-12-10,2025-11-07,434.75,432.0,390.0,400.0,416.0,432.0,446.0,462.0,472.0
2025-12-11,2025-11-10,435.25,434.0,392.0,402.0,418.0,434.0,448.0,464.0,474.0
2025-12-12,2025-11-11,431.5,436.0,394.0,406.0,420.0,436.0,452.0,466.0,476.0
2025-12-15,2025-11-12,439.75,438.0,398.0,408.0,424.0,438.0,454.0,470.0,480.0
2025-12-16,2025-11-13,436.5,444.0,406.0,416.0,430.0,444.0,460.0,476.0,486.0
2025-12-17,2025-11-14,440.5,436.0,394.0,404.0,420.0,436.0,452.0,466.0,476.0
2025-12-18,2025-11-17,444.5,440.0,398.0,408.0,424.0,440.0,456.0,470.0,480.0
2025-12-19,2025-11-18,443.75,440.0,400.0,410.0,426.0,440.0,456.0,470.0,480.0
2025-12-22,2025-11-19,447.0,434.0,394.0,404.0,418.0,434.0,450.0,466.0,476.0
2025-12-23,2025-11-20,447.5,430.0,390.0,398.0,414.0,430.0,446.0,462.0,472.0
2025-12-24,2025-11-21,451.0,428.0,388.0,398.0,414.0,428.0,444.0,458.0,468.0
2025-12-26,2025-11-24,450.0,426.0,386.0,396.0,412.0,426.0,442.0,456.0,466.0
2025-12-29,2025-11-25,442.25,426.0,386.0,396.0,412.0,426.0,442.0,456.0,466.0
2025-12-30,2025-11-26,440.5,432.0,394.0,402.0,418.0,432.0,448.0,464.0,472.0
2025-12-31,2025-11-28,440.25,436.0,398.0,408.0,422.0,436.0,452.0,466.0,476.0
2026-01-02,2025-12-01,437.5,434.0,396.0,404.0,420.0,434.0,450.0,464.0,474.0
2026-01-05,2025-12-02,444.5,440.0,402.0,410.0,424.0,440.0,456.0,470.0,478.0
2026-01-06,2025-12-03,444.0,434.0,396.0,404.0,420.0,434.0,450.0,464.0,474.0
2026-01-07,2025-12-04,446.75,440.0,398.0,408.0,424.0,440.0,456.0,470.0,480.0
2026-01-08,2025-12-05,446.0,440.0,400.0,410.0,424.0,440.0,454.0,470.0,478.0
2026-01-09,2025-12-08,445.75,440.0,402.0,412.0,424.0,440.0,454.0,468.0,476.0
2026-01-12,2025-12-09,421.5,444.0,404.0,414.0,428.0,444.0,458.0,472.0,482.0
2026-01-13,2025-12-10,419.75,438.0,400.0,410.0,424.0,438.0,454.0,468.0,476.0
2026-01-14,2025-12-11,422.0,438.0,400.0,410.0,424.0,438.0,454.0,466.0,476.0
2026-01-15,2025-12-12,420.25,436.0,396.0,406.0,420.0,436.0,450.0,464.0,472.0
2026-01-16,2025-12-15,424.75,442.0,404.0,414.0,426.0,442.0,456.0,470.0,480.0
2026-01-20,2025-12-16,423.75,438.0,402.0,410.0,424.0,438.0,454.0,466.0,476.0
2026-01-21,2025-12-17,421.75,444.0,406.0,414.0,428.0,444.0,458.0,472.0,480.0
2026-01-22,2025-12-18,424.0,446.0,410.0,418.0,432.0,446.0,462.0,476.0,484.0
2026-01-23,2025-12-19,430.5,446.0,408.0,418.0,432.0,446.0,462.0,476.0,484.0
2026-01-26,2025-12-22,428.25,450.0,412.0,422.0,436.0,450.0,464.0,478.0,488.0
2026-01-27,2025-12-23,426.5,450.0,414.0,422.0,436.0,450.0,466.0,480.0,488.0
2026-01-28,2025-12-24,430.0,454.0,418.0,426.0,440.0,454.0,468.0,482.0,492.0
2026-01-29,2025-12-26,430.75,454.0,416.0,426.0,440.0,454.0,468.0,482.0,490.0
2026-01-30,2025-12-29,428.25,446.0,406.0,418.0,432.0,446.0,462.0,476.0,484.0
2026-02-02,2025-12-30,425.75,446.0,406.0,416.0,430.0,446.0,460.0,474.0,482.0
2026-02-03,2025-12-31,428.5,444.0,408.0,418.0,432.0,444.0,458.0,472.0,480.0
2026-02-04,2026-01-02,429.5,440.0,404.0,412.0,426.0,440.0,456.0,468.0,476.0
2026-02-05,2026-01-05,435.0,448.0,410.0,420.0,434.0,448.0,462.0,476.0,484.0
2026-02-06,2026-01-06,430.25,448.0,410.0,420.0,434.0,448.0,462.0,474.0,484.0
2026-02-09,2026-01-07,428.75,450.0,412.0,422.0,436.0,450.0,464.0,478.0,486.0
2026-02-10,2026-01-08,428.75,450.0,412.0,422.0,436.0,450.0,462.0,476.0,484.0
2026-02-11,2026-01-09,427.5,448.0,412.0,422.0,436.0,448.0,462.0,474.0,484.0
2026-02-12,2026-01-12,431.25,430.0,384.0,396.0,412.0,430.0,446.0,460.0,470.0
2026-02-13,2026-01-13,431.75,426.0,384.0,394.0,410.0,426.0,442.0,456.0,466.0
2026-02-17,2026-01-14,426.25,426.0,384.0,394.0,410.0,426.0,442.0,458.0,466.0
2026-02-18,2026-01-15,427.0,424.0,384.0,394.0,408.0,424.0,440.0,454.0,464.0
2026-02-19,2026-01-16,425.75,430.0,390.0,400.0,414.0,430.0,444.0,458.0,468.0
2026-02-20,2026-01-20,427.5,428.0,392.0,402.0,414.0,428.0,442.0,456.0,464.0
2026-02-23,2026-01-21,427.5,426.0,394.0,402.0,414.0,426.0,440.0,452.0,460.0
2026-02-24,2026-01-22,427.75,428.0,390.0,400.0,414.0,428.0,442.0,456.0,466.0
2026-02-25,2026-01-23,430.5,434.0,396.0,404.0,420.0,434.0,450.0,464.0,472.0
2026-02-26,2026-01-26,433.25,432.0,394.0,404.0,418.0,432.0,446.0,460.0,468.0
2026-02-27,2026-01-27,438.75,430.0,390.0,400.0,416.0,430.0,446.0,460.0,468.0
2026-03-02,2026-01-28,433.25,434.0,394.0,404.0,418.0,434.0,448.0,462.0,472.0
2026-03-03,2026-01-29,434.25,434.0,396.0,406.0,420.0,434.0,450.0,462.0,472.0
2026-03-04,2026-01-30,431.75,432.0,394.0,404.0,418.0,432.0,446.0,460.0,468.0
2026-03-05,2026-02-02,441.5,428.0,390.0,400.0,414.0,428.0,444.0,456.0,466.0
2026-03-06,2026-02-03,447.0,430.0,394.0,402.0,416.0,430.0,446.0,460.0,468.0
2026-03-09,2026-02-04,437.5,432.0,396.0,404.0,418.0,432.0,446.0,460.0,468.0
2026-03-10,2026-02-05,436.25,438.0,404.0,412.0,424.0,438.0,452.0,464.0,472.0
2026-03-11,2026-02-06,444.25,434.0,398.0,406.0,420.0,434.0,448.0,460.0,470.0
2026-03-12,2026-02-09,448.25,434.0,400.0,408.0,420.0,434.0,446.0,460.0,468.0
2026-03-13,2026-02-10,452.5,432.0,398.0,408.0,420.0,432.0,446.0,458.0,466.0
2026-03-16,2026-02-11,454.0,432.0,400.0,408.0,420.0,432.0,444.0,454.0,462.0
2026-03-17,2026-02-12,454.0,436.0,410.0,416.0,426.0,436.0,444.0,456.0,462.0
2026-03-18,2026-02-13,463.25,436.0,408.0,414.0,424.0,436.0,446.0,458.0,466.0
2026-03-19,2026-02-17,469.75,430.0,396.0,406.0,418.0,430.0,442.0,454.0,464.0
2026-03-20,2026-02-18,465.5,430.0,400.0,408.0,418.0,430.0,442.0,454.0,462.0
2026-03-23,2026-02-19,459.5,428.0,398.0,406.0,416.0,428.0,440.0,452.0,460.0
2026-03-24,2026-02-20,462.5,430.0,400.0,406.0,418.0,430.0,442.0,454.0,462.0
2026-03-25,2026-02-23,467.25,430.0,398.0,406.0,418.0,430.0,442.0,454.0,462.0
2026-03-26,2026-02-24,467.0,430.0,400.0,408.0,420.0,430.0,442.0,452.0,460.0
2026-03-27,2026-02-25,462.0,432.0,400.0,408.0,420.0,432.0,444.0,456.0,466.0
2026-03-30,2026-02-26,455.75,436.0,404.0,412.0,422.0,436.0,448.0,460.0,468.0
2026-03-31,2026-02-27,457.75,440.0,408.0,416.0,428.0,440.0,452.0,466.0,474.0
2026-04-01,2026-03-02,454.25,436.0,406.0,414.0,424.0,436.0,448.0,460.0,468.0
2026-04-02,2026-03-03,452.25,438.0,406.0,414.0,426.0,438.0,450.0,462.0,470.0
2026-04-06,2026-03-04,454.0,436.0,408.0,414.0,426.0,436.0,448.0,458.0,466.0
2026-04-07,2026-03-05,449.0,444.0,412.0,420.0,432.0,444.0,456.0,468.0,476.0
2026-04-08,2026-03-06,447.25,450.0,420.0,426.0,438.0,450.0,462.0,474.0,484.0
2026-04-09,2026-03-09,444.0,442.0,416.0,422.0,432.0,442.0,454.0,466.0,474.0
2026-04-10,2026-03-10,441.0,440.0,412.0,420.0,430.0,440.0,452.0,464.0,474.0
2026-04-13,2026-03-11,440.25,446.0,414.0,422.0,434.0,446.0,460.0,472.0,482.0
2026-04-14,2026-03-12,443.0,450.0,418.0,426.0,438.0,450.0,464.0,478.0,486.0
2026-04-15,2026-03-13,451.25,456.0,422.0,430.0,442.0,456.0,470.0,484.0,494.0
2026-04-16,2026-03-16,448.5,456.0,422.0,430.0,442.0,456.0,470.0,484.0,494.0
2026-04-17,2026-03-17,448.75,456.0,424.0,432.0,444.0,456.0,470.0,484.0,494.0
2026-04-20,2026-03-18,452.0,464.0,428.0,438.0,450.0,464.0,480.0,496.0,508.0
2026-04-21,2026-03-19,453.75,470.0,434.0,442.0,456.0,470.0,488.0,504.0,516.0
2026-04-22,2026-03-20,454.25,468.0,432.0,440.0,452.0,468.0,484.0,500.0,510.0
2026-04-23,2026-03-23,455.5,464.0,426.0,436.0,448.0,464.0,478.0,494.0,504.0
2026-04-24,2026-03-24,455.0,466.0,430.0,438.0,452.0,466.0,482.0,496.0,506.0
2026-04-27,2026-03-25,460.75,470.0,434.0,442.0,456.0,470.0,486.0,502.0,512.0
2026-04-28,2026-03-26,465.25,472.0,436.0,444.0,458.0,472.0,488.0,504.0,516.0
2026-04-29,2026-03-27,466.5,468.0,432.0,440.0,454.0,468.0,482.0,496.0,506.0
2026-04-30,2026-03-30,464.75,460.0,424.0,434.0,448.0,460.0,476.0,490.0,500.0
2026-05-01,2026-03-31,468.25,464.0,426.0,436.0,448.0,464.0,478.0,492.0,502.0
2026-05-04,2026-04-01,473.75,458.0,422.0,432.0,444.0,458.0,472.0,488.0,496.0
2026-05-05,2026-04-02,465.5,458.0,420.0,428.0,442.0,458.0,472.0,486.0,496.0
2026-05-06,2026-04-06,452.75,458.0,422.0,432.0,444.0,458.0,472.0,486.0,496.0
2026-05-07,2026-04-07,452.75,454.0,416.0,424.0,438.0,454.0,468.0,482.0,492.0
2026-05-08,2026-04-08,456.25,452.0,414.0,424.0,436.0,452.0,466.0,480.0,490.0
2026-05-11,2026-04-09,460.75,448.0,410.0,420.0,434.0,448.0,462.0,476.0,486.0
2026-05-12,2026-04-10,467.25,446.0,408.0,416.0,430.0,446.0,460.0,472.0,482.0
2026-05-13,2026-04-13,466.5,444.0,406.0,414.0,428.0,444.0,458.0,472.0,480.0
2026-05-14,2026-04-14,451.5,446.0,410.0,418.0,432.0,446.0,460.0,474.0,482.0
2026-05-15,2026-04-15,455.75,454.0,416.0,426.0,438.0,454.0,468.0,482.0,492.0
2026-05-18,2026-04-16,477.0,450.0,414.0,424.0,436.0,450.0,464.0,478.0,488.0
2026-05-19,2026-04-17,475.25,452.0,414.0,424.0,438.0,452.0,466.0,480.0,488.0
2026-05-20,2026-04-20,465.75,454.0,418.0,428.0,440.0,454.0,468.0,480.0,490.0
2026-05-21,2026-04-21,462.25,454.0,422.0,430.0,442.0,454.0,468.0,480.0,490.0
2026-05-22,2026-04-22,463.25,456.0,424.0,432.0,444.0,456.0,468.0,480.0,488.0
2026-05-26,2026-04-23,457.5,458.0,426.0,434.0,446.0,458.0,470.0,484.0,494.0
2026-05-27,2026-04-24,452.5,456.0,424.0,432.0,446.0,456.0,470.0,482.0,490.0
2026-05-28,2026-04-27,455.75,462.0,428.0,436.0,450.0,462.0,474.0,488.0,498.0
2026-05-29,2026-04-28,446.75,466.0,434.0,442.0,454.0,466.0,480.0,492.0,502.0
2026-06-01,2026-04-29,444.0,468.0,436.0,442.0,456.0,468.0,480.0,494.0,504.0
2026-06-02,2026-04-30,440.5,466.0,434.0,440.0,454.0,466.0,478.0,492.0,502.0
2026-06-03,2026-05-01,431.5,470.0,438.0,444.0,458.0,470.0,484.0,496.0,506.0
2026-06-04,2026-05-04,424.5,474.0,440.0,448.0,460.0,474.0,488.0,504.0,512.0
2026-06-05,2026-05-05,417.5,468.0,432.0,440.0,454.0,468.0,480.0,496.0,506.0
2026-06-08,2026-05-06,418.75,458.0,422.0,430.0,444.0,458.0,472.0,486.0,496.0
2026-06-09,2026-05-07,419.5,458.0,420.0,430.0,444.0,458.0,472.0,488.0,496.0
2026-06-10,2026-05-08,419.0,460.0,424.0,432.0,446.0,460.0,474.0,488.0,496.0
2026-06-11,2026-05-11,411.75,462.0,428.0,436.0,450.0,462.0,478.0,492.0,502.0
2026-06-12,2026-05-12,412.75,470.0,434.0,442.0,456.0,470.0,484.0,500.0,510.0
2026-06-15,2026-05-13,415.5,468.0,434.0,442.0,454.0,468.0,482.0,496.0,506.0
2026-06-16,2026-05-14,413.75,458.0,422.0,430.0,444.0,458.0,472.0,484.0,494.0
2026-06-17,2026-05-15,421.0,460.0,422.0,432.0,446.0,460.0,476.0,490.0,498.0
2026-06-18,2026-05-18,417.5,476.0,436.0,444.0,460.0,476.0,492.0,508.0,520.0
2026-06-22,2026-05-19,411.5,474.0,434.0,444.0,460.0,474.0,490.0,506.0,516.0
2026-06-23,2026-05-20,409.75,470.0,430.0,438.0,454.0,470.0,486.0,500.0,510.0
2026-06-24,2026-05-21,407.0,468.0,426.0,436.0,452.0,468.0,484.0,500.0,510.0
2026-06-25,2026-05-22,414.75,466.0,428.0,436.0,452.0,466.0,482.0,498.0,508.0
2026-06-26,2026-05-26,412.75,460.0,420.0,430.0,444.0,460.0,476.0,492.0,502.0
2026-06-29,2026-05-27,402.0,456.0,416.0,426.0,440.0,456.0,472.0,486.0,496.0
2026-06-30,2026-05-28,412.75,458.0,418.0,428.0,442.0,458.0,476.0,490.0,502.0
2026-07-01,2026-05-29,421.0,450.0,408.0,418.0,434.0,450.0,468.0,484.0,494.0
2026-07-02,2026-06-01,425.0,448.0,404.0,414.0,430.0,448.0,466.0,482.0,492.0
2026-07-06,2026-06-02,440.75,444.0,402.0,414.0,428.0,444.0,460.0,476.0,486.0
2026-07-07,2026-06-03,442.5,434.0,388.0,400.0,418.0,434.0,452.0,468.0,478.0
2026-07-08,2026-06-04,434.75,428.0,380.0,394.0,412.0,428.0,446.0,462.0,474.0
2026-07-09,2026-06-05,427.75,418.0,368.0,382.0,400.0,418.0,436.0,452.0,464.0
2026-07-10,2026-06-08,438.0,422.0,378.0,390.0,406.0,422.0,438.0,454.0,464.0
2026-07-13,2026-06-09,437.75,424.0,382.0,392.0,408.0,424.0,440.0,454.0,464.0
2026-07-14,2026-06-10,433.75,422.0,382.0,392.0,408.0,422.0,438.0,452.0,464.0
2026-07-15,2026-06-11,447.5,414.0,368.0,380.0,398.0,414.0,430.0,446.0,456.0
2026-07-16,2026-06-12,441.5,414.0,372.0,382.0,398.0,414.0,430.0,446.0,458.0
2026-07-17,2026-06-15,444.75,416.0,376.0,386.0,402.0,416.0,432.0,448.0,460.0
2026-07-20,2026-06-16,449.5,412.0,372.0,382.0,398.0,412.0,428.0,444.0,456.0
2026-07-21,2026-06-17,452.75,422.0,380.0,390.0,406.0,422.0,440.0,456.0,466.0
2026-07-22,2026-06-18,462.0,416.0,376.0,386.0,402.0,416.0,434.0,450.0,460.0
2026-07-23,2026-06-22,464.0,412.0,368.0,380.0,396.0,412.0,428.0,444.0,456.0
2026-07-24,2026-06-23,464.25,410.0,366.0,378.0,394.0,410.0,426.0,442.0,452.0
2026-07-27,2026-06-24,451.75,406.0,364.0,374.0,390.0,406.0,422.0,438.0,448.0
2026-07-28,2026-06-25,458.5,414.0,374.0,384.0,398.0,414.0,430.0,446.0,456.0
2026-07-29,2026-06-26,449.0,410.0,372.0,382.0,396.0,410.0,426.0,442.0,454.0
2026-07-30,2026-06-29,445.75,402.0,360.0,372.0,386.0,402.0,418.0,432.0,444.0
2026-07-31,2026-06-30,440.75,410.0,368.0,380.0,394.0,410.0,426.0,442.0,454.0
2026-08-03,2026-07-01,449.25,420.0,378.0,388.0,404.0,420.0,436.0,452.0,464.0
2026-08-04,2026-07-02,442.25,426.0,384.0,394.0,410.0,426.0,442.0,458.0,470.0
2026-08-05,2026-07-06,436.75,438.0,394.0,404.0,422.0,438.0,458.0,474.0,488.0
2026-08-06,2026-07-07,439.0,442.0,396.0,408.0,424.0,442.0,460.0,478.0,490.0
2026-08-07,2026-07-08,439.0,434.0,388.0,400.0,416.0,434.0,454.0,472.0,484.0
2026-08-10,2026-07-09,462.25,428.0,378.0,390.0,410.0,428.0,448.0,466.0,478.0
