target_date,origin_date,actual,point
2015-01-02,2014-12-31,3.003000020980835,2.8941252528944896
2015-01-05,2015-01-02,2.881999969482422,3.000496921956312
2015-01-06,2015-01-05,2.937999963760376,2.8832347692399036
2015-01-07,2015-01-06,2.871000051498413,2.9310612806397014
2015-01-08,2015-01-07,2.927000045776367,2.904699671550201
2015-01-09,2015-01-08,2.946000099182129,2.9013968569019895
2015-01-12,2015-01-09,2.7950000762939453,2.93808360194253
2015-01-13,2015-01-12,2.943000078201294,2.8150819758498287
2015-01-14,2015-01-13,3.2330000400543213,2.910256702397989
2015-01-15,2015-01-14,3.157999992370605,3.217557400030183
2015-01-16,2015-01-15,3.127000093460083,3.1721590577892975
2015-01-20,2015-01-16,2.8310000896453857,3.1411864107371326
2015-01-21,2015-01-20,2.9739999771118164,2.8514024543308776
2015-01-22,2015-01-21,2.8350000381469727,2.920125946702445
2015-01-23,2015-01-22,2.986000061035156,2.8735024013546755
2015-01-26,2015-01-23,2.88100004196167,2.9793165597144338
2015-01-27,2015-01-26,2.9809999465942383,2.9058107917716876
2015-01-28,2015-01-27,2.865999937057495,2.969053586267692
2015-01-29,2015-01-28,2.719000101089477,2.850599788700791
2015-01-30,2015-01-29,2.690999984741211,2.7378306221732664
2015-02-02,2015-01-30,2.680000066757202,2.6821886506554224
2015-02-03,2015-02-02,2.753999948501587,2.691826991083129
2015-02-04,2015-02-03,2.6619999408721924,2.757144859813145
2015-02-05,2015-02-04,2.5999999046325684,2.671576343401357
2015-02-06,2015-02-05,2.5789999961853027,2.603233225298415
2015-02-09,2015-02-06,2.5969998836517334,2.559099761283531
2015-02-10,2015-02-09,2.677000045776367,2.601651465192188
2015-02-11,2015-02-10,2.796999931335449,2.6724538526941606
2015-02-12,2015-02-11,2.713000059127808,2.7938293394525746
2015-02-13,2015-02-12,2.803999900817871,2.711878155899334
2015-02-17,2015-02-13,2.759000062942505,2.795455679480936
2015-02-18,2015-02-17,2.8310000896453857,2.760633662705862
2015-02-19,2015-02-18,2.8340001106262207,2.814961541763561
2015-02-20,2015-02-19,2.950999975204468,2.84321076502874
2015-02-23,2015-02-20,2.878999948501587,2.945874920016013
2015-02-24,2015-02-23,2.9019999504089355,2.882813975725849
2015-02-25,2015-02-24,2.8940000534057617,2.901038120002121
2015-02-26,2015-02-25,2.697000026702881,2.8785551587709275
2015-02-27,2015-02-26,2.733999967575073,2.714754907203286
2015-03-02,2015-02-27,2.697999954223633,2.730267169978964
2015-03-03,2015-03-02,2.711999893188477,2.7135783713853963
2015-03-04,2015-03-03,2.7690000534057617,2.7078972501260683
2015-03-05,2015-03-04,2.8410000801086426,2.761372168458793
2015-03-06,2015-03-05,2.83899998664856,2.845412560058779
2015-03-09,2015-03-06,2.677999973297119,2.8254904021391143
2015-03-10,2015-03-09,2.7320001125335693,2.704219715616891
2015-03-11,2015-03-10,2.8239998817443848,2.717931108167778
2015-03-12,2015-03-11,2.733999967575073,2.808801794200199
2015-03-13,2015-03-12,2.726999998092652,2.7491498899007354
2015-03-16,2015-03-13,2.7160000801086426,2.730483209038034
2015-03-17,2015-03-16,2.8550000190734863,2.719559241864317
2015-03-18,2015-03-17,2.9200000762939453,2.8241914207281074
2015-03-19,2015-03-18,2.812999963760376,2.9186226364522394
2015-03-20,2015-03-19,2.7860000133514404,2.830825857937093
2015-03-23,2015-03-20,2.7330000400543213,2.772461950664564
2015-03-24,2015-03-23,2.7860000133514404,2.7421974259010216
2015-03-25,2015-03-24,2.7230000495910645,2.7723711967147966
2015-03-26,2015-03-25,2.671999931335449,2.7351726405798495
2015-03-27,2015-03-26,2.5899999141693115,2.6848166052311124
2015-03-30,2015-03-27,2.6440000534057617,2.5877007880281235
2015-03-31,2015-03-30,2.640000104904175,2.6416480343859696
2015-04-01,2015-03-31,2.6050000190734863,2.6392457644540346
2015-04-02,2015-04-01,2.713000059127808,2.605638098126107
2015-04-06,2015-04-02,2.650000095367432,2.6948109802999047
2015-04-07,2015-04-06,2.680000066757202,2.6707293979245446
2015-04-08,2015-04-07,2.61899995803833,2.676723429407488
2015-04-09,2015-04-08,2.5280001163482666,2.615952744157082
2015-04-10,2015-04-09,2.510999917984009,2.529707885244934
2015-04-13,2015-04-10,2.510999917984009,2.5037586636158755
2015-04-14,2015-04-13,2.5299999713897705,2.5325505273145006
2015-04-15,2015-04-14,2.609999895095825,2.520836701823671
2015-04-16,2015-04-15,2.684000015258789,2.5926442801517746
2015-04-17,2015-04-16,2.634000062942505,2.6831447639659842
2015-04-20,2015-04-17,2.5360000133514404,2.633887572203162
2015-04-21,2015-04-20,2.575000047683716,2.553044427383309
2015-04-22,2015-04-21,2.6059999465942383,2.5663035156248624
2015-04-23,2015-04-22,2.5309998989105225,2.595986170073984
2015-04-24,2015-04-23,2.5309998989105225,2.5444311238902406
2015-04-27,2015-04-24,2.490000009536743,2.536588434602905
2015-04-28,2015-04-27,2.5169999599456787,2.4939846753786634
2015-04-29,2015-04-28,2.6059999465942383,2.500153584300902
2015-04-30,2015-04-29,2.750999927520752,2.604930755226132
2015-05-01,2015-04-30,2.776000022888184,2.7441386898983176
2015-05-04,2015-05-01,2.821000099182129,2.7699957816432423
2015-05-05,2015-05-04,2.7799999713897705,2.822200441029884
2015-05-06,2015-05-05,2.776000022888184,2.782902513406877
2015-05-07,2015-05-06,2.733999967575073,2.7699424090654476
2015-05-08,2015-05-07,2.880000114440918,2.7416076821995077
2015-05-11,2015-05-08,2.802000045776367,2.8698658351220594
2015-05-12,2015-05-11,2.8970000743865967,2.8141119803608823
2015-05-13,2015-05-12,2.934999942779541,2.891850175077289
2015-05-14,2015-05-13,3.007999897003174,2.9242369740359146
2015-05-15,2015-05-14,3.0160000324249268,3.0042487740097283
2015-05-18,2015-05-15,3.009999990463257,3.0103504291921053
2015-05-19,2015-05-18,2.947999954223633,3.0203624735353936
2015-05-20,2015-05-19,2.914999961853028,2.950832963050443
2015-05-21,2015-05-20,2.9489998817443848,2.9128567255375746
2015-05-22,2015-05-21,2.88700008392334,2.9489593034460917
2015-05-26,2015-05-22,2.822000026702881,2.8986523125305474
2015-05-27,2015-05-26,2.815000057220459,2.8275233709690646
2015-05-28,2015-05-27,2.7060000896453857,2.807684296192938
2015-05-29,2015-05-28,2.6419999599456787,2.7132754916843753
2015-06-01,2015-05-29,2.6489999294281006,2.6410390705093287
2015-06-02,2015-06-01,2.697999954223633,2.6530746157896985
2015-06-03,2015-06-02,2.634000062942505,2.6934707855827944
2015-06-04,2015-06-03,2.625999927520752,2.6286287813511158
2015-06-05,2015-06-04,2.5899999141693115,2.6281773329356475
2015-06-08,2015-06-05,2.7049999237060547,2.5837055662366053
2015-06-09,2015-06-08,2.845999956130981,2.699599340562496
2015-06-10,2015-06-09,2.8910000324249268,2.838033948147207
2015-06-11,2015-06-10,2.825000047683716,2.8816090119172246
2015-06-12,2015-06-11,2.75,2.8290489655434974
2015-06-15,2015-06-12,2.888999938964844,2.7493550480209654
2015-06-16,2015-06-15,2.8940000534057617,2.8830927238638164
2015-06-17,2015-06-16,2.8550000190734863,2.899598387887499
2015-06-18,2015-06-17,2.7769999504089355,2.8546233001698784
2015-06-19,2015-06-18,2.815999984741211,2.785731359010412
2015-06-22,2015-06-19,2.7330000400543213,2.80557897875941
2015-06-23,2015-06-22,2.7260000705718994,2.740819740465155
2015-06-24,2015-06-23,2.759000062942505,2.7327026878399736
2015-06-25,2015-06-24,2.8499999046325684,2.7490873689883903
2015-06-26,2015-06-25,2.7730000019073486,2.8443948189766095
2015-06-29,2015-06-26,2.805000066757202,2.770034474780317
2015-06-30,2015-06-29,2.8320000171661377,2.809166862044398
2015-07-01,2015-06-30,2.782999992370605,2.82871441277361
2015-07-02,2015-07-01,2.822000026702881,2.7781374450126717
2015-07-06,2015-07-02,2.75600004196167,2.816922384936789
2015-07-07,2015-07-06,2.7160000801086426,2.7694772109557193
2015-07-08,2015-07-07,2.684999942779541,2.717581688077539
2015-07-09,2015-07-08,2.7260000705718994,2.679796318149557
2015-07-10,2015-07-09,2.7699999809265137,2.726063768835536
2015-07-13,2015-07-10,2.864000082015991,2.7614825095646447
2015-07-14,2015-07-13,2.8399999141693115,2.864987718087563
2015-07-15,2015-07-14,2.9179999828338623,2.8408898248985945
2015-07-16,2015-07-15,2.8540000915527344,2.9020247182338634
2015-07-17,2015-07-16,2.869999885559082,2.85886769314662
2015-07-20,2015-07-17,2.822999954223633,2.8667731847772444
2015-07-21,2015-07-20,2.881999969482422,2.833624135835021
2015-07-22,2015-07-21,2.8970000743865967,2.8836220064639875
2015-07-23,2015-07-22,2.815999984741211,2.8860263400790362
2015-07-24,2015-07-23,2.776000022888184,2.826169425847519
2015-07-27,2015-07-24,2.7890000343322754,2.772563922625892
2015-07-28,2015-07-27,2.821000099182129,2.794429054905784
2015-07-29,2015-07-28,2.885999917984009,2.8189218372973857
2015-07-30,2015-07-29,2.7679998874664307,2.874910990412573
2015-07-31,2015-07-30,2.7160000801086426,2.7781446478073732
2015-08-03,2015-07-31,2.747999906539917,2.712821546634822
2015-08-04,2015-08-03,2.812000036239624,2.7504227289692578
2015-08-05,2015-08-04,2.7980000972747803,2.811238861639478
2015-08-06,2015-08-05,2.812999963760376,2.791919156959453
2015-08-07,2015-08-06,2.7980000972747803,2.81739648121865
2015-08-10,2015-08-07,2.8420000076293945,2.7879608594845133
2015-08-11,2015-08-10,2.844000101089477,2.8433251275179723
2015-08-12,2015-08-11,2.930999994277954,2.8487417581626713
2015-08-13,2015-08-12,2.7869999408721924,2.9193656161834123
2015-08-14,2015-08-13,2.8010001182556152,2.797470528593273
2015-08-17,2015-08-14,2.7279999256134038,2.796820633507236
2015-08-18,2015-08-17,2.7039999961853027,2.7381067455682544
2015-08-19,2015-08-18,2.7160000801086426,2.710583396989038
2015-08-20,2015-08-19,2.755000114440918,2.7065014835523797
2015-08-21,2015-08-20,2.6760001182556152,2.7590064923031647
2015-08-24,2015-08-21,2.650000095367432,2.669229015839293
2015-08-25,2015-08-24,2.684999942779541,2.659542318356967
2015-08-26,2015-08-25,2.693000078201294,2.6810950390772614
2015-08-27,2015-08-26,2.638000011444092,2.6833508371920605
2015-08-28,2015-08-27,2.7149999141693115,2.6445944715129412
2015-08-31,2015-08-28,2.688999891281128,2.707675157682176
2015-09-01,2015-08-31,2.70199990272522,2.692185388847088
2015-09-02,2015-09-01,2.6480000019073486,2.7020206026668747
2015-09-03,2015-09-02,2.7249999046325684,2.646854589707589
2015-09-04,2015-09-03,2.6549999713897705,2.7204840910938275
2015-09-08,2015-09-04,2.7100000381469727,2.6643413220580228
2015-09-09,2015-09-08,2.651000022888184,2.712996822141082
2015-09-10,2015-09-09,2.683000087738037,2.64446466715161
2015-09-11,2015-09-10,2.693000078201294,2.682345368204848
2015-09-14,2015-09-11,2.757999897003174,2.6857398320374166
2015-09-15,2015-09-14,2.7279999256134038,2.7647335688423436
2015-09-16,2015-09-15,2.6600000858306885,2.727486400172896
2015-09-17,2015-09-16,2.6519999504089355,2.6585851939884417
2015-09-18,2015-09-17,2.6050000190734863,2.651012223062992
2015-09-21,2015-09-18,2.572999954223633,2.6045710879974293
2015-09-22,2015-09-21,2.57699990272522,2.582053391733409
2015-09-23,2015-09-22,2.569000005722046,2.5832200774156764
2015-09-24,2015-09-23,2.5910000801086426,2.5589524522889664
2015-09-25,2015-09-24,2.563999891281128,2.588814075970455
2015-09-28,2015-09-25,2.562999963760376,2.562226456339218
2015-09-29,2015-09-28,2.5859999656677246,2.5664978015554563
2015-09-30,2015-09-29,2.5239999294281006,2.58645388536025
2015-10-01,2015-09-30,2.433000087738037,2.519763121077994
2015-10-02,2015-10-01,2.450999975204468,2.43609898271468
2015-10-05,2015-10-02,2.450000047683716,2.448536382008875
2015-10-06,2015-10-05,2.470000028610229,2.45616931830018
2015-10-07,2015-10-06,2.4739999771118164,2.4695244917506947
2015-10-08,2015-10-07,2.497999906539917,2.4681852805717033
2015-10-09,2015-10-08,2.502000093460083,2.4948764321526773
2015-10-12,2015-10-09,2.5350000858306885,2.493489211947138
2015-10-13,2015-10-12,2.497999906539917,2.5382803624433583
2015-10-14,2015-10-13,2.5179998874664307,2.499491872909017
2015-10-15,2015-10-14,2.453000068664551,2.5104301785903536
2015-10-16,2015-10-15,2.430000066757202,2.4586728086717216
2015-10-19,2015-10-16,2.441999912261963,2.426275012867765
2015-10-20,2015-10-19,2.4760000705718994,2.448026257230098
2015-10-21,2015-10-20,2.4040000438690186,2.4770415304077797
2015-10-22,2015-10-21,2.385999917984009,2.398526252817232
2015-10-23,2015-10-22,2.2860000133514404,2.3870351807934105
2015-10-26,2015-10-23,2.062000036239624,2.285074016614879
2015-10-27,2015-10-26,2.0920000076293945,2.0736938831153604
2015-10-28,2015-10-27,2.032999992370605,2.0941909570608312
2015-10-29,2015-10-28,2.256999969482422,2.0357415362658142
2015-10-30,2015-10-29,2.321000099182129,2.2454880181824244
2015-11-02,2015-10-30,2.25600004196167,2.3152145248618976
2015-11-03,2015-11-02,2.253000020980835,2.254808985447003
2015-11-04,2015-11-03,2.26200008392334,2.245985895877544
2015-11-05,2015-11-04,2.364000082015991,2.259638728315608
2015-11-06,2015-11-05,2.371000051498413,2.3624263159493006
2015-11-09,2015-11-06,2.299999952316284,2.3734132302660114
2015-11-10,2015-11-09,2.319999933242798,2.3106087051381143
2015-11-11,2015-11-10,2.263000011444092,2.314740552975176
2015-11-12,2015-11-11,2.259999990463257,2.259799441729256
2015-11-13,2015-11-12,2.361000061035156,2.2576732913177384
2015-11-16,2015-11-13,2.384999990463257,2.3569958103461137
2015-11-17,2015-11-16,2.371000051498413,2.389025708426302
2015-11-18,2015-11-17,2.3469998836517334,2.366945389194776
2015-11-19,2015-11-18,2.276000022888184,2.3388224363549304
2015-11-20,2015-11-19,2.1449999809265137,2.274381351015248
2015-11-23,2015-11-20,2.2100000381469727,2.145630205499026
2015-11-24,2015-11-23,2.200000047683716,2.217317562116145
2015-11-25,2015-11-24,2.2060000896453857,2.206894697001562
2015-11-27,2015-11-25,2.211999893188477,2.204337638719255
2015-11-30,2015-11-27,2.234999895095825,2.2060761831929003
2015-12-01,2015-11-30,2.2309999465942383,2.2350325904201016
2015-12-02,2015-12-01,2.164999961853028,2.2316611791681122
2015-12-03,2015-12-02,2.180999994277954,2.159511666261104
2015-12-04,2015-12-03,2.186000108718872,2.1811451043004517
2015-12-07,2015-12-04,2.066999912261963,2.1811312060348675
2015-12-08,2015-12-07,2.069999933242798,2.07357001613279
2015-12-09,2015-12-08,2.062000036239624,2.070614537594442
2015-12-10,2015-12-09,2.015000104904175,2.0578272923995056
2015-12-11,2015-12-10,1.9900000095367432,2.017093818974366
2015-12-14,2015-12-11,1.8940000534057615,1.98638137613653
2015-12-15,2015-12-14,1.8220000267028809,1.9007192210000514
2015-12-16,2015-12-15,1.7899999618530271,1.8252160325017972
2015-12-17,2015-12-16,1.7549999952316284,1.7865556625199046
2015-12-18,2015-12-17,1.7669999599456787,1.7578140177015584
2015-12-21,2015-12-18,1.9110000133514404,1.7625102312318865
2015-12-22,2015-12-21,1.888000011444092,1.910984173419056
2015-12-23,2015-12-22,1.9830000400543213,1.8893921434735996
2015-12-24,2015-12-23,2.0290000438690186,1.9703385329778076
2015-12-28,2015-12-24,2.2279999256134038,2.02292390128935
2015-12-29,2015-12-28,2.371999979019165,2.2244733230457836
2015-12-30,2015-12-29,2.21399998664856,2.3674883692626834
2015-12-31,2015-12-30,2.336999893188477,2.206885725036077
2016-01-04,2015-12-31,2.3340001106262207,2.3221752504614837
2016-01-05,2016-01-04,2.325000047683716,2.3411181271237487
2016-01-06,2016-01-05,2.2669999599456787,2.3231481601385084
2016-01-07,2016-01-06,2.381999969482422,2.2590992705825363
2016-01-08,2016-01-07,2.4719998836517334,2.380177984296604
2016-01-11,2016-01-08,2.3959999084472656,2.4544016149126406
2016-01-12,2016-01-11,2.256999969482422,2.3974884826302985
2016-01-13,2016-01-12,2.2690000534057617,2.251578030320113
2016-01-14,2016-01-13,2.138999938964844,2.2594041909022935
2016-01-15,2016-01-14,2.0999999046325684,2.1424422991437737
2016-01-19,2016-01-15,2.0910000801086426,2.102657085955938
2016-01-20,2016-01-19,2.118000030517578,2.0893307768667158
2016-01-21,2016-01-20,2.138000011444092,2.1032924847154444
2016-01-22,2016-01-21,2.138999938964844,2.1409723794333826
2016-01-25,2016-01-22,2.157999992370605,2.132146253195733
2016-01-26,2016-01-25,2.180000066757202,2.1623815590039563
2016-01-27,2016-01-26,2.188999891281128,2.1817055144463797
2016-01-28,2016-01-27,2.181999921798706,2.1882255769230308
2016-01-29,2016-01-28,2.2980000972747803,2.17881705385612
2016-02-01,2016-01-29,2.1519999504089355,2.287949662857587
2016-02-02,2016-02-01,2.025000095367432,2.1615430307466106
2016-02-03,2016-02-02,2.0380001068115234,2.029052996878676
2016-02-04,2016-02-03,1.972000002861023,2.0331416260017576
2016-02-05,2016-02-04,2.062999963760376,1.9819260731977937
2016-02-08,2016-02-05,2.140000104904175,2.0501678320165704
2016-02-09,2016-02-08,2.0980000495910645,2.1486422232775833
2016-02-10,2016-02-09,2.0460000038146973,2.0959628141924806
2016-02-11,2016-02-10,1.99399995803833,2.030460260964726
2016-02-12,2016-02-11,1.965999960899353,2.0041884677048083
2016-02-16,2016-02-12,1.902999997138977,1.9706873622036714
2016-02-17,2016-02-16,1.9420000314712524,1.9086566868792638
2016-02-18,2016-02-17,1.8519999980926516,1.9404477313399555
2016-02-19,2016-02-18,1.8040000200271609,1.8531800650526042
2016-02-22,2016-02-19,1.8209999799728396,1.7935761044261704
2016-02-23,2016-02-22,1.781999945640564,1.8310678446882844
2016-02-24,2016-02-23,1.777999997138977,1.791355484819048
2016-02-25,2016-02-24,1.7109999656677246,1.7714461191806545
2016-02-26,2016-02-25,1.7910000085830688,1.7223267774320146
2016-02-29,2016-02-26,1.7109999656677246,1.779930044341631
2016-03-01,2016-02-29,1.7419999837875366,1.7149158634707162
2016-03-02,2016-03-01,1.6779999732971191,1.7458192161039752
2016-03-03,2016-03-02,1.6390000581741333,1.67831937542657
2016-03-04,2016-03-03,1.6660000085830688,1.644613329426985
2016-03-07,2016-03-04,1.690000057220459,1.6630605365109168
2016-03-08,2016-03-07,1.712000012397766,1.700071962306935
2016-03-09,2016-03-08,1.7519999742507937,1.7075725479011332
2016-03-10,2016-03-09,1.787999987602234,1.7470051953107961
2016-03-11,2016-03-10,1.8220000267028809,1.7913839495727633
2016-03-14,2016-03-11,1.819000005722046,1.81006116896537
2016-03-15,2016-03-14,1.8509999513626096,1.8289268658501732
2016-03-16,2016-03-15,1.868000030517578,1.8480628600859403
2016-03-17,2016-03-16,1.9359999895095823,1.8638398825508409
2016-03-18,2016-03-17,1.906999945640564,1.9286702964939075
2016-03-21,2016-03-18,1.8279999494552608,1.904748305984263
2016-03-22,2016-03-21,1.8630000352859497,1.8283940721852563
2016-03-23,2016-03-22,1.7940000295639038,1.8602152959299898
2016-03-24,2016-03-23,1.805999994277954,1.7950050204688388
2016-03-28,2016-03-24,1.8480000495910645,1.7949195631948425
2016-03-29,2016-03-28,1.902999997138977,1.8515391338716514
2016-03-30,2016-03-29,1.996000051498413,1.898402906092283
2016-03-31,2016-03-30,1.9589999914169312,1.977285766987823
2016-04-01,2016-03-31,1.955999970436096,1.963419309859658
2016-04-04,2016-04-01,1.9980000257492063,1.946244515992679
2016-04-05,2016-04-04,1.9539999961853027,2.002130535066458
2016-04-06,2016-04-05,1.9110000133514404,1.9542739539070562
2016-04-07,2016-04-06,2.0179998874664307,1.9061534283474697
2016-04-08,2016-04-07,1.9900000095367432,2.018280979509728
2016-04-11,2016-04-08,1.9119999408721924,1.9850689947797302
2016-04-12,2016-04-11,2.003999948501587,1.9159888800834235
2016-04-13,2016-04-12,2.0360000133514404,2.004279475970898
2016-04-14,2016-04-13,1.9700000286102293,2.030902959754732
2016-04-15,2016-04-14,1.9019999504089355,1.9702757655309353
2016-04-18,2016-04-15,1.940000057220459,1.8972421801365686
2016-04-19,2016-04-18,2.088000059127808,1.9440349466121154
2016-04-20,2016-04-19,2.069000005722046,2.088289005516717
2016-04-21,2016-04-20,2.068000078201294,2.0638363067370427
2016-04-22,2016-04-21,2.140000104904175,2.068286775288904
2016-04-25,2016-04-22,2.062999963760376,2.134770286100649
2016-04-26,2016-04-25,2.032000064849853,2.0672382938561986
2016-04-27,2016-04-26,1.995000004768372,2.032282723635124
2016-04-28,2016-04-27,2.078000068664551,1.9899854597041577
2016-04-29,2016-04-28,2.177999973297119,2.078287889893991
2016-05-02,2016-04-29,2.0420000553131104,2.1726938297159033
2016-05-03,2016-05-02,2.0859999656677246,2.0462034778460776
2016-05-04,2016-05-03,2.1410000324249268,2.081787846557082
2016-05-05,2016-05-04,2.075999975204468,2.137048852815039
2016-05-06,2016-05-05,2.1010000705718994,2.079186637628114
2016-05-09,2016-05-06,2.0980000495910645,2.0934863873083085
2016-05-10,2016-05-09,2.157999992370605,2.1062972387609635
2016-05-11,2016-05-10,2.1730000972747803,2.1470613912585876
2016-05-12,2016-05-11,2.1549999713897705,2.161751859967153
2016-05-13,2016-05-12,2.095999956130981,2.1598187410237526
2016-05-16,2016-05-13,2.0290000438690186,2.0931358831701092
2016-05-17,2016-05-16,2.0480000972747803,2.0371113701915617
2016-05-18,2016-05-17,2.000999927520752,2.0503956258078033
2016-05-19,2016-05-18,2.0390000343322754,1.9971896960298747
2016-05-20,2016-05-19,2.062000036239624,2.0336031683757665
2016-05-23,2016-05-20,2.055000066757202,2.057723359303101
2016-05-24,2016-05-23,1.9800000190734863,2.0568026961317267
2016-05-25,2016-05-24,1.9919999837875368,1.9809864795683465
2016-05-26,2016-05-25,1.963000059127808,1.9948448756725288
2016-05-27,2016-05-26,2.1689999103546143,1.9635679494783465
2016-05-31,2016-05-27,2.2880001068115234,2.167145372082939
2016-06-01,2016-05-31,2.38100004196167,2.2861791663371775
2016-06-02,2016-06-01,2.4049999713897705,2.3637798111727064
2016-06-03,2016-06-02,2.3980000019073486,2.4017796469391253
2016-06-06,2016-06-03,2.4660000801086426,2.3904800817941663
2016-06-07,2016-06-06,2.4739999771118164,2.471177085547419
2016-06-08,2016-06-07,2.4679999351501465,2.475649820641862
2016-06-09,2016-06-08,2.617000102996826,2.46366137803041
2016-06-10,2016-06-09,2.555999994277954,2.6032806453640744
2016-06-13,2016-06-10,2.5850000381469727,2.5438700727665244
2016-06-14,2016-06-13,2.6040000915527344,2.5814418627497573
2016-06-15,2016-06-14,2.595000028610229,2.605579681080913
2016-06-16,2016-06-15,2.5799999237060547,2.587055832960144
2016-06-17,2016-06-16,2.622999906539917,2.577263702949982
2016-06-20,2016-06-17,2.746999979019165,2.6093039536875287
2016-06-21,2016-06-20,2.7679998874664307,2.743089374971492
2016-06-22,2016-06-21,2.677000045776367,2.759546162694708
2016-06-23,2016-06-22,2.697999954223633,2.671488373797199
2016-06-24,2016-06-23,2.6619999408721924,2.6990025307940444
2016-06-27,2016-06-24,2.7160000801086426,2.654688183465291
2016-06-28,2016-06-27,2.9170000553131104,2.720747469111641
2016-06-29,2016-06-28,2.86299991607666,2.914573719367506
2016-06-30,2016-06-29,2.924000024795532,2.851522108581239
2016-07-01,2016-06-30,2.986999988555908,2.9160489687612303
2016-07-05,2016-07-01,2.763999938964844,2.9943969869876637
2016-07-06,2016-07-05,2.7860000133514404,2.7731765185174106
2016-07-07,2016-07-06,2.7769999504089355,2.773787671695239
2016-07-08,2016-07-07,2.8010001182556152,2.79201744128136
2016-07-11,2016-07-08,2.70199990272522,2.7846496644725507
2016-07-12,2016-07-11,2.733999967575073,2.701703064100893
2016-07-13,2016-07-12,2.736999988555908,2.739938632837929
2016-07-14,2016-07-13,2.726999998092652,2.722437095546498
2016-07-15,2016-07-14,2.75600004196167,2.7269379383432364
2016-07-18,2016-07-15,2.7219998836517334,2.7603581879141217
2016-07-19,2016-07-18,2.7279999256134038,2.732435108469746
2016-07-20,2016-07-19,2.657999992370605,2.7189259310578597
2016-07-21,2016-07-20,2.691999912261963,2.6541691788633726
2016-07-22,2016-07-21,2.7769999504089355,2.6937765345684648
2016-07-25,2016-07-22,2.746999979019165,2.7641743889577812
2016-07-26,2016-07-25,2.711999893188477,2.7696564771064978
2016-07-27,2016-07-26,2.671999931335449,2.7090996582434874
2016-07-28,2016-07-27,2.872999906539917,2.6679059098507696
2016-07-29,2016-07-28,2.875999927520752,2.865392797681904
2016-08-01,2016-07-29,2.7709999084472656,2.8684160347909162
2016-08-02,2016-08-01,2.7330000400543213,2.786477566275381
2016-08-03,2016-08-02,2.83899998664856,2.732294176727848
2016-08-04,2016-08-03,2.8340001106262207,2.826353747359339
2016-08-05,2016-08-04,2.7720000743865967,2.8300121652052557
2016-08-08,2016-08-05,2.747999906539917,2.7732198603111446
2016-08-09,2016-08-08,2.615000009536743,2.760842164025855
2016-08-10,2016-08-09,2.561000108718872,2.6115434122465544
2016-08-11,2016-08-10,2.5510001182556152,2.5537042593383967
2016-08-12,2016-08-11,2.5859999656677246,2.5582269844478716
2016-08-15,2016-08-12,2.5899999141693115,2.5826281798241713
2016-08-16,2016-08-15,2.617000102996826,2.5917524490016963
2016-08-17,2016-08-16,2.61899995803833,2.618688429346461
2016-08-18,2016-08-17,2.674000024795532,2.6087644051363
2016-08-19,2016-08-18,2.5840001106262207,2.6728043811838385
2016-08-22,2016-08-19,2.678999900817871,2.5870137534847077
2016-08-23,2016-08-22,2.760999917984009,2.6855504591775983
2016-08-24,2016-08-23,2.7960000038146973,2.7610946106986267
2016-08-25,2016-08-24,2.845999956130981,2.7850725705471935
2016-08-26,2016-08-25,2.871000051498413,2.842746007872549
2016-08-29,2016-08-26,2.8529999256134038,2.863497283760476
2016-08-30,2016-08-29,2.82699990272522,2.8615520839317528
2016-08-31,2016-08-30,2.88700008392334,2.827339898156588
2016-09-01,2016-08-31,2.7920000553131104,2.8841423223213556
2016-09-02,2016-09-01,2.7920000553131104,2.790509399993849
2016-09-06,2016-09-02,2.7170000076293945,2.7933509930285383
2016-09-07,2016-09-06,2.6760001182556152,2.719012585522939
2016-09-08,2016-09-07,2.805999994277954,2.6682801304546686
2016-09-09,2016-09-08,2.796999931335449,2.800079500108894
2016-09-12,2016-09-09,2.914999961853028,2.796076779031914
2016-09-13,2016-09-12,2.9089999198913574,2.913472017033251
2016-09-14,2016-09-13,2.888999938964844,2.907087257396392
2016-09-15,2016-09-14,2.927000045776367,2.8851884436082127
2016-09-16,2016-09-15,2.947999954223633,2.92003325629806
2016-09-19,2016-09-16,2.934000015258789,2.949296074325568
2016-09-20,2016-09-19,3.046999931335449,2.9437066622190633
2016-09-21,2016-09-20,3.056999921798706,3.0420240395023335
2016-09-22,2016-09-21,2.990000009536743,3.0506305463862997
2016-09-23,2016-09-22,2.9549999237060547,2.9863994102767784
2016-09-26,2016-09-23,2.996999979019165,2.9485604060311186
2016-09-27,2016-09-26,2.996000051498413,3.0069845205462733
2016-09-28,2016-09-27,2.95199990272522,2.995466573187927
2016-09-29,2016-09-28,2.9590001106262207,2.9434671506568946
2016-09-30,2016-09-29,2.9059998989105225,2.962118815706763
2016-10-03,2016-09-30,2.9230000972747803,2.8910679669245822
2016-10-04,2016-10-03,2.96399998664856,2.927578508786535
2016-10-05,2016-10-04,3.0409998893737797,2.9700746872997232
2016-10-06,2016-10-05,3.049000024795532,3.034059062385511
2016-10-07,2016-10-06,3.193000078201294,3.0490975469083725
2016-10-11,2016-10-07,3.236999988555908,3.197527101825344
2016-10-12,2016-10-11,3.2100000381469727,3.2332143763582675
2016-10-13,2016-10-12,3.3410000801086426,3.203842586371037
2016-10-14,2016-10-13,3.2850000858306885,3.3440173412579246
2016-10-17,2016-10-14,3.24399995803833,3.2812994395073867
2016-10-18,2016-10-17,3.263000011444092,3.250302936189984
2016-10-19,2016-10-18,3.1700000762939453,3.2623163371174995
2016-10-20,2016-10-19,3.1410000324249268,3.16778893424788
2016-10-21,2016-10-20,2.993000030517578,3.1339771036395088
2016-10-24,2016-10-21,2.8310000896453857,2.99496577665229
2016-10-25,2016-10-24,2.7739999294281006,2.8434470171330357
2016-10-26,2016-10-25,2.7309999465942383,2.7683208961430115
2016-10-27,2016-10-26,2.763999938964844,2.730514500311215
2016-10-28,2016-10-27,3.1050000190734863,2.7642459055492314
2016-10-31,2016-10-28,3.026000022888184,3.085371341244265
2016-11-01,2016-10-31,2.9019999504089355,3.038429891483836
2016-11-02,2016-11-01,2.7920000553131104,2.9041211962212112
2016-11-03,2016-11-02,2.7690000534057617,2.7910065200789327
2016-11-04,2016-11-03,2.7669999599456787,2.7755001421508663
2016-11-07,2016-11-04,2.815999984741211,2.7613542749377884
2016-11-08,2016-11-07,2.632999897003174,2.8231402215920802
2016-11-09,2016-11-08,2.690000057220459,2.63469439031214
2016-11-10,2016-11-09,2.631999969482422,2.677123946403057
2016-11-14,2016-11-10,2.749000072479248,2.6277237118927195
2016-11-15,2016-11-14,2.7090001106262207,2.756525716483699
2016-11-16,2016-11-15,2.763999938964844,2.71162457888056
2016-11-17,2016-11-16,2.703000068664551,2.758260754667775
2016-11-18,2016-11-17,2.8429999351501465,2.7067031350437345
2016-11-21,2016-11-18,2.950000047683716,2.8328170298102218
2016-11-22,2016-11-21,2.9820001125335693,2.9598460047288615
2016-11-23,2016-11-22,3.026000022888184,2.979956244960762
2016-11-25,2016-11-23,3.0850000381469727,3.029828793562122
2016-11-28,2016-11-25,3.2320001125335693,3.0737316280110365
2016-11-29,2016-11-28,3.315000057220459,3.238646712624277
2016-11-30,2016-11-29,3.351999998092652,3.312132340363942
2016-12-01,2016-11-30,3.505000114440918,3.34657356528223
2016-12-02,2016-12-01,3.436000108718872,3.502544345942811
2016-12-05,2016-12-02,3.6540000438690186,3.4268835793988517
2016-12-06,2016-12-05,3.634999990463257,3.65898211576462
2016-12-07,2016-12-06,3.6029999256134033,3.632549273751218
2016-12-08,2016-12-07,3.694999933242798,3.5949982395102777
2016-12-09,2016-12-08,3.746000051498413,3.6933727557901492
2016-12-12,2016-12-09,3.506999969482422,3.7356091039919592
2016-12-13,2016-12-12,3.4739999771118164,3.517281745919001
2016-12-14,2016-12-13,3.539999961853028,3.469230353728148
2016-12-15,2016-12-14,3.434000015258789,3.534345121398021
2016-12-16,2016-12-15,3.414999961853028,3.4335186292265734
2016-12-19,2016-12-16,3.3919999599456787,3.408860429731736
2016-12-20,2016-12-19,3.263000011444092,3.4011678731649053
2016-12-21,2016-12-20,3.5420000553131104,3.261245971860618
2016-12-22,2016-12-21,3.5380001068115234,3.530647821333949
2016-12-23,2016-12-22,3.661999940872192,3.5474673671601438
2016-12-27,2016-12-23,3.760999917984009,3.6700361946443487
2016-12-28,2016-12-27,3.930000066757202,3.7565900145555027
2016-12-29,2016-12-28,3.802000045776367,3.9235664991724963
2016-12-30,2016-12-29,3.723999977111816,3.8079212461378837
2017-01-03,2016-12-30,3.32699990272522,3.7344454349075287
2017-01-04,2017-01-03,3.2669999599456787,3.3335788157384463
2017-01-05,2017-01-04,3.2730000019073486,3.2663437628098335
2017-01-06,2017-01-05,3.2850000858306885,3.2723427027885132
2017-01-09,2017-01-06,3.1029999256134038,3.2843405822292118
2017-01-10,2017-01-09,3.2780001163482666,3.102373778898312
2017-01-11,2017-01-10,3.2239999771118164,3.277341898763859
2017-01-12,2017-01-11,3.385999917984009,3.2233516723355002
2017-01-13,2017-01-12,3.4189999103546143,3.3853218337293063
2017-01-17,2017-01-13,3.4119999408721924,3.418315745350788
2017-01-18,2017-01-17,3.302000045776367,3.411317066109798
2017-01-19,2017-01-18,3.368000030517578,3.301337418019242
2017-01-20,2017-01-19,3.2039999961853027,3.3673252610198907
2017-01-23,2017-01-20,3.243000030517578,3.2033553591457373
2017-01-24,2017-01-23,3.2790000438690186,3.2423482395273506
2017-01-25,2017-01-24,3.3320000171661377,3.2783416425946847
2017-01-26,2017-01-25,3.381999969482422,3.331331872899768
2017-01-27,2017-01-26,3.3910000324249268,3.381322621958451
2017-01-30,2017-01-27,3.2320001125335693,3.3903210271256974
2017-01-31,2017-01-30,3.117000102996826,3.231350340075061
2017-02-01,2017-01-31,3.1679999828338623,3.1163713965015223
2017-02-02,2017-02-01,3.187000036239624,3.16736194258507
2017-02-03,2017-02-02,3.062999963760376,3.186358515175657
2017-02-06,2017-02-03,3.049999952316284,3.062542373050617
2017-02-07,2017-02-06,3.130000114440918,3.049544116278553
2017-02-08,2017-02-07,3.125999927520752,3.1295334692083303
2017-02-09,2017-02-08,3.1410000324249268,3.1255338233957586
2017-02-10,2017-02-09,3.0339999198913574,3.1405318988974766
2017-02-13,2017-02-10,2.944000005722046,3.03354624245512
2017-02-14,2017-02-13,2.9049999713897705,2.9435584491327242
2017-02-15,2017-02-14,2.924999952316284,2.9045636554690533
2017-02-16,2017-02-15,2.8540000915527344,2.924560949791996
2017-02-17,2017-02-16,2.8340001106262207,2.8535706175083653
2017-02-21,2017-02-17,2.563999891281128,2.8335733160629033
2017-02-22,2017-02-21,2.5920000076293945,2.5636090474054347
2017-02-23,2017-02-22,2.617000102996826,2.5916054564679274
2017-02-24,2017-02-23,2.627000093460083,2.616602237367215
2017-02-27,2017-02-24,2.693000078201294,2.626600900913483
2017-02-28,2017-02-27,2.7739999294281006,2.6925921122501353
2017-03-01,2017-02-28,2.799000024795532,2.7735811606203864
2017-03-02,2017-03-01,2.803999900817871,2.798577914279416
2017-03-03,2017-03-02,2.82699990272522,2.8035771215709557
2017-03-06,2017-03-03,2.901000022888184,2.8265740455165163
2017-03-07,2017-03-06,2.8239998817443848,2.9005642440478487
2017-03-08,2017-03-07,2.901000022888184,2.8231145260543116
2017-03-09,2017-03-08,2.9739999771118164,2.9000931850930445
2017-03-10,2017-03-09,3.007999897003174,2.9730727171077698
2017-03-13,2017-03-10,3.0429999828338623,3.0028685202198186
2017-03-14,2017-03-13,2.937999963760376,3.0469250822689666
2017-03-15,2017-03-14,2.9809999465942383,2.937082781580726
2017-03-16,2017-03-15,2.9019999504089355,2.9800707255696337
2017-03-17,2017-03-16,2.947999954223633,2.901092833237648
2017-03-20,2017-03-17,3.0409998893737797,2.942960644383294
2017-03-21,2017-03-20,3.0929999351501465,3.0449226603139623
2017-03-22,2017-03-21,3.010999917984009,3.0920392762411923
2017-03-23,2017-03-22,3.0510001182556152,3.010062287316072
2017-03-24,2017-03-23,3.075999975204468,3.0500512617435103
2017-03-27,2017-03-24,3.052000045776367,3.0707640347600655
2017-03-28,2017-03-27,3.095999956130981,3.055935624863171
2017-03-29,2017-03-28,3.174999952316284,3.095038453596551
2017-03-30,2017-03-29,3.190999984741211,3.1740162072731373
2017-03-31,2017-03-30,3.190000057220459,3.1900117286741025
2017-04-03,2017-03-31,3.128000020980835,3.184588328595991
2017-04-04,2017-04-03,3.2929999828338623,3.1320242113519052
2017-04-05,2017-04-04,3.2660000324249268,3.2919829226148494
2017-04-06,2017-04-05,3.3310000896453857,3.2651489839276095
2017-04-07,2017-04-06,3.260999917984009,3.330133542530665
2017-04-10,2017-04-07,3.23799991607666,3.2555244899266658
2017-04-11,2017-04-10,3.150000095367432,3.242837508682004
2017-04-12,2017-04-11,3.187000036239624,3.149176639265802
2017-04-13,2017-04-12,3.226999998092652,3.186167788783446
2017-04-17,2017-04-13,3.1630001068115234,3.221576723735951
2017-04-18,2017-04-17,3.1449999809265137,3.167735504409854
2017-04-19,2017-04-18,3.184999942779541,3.144177712156628
2017-04-20,2017-04-19,3.1589999198913574,3.184168170791362
2017-04-21,2017-04-20,3.1010000705718994,3.158174326248782
2017-04-24,2017-04-21,3.065999984741211,3.0957696407155435
2017-04-25,2017-04-24,3.0429999828338623,3.0706035378715235
2017-04-26,2017-04-25,3.1419999599456787,3.0422018961516097
2017-04-27,2017-04-26,3.239000082015991,3.1411784034803656
2017-04-28,2017-04-27,3.276000022888184,3.238155463702634
2017-05-01,2017-04-28,3.2149999141693115,3.270501570671876
2017-05-02,2017-05-01,3.194999933242798,3.219806144353075
2017-05-03,2017-05-02,3.2279999256134038,3.1941657837609734
2017-05-04,2017-05-03,3.186000108718872,3.227157925715626
2017-05-05,2017-05-04,3.2660000324249268,3.185168098971701
2017-05-08,2017-05-05,3.171999931335449,3.259873470343896
2017-05-09,2017-05-08,3.226999998092652,3.1763505485063215
2017-05-10,2017-05-09,3.2920000553131104,3.2263923951724305
2017-05-11,2017-05-10,3.375999927520752,3.2913812764235337
2017-05-12,2017-05-11,3.424000024795532,3.375366678370801
2017-05-15,2017-05-12,3.3489999771118164,3.4176019643681568
2017-05-16,2017-05-15,3.2300000190734863,3.3535719585304005
2017-05-17,2017-05-16,3.191999912261963,3.2293919007617626
2017-05-18,2017-05-17,3.181999921798706,3.1913983190849655
2017-05-19,2017-05-18,3.25600004196167,3.181400044611669
2017-05-22,2017-05-19,3.3299999237060547,3.249890626965785
2017-05-23,2017-05-22,3.219000101089477,3.334548094247423
2017-05-24,2017-05-23,3.2090001106262207,3.21839387231376
2017-05-25,2017-05-24,3.184000015258789,3.2083955991286928
2017-05-26,2017-05-25,3.236000061035156,3.183399794896041
2017-05-30,2017-05-26,3.1449999809265137,3.2404305995869254
2017-05-31,2017-05-30,3.071000099182129,3.1444064486507024
2017-06-01,2017-05-31,3.007999897003174,3.0704192359495677
2017-06-02,2017-06-01,2.999000072479248,3.0074297966546055
2017-06-05,2017-06-02,2.9820001125335693,2.9933296630329
2017-06-06,2017-06-05,3.0420000553131104,2.986114354257343
2017-06-07,2017-06-06,3.0199999809265137,3.041571066816784
2017-06-08,2017-06-07,3.0280001163482666,3.019573791337351
2017-06-09,2017-06-08,3.0390000343322754,3.0275729091918606
2017-06-12,2017-06-09,3.0239999294281006,3.0319789609011654
2017-06-13,2017-06-12,2.9660000801086426,3.02772307139122
2017-06-14,2017-06-13,2.933000087738037,2.9655807519062023
2017-06-15,2017-06-14,3.055999994277954,2.9325849463789533
2017-06-16,2017-06-15,3.0369999408721924,3.0555692236419354
2017-06-19,2017-06-16,2.8940000534057617,3.0299830362447415
2017-06-20,2017-06-19,2.907000064849853,2.8975792263537725
2017-06-21,2017-06-20,2.8929998874664307,2.906588218773167
2017-06-22,2017-06-21,2.8940000534057617,2.8925898145069664
2017-06-23,2017-06-22,2.928999900817871,2.8935898538058864
2017-06-26,2017-06-23,3.0269999504089355,2.9222076889701887
2017-06-27,2017-06-26,3.0369999408721924,3.03072642225763
2017-06-28,2017-06-27,3.066999912261963,3.0365715886783593
2017-06-29,2017-06-28,3.0420000553131104,3.066567740823048
2017-06-30,2017-06-29,3.0350000858306885,3.041571066816784
2017-07-03,2017-06-30,2.950999975204468,3.0279873492411578
2017-07-05,2017-07-03,2.8399999141693115,2.9505825507248757
2017-07-06,2017-07-05,2.888000011444092,2.8395965452406293
2017-07-07,2017-07-06,2.864000082015991,2.8877468464102836
2017-07-10,2017-07-07,2.928999900817871,2.855958295739332
2017-07-11,2017-07-10,3.046999931335449,2.932679586236759
2017-07-12,2017-07-11,2.984999895095825,3.0467342855191912
2017-07-13,2017-07-12,2.9609999656677246,2.984739124078834
2017-07-14,2017-07-13,2.9800000190734863,2.9607410789535864
2017-07-17,2017-07-14,3.0199999809265137,2.9716673393567037
2017-07-18,2017-07-17,3.088000059127808,3.0237822226841966
2017-07-19,2017-07-18,3.065999984741211,3.0877311843078337
2017-07-20,2017-07-19,3.0429999828338623,3.0657328430735893
2017-07-21,2017-07-20,2.970000028610229,3.0427346518137126
2017-07-24,2017-07-21,2.8989999294281006,2.961692472981894
2017-07-25,2017-07-24,2.944000005722046,2.9026458765560004
2017-07-26,2017-07-25,2.924000024795532,2.943742452779465
2017-07-27,2017-07-26,2.969000101089477,2.923744039977459
2017-07-28,2017-07-27,2.940999984741211,2.9687405864339134
2017-07-31,2017-07-28,2.7939999103546143,2.9327652400962148
2017-08-01,2017-07-31,2.819000005722046,2.797528072347189
2017-08-02,2017-08-01,2.811000108718872,2.818752234650404
2017-08-03,2017-08-02,2.799999952316284,2.8107529620905733
2017-08-04,2017-08-03,2.7739999294281006,2.799753663994587
2017-08-07,2017-08-04,2.8010001182556152,2.7652457233379786
2017-08-08,2017-08-07,2.822000026702881,2.806084119160683
2017-08-09,2017-08-08,2.882999897003174,2.8219448940701057
2017-08-10,2017-08-09,2.984999895095825,2.8829437043331754
2017-08-11,2017-08-10,2.9830000400543213,2.984941924577884
2017-08-14,2017-08-11,2.9590001106262207,2.9736598573735775
2017-08-15,2017-08-14,2.934999942779541,2.9643392690685366
2017-08-16,2017-08-15,2.890000104904175,2.934942844558602
2017-08-17,2017-08-16,2.928999900817871,2.8899437904298138
2017-08-18,2017-08-17,2.8929998874664307,2.9289429071709985
2017-08-21,2017-08-18,2.961999893188477,2.883912600177968
2017-08-22,2017-08-21,2.938999891281128,2.9673439102466865
2017-08-23,2017-08-22,2.927999973297119,2.9389427233331684
2017-08-24,2017-08-23,2.9489998817443848,2.927942997075702
2017-08-25,2017-08-24,2.8919999599456787,2.9489425394337894
2017-08-28,2017-08-25,2.924999952316284,2.882915477807539
2017-08-29,2017-08-28,2.9609999656677246,2.9302840777903785
2017-08-30,2017-08-29,2.938999891281128,2.9609424140398493
2017-08-31,2017-08-30,3.039999961853028,2.9389427233331684
2017-09-01,2017-08-31,3.069999933242798,3.0399410301040763
2017-09-05,2017-09-01,2.9719998836517334,3.0755191979544136
2017-09-06,2017-09-05,3.0,2.9722943988744444
2017-09-07,2017-09-06,2.9809999465942383,3.000297008946484
2017-09-08,2017-09-07,2.890000104904175,2.981295263115742
2017-09-11,2017-09-08,2.950000047683716,2.881471285600133
2017-09-12,2017-09-11,3.000999927520752,2.9548212050869225
2017-09-13,2017-09-12,3.058000087738037,3.0012970255653872
2017-09-14,2017-09-13,3.069999933242798,3.0583022695835957
2017-09-15,2017-09-14,3.0239999294281006,3.0703031865287183
2017-09-18,2017-09-15,3.1459999084472656,3.015117155854229
2017-09-19,2017-09-18,3.121999979019165,3.1511093241172956
2017-09-20,2017-09-19,3.094000101089477,3.1223078798663164
2017-09-21,2017-09-20,2.946000099182129,3.0943054984998764
2017-09-22,2017-09-21,2.9590001106262207,2.9462923009701543
2017-09-25,2017-09-22,2.9189999103546143,2.950289236885475
2017-09-26,2017-09-25,2.9179999828338623,2.9237756471947303
2017-09-27,2017-09-26,2.9739999771118164,2.9182896955592135
2017-09-28,2017-09-27,3.0169999599456787,2.9742946703867483
2017-09-29,2017-09-28,3.006999969482422,3.0172984840686974
2017-10-02,2017-09-29,2.9159998893737797,2.9981621904878697
2017-10-03,2017-10-02,2.8949999809265137,2.9207712333266023
2017-10-04,2017-10-03,2.940000057220459,2.8952876509470618
2017-10-05,2017-10-04,2.9230000972747803,2.940502726923539
2017-10-06,2017-10-05,2.86299991607666,2.9235001625537635
2017-10-09,2017-10-06,2.8329999446868896,2.858335931978637
2017-10-10,2017-10-09,2.8910000324249268,2.8334862488227395
2017-10-11,2017-10-10,2.888999938964844,2.891495199560981
2017-10-12,2017-10-11,2.989000082015991,2.889494800143765
2017-10-13,2017-10-12,3.0,2.98951026726559
2017-10-16,2017-10-13,2.946000099182129,2.995136623521646
2017-10-17,2017-10-16,2.961999893188477,2.946503688476493
2017-10-18,2017-10-17,2.8540000915527344,2.9625059356206855
2017-10-19,2017-10-18,2.872999906539917,2.854489602460963
2017-10-20,2017-10-19,2.914999961853028,2.8734923209904375
2017-10-23,2017-10-20,2.990999937057495,2.91026041104832
2017-10-24,2017-10-23,2.9739999771118164,2.991510429309105
2017-10-25,2017-10-24,2.9189999103546143,2.9745078603250152
2017-10-26,2017-10-25,2.890000104904175,2.9194993630275086
2017-10-27,2017-10-26,2.752000093460083,2.890495119077068
2017-10-30,2017-10-27,2.9660000801086426,2.7474969059932706
2017-10-31,2017-10-30,2.8959999084472656,2.9665067360745456
2017-11-01,2017-10-31,2.8929998874664307,2.8964958405203
2017-11-02,2017-11-01,2.934999942779541,2.8934953605457623
2017-11-03,2017-11-02,2.983999967575073,2.935123664077441
2017-11-06,2017-11-03,3.134000062942505,2.9765719199288947
2017-11-07,2017-11-06,3.1519999504089355,3.138865454471816
2017-11-08,2017-11-07,3.174999952316284,3.1521318972034713
2017-11-09,2017-11-08,3.200000047683716,3.1751327741646382
2017-11-10,2017-11-09,3.213000059127808,3.2001338213297945
2017-11-13,2017-11-10,3.1670000553131104,3.2050577245508216
2017-11-14,2017-11-13,3.101999998092652,3.1719119695551523
2017-11-15,2017-11-14,3.0799999237060547,3.102130044627989
2017-11-16,2017-11-15,3.052999973297119,3.08012913502919
2017-11-17,2017-11-16,3.0969998836517334,3.0531281603708917
2017-11-20,2017-11-17,3.046999931335449,3.089318510908022
2017-11-21,2017-11-20,3.0169999599456787,3.051742892063131
2017-11-22,2017-11-21,2.9679999351501465,3.0171267827190262
2017-11-24,2017-11-22,2.812999963760376,2.9681249035570847
2017-11-27,2017-11-24,2.927999973297119,2.8059533900242384
2017-11-28,2017-11-27,3.0739998817443848,2.932576026539202
2017-11-29,2017-11-28,3.178999900817871,3.074128865379791
2017-11-30,2017-11-29,3.025000095367432,3.1791328749062604
2017-12-01,2017-11-30,3.061000108718872,3.0251272211863016
2017-12-04,2017-12-01,2.984999895095825,3.0533995401717267
2017-12-05,2017-12-04,2.9140000343322754,2.9849515172782257
2017-12-06,2017-12-05,2.921999931335449,2.9139526898264054
2017-12-07,2017-12-06,2.763000011444092,2.92195247053065
2017-12-08,2017-12-07,2.7720000743865967,2.762954855510097
2017-12-11,2017-12-08,2.828000068664551,2.7719547883751616
2017-12-12,2017-12-11,2.677999973297119,2.827953972211276
2017-12-13,2017-12-12,2.7149999141693115,2.6779560433839014
2017-12-14,2017-12-13,2.684000015258789,2.714955451139078
2017-12-15,2017-12-14,2.611999988555908,2.683955998953751
2017-12-18,2017-12-15,2.744999885559082,2.6119570073513527
2017-12-19,2017-12-18,2.691999912261963,2.744954989632347
2017-12-20,2017-12-19,2.63700008392334,2.6919557807335197
2017-12-21,2017-12-20,2.5980000495910645,2.636956743707283
2017-12-22,2017-12-21,2.6670000553131104,2.597957269240246
2017-12-26,2017-12-22,2.6429998874664307,2.6669562837209964
2017-12-27,2017-12-26,2.73799991607666,2.642956461026647
2017-12-28,2017-12-27,2.9140000343322754,2.737955121208974
2017-12-29,2017-12-28,2.953000068664551,2.9139526898264054
2018-01-02,2017-12-29,3.055999994277954,2.9529521568804404
2018-01-03,2018-01-02,3.007999897003174,3.0559505806609217
2018-01-04,2018-01-03,2.880000114440918,3.0079511839097335
2018-01-05,2018-01-04,2.7950000762939453,2.8803625749790616
2018-01-08,2018-01-05,2.8350000381469727,2.7953530056844684
2018-01-09,2018-01-08,2.9230000972747803,2.835357448844275
2018-01-10,2018-01-09,2.9059998989105225,2.92336739115071
2018-01-11,2018-01-10,3.0840001106262207,2.9063652810012037
2018-01-12,2018-01-11,3.200000047683716,3.0843855653697005
2018-01-16,2018-01-12,3.128999948501587,3.2003986441558796
2018-01-17,2018-01-16,3.2320001125335693,3.1293904959946848
2018-01-18,2018-01-17,3.188999891281128,3.2324023419753862
2018-01-19,2018-01-18,3.184999942779541,3.189397239646465
2018-01-22,2018-01-19,3.2239999771118164,3.1853968373954955
2018-01-23,2018-01-22,3.444000005722046,3.22440129799959
2018-01-24,2018-01-23,3.509000062942505,3.444426379125566
2018-01-25,2018-01-24,3.447000026702881,3.509433863164677
2018-01-26,2018-01-25,3.505000114440918,3.4474267426493195
2018-01-29,2018-01-26,3.63100004196167,3.5054334573302786
2018-01-30,2018-01-29,3.194999933242798,3.631447809255469
2018-01-31,2018-01-30,2.994999885559082,3.1953979623412185
2018-02-01,2018-01-31,2.8559999465942383,2.9953752889957386
2018-02-02,2018-02-01,2.845999956130981,2.8563597127893976
2018-02-05,2018-02-02,2.746999979019165,2.846358600418396
2018-02-06,2018-02-05,2.759000062942505,2.74729169997245
2018-02-07,2018-02-06,2.70199990272522,2.759292909434597
2018-02-08,2018-02-07,2.697000026702881,2.7022874081079973
2018-02-09,2018-02-08,2.5840001106262207,2.697287064216185
2018-02-12,2018-02-09,2.552000045776367,2.5842766030090285
2018-02-13,2018-02-12,2.594000101089477,2.5522735625175645
2018-02-14,2018-02-13,2.586999893188477,2.594277524350027
2018-02-15,2018-02-14,2.5799999237060547,2.587276664765594
2018-02-16,2018-02-15,2.558000087738037,2.5802760438511045
2018-02-20,2018-02-16,2.615999937057495,2.5582741620416543
2018-02-21,2018-02-20,2.6589999198913574,2.6162794098639184
2018-02-22,2018-02-21,2.634000062942505,2.6592834049613523
2018-02-23,2018-02-22,2.625,2.6342812143119274
2018-02-26,2018-02-23,2.638999938964844,2.625280311905591
2018-02-27,2018-02-26,2.683000087738037,2.6392815568446015
2018-02-28,2018-02-27,2.6670000553131104,2.683285815749326
2018-03-01,2018-02-28,2.697999954223633,2.6672842877619827
2018-03-02,2018-03-01,2.694999933242798,2.6982870852980008
2018-03-05,2018-03-02,2.7039999961853027,2.695286783624249
2018-03-06,2018-03-05,2.749000072479248,2.704287688758492
2018-03-07,2018-03-06,2.7769999504089355,2.7492919809900247
2018-03-08,2018-03-07,2.75600004196167,2.7773058319940747
2018-03-09,2018-03-08,2.7320001125335693,2.756303876841977
2018-03-12,2018-03-09,2.7780001163482666,2.732301610542124
2018-03-13,2018-03-12,2.7860000133514404,2.7783060954567627
2018-03-14,2018-03-13,2.7309999465942383,2.786306772651928
2018-03-15,2018-03-14,2.680999994277954,2.731301347268921
2018-03-16,2018-03-15,2.687999963760376,2.6812965345285
2018-03-19,2018-03-16,2.651000022888184,2.6882971838145293
2018-03-20,2018-03-19,2.674999952316284,2.651293652158298
2018-03-21,2018-03-20,2.638000011444092,2.675295910043857
2018-03-22,2018-03-21,2.617000102996826,2.638292380553386
2018-03-23,2018-03-22,2.5910000801086426,2.617290438124423
2018-03-26,2018-03-23,2.618000030517578,2.591287899844521
2018-03-27,2018-03-26,2.690999984741211,2.618290462448067
2018-03-28,2018-03-27,2.697999954223633,2.691297496209055
2018-03-29,2018-03-28,2.7330000400543213,2.6982981458021342
2018-04-02,2018-03-29,2.683000087738037,2.733301635377755
2018-04-03,2018-04-02,2.697000026702881,2.6832968222060565
2018-04-04,2018-04-03,2.7179999351501465,2.697298121116252
2018-04-05,2018-04-04,2.674999952316284,2.7183000710781524
2018-04-06,2018-04-05,2.700999975204468,2.675295910043857
2018-04-09,2018-04-06,2.693000078201294,2.7015549798430127
2018-04-10,2018-04-09,2.6559998989105225,2.693553637413859
2018-04-11,2018-04-10,2.674999952316284,2.656546779740858
2018-04-12,2018-04-11,2.686000108718872,2.6755502611639868
2018-04-13,2018-04-12,2.734999895095825,2.6865524035995105
2018-04-16,2018-04-13,2.752000093460083,2.735561048569287
2018-04-17,2018-04-16,2.73799991607666,2.7525643247953457
2018-04-18,2018-04-17,2.739000082015991,2.738561612536863
2018-04-19,2018-04-18,2.6600000858306885,2.7395619595161156
2018-04-20,2018-04-19,2.739000082015991,2.6605476881296033
2018-04-23,2018-04-20,2.740000009536743,2.7395619595161156
2018-04-24,2018-04-23,2.7809998989105225,2.740562068041405
2018-04-25,2018-04-24,2.7860000133514404,2.7815693857194934
2018-04-26,2018-04-25,2.821000099182129,2.7865704069428063
2018-04-27,2018-04-26,2.7709999084472656,2.8215768452720438
2018-04-30,2018-04-27,2.763000011444092,2.7715675822954466
2018-05-01,2018-04-30,2.802000045776367,2.7635662354832147
2018-05-02,2018-05-01,2.753999948501587,2.8025733422546617
2018-05-03,2018-05-02,2.7260000705718994,2.754564542054297
2018-05-04,2018-05-03,2.7109999656677246,2.7265595955504223
2018-05-07,2018-05-04,2.740999937057495,2.711556777835623
2018-05-08,2018-05-07,2.7320001125335693,2.741063547674057
2018-05-09,2018-05-08,2.736999988555908,2.7320635388598156
2018-05-10,2018-05-09,2.813999891281128,2.737063517256307
2018-05-11,2018-05-10,2.805999994277954,2.814064999299199
2018-05-14,2018-05-11,2.8420000076293945,2.8060649379808584
2018-05-15,2018-05-14,2.8359999656677246,2.842065691170307
2018-05-16,2018-05-15,2.815000057220459,2.836065525828783
2018-05-17,2018-05-16,2.858999967575073,2.815065185785291
2018-05-18,2018-05-17,2.8469998836517334,2.8590660008442916
2018-05-21,2018-05-18,2.809999942779541,2.8470656700278525
2018-05-22,2018-05-21,2.907999992370605,2.8100649686334553
2018-05-23,2018-05-22,2.9140000343322754,2.908067034939396
2018-05-24,2018-05-23,2.940000057220459,2.9140672006149337
2018-05-25,2018-05-24,2.938999891281128,2.94006775990153
2018-05-29,2018-05-25,2.875,2.9390675733189093
2018-05-30,2018-05-29,2.884999990463257,2.8750663626339206
2018-05-31,2018-05-30,2.95199990272522,2.885066559050179
2018-06-01,2018-05-31,2.961999893188477,2.952067853138079
2018-06-04,2018-06-01,2.930000066757202,2.962068050126207
2018-06-05,2018-06-04,2.890000104904175,2.9300675630726865
2018-06-06,2018-06-05,2.8959999084472656,2.8900667764988164
2018-06-07,2018-06-06,2.930000066757202,2.8963027662988727
2018-06-08,2018-06-07,2.890000104904175,2.930306103466853
2018-06-11,2018-06-08,2.9489998817443848,2.8903024022107155
2018-06-12,2018-06-11,2.938999891281128,2.9493076965341163
2018-06-13,2018-06-12,2.963000059127808,2.9393067700824
2018-06-14,2018-06-13,2.9649999141693115,2.963309184868557
2018-06-15,2018-06-14,3.0220000743865967,2.96530922722473
2018-06-18,2018-06-15,2.950999975204468,3.0223147316482395
2018-06-19,2018-06-18,2.900000095367432,2.9513079772402
2018-06-20,2018-06-19,2.96399998664856,2.900303327014236
2018-06-21,2018-06-20,2.9749999046325684,2.9643092060450296
2018-06-22,2018-06-21,2.944999933242798,2.975310154521438
2018-06-25,2018-06-22,2.9230000972747803,2.9453073736021573
2018-06-26,2018-06-25,2.938999891281128,2.9233054792007884
2018-06-27,2018-06-26,2.996000051498413,2.9393067700824
2018-06-28,2018-06-27,2.940000057220459,2.9963122697904248
2018-06-29,2018-06-28,2.924000024795532,2.940307029621379
2018-07-02,2018-06-29,2.861999988555908,2.9243055002456564
2018-07-03,2018-07-02,2.869999885559082,2.8622996715453755
2018-07-05,2018-07-03,2.836999893188477,2.8703003152029245
2018-07-06,2018-07-05,2.8580000400543213,2.83729724431521
2018-07-09,2018-07-06,2.828000068664551,2.8580277502181994
2018-07-10,2018-07-09,2.7880001068115234,2.828027519834862
2018-07-11,2018-07-10,2.8289999961853027,2.788027213133347
2018-07-12,2018-07-11,2.796999931335449,2.8290274559832462
2018-07-13,2018-07-12,2.752000093460083,2.7970271151983694
2018-07-16,2018-07-13,2.759000062942505,2.75202688989911
2018-07-17,2018-07-16,2.740000009536743,2.7590269195997377
2018-07-18,2018-07-17,2.720999956130981,2.7400267027850136
2018-07-19,2018-07-18,2.7690000534057617,2.7210264861034297
2018-07-20,2018-07-19,2.756999969482422,2.769026996120046
2018-07-23,2018-07-20,2.720999956130981,2.7570268089317587
2018-07-24,2018-07-23,2.7320001125335693,2.7210264861034297
2018-07-25,2018-07-24,2.775000095367432,2.7320267370188347
2018-07-26,2018-07-25,2.7799999713897705,2.7750270897335954
2018-07-27,2018-07-26,2.822000026702881,2.7800270088076067
2018-07-30,2018-07-27,2.796999931335449,2.822027426110415
2018-07-31,2018-07-30,2.782000064849853,2.7970271151983694
2018-08-01,2018-07-31,2.757999897003174,2.782027119492077
2018-08-02,2018-08-01,2.815999984741211,2.758026745055252
2018-08-03,2018-08-02,2.8529999256134038,2.816027332398244
2018-08-06,2018-08-03,2.859999895095825,2.853027592589826
2018-08-07,2018-08-06,2.8970000743865967,2.8609901957968917
2018-08-08,2018-08-07,2.9489998817443848,2.8980017992345424
2018-08-09,2018-08-08,2.9549999237060547,2.9500176881670903
2018-08-10,2018-08-09,2.944000005722046,2.9560195876249535
2018-08-13,2018-08-10,2.930000066757202,2.939970931929558
2018-08-14,2018-08-13,2.9590001106262207,2.9310119937877626
2018-08-15,2018-08-14,2.940000057220459,2.9600210131405524
2018-08-16,2018-08-15,2.907999992370605,2.9410150782039075
2018-08-17,2018-08-16,2.946000099182129,2.909005116566263
2018-08-20,2018-08-17,2.940999984741211,2.941968571359068
2018-08-21,2018-08-20,2.9800000190734863,2.942015315157998
2018-08-22,2018-08-21,2.9560000896453857,2.981027426682555
2018-08-23,2018-08-22,2.96399998664856,2.957020063233929
2018-08-24,2018-08-23,2.9170000553131104,2.9650224375376864
2018-08-27,2018-08-24,2.875999927520752,2.913004092305674
2018-08-28,2018-08-27,2.851999998092652,2.87699516643762
2018-08-29,2018-08-28,2.8949999809265137,2.8529878308478387
2018-08-30,2018-08-29,2.874000072479248,2.896001087824936
2018-08-31,2018-08-30,2.9159998893737797,2.8749946940021633
2018-09-04,2018-08-31,2.822999954223633,2.917007486663799
2018-09-05,2018-09-04,2.7950000762939453,2.8239788469398017
2018-09-06,2018-09-05,2.7720000743865967,2.7961576976587406
2018-09-07,2018-09-06,2.776000022888184,2.773149254508153
2018-09-10,2018-09-07,2.803999900817871,2.770605105163731
2018-09-11,2018-09-10,2.828000068664551,2.8051608273690705
2018-09-12,2018-09-11,2.8289999961853027,2.829169815104322
2018-09-13,2018-09-12,2.816999912261963,2.8301701102731083
2018-09-14,2018-09-13,2.7669999599456787,2.8181656151792063
2018-09-17,2018-09-14,2.813999891281128,2.7616205194302523
2018-09-18,2018-09-17,2.933000087738037,2.8151644917332463
2018-09-19,2018-09-18,2.907999992370605,2.9342085163576255
2018-09-20,2018-09-19,2.9760000705718994,2.909199197273041
2018-09-21,2018-09-20,2.976999998092652,2.9772243829719276
2018-09-24,2018-09-21,3.0380001068115234,2.971258008353863
2018-09-25,2018-09-24,3.0820000171661377,3.039247362216768
2018-09-26,2018-09-25,3.0209999084472656,3.0832635826079633
2018-09-27,2018-09-26,3.055999994277954,3.022240868291429
2018-09-28,2018-09-27,3.007999897003174,3.0572539192048085
2018-10-01,2018-09-28,3.094000101089477,3.00220415484794
2018-10-02,2018-10-01,3.1659998893737797,3.0952681186510684
2018-10-03,2018-10-02,3.2300000190734863,3.1672946530947943
2018-10-04,2018-10-03,3.164999961853028,3.231318603761875
2018-10-05,2018-10-04,3.1429998874664307,3.1656143647696133
2018-10-08,2018-10-05,3.2669999599456787,3.1394829616870816
2018-10-09,2018-10-08,3.2660000324249268,3.2676323920168073
2018-10-10,2018-10-09,3.2839999198913574,3.2666322875111566
2018-10-11,2018-10-10,3.2219998836517334,3.2846353616236414
2018-10-12,2018-10-11,3.1610000133514404,3.2226243554658467
2018-10-15,2018-10-12,3.242000102996826,3.157464793618368
2018-10-16,2018-10-15,3.239000082015991,3.2426281115524844
2018-10-17,2018-10-16,3.319999933242798,3.2396275599408786
2018-10-18,2018-10-17,3.197999954223633,3.3206417527344416
2018-10-19,2018-10-18,3.25,3.1986201845551223
2018-10-22,2018-10-19,3.138000011444092,3.2463741908575123
2018-10-23,2018-10-22,3.211999893188477,3.1386096505763703
2018-10-24,2018-10-23,3.1659998893737797,3.2126225973739473
2018-10-25,2018-10-24,3.20199990272522,3.166614468785745
2018-10-26,2018-10-25,3.184999942779541,3.2026208397682168
2018-10-29,2018-10-26,3.184999942779541,3.1814403166210377
2018-10-30,2018-10-29,3.187000036239624,3.1856178768121075
2018-10-31,2018-10-30,3.260999917984009,3.1876183235106508
2018-11-01,2018-10-31,3.236999988555908,3.261631288131091
2018-11-02,2018-11-01,3.2839999198913574,3.2376271127366443
2018-11-05,2018-11-02,3.566999912261963,3.2837040470598144
2018-11-06,2018-11-05,3.555000066757202,3.566680627063906
2018-11-07,2018-11-06,3.555000066757202,3.5546817772813686
2018-11-08,2018-11-07,3.5429999828338623,3.5546817772813686
2018-11-09,2018-11-08,3.7190001010894775,3.5426826888535996
2018-11-12,2018-11-09,3.788000106811523,3.718668182840638
2018-11-13,2018-11-12,4.10099983215332,3.7876624420709954
2018-11-14,2018-11-13,4.836999893188477,4.1006360191026605
2018-11-15,2018-11-14,4.038000106811523,4.836574186389456
2018-11-16,2018-11-15,4.271999835968018,4.037641566687898
2018-11-19,2018-11-16,4.699999809265137,4.271621688240934
2018-11-20,2018-11-19,4.5229997634887695,4.699585658764706
2018-11-21,2018-11-20,4.451000213623047,4.522600521596943
2018-11-23,2018-11-21,4.308000087738037,4.450607028601599
2018-11-26,2018-11-23,4.248000144958496,4.307618918242241
2018-11-27,2018-11-26,4.26200008392334,4.247624010971025
2018-11-28,2018-11-27,4.715000152587891,4.261622775316402
2018-11-29,2018-11-28,4.645999908447266,4.71458473746053
2018-11-30,2018-11-29,4.611999988555908,4.645590309032346
2018-12-03,2018-11-30,4.339000225067139,4.611593253441305
2018-12-04,2018-12-03,4.456999778747559,4.338616452463394
2018-12-06,2018-12-04,4.327000141143799,4.457755104844721
2018-12-07,2018-12-06,4.48799991607666,4.32773450713403
2018-12-10,2018-12-07,4.545000076293945,4.488760244812973
2018-12-11,2018-12-10,4.4070000648498535,4.545769607659079
2018-12-12,2018-12-11,4.136000156402588,4.40774732578377
2018-12-13,2018-12-12,4.124000072479248,4.136703785798878
2018-12-14,2018-12-13,3.82699990272522,4.1247017732784315
2018-12-17,2018-12-14,3.5280001163482666,3.8276539772879987
2018-12-18,2018-12-17,3.838000059127808,3.528606483442657
2018-12-19,2018-12-18,3.7260000705718994,3.8386558937421396
2018-12-20,2018-12-19,3.5829999446868896,3.7266380003701944
2018-12-21,2018-12-20,3.815999984741211,3.583615066817463
2018-12-24,2018-12-21,3.4670000076293945,3.816652299613865
2018-12-26,2018-12-24,3.5429999828338623,3.467596676430297
2018-12-27,2018-12-26,3.641999959945679,3.543608736663834
2018-12-28,2018-12-27,3.302999973297119,3.6426244846674356
2018-12-31,2018-12-28,2.940000057220459,3.303570634849472
2019-01-02,2018-12-31,2.9579999446868896,2.940513563132431
2019-01-03,2019-01-02,2.944999933242798,2.958516269399618
2019-01-04,2019-01-03,3.0439999103546143,2.9455142219622763
2019-01-07,2019-01-04,2.944000005722046,3.0445297265503304
2019-01-08,2019-01-07,2.9670000076293945,2.943726636644149
2019-01-09,2019-01-08,2.983999967575073,2.9667247230195906
2019-01-10,2019-01-09,2.969000101089477,2.9837232661650015
2019-01-11,2019-01-10,3.0989999771118164,2.9687246498318327
2019-01-14,2019-01-11,3.5910000801086426,3.098713670641752
2019-01-15,2019-01-14,3.500999927520752,3.590672336799652
2019-01-16,2019-01-15,3.384000062942505,3.5006798001344315
2019-01-17,2019-01-16,3.4130001068115234,3.3836898139944007
2019-01-18,2019-01-17,3.4820001125335693,3.4126874118105057
2019-01-22,2019-01-18,3.039999961853028,3.481681591083043
2019-01-23,2019-01-22,2.9800000190734863,3.039718587626295
2019-01-24,2019-01-23,3.0989999771118164,2.979723651098486
2019-01-25,2019-01-24,3.177999973297119,3.098713670641752
2019-01-28,2019-01-25,2.9110000133514404,3.1777070488337924
2019-01-29,2019-01-28,2.950000047683716,2.91072938993312
2019-01-30,2019-01-29,2.8540000915527344,2.949726179046273
2019-01-31,2019-01-30,2.813999891281128,2.853734202839003
2019-02-01,2019-01-31,2.733999967575073,2.8137373190518176
2019-02-04,2019-02-01,2.6600000858306885,2.7337440122217673
2019-02-05,2019-02-04,2.6619999408721924,2.6597502308037724
2019-02-06,2019-02-05,2.6619999408721924,2.66174992125237
2019-02-07,2019-02-06,2.5510001182556152,2.661629379707757
2019-02-08,2019-02-07,2.5829999446868896,2.5506430615089406
2019-02-11,2019-02-08,2.6419999599456787,2.582639002422712
2019-02-12,2019-02-11,2.687999963760376,2.641631837399417
2019-02-13,2019-02-12,2.575000047683716,2.687626229003821
2019-02-14,2019-02-13,2.572999954223633,2.574640077388433
2019-02-15,2019-02-14,2.625,2.572640226873353
2019-02-19,2019-02-15,2.6619999408721924,2.624633948459933
2019-02-20,2019-02-19,2.635999917984009,2.661629379707757
2019-02-21,2019-02-20,2.697000026702881,2.6356325265801743
2019-02-22,2019-02-21,2.7170000076293945,2.696625192513516
2019-02-25,2019-02-22,2.8359999656677246,2.7166227286930598
2019-02-26,2019-02-25,2.8550000190734863,2.835608097436794
2019-02-27,2019-02-26,2.799000024795532,2.854605814964536
2019-02-28,2019-02-27,2.812000036239624,2.798612700366216
2019-03-01,2019-02-28,2.858999967575073,2.8116111160976316
2019-03-04,2019-03-01,2.8570001125335693,2.858605271492472
2019-03-05,2019-03-04,2.884000062942505,2.8566056624325284
2019-03-06,2019-03-05,2.8410000801086426,2.883602290284134
2019-03-07,2019-03-06,2.865999937057495,2.84060759732711
2019-03-08,2019-03-07,2.865000009536743,2.865604379833275
2019-03-11,2019-03-08,2.7720000743865967,2.864372992513796
2019-03-12,2019-03-11,2.7839999198913574,2.771391167279919
2019-03-13,2019-03-12,2.819999933242798,2.783388679846456
2019-03-14,2019-03-13,2.8550000190734863,2.819381687445113
2019-03-15,2019-03-14,2.7950000762939453,2.854374952523231
2019-03-18,2019-03-15,2.8499999046325684,2.7943866966541857
2019-03-19,2019-03-18,2.874000072479248,2.8493758130624
2019-03-20,2019-03-19,2.819999933242798,2.873371299384401
2019-03-21,2019-03-20,2.821000099182129,2.819381687445113
2019-03-22,2019-03-21,2.753000020980835,2.8203816586036403
2019-03-25,2019-03-22,2.755000114440918,2.7523948053674157
2019-03-26,2019-03-25,2.740000009536743,2.7543945103710707
2019-03-27,2019-03-26,2.713000059127808,2.7393973179696616
2019-03-28,2019-03-27,2.711999893188477,2.7124026052791192
2019-03-29,2019-03-28,2.6619999408721924,2.711402633243206
2019-04-01,2019-03-29,2.7079999446868896,2.6614123633936044
2019-04-02,2019-04-01,2.684000015258789,2.7074034601309678
2019-04-03,2019-04-02,2.677000045776367,2.6834081801799337
2019-04-04,2019-04-03,2.6429998874664307,2.676409565844141
2019-04-05,2019-04-04,2.6640000343322754,2.6424159835070125
2019-04-08,2019-04-05,2.7079999446868896,2.663412069960677
2019-04-09,2019-04-08,2.6989998817443848,2.7070704770605762
2019-04-10,2019-04-09,2.700000047683716,2.6980731319181865
2019-04-11,2019-04-10,2.6640000343322754,2.6990729958855804
2019-04-12,2019-04-11,2.6600000858306885,2.6630838431210533
2019-04-15,2019-04-12,2.5899999141693115,2.659085100228854
2019-04-16,2019-04-15,2.572000026702881,2.589105989903098
2019-04-17,2019-04-16,2.5169999599456787,2.5711115064470054
2019-04-18,2019-04-17,2.490000009536743,2.516127920911441
2019-04-22,2019-04-18,2.5239999294281006,2.489136043483461
2019-04-23,2019-04-22,2.4549999237060547,2.5231257954618105
2019-04-24,2019-04-23,2.461999893188477,2.454146404535952
2019-04-25,2019-04-24,2.513999938964844,2.4611442863255952
2019-04-26,2019-04-25,2.565999984741211,2.5131287975260133
2019-04-29,2019-04-26,2.5929999351501465,2.5651132647470845
2019-04-30,2019-04-29,2.575000047683716,2.5921051097272043
2019-05-01,2019-04-30,2.619999885559082,2.574110627089879
2019-05-02,2019-05-01,2.58899998664856,2.6190969437698053
2019-05-03,2019-05-02,2.566999912261963,2.5881063627139773
2019-05-06,2019-05-03,2.5239999294281006,2.5661128922865073
2019-05-07,2019-05-06,2.5369999408721924,2.5231257954618105
2019-05-08,2019-05-07,2.609999895095825,2.536121914209582
2019-05-09,2019-05-08,2.595000028610229,2.6091508327267796
2019-05-10,2019-05-09,2.61899995803833,2.5941552195807907
2019-05-13,2019-05-10,2.621000051498413,2.6181483421191514
2019-05-14,2019-05-13,2.6589999198913574,2.62014786794905
2019-05-15,2019-05-14,2.6010000705718994,2.65813694157454
2019-05-16,2019-05-15,2.638999938964844,2.600153560558291
2019-05-17,2019-05-16,2.63100004196167,2.6381426445504426
2019-05-20,2019-05-17,2.6730000972747803,2.6301450195731757
2019-05-21,2019-05-20,2.61299991607666,2.6721331370116754
2019-05-22,2019-05-21,2.5429999828338623,2.612150002648968
2019-05-23,2019-05-22,2.578000068664551,2.542169893941078
2019-05-24,2019-05-23,2.5980000495910645,2.5771600762733797
2019-05-28,2019-05-24,2.5820000171661377,2.597154390132916
2019-05-29,2019-05-28,2.632999897003174,2.5811588918312234
2019-05-30,2019-05-29,2.546999931335449,2.6321443067235357
2019-05-31,2019-05-30,2.4539999961853027,2.5461687115427107
2019-06-03,2019-05-31,2.4030001163482666,2.453195006674586
2019-06-04,2019-06-03,2.4159998893737797,2.402209452043474
2019-06-05,2019-06-04,2.378000020980835,2.415205577762161
2019-06-06,2019-06-05,2.3239998817443848,2.3772163626568243
2019-06-07,2019-06-06,2.336999893188477,2.323231318170218
2019-06-10,2019-06-07,2.3570001125335693,2.3361421467896943
2019-06-11,2019-06-10,2.3989999294281006,2.35613615762231
2019-06-12,2019-06-11,2.385999917984009,2.398122910863721
2019-06-13,2019-06-12,2.325000047683716,2.3851269466477056
2019-06-14,2019-06-13,2.38700008392334,2.3241460223698738
2019-06-17,2019-06-14,2.385999917984009,2.3861268013267933
2019-06-18,2019-06-17,2.328000068664551,2.3851269466477056
2019-06-19,2019-06-18,2.276000022888184,2.3271451133404906
2019-06-20,2019-06-19,2.184999942779541,2.275161160671518
2019-06-21,2019-06-20,2.186000108718872,2.184189098406283
2019-06-24,2019-06-21,2.302999973297119,2.1851889574642165
2019-06-25,2019-06-24,2.308000087738037,2.3021527622691056
2019-06-26,2019-06-25,2.2909998893737797,2.307151328875875
2019-06-27,2019-06-26,2.3239998817443848,2.290156390908077
2019-06-28,2019-06-27,2.308000087738037,2.323146166441609
2019-07-01,2019-06-28,2.2669999599456787,2.307151328875875
2019-07-02,2019-07-01,2.240000009536743,2.2661638771554737
2019-07-03,2019-07-02,2.289999961853028,2.2391722540974164
2019-07-05,2019-07-03,2.4179999828338623,2.2891567726030653
2019-07-08,2019-07-05,2.4030001163482666,2.4171170432472864
2019-07-09,2019-07-08,2.424999952316284,2.4021218517701564
2019-07-10,2019-07-09,2.444000005722046,2.4242447384604744
2019-07-11,2019-07-10,2.4159998893737797,2.443239731937594
2019-07-12,2019-07-11,2.453000068664551,2.4152470703330815
2019-07-15,2019-07-12,2.407999992370605,2.452237396084434
2019-07-16,2019-07-15,2.305999994277954,2.4072493009172877
2019-07-17,2019-07-16,2.303999900817871,2.30527633563945
2019-07-18,2019-07-17,2.2869999408721924,2.30327677043984
2019-07-19,2019-07-18,2.250999927520752,2.2862812975366205
2019-07-22,2019-07-19,2.312000036239624,2.2502907683938327
2019-07-23,2019-07-22,2.299999952316284,2.311274792448091
2019-07-24,2019-07-23,2.220000028610229,2.2992778781779903
2019-07-25,2019-07-24,2.24399995803833,2.2192990164347757
2019-07-26,2019-07-25,2.1689999103546143,2.2432926401852344
2019-07-29,2019-07-26,2.1410000324249268,2.1683122592674335
2019-07-30,2019-07-29,2.13700008392334,2.1403196936123954
2019-07-31,2019-07-30,2.2330000400543213,2.1363207883286672
2019-08-01,2019-07-31,2.20199990272522,2.2322956136971643
2019-08-02,2019-08-01,2.121000051498413,2.2013036123309035
2019-08-05,2019-08-02,2.069999933242798,2.120324925313337
2019-08-06,2019-08-05,2.111000061035156,2.0693380583737837
2019-08-07,2019-08-06,2.0829999446868896,2.1103275378267705
2019-08-08,2019-08-07,2.128000020980835,2.082285893858212
2019-08-09,2019-08-08,2.11899995803833,2.1272734089962904
2019-08-12,2019-08-09,2.1050000190734863,2.118275862231701
2019-08-13,2019-08-12,2.1470000743865967,2.1042798334011934
2019-08-14,2019-08-13,2.1429998874664307,2.146268144192354
2019-08-15,2019-08-14,2.2320001125335693,2.1422690776485585
2019-08-16,2019-08-15,2.200000047683716,2.231244290096929
2019-08-19,2019-08-16,2.2100000381469727,2.1992532387114045
2019-08-20,2019-08-19,2.2179999351501465,2.209250414846811
2019-08-21,2019-08-20,2.1700000762939453,2.217248058854276
2019-08-22,2019-08-21,2.1589999198913574,2.169261697064937
2019-08-23,2019-08-22,2.1519999504089355,2.1582646265419134
2019-08-26,2019-08-23,2.2300000190734863,2.151266619321185
2019-08-27,2019-08-26,2.20199990272522,2.229244760645487
2019-08-28,2019-08-27,2.250999927520752,2.201252531102
2019-08-29,2019-08-28,2.2960000038146973,2.250238743116576
2019-08-30,2019-08-29,2.2850000858306885,2.295226090367145
2019-09-03,2019-08-30,2.3580000400543213,2.2842292876551946
2019-09-04,2019-09-03,2.444999933242798,2.357208523939856
2019-09-05,2019-09-04,2.434999942779541,2.4441835984158526
2019-09-06,2019-09-05,2.496000051498413,2.434186467360454
2019-09-09,2019-09-06,2.5850000381469727,2.49528293421448
2019-09-10,2019-09-09,2.5799999237060547,2.584260834983856
2019-09-11,2019-09-10,2.552000045776367,2.5792619640676433
2019-09-12,2019-09-11,2.5739998817443848,2.55126904382434
2019-09-13,2019-09-12,2.614000082015991,2.573263413896269
2019-09-16,2019-09-13,2.680999994277954,2.6132536604373438
2019-09-17,2019-09-16,2.6679999828338623,2.680236857070721
2019-09-18,2019-09-17,2.63700008392334,2.667240093067735
2019-09-19,2019-09-18,2.5380001068115234,2.6362479301116553
2019-09-20,2019-09-19,2.5339999198913574,2.5372725799123197
2019-09-23,2019-09-20,2.5269999504089355,2.533273385443662
2019-09-24,2019-09-23,2.503000020980835,2.526275152154167
2019-09-25,2019-09-24,2.502000093460083,2.502281170423581
2019-09-26,2019-09-25,2.427999973297119,2.5012814905374103
2019-09-27,2019-09-26,2.4040000438690186,2.4272996578772923
2019-09-30,2019-09-27,2.3299999237060547,2.4033056424760053
2019-10-01,2019-09-30,2.282999992370605,2.329323701517791
2019-10-02,2019-10-01,2.246999979019165,2.2823352703007265
2019-10-03,2019-10-02,2.3289999961853027,2.2463440399272114
2019-10-04,2019-10-03,2.351999998092652,2.3283240190460144
2019-10-07,2019-10-04,2.302999973297119,2.3513183803092943
2019-10-08,2019-10-07,2.2880001068115234,2.30225772394767
2019-10-09,2019-10-08,2.233999967575073,2.287261922750079
2019-10-10,2019-10-09,2.2179999351501465,2.2332763828201427
2019-10-11,2019-10-10,2.21399998664856,2.217280664977809
2019-10-14,2019-10-11,2.2799999713897705,2.2132817942883003
2019-10-15,2019-10-14,2.33899998664856,2.2792639537951374
2019-10-16,2019-10-15,2.302999973297119,2.338247963497664
2019-10-17,2019-10-16,2.318000078201294,2.30225772394767
2019-10-18,2019-10-17,2.319999933242798,2.317253759295828
2019-10-21,2019-10-18,2.23799991607666,2.319253071459112
2019-10-22,2019-10-21,2.2720000743865967,2.23727525188196
2019-10-23,2019-10-22,2.282000064849853,2.271266221967994
2019-10-24,2019-10-23,2.315999984741211,2.281263505736918
2019-10-25,2019-10-24,2.299999952316284,2.315254208705175
2019-10-28,2019-10-25,2.446000099182129,2.2992585163758408
2019-10-29,2019-10-28,2.5969998836517334,2.445218892061243
2019-10-30,2019-10-29,2.690999984741211,2.596177183823807
2019-10-31,2019-10-30,2.632999897003174,2.6901512936482277
2019-11-01,2019-10-31,2.71399998664856,2.632167256799452
2019-11-04,2019-11-01,2.821000099182129,2.713144918779921
2019-11-05,2019-11-04,2.861999988555908,2.820115282666249
2019-11-06,2019-11-05,2.828000068664551,2.8614974399335944
2019-11-07,2019-11-06,2.7720000743865967,2.8275028371177213
2019-11-08,2019-11-07,2.7890000343322754,2.771511584806058
2019-11-11,2019-11-08,2.63700008392334,2.7885088930448965
2019-11-12,2019-11-11,2.621000051498413,2.6365325829828463
2019-11-13,2019-11-12,2.5999999046325684,2.620535029515392
2019-11-14,2019-11-13,2.6470000743865967,2.5995381333750376
2019-11-15,2019-11-14,2.687999963760376,2.6465310231396124
2019-11-18,2019-11-15,2.565999984741211,2.6875245486948787
2019-11-19,2019-11-18,2.509999990463257,2.565543469311436
2019-11-20,2019-11-19,2.559000015258789,2.509552111555277
2019-11-21,2019-11-20,2.566999912261963,2.558544580780376
2019-11-22,2019-11-21,2.664999961853028,2.5665432423892742
2019-11-25,2019-11-22,2.5309998989105225,2.6645281182300087
2019-11-26,2019-11-25,2.470000028610229,2.5305487843293406
2019-11-27,2019-11-26,2.500999927520752,2.4695583025878527
2019-11-29,2019-11-27,2.2809998989105225,2.5005534342155626
2019-12-02,2019-11-29,2.3289999961853027,2.280587045202645
2019-12-03,2019-12-02,2.440999984741211,2.3285798431715845
2019-12-04,2019-12-03,2.3989999294281006,2.4405627108386314
2019-12-05,2019-12-04,2.427000045776367,2.398569089892323
2019-12-06,2019-12-05,2.3340001106262207,2.4260318103669647
2019-12-09,2019-12-06,2.2320001125335693,2.333063500203018
2019-12-10,2019-12-09,2.263999938964844,2.231097962499995
2019-12-11,2019-12-10,2.243000030517578,2.2630870047703775
2019-12-12,2019-12-11,2.328000068664551,2.2420941763025404
2019-12-13,2019-12-12,2.2960000038146973,2.327065492090204
2019-12-16,2019-12-13,2.3410000801086426,2.2950762604583166
2019-12-17,2019-12-16,2.319000005722046,2.340061095863776
2019-12-18,2019-12-17,2.2860000133514404,2.3180684783882723
2019-12-19,2019-12-18,2.2730000019073486,2.285079650472105
2019-12-20,2019-12-19,2.328000068664551,2.2720840301017997
2019-12-23,2019-12-20,2.21399998664856,2.327065492090204
2019-12-24,2019-12-23,2.171999931335449,2.213103891491454
2019-12-26,2019-12-24,2.2939999103546143,2.1711179314241393
2019-12-27,2019-12-26,2.157999992370605,2.293076843314629
2019-12-30,2019-12-27,2.186000108718872,2.1571226803805237
2019-12-31,2019-12-30,2.188999891281128,2.185113415517283
2020-01-02,2019-12-31,2.121999979019165,2.1881121917800925
2020-01-03,2020-01-02,2.130000114440918,2.1211346968526366
2020-01-06,2020-01-03,2.134999990463257,2.1291321620833337
2020-01-07,2020-01-06,2.1619999408721924,2.134130368384569
2020-01-08,2020-01-07,2.1410000324249268,2.1609379028812326
2020-01-09,2020-01-08,2.1659998893737797,2.139946484505964
2020-01-10,2020-01-09,2.20199990272522,2.164936232579667
2020-01-13,2020-01-10,2.181999921798706,2.2009216531478635
2020-01-14,2020-01-13,2.187000036239624,2.1809297844646403
2020-01-15,2020-01-14,2.119999885559082,2.1859278719943633
2020-01-16,2020-01-15,2.07699990272522,2.1189548129032816
2020-01-17,2020-01-16,2.003000020980835,2.0759721359930694
2020-01-21,2020-01-17,1.8949999809265137,2.0020018769019745
2020-01-22,2020-01-21,1.9049999713897705,1.8940446735493746
2020-01-23,2020-01-22,1.9259999990463257,1.904040718831184
2020-01-24,2020-01-23,1.89300000667572,1.925032447078681
2020-01-27,2020-01-24,1.9019999504089355,1.8920454877832722
2020-01-28,2020-01-27,1.934000015258789,1.901041881886858
2020-01-29,2020-01-28,1.8769999742507932,1.9330292965206368
2020-01-30,2020-01-29,1.8289999961853027,1.876051756747711
2020-01-31,2020-01-30,1.840999960899353,1.8280706106327167
2020-02-03,2020-01-31,1.819000005722046,1.8400658777416725
2020-02-04,2020-02-03,1.871999979019165,1.8180745294370242
2020-02-05,2020-02-04,1.8609999418258667,1.871053728271678
2020-02-06,2020-02-05,1.861999988555908,1.8600580138442189
2020-02-07,2020-02-06,1.8580000400543213,1.8603983836425384
2020-02-10,2020-02-07,1.7660000324249268,1.8564011045967832
2020-02-11,2020-02-10,1.787999987602234,1.7644621253398687
2020-02-12,2020-02-11,1.843999981880188,1.7864475533473794
2020-02-13,2020-02-12,1.825999975204468,1.8424103794671733
2020-02-14,2020-02-13,1.837000012397766,1.8244223486827318
2020-02-18,2020-02-14,1.9809999465942385,1.8354150704488634
2020-02-19,2020-02-18,1.955000042915344,1.9793183636971252
2020-02-20,2020-02-19,1.919999957084656,1.9533360231376549
2020-02-21,2020-02-20,1.9049999713897705,1.9183595034013345
2020-02-24,2020-02-21,1.8270000219345093,1.9033695896327032
2020-02-25,2020-02-24,1.847000002861023,1.8254217307630514
2020-02-26,2020-02-25,1.8209999799728396,1.8454084018496537
2020-02-27,2020-02-26,1.7519999742507937,1.8194256752790157
2020-02-28,2020-02-27,1.684000015258789,1.7504712890095142
2020-03-02,2020-02-28,1.75600004196167,1.6825158580216204
2020-03-03,2020-03-02,1.7999999523162842,1.7544687237067813
2020-03-04,2020-03-03,1.8270000219345093,1.7984395760947334
2020-03-05,2020-03-04,1.7719999551773071,1.8254217307630514
2020-03-06,2020-03-05,1.7079999446868896,1.7704580904808949
2020-03-09,2020-03-06,1.777999997138977,1.7065001229067147
2020-03-10,2020-03-09,1.9359999895095823,1.7768086551200177
2020-03-11,2020-03-10,1.878000020980835,1.9347274233074514
2020-03-12,2020-03-11,1.840999960899353,1.8767574504057594
2020-03-13,2020-03-12,1.86899995803833,1.8397764197988118
2020-03-16,2020-03-13,1.815000057220459,1.8677620240692703
2020-03-17,2020-03-16,1.7289999723434448,1.813789836316189
2020-03-18,2020-03-17,1.6039999723434448,1.7278334862755345
2020-03-19,2020-03-18,1.6540000438690186,1.602896069069544
2020-03-20,2020-03-19,1.6039999723434448,1.6528712575749105
2020-03-23,2020-03-20,1.6019999980926514,1.602896069069544
2020-03-24,2020-03-23,1.652999997138977,1.6008970857223561
2020-03-25,2020-03-24,1.659000039100647,1.651871710555747
2020-03-26,2020-03-25,1.6369999647140503,1.6578687531598526
2020-03-27,2020-03-26,1.633999943733215,1.63587966205609
2020-03-30,2020-03-27,1.690000057220459,1.6328811357236417
2020-03-31,2020-03-30,1.6399999856948853,1.6888532291092204
2020-04-01,2020-03-31,1.587000012397766,1.6388781876437173
2020-04-02,2020-04-01,1.5520000457763672,1.5859045207696276
2020-04-03,2020-04-02,1.621000051498413,1.550921791056725
2020-04-06,2020-04-03,1.7309999465942385,1.6198877115197319
2020-04-07,2020-04-06,1.8519999980926516,1.7298324493821369
2020-04-08,2020-04-07,1.7829999923706057,1.8506878372656672
2020-04-09,2020-04-08,1.7330000400543213,1.7817255160603946
2020-04-13,2020-04-09,1.7239999771118164,1.7317526558033045
2020-04-14,2020-04-13,1.649999976158142,1.7227574491591304
2020-04-15,2020-04-14,1.5980000495910645,1.6487971285507927
2020-04-16,2020-04-15,1.6859999895095823,1.5968248035407884
2020-04-17,2020-04-16,1.753000020980835,1.6847778945350647
2020-04-20,2020-04-17,1.924000024795532,1.751741822570051
2020-04-21,2020-04-20,1.8209999799728396,1.9226482016358675
2020-04-22,2020-04-21,1.9390000104904173,1.8197047909719841
2020-04-23,2020-04-22,1.815000057220459,1.9376398834857904
2020-04-24,2020-04-23,1.746000051498413,1.8137081454057256
2020-04-27,2020-04-24,1.819000005722046,1.7447456415229188
2020-04-28,2020-04-27,1.7940000295639038,1.8177059093956882
2020-04-29,2020-04-28,1.86899995803833,1.7927195680691517
2020-04-30,2020-04-29,1.9490000009536743,1.8676784626570107
2020-05-01,2020-04-30,1.8899999856948853,1.9476343305302644
2020-05-04,2020-05-01,1.993000030517578,1.8886669332681683
2020-05-05,2020-05-04,2.134000062942505,1.9916098994899882
2020-05-06,2020-05-05,1.944000005722046,2.132530840095696
2020-05-07,2020-05-06,1.8940000534057615,1.9426371077541251
2020-05-08,2020-05-07,1.8229999542236328,1.8928540502357114
2020-05-11,2020-05-08,1.825999975204468,1.8218874023218095
2020-05-12,2020-05-11,1.7200000286102295,1.8248860157493052
2020-05-13,2020-05-12,1.616000056266785,1.7189354630462168
2020-05-14,2020-05-13,1.680999994277954,1.6149832097871428
2020-05-15,2020-05-14,1.6460000276565552,1.6799534151322442
2020-05-18,2020-05-15,1.7829999923706057,1.6449694976588434
2020-05-19,2020-05-18,1.830000042915344,1.7819061556843518
2020-05-20,2020-05-19,1.7710000276565552,1.8288842058737158
2020-05-21,2020-05-20,1.7100000381469729,1.7699117862078766
2020-05-22,2020-05-21,1.7309999465942385,1.7089400945436606
2020-05-26,2020-05-22,1.7929999828338623,1.7299302890608461
2020-05-27,2020-05-26,1.722000002861023,1.7919014765433454
2020-05-28,2020-05-27,1.8270000219345093,1.7209345120975734
2020-05-29,2020-05-28,1.8489999771118164,1.8258855931575262
2020-06-01,2020-05-29,1.77400004863739,1.8478752089029027
2020-06-02,2020-06-01,1.7769999504089355,1.7729104092187624
2020-06-03,2020-06-02,1.8209999799728396,1.7759089125055831
2020-06-04,2020-06-03,1.8220000267028809,1.8198883661237104
2020-06-05,2020-06-04,1.781999945640564,1.8208879438292538
2020-06-08,2020-06-05,1.7890000343322754,1.7809065755937525
2020-06-09,2020-06-08,1.7669999599456787,1.7877893073541378
2020-06-10,2020-06-09,1.7799999713897705,1.7658005595820727
2020-06-11,2020-06-10,1.812999963760376,1.7787938821121736
2020-06-12,2020-06-11,1.7309999465942385,1.8117768426955358
2020-06-15,2020-06-12,1.6690000295639038,1.729819006474679
2020-06-16,2020-06-15,1.6139999628067017,1.667850654691238
2020-06-17,2020-06-16,1.6380000114440918,1.6128783319484192
2020-06-18,2020-06-17,1.6380000114440918,1.6368663051031183
2020-06-19,2020-06-18,1.6690000295639038,1.6368663051031183
2020-06-22,2020-06-19,1.6640000343322754,1.667850654691238
2020-06-23,2020-06-22,1.6369999647140503,1.662853191936727
2020-06-24,2020-06-23,1.597000002861023,1.6358667625128982
2020-06-25,2020-06-24,1.4819999933242798,1.5958868954388745
2020-06-26,2020-06-25,1.4950000047683716,1.4809438431614965
2020-06-29,2020-06-26,1.7089999914169312,1.4939374806278607
2020-06-30,2020-06-29,1.7510000467300415,1.7078302856209164
2020-07-01,2020-06-30,1.6710000038146973,1.7498088624235453
2020-07-02,2020-07-01,1.7339999675750732,1.6698496154009486
2020-07-06,2020-07-02,1.830000042915344,1.7328174926918385
2020-07-07,2020-07-06,1.8760000467300413,1.8287681193687284
2020-07-08,2020-07-07,1.8240000009536743,1.874744211532086
2020-07-09,2020-07-08,1.7790000438690186,1.8230695208128904
2020-07-10,2020-07-09,1.8049999475479128,1.7780871619900784
2020-07-13,2020-07-10,1.7389999628067017,1.8040769104279928
2020-07-14,2020-07-13,1.746000051498413,1.7381026345521144
2020-07-15,2020-07-14,1.777999997138977,1.7451000076041474
2020-07-16,2020-07-15,1.7230000495910645,1.7770875051627895
2020-07-17,2020-07-16,1.718000054359436,1.7221089181627125
2020-07-20,2020-07-17,1.6410000324249268,1.7171108564911801
2020-07-21,2020-07-20,1.6749999523162842,1.640140425796283
2020-07-22,2020-07-21,1.680999994277954,1.6741273233512188
2020-07-23,2020-07-22,1.784999966621399,1.6801250599098583
2020-07-24,2020-07-23,1.807999968528748,1.784084744362345
2020-07-27,2020-07-24,1.7339999675750732,1.80707575740087
2020-07-28,2020-07-27,1.7999999523162842,1.7331045773754
2020-07-29,2020-07-28,1.8539999723434448,1.7990788708414782
2020-07-30,2020-07-29,1.8289999961853027,1.8530577037388705
2020-07-31,2020-07-30,1.7990000247955322,1.8280675543619833
2020-08-03,2020-07-31,2.1010000705718994,1.798079334268312
2020-08-04,2020-08-03,2.193000078201294,2.099959241221156
2020-08-05,2020-08-04,2.190999984741211,2.1919219468708357
2020-08-06,2020-08-05,2.164999961853028,2.189922667342662
2020-08-07,2020-08-06,2.23799991607666,2.164143373444912
2020-08-10,2020-08-07,2.1530001163482666,2.2371194557037297
2020-08-11,2020-08-10,2.1710000038146973,2.152147438847602
2020-08-12,2020-08-11,2.1519999504089355,2.170141458480386
2020-08-13,2020-08-12,2.181999921798706,2.151147598701655
2020-08-14,2020-08-13,2.3559999465942383,2.181137786363186
2020-08-17,2020-08-14,2.33899998664856,2.3550806279977374
2020-08-18,2020-08-17,2.4170000553131104,2.338086285582424
2020-08-19,2020-08-18,2.4260001182556152,2.4160605294262307
2020-08-20,2020-08-19,2.351999998092652,2.425057604507742
2020-08-21,2020-08-20,2.447999954223633,2.3510820018154224
2020-08-24,2020-08-21,2.513000011444092,2.4470501301716627
2020-08-25,2020-08-24,2.489000082015991,2.51202853446023
2020-08-26,2020-08-25,2.4609999656677246,2.488036609143493
2020-08-27,2020-08-26,2.5789999961853027,2.4600458174206548
2020-08-28,2020-08-27,2.657000064849853,2.578006454665835
2020-08-31,2020-08-28,2.630000114440918,2.6559803520343808
2020-09-01,2020-08-31,2.5269999504089355,2.628989472090076
2020-09-02,2020-09-01,2.486000061035156,2.526023799520046
2020-09-03,2020-09-02,2.486999988555908,2.485037587938086
2020-09-04,2020-09-03,2.588000059127808,2.486037182245493
2020-09-08,2020-09-04,2.400000095367432,2.587203806748163
2020-09-09,2020-09-08,2.4059998989105225,2.3992539164562756
2020-09-10,2020-09-09,2.322999954223633,2.4052521303011662
2020-09-11,2020-09-10,2.2690000534057617,2.32227412360874
2020-09-14,2020-09-11,2.309999942779541,2.2682884307025124
2020-09-15,2020-09-14,2.361999988555908,2.309277537443011
2020-09-16,2020-09-15,2.2669999599456787,2.3612638642815726
2020-09-17,2020-09-16,2.0420000553131104,2.2662888624524142
2020-09-18,2020-09-17,2.0480000972747803,2.041347516221597
2020-09-21,2020-09-18,1.8350000381469729,2.047346011307139
2020-09-22,2020-09-21,1.8339999914169312,1.8344002813152183
2020-09-23,2020-09-22,2.125,1.8334004865747802
2020-09-24,2020-09-23,2.247999906539917,2.1243259872502263
2020-09-25,2020-09-24,2.138999938964844,2.247293794534178
2020-09-28,2020-09-25,2.1010000705718994,2.1383222887074407
2020-09-29,2020-09-28,2.561000108718872,2.100332283414704
2020-09-30,2020-09-29,2.5269999504089355,2.560211079190746
2020-10-01,2020-09-30,2.5269999504089355,2.5262200020239396
2020-10-02,2020-10-01,2.437999963760376,2.5262200020239396
2020-10-05,2020-10-02,2.615000009536743,2.4372437066898094
2020-10-06,2020-10-05,2.5199999809265137,2.61419652450747
2020-10-07,2020-10-06,2.6059999465942383,2.5193720415632197
2020-10-08,2020-10-07,2.627000093460083,2.6053534515672228
2020-10-09,2020-10-08,2.740999937057495,2.6263490551305066
2020-10-12,2020-10-09,2.88100004196167,2.740324157425091
2020-10-13,2020-10-12,2.8550000190734863,2.880293713514102
2020-10-14,2020-10-13,2.635999917984009,2.85429937673237
2020-10-15,2020-10-14,2.775000095367432,2.635346931162684
2020-10-16,2020-10-15,2.7730000019073486,2.7743169126127043
2020-10-19,2020-10-16,2.7950000762939453,2.772317254940916
2020-10-20,2020-10-19,2.9130001068115234,2.79431253388971
2020-10-21,2020-10-20,3.0230000019073486,2.9122867725053583
2020-10-22,2020-10-21,3.006999969482422,3.022262524539773
2020-10-23,2020-10-22,2.970999956130981,3.0062660094487623
2020-10-26,2020-10-23,3.0239999294281006,2.9702739032309307
2020-10-27,2020-10-26,3.0190000534057617,3.0232622321822733
2020-10-28,2020-10-27,2.996000051498413,3.0182634555318026
2020-10-29,2020-10-28,3.3010001182556152,2.99526850852956
2020-10-30,2020-10-29,3.3540000915527344,3.300201255267722
2020-11-02,2020-10-30,3.24399995803833,3.3531894726914078
2020-11-03,2020-11-02,3.059000015258789,3.2432137204802323
2020-11-04,2020-11-03,3.0460000038146973,3.0582546172263045
2020-11-05,2020-11-04,2.941999912261963,3.0452786427651746
2020-11-06,2020-11-05,2.888000011444092,2.941300746092137
2020-11-09,2020-11-06,2.858999967575073,2.8873123379750116
2020-11-10,2020-11-09,2.9489998817443848,2.858318456717014
2020-11-11,2020-11-10,3.0309998989105225,2.94829922415912
2020-11-12,2020-11-11,2.9760000705718994,3.0302817437895078
2020-11-13,2020-11-12,2.994999885559082,2.9752936569187227
2020-11-16,2020-11-13,2.697000026702881,2.9942894182216993
2020-11-17,2020-11-16,2.691999912261963,2.696352810635791
2020-11-18,2020-11-17,2.711999893188477,2.691353750945135
2020-11-19,2020-11-18,2.5920000076293945,2.7113495115574766
2020-11-20,2020-11-19,2.650000095367432,2.591374889332718
2020-11-23,2020-11-20,2.7109999656677246,2.64936278421829
2020-11-24,2020-11-23,2.775000095367432,2.7103497951264623
2020-11-25,2020-11-24,2.8959999084472656,2.774336395661633
2020-11-27,2020-11-25,2.8429999351501465,2.8953105337977223
2020-11-30,2020-11-27,2.881999969482422,2.8423218214512005
2020-12-01,2020-11-30,2.880000114440918,2.8813135715931613
2020-12-02,2020-12-01,2.7799999713897705,2.8793141416478076
2020-12-03,2020-12-02,2.506999969482422,2.779335213204804
2020-12-04,2020-12-03,2.575000047683716,2.506392655606041
2020-12-07,2020-12-04,2.4059998989105225,2.5822149786490685
2020-12-08,2020-12-07,2.3989999294281006,2.4180127142738037
2020-12-09,2020-12-08,2.441999912261963,2.4051691268534006
2020-12-10,2020-12-09,2.552999973297119,2.4419124411127378
2020-12-11,2020-12-10,2.5910000801086426,2.552467779426851
2020-12-14,2020-12-11,2.681999921798706,2.5880457771801795
2020-12-15,2020-12-14,2.681999921798706,2.6833066047388128
2020-12-16,2020-12-15,2.677000045776367,2.6788372763650123
2020-12-17,2020-12-16,2.635999917984009,2.66597308914404
2020-12-18,2020-12-17,2.700000047683716,2.636499927613486
2020-12-21,2020-12-18,2.7049999237060547,2.6981117798560508
2020-12-22,2020-12-21,2.7799999713897705,2.7066755595264125
2020-12-23,2020-12-22,2.6080000400543213,2.779918552608524
2020-12-24,2020-12-23,2.5179998874664307,2.610258252730931
2020-12-28,2020-12-24,2.305000066757202,2.515638821138425
2020-12-29,2020-12-28,2.4670000076293945,2.3182171219432544
2020-12-30,2020-12-29,2.421999931335449,2.470317068682247
2020-12-31,2020-12-30,2.5390000343322754,2.4145779633514786
2021-01-04,2020-12-31,2.5810000896453857,2.5384203126085167
2021-01-05,2021-01-04,2.70199990272522,2.590602393733728
2021-01-06,2021-01-05,2.7160000801086426,2.6896772639774613
2021-01-07,2021-01-06,2.7290000915527344,2.7172381486695354
2021-01-08,2021-01-07,2.700000047683716,2.719846252845767
2021-01-11,2021-01-08,2.746999979019165,2.697953447229098
2021-01-12,2021-01-11,2.753000020980835,2.7397491403263476
2021-01-13,2021-01-12,2.726999998092652,2.7538534638177214
2021-01-14,2021-01-13,2.6659998893737797,2.714337726944453
2021-01-15,2021-01-14,2.736999988555908,2.684003636780335
2021-01-19,2021-01-15,2.5460000038146973,2.7397772409748207
2021-01-20,2021-01-19,2.5390000343322754,2.557536764040853
2021-01-21,2021-01-20,2.490999937057495,2.5273484758188696
2021-01-22,2021-01-21,2.446000099182129,2.501089789825853
2021-01-25,2021-01-22,2.601999998092652,2.4305389150580567
2021-01-26,2021-01-25,2.6559998989105225,2.6232739000986136
2021-01-27,2021-01-26,2.759999990463257,2.643049383625139
2021-01-28,2021-01-27,2.6640000343322754,2.7637824746024195
2021-01-29,2021-01-28,2.563999891281128,2.656145078442816
2021-02-01,2021-01-29,2.8499999046325684,2.562361851617355
2021-02-02,2021-02-01,2.845000028610229,2.8457839825685207
2021-02-03,2021-02-02,2.7890000343322754,2.828992152220903
2021-02-04,2021-02-03,2.934999942779541,2.785853135776989
2021-02-05,2021-02-04,2.86299991607666,2.9480370969201504
2021-02-08,2021-02-05,2.881999969482422,2.840641715853751
2021-02-09,2021-02-08,2.8350000381469727,2.9021133932008465
2021-02-10,2021-02-09,2.9110000133514404,2.8283683969659723
2021-02-11,2021-02-10,2.868000030517578,2.903665849934377
2021-02-12,2021-02-11,2.9119999408721924,2.869826014938469
2021-02-16,2021-02-12,3.128999948501587,2.911956393879655
2021-02-17,2021-02-16,3.219000101089477,3.123361852377047
2021-02-18,2021-02-17,3.0820000171661377,3.204671798984025
2021-02-19,2021-02-18,3.069000005722046,3.0832399826720285
2021-02-22,2021-02-19,2.953000068664551,3.0745145855576066
2021-02-23,2021-02-22,2.878999948501587,2.9398912833539645
2021-02-24,2021-02-23,2.8540000915527344,2.878457278067909
2021-02-25,2021-02-24,2.7769999504089355,2.858852612526148
2021-02-26,2021-02-25,2.7709999084472656,2.7677491976320727
2021-03-01,2021-02-26,2.7769999504089355,2.7889761397427266
2021-03-02,2021-03-01,2.83899998664856,2.7838172982658724
2021-03-03,2021-03-02,2.815999984741211,2.8302941540373467
2021-03-04,2021-03-03,2.746000051498413,2.808113508922756
2021-03-05,2021-03-04,2.700999975204468,2.750897690472896
2021-03-08,2021-03-05,2.6640000343322754,2.695632394497706
2021-03-09,2021-03-08,2.6619999408721924,2.666783722905702
2021-03-10,2021-03-09,2.691999912261963,2.661617221498708
2021-03-11,2021-03-10,2.6679999828338623,2.6980245523032163
2021-03-12,2021-03-11,2.5999999046325684,2.664232353079594
2021-03-15,2021-03-12,2.483999967575073,2.6093184962036915
2021-03-16,2021-03-15,2.562000036239624,2.491583406933142
2021-03-17,2021-03-16,2.5280001163482666,2.5577691721815112
2021-03-18,2021-03-17,2.4809999465942383,2.52465128303705
2021-03-19,2021-03-18,2.5350000858306885,2.4863987055784467
2021-03-22,2021-03-19,2.5820000171661377,2.543194171092418
2021-03-23,2021-03-22,2.507999897003174,2.5833013140171768
2021-03-24,2021-03-23,2.5179998874664307,2.5091249229541512
2021-03-25,2021-03-24,2.569999933242798,2.5221723984971645
2021-03-26,2021-03-25,2.556999921798706,2.5695194341214256
2021-03-29,2021-03-26,2.5859999656677246,2.5552545092169705
2021-03-30,2021-03-29,2.622999906539917,2.5952474418748617
2021-03-31,2021-03-30,2.6080000400543213,2.616617078532255
2021-04-01,2021-03-31,2.638999938964844,2.6050185901708836
2021-04-05,2021-04-01,2.510999917984009,2.6438505527918723
2021-04-06,2021-04-05,2.4560000896453857,2.5184557542463786
2021-04-07,2021-04-06,2.5199999809265137,2.453229093016305
2021-04-08,2021-04-07,2.5220000743865967,2.5242299818384817
2021-04-09,2021-04-08,2.526000022888184,2.5175970480391854
2021-04-12,2021-04-09,2.561000108718872,2.5299733812213203
2021-04-13,2021-04-12,2.61899995803833,2.5693419976373266
2021-04-14,2021-04-13,2.618000030517578,2.6185332793158156
2021-04-15,2021-04-14,2.657999992370605,2.609006318912364
2021-04-16,2021-04-15,2.680000066757202,2.657836668226352
2021-04-19,2021-04-16,2.749000072479248,2.6800015320201087
2021-04-20,2021-04-19,2.726999998092652,2.7474287920129044
2021-04-21,2021-04-20,2.691999912261963,2.720408865393863
2021-04-22,2021-04-21,2.749000072479248,2.6917677565744063
2021-04-23,2021-04-22,2.7300000190734863,2.7474736991074797
2021-04-26,2021-04-23,2.789999961853028,2.7286147254989235
2021-04-27,2021-04-26,2.872999906539917,2.7959134293217787
2021-04-28,2021-04-27,2.924999952316284,2.867105078781426
2021-04-29,2021-04-28,2.9110000133514404,2.917220517550656
2021-04-30,2021-04-29,2.930999994277954,2.909243322394114
2021-05-03,2021-04-30,2.9660000801086426,2.9273613308921105
2021-05-04,2021-05-03,2.9670000076293945,2.969571180309422
2021-05-05,2021-05-04,2.937999963760376,2.96368543683331
2021-05-06,2021-05-05,2.927999973297119,2.9313007011146466
2021-05-07,2021-05-06,2.9579999446868896,2.928067668272486
2021-05-10,2021-05-07,2.931999921798706,2.9566530408790146
2021-05-11,2021-05-10,2.9549999237060547,2.936802299459944
2021-05-12,2021-05-11,2.969000101089477,2.9523756630116624
2021-05-13,2021-05-12,2.9730000495910645,2.963595077033741
2021-05-14,2021-05-13,2.9609999656677246,2.9711812366065535
2021-05-17,2021-05-14,3.108999967575073,2.9603331759053773
2021-05-18,2021-05-17,3.01200008392334,3.110936893341268
2021-05-19,2021-05-18,2.96399998664856,3.0039078795830667
2021-05-20,2021-05-19,2.924999952316284,2.9655121273584837
2021-05-21,2021-05-20,2.9059998989105225,2.923587258934254
2021-05-24,2021-05-21,2.885999917984009,2.903761578464813
2021-05-25,2021-05-24,2.9130001068115234,2.893790740692283
2021-05-26,2021-05-25,2.983999967575073,2.9106597666555736
2021-05-27,2021-05-26,2.9579999446868896,2.979796996067241
2021-05-28,2021-05-27,2.986000061035156,2.9552429838357153
2021-06-01,2021-05-28,3.1040000915527344,2.9936264573344116
2021-06-02,2021-06-01,3.075000047683716,3.0968287526856453
2021-06-03,2021-06-02,3.0409998893737797,3.0655049186360905
2021-06-04,2021-06-03,3.0969998836517334,3.042856804866822
2021-06-07,2021-06-04,3.069999933242798,3.0991944712517143
2021-06-08,2021-06-07,3.128000020980835,3.0648072228886862
2021-06-09,2021-06-08,3.128999948501587,3.1324844138775427
2021-06-10,2021-06-09,3.1489999294281006,3.124324164697294
2021-06-11,2021-06-10,3.2960000038146973,3.1474616148823316
2021-06-14,2021-06-11,3.351999998092652,3.2974897112782764
2021-06-15,2021-06-14,3.240000009536743,3.351420371100058
2021-06-16,2021-06-15,3.250999927520752,3.229976069610629
2021-06-17,2021-06-16,3.253000020980835,3.2522924707182526
2021-06-18,2021-06-17,3.2149999141693115,3.249890392774842
2021-06-21,2021-06-18,3.190999984741211,3.213209726571769
2021-06-22,2021-06-21,3.257999897003174,3.2001579160433966
2021-06-23,2021-06-22,3.3329999446868896,3.2581967830019605
2021-06-24,2021-06-23,3.4179999828338623,3.32680683966652
2021-06-25,2021-06-24,3.496000051498413,3.413241369207062
2021-06-28,2021-06-25,3.617000102996826,3.497737834185825
2021-06-29,2021-06-28,3.630000114440918,3.614289605330229
2021-06-30,2021-06-29,3.650000095367432,3.616628074393927
2021-07-01,2021-06-30,3.66100001335144,3.642781512874447
2021-07-02,2021-07-01,3.700000047683716,3.654527436433541
2021-07-06,2021-07-02,3.63700008392334,3.69948699006321
2021-07-07,2021-07-06,3.595999956130981,3.635851351557492
2021-07-08,2021-07-07,3.687999963760376,3.590064394508926
2021-07-09,2021-07-08,3.674000024795532,3.6920029145336706
2021-07-12,2021-07-09,3.749000072479248,3.670366392146836
2021-07-13,2021-07-12,3.696000099182129,3.753271261182482
2021-07-14,2021-07-13,3.660000085830689,3.686874781128611
2021-07-15,2021-07-14,3.614000082015991,3.6583037611804476
2021-07-16,2021-07-15,3.674000024795532,3.613091378153854
2021-07-19,2021-07-16,3.7790000438690186,3.6721163795613565
2021-07-20,2021-07-19,3.875999927520752,3.782485084097863
2021-07-21,2021-07-20,3.9590001106262207,3.872181969834931
2021-07-22,2021-07-21,4.002999782562256,3.9493215804041464
2021-07-23,2021-07-22,4.059999942779541,3.996548917022918
2021-07-26,2021-07-23,4.102000236511231,4.052023725613326
2021-07-27,2021-07-26,3.970999956130981,4.1019790408552925
2021-07-28,2021-07-27,4.044000148773193,3.9583614561537717
2021-07-29,2021-07-28,4.059000015258789,4.040054363303729
2021-07-30,2021-07-29,3.9140000343322754,4.0568115007281405
2021-08-02,2021-07-30,3.934999942779541,3.9101092226137806
2021-08-03,2021-08-02,4.026999950408936,3.954880058538073
2021-08-04,2021-08-03,4.1579999923706055,4.019413601938005
2021-08-05,2021-08-04,4.139999866485596,4.152754203632039
2021-08-06,2021-08-05,4.139999866485596,4.136723875235628
2021-08-09,2021-08-06,4.059999942779541,4.142542574532245
2021-08-10,2021-08-09,4.089000225067139,4.057847926664609
2021-08-11,2021-08-10,4.059000015258789,4.0824560963381975
2021-08-12,2021-08-11,3.933000087738037,4.056156400683729
2021-08-13,2021-08-12,3.861000061035156,3.9366002676401783
2021-08-16,2021-08-13,3.946000099182129,3.8683801169894414
2021-08-17,2021-08-16,3.836999893188477,3.9530367973763374
2021-08-18,2021-08-17,3.8519999980926514,3.824267834964556
2021-08-19,2021-08-18,3.829999923706055,3.860093698200904
2021-08-20,2021-08-19,3.8510000705718994,3.8345422636633844
2021-08-23,2021-08-20,3.944999933242798,3.8454437265920647
2021-08-24,2021-08-23,3.8959999084472656,3.9533725704038565
2021-08-25,2021-08-24,3.8970000743865967,3.8904990888472644
2021-08-26,2021-08-25,4.184000015258789,3.899086299996775
2021-08-27,2021-08-26,4.369999885559082,4.181565877206546
2021-08-30,2021-08-27,4.304999828338623,4.365106215896517
2021-08-31,2021-08-30,4.376999855041504,4.308098208534771
2021-09-01,2021-08-31,4.614999771118164,4.377589230396044
2021-09-02,2021-09-01,4.640999794006348,4.593471706683462
2021-09-03,2021-09-02,4.711999893188477,4.627514824544096
2021-09-07,2021-09-03,4.567999839782715,4.721214040800504
2021-09-08,2021-09-07,4.914000034332275,4.569646338961088
2021-09-09,2021-09-08,5.031000137329102,4.903792239142263
2021-09-10,2021-09-09,4.938000202178955,5.017331137943606
2021-09-13,2021-09-10,5.230999946594238,4.943087575691205
2021-09-14,2021-09-13,5.260000228881836,5.251062825313278
2021-09-15,2021-09-14,5.460000038146973,5.223405594117832
2021-09-16,2021-09-15,5.335000038146973,5.455872735675854
2021-09-17,2021-09-16,5.105000019073486,5.322764386258452
2021-09-20,2021-09-17,4.985000133514404,5.1044389185749495
2021-09-21,2021-09-20,4.804999828338623,4.996276580856327
2021-09-22,2021-09-21,4.804999828338623,4.786731928926935
2021-09-23,2021-09-22,4.97599983215332,4.806839224318116
2021-09-24,2021-09-23,5.139999866485596,4.988980362035662
2021-09-27,2021-09-24,5.705999851226807,5.121230028711406
2021-09-28,2021-09-27,5.841000080108643,5.715355609321011
2021-09-29,2021-09-28,5.477000236511231,5.8018976890406835
2021-09-30,2021-09-29,5.867000102996826,5.469657771672983
2021-10-01,2021-09-30,5.61899995803833,5.873248485431018
2021-10-04,2021-10-01,5.765999794006348,5.559794367614473
2021-10-05,2021-10-04,6.311999797821045,5.792713323284328
2021-10-06,2021-10-05,5.675000190734863,6.312687709476849
2021-10-07,2021-10-06,5.677000045776367,5.678523846598841
2021-10-08,2021-10-07,5.565000057220459,5.680524905989904
2021-10-11,2021-10-08,5.34499979019165,5.568457489026917
2021-10-12,2021-10-11,5.505000114440918,5.3483248991347745
2021-10-13,2021-10-12,5.590000152587891,5.508421441214608
2021-10-14,2021-10-13,5.686999797821045,5.593472631845193
2021-10-15,2021-10-14,5.409999847412109,5.690530680260755
2021-10-18,2021-10-15,4.988999843597412,5.413364033528236
2021-10-19,2021-10-18,5.0879998207092285,4.992111231046038
2021-10-20,2021-10-19,5.170000076293945,5.091170587733505
2021-10-21,2021-10-20,5.114999771118164,5.173220059218107
2021-10-22,2021-10-21,5.28000020980835,5.118186740108001
2021-10-25,2021-10-22,5.8979997634887695,5.283286257930242
2021-10-26,2021-10-25,5.881999969482422,5.9016577896116456
2021-10-27,2021-10-26,6.202000141143799,5.88564834987355
2021-10-28,2021-10-27,5.7820000648498535,6.205841571368969
2021-10-29,2021-10-28,5.426000118255615,5.785588175628035
2021-11-01,2021-10-29,5.185999870300293,5.429373925922457
2021-11-02,2021-11-01,5.541999816894531,5.18922945949657
2021-11-03,2021-11-02,5.670000076293945,5.545443406820587
2021-11-04,2021-11-03,5.716000080108643,5.673520721052804
2021-11-05,2021-11-04,5.515999794006348,5.744849695928268
2021-11-08,2021-11-05,5.427000045776367,5.548666135041417
2021-11-09,2021-11-08,4.979000091552734,5.411029150571405
2021-11-10,2021-11-09,4.880000114440918,4.975130773689619
2021-11-11,2021-11-10,5.14900016784668,4.892047819857064
2021-11-12,2021-11-11,4.790999889373779,5.15395045270135
2021-11-15,2021-11-12,5.017000198364258,4.7799519698176995
2021-11-16,2021-11-15,5.177000045776367,5.08841901485952
2021-11-17,2021-11-16,4.815999984741211,5.130157232069962
2021-11-18,2021-11-17,4.901999950408936,4.819608306968907
2021-11-19,2021-11-18,5.065000057220459,4.923261874890832
2021-11-22,2021-11-19,4.789000034332275,5.058921508139811
2021-11-23,2021-11-22,4.9670000076293945,4.7778184075083905
2021-11-24,2021-11-23,5.067999839782715,5.0045744359485544
2021-11-26,2021-11-24,5.447000026702881,5.045557150363109
2021-11-29,2021-11-26,4.854000091552734,5.459681511248712
2021-11-30,2021-11-29,4.566999912261963,4.851500643990512
2021-12-01,2021-11-30,4.257999897003174,4.6078799242517245
2021-12-02,2021-12-01,4.056000232696533,4.246405547765526
2021-12-03,2021-12-02,4.131999969482422,4.043121011617281
2021-12-06,2021-12-03,3.6570000648498535,4.188488129996322
2021-12-07,2021-12-06,3.7079999446868896,3.6496399339766334
2021-12-08,2021-12-07,3.815000057220459,3.7687902152149615
2021-12-09,2021-12-08,3.813999891281128,3.79846813047571
2021-12-10,2021-12-09,3.924999952316284,3.7962543690153714
2021-12-13,2021-12-10,3.7939999103546143,3.9513908819684884
2021-12-14,2021-12-13,3.746999979019165,3.8129597615368422
2021-12-15,2021-12-14,3.802000045776367,3.7437568991128627
2021-12-16,2021-12-15,3.766000032424927,3.808793788834895
2021-12-17,2021-12-16,3.690000057220459,3.7594283089391354
2021-12-20,2021-12-17,3.8340001106262207,3.7322405863464096
2021-12-21,2021-12-20,3.86899995803833,3.825673189392815
2021-12-22,2021-12-21,3.9760000705718994,3.8674563145181393
2021-12-23,2021-12-22,3.7309999465942383,3.9722536168563773
2021-12-27,2021-12-23,4.059999942779541,3.723535762433446
2021-12-28,2021-12-27,4.054999828338623,4.099341946020005
2021-12-29,2021-12-28,4.02400016784668,3.996301168209626
2021-12-30,2021-12-29,3.561000108718872,4.048843486687785
2021-12-31,2021-12-30,3.7300000190734863,3.5805326294086797
2022-01-03,2021-12-31,3.815000057220459,3.7319319088217497
2022-01-04,2022-01-03,3.7170000076293945,3.811701753419054
2022-01-05,2022-01-04,3.881999969482422,3.7138131957073637
2022-01-06,2022-01-05,3.812000036239624,3.8834135409196864
2022-01-07,2022-01-06,3.9159998893737793,3.813389717787311
2022-01-10,2022-01-07,4.078999996185303,3.917425074217656
2022-01-11,2022-01-10,4.249000072479248,4.080480940425883
2022-01-12,2022-01-11,4.85699987411499,4.250539305373858
2022-01-13,2022-01-12,4.269999980926514,4.858748492011071
2022-01-14,2022-01-13,4.26200008392334,4.2715464229444216
2022-01-18,2022-01-14,4.2829999923706055,4.263543779413187
2022-01-19,2022-01-18,4.031000137329102,4.284550898127936
2022-01-20,2022-01-19,3.802000045776367,4.0324646478803485
2022-01-21,2022-01-20,3.999000072479248,3.8033863167533326
2022-01-24,2022-01-21,4.026999950408936,4.0004536334596885
2022-01-25,2022-01-24,4.052999973297119,4.028463091924699
2022-01-26,2022-01-25,4.276999950408936,4.05447201453718
2022-01-27,2022-01-26,6.264999866485596,4.278548795878855
2022-01-28,2022-01-27,4.638999938964844,6.267237023485365
2022-01-31,2022-01-28,4.874000072479248,4.64067333539014
2022-02-01,2022-01-31,4.750999927520752,4.875754562354944
2022-02-02,2022-02-01,5.500999927520752,4.752711951529241
2022-02-03,2022-02-02,4.888000011444092,5.502971503295536
2022-02-04,2022-02-03,4.572000026702881,4.889759337611696
2022-02-07,2022-02-04,4.23199987411499,4.591007097118956
2022-02-08,2022-02-07,4.248000144958496,4.322616545702814
2022-02-09,2022-02-08,4.008999824523926,4.108787417765199
2022-02-10,2022-02-09,3.9590001106262207,4.226220616604976
2022-02-11,2022-02-10,3.940999984741211,3.8564870339382886
2022-02-14,2022-02-11,4.195000171661377,4.041768881269582
2022-02-15,2022-02-14,4.306000232696533,4.1242987647513125
2022-02-16,2022-02-15,4.7170000076293945,4.4319058436000915
2022-02-17,2022-02-16,4.486000061035156,4.577481602512868
2022-02-18,2022-02-17,4.431000232696533,4.561657474123976
2022-02-22,2022-02-18,4.498000144958496,4.3653656285485685
2022-02-23,2022-02-22,4.623000144958496,4.535122701176187
2022-02-24,2022-02-23,4.567999839782715,4.49492930298753
2022-02-25,2022-02-24,4.46999979019165,4.648212719202916
2022-02-28,2022-02-25,4.401999950408936,4.456956415184347
2022-03-01,2022-02-28,4.572999954223633,4.441726311946204
2022-03-02,2022-03-01,4.76200008392334,4.4998788398470335
2022-03-03,2022-03-02,4.7220001220703125,4.785804439980338
2022-03-04,2022-03-03,5.015999794006348,4.699234087049861
2022-03-07,2022-03-04,4.833000183105469,5.021592444963858
2022-03-08,2022-03-07,4.526999950408936,4.832850254549128
2022-03-09,2022-03-08,4.526000022888184,4.568438449173993
2022-03-10,2022-03-09,4.63100004196167,4.522384935172903
2022-03-11,2022-03-10,4.724999904632568,4.601779420720574
2022-03-14,2022-03-11,4.6579999923706055,4.727171332664513
2022-03-15,2022-03-14,4.567999839782715,4.697310029394127
2022-03-16,2022-03-15,4.748000144958496,4.584441634790017
2022-03-17,2022-03-16,4.989999771118164,4.712523427098285
2022-03-18,2022-03-17,4.86299991607666,4.971559901151902
2022-03-21,2022-03-18,4.900000095367432,4.877448397043965
2022-03-22,2022-03-21,5.186999797821045,4.914077321763939
2022-03-23,2022-03-22,5.23199987411499,5.162180867432431
2022-03-24,2022-03-23,5.401000022888184,5.217352532420797
2022-03-25,2022-03-24,5.571000099182129,5.389541686218198
2022-03-28,2022-03-25,5.507999897003174,5.543323525916044
2022-03-29,2022-03-28,5.335999965667725,5.494807674832934
2022-03-30,2022-03-29,5.605000019073486,5.360071900699385
2022-03-31,2022-03-30,5.642000198364258,5.589144166961542
2022-04-01,2022-03-31,5.71999979019165,5.609144403899703
2022-04-04,2022-04-01,5.711999893188477,5.719977465252224
2022-04-05,2022-04-04,6.0320000648498535,5.75760240785589
2022-04-06,2022-04-05,6.02899980545044,6.001714871114537
2022-04-07,2022-04-06,6.359000205993652,6.0105166723512635
2022-04-08,2022-04-07,6.277999877929688,6.334157256212132
2022-04-11,2022-04-08,6.64300012588501,6.298655236794826
2022-04-12,2022-04-11,6.679999828338623,6.587303206240617
2022-04-13,2022-04-12,6.997000217437744,6.703604657193409
2022-04-14,2022-04-13,7.300000190734863,6.949683071863373
2022-04-18,2022-04-14,7.820000171661377,7.292487647464645
2022-04-19,2022-04-18,7.176000118255615,7.723998914786456
2022-04-20,2022-04-19,6.936999797821045,7.253419545711681
2022-04-21,2022-04-20,6.956999778747559,6.928611824160763
2022-04-22,2022-04-21,6.533999919891357,6.976152251053806
2022-04-25,2022-04-22,6.669000148773193,6.514021817200559
2022-04-26,2022-04-25,6.849999904632568,6.7658969055662315
2022-04-27,2022-04-26,7.267000198364258,6.836747667805115
2022-04-28,2022-04-27,6.888000011444092,7.255460599775832
2022-04-29,2022-04-28,7.24399995803833,6.90349611293488
2022-05-02,2022-04-29,7.474999904632568,7.281656352035442
2022-05-03,2022-05-02,7.953999996185303,7.404460674744299
2022-05-04,2022-05-03,8.414999961853027,7.897839863339846
2022-05-05,2022-05-04,8.782999992370605,8.419851210037406
2022-05-06,2022-05-05,8.043000221252441,8.712387364656333
2022-05-09,2022-05-06,7.026000022888184,8.071228925415209
2022-05-10,2022-05-09,7.385000228881836,7.083699433057846
2022-05-11,2022-05-10,7.639999866485596,7.394975970523994
2022-05-12,2022-05-11,7.738999843597412,7.507700037799229
2022-05-13,2022-05-12,7.663000106811523,7.772585540332256
2022-05-16,2022-05-13,7.955999851226807,7.771654497131561
2022-05-17,2022-05-16,8.303999900817871,7.968658263924085
2022-05-18,2022-05-17,8.368000030517578,8.24560141931377
2022-05-19,2022-05-18,8.307999610900879,8.400434037188312
2022-05-20,2022-05-19,8.083000183105469,8.310891300435989
2022-05-23,2022-05-20,8.744000434875488,8.076758362918696
2022-05-24,2022-05-23,8.795999526977539,8.749966715272024
2022-05-25,2022-05-24,8.970999717712402,8.821758471007271
2022-05-26,2022-05-25,8.907999992370605,8.924747604714959
2022-05-27,2022-05-26,8.72700023651123,8.859661376317597
2022-05-31,2022-05-27,8.145000457763672,8.718197036361461
2022-06-01,2022-05-31,8.696000099182129,8.20235119392045
2022-06-02,2022-06-01,8.484999656677246,8.65776308112752
2022-06-03,2022-06-02,8.52299976348877,8.503062670187454
2022-06-06,2022-06-03,9.321999549865724,8.554406434019523
2022-06-07,2022-06-06,9.29300022125244,9.387608609937026
2022-06-08,2022-06-07,8.699000358581543,9.23561387661017
2022-06-09,2022-06-08,8.963000297546387,8.758252684649339
2022-06-10,2022-06-09,8.850000381469727,8.941242781345021
2022-06-13,2022-06-10,8.609000205993652,8.83683879227823
2022-06-14,2022-06-13,7.189000129699707,8.601850489983857
2022-06-15,2022-06-14,7.420000076293945,7.373602422892257
2022-06-16,2022-06-15,7.464000225067139,7.413946065856507
2022-06-17,2022-06-16,6.943999767303467,7.438874513010915
2022-06-21,2022-06-17,6.808000087738037,6.9855002134572715
2022-06-22,2022-06-21,6.857999801635742,6.958974020415994
2022-06-23,2022-06-22,6.238999843597412,6.805811851968042
2022-06-24,2022-06-23,6.21999979019165,6.279752451428884
2022-06-27,2022-06-24,6.500999927520752,6.310748890775775
2022-06-28,2022-06-27,6.551000118255615,6.524933880425358
2022-06-29,2022-06-28,6.498000144958496,6.462321109600339
2022-06-30,2022-06-29,5.423999786376953,6.575915956989535
2022-07-01,2022-06-30,5.730000019073486,5.486865114010559
2022-07-05,2022-07-01,5.5229997634887695,5.697199776431197
2022-07-06,2022-07-05,5.510000228881836,5.4854027771695355
2022-07-07,2022-07-06,6.296999931335449,5.539526104315399
2022-07-08,2022-07-07,6.033999919891357,6.278838788207299
2022-07-11,2022-07-08,6.426000118255615,5.984788759081832
2022-07-12,2022-07-11,6.163000106811523,6.444629163323999
2022-07-13,2022-07-12,6.689000129699707,6.223835983378556
2022-07-14,2022-07-13,6.599999904632568,6.59542085752203
2022-07-15,2022-07-14,7.015999794006348,6.516822208647108
2022-07-18,2022-07-15,7.479000091552734,7.029528037178805
2022-07-19,2022-07-18,7.263999938964844,7.464978840980955
2022-07-20,2022-07-19,8.006999969482422,7.200742717349248
2022-07-21,2022-07-20,7.932000160217285,7.9959775291111
2022-07-22,2022-07-21,8.298999786376953,7.851291303691774
2022-07-25,2022-07-22,8.72700023651123,8.258600780016526
2022-07-26,2022-07-25,8.993000030517578,8.672588938462056
2022-07-27,2022-07-26,8.687000274658203,9.025822944530306
2022-07-28,2022-07-27,8.133999824523926,8.721212150986085
2022-07-29,2022-07-28,8.229000091552734,8.173394846856128
2022-08-01,2022-07-29,8.282999992370605,8.268286966378707
2022-08-02,2022-08-01,7.705999851226807,8.265101776818643
2022-08-03,2022-08-02,8.265999794006348,7.774536249283436
2022-08-04,2022-08-03,8.121999740600586,8.309682500627657
2022-08-05,2022-08-04,8.064000129699707,8.10448817832582
2022-08-08,2022-08-05,7.589000225067139,8.09880286343413
2022-08-09,2022-08-08,7.833000183105469,7.6866474623478185
2022-08-10,2022-08-09,8.20199966430664,7.8148784982103265
2022-08-11,2022-08-10,8.87399959564209,8.141258532971413
2022-08-12,2022-08-11,8.767999649047852,8.811911846039592
2022-08-15,2022-08-12,8.727999687194824,8.85624452693573
2022-08-16,2022-08-15,9.32900047302246,8.65080114057217
2022-08-17,2022-08-16,9.244000434875488,9.30756745551674
2022-08-18,2022-08-17,9.187999725341797,9.18161863319864
2022-08-19,2022-08-18,9.336000442504885,9.183574804091641
2022-08-22,2022-08-19,9.68000030517578,9.291594508359928
2022-08-23,2022-08-22,9.192999839782717,9.670688270191754
2022-08-24,2022-08-23,9.329999923706056,9.266596568544934
2022-08-25,2022-08-24,9.375,9.348073613068113
2022-08-26,2022-08-25,9.29599952697754,9.3236404129205
2022-08-29,2022-08-26,9.352999687194824,9.322796319770076
2022-08-30,2022-08-29,9.041999816894531,9.412994976491628
2022-08-31,2022-08-30,9.126999855041504,9.110018202687273
2022-09-01,2022-08-31,9.26200008392334,9.102092450164676
2022-09-02,2022-09-01,8.78600025177002,9.255215559416888
2022-09-06,2022-09-02,8.145000457763672,8.863240729953286
2022-09-07,2022-09-06,7.842000007629394,8.193810047797431
2022-09-08,2022-09-07,7.914999961853027,7.848067222496219
2022-09-09,2022-09-08,7.995999813079834,7.898546481529889
2022-09-12,2022-09-09,8.24899959564209,8.030694000795183
2022-09-13,2022-09-12,8.284000396728516,8.248219911439007
2022-09-14,2022-09-13,9.11400032043457,8.313659535897093
2022-09-15,2022-09-14,8.324000358581543,9.043500415614513
2022-09-16,2022-09-15,7.763999938964844,8.359510499074723
2022-09-19,2022-09-16,7.751999855041504,7.813819826869218
2022-09-20,2022-09-19,7.717000007629394,7.76179296245523
2022-09-21,2022-09-20,7.778999805450439,7.68390155796931
2022-09-22,2022-09-21,7.089000225067139,7.799867823234788
2022-09-23,2022-09-22,6.828000068664551,7.133890721799505
2022-09-26,2022-09-23,6.902999877929688,6.862090832227059
2022-09-27,2022-09-26,6.651000022888184,6.892765732077629
2022-09-28,2022-09-27,6.868000030517578,6.714336675638835
2022-09-29,2022-09-28,6.874000072479248,6.867290985511741
2022-09-30,2022-09-29,6.765999794006348,6.871106948153329
2022-10-03,2022-09-30,6.46999979019165,6.797010764350125
2022-10-04,2022-10-03,6.836999893188477,6.535763018870516
2022-10-05,2022-10-04,6.929999828338623,6.820190131144144
2022-10-06,2022-10-05,6.9720001220703125,6.875654715028723
2022-10-07,2022-10-06,6.748000144958496,6.93860443089832
2022-10-10,2022-10-07,6.434999942779541,6.805921968240751
2022-10-11,2022-10-10,6.5960001945495605,6.421446199404926
2022-10-12,2022-10-11,6.434999942779541,6.608424531428556
2022-10-13,2022-10-12,6.741000175476074,6.433869978615278
2022-10-14,2022-10-13,6.453000068664551,6.721959560173813
2022-10-17,2022-10-14,5.999000072479248,6.472370138986713
2022-10-18,2022-10-17,5.744999885559082,6.044356542944454
2022-10-19,2022-10-18,5.461999893188477,5.812678873190192
2022-10-20,2022-10-19,5.357999801635742,5.466974243897125
2022-10-21,2022-10-20,4.959000110626221,5.353876372740088
2022-10-24,2022-10-21,5.198999881744385,5.016470433679779
2022-10-25,2022-10-24,5.61299991607666,5.205636358690049
2022-10-26,2022-10-25,5.605999946594238,5.600649373766291
2022-10-27,2022-10-26,5.185999870300293,5.600575088615121
2022-10-28,2022-10-27,5.684000015258789,5.222702118490517
2022-10-31,2022-10-28,6.355000019073486,5.653652914244426
2022-11-01,2022-10-31,5.714000225067139,6.2709180279432255
2022-11-02,2022-11-01,6.26800012588501,5.760211797575945
2022-11-03,2022-11-02,5.974999904632568,6.261681319851021
2022-11-04,2022-11-03,6.400000095367432,5.923939703427622
2022-11-07,2022-11-04,6.943999767303467,6.324724807468158
2022-11-08,2022-11-07,6.138000011444092,6.943916606782441
2022-11-09,2022-11-08,5.864999771118164,6.18479785912213
2022-11-10,2022-11-09,6.238999843597412,5.861080158022214
2022-11-11,2022-11-10,5.879000186920166,6.21469316486771
2022-11-14,2022-11-11,5.933000087738037,5.925538995677615
2022-11-15,2022-11-14,6.033999919891357,5.940396814125833
2022-11-16,2022-11-15,6.199999809265137,6.084384469068563
2022-11-17,2022-11-16,6.36899995803833,6.166861024783238
2022-11-18,2022-11-17,6.302999973297119,6.36307721333615
2022-11-21,2022-11-18,6.776000022888184,6.320561178596725
2022-11-22,2022-11-21,6.77899980545044,6.768390075279258
2022-11-23,2022-11-22,7.308000087738037,6.7480728193664525
2022-11-25,2022-11-23,7.02400016784668,7.278892817257095
2022-11-28,2022-11-25,6.711999893188477,7.052333553050077
2022-11-29,2022-11-28,7.235000133514404,6.699856605134537
2022-11-30,2022-11-29,6.929999828338623,7.221610747358075
2022-12-01,2022-11-30,6.73799991607666,6.921268632419454
2022-12-02,2022-12-01,6.281000137329102,6.718218782284456
2022-12-05,2022-12-02,5.577000141143799,6.348604901903185
2022-12-06,2022-12-05,5.468999862670898,5.64270954340216
2022-12-07,2022-12-06,5.7230000495910645,5.520624417894028
2022-12-08,2022-12-07,5.961999893188477,5.716097184073639
2022-12-09,2022-12-08,6.244999885559082,5.940662251348243
2022-12-12,2022-12-09,6.586999893188477,6.267074999386592
2022-12-13,2022-12-12,6.934999942779541,6.594428046392156
2022-12-14,2022-12-13,6.429999828338623,6.919860713931276
2022-12-15,2022-12-14,6.96999979019165,6.434607299686295
2022-12-16,2022-12-15,6.599999904632568,6.9185065785252045
2022-12-19,2022-12-16,5.85099983215332,6.588868254032603
2022-12-20,2022-12-19,5.326000213623047,5.884259598926834
2022-12-21,2022-12-20,5.331999778747559,5.408123214211541
2022-12-22,2022-12-21,4.999000072479248,5.312784930737046
2022-12-23,2022-12-22,5.078999996185303,4.9910491056054225
2022-12-27,2022-12-23,5.2820000648498535,5.087032079786287
2022-12-28,2022-12-27,4.709000110626221,5.338269569793223
2022-12-29,2022-12-28,4.559000015258789,4.736066577906604
2022-12-30,2022-12-29,4.474999904632568,4.638172808130529
2023-01-03,2022-12-30,3.98799991607666,4.536572991657335
2023-01-04,2023-01-03,4.171999931335449,4.051885180733149
2023-01-05,2023-01-04,3.7200000286102295,4.158914452585013
2023-01-06,2023-01-05,3.7100000381469727,3.768226930977404
2023-01-09,2023-01-06,3.910000085830689,3.6998527912903527
2023-01-10,2023-01-09,3.638999938964844,3.9024408480876205
2023-01-11,2023-01-10,3.671000003814697,3.6527434216049053
2023-01-12,2023-01-11,3.694999933242798,3.665887334867398
2023-01-13,2023-01-12,3.4189999103546143,3.664671848100513
2023-01-17,2023-01-13,3.5859999656677246,3.4368672038425765
2023-01-18,2023-01-17,3.311000108718872,3.590111388307715
2023-01-19,2023-01-18,3.275000095367432,3.3372103383922993
2023-01-20,2023-01-19,3.174000024795532,3.2549582460060735
2023-01-23,2023-01-20,3.447000026702881,3.193362056591788
2023-01-24,2023-01-23,3.257999897003174,3.4203195165116806
2023-01-25,2023-01-24,3.066999912261963,3.2705243853963815
2023-01-26,2023-01-25,2.944000005722046,3.081092523671325
2023-01-27,2023-01-26,3.108999967575073,2.9621182864253583
2023-01-30,2023-01-27,2.677000045776367,3.081865059530495
2023-01-31,2023-01-30,2.684000015258789,2.7228916894220614
2023-02-01,2023-01-31,2.4679999351501465,2.702192699083265
2023-02-02,2023-02-01,2.4560000896453857,2.4876566131038267
2023-02-03,2023-02-02,2.4100000858306885,2.4362837812300384
2023-02-06,2023-02-03,2.4570000171661377,2.4401581373740653
2023-02-07,2023-02-06,2.5840001106262207,2.4519946998744224
2023-02-08,2023-02-07,2.3959999084472656,2.5897668644697207
2023-02-09,2023-02-08,2.430000066757202,2.377795371139336
2023-02-10,2023-02-09,2.513999938964844,2.4534447767343575
2023-02-13,2023-02-10,2.4049999713897705,2.472653552025547
2023-02-14,2023-02-13,2.566999912261963,2.4260211633641546
2023-02-15,2023-02-14,2.470999956130981,2.541563986438012
2023-02-16,2023-02-15,2.388999938964844,2.473119203362654
2023-02-17,2023-02-16,2.275000095367432,2.3589282835177867
2023-02-21,2023-02-17,2.072999954223633,2.2961541417984535
2023-02-22,2023-02-21,2.174000024795532,2.08665560212469
2023-02-23,2023-02-22,2.313999891281128,2.159582314347191
2023-02-24,2023-02-23,2.450999975204468,2.2754859045960103
2023-02-27,2023-02-24,2.7309999465942383,2.4666831357161474
2023-02-28,2023-02-27,2.746999979019165,2.709593518168424
2023-03-01,2023-02-28,2.811000108718872,2.764699493917342
2023-03-02,2023-03-01,2.765000104904175,2.794980177655149
2023-03-03,2023-03-02,3.009000062942505,2.7518977846561206
2023-03-06,2023-03-03,2.572000026702881,2.9802156362576917
2023-03-07,2023-03-06,2.687000036239624,2.586198117601167
2023-03-08,2023-03-07,2.5510001182556152,2.6951965096992154
2023-03-09,2023-03-08,2.5429999828338623,2.5527915273605375
2023-03-10,2023-03-09,2.430000066757202,2.5222860658742317
2023-03-13,2023-03-10,2.6059999465942383,2.4717328082111947
2023-03-14,2023-03-13,2.572999954223633,2.5935802583543435
2023-03-15,2023-03-14,2.438999891281128,2.5969849347802167
2023-03-16,2023-03-15,2.513999938964844,2.450022013165717
2023-03-17,2023-03-16,2.338000059127808,2.5498993923988356
2023-03-20,2023-03-17,2.2230000495910645,2.3398764565033434
2023-03-21,2023-03-20,2.3480000495910645,2.258362147099789
2023-03-22,2023-03-21,2.1710000038146973,2.3201933748552124
2023-03-23,2023-03-22,2.1540000438690186,2.1868796931748213
2023-03-24,2023-03-23,2.2160000801086426,2.1216931889896506
2023-03-27,2023-03-24,2.088000059127808,2.238069192775999
2023-03-28,2023-03-27,2.0299999713897705,2.0803460212888214
2023-03-29,2023-03-28,1.991000056266785,2.0484039912002396
2023-03-30,2023-03-29,2.1040000915527344,1.979923168101679
2023-03-31,2023-03-30,2.2160000801086426,2.0967833542978536
2023-04-03,2023-03-31,2.0969998836517334,2.1938254719111447
2023-04-04,2023-04-03,2.1059999465942383,2.1271150520092164
2023-04-05,2023-04-04,2.1549999713897705,2.106357041685201
2023-04-06,2023-04-05,2.010999917984009,2.1349132568430766
2023-04-10,2023-04-06,2.171999931335449,2.0127251721533765
2023-04-11,2023-04-10,2.186000108718872,2.1600954513755304
2023-04-12,2023-04-11,2.0929999351501465,2.1819913112656453
2023-04-13,2023-04-12,2.006999969482422,2.0877178170969035
2023-04-14,2023-04-13,2.114000082015991,2.019285557982818
2023-04-17,2023-04-14,2.275000095367432,2.112226591854763
2023-04-18,2023-04-17,2.365999937057495,2.2469807177791283
2023-04-19,2023-04-18,2.2219998836517334,2.3690947232819872
2023-04-20,2023-04-19,2.249000072479248,2.2425088830155473
2023-04-21,2023-04-20,2.2330000400543213,2.227110240811225
2023-04-24,2023-04-21,2.2730000019073486,2.2415645581818664
2023-04-25,2023-04-24,2.306999921798706,2.2704981895266734
2023-04-26,2023-04-25,2.117000102996826,2.3145405343638448
2023-04-27,2023-04-26,2.3550000190734863,2.114873428792359
2023-04-28,2023-04-27,2.4100000858306885,2.3295020112515976
2023-05-01,2023-04-28,2.318000078201294,2.40442266779517
2023-05-02,2023-05-01,2.21399998664856,2.3453907716042823
2023-05-03,2023-05-02,2.1700000762939453,2.2285379267456356
2023-05-04,2023-05-03,2.1010000705718994,2.1713671264494394
2023-05-05,2023-05-04,2.13700008392334,2.083537269695222
2023-05-08,2023-05-05,2.23799991607666,2.1457783592822377
2023-05-09,2023-05-08,2.2669999599456787,2.2473387595309777
2023-05-10,2023-05-09,2.190999984741211,2.258930890169111
2023-05-11,2023-05-10,2.190000057220459,2.1985887497874153
2023-05-12,2023-05-11,2.2660000324249268,2.1815180758696857
2023-05-15,2023-05-12,2.375,2.2595314041104304
2023-05-16,2023-05-15,2.375999927520752,2.361501166066022
2023-05-17,2023-05-16,2.365000009536743,2.3829138329012696
2023-05-18,2023-05-17,2.5920000076293945,2.3520784341215184
2023-05-19,2023-05-18,2.5850000381469727,2.5620838305925897
2023-05-22,2023-05-19,2.400000095367432,2.584061681457441
2023-05-23,2023-05-22,2.321000099182129,2.4296415914030733
2023-05-24,2023-05-23,2.3980000019073486,2.3190488674140264
2023-05-25,2023-05-24,2.306999921798706,2.371270934547124
2023-05-26,2023-05-25,2.180999994277954,2.307200343954325
2023-05-30,2023-05-26,2.32699990272522,2.2144491719224555
2023-05-31,2023-05-30,2.2660000324249268,2.32606429551544
2023-06-01,2023-05-31,2.157999992370605,2.257449641340595
2023-06-02,2023-06-01,2.171999931335449,2.175161227529166
2023-06-05,2023-06-02,2.244999885559082,2.1854952677962185
2023-06-06,2023-06-05,2.26200008392334,2.2333824423723176
2023-06-07,2023-06-06,2.3289999961853027,2.2601836054878808
2023-06-08,2023-06-07,2.351999998092652,2.328289863135845
2023-06-09,2023-06-08,2.253999948501587,2.339503748797069
2023-06-12,2023-06-09,2.2660000324249268,2.255877922504328
2023-06-13,2023-06-12,2.3399999141693115,2.2729902553564543
2023-06-14,2023-06-13,2.3420000076293945,2.3234156972748585
2023-06-15,2023-06-14,2.532999992370605,2.314574937820834
2023-06-16,2023-06-15,2.631999969482422,2.504616541950555
2023-06-20,2023-06-16,2.492000102996826,2.631869434433601
2023-06-21,2023-06-20,2.5969998836517334,2.5036246054722304
2023-06-22,2023-06-21,2.6080000400543213,2.5879806388716684
2023-06-23,2023-06-22,2.7290000915527344,2.588391231827736
2023-06-26,2023-06-23,2.7909998893737797,2.719181720380382
2023-06-27,2023-06-26,2.763000011444092,2.7854368179497384
2023-06-28,2023-06-27,2.6029999256134038,2.77845054711732
2023-06-29,2023-06-28,2.700999975204468,2.6125587794452905
2023-06-30,2023-06-29,2.7980000972747803,2.689447975318472
2023-07-03,2023-06-30,2.7090001106262207,2.7935500577358283
2023-07-05,2023-07-03,2.657000064849853,2.7113177907166905
2023-07-06,2023-07-05,2.608999967575073,2.6761435106093003
2023-07-07,2023-07-06,2.5820000171661377,2.604999931253802
2023-07-10,2023-07-07,2.6689999103546143,2.599823463714131
2023-07-11,2023-07-10,2.7309999465942383,2.671014701516949
2023-07-12,2023-07-11,2.631999969482422,2.7333675988286528
2023-07-13,2023-07-12,2.5450000762939453,2.62503957900124
2023-07-14,2023-07-13,2.5390000343322754,2.549533197375456
2023-07-17,2023-07-14,2.51200008392334,2.547395300548866
2023-07-18,2023-07-17,2.628999948501587,2.517808495645812
2023-07-19,2023-07-18,2.6029999256134038,2.6216516288535368
2023-07-20,2023-07-19,2.756999969482422,2.5964396299277896
2023-07-21,2023-07-20,2.713000059127808,2.730621514300868
2023-07-24,2023-07-21,2.684999942779541,2.723709472141838
2023-07-25,2023-07-24,2.7300000190734863,2.6949569375403755
2023-07-26,2023-07-25,2.664999961853028,2.7299483081328213
2023-07-27,2023-07-26,2.492000102996826,2.651678979237739
2023-07-28,2023-07-27,2.638000011444092,2.500043337424281
2023-07-31,2023-07-28,2.634000062942505,2.633958817452551
2023-08-01,2023-07-31,2.559999942779541,2.6373149823725672
2023-08-02,2023-08-01,2.476999998092652,2.5683240709986817
2023-08-03,2023-08-02,2.565000057220459,2.49204864409016
2023-08-04,2023-08-03,2.57699990272522,2.5415720091231333
2023-08-07,2023-08-04,2.7249999046325684,2.5821615998988374
2023-08-08,2023-08-07,2.7769999504089355,2.7223187830297233
2023-08-09,2023-08-08,2.9590001106262207,2.7818294242746693
2023-08-10,2023-08-09,2.763000011444092,2.9199009855548095
2023-08-11,2023-08-10,2.7699999809265137,2.777919556522601
2023-08-14,2023-08-11,2.7950000762939453,2.775535045807337
2023-08-15,2023-08-14,2.6589999198913574,2.7923038885570097
2023-08-16,2023-08-15,2.5920000076293945,2.6540245844708465
2023-08-17,2023-08-16,2.621000051498413,2.604258587352638
2023-08-18,2023-08-17,2.5510001182556152,2.6051006658023783
2023-08-21,2023-08-18,2.631999969482422,2.5703097360266876
2023-08-22,2023-08-21,2.559999942779541,2.6330683740479754
2023-08-23,2023-08-22,2.496999979019165,2.584848772585741
2023-08-24,2023-08-23,2.5190000534057617,2.4855763517233322
2023-08-25,2023-08-24,2.539999961853028,2.520050753233076
2023-08-28,2023-08-25,2.5789999961853027,2.5466687582154783
2023-08-29,2023-08-28,2.555999994277954,2.5844440114011595
2023-08-30,2023-08-29,2.7960000038146973,2.5537165685505863
2023-08-31,2023-08-30,2.7679998874664307,2.77048659725269
2023-09-01,2023-08-31,2.765000104904175,2.7451871989221193
2023-09-05,2023-09-01,2.5820000171661377,2.773580942421936
2023-09-06,2023-09-05,2.509999990463257,2.59196620610951
2023-09-07,2023-09-06,2.5789999961853027,2.5052028282225156
2023-09-08,2023-09-07,2.6050000190734863,2.5638219818132986
2023-09-11,2023-09-08,2.6080000400543213,2.609991542483416
2023-09-12,2023-09-11,2.743000030517578,2.6193852624899625
2023-09-13,2023-09-12,2.680000066757202,2.731122236255249
2023-09-14,2023-09-13,2.7079999446868896,2.682353572835673
2023-09-15,2023-09-14,2.6440000534057617,2.7006492164693805
2023-09-18,2023-09-15,2.7279999256134038,2.664264710743306
2023-09-19,2023-09-18,2.8480000495910645,2.714832593328498
2023-09-20,2023-09-19,2.7330000400543213,2.841042110998583
2023-09-21,2023-09-20,2.609999895095825,2.730873665722447
2023-09-22,2023-09-21,2.63700008392334,2.6238809544366424
2023-09-25,2023-09-22,2.638999938964844,2.6350223516453064
2023-09-26,2023-09-25,2.6559998989105225,2.641508798844055
2023-09-27,2023-09-26,2.763999938964844,2.6498162579865405
2023-09-28,2023-09-27,2.944999933242798,2.7554206485801718
2023-09-29,2023-09-28,2.928999900817871,2.9145422875740636
2023-10-02,2023-09-29,2.8399999141693115,2.9468795089358615
2023-10-03,2023-10-02,2.9489998817443848,2.859234396800608
2023-10-04,2023-10-03,2.961999893188477,2.939851819403846
2023-10-05,2023-10-04,3.1659998893737797,2.9350300190256
2023-10-06,2023-10-05,3.338000059127808,3.1440593428194603
2023-10-09,2023-10-06,3.375999927520752,3.3279642590624015
2023-10-10,2023-10-09,3.381999969482422,3.3698431518022796
2023-10-11,2023-10-10,3.377000093460083,3.3827487144687685
2023-10-12,2023-10-11,3.344000101089477,3.3705137816893735
2023-10-13,2023-10-12,3.236000061035156,3.333488366267783
2023-10-16,2023-10-13,3.108999967575073,3.2499052759930027
2023-10-17,2023-10-16,3.0789999961853027,3.134256355487622
2023-10-18,2023-10-17,3.055999994277954,3.0851576685328963
2023-10-19,2023-10-18,2.9570000171661377,3.05662653411365
2023-10-20,2023-10-19,2.8989999294281006,2.9699220140425733
2023-10-23,2023-10-20,2.9260001182556152,2.926544511472549
2023-10-24,2023-10-23,2.970999956130981,2.927457857166354
2023-10-25,2023-10-24,3.009999990463257,2.9710989886108545
2023-10-26,2023-10-25,3.21399998664856,3.0068061134936195
2023-10-27,2023-10-26,3.1640000343322754,3.1971532228515644
2023-10-30,2023-10-27,3.351999998092652,3.1701128141753747
2023-10-31,2023-10-30,3.575000047683716,3.3391159407286803
2023-11-01,2023-10-31,3.49399995803833,3.5451155564524948
2023-11-02,2023-11-01,3.4719998836517334,3.471557743384878
2023-11-03,2023-11-02,3.515000104904175,3.4649760021405505
2023-11-06,2023-11-03,3.263999938964844,3.5112731493758287
2023-11-07,2023-11-06,3.140000104904175,3.277075052582687
2023-11-08,2023-11-07,3.1059999465942383,3.154001409822967
2023-11-09,2023-11-08,3.0409998893737797,3.1109322602624
2023-11-10,2023-11-09,3.032999992370605,3.030943152155544
2023-11-13,2023-11-10,3.197000026702881,3.0574592024721063
2023-11-14,2023-11-13,3.1059999465942383,3.2037314847096297
2023-11-15,2023-11-14,3.190000057220459,3.1217600503841307
2023-11-16,2023-11-15,3.062000036239624,3.1845924399745194
2023-11-17,2023-11-16,2.9600000381469727,3.0771784994359512
2023-11-20,2023-11-17,2.881999969482422,2.971644765357909
2023-11-21,2023-11-20,2.845999956130981,2.8943169372248136
2023-11-22,2023-11-21,2.8970000743865967,2.843486785522743
2023-11-23,2023-11-22,2.934000015258789,2.8856181670746603
2023-11-24,2023-11-23,2.8550000190734863,2.9120755609203943
2023-11-27,2023-11-24,2.7939999103546143,2.8758113489281136
2023-11-28,2023-11-27,2.7060000896453857,2.798113887422115
2023-11-29,2023-11-28,2.803999900817871,2.7194507977444395
2023-11-30,2023-11-29,2.802000045776367,2.7831222646873575
2023-12-01,2023-11-30,2.813999891281128,2.802115766909704
2023-12-04,2023-12-01,2.694000005722046,2.8233668420054596
2023-12-05,2023-12-04,2.7100000381469727,2.7116148821634534
2023-12-06,2023-12-05,2.569000005722046,2.706426054770623
2023-12-07,2023-12-06,2.5850000381469727,2.5747116541315247
2023-12-08,2023-12-07,2.5810000896453857,2.573233906500843
2023-12-11,2023-12-08,2.430999994277954,2.591465361326822
2023-12-12,2023-12-11,2.311000108718872,2.436631191377351
2023-12-13,2023-12-12,2.3350000381469727,2.3350827841979376
2023-12-14,2023-12-13,2.3919999599456787,2.3263689965490277
2023-12-15,2023-12-14,2.490999937057495,2.386358386155164
2023-12-18,2023-12-15,2.503000020980835,2.488534442425128
2023-12-19,2023-12-18,2.492000102996826,2.514617978029035
2023-12-20,2023-12-19,2.447000026702881,2.485139223873867
2023-12-21,2023-12-20,2.572000026702881,2.44671807878489
2023-12-22,2023-12-21,2.609999895095825,2.553835169706842
2023-12-26,2023-12-22,2.549999952316284,2.6076166612033993
2023-12-27,2023-12-26,2.61899995803833,2.545903675236281
2023-12-28,2023-12-27,2.556999921798706,2.6076168609145993
2023-12-29,2023-12-28,2.513999938964844,2.5430937753976113
2024-01-02,2023-12-29,2.568000078201294,2.5256923437662904
2024-01-03,2024-01-02,2.6679999828338623,2.567403120765449
2024-01-04,2024-01-03,2.821000099182129,2.6526453090293214
2024-01-05,2024-01-04,2.8929998874664307,2.796254844761492
2024-01-08,2024-01-05,2.9800000190734863,2.9029012083113455
2024-01-09,2024-01-08,3.190000057220459,2.9845556949004095
2024-01-10,2024-01-09,3.0390000343322754,3.17423593333334
2024-01-11,2024-01-10,3.0969998836517334,3.0404234445586056
2024-01-12,2024-01-11,3.312999963760376,3.0875353412591444
2024-01-16,2024-01-12,2.900000095367432,3.283283428247256
2024-01-17,2024-01-16,2.869999885559082,2.920605838322602
2024-01-18,2024-01-17,2.697000026702881,2.8833632340148174
2024-01-19,2024-01-18,2.5190000534057617,2.7017112784913597
2024-01-22,2024-01-19,2.4189999103546143,2.5333832854016727
2024-01-23,2024-01-22,2.450000047683716,2.4416246479710897
2024-01-24,2024-01-23,2.6410000324249268,2.4648824829659612
2024-01-25,2024-01-24,2.571000099182129,2.6186551145058665
2024-01-26,2024-01-25,2.711999893188477,2.579007267491874
2024-01-29,2024-01-26,2.490000009536743,2.741379847849289
2024-01-30,2024-01-29,2.07699990272522,2.496088777450825
2024-01-31,2024-01-30,2.0999999046325684,2.113965964519152
2024-02-01,2024-01-31,2.049999952316284,2.0941992465155987
2024-02-02,2024-02-01,2.0789999961853027,2.032948845168532
2024-02-05,2024-02-02,2.0820000171661377,2.074830564480173
2024-02-06,2024-02-05,2.009000062942505,2.087228178965341
2024-02-07,2024-02-06,1.9670000076293943,2.016872655153887
2024-02-08,2024-02-07,1.9170000553131104,1.9586013220774374
2024-02-09,2024-02-08,1.847000002861023,1.9230554870459522
2024-02-12,2024-02-09,1.7680000066757202,1.868283311182799
2024-02-13,2024-02-12,1.6890000104904177,1.7661407916006624
2024-02-14,2024-02-13,1.6089999675750732,1.7003623820846494
2024-02-15,2024-02-14,1.5809999704360962,1.609716597397608
2024-02-16,2024-02-15,1.6089999675750732,1.582082742049905
2024-02-20,2024-02-16,1.5759999752044678,1.6036378615783873
2024-02-21,2024-02-20,1.7730000019073486,1.5731106148181875
2024-02-22,2024-02-21,1.7319999933242798,1.7509454038372412
2024-02-23,2024-02-22,1.6030000448226929,1.7244042547701546
2024-02-26,2024-02-23,1.659000039100647,1.6247959058945165
2024-02-27,2024-02-26,1.6150000095367432,1.6669570621137617
2024-02-28,2024-02-27,1.8849999904632568,1.6043185072176103
2024-02-29,2024-02-28,1.8600000143051147,1.8540742368373326
2024-03-01,2024-02-29,1.8350000381469729,1.8478459868439199
2024-03-04,2024-03-01,1.9160000085830688,1.8436449798965706
2024-03-05,2024-03-04,1.9570000171661377,1.9001913777897048
2024-03-06,2024-03-05,1.9290000200271609,1.9537443924534779
2024-03-07,2024-03-06,1.8179999589920044,1.929933301046184
2024-03-08,2024-03-07,1.8049999475479128,1.824922469557289
2024-03-11,2024-03-08,1.758999943733215,1.813596090832299
2024-03-12,2024-03-11,1.7139999866485596,1.7523298833608596
2024-03-13,2024-03-12,1.6579999923706057,1.7387828969223031
2024-03-14,2024-03-13,1.741000056266785,1.6603983932137054
2024-03-15,2024-03-14,1.6549999713897705,1.7348981253505273
2024-03-18,2024-03-15,1.7029999494552612,1.6639609744129928
2024-03-19,2024-03-18,1.74399995803833,1.7075676487657634
2024-03-20,2024-03-19,1.6990000009536743,1.7462752458106352
2024-03-21,2024-03-20,1.6829999685287476,1.699225174107101
2024-03-22,2024-03-21,1.659000039100647,1.6848165309066783
2024-03-25,2024-03-22,1.6150000095367432,1.6605920740139348
2024-03-26,2024-03-25,1.5750000476837158,1.610287628835102
2024-03-27,2024-03-26,1.718000054359436,1.5750453894396148
2024-03-28,2024-03-27,1.7630000114440918,1.707217282366278
2024-04-01,2024-03-28,1.837000012397766,1.7473761996132775
2024-04-02,2024-04-01,1.861999988555908,1.8362626779397209
2024-04-03,2024-04-02,1.840999960899353,1.8633512598069575
2024-04-04,2024-04-03,1.77400004863739,1.8375442434124867
2024-04-05,2024-04-04,1.784999966621399,1.7735197115797865
2024-04-08,2024-04-05,1.843999981880188,1.7895942542082737
2024-04-09,2024-04-08,1.871999979019165,1.835954458101463
2024-04-10,2024-04-09,1.8849999904632568,1.8663160120398767
2024-04-11,2024-04-10,1.7640000581741333,1.885546583002365
2024-04-12,2024-04-11,1.7699999809265137,1.7688410227010425
2024-04-15,2024-04-12,1.690999984741211,1.7785351907212463
2024-04-16,2024-04-15,1.7319999933242798,1.6939671784058057
2024-04-17,2024-04-16,1.712000012397766,1.7387041132201377
2024-04-18,2024-04-17,1.756999969482422,1.708097877332604
2024-04-19,2024-04-18,1.7519999742507937,1.7533968720803035
2024-04-22,2024-04-19,1.7910000085830688,1.7615243098760078
2024-04-23,2024-04-22,1.812000036239624,1.790742873330943
2024-04-24,2024-04-23,1.652999997138977,1.8136652615473086
2024-04-25,2024-04-24,1.6380000114440918,1.6532778076005799
2024-04-26,2024-04-25,1.6139999628067017,1.639386130617264
2024-04-29,2024-04-26,2.0299999713897705,1.6082456804283487
2024-04-30,2024-04-29,1.991000056266785,1.997937485187868
2024-05-01,2024-04-30,1.932000041007996,1.989036654251664
2024-05-02,2024-05-01,2.0350000858306885,1.9464067644176382
2024-05-03,2024-05-02,2.1419999599456787,2.0142522132031577
2024-05-06,2024-05-03,2.194999933242798,2.1209874592546454
2024-05-07,2024-05-06,2.2070000171661377,2.196306504783976
2024-05-08,2024-05-07,2.187000036239624,2.2110629373002624
2024-05-09,2024-05-08,2.3010001182556152,2.179396452795164
2024-05-10,2024-05-09,2.252000093460083,2.2698272719591976
2024-05-13,2024-05-10,2.38100004196167,2.2808676737612785
2024-05-14,2024-05-13,2.344000101089477,2.369050103691377
2024-05-15,2024-05-14,2.4159998893737797,2.347838067284112
2024-05-16,2024-05-15,2.494999885559082,2.3995254209211807
2024-05-17,2024-05-16,2.625999927520752,2.4949558854090625
2024-05-20,2024-05-17,2.750999927520752,2.620416499402972
2024-05-21,2024-05-20,2.6710000038146973,2.760258052081696
2024-05-22,2024-05-21,2.8420000076293945,2.6763834954672845
2024-05-23,2024-05-22,2.657000064849853,2.832074120546623
2024-05-24,2024-05-23,2.5199999809265137,2.636711026201875
2024-05-28,2024-05-24,2.5899999141693115,2.546758219235856
2024-05-29,2024-05-28,2.493000030517578,2.5877065265663703
2024-05-30,2024-05-29,2.572000026702881,2.488621465636248
2024-05-31,2024-05-30,2.586999893188477,2.5622733428295916
2024-06-03,2024-05-31,2.75600004196167,2.6027370965920995
2024-06-04,2024-06-03,2.5859999656677246,2.747265715942597
2024-06-05,2024-06-04,2.756999969482422,2.6017251910839656
2024-06-06,2024-06-05,2.821000099182129,2.7512102993007854
2024-06-07,2024-06-06,2.9179999828338623,2.803164919993475
2024-06-10,2024-06-07,2.9059998989105225,2.912032261114558
2024-06-11,2024-06-10,3.128999948501587,2.914636048827293
2024-06-12,2024-06-11,3.0450000762939453,3.103319559187949
2024-06-13,2024-06-12,2.9590001106262207,3.032271096715839
2024-06-14,2024-06-13,2.88100004196167,2.9498046023154894
2024-06-17,2024-06-14,2.7880001068115234,2.908881019428377
2024-06-18,2024-06-17,2.9089999198913574,2.7722156927612787
2024-06-20,2024-06-18,2.740999937057495,2.9040573638427984
2024-06-21,2024-06-20,2.7049999237060547,2.748508838585938
2024-06-24,2024-06-21,2.811000108718872,2.7470101286117266
2024-06-25,2024-06-24,2.75600004196167,2.7908219522054276
2024-06-26,2024-06-25,2.628000020980835,2.7849958400618453
2024-06-27,2024-06-26,2.684999942779541,2.633534462373568
2024-06-28,2024-06-27,2.6010000705718994,2.685969555682325
2024-07-01,2024-06-28,2.4779999256134038,2.6036694860760514
2024-07-02,2024-07-01,2.434999942779541,2.4952682635531045
2024-07-03,2024-07-02,2.4179999828338623,2.447302258960462
2024-07-05,2024-07-03,2.319000005722046,2.4024096867162035
2024-07-08,2024-07-05,2.365999937057495,2.3309153982051103
2024-07-09,2024-07-08,2.344000101089477,2.366285786464116
2024-07-10,2024-07-09,2.3289999961853027,2.3440737010024124
2024-07-11,2024-07-10,2.2679998874664307,2.3187134649080643
2024-07-12,2024-07-11,2.3289999961853027,2.2763883795758377
2024-07-15,2024-07-12,2.157999992370605,2.3313134132580715
2024-07-16,2024-07-15,2.187999963760376,2.168975780946174
2024-07-17,2024-07-16,2.0350000858306885,2.184208951230954
2024-07-18,2024-07-17,2.125,2.0441428339471437
2024-07-19,2024-07-18,2.128000020980835,2.1049942819487333
2024-07-22,2024-07-19,2.250999927520752,2.1346086461070515
2024-07-23,2024-07-22,2.187000036239624,2.238519054398828
2024-07-24,2024-07-23,2.117000102996826,2.2012530500625394
2024-07-25,2024-07-24,2.0409998893737797,2.108311942781173
2024-07-26,2024-07-25,2.00600004196167,2.0510127318386444
2024-07-29,2024-07-26,1.906999945640564,2.005789946479166
2024-07-30,2024-07-29,2.125999927520752,1.9235618800168843
2024-07-31,2024-07-30,2.0360000133514404,2.0986062451981935
2024-08-01,2024-07-31,1.968000054359436,2.043413558137771
2024-08-02,2024-08-01,1.9670000076293943,1.9637279805456345
2024-08-05,2024-08-02,1.9420000314712524,1.9879262074677349
2024-08-06,2024-08-05,2.009999990463257,1.9299555427026662
2024-08-07,2024-08-06,2.111999988555908,2.014968361961582
2024-08-08,2024-08-07,2.127000093460083,2.090358384400444
2024-08-09,2024-08-08,2.1429998874664307,2.1290143544797084
2024-08-12,2024-08-09,2.188999891281128,2.136620037646082
2024-08-13,2024-08-12,2.1480000019073486,2.201362140433628
2024-08-14,2024-08-13,2.219000101089477,2.1379720404830795
2024-08-15,2024-08-14,2.197000026702881,2.2067688481067034
2024-08-16,2024-08-15,2.122999906539917,2.1816313809136885
2024-08-19,2024-08-16,2.234999895095825,2.138988288012632
2024-08-20,2024-08-19,2.197999954223633,2.227142658769824
2024-08-21,2024-08-20,2.177000045776367,2.2059288529289
2024-08-22,2024-08-21,2.052999973297119,2.1767581447480975
2024-08-23,2024-08-22,2.0220000743865967,2.0638330174053054
2024-08-26,2024-08-23,1.955999970436096,2.027716045746148
2024-08-27,2024-08-26,1.9040000438690183,1.9639189016503007
2024-08-28,2024-08-27,1.9299999475479128,1.9186503471040546
2024-08-29,2024-08-28,2.13700008392334,1.927268805070736
2024-08-30,2024-08-29,2.127000093460083,2.110345563116346
2024-09-03,2024-08-30,2.203000068664551,2.1313966674741662
2024-09-04,2024-09-03,2.1449999809265137,2.199275699130193
2024-09-05,2024-09-04,2.253999948501587,2.1444719630259668
2024-09-06,2024-09-05,2.275000095367432,2.2256158701721915
2024-09-09,2024-09-06,2.1700000762939453,2.280091216342443
2024-09-10,2024-09-09,2.2320001125335693,2.1729855009226853
2024-09-11,2024-09-10,2.2699999809265137,2.2266979363564037
2024-09-12,2024-09-11,2.3570001125335693,2.2448242559847795
2024-09-13,2024-09-12,2.305000066757202,2.353556337617799
2024-09-16,2024-09-13,2.372999906539917,2.311679074899457
2024-09-17,2024-09-16,2.3239998817443848,2.376813417658143
2024-09-18,2024-09-17,2.2839999198913574,2.3207790407692155
2024-09-19,2024-09-18,2.3480000495910645,2.2942722091875414
2024-09-20,2024-09-19,2.434000015258789,2.3419155638193194
2024-09-23,2024-09-20,2.61299991607666,2.4362977348235755
2024-09-24,2024-09-23,2.5510001182556152,2.602725007118017
2024-09-25,2024-09-24,2.63700008392334,2.5589411777994866
2024-09-26,2024-09-25,2.5850000381469727,2.62196483614845
2024-09-27,2024-09-26,2.9019999504089355,2.573796366015162
2024-09-30,2024-09-27,2.9230000972747803,2.885730471291596
2024-10-01,2024-09-30,2.8959999084472656,2.918591759988071
2024-10-02,2024-10-01,2.885999917984009,2.8984109699514096
2024-10-03,2024-10-02,2.970000028610229,2.879643088875557
2024-10-04,2024-10-03,2.8540000915527344,2.9490870095857247
2024-10-07,2024-10-04,2.746000051498413,2.879686822491103
2024-10-08,2024-10-07,2.7330000400543213,2.754808474630578
2024-10-09,2024-10-08,2.6600000858306885,2.7413037117663093
2024-10-10,2024-10-09,2.674999952316284,2.6485005174527414
2024-10-11,2024-10-10,2.631999969482422,2.689104758456468
2024-10-14,2024-10-11,2.49399995803833,2.650161234745866
2024-10-15,2024-10-14,2.497999906539917,2.5186417112040314
2024-10-16,2024-10-15,2.367000102996826,2.495969412773486
2024-10-17,2024-10-16,2.3469998836517334,2.379964749256441
2024-10-18,2024-10-17,2.257999897003174,2.3384453930524582
2024-10-21,2024-10-18,2.312000036239624,2.2815470556148014
2024-10-22,2024-10-21,2.311000108718872,2.3049838989507734
2024-10-23,2024-10-22,2.3420000076293945,2.312963160033256
2024-10-24,2024-10-23,2.5220000743865967,2.325633774282354
2024-10-25,2024-10-24,2.559999942779541,2.5029559568816833
2024-10-28,2024-10-25,2.309000015258789,2.55535979459051
2024-10-29,2024-10-28,2.345999956130981,2.331066613974904
2024-10-30,2024-10-29,2.845000028610229,2.3368206526244033
2024-10-31,2024-10-30,2.7070000171661377,2.7844067736839104
2024-11-01,2024-10-31,2.6630001068115234,2.698648983036635
2024-11-04,2024-11-01,2.7809998989105225,2.696061850335617
2024-11-05,2024-11-04,2.6700000762939453,2.761232421559245
2024-11-06,2024-11-05,2.746999979019165,2.657776803644164
2024-11-07,2024-11-06,2.693000078201294,2.7456063898463814
2024-11-08,2024-11-07,2.6689999103546143,2.7032349747785585
2024-11-11,2024-11-08,2.9200000762939453,2.66461091592692
2024-11-12,2024-11-11,2.907000064849853,2.8967150247645614
2024-11-13,2024-11-12,2.9830000400543213,2.925803779703003
2024-11-14,2024-11-13,2.7850000858306885,2.9788322485366705
2024-11-15,2024-11-14,2.822999954223633,2.792766662835507
2024-11-18,2024-11-15,2.9730000495910645,2.8268464682883314
2024-11-19,2024-11-18,2.997999906539917,2.956163522492059
2024-11-20,2024-11-19,3.193000078201294,2.991152532152995
2024-11-21,2024-11-20,3.33899998664856,3.1894036098129552
2024-11-22,2024-11-21,3.128999948501587,3.3150340416979787
2024-11-25,2024-11-22,3.36899995803833,3.1503229956655545
2024-11-26,2024-11-25,3.430999994277954,3.33698976190872
2024-11-27,2024-11-26,3.2039999961853027,3.427490297495326
2024-11-29,2024-11-27,3.36299991607666,3.202648630403998
2024-12-02,2024-11-29,3.213000059127808,3.3695035215015174
2024-12-03,2024-12-02,3.0420000553131104,3.214789350250176
2024-12-04,2024-12-03,3.0429999828338623,3.0592802812754933
2024-12-05,2024-12-04,3.0789999961853027,3.04935136446401
2024-12-06,2024-12-05,3.075999975204468,3.0741873129088377
2024-12-09,2024-12-06,3.181999921798706,3.0766551076638633
2024-12-10,2024-12-09,3.1630001068115234,3.1848559572120183
2024-12-11,2024-12-10,3.378000020980835,3.1768802726210463
2024-12-12,2024-12-11,3.4549999237060547,3.3546984772179
2024-12-13,2024-12-12,3.2799999713897705,3.4439563122688908
2024-12-16,2024-12-13,3.21399998664856,3.3043126080402994
2024-12-17,2024-12-16,3.308000087738037,3.2145565296168868
2024-12-18,2024-12-17,3.374000072479248,3.2874395073180236
2024-12-19,2024-12-18,3.5840001106262207,3.3615412839768792
2024-12-20,2024-12-19,3.747999906539917,3.5561506289647413
2024-12-23,2024-12-20,3.6559998989105225,3.751080831930929
2024-12-24,2024-12-23,3.946000099182129,3.6484328719543426
2024-12-26,2024-12-24,3.714999914169312,3.9261475162191637
2024-12-27,2024-12-26,3.513999938964844,3.716938154743682
2024-12-30,2024-12-27,3.936000108718872,3.5494913976840237
2024-12-31,2024-12-30,3.632999897003174,3.900692463825091
2025-01-02,2024-12-31,3.660000085830689,3.6454412941448946
2025-01-03,2025-01-02,3.3540000915527344,3.6593503544982524
2025-01-06,2025-01-03,3.671999931335449,3.393953618763949
2025-01-07,2025-01-06,3.4489998817443848,3.6440766103018425
2025-01-08,2025-01-07,3.651000022888184,3.459909321576255
2025-01-09,2025-01-08,3.700999975204468,3.634691925959208
2025-01-10,2025-01-09,3.989000082015991,3.687377395794839
2025-01-13,2025-01-10,3.934000015258789,3.986480821617076
2025-01-14,2025-01-13,3.9679999351501465,3.936735718902168
2025-01-15,2025-01-14,4.083000183105469,3.9685350823376835
2025-01-16,2025-01-15,4.257999897003174,4.071874568484802
2025-01-17,2025-01-16,3.947999954223633,4.235029313392554
2025-01-21,2025-01-17,3.75600004196167,3.9658314276048783
2025-01-22,2025-01-21,3.9600000381469727,3.770086884540675
2025-01-23,2025-01-22,3.944999933242798,3.943303568822856
2025-01-24,2025-01-23,4.026999950408936,3.93474003741017
2025-01-27,2025-01-24,3.697000026702881,4.037910039494164
2025-01-28,2025-01-27,3.470999956130981,3.715979004832368
2025-01-29,2025-01-28,3.5350000858306885,3.486884288114414
2025-01-30,2025-01-29,3.046999931335449,3.5275711592264605
2025-01-31,2025-01-30,3.0439999103546143,3.06630865071995
2025-02-03,2025-01-31,3.351999998092652,3.056561240577698
2025-02-04,2025-02-03,3.253000020980835,3.331688512963371
2025-02-05,2025-02-04,3.359999895095825,3.261220365157478
2025-02-06,2025-02-05,3.407999992370605,3.3500213563804224
2025-02-07,2025-02-06,3.309000015258789,3.3952751672142685
2025-02-10,2025-02-07,3.444000005722046,3.3289003407606748
2025-02-11,2025-02-10,3.5190000534057617,3.4331182515131458
2025-02-12,2025-02-11,3.565000057220459,3.5196860388403564
2025-02-13,2025-02-12,3.628000020980835,3.558411536346765
2025-02-14,2025-02-13,3.724999904632568,3.6135759645400922
2025-02-18,2025-02-14,4.006999969482422,3.716299128052417
2025-02-19,2025-02-18,4.28000020980835,3.995294708382632
2025-02-20,2025-02-19,4.151999950408936,4.258491385141878
2025-02-21,2025-02-20,4.234000205993652,4.147613918622157
2025-02-24,2025-02-21,3.99399995803833,4.246532948711673
2025-02-25,2025-02-24,4.173999786376953,4.0052114415183135
2025-02-26,2025-02-25,3.9059998989105225,4.169057817766217
2025-02-27,2025-02-26,3.934000015258789,3.9176235721991244
2025-02-28,2025-02-27,3.8340001106262207,3.9208823368388463
2025-03-03,2025-02-28,4.122000217437744,3.8560099637999823
2025-03-04,2025-03-03,4.349999904632568,4.100964518775335
2025-03-05,2025-03-04,4.449999809265137,4.342273713535327
2025-03-06,2025-03-05,4.302000045776367,4.439218788995004
2025-03-07,2025-03-06,4.39900016784668,4.298381295919326
2025-03-10,2025-03-07,4.491000175476074,4.411254119121628
2025-03-11,2025-03-10,4.453000068664551,4.482086029210335
2025-03-12,2025-03-11,4.084000110626221,4.459894970374487
2025-03-13,2025-03-12,4.111000061035156,4.1083129707995365
2025-03-14,2025-03-13,4.104000091552734,4.09138422049453
2025-03-17,2025-03-14,4.01800012588501,4.122368565061819
2025-03-18,2025-03-17,4.052000045776367,4.02506227401951
2025-03-19,2025-03-18,4.247000217437744,4.064709670835034
2025-03-20,2025-03-19,3.974999904632568,4.223639121373511
2025-03-21,2025-03-20,3.9800000190734863,3.982915557393354
2025-03-24,2025-03-21,3.9140000343322754,4.000558298877615
2025-03-25,2025-03-24,3.839999914169312,3.9213781342583065
2025-03-26,2025-03-25,3.861000061035156,3.846985728536073
2025-03-27,2025-03-26,3.950000047683716,3.858179990988231
2025-03-28,2025-03-27,4.065000057220459,3.9325469992724833
2025-03-31,2025-03-28,4.11899995803833,4.075144774220196
2025-04-01,2025-03-31,3.950999975204468,4.113626584060333
2025-04-02,2025-04-01,4.054999828338623,3.9750361529234293
2025-04-03,2025-04-02,4.138000011444092,4.03788876230145
2025-04-04,2025-04-03,3.836999893188477,4.1187335462838535
2025-04-07,2025-04-04,3.6549999713897705,3.8762982556724395
2025-04-08,2025-04-07,3.4649999141693115,3.66922827913164
2025-04-09,2025-04-08,3.815999984741211,3.4834042104188834
2025-04-10,2025-04-09,3.556999921798706,3.7831729070079683
2025-04-11,2025-04-10,3.5269999504089355,3.5687708248035435
2025-04-14,2025-04-11,3.325000047683716,3.5492817727854526
2025-04-15,2025-04-14,3.3289999961853027,3.3381913870321798
2025-04-16,2025-04-15,3.246999979019165,3.330301788323916
2025-04-17,2025-04-16,3.244999885559082,3.2552166129250386
2025-04-21,2025-04-17,3.0160000324249268,3.259188200028662
2025-04-22,2025-04-21,3.006999969482422,3.0337614242229103
2025-04-23,2025-04-22,3.0220000743865967,3.008863327420678
2025-04-24,2025-04-23,2.930000066757202,3.023024627520845
2025-04-25,2025-04-24,2.937000036239624,2.925729779208322
2025-04-28,2025-04-25,3.1700000762939453,2.9545934493624717
2025-04-29,2025-04-28,3.385999917984009,3.149925121915768
2025-04-30,2025-04-29,3.325999975204468,3.377553557175118
2025-05-01,2025-04-30,3.4790000915527344,3.3264589867594934
2025-05-02,2025-05-01,3.630000114440918,3.459933125687631
2025-05-05,2025-05-02,3.549999952316284,3.628125150763727
2025-05-06,2025-05-05,3.463000059127808,3.5502407470398394
2025-05-07,2025-05-06,3.621000051498413,3.478267916877433
2025-05-08,2025-05-07,3.5920000076293945,3.600892995092119
2025-05-09,2025-05-08,3.795000076293945,3.5779264824065886
2025-05-12,2025-05-09,3.6459999084472656,3.7959183222782715
2025-05-13,2025-05-12,3.6470000743865967,3.662907062235891
2025-05-14,2025-05-13,3.492000102996826,3.6497360490116315
2025-05-15,2025-05-14,3.361999988555908,3.4979069168514387
2025-05-16,2025-05-15,3.3340001106262207,3.3596360785163553
2025-05-19,2025-05-16,3.11299991607666,3.353780500278911
2025-05-20,2025-05-19,3.427000045776367,3.1255895956811983
2025-05-21,2025-05-20,3.368000030517578,3.4164739757752542
2025-05-22,2025-05-21,3.253000020980835,3.3660520026018
2025-05-23,2025-05-22,3.3340001106262207,3.2561408448829554
2025-05-27,2025-05-23,3.3980000019073486,3.329472514340472
2025-05-28,2025-05-27,3.2039999961853027,3.3955343471437045
2025-05-29,2025-05-28,3.5220000743865967,3.214238731318869
2025-05-30,2025-05-29,3.447000026702881,3.4860079577870238
2025-06-02,2025-05-30,3.694000005722046,3.469583581357984
2025-06-03,2025-06-02,3.721999883651733,3.663799014492775
2025-06-04,2025-06-03,3.7160000801086426,3.738013294141409
2025-06-05,2025-06-04,3.677000045776367,3.704193258210116
2025-06-06,2025-06-05,3.783999919891357,3.6678417230863367
2025-06-09,2025-06-06,3.634999990463257,3.7843932988489093
2025-06-10,2025-06-09,3.532999992370605,3.650224022819827
2025-06-11,2025-06-10,3.506999969482422,3.538809632439456
2025-06-12,2025-06-11,3.492000102996826,3.5157607863470774
2025-06-13,2025-06-12,3.5810000896453857,3.4751277364181616
2025-06-16,2025-06-13,3.747999906539917,3.5917707695011254
2025-06-17,2025-06-16,3.8510000705718994,3.7372143046102693
2025-06-18,2025-06-17,3.989000082015991,3.853365702506329
2025-06-20,2025-06-18,3.846999883651733,3.959888781681166
2025-06-23,2025-06-20,3.697999954223633,3.8758917860700763
2025-06-24,2025-06-23,3.5369999408721924,3.706377388267887
2025-06-25,2025-06-24,3.4059998989105225,3.5565738480750886
2025-06-26,2025-06-25,3.260999917984009,3.4107357937753187
2025-06-27,2025-06-26,3.739000082015991,3.267476194775801
2025-06-30,2025-06-27,3.4560000896453857,3.7113253337302163
2025-07-01,2025-06-30,3.414999961853028,3.4870656282494075
2025-07-02,2025-07-01,3.48799991607666,3.425894939990057
2025-07-03,2025-07-02,3.4089999198913574,3.482597540141689
2025-07-04,2025-07-03,3.38700008392334,3.3921648767663104
2025-07-07,2025-07-04,3.4119999408721924,3.408883814644789
2025-07-08,2025-07-07,3.3399999141693115,3.411079673367455
2025-07-09,2025-07-08,3.21399998664856,3.3594899251454957
2025-07-10,2025-07-09,3.336999893188477,3.2105009039908765
2025-07-11,2025-07-10,3.313999891281128,3.325127166018104
2025-07-14,2025-07-11,3.4660000801086426,3.3256622608739157
2025-07-15,2025-07-14,3.5230000019073486,3.453245073375525
2025-07-16,2025-07-15,3.5510001182556152,3.5303947639711746
2025-07-17,2025-07-16,3.5420000553131104,3.5396378854770933
2025-07-18,2025-07-17,3.565000057220459,3.533195247457307
2025-07-21,2025-07-18,3.325000047683716,3.5714382951100148
2025-07-22,2025-07-21,3.252000093460083,3.3453260771137363
2025-07-23,2025-07-22,3.07699990272522,3.2615094221290977
2025-07-24,2025-07-23,3.094000101089477,3.089254430953401
2025-07-25,2025-07-24,3.109999895095825,3.0824586070262314
2025-07-28,2025-07-25,2.98799991607666,3.126102801214707
2025-07-29,2025-07-28,3.0810000896453857,3.000171359345443
2025-07-30,2025-07-29,3.0450000762939453,3.0843902227780537
2025-07-31,2025-07-30,3.1059999465942383,3.0411178104590753
2025-08-01,2025-07-31,3.0829999446868896,3.094573760107854
2025-08-04,2025-08-01,2.931999921798706,3.096787508262208
2025-08-05,2025-08-04,3.009999990463257,2.943855252109553
2025-08-06,2025-08-05,3.07699990272522,3.009048098822726
2025-08-07,2025-08-06,3.066999912261963,3.0641130218812433
2025-08-08,2025-08-07,2.990000009536743,3.0627049831767534
2025-08-11,2025-08-08,2.9539999961853027,3.008293121112595
2025-08-12,2025-08-11,2.808000087738037,2.9571333242165228
2025-08-13,2025-08-12,2.828000068664551,2.8231329718709106
2025-08-14,2025-08-13,2.8410000801086426,2.8215332322970075
2025-08-15,2025-08-14,2.9159998893737797,2.837518365997023
2025-08-18,2025-08-15,2.890000104904175,2.9182465946961313
2025-08-19,2025-08-18,2.7660000324249268,2.896770515719712
2025-08-20,2025-08-19,2.752000093460083,2.7817206507368697
2025-08-21,2025-08-20,2.825999975204468,2.7490706087670422
2025-08-22,2025-08-21,2.697999954223633,2.8085811383065837
2025-08-25,2025-08-22,2.696000099182129,2.720389456789718
2025-08-26,2025-08-25,2.7170000076293945,2.6983400487970854
2025-08-27,2025-08-26,2.867000102996826,2.7218741063912173
2025-08-28,2025-08-27,2.944000005722046,2.845934185131867
2025-08-29,2025-08-28,2.996999979019165,2.9338547061002536
2025-09-02,2025-08-29,3.009000062942505,2.9937458421266165
2025-09-03,2025-09-02,3.063999891281128,3.0129222627340906
2025-09-04,2025-09-03,3.0739998817443848,3.0470775096896636
2025-09-05,2025-09-04,3.0480000972747803,3.0659692110479306
2025-09-08,2025-09-05,3.0899999141693115,3.0575471823711062
2025-09-09,2025-09-08,3.117000102996826,3.087649692697442
2025-09-10,2025-09-09,3.0290000438690186,3.1187374480519647
2025-09-11,2025-09-10,2.934000015258789,3.0335572206882016
2025-09-12,2025-09-11,2.940999984741211,2.935379861533564
2025-09-15,2025-09-12,3.0429999828338623,2.948671842356773
2025-09-16,2025-09-15,3.1029999256134038,3.0322574625300316
2025-09-17,2025-09-16,3.0999999046325684,3.1068477267257952
2025-09-18,2025-09-17,2.938999891281128,3.1000668117581567
2025-09-19,2025-09-18,2.888000011444092,2.944319915578223
2025-09-22,2025-09-19,2.805999994277954,2.8972114264966113
2025-09-23,2025-09-22,2.8529999256134038,2.8109826582840114
2025-09-24,2025-09-23,2.8580000400543213,2.8553524267098647
2025-09-25,2025-09-24,2.9040000438690186,2.8585010524662327
2025-09-26,2025-09-25,2.8350000381469727,2.8934672404610913
2025-09-29,2025-09-26,3.2669999599456787,2.8516825199088522
2025-09-30,2025-09-29,3.302999973297119,3.224240004197428
2025-10-01,2025-09-30,3.4760000705718994,3.3078934241505396
2025-10-02,2025-10-01,3.441999912261963,3.453188802299528
2025-10-03,2025-10-02,3.3239998817443848,3.439564365313781
2025-10-06,2025-10-03,3.3570001125335693,3.328992981138383
2025-10-07,2025-10-06,3.497999906539917,3.3533036465963626
2025-10-08,2025-10-07,3.3329999446868896,3.4864274101112827
2025-10-09,2025-10-08,3.2690000534057617,3.352685363775934
2025-10-10,2025-10-09,3.1059999465942383,3.2588555482012147
2025-10-13,2025-10-10,3.118000030517578,3.1392987804383408
2025-10-14,2025-10-13,3.0280001163482666,3.1093461511636695
2025-10-15,2025-10-14,3.0160000324249268,3.0512734197838265
2025-10-16,2025-10-15,2.937999963760376,3.016511544617382
2025-10-17,2025-10-16,3.007999897003174,2.9421054125039303
2025-10-20,2025-10-17,3.3970000743865967,3.00795851487108
2025-10-21,2025-10-20,3.4739999771118164,3.3713571369708726
2025-10-22,2025-10-21,3.450000047683716,3.471643205301202
2025-10-23,2025-10-22,3.344000101089477,3.453977659768745
2025-10-24,2025-10-23,3.303999900817871,3.334234935949513
2025-10-27,2025-10-24,3.441999912261963,3.3065628818391772
2025-10-28,2025-10-27,3.345000028610229,3.423614524672318
2025-10-29,2025-10-28,3.375999927520752,3.366321643052115
2025-10-30,2025-10-29,3.9560000896453857,3.3740608727820347
2025-10-31,2025-10-30,4.124000072479248,3.883942694165237
2025-11-03,2025-10-31,4.265999794006348,4.121119546740547
2025-11-04,2025-11-03,4.3429999351501465,4.2585576666896205
2025-11-05,2025-11-04,4.23199987411499,4.345105743437124
2025-11-06,2025-11-05,4.35699987411499,4.214646582065675
2025-11-07,2025-11-06,4.315000057220459,4.324957204627784
2025-11-10,2025-11-07,4.3379998207092285,4.336472187092841
2025-11-11,2025-11-10,4.565000057220459,4.340288704843313
2025-11-12,2025-11-11,4.5329999923706055,4.556140162948934
2025-11-13,2025-11-12,4.645999908447266,4.537074949920509
2025-11-14,2025-11-13,4.565999984741211,4.62741759895128
2025-11-17,2025-11-14,4.361000061035156,4.591421660298992
2025-11-18,2025-11-17,4.370999813079834,4.373927388450825
2025-11-19,2025-11-18,4.550000190734863,4.376452940188659
2025-11-20,2025-11-19,4.473999977111816,4.528798803557483
2025-11-21,2025-11-20,4.579999923706055,4.4718492167124095
2025-11-24,2025-11-21,4.548999786376953,4.595464100416131
2025-11-25,2025-11-24,4.423999786376953,4.555994020162093
2025-11-26,2025-11-25,4.558000087738037,4.434940019297258
2025-11-28,2025-11-26,4.849999904632568,4.535677395605872
2025-12-01,2025-11-28,4.921000003814697,4.843237488083008
2025-12-02,2025-12-01,4.840000152587891,4.915044378700797
2025-12-03,2025-12-02,4.994999885559082,4.857713628789808
2025-12-04,2025-12-03,5.063000202178955,4.9767083503806955
2025-12-05,2025-12-04,5.289000034332275,5.030793187122761
2025-12-08,2025-12-05,4.912000179290772,5.290422273321788
2025-12-09,2025-12-08,4.573999881744385,4.943948239939855
2025-12-10,2025-12-09,4.59499979019165,4.607254913054156
2025-12-11,2025-12-10,4.230999946594238,4.587896449401556
2025-12-12,2025-12-11,4.11299991607666,4.2463655210383
2025-12-15,2025-12-12,4.01200008392334,4.151924235318618
2025-12-16,2025-12-15,3.885999917984009,4.026385825935611
2025-12-17,2025-12-16,4.02400016784668,3.9075833965693767
2025-12-18,2025-12-17,3.9079999923706055,4.0143025806822275
2025-12-19,2025-12-18,3.983999967575073,3.911560877537978
2025-12-22,2025-12-19,3.964999914169312,3.9964298219827925
2025-12-23,2025-12-22,4.4079999923706055,3.9621179923729213
2025-12-24,2025-12-23,4.242000102996826,4.3779034252741225
2025-12-26,2025-12-24,4.366000175476074,4.243454570832559
2025-12-29,2025-12-26,4.686999797821045,4.371115579713509
2025-12-30,2025-12-29,3.971999883651733,4.661815515769173
2025-12-31,2025-12-30,3.686000108718872,4.018482192365722
2026-01-02,2025-12-31,3.618000030517578,3.706141460356178
2026-01-05,2026-01-02,3.5230000019073486,3.635320868243481
2026-01-06,2026-01-05,3.3499999046325684,3.5280378132162493
2026-01-07,2026-01-06,3.525000095367432,3.3835403129117307
2026-01-08,2026-01-07,3.407000064849853,3.5206508332808664
2026-01-09,2026-01-08,3.1689999103546143,3.4094768048597883
2026-01-12,2026-01-09,3.4089999198913574,3.199984396643085
2026-01-13,2026-01-12,3.4189999103546143,3.3941814606457505
2026-01-14,2026-01-13,3.119999885559082,3.4219084933995028
2026-01-15,2026-01-14,3.128000020980835,3.1368449952257063
2026-01-16,2026-01-15,3.1029999256134038,3.126385023569422
2026-01-20,2026-01-16,3.9070000648498535,3.0975568541326894
2026-01-21,2026-01-20,4.875,3.8563608886627563
2026-01-22,2026-01-21,5.045000076293945,4.807119884325437
2026-01-23,2026-01-22,5.275000095367432,5.023720716060132
2026-01-26,2026-01-23,6.800000190734863,5.282519231402804
2026-01-27,2026-01-26,6.953999996185303,6.649618970301476
2026-01-28,2026-01-27,7.460000038146973,6.924796844469737
2026-01-29,2026-01-28,3.9179999828338623,7.409426261955727
2026-01-30,2026-01-29,4.354000091552734,4.078898605156433
2026-02-02,2026-01-30,3.236999988555908,4.31743983843553
2026-02-03,2026-02-02,3.311000108718872,3.2979556622079462
2026-02-04,2026-02-03,3.4649999141693115,3.307931271912973
2026-02-05,2026-02-04,3.509000062942505,3.50033833979498
2026-02-06,2026-02-05,3.421999931335449,3.4910014254430966
2026-02-09,2026-02-06,3.138000011444092,3.4653025984842145
2026-02-10,2026-02-09,3.115000009536743,3.1768512237982094
2026-02-11,2026-02-10,3.1589999198913574,3.264364424736996
2026-02-12,2026-02-11,3.2170000076293945,3.038981158415282
2026-02-13,2026-02-12,3.243000030517578,3.282679654312362
2026-02-17,2026-02-13,3.0309998989105225,3.232024878706574
2026-02-18,2026-02-17,3.010999917984009,3.1439007775354013
2026-02-19,2026-02-18,2.996000051498413,3.0485123505695295
2026-02-20,2026-02-19,3.046999931335449,3.012310777975547
2026-02-23,2026-02-20,2.984999895095825,3.0137609065142996
2026-02-24,2026-02-23,2.914999961853028,3.0357066294948476
2026-02-25,2026-02-24,2.969000101089477,2.8880822307704066
2026-02-26,2026-02-25,2.82699990272522,2.9826656532551716
2026-02-27,2026-02-26,2.858999967575073,2.7446755511680374
2026-03-02,2026-02-27,2.9600000381469727,2.8916847697984123
2026-03-03,2026-03-02,3.053999900817871,2.9107299964861153
2026-03-04,2026-03-03,2.9170000553131104,3.0621431094036193
2026-03-05,2026-03-04,3.003000020980835,2.934226856134731
2026-03-06,2026-03-05,3.186000108718872,2.9881651047888824
2026-03-09,2026-03-06,3.119999885559082,3.1848137268863272
2026-03-10,2026-03-09,3.0199999809265137,3.1021737469354527
2026-03-11,2026-03-10,3.2090001106262207,3.0395180654902223
2026-03-12,2026-03-11,3.2330000400543213,3.172613941598299
2026-03-13,2026-03-12,3.13100004196167,3.2213029510307507
2026-03-16,2026-03-13,3.0230000019073486,3.149346036183922
2026-03-17,2026-03-16,3.032999992370605,3.029094476581735
2026-03-18,2026-03-17,3.065000057220459,3.028968600292133
2026-03-19,2026-03-18,3.1659998893737797,3.044345056543282
2026-03-20,2026-03-19,3.095000028610229,3.15448843532998
2026-03-23,2026-03-20,2.8910000324249268,3.1266642769345037
2026-03-24,2026-03-23,2.943000078201294,2.905354654186122
2026-03-25,2026-03-24,2.95199990272522,2.952240662214742
2026-03-26,2026-03-25,2.999000072479248,2.931803766313271
2026-03-27,2026-03-26,3.095000028610229,2.9913191948095177
2026-03-30,2026-03-27,2.88700008392334,3.11647218767203
2026-03-31,2026-03-30,2.884000062942505,2.915131209031989
2026-04-01,2026-03-31,2.819000005722046,2.885020826009625
2026-04-02,2026-04-01,2.799999952316284,2.8209377209159014
2026-04-06,2026-04-02,2.811000108718872,2.815366133921053
2026-04-07,2026-04-06,2.869999885559082,2.802817933139388
2026-04-08,2026-04-07,2.7239999771118164,2.878812830670155
2026-04-09,2026-04-08,2.6700000762939453,2.741632303261792
2026-04-10,2026-04-09,2.6480000019073486,2.670067635210613
2026-04-13,2026-04-10,2.627000093460083,2.666542775251367
2026-04-14,2026-04-13,2.5989999771118164,2.6175450215396285
2026-04-15,2026-04-14,2.609999895095825,2.614417950956433
2026-04-16,2026-04-15,2.6470000743865967,2.6070182590545885
2026-04-17,2026-04-16,2.674000024795532,2.647941349679039
2026-04-20,2026-04-17,2.688999891281128,2.682690398918248
2026-04-21,2026-04-20,2.697000026702881,2.691824963532378
2026-04-22,2026-04-21,2.7219998836517334,2.704576573226598
2026-04-23,2026-04-22,2.614000082015991,2.710833063354502
2026-04-24,2026-04-23,2.5230000019073486,2.617137157144976
2026-04-27,2026-04-24,2.549999952316284,2.5372483777313586
2026-04-28,2026-04-27,2.559000015258789,2.537543661486189
2026-04-29,2026-04-28,2.6470000743865967,2.566727630235817
2026-04-30,2026-04-29,2.7669999599456787,2.6305860201006417
2026-05-01,2026-04-30,2.7799999713897705,2.7589451664473263
2026-05-04,2026-05-01,2.867000102996826,2.7967470104993133
2026-05-05,2026-05-04,2.7880001068115234,2.859480464560788
2026-05-06,2026-05-05,2.7300000190734863,2.802201163665417
2026-05-07,2026-05-06,2.7690000534057617,2.715758340683896
2026-05-08,2026-05-07,2.756999969482422,2.7487319517063025
2026-05-11,2026-05-08,2.9100000858306885,2.7612288085635353
2026-05-12,2026-05-11,2.8429999351501465,2.889246016749799
2026-05-13,2026-05-12,2.864000082015991,2.8667204071614627
2026-05-14,2026-05-13,2.8940000534057617,2.857530145168039
2026-05-15,2026-05-14,2.9600000381469727,2.8829702565052537
2026-05-18,2026-05-15,3.0239999294281006,2.9584253726769516
2026-05-19,2026-05-18,3.114000082015991,3.0149198640549337
2026-05-20,2026-05-19,3.003999948501587,3.1160581352588452
2026-05-21,2026-05-20,3.0179998874664307,3.0077362927352276
2026-05-22,2026-05-21,2.907000064849853,2.997787156106999
2026-05-26,2026-05-22,2.8940000534057617,2.914865921815264
2026-05-27,2026-05-26,3.039999961853028,2.8949895316796437
2026-05-28,2026-05-27,3.2850000858306885,3.0177902217355737
2026-05-29,2026-05-28,3.289999961853028,3.261419762455365
2026-06-01,2026-05-29,3.178999900817871,3.314186760486468
2026-06-02,2026-06-01,3.1670000553131104,3.1913833359280463
2026-06-03,2026-06-02,3.21399998664856,3.1810601056164165
2026-06-04,2026-06-03,3.3359999656677246,3.17711215511893
2026-06-05,2026-06-04,3.2290000915527344,3.3114548136066997
2026-06-08,2026-06-05,3.1470000743865967,3.247161501102282
2026-06-09,2026-06-08,3.140000104904175,3.1545574674243957
2026-06-10,2026-06-09,3.184999942779541,3.148213662638875
2026-06-11,2026-06-10,3.086999893188477,3.1714725786996216
2026-06-12,2026-06-11,3.119999885559082,3.093405271130552
2026-06-15,2026-06-12,3.1470000743865967,3.1282189307772215
2026-06-16,2026-06-15,3.239000082015991,3.14764517298376
2026-06-17,2026-06-16,3.1449999809265137,3.2451001691952626
2026-06-18,2026-06-17,3.2330000400543213,3.1525296036153936
2026-06-22,2026-06-18,3.253000020980835,3.2368324301791906
2026-06-23,2026-06-22,3.1470000743865967,3.248453262953369
2026-06-24,2026-06-23,3.220999956130981,3.162652354809916
2026-06-25,2026-06-24,3.3429999351501465,3.210195016045476
2026-06-26,2026-06-25,3.2309999465942383,3.32803485932201
2026-06-29,2026-06-26,3.180999994277954,3.2528445076838635
2026-06-30,2026-06-29,3.275000095367432,3.1774417197393054
2026-07-01,2026-06-30,3.220000028610229,3.2830598746908057
2026-07-02,2026-07-01,3.196000099182129,3.2109864363897938
2026-07-06,2026-07-02,3.244999885559082,3.208951929341943
2026-07-07,2026-07-06,3.265000104904175,3.241039473093721
2026-07-08,2026-07-07,3.211999893188477,3.27421858681161
2026-07-09,2026-07-08,3.01200008392334,3.2067535568538257
2026-07-10,2026-07-09,2.940000057220459,3.0289291997110617
2026-07-13,2026-07-10,2.8970000743865967,2.9495750128003877
2026-07-14,2026-07-13,2.9040000438690186,2.8933681646818754
2026-07-15,2026-07-14,2.924000024795532,2.91920673578924
2026-07-16,2026-07-15,2.8580000400543213,2.9242557150165296
2026-07-17,2026-07-16,2.9110000133514404,2.8654554768827007
2026-07-20,2026-07-17,2.859999895095825,2.924825699196868
2026-07-21,2026-07-20,2.865000009536743,2.8677584637330504
2026-07-22,2026-07-21,2.924999952316284,2.8783596308551953
2026-07-23,2026-07-22,2.9159998893737797,2.9145909721269314
2026-07-24,2026-07-23,2.871000051498413,2.914016755685665
2026-07-27,2026-07-24,2.7669999599456787,2.8820302056919895
2026-07-28,2026-07-27,2.6619999408721924,2.7717479599339376
2026-07-29,2026-07-28,2.7249999046325684,2.6837209534990714
2026-07-30,2026-07-29,2.757999897003174,2.7041542440238833
2026-07-31,2026-07-30,2.746999979019165,2.752403319294398
2026-08-03,2026-07-31,2.7809998989105225,2.762000843313829
2026-08-04,2026-08-03,2.681999921798706,2.782762503062668
2026-08-05,2026-08-04,2.687999963760376,2.7070954336190667
2026-08-06,2026-08-05,2.640000104904175,2.674682033313244
2026-08-07,2026-08-06,2.6619999408721924,2.6373307234976173
2026-08-10,2026-08-07,2.7920000553131104,2.665480382276897
