target_date,origin_date,actual,point,q05,q10,q25,q50,q75,q90,q95
2015-01-02,2014-12-01,52.69,71.45204162597656,64.55847930908203,66.35901641845703,68.8169174194336,71.45204162597656,73.81590270996094,75.949951171875,77.49755859375
2015-01-05,2014-12-02,50.04,67.8033447265625,59.66702651977539,61.806793212890625,64.7187271118164,67.8033447265625,70.54170227050781,72.99725341796875,74.79354858398438
2015-01-06,2014-12-03,47.93,67.07963562011719,59.469871520996094,61.44879150390625,64.16415405273438,67.07963562011719,69.69558715820312,72.00657653808594,73.69122314453125
2015-01-07,2014-12-04,48.65,67.82266235351562,60.190162658691406,62.20573806762695,64.94929504394531,67.82266235351562,70.55369567871094,72.99749755859375,74.77153778076172
2015-01-08,2014-12-05,48.79,66.71417999267578,59.48987579345703,61.36124038696289,63.92815017700195,66.71417999267578,69.44717407226562,71.9388656616211,73.7490005493164
2015-01-09,2014-12-08,48.36,66.95951843261719,59.449039459228516,61.405799865722656,64.07881164550781,66.95951843261719,69.72843933105469,72.23556518554688,74.05852508544922
2015-01-12,2014-12-09,46.07,67.9433822631836,60.884483337402344,62.729732513427734,65.24740600585938,67.9433822631836,70.59507751464844,73.09718322753906,74.92958068847656
2015-01-13,2014-12-10,45.89,65.4761962890625,57.19432830810547,59.353702545166016,62.30204772949219,65.4761962890625,68.58177947998047,71.45231628417969,73.55313110351562
2015-01-14,2014-12-11,48.48,62.427635192871094,53.674930572509766,55.97361373901367,59.1047248840332,62.427635192871094,65.5785903930664,68.42082214355469,70.4981689453125
2015-01-15,2014-12-12,46.25,58.566654205322266,48.94434356689453,51.463134765625,54.896820068359375,58.566654205322266,62.00965881347656,65.09860229492188,67.36106872558594
2015-01-16,2014-12-15,48.69,54.620967864990234,44.31398010253906,46.98398208618164,50.631103515625,54.620967864990234,58.42057800292969,61.723472595214844,64.13044738769531
2015-01-20,2014-12-16,46.39,53.862823486328125,43.59393310546875,46.25504684448242,49.89085388183594,53.862823486328125,57.64116668701172,60.90420913696289,63.277923583984375
2015-01-21,2014-12-17,47.78,54.47774124145508,44.53915023803711,47.11445236206055,50.63877868652344,54.47774124145508,58.09477233886719,61.18706512451172,63.417266845703125
2015-01-22,2014-12-18,46.31,52.71080017089844,42.28620147705078,44.99608612060547,48.69895935058594,52.71080017089844,56.57794189453125,59.85683059692383,62.219120025634766
2015-01-23,2014-12-19,45.59,55.94755935668945,47.50582504272461,49.704078674316406,52.715171813964844,55.94755935668945,58.90886688232422,61.42242431640625,63.23490905761719
2015-01-26,2014-12-22,45.15,56.84621047973633,48.498165130615234,50.72367477416992,53.740509033203125,56.84621047973633,59.93450927734375,62.635311126708984,64.57827758789062
2015-01-27,2014-12-23,46.23,57.81094741821289,50.242069244384766,52.20368957519531,54.89604949951172,57.81094741821289,60.58600616455078,63.06943130493164,64.8663101196289
2015-01-28,2014-12-24,44.45,56.62685775756836,48.30635452270508,50.529541015625,53.54043960571289,56.62685775756836,59.64634704589844,62.343894958496094,64.29949951171875
2015-01-29,2014-12-26,44.53,54.72247314453125,46.39847946166992,48.60338592529297,51.59881591796875,54.72247314453125,57.82249069213867,60.61035919189453,62.628562927246094
2015-01-30,2014-12-29,48.24,54.20870590209961,45.65047836303711,47.90406799316406,50.97296142578125,54.20870590209961,57.425811767578125,60.33884048461914,62.4568977355957
2015-02-02,2014-12-30,49.57,54.502986907958984,46.23141098022461,48.433048248291016,51.4130859375,54.502986907958984,57.666046142578125,60.58543014526367,62.716224670410156
2015-02-03,2014-12-31,53.05,54.39827346801758,45.7731819152832,48.07584762573242,51.18092346191406,54.39827346801758,57.708168029785156,60.807273864746094,63.08213806152344
2015-02-04,2015-01-02,48.45,53.214202880859375,45.07046127319336,47.2437629699707,50.179893493652344,53.214202880859375,56.16282653808594,58.84801483154297,60.813907623291016
2015-02-05,2015-01-05,50.48,49.1414794921875,40.11945724487305,42.50105285644531,45.732574462890625,49.1414794921875,52.217262268066406,54.9655647277832,56.97126388549805
2015-02-06,2015-01-06,51.69,45.352317810058594,35.2449836730957,37.9376220703125,41.58912658691406,45.352317810058594,48.58045959472656,51.32014465332031,53.299720764160156
2015-02-09,2015-01-07,52.86,46.15316390991211,37.05189514160156,39.52638626098633,42.863853454589844,46.15316390991211,49.00587463378906,51.527252197265625,53.373958587646484
2015-02-10,2015-01-08,50.02,45.44316101074219,36.902069091796875,39.17913055419922,42.273338317871094,45.44316101074219,48.26078796386719,50.684532165527344,52.464847564697266
2015-02-11,2015-01-09,48.84,44.700862884521484,35.99512481689453,38.31509780883789,41.46784973144531,44.700862884521484,47.605567932128906,50.155941009521484,52.03645706176758
2015-02-12,2015-01-12,51.21,42.879207611083984,33.28031539916992,35.7975959777832,39.22432327270508,42.879207611083984,46.21229553222656,49.1105842590332,51.22088623046875
2015-02-13,2015-01-13,52.78,39.29612731933594,28.300125122070312,31.217086791992188,35.16081619262695,39.29612731933594,43.10432434082031,46.57743453979492,49.145896911621094
2015-02-17,2015-01-14,53.53,44.92702102661133,34.656272888183594,37.33531188964844,40.990699768066406,44.92702102661133,48.47621154785156,51.57516098022461,53.84247589111328
2015-02-18,2015-01-15,52.14,44.618717193603516,33.965091705322266,36.809288024902344,40.655540466308594,44.618717193603516,48.312294006347656,51.55013656616211,53.91238784790039
2015-02-19,2015-01-16,51.16,48.82366180419922,40.57704544067383,42.72613525390625,45.65938186645508,48.82366180419922,51.816951751708984,54.46630096435547,56.387760162353516
2015-02-20,2015-01-20,50.34,45.70707321166992,36.239891052246094,38.77775573730469,42.200965881347656,45.70707321166992,49.00257110595703,51.88578796386719,53.98170471191406
2015-02-23,2015-01-21,49.45,46.53195571899414,37.69428634643555,40.04765319824219,43.227909088134766,46.53195571899414,49.74446487426758,52.653072357177734,54.783966064453125
2015-02-24,2015-01-22,49.28,45.150142669677734,36.382789611816406,38.71689987182617,41.87382125854492,45.150142669677734,48.28142166137695,51.0749626159668,53.110572814941406
2015-02-25,2015-01-23,50.99,43.8174934387207,34.81769943237305,37.18959045410156,40.4073486328125,43.8174934387207,47.115020751953125,50.035865783691406,52.15500259399414
2015-02-26,2015-01-26,48.17,41.600948333740234,32.9725227355957,35.25704574584961,38.351463317871094,41.600948333740234,44.65540313720703,47.42814254760742,49.45206069946289
2015-02-27,2015-01-27,49.76,43.57767868041992,35.39570999145508,37.7586555480957,40.884429931640625,43.57767868041992,45.833534240722656,47.920291900634766,49.46320343017578
2015-03-02,2015-01-28,49.59,41.22561264038086,31.979934692382812,34.588233947753906,38.05842590332031,41.22561264038086,43.843284606933594,46.16144943237305,47.86538314819336
2015-03-03,2015-01-29,50.52,39.96546936035156,30.04201889038086,32.88080978393555,36.64037322998047,39.96546936035156,42.63639831542969,44.92996597290039,46.611385345458984
2015-03-04,2015-01-30,51.53,44.927284240722656,38.70869445800781,40.418663024902344,42.723262786865234,44.927284240722656,46.97119903564453,48.64476013183594,49.85954666137695
2015-03-05,2015-02-02,50.76,46.379966735839844,39.86024856567383,41.538360595703125,43.85150909423828,46.379966735839844,48.936370849609375,51.042694091796875,52.57283401489258
2015-03-06,2015-02-03,49.61,51.0021858215332,42.03420639038086,44.32719039916992,47.474754333496094,51.0021858215332,54.75590515136719,57.96621322631836,60.31462478637695
2015-03-09,2015-02-04,50.0,46.627445220947266,38.91860580444336,40.88825988769531,43.59812545776367,46.627445220947266,49.600379943847656,52.19395065307617,54.08298873901367
2015-03-10,2015-02-05,48.29,48.55889129638672,38.98149871826172,41.4635009765625,44.856201171875,48.55889129638672,52.403709411621094,56.13116455078125,58.95065689086914
2015-03-11,2015-02-06,48.17,49.36878967285156,39.33454513549805,41.95621871948242,45.540069580078125,49.36878967285156,53.17699432373047,56.70541000366211,59.362640380859375
2015-03-12,2015-02-09,47.05,51.1646842956543,40.53364562988281,43.29816436767578,47.07831573486328,51.1646842956543,55.34562683105469,58.98721694946289,61.67195510864258
2015-03-13,2015-02-10,44.84,49.92668914794922,41.59418487548828,43.75379180908203,46.717750549316406,49.92668914794922,52.890380859375,55.43681335449219,57.28929138183594
2015-03-16,2015-02-11,43.88,48.30283737182617,39.76298904418945,41.98137664794922,45.023948669433594,48.30283737182617,51.366554260253906,54.0520133972168,56.00004196166992
2015-03-17,2015-02-12,43.46,50.37668991088867,42.049346923828125,44.21022033691406,47.17414855957031,50.37668991088867,53.55030822753906,56.45786666870117,58.582679748535156
2015-03-18,2015-02-13,44.66,51.47874450683594,42.890174865722656,45.094635009765625,48.12865447998047,51.47874450683594,54.839454650878906,57.81843948364258,59.980125427246094
2015-03-19,2015-02-17,43.96,52.541847229003906,42.734954833984375,45.25502014160156,48.716468811035156,52.541847229003906,56.41703796386719,59.814231872558594,62.274658203125
2015-03-20,2015-02-18,45.72,50.95181655883789,41.21442413330078,43.73091125488281,47.1822509765625,50.95181655883789,54.74940490722656,58.14542770385742,60.61750411987305
2015-03-23,2015-02-19,47.45,50.88996505737305,40.9907112121582,43.635765075683594,47.23259735107422,50.88996505737305,54.51979064941406,57.964996337890625,60.50959014892578
2015-03-24,2015-02-20,47.51,49.81817626953125,38.9437370300293,41.85063171386719,45.800048828125,49.81817626953125,53.62104797363281,57.20988464355469,59.858978271484375
2015-03-25,2015-02-23,49.21,48.03562545776367,38.85649490356445,41.33754348754883,44.70354461669922,48.03562545776367,51.06715393066406,53.94414138793945,56.09743881225586
2015-03-26,2015-02-24,51.43,48.29854202270508,40.328514099121094,42.55364990234375,45.544498443603516,48.29854202270508,50.6661376953125,52.881072998046875,54.537132263183594
2015-03-27,2015-02-25,48.87,49.1689567565918,42.004356384277344,43.90332794189453,46.50868225097656,49.1689567565918,51.54280471801758,53.50700378417969,54.92966079711914
2015-03-30,2015-02-26,48.68,47.894527435302734,38.90384292602539,41.26912307739258,44.505836486816406,47.894527435302734,51.010032653808594,53.71186828613281,55.68361282348633
2015-03-31,2015-02-27,47.6,48.77457809448242,40.77302551269531,42.86883544921875,45.74394226074219,48.77457809448242,51.519500732421875,53.88167190551758,55.596317291259766
2015-04-01,2015-03-02,50.09,48.26374053955078,39.47792053222656,41.74494171142578,44.86863708496094,48.26374053955078,51.50666809082031,54.28279113769531,56.30929946899414
2015-04-02,2015-03-03,49.14,49.30369186401367,40.657188415527344,42.84894943237305,45.888511657714844,49.30369186401367,52.61736297607422,55.313194274902344,57.246517181396484
2015-04-06,2015-03-04,52.14,50.005470275878906,40.7656135559082,43.107662200927734,46.35145568847656,50.005470275878906,53.70930480957031,56.79411315917969,59.03316116333008
2015-04-07,2015-03-05,53.98,48.470619201660156,40.73894500732422,42.64041519165039,45.3118896484375,48.470619201660156,51.42362976074219,53.901695251464844,55.68505859375
2015-04-08,2015-03-06,50.42,48.374534606933594,41.10959243774414,42.925926208496094,45.45051574707031,48.374534606933594,51.17710876464844,53.674774169921875,55.4906120300293
2015-04-09,2015-03-09,50.79,48.986576080322266,42.279541015625,43.98675537109375,46.346195220947266,48.986576080322266,51.57453155517578,53.86150360107422,55.523048400878906
2015-04-10,2015-03-10,51.64,47.415191650390625,39.478370666503906,41.51084518432617,44.30692672729492,47.415191650390625,50.470794677734375,53.02444839477539,54.866737365722656
2015-04-13,2015-03-11,51.91,47.03766632080078,38.816654205322266,40.88818359375,43.76641845703125,47.03766632080078,50.188514709472656,52.753150939941406,54.60560989379883
2015-04-14,2015-03-12,53.29,46.175437927246094,37.80873107910156,39.909576416015625,42.827003479003906,46.175437927246094,49.43221664428711,52.117462158203125,54.060829162597656
2015-04-15,2015-03-13,56.39,42.770294189453125,32.96518325805664,35.49330520629883,38.96516418457031,42.770294189453125,46.33448028564453,49.22665786743164,51.3040771484375
2015-04-16,2015-03-16,56.71,41.27538299560547,30.951709747314453,33.617156982421875,37.26737976074219,41.27538299560547,44.99266052246094,48.07746505737305,50.30305099487305
2015-04-17,2015-03-17,55.74,40.58383560180664,30.602970123291016,33.24102783203125,36.82794952392578,40.58383560180664,43.969093322753906,46.86103820800781,48.96314239501953
2015-04-20,2015-03-18,56.38,43.0779914855957,34.36398696899414,36.70597457885742,39.87044143676758,43.0779914855957,45.951995849609375,48.365943908691406,50.10336685180664
2015-04-21,2015-03-19,55.26,42.662078857421875,34.71169662475586,36.78971481323242,39.629364013671875,42.662078857421875,45.33924102783203,47.52808380126953,49.094947814941406
2015-04-22,2015-03-20,56.16,44.491981506347656,35.475440979003906,37.81928253173828,41.01874923706055,44.491981506347656,47.81696701049805,50.6910514831543,52.76978302001953
2015-04-23,2015-03-23,57.74,46.38276290893555,38.14147186279297,40.28234100341797,43.21199035644531,46.38276290893555,49.43178176879883,52.087947845458984,54.012760162353516
2015-04-24,2015-03-24,57.15,47.10614776611328,37.8969612121582,40.26570129394531,43.512794494628906,47.10614776611328,50.632774353027344,53.77090072631836,56.0597038269043
2015-04-27,2015-03-25,56.99,48.66853332519531,39.24932098388672,41.639617919921875,44.93815231323242,48.66853332519531,52.310523986816406,55.523536682128906,57.86444854736328
2015-04-28,2015-03-26,57.06,51.120765686035156,40.729251861572266,43.362091064453125,46.98802185058594,51.120765686035156,55.273681640625,58.95640563964844,61.65080642700195
2015-04-29,2015-03-27,58.58,47.743350982666016,38.8110466003418,41.03913116455078,44.137229919433594,47.743350982666016,51.2061882019043,54.332977294921875,56.60893249511719
2015-04-30,2015-03-30,59.63,47.84068298339844,39.32737350463867,41.461387634277344,44.41362762451172,47.84068298339844,51.341224670410156,54.45738220214844,56.715728759765625
2015-05-01,2015-03-31,59.15,46.31236267089844,38.480525970458984,40.45731735229492,43.188499450683594,46.31236267089844,49.56134033203125,52.380653381347656,54.410011291503906
2015-05-04,2015-04-01,58.93,48.22309112548828,40.26397705078125,42.23903274536133,44.983028411865234,48.22309112548828,51.584571838378906,54.47952651977539,56.56062698364258
2015-05-05,2015-04-02,60.4,47.509498596191406,39.14789962768555,41.253990173339844,44.175445556640625,47.509498596191406,50.84552764892578,53.690277099609375,55.72935485839844
2015-05-06,2015-04-06,60.93,51.23271560668945,41.1978874206543,43.718345642089844,47.211063385009766,51.23271560668945,55.504608154296875,59.235084533691406,61.92445373535156
2015-05-07,2015-04-07,58.94,54.124237060546875,42.69000244140625,45.53403854370117,49.47979736328125,54.124237060546875,59.21965026855469,63.653350830078125,66.84068298339844
2015-05-08,2015-04-08,59.39,50.84230422973633,40.35892105102539,42.987300872802734,46.625789642333984,50.84230422973633,55.21415710449219,58.79987335205078,61.33330154418945
2015-05-11,2015-04-09,59.25,50.35184097290039,40.776695251464844,43.243167877197266,46.63352966308594,50.35184097290039,54.021202087402344,57.10963439941406,59.300174713134766
2015-05-12,2015-04-10,60.75,50.892269134521484,41.564178466796875,44.056758880615234,47.43571090698242,50.892269134521484,54.243141174316406,57.08612823486328,59.11264419555664
2015-05-13,2015-04-13,60.5,50.675567626953125,42.811981201171875,44.850826263427734,47.65399932861328,50.675567626953125,53.67930221557617,56.10279083251953,57.81895065307617
2015-05-14,2015-04-14,59.88,51.99654769897461,42.245914459228516,44.74802780151367,48.19163513183594,51.99654769897461,55.98405456542969,59.35978698730469,61.78013610839844
2015-05-15,2015-04-15,59.69,55.19213104248047,44.692230224609375,47.27219772338867,50.877464294433594,55.19213104248047,59.977535247802734,64.10200500488281,67.07557678222656
2015-05-18,2015-04-16,59.43,57.56819152832031,46.00833511352539,48.81602478027344,52.7515869140625,57.56819152832031,62.972198486328125,67.60317993164062,70.94012451171875
2015-05-19,2015-04-17,57.26,56.5438346862793,45.85315704345703,48.475799560546875,52.143104553222656,56.5438346862793,61.09765625,64.80619049072266,67.4488754272461
2015-05-20,2015-04-20,58.98,57.40129089355469,46.38236999511719,49.09068298339844,52.87491226196289,57.40129089355469,62.129966735839844,66.09566497802734,68.93766784667969
2015-05-21,2015-04-21,60.72,56.256065368652344,46.689552307128906,49.020103454589844,52.29829406738281,56.256065368652344,60.28038787841797,63.65745544433594,66.07814025878906
2015-05-22,2015-04-22,59.72,56.45559310913086,46.48551559448242,48.902069091796875,52.30488586425781,56.45559310913086,60.85749053955078,64.69989013671875,67.47576141357422
2015-05-26,2015-04-23,58.03,56.88938903808594,48.3743782043457,50.40745162963867,53.288902282714844,56.88938903808594,60.85148620605469,64.33538818359375,66.85022735595703
2015-05-27,2015-04-24,57.51,57.18516540527344,48.266273498535156,50.38851547241211,53.39797592163086,57.18516540527344,61.31061553955078,64.87775421142578,67.45193481445312
2015-05-28,2015-04-27,57.68,57.26128387451172,48.28866195678711,50.44342803955078,53.491050720214844,57.26128387451172,61.234031677246094,64.70584106445312,67.2201919555664
2015-05-29,2015-04-28,60.3,58.16017150878906,47.34576416015625,50.01930236816406,53.76004409790039,58.16017150878906,62.721656799316406,66.80248260498047,69.76802062988281
2015-06-01,2015-04-29,60.2,59.2596321105957,47.33433532714844,50.311283111572266,54.46168518066406,59.2596321105957,64.15565490722656,68.53668212890625,71.71041870117188
2015-06-02,2015-04-30,61.26,60.479820251464844,50.004249572753906,52.6105842590332,56.24569320678711,60.479820251464844,64.92396545410156,68.83953857421875,71.66364288330078
2015-06-03,2015-05-01,59.64,59.90233612060547,50.73436737060547,53.05228805541992,56.263404846191406,59.90233612060547,63.61481857299805,66.82616424560547,69.13592529296875
2015-06-04,2015-05-04,58.0,59.72517013549805,50.45515060424805,52.84843826293945,56.13282012939453,59.72517013549805,63.31532287597656,66.39132690429688,68.59629821777344
2015-06-05,2015-05-05,59.13,61.029449462890625,53.449798583984375,55.34537124633789,57.97842025756836,61.029449462890625,64.265380859375,67.01461791992188,68.98255920410156
2015-06-08,2015-05-06,58.14,61.83907699584961,52.50453186035156,54.891658782958984,58.168827056884766,61.83907699584961,65.72118377685547,69.07691955566406,71.48788452148438
2015-06-09,2015-05-07,60.14,60.45647430419922,49.429176330566406,52.238525390625,56.105010986328125,60.45647430419922,64.90706634521484,68.64884185791016,71.33041381835938
2015-06-10,2015-05-08,61.43,61.38397979736328,49.4295768737793,52.482276916503906,56.683868408203125,61.38397979736328,66.19645690917969,70.43698120117188,73.50466918945312
2015-06-11,2015-05-11,60.77,62.931602478027344,52.869415283203125,55.44465637207031,58.99169921875,62.931602478027344,66.88485717773438,70.32156372070312,72.80845642089844
2015-06-12,2015-05-12,59.96,64.82769012451172,55.17211151123047,57.611534118652344,60.98868179321289,64.82769012451172,68.6767578125,72.05703735351562,74.51341247558594
2015-06-15,2015-05-13,59.52,64.54846954345703,56.050872802734375,58.14955520629883,61.088871002197266,64.54846954345703,68.01868438720703,71.14395141601562,73.44235229492188
2015-06-16,2015-05-14,59.97,62.872108459472656,53.25263977050781,55.64115524291992,58.97872543334961,62.872108459472656,66.7616958618164,70.22647094726562,72.77565002441406
2015-06-17,2015-05-15,59.92,61.63984680175781,52.921600341796875,55.067359924316406,58.07548522949219,61.63984680175781,65.29951477050781,68.5649642944336,70.96408081054688
2015-06-18,2015-05-18,60.45,61.59739303588867,52.9102783203125,55.0499267578125,58.04331970214844,61.59739303588867,65.30389404296875,68.62569427490234,71.06285095214844
2015-06-19,2015-05-19,59.61,59.93998718261719,50.18070983886719,52.59100341796875,55.962066650390625,59.93998718261719,64.02896118164062,67.52169036865234,70.05154418945312
2015-06-22,2015-05-20,59.68,61.26373291015625,50.805030822753906,53.43834686279297,57.09495544433594,61.26373291015625,65.45521545410156,69.08032989501953,71.71601104736328
2015-06-23,2015-05-21,61.01,60.66981506347656,49.55885314941406,52.42510986328125,56.3578987121582,60.66981506347656,64.95999145507812,68.7825698852539,71.56851196289062
2015-06-24,2015-05-22,60.27,60.22984313964844,50.097965240478516,52.69805908203125,56.277923583984375,60.22984313964844,64.12726593017578,67.39631652832031,69.74784851074219
2015-06-25,2015-05-26,59.7,58.98609924316406,48.57996368408203,51.27074432373047,54.96333694458008,58.98609924316406,62.868804931640625,66.11720275878906,68.4557113647461
2015-06-26,2015-05-27,59.63,57.49101257324219,47.67625045776367,50.250003814697266,53.76027297973633,57.49101257324219,61.1025390625,64.20564270019531,66.44534301757812
2015-06-29,2015-05-28,58.33,57.27931213378906,49.05436325073242,51.166015625,54.06944274902344,57.27931213378906,60.45976638793945,63.13441848754883,65.05638885498047
2015-06-30,2015-05-29,59.47,59.88789367675781,50.57316589355469,52.974449157714844,56.26544189453125,59.88789367675781,63.389381408691406,66.45143127441406,68.67667388916016
2015-07-01,2015-06-01,56.96,60.40782928466797,49.806793212890625,52.584991455078125,56.37211227416992,60.40782928466797,64.43772888183594,68.07855224609375,70.7392807006836
2015-07-02,2015-06-02,56.93,62.61432647705078,51.325767517089844,54.283905029296875,58.30912780761719,62.61432647705078,66.95298767089844,71.01554870605469,74.01749420166016
2015-07-06,2015-06-03,52.53,61.29467010498047,51.660194396972656,54.158687591552734,57.571014404296875,61.29467010498047,64.9815902709961,68.25408935546875,70.64842987060547
2015-07-07,2015-06-04,52.33,60.316253662109375,50.21318435668945,52.85575485229492,56.46836853027344,60.316253662109375,63.96025085449219,67.06914520263672,69.32301330566406
2015-07-08,2015-06-05,51.65,62.38519287109375,54.220298767089844,56.3067626953125,59.19766616821289,62.38519287109375,65.34720611572266,67.98827362060547,69.93826293945312
2015-07-09,2015-06-08,52.78,61.41050720214844,52.59628677368164,54.824974060058594,57.93147659301758,61.41050720214844,64.72897338867188,67.66989135742188,69.83890533447266
2015-07-10,2015-06-09,52.74,61.9696044921875,53.831260681152344,55.84341049194336,58.66189956665039,61.9696044921875,65.31243896484375,68.2885513305664,70.48383331298828
2015-07-13,2015-06-10,52.2,62.84139633178711,55.0871467590332,57.00630187988281,59.68128204345703,62.84139633178711,66.21966552734375,69.25050354003906,71.48584747314453
2015-07-14,2015-06-11,53.04,62.49639129638672,54.31953048706055,56.328529357910156,59.13646697998047,62.49639129638672,66.09214782714844,69.32707214355469,71.71311950683594
2015-07-15,2015-06-12,51.41,61.445579528808594,52.33135223388672,54.635196685791016,57.83260726928711,61.445579528808594,65.15373992919922,68.60285949707031,71.15907287597656
2015-07-16,2015-06-15,50.91,60.068336486816406,51.22405242919922,53.530826568603516,56.70963668823242,60.068336486816406,63.39414596557617,66.69949340820312,69.17723846435547
2015-07-17,2015-06-16,50.89,61.01190185546875,52.798187255859375,54.88904571533203,57.794105529785156,61.01190185546875,64.27571105957031,67.37518310546875,69.67974853515625
2015-07-20,2015-06-17,50.15,60.64697265625,52.32437515258789,54.44324493408203,57.37977600097656,60.64697265625,64.0029525756836,67.17544555664062,69.53211975097656
2015-07-21,2015-06-18,50.36,60.114898681640625,52.249752044677734,54.31797790527344,57.154518127441406,60.114898681640625,63.0390625,65.9093246459961,68.05241394042969
2015-07-22,2015-06-19,49.19,59.21454620361328,52.069610595703125,53.928916931152344,56.487632751464844,59.21454620361328,61.879669189453125,64.4224853515625,66.31871795654297
2015-07-23,2015-06-22,48.45,60.39075469970703,51.371437072753906,53.78656768798828,57.083648681640625,60.39075469970703,63.38256072998047,66.2962875366211,68.48075866699219
2015-07-24,2015-06-23,48.14,61.085540771484375,51.57676315307617,54.13948059082031,57.62552261352539,61.085540771484375,64.36927795410156,67.6087646484375,70.03176879882812
2015-07-27,2015-06-24,47.39,61.37913513183594,51.07140350341797,53.895286560058594,57.717445373535156,61.37913513183594,64.85771179199219,68.35882568359375,70.99433898925781
2015-07-28,2015-06-25,47.98,59.6607780456543,50.540077209472656,52.89395523071289,56.14437484741211,59.6607780456543,63.01874923706055,66.1171875,68.40896606445312
2015-07-29,2015-06-26,48.79,59.68742370605469,50.38508224487305,52.78834915161133,56.123226165771484,59.68742370605469,62.96175765991211,65.94692993164062,68.1457748413086
2015-07-30,2015-06-29,48.52,60.06653594970703,51.616294860839844,53.74922180175781,56.729129791259766,60.06653594970703,63.12157440185547,65.81655883789062,67.80858612060547
2015-07-31,2015-06-30,47.12,60.35981750488281,51.78546142578125,53.89825439453125,56.87959289550781,60.35981750488281,63.65867233276367,66.69114685058594,68.9499740600586
2015-08-03,2015-07-01,45.17,56.804344177246094,48.863746643066406,50.786773681640625,53.50736999511719,56.804344177246094,60.15733337402344,63.127540588378906,65.31880187988281
2015-08-04,2015-07-02,45.74,56.16989517211914,48.45926284790039,50.3544921875,53.014068603515625,56.16989517211914,59.50654220581055,62.500465393066406,64.71351623535156
2015-08-05,2015-07-06,45.15,50.97985076904297,41.51106262207031,43.85193634033203,47.12525939941406,50.97985076904297,54.92227554321289,58.37116241455078,60.90528106689453
2015-08-06,2015-07-07,44.66,50.230831146240234,38.39435958862305,41.413414001464844,45.5714111328125,50.230831146240234,54.70872116088867,58.570091247558594,61.38972473144531
2015-08-07,2015-07-08,43.87,47.31745910644531,34.88297653198242,38.119049072265625,42.53895568847656,47.31745910644531,51.894989013671875,55.860008239746094,58.74358367919922
2015-08-10,2015-07-09,44.96,50.72257995605469,38.787479400634766,41.89467239379883,46.124637603759766,50.72257995605469,55.29145431518555,59.368431091308594,62.36056900024414
2015-08-11,2015-07-10,43.08,49.57545852661133,38.639366149902344,41.46554946899414,45.32246780395508,49.57545852661133,53.843788146972656,57.723228454589844,60.5776252746582
2015-08-12,2015-07-13,43.3,49.050048828125,38.90044021606445,41.55352783203125,45.16584396362305,49.050048828125,52.73469161987305,56.04474639892578,58.47965621948242
2015-08-13,2015-07-14,42.23,50.346839904785156,41.906517028808594,44.085540771484375,47.06172561645508,50.346839904785156,53.49482345581055,56.45372772216797,58.654029846191406
2015-08-14,2015-07-15,42.5,50.184165954589844,39.756324768066406,42.46556854248047,46.16009521484375,50.184165954589844,54.09143829345703,57.72112274169922,60.40726089477539
2015-08-17,2015-07-16,41.87,48.97275924682617,37.77591323852539,40.69290542602539,44.67172622680664,48.97275924682617,53.1771125793457,57.1337890625,60.06800079345703
2015-08-18,2015-07-17,42.62,48.8402214050293,37.657405853271484,40.553810119628906,44.517791748046875,48.8402214050293,53.123905181884766,57.12987518310547,60.099815368652344
2015-08-19,2015-07-20,40.8,47.198516845703125,37.00869369506836,39.587032318115234,43.14906311035156,47.198516845703125,51.15040588378906,54.63538360595703,57.19673538208008
2015-08-20,2015-07-21,41.14,48.1682243347168,37.67747116088867,40.352813720703125,44.03705978393555,48.1682243347168,52.277748107910156,56.059059143066406,58.86341857910156
2015-08-21,2015-07-22,40.45,48.552268981933594,38.11778259277344,40.79464340209961,44.469966888427734,48.552268981933594,52.55371856689453,56.14802169799805,58.80168533325195
2015-08-24,2015-07-23,38.24,46.877750396728516,36.792381286621094,39.344974517822266,42.8604736328125,46.877750396728516,50.97726058959961,54.659095764160156,57.37550735473633
2015-08-25,2015-07-24,39.31,45.14381790161133,36.173309326171875,38.45062255859375,41.58696365356445,45.14381790161133,48.886329650878906,52.24999237060547,54.72150421142578
2015-08-26,2015-07-27,38.6,43.917144775390625,35.67607116699219,37.775238037109375,40.67388153076172,43.917144775390625,47.31808853149414,50.34138107299805,52.55328369140625
2015-08-27,2015-07-28,42.56,45.019996643066406,36.46379852294922,38.630985260009766,41.61769104003906,45.019996643066406,48.580257415771484,51.83045196533203,54.227481842041016
2015-08-28,2015-07-29,45.22,45.85957717895508,35.87868881225586,38.409725189208984,41.8931884765625,45.85957717895508,49.823455810546875,53.519622802734375,56.26264953613281
2015-08-31,2015-07-30,49.2,45.254703521728516,35.571861267089844,38.07316589355469,41.498741149902344,45.254703521728516,49.11995315551758,52.8938102722168,55.725685119628906
2015-09-01,2015-07-31,45.41,43.95314025878906,33.571712493896484,36.245208740234375,39.904544830322266,43.95314025878906,48.094017028808594,51.99513244628906,54.8896598815918
2015-09-02,2015-08-03,46.25,41.539180755615234,31.093734741210938,33.76708221435547,37.4404411315918,41.539180755615234,45.597755432128906,49.283573150634766,51.9936637878418
2015-09-03,2015-08-04,46.75,41.797672271728516,32.02253723144531,34.55081558227539,38.01103210449219,41.797672271728516,45.49921417236328,48.84841537475586,51.31354522705078
2015-09-04,2015-08-05,46.05,41.57319641113281,33.3765983581543,35.488460540771484,38.38251495361328,41.57319641113281,44.64093780517578,47.45207214355469,49.5405158996582
2015-09-08,2015-08-06,45.94,41.507354736328125,31.711803436279297,34.2389030456543,37.698585510253906,41.507354736328125,45.161094665527344,48.50535583496094,50.99013900756836
2015-09-09,2015-08-07,44.15,39.90111541748047,29.45516586303711,32.15837097167969,35.85796356201172,39.90111541748047,43.72633361816406,47.23855972290039,49.854549407958984
2015-09-10,2015-08-10,45.92,41.00410461425781,31.628604888916016,34.04020309448242,37.33540344238281,41.00410461425781,44.59260177612305,47.90980911254883,50.38993453979492
2015-09-11,2015-08-11,44.63,38.55765151977539,29.664222717285156,31.932559967041016,35.04554748535156,38.55765151977539,41.998775482177734,45.084346771240234,47.382843017578125
2015-09-14,2015-08-12,44.0,38.06778335571289,28.352149963378906,30.81943130493164,34.212337493896484,38.06778335571289,41.81035232543945,45.19573974609375,47.71059799194336
2015-09-15,2015-08-13,44.59,39.385772705078125,29.01136016845703,31.65680694580078,35.29521179199219,39.385772705078125,43.319610595703125,46.907020568847656,49.56315612792969
2015-09-16,2015-08-14,47.15,38.12233352661133,29.14478302001953,31.423320770263672,34.55989074707031,38.12233352661133,41.64636993408203,44.948387145996094,47.40816116333008
2015-09-17,2015-08-17,46.9,37.617000579833984,29.766616821289062,31.7755126953125,34.53553009033203,37.617000579833984,40.809539794921875,43.74983596801758,45.931602478027344
2015-09-18,2015-08-18,44.68,38.74629211425781,31.281883239746094,33.212547302246094,35.86332321166992,38.74629211425781,41.77336120605469,44.548866271972656,46.61708450317383
2015-09-21,2015-08-19,46.68,37.04109191894531,29.185100555419922,31.21149444580078,33.99677276611328,37.04109191894531,40.17820739746094,43.072181701660156,45.2332649230957
2015-09-22,2015-08-20,45.83,36.566741943359375,27.187702178955078,29.59868621826172,32.91033172607422,36.566741943359375,40.14216232299805,43.389259338378906,45.79741668701172
2015-09-23,2015-08-21,44.48,34.990238189697266,25.872196197509766,28.249168395996094,31.502689361572266,34.990238189697266,38.427764892578125,41.658203125,44.072818756103516
2015-09-24,2015-08-24,44.91,33.33407211303711,22.943115234375,25.595600128173828,29.243106842041016,33.33407211303711,37.28810501098633,40.902687072753906,43.583038330078125
2015-09-25,2015-08-25,45.7,33.81904983520508,24.282684326171875,26.72738265991211,30.07991600036621,33.81904983520508,37.53645324707031,41.09857177734375,43.75817108154297
2015-09-28,2015-08-26,44.43,31.87725067138672,22.710186004638672,25.069671630859375,28.305198669433594,31.87725067138672,35.19149398803711,38.1395263671875,40.33116149902344
2015-09-29,2015-08-27,45.23,37.701847076416016,28.925498962402344,31.14020538330078,34.18623352050781,37.701847076416016,40.988155364990234,43.8762092590332,46.041378021240234
2015-09-30,2015-08-28,45.09,43.604576110839844,32.85808181762695,35.56734085083008,39.28710174560547,43.604576110839844,47.862457275390625,51.72791290283203,54.606632232666016
2015-10-01,2015-08-31,44.74,50.99574661254883,36.56437683105469,40.19677734375,45.18073272705078,50.99574661254883,57.33415603637695,63.487831115722656,68.04529571533203
2015-10-02,2015-09-01,45.54,43.7408561706543,31.529003143310547,34.64897537231445,38.92106628417969,43.7408561706543,48.613365173339844,53.05632400512695,56.339317321777344
2015-10-05,2015-09-02,46.26,43.50218963623047,33.36994552612305,35.87761306762695,39.35029602050781,43.50218963623047,47.69761657714844,51.352928161621094,54.053367614746094
2015-10-06,2015-09-03,48.53,44.80989456176758,33.423805236816406,36.31012725830078,40.276268005371094,44.80989456176758,49.25587463378906,53.067378997802734,55.866920471191406
2015-10-07,2015-09-04,47.81,45.898231506347656,34.93571090698242,37.75017547607422,41.60564422607422,45.898231506347656,50.12445831298828,53.92498779296875,56.7229118347168
2015-10-08,2015-09-08,49.43,43.654884338378906,32.95795822143555,35.68548583984375,39.426719665527344,43.654884338378906,47.808929443359375,51.56431579589844,54.332855224609375
2015-10-09,2015-09-09,49.63,40.611820220947266,31.188644409179688,33.545589447021484,36.793052673339844,40.611820220947266,44.46366500854492,47.9093017578125,50.436126708984375
2015-10-12,2015-09-10,47.1,42.64649200439453,33.665611267089844,35.88273620605469,38.95356750488281,42.64649200439453,46.47876739501953,49.88841247558594,52.40022659301758
2015-10-13,2015-09-11,46.66,41.45368194580078,31.963233947753906,34.315345764160156,37.56819534301758,41.45368194580078,45.54263687133789,49.255489349365234,51.976219177246094
2015-10-14,2015-09-14,46.64,42.46857452392578,30.568660736083984,33.618675231933594,37.79728317260742,42.46857452392578,47.264129638671875,51.907440185546875,55.347007751464844
2015-10-15,2015-09-15,46.38,43.251548767089844,30.55487823486328,33.920223236083984,38.48263168334961,43.251548767089844,48.07493591308594,53.14369583129883,56.966651916503906
2015-10-16,2015-09-16,47.26,47.40143966674805,34.960174560546875,38.24901580810547,42.702369689941406,47.40143966674805,52.257755279541016,57.49955749511719,61.46698760986328
2015-10-19,2015-09-17,45.89,47.0098762512207,34.57958984375,37.924373626708984,42.42020034790039,47.0098762512207,51.592742919921875,56.58842086791992,60.38243103027344
2015-10-20,2015-09-18,45.55,44.29457092285156,32.882789611816406,35.957698822021484,40.083961486816406,44.29457092285156,48.315494537353516,52.50281524658203,55.660552978515625
2015-10-21,2015-09-21,45.2,44.867279052734375,35.01560592651367,37.618934631347656,41.149662017822266,44.867279052734375,48.29697799682617,51.42522430419922,53.74481201171875
2015-10-22,2015-09-22,45.38,43.95071029663086,33.0921516418457,36.00325393676758,39.942901611328125,43.95071029663086,47.611820220947266,50.91745376586914,53.37856674194336
2015-10-23,2015-09-23,44.6,44.05198669433594,31.75619888305664,35.09389114379883,39.590721130371094,44.05198669433594,48.1994743347168,52.17601776123047,55.157752990722656
2015-10-26,2015-09-24,43.98,42.66910171508789,29.920806884765625,33.32584762573242,37.94770812988281,42.66910171508789,46.906982421875,50.58367919921875,53.286590576171875
2015-10-27,2015-09-25,43.2,41.33534240722656,30.515033721923828,33.258853912353516,37.0515022277832,41.33534240722656,45.0625,48.05656051635742,50.24129867553711
2015-10-28,2015-09-28,45.94,39.80816650390625,28.334613800048828,31.266273498535156,35.30101013183594,39.80816650390625,43.73831558227539,46.815338134765625,49.03836441040039
2015-10-29,2015-09-29,46.06,43.738563537597656,33.82920455932617,36.37974166870117,39.87742233276367,43.738563537597656,47.31694793701172,50.51786804199219,52.88219451904297
2015-10-30,2015-09-30,46.59,41.243534088134766,31.321979522705078,33.822566986083984,37.279640197753906,41.243534088134766,44.81404113769531,47.830291748046875,50.037933349609375
2015-11-02,2015-10-01,46.14,37.548667907714844,27.98326873779297,30.330333709716797,33.60215759277344,37.548667907714844,41.04583740234375,43.83416748046875,45.85419845581055
2015-11-03,2015-10-02,47.9,37.47856903076172,28.226898193359375,30.480438232421875,33.630985260009766,37.47856903076172,40.91383361816406,43.703697204589844,45.748687744140625
2015-11-04,2015-10-05,46.32,39.93340301513672,29.96410369873047,32.42157745361328,35.84056854248047,39.93340301513672,43.67643356323242,46.72903060913086,48.96128845214844
2015-11-05,2015-10-06,45.2,48.56108093261719,36.61442947387695,39.70903778076172,43.93199157714844,48.56108093261719,53.300537109375,57.941070556640625,61.41286087036133
2015-11-06,2015-10-07,44.29,48.25607681274414,36.305843353271484,39.4372444152832,43.69220733642578,48.25607681274414,53.01460647583008,58.168922424316406,62.10023498535156
2015-11-09,2015-10-08,43.87,50.64857482910156,39.367462158203125,42.25428009033203,46.211238861083984,50.64857482910156,55.39851760864258,60.40289306640625,64.1949691772461
2015-11-10,2015-10-09,44.21,51.30534362792969,39.8541259765625,42.81909942626953,46.86433410644531,51.30534362792969,55.950279235839844,60.72465515136719,64.3116226196289
2015-11-11,2015-10-12,42.93,47.726043701171875,37.43128967285156,40.10733413696289,43.75843811035156,47.726043701171875,51.744049072265625,55.791839599609375,58.818241119384766
2015-11-12,2015-10-13,41.75,46.32361602783203,36.78935623168945,39.28388977050781,42.694122314453125,46.32361602783203,49.70934295654297,52.621063232421875,54.73651123046875
2015-11-13,2015-10-14,40.74,46.11652755737305,35.39802551269531,38.2535514831543,42.137203216552734,46.11652755737305,49.79408645629883,52.957942962646484,55.26801300048828
2015-11-16,2015-10-15,41.74,46.747161865234375,35.54948425292969,38.57605743408203,42.65765380859375,46.747161865234375,50.67670822143555,54.392433166503906,57.157440185546875
2015-11-17,2015-10-16,40.67,46.820526123046875,34.54608917236328,37.83433151245117,42.279911041259766,46.820526123046875,51.09359359741211,54.720855712890625,57.354759216308594
2015-11-18,2015-10-19,40.75,43.97673034667969,33.788604736328125,36.3998908996582,39.99424743652344,43.97673034667969,47.5693244934082,50.39627456665039,52.40679168701172
2015-11-19,2015-10-20,40.54,42.8433723449707,31.755691528320312,34.63542938232422,38.57489776611328,42.8433723449707,46.61982727050781,49.467445373535156,51.46329116821289
2015-11-20,2015-10-21,40.39,44.02906799316406,34.36948013305664,36.87702941894531,40.30643844604492,44.02906799316406,47.44821548461914,50.296356201171875,52.34281921386719
2015-11-23,2015-10-22,41.75,42.985816955566406,33.6751594543457,36.05565643310547,39.33406448364258,42.985816955566406,46.25428771972656,48.84899139404297,50.6954460144043
2015-11-24,2015-10-23,42.87,39.76668167114258,30.46234130859375,32.81608963012695,36.07091522216797,39.76668167114258,43.0001220703125,45.50630187988281,47.28567886352539
2015-11-25,2015-10-26,43.04,37.12246322631836,27.895893096923828,30.213001251220703,33.425987243652344,37.12246322631836,40.36054611206055,42.82244873046875,44.56479263305664
2015-11-27,2015-10-27,41.71,36.62478256225586,27.083744049072266,29.476486206054688,32.79363250732422,36.62478256225586,40.00294494628906,42.5963134765625,44.4375114440918
2015-11-30,2015-10-28,41.65,44.269405364990234,32.62929153442383,35.66269302368164,39.799705505371094,44.269405364990234,48.49998092651367,52.29546356201172,55.09376525878906
2015-12-01,2015-10-29,41.85,45.54960632324219,34.206180572509766,37.21269226074219,41.28737258911133,45.54960632324219,49.778594970703125,54.070884704589844,57.32100296020508
2015-12-02,2015-10-30,39.94,47.06690216064453,36.730045318603516,39.434608459472656,43.11097717285156,47.06690216064453,51.105262756347656,55.30706024169922,58.5023078918457
2015-12-03,2015-11-02,41.08,46.780914306640625,36.7022590637207,39.343894958496094,42.933048248291016,46.780914306640625,50.67881393432617,54.6434326171875,57.629478454589844
2015-12-04,2015-11-03,39.97,48.88024139404297,40.21942138671875,42.390655517578125,45.391151428222656,48.88024139404297,52.624610900878906,56.41210174560547,59.24917221069336
2015-12-07,2015-11-04,37.65,46.33290100097656,38.38319396972656,40.41695785522461,43.21589279174805,46.33290100097656,49.40461349487305,52.239776611328125,54.32893371582031
2015-12-08,2015-11-05,37.51,44.97025680541992,36.26752471923828,38.5101318359375,41.6012077331543,44.97025680541992,48.131103515625,50.938514709472656,52.996070861816406
2015-12-09,2015-11-06,37.16,44.021331787109375,34.70005416870117,37.178958892822266,40.56064224243164,44.021331787109375,47.31795883178711,50.39665222167969,52.67742919921875
2015-12-10,2015-11-09,36.76,42.954044342041016,33.17384338378906,35.75619888305664,39.291770935058594,42.954044342041016,46.30999755859375,49.20735549926758,51.31505584716797
2015-12-11,2015-11-10,35.62,43.630340576171875,35.23012924194336,37.396331787109375,40.38874053955078,43.630340576171875,46.61357498168945,49.22779846191406,51.13810729980469
2015-12-14,2015-11-11,36.31,41.12442398071289,31.12041473388672,33.706024169921875,37.262237548828125,41.12442398071289,44.60131072998047,47.497589111328125,49.58971405029297
2015-12-15,2015-11-12,37.35,40.41748046875,31.12649154663086,33.519309997558594,36.807857513427734,40.41748046875,43.71332550048828,46.500267028808594,48.52664566040039
2015-12-16,2015-11-13,35.52,38.411277770996094,29.126354217529297,31.516460418701172,34.79541778564453,38.411277770996094,41.617584228515625,44.1879768371582,46.027435302734375
2015-12-17,2015-11-16,34.95,40.26804733276367,32.88086700439453,34.76349639892578,37.35710906982422,40.26804733276367,42.91973876953125,45.045223236083984,46.565330505371094
2015-12-18,2015-11-17,34.73,37.59395217895508,29.70616912841797,31.691673278808594,34.43486785888672,37.59395217895508,40.490455627441406,42.757423400878906,44.365543365478516
2015-12-21,2015-11-18,34.74,36.818084716796875,28.457862854003906,30.55343246459961,33.45067596435547,36.818084716796875,39.88313674926758,42.327857971191406,44.07204055786133
2015-12-22,2015-11-19,36.14,37.89567184448242,27.84588623046875,30.438335418701172,33.977943420410156,37.89567184448242,41.620479583740234,44.96635437011719,47.42716979980469
2015-12-23,2015-11-20,37.5,38.14408493041992,28.40151596069336,30.951244354248047,34.417510986328125,38.14408493041992,41.706138610839844,45.232696533203125,47.884613037109375
2015-12-24,2015-11-23,38.1,40.590476989746094,30.754291534423828,33.29752731323242,36.75934600830078,40.590476989746094,44.383583068847656,48.189857482910156,51.05892562866211
2015-12-28,2015-11-24,36.81,42.543006896972656,33.03770065307617,35.46072769165039,38.78038787841797,42.543006896972656,46.478302001953125,50.65294647216797,53.83124923706055
2015-12-29,2015-11-25,37.87,43.030113220214844,34.897701263427734,36.96120834350586,39.79719543457031,43.030113220214844,46.414154052734375,50.049232482910156,52.82268524169922
2015-12-30,2015-11-27,36.6,41.149627685546875,33.47418975830078,35.454856872558594,38.1617546081543,41.149627685546875,44.05881881713867,46.92292785644531,49.06714630126953
2015-12-31,2015-11-30,37.04,40.8524284362793,32.86717987060547,34.93135452270508,37.75714111328125,40.8524284362793,43.85782241821289,46.76385498046875,48.93089294433594
2016-01-04,2015-12-01,36.76,40.96367645263672,32.45121765136719,34.690155029296875,37.744232177734375,40.96367645263672,44.137542724609375,47.23772430419922,49.552947998046875
2016-01-05,2015-12-02,35.97,38.78129959106445,29.758468627929688,32.11876678466797,35.345619201660156,38.78129959106445,41.959251403808594,44.68212127685547,46.65900421142578
2016-01-06,2015-12-03,33.97,40.67496871948242,33.45925521850586,35.30604934692383,37.85582733154297,40.67496871948242,43.41802215576172,45.87489318847656,47.673553466796875
2016-01-07,2015-12-04,33.27,39.051273345947266,31.067237854003906,33.12472915649414,35.95057678222656,39.051273345947266,42.08595275878906,44.936058044433594,47.047725677490234
2016-01-08,2015-12-07,33.16,36.65932083129883,27.61193084716797,29.933948516845703,33.11516571044922,36.65932083129883,40.022605895996094,42.92622756958008,45.036434173583984
2016-01-11,2015-12-08,31.41,35.62788391113281,27.16653060913086,29.34488296508789,32.32178497314453,35.62788391113281,38.762001037597656,41.48597717285156,43.466148376464844
2016-01-12,2015-12-09,30.44,35.608402252197266,28.55406951904297,30.36154556274414,32.84186553955078,35.608402252197266,38.23487091064453,40.458003997802734,42.06396484375
2016-01-13,2015-12-10,30.48,34.20235824584961,27.07219696044922,28.855587005615234,31.326457977294922,34.20235824584961,36.89341354370117,39.19926452636719,40.875125885009766
2016-01-14,2015-12-11,31.2,32.179954528808594,24.288772583007812,26.245174407958984,28.96562957763672,32.179954528808594,35.065277099609375,37.4727668762207,39.21562194824219
2016-01-15,2015-12-14,29.42,33.09646987915039,24.05147933959961,26.319454193115234,29.455177307128906,33.09646987915039,36.50225830078125,39.561336517333984,41.81891632080078
2016-01-19,2015-12-15,28.46,34.876068115234375,26.041030883789062,28.282657623291016,31.36686134338379,34.876068115234375,38.27056884765625,41.66679763793945,44.227333068847656
2016-01-20,2015-12-16,26.55,32.816680908203125,22.86709976196289,25.397838592529297,28.869400024414062,32.816680908203125,36.580753326416016,40.252906799316406,43.003578186035156
2016-01-21,2015-12-17,29.53,31.74637222290039,22.485008239746094,24.856590270996094,28.10552215576172,31.74637222290039,35.17662048339844,38.6637077331543,41.29672622680664
2016-01-22,2015-12-18,32.19,32.05125045776367,24.04568862915039,26.104022979736328,28.92095184326172,32.05125045776367,35.003746032714844,38.11494827270508,40.47611618041992
2016-01-25,2015-12-21,30.34,32.23490524291992,24.53874969482422,26.501907348632812,29.19146156311035,32.23490524291992,35.18163299560547,38.08981704711914,40.26103210449219
2016-01-26,2015-12-22,31.45,33.837158203125,25.547740936279297,27.676090240478516,30.58260154724121,33.837158203125,37.058250427246094,40.235084533691406,42.609317779541016
2016-01-27,2015-12-23,32.3,35.59318542480469,26.957298278808594,29.17757797241211,32.21260452270508,35.59318542480469,38.99555587768555,42.364410400390625,44.89265441894531
2016-01-28,2015-12-24,33.22,36.79709243774414,28.462337493896484,30.592418670654297,33.51313400268555,36.79709243774414,40.09807586669922,43.222076416015625,45.54246520996094
2016-01-29,2015-12-28,33.62,35.99667739868164,28.79183578491211,30.625385284423828,33.1459846496582,35.99667739868164,38.891334533691406,41.545135498046875,43.49995422363281
2016-02-01,2015-12-29,31.62,37.20341873168945,29.276683807373047,31.281314849853516,34.04374694824219,37.20341873168945,40.527183532714844,43.76079559326172,46.16505813598633
2016-02-02,2015-12-30,29.88,35.7308464050293,27.443614959716797,29.543582916259766,32.43824768066406,35.7308464050293,39.090187072753906,42.16145324707031,44.4091796875
2016-02-03,2015-12-31,32.28,35.94720458984375,28.1494140625,30.108657836914062,32.82073974609375,35.94720458984375,39.165740966796875,42.04829406738281,44.13808822631836
2016-02-04,2016-01-04,31.72,35.846256256103516,29.144454956054688,30.838016510009766,33.180992126464844,35.846256256103516,38.6147575378418,41.008060455322266,42.72187042236328
2016-02-05,2016-01-05,30.89,34.92855453491211,28.13132095336914,29.82952880859375,32.18817138671875,34.92855453491211,37.74336624145508,40.10469055175781,41.80290603637695
2016-02-08,2016-01-06,29.69,32.50857925415039,24.7684326171875,26.70117950439453,29.380149841308594,32.50857925415039,35.53602600097656,37.977874755859375,39.7216796875
2016-02-09,2016-01-07,27.94,30.51553726196289,21.598125457763672,23.834491729736328,26.922391891479492,30.51553726196289,33.947906494140625,36.88212585449219,39.01947784423828
2016-02-10,2016-01-08,27.45,30.424667358398438,22.034557342529297,24.160682678222656,27.08899688720703,30.424667358398438,33.66118621826172,36.74646759033203,39.048980712890625
2016-02-11,2016-01-11,26.21,28.2535400390625,18.466064453125,20.94211196899414,24.348787307739258,28.2535400390625,31.97726821899414,35.38750076293945,37.909358978271484
2016-02-12,2016-01-12,29.44,27.068145751953125,17.67745590209961,20.052932739257812,23.325008392333984,27.068145751953125,30.523351669311523,33.742286682128906,36.133670806884766
2016-02-16,2016-01-13,29.04,27.552173614501953,19.415321350097656,21.476688385009766,24.3148250579834,27.552173614501953,30.47323989868164,33.205848693847656,35.23932647705078
2016-02-17,2016-01-14,30.66,28.94892120361328,21.177936553955078,23.146564483642578,25.851003646850586,28.94892120361328,31.776573181152344,34.50217819213867,36.545406341552734
2016-02-18,2016-01-15,30.77,26.261898040771484,17.709835052490234,19.872264862060547,22.849185943603516,26.261898040771484,29.246837615966797,32.064945220947266,34.17677688598633
2016-02-19,2016-01-19,29.64,24.80718231201172,15.618728637695312,17.950340270996094,21.161706924438477,24.80718231201172,28.006595611572266,31.05126190185547,33.33681106567383
2016-02-22,2016-01-20,31.48,22.696754455566406,12.432838439941406,15.051799774169922,18.654644012451172,22.696754455566406,26.14197540283203,29.33572006225586,31.721298217773438
2016-02-23,2016-01-21,31.87,27.821483612060547,19.120967864990234,21.344390869140625,24.391252517700195,27.821483612060547,31.000276565551758,34.00613021850586,36.243736267089844
2016-02-24,2016-01-22,32.15,30.506214141845703,21.135589599609375,23.54312515258789,26.835582733154297,30.506214141845703,34.13777160644531,37.513641357421875,40.00046920776367
2016-02-25,2016-01-25,33.07,28.85407257080078,18.654151916503906,21.26654052734375,24.845861434936523,28.85407257080078,32.850311279296875,36.53360366821289,39.2432861328125
2016-02-26,2016-01-26,32.78,30.249530792236328,20.555805206298828,23.033447265625,26.430498123168945,30.249530792236328,34.15148162841797,37.78068542480469,40.446109771728516
2016-02-29,2016-01-27,33.75,31.40094757080078,22.917858123779297,25.073013305664062,28.04077911376953,31.40094757080078,34.93254089355469,38.120994567871094,40.43191146850586
2016-03-01,2016-01-28,34.4,32.752132415771484,24.18486785888672,26.309127807617188,29.260971069335938,32.752132415771484,36.609352111816406,40.004615783691406,42.445804595947266
2016-03-02,2016-01-29,34.66,33.392112731933594,24.421493530273438,26.650421142578125,29.747554779052734,33.392112731933594,37.455894470214844,41.004425048828125,43.550113677978516
2016-03-03,2016-02-01,34.57,30.456607818603516,20.185596466064453,22.79904556274414,26.392061233520508,30.456607818603516,34.75067901611328,38.64884948730469,41.50849533081055
2016-03-04,2016-02-02,35.92,28.22710418701172,18.516006469726562,21.01789093017578,24.43975830078125,28.22710418701172,32.16072082519531,35.908145904541016,38.673011779785156
2016-03-07,2016-02-03,37.9,31.440414428710938,21.34746551513672,23.93242645263672,27.466548919677734,31.440414428710938,35.70460510253906,39.81365203857422,42.82719421386719
2016-03-08,2016-02-04,36.5,30.976852416992188,21.482158660888672,23.946975708007812,27.303518295288086,30.976852416992188,34.88028335571289,38.812198638916016,41.731815338134766
2016-03-09,2016-02-05,38.29,29.644229888916016,20.86911392211914,23.149288177490234,26.254335403442383,29.644229888916016,33.065223693847656,36.43478012084961,38.946250915527344
2016-03-10,2016-02-08,37.84,29.114421844482422,21.007640838623047,23.092384338378906,25.944936752319336,29.114421844482422,32.215614318847656,35.1784553527832,37.37102127075195
2016-03-11,2016-02-09,38.5,26.85531234741211,18.0841064453125,20.33307647705078,23.414949417114258,26.85531234741211,30.073158264160156,33.0499153137207,35.249385833740234
2016-03-14,2016-02-10,37.18,26.090744018554688,16.462730407714844,18.96014404296875,22.365270614624023,26.090744018554688,29.568391799926758,32.768306732177734,35.13251876831055
2016-03-15,2016-02-11,36.34,24.62533187866211,15.581756591796875,17.910572052001953,21.100055694580078,24.62533187866211,27.8652286529541,30.799327850341797,32.964515686035156
2016-03-16,2016-02-12,38.46,29.92984390258789,22.10968780517578,24.108009338378906,26.846359252929688,29.92984390258789,32.979698181152344,35.862213134765625,38.004512786865234
2016-03-17,2016-02-16,40.2,29.096839904785156,20.30813980102539,22.56997299194336,25.657787322998047,29.096839904785156,32.52338409423828,35.69832229614258,38.0411491394043
2016-03-18,2016-02-17,39.44,30.581417083740234,21.22705841064453,23.591983795166016,26.839262008666992,30.581417083740234,34.441715240478516,37.98982238769531,40.58738708496094
2016-03-21,2016-02-18,39.91,30.817264556884766,21.75308609008789,24.03833770751953,27.183439254760742,30.817264556884766,34.664390563964844,38.26318359375,40.90229797363281
2016-03-22,2016-02-19,41.45,29.611663818359375,21.264076232910156,23.36086654663086,26.250476837158203,29.611663818359375,33.185848236083984,36.447357177734375,38.825557708740234
2016-03-23,2016-02-22,39.79,31.455787658691406,23.006431579589844,25.084449768066406,27.974672317504883,31.455787658691406,35.31596374511719,38.777687072753906,41.28093719482422
2016-03-24,2016-02-23,39.46,32.018341064453125,23.176971435546875,25.367416381835938,28.4134464263916,32.018341064453125,36.06513595581055,39.65754699707031,42.240989685058594
2016-03-28,2016-02-24,39.39,31.757190704345703,21.750308990478516,24.276443481445312,27.76244354248047,31.757190704345703,36.22663497924805,40.44136047363281,43.53166198730469
2016-03-29,2016-02-25,38.28,32.33709716796875,22.69736099243164,25.129501342773438,28.481966018676758,32.33709716796875,36.71881103515625,41.06446838378906,44.279945373535156
2016-03-30,2016-02-26,38.32,32.58037567138672,22.509429931640625,25.0975341796875,28.63633918762207,32.58037567138672,36.905052185058594,41.14499282836914,44.27595520019531
2016-03-31,2016-02-29,38.34,33.809112548828125,23.93869400024414,26.492717742919922,29.982288360595703,33.809112548828125,37.97162628173828,42.110679626464844,45.17557144165039
2016-04-01,2016-03-01,36.79,34.36919021606445,25.473079681396484,27.78050994873047,30.941143035888672,34.36919021606445,38.035831451416016,41.71046447753906,44.44129943847656
2016-04-04,2016-03-02,35.7,34.84326171875,26.639888763427734,28.75040054321289,31.656940460205078,34.84326171875,38.26660919189453,41.513877868652344,43.87458038330078
2016-04-05,2016-03-03,35.89,34.305419921875,25.901172637939453,28.062068939208984,31.037452697753906,34.305419921875,37.705482482910156,40.894447326660156,43.22026824951172
2016-04-06,2016-03-04,37.75,35.143310546875,25.817264556884766,28.266014099121094,31.607194900512695,35.143310546875,38.80815505981445,42.23625946044922,44.756202697753906
2016-04-07,2016-03-07,37.26,38.37944030761719,29.020416259765625,31.352684020996094,34.59779357910156,38.37944030761719,42.750450134277344,46.89932632446289,49.950801849365234
2016-04-08,2016-03-08,39.72,36.62445068359375,29.293899536132812,31.13500213623047,33.69954299926758,36.62445068359375,39.791419982910156,42.57648468017578,44.59447479248047
2016-04-11,2016-03-09,40.36,38.526248931884766,29.893280029296875,32.04364013671875,35.041595458984375,38.526248931884766,42.363136291503906,45.638675689697266,48.00706100463867
2016-04-12,2016-03-10,42.17,38.18523406982422,29.316078186035156,31.56302261352539,34.674598693847656,38.18523406982422,42.0029296875,45.23656463623047,47.554447174072266
2016-04-13,2016-03-11,41.76,39.671119689941406,30.246910095214844,32.610633850097656,35.89290237426758,39.671119689941406,43.82707977294922,47.37995147705078,49.934600830078125
2016-04-14,2016-03-14,41.5,37.95287322998047,28.972030639648438,31.223648071289062,34.34811782836914,37.95287322998047,41.79063415527344,45.097869873046875,47.48330307006836
2016-04-15,2016-03-15,40.36,37.0407600402832,27.854198455810547,30.146282196044922,33.32893371582031,37.0407600402832,40.96221160888672,44.344852447509766,46.78097915649414
2016-04-18,2016-03-16,39.78,39.38371658325195,29.6075439453125,32.01070785522461,35.373172760009766,39.38371658325195,43.623985290527344,47.19963836669922,49.78009033203125
2016-04-19,2016-03-17,41.08,41.296417236328125,29.451072692871094,32.412715911865234,36.520450592041016,41.296417236328125,46.53740310668945,51.22329330444336,54.6593017578125
2016-04-20,2016-03-18,42.63,39.62400817871094,28.072174072265625,30.957210540771484,34.96043395996094,39.62400817871094,44.697364807128906,49.35313415527344,52.77689743041992
2016-04-21,2016-03-21,43.18,40.647377014160156,29.152366638183594,32.109519958496094,36.16887664794922,40.647377014160156,45.411460876464844,49.86396408081055,53.154266357421875
2016-04-22,2016-03-22,43.73,42.78179168701172,30.552078247070312,33.71720504760742,38.0482063293457,42.78179168701172,47.78770065307617,52.3773193359375,55.74943542480469
2016-04-25,2016-03-23,42.64,40.11552429199219,28.574920654296875,31.618690490722656,35.77003860473633,40.11552429199219,44.41267395019531,48.23133087158203,51.019775390625
2016-04-26,2016-03-24,44.04,39.274757385253906,29.398181915283203,31.974010467529297,35.50806427001953,39.274757385253906,42.94913101196289,46.206844329833984,48.593475341796875
2016-04-27,2016-03-28,45.33,38.112060546875,28.22568130493164,30.785236358642578,34.306549072265625,38.112060546875,41.76531982421875,44.84378433227539,47.07754135131836
2016-04-28,2016-03-29,46.03,36.72588348388672,26.03533935546875,28.854721069335938,32.70399475097656,36.72588348388672,40.48314666748047,43.595420837402344,45.844581604003906
2016-04-29,2016-03-30,45.92,37.41143035888672,26.990028381347656,29.697418212890625,33.41276550292969,37.41143035888672,41.34176254272461,44.712135314941406,47.160255432128906
2016-05-02,2016-03-31,44.78,37.550804138183594,29.63296127319336,31.673532485961914,34.48323440551758,37.550804138183594,40.616180419921875,43.130455017089844,44.957916259765625
2016-05-03,2016-04-01,43.65,35.63629913330078,26.816734313964844,29.103656768798828,32.23837661743164,35.63629913330078,38.918216705322266,41.54627990722656,43.44306182861328
2016-05-04,2016-04-04,43.78,34.09624481201172,24.940937042236328,27.325756072998047,30.5804386138916,34.09624481201172,37.45158386230469,40.180503845214844,42.14875030517578
2016-05-05,2016-04-05,44.32,34.737403869628906,25.972759246826172,28.256488800048828,31.37047004699707,34.737403869628906,37.95860290527344,40.76575469970703,42.83375549316406
2016-05-06,2016-04-06,44.66,37.46073532104492,28.860496520996094,31.078641891479492,34.10890197753906,37.46073532104492,40.807491302490234,43.837711334228516,46.08959197998047
2016-05-09,2016-04-07,43.44,36.776668548583984,28.02627944946289,30.281539916992188,33.35047149658203,36.776668548583984,40.244224548339844,43.4478759765625,45.83200454711914
2016-05-10,2016-04-08,44.66,39.44205856323242,30.151260375976562,32.50819396972656,35.7384033203125,39.44205856323242,43.182106018066406,46.497798919677734,48.93907928466797
2016-05-11,2016-04-11,46.23,40.1289176940918,29.170581817626953,31.989036560058594,35.83184051513672,40.1289176940918,44.58873748779297,48.762474060058594,51.859195709228516
2016-05-12,2016-04-12,46.7,41.88367462158203,30.288284301757812,33.169891357421875,37.15374755859375,41.88367462158203,46.957183837890625,51.80619430541992,55.41393280029297
2016-05-13,2016-04-13,46.21,41.114234924316406,29.677391052246094,32.599815368652344,36.602298736572266,41.114234924316406,45.86872100830078,50.46936798095703,53.902191162109375
2016-05-16,2016-04-14,47.72,40.6074333190918,29.09101104736328,32.057777404785156,36.11708450317383,40.6074333190918,45.185768127441406,49.47564697265625,52.65251541137695
2016-05-17,2016-04-15,48.31,38.873409271240234,27.83620834350586,30.723278045654297,34.65852355957031,38.873409271240234,43.06505584716797,46.98565673828125,49.88222122192383
2016-05-18,2016-04-18,48.19,37.03940200805664,27.16326904296875,29.73134994506836,33.24772644042969,37.03940200805664,40.6374397277832,43.87665557861328,46.253273010253906
2016-05-19,2016-04-19,48.16,38.29536819458008,28.141563415527344,30.745895385742188,34.324241638183594,38.29536819458008,42.073211669921875,45.267425537109375,47.57562255859375
2016-05-20,2016-04-20,47.75,40.50566482543945,29.00995635986328,31.994220733642578,36.07404327392578,40.50566482543945,44.828426361083984,48.541290283203125,51.23052978515625
2016-05-23,2016-04-21,48.08,42.1726188659668,30.865127563476562,33.74193572998047,37.69960021972656,42.1726188659668,46.77684020996094,50.86580276489258,53.85124206542969
2016-05-24,2016-04-22,48.62,41.156925201416016,32.463966369628906,34.661720275878906,37.689762115478516,41.156925201416016,44.707969665527344,47.79379653930664,50.04621505737305
2016-05-25,2016-04-25,49.56,40.70935821533203,31.369239807128906,33.73749542236328,36.99924087524414,40.70935821533203,44.4559326171875,47.70793151855469,50.075172424316406
2016-05-26,2016-04-26,49.48,41.9254264831543,32.713951110839844,35.02864456176758,38.2251091003418,41.9254264831543,45.70486068725586,48.93167495727539,51.270103454589844
2016-05-27,2016-04-27,49.33,44.143775939941406,34.978126525878906,37.27080535888672,40.439422607421875,44.143775939941406,48.0745849609375,51.54197311401367,54.08795928955078
2016-05-31,2016-04-28,49.1,45.23630142211914,35.99845886230469,38.3148078918457,41.513710021972656,45.23630142211914,49.209720611572266,52.67451858520508,55.220970153808594
2016-06-01,2016-04-29,49.01,44.5881462097168,35.417320251464844,37.72278594970703,40.899024963378906,44.5881462097168,48.50041580200195,51.99626922607422,54.57908630371094
2016-06-02,2016-05-02,49.17,43.445838928222656,33.816932678222656,36.26548385620117,39.62751007080078,43.445838928222656,47.278594970703125,50.608062744140625,53.041534423828125
2016-06-03,2016-05-03,48.62,42.3687629699707,31.372127532958984,34.17766571044922,38.024078369140625,42.3687629699707,46.72954559326172,50.561912536621094,53.35279846191406
2016-06-06,2016-05-04,49.69,42.40065002441406,31.38005828857422,34.188472747802734,38.044342041015625,42.40065002441406,46.73416519165039,50.64215087890625,53.50544738769531
2016-06-07,2016-05-05,50.36,43.504669189453125,32.334434509277344,35.22587203979492,39.18008041381836,43.504669189453125,47.82074737548828,51.6827392578125,54.50766372680664
2016-06-08,2016-05-06,51.23,44.715614318847656,32.888580322265625,35.95671844482422,40.15216827392578,44.715614318847656,49.241092681884766,53.34270477294922,56.34650421142578
2016-06-09,2016-05-09,50.56,43.20524597167969,31.813175201416016,34.7650032043457,38.80143737792969,43.20524597167969,47.622859954833984,51.672855377197266,54.63948440551758
2016-06-10,2016-05-10,49.07,44.572715759277344,35.05788040161133,37.50275421142578,40.857208251953125,44.572715759277344,48.25279235839844,51.55817413330078,53.97091293334961
2016-06-13,2016-05-11,48.88,45.45293045043945,35.79888153076172,38.2572135925293,41.634910583496094,45.45293045043945,49.21295166015625,52.43747329711914,54.77647018432617
2016-06-14,2016-05-12,48.49,45.73197555541992,35.43294143676758,38.07103729248047,41.68440246582031,45.73197555541992,49.70406723022461,53.117713928222656,55.6048583984375
2016-06-15,2016-05-13,48.01,44.827301025390625,34.27827453613281,37.010169982910156,40.7398796081543,44.827301025390625,48.856895446777344,52.42534255981445,55.037574768066406
2016-06-16,2016-05-16,46.21,45.219581604003906,37.38420486450195,39.36565399169922,42.08252716064453,45.219581604003906,48.39653015136719,51.1558723449707,53.1752815246582
2016-06-17,2016-05-17,47.98,46.21289825439453,37.75983428955078,39.89072799682617,42.815677642822266,46.21289825439453,49.755271911621094,52.93852233886719,55.277767181396484
2016-06-20,2016-05-18,49.37,46.94005584716797,38.06793212890625,40.32521438598633,43.41758728027344,46.94005584716797,50.52886962890625,53.67893600463867,55.98073196411133
2016-06-21,2016-05-19,48.85,46.91440200805664,38.234375,40.4525032043457,43.484275817871094,46.91440200805664,50.413414001464844,53.51203536987305,55.78058624267578
2016-06-22,2016-05-20,49.13,46.47549057006836,37.79609298706055,40.028594970703125,43.07768630981445,46.47549057006836,49.978450775146484,53.038490295410156,55.26588439941406
2016-06-23,2016-05-23,50.11,46.461238861083984,37.40068054199219,39.71143341064453,42.881229400634766,46.461238861083984,50.171913146972656,53.44952392578125,55.83787155151367
2016-06-24,2016-05-24,47.64,47.74212646484375,38.19700241088867,40.62027359008789,43.947227478027344,47.74212646484375,51.64021301269531,55.07120132446289,57.57426834106445
2016-06-27,2016-05-25,46.33,49.73261642456055,38.94332504272461,41.66910934448242,45.41675567626953,49.73261642456055,54.24652099609375,58.28291320800781,61.24021530151367
2016-06-28,2016-05-26,47.85,49.899803161621094,39.61067199707031,42.20733642578125,45.78288650512695,49.899803161621094,54.15127182006836,57.93403625488281,60.698726654052734
2016-06-29,2016-05-27,49.88,50.07880783081055,39.87449645996094,42.475181579589844,46.050376892089844,50.07880783081055,54.234169006347656,57.86088562011719,60.50112533569336
2016-06-30,2016-05-31,48.33,50.605464935302734,40.06192398071289,42.78143310546875,46.50992202758789,50.605464935302734,54.77174377441406,58.61049270629883,61.444522857666016
2016-07-01,2016-06-01,48.99,50.312843322753906,39.945838928222656,42.63145446777344,46.31044387817383,50.312843322753906,54.48176574707031,58.62312698364258,61.73725128173828
2016-07-05,2016-06-02,46.6,50.29283905029297,41.349735260009766,43.699851989746094,46.90412902832031,50.29283905029297,53.822052001953125,57.34675216674805,60.01302719116211
2016-07-06,2016-06-03,47.43,49.112117767333984,40.072654724121094,42.4261360168457,45.64421844482422,49.112117767333984,52.63529968261719,55.95274353027344,58.4276237487793
2016-07-07,2016-06-06,45.14,50.134422302246094,40.255069732666016,42.82141876220703,46.331748962402344,50.134422302246094,53.936241149902344,57.46916961669922,60.1028938293457
2016-07-08,2016-06-07,45.41,50.42527770996094,40.02751922607422,42.7680778503418,46.48826599121094,50.42527770996094,54.295806884765625,57.97555923461914,60.71636962890625
2016-07-11,2016-06-08,44.76,50.76286697387695,42.65068054199219,44.71550369262695,47.542396545410156,50.76286697387695,54.11231994628906,57.0186882019043,59.140289306640625
2016-07-12,2016-06-09,46.8,50.14089584350586,41.578453063964844,43.7553596496582,46.74068832397461,50.14089584350586,53.676185607910156,56.7225456237793,58.933258056640625
2016-07-13,2016-06-10,44.75,49.38360595703125,40.354576110839844,42.66238021850586,45.82954788208008,49.38360595703125,53.045806884765625,56.184669494628906,58.45050048828125
2016-07-14,2016-06-13,45.68,48.69860076904297,40.18495178222656,42.33995056152344,45.3089485168457,48.69860076904297,52.21782302856445,55.36236572265625,57.66122055053711
2016-07-15,2016-06-14,45.95,47.76537322998047,39.64006805419922,41.692718505859375,44.5235595703125,47.76537322998047,51.24031066894531,54.39341735839844,56.70132827758789
2016-07-18,2016-06-15,45.24,46.52829360961914,38.42988586425781,40.468299865722656,43.28334426879883,46.52829360961914,50.00499725341797,53.11547088623047,55.38581085205078
2016-07-19,2016-06-16,44.65,44.83821105957031,35.98944091796875,38.212608337402344,41.2803840637207,44.83821105957031,48.55216979980469,51.82244873046875,54.20246887207031
2016-07-20,2016-06-17,44.94,47.97844314575195,38.36061096191406,40.77397537231445,44.09941864013672,47.97844314575195,52.03920364379883,55.77439880371094,58.531707763671875
2016-07-21,2016-06-20,44.75,49.47478103637695,40.10950469970703,42.46510696411133,45.70487976074219,49.47478103637695,53.37295913696289,56.97343063354492,59.63996505737305
2016-07-22,2016-06-21,44.19,49.04167556762695,40.03730010986328,42.32261276245117,45.458099365234375,49.04167556762695,52.882572174072266,56.4361572265625,59.071502685546875
2016-07-25,2016-06-22,43.13,49.843994140625,40.95281982421875,43.230224609375,46.347740173339844,49.843994140625,53.58876037597656,57.35130310058594,60.19976043701172
2016-07-26,2016-06-23,42.92,51.057281494140625,42.40522003173828,44.62281036376953,47.659183502197266,51.057281494140625,54.809078216552734,58.861534118652344,61.97861099243164
2016-07-27,2016-06-24,41.92,48.60802459716797,40.13408660888672,42.354225158691406,45.37230682373047,48.60802459716797,52.112953186035156,55.8199577331543,58.661460876464844
2016-07-28,2016-06-27,41.14,47.48023223876953,39.052085876464844,41.248573303222656,44.243385314941406,47.48023223876953,50.90609359741211,54.44718551635742,57.15339279174805
2016-07-29,2016-06-28,41.6,48.80973434448242,40.05033493041992,42.3265495300293,45.42985153198242,48.80973434448242,52.41752624511719,56.19670486450195,59.091861724853516
2016-08-01,2016-06-29,40.06,49.9981803894043,40.673126220703125,43.06913375854492,46.3343391418457,49.9981803894043,53.88563537597656,57.89159393310547,60.935062408447266
2016-08-02,2016-06-30,39.51,49.1624641418457,41.03828430175781,43.11381530761719,45.95260238647461,49.1624641418457,52.652103424072266,56.08915710449219,58.68503952026367
2016-08-03,2016-07-01,40.83,49.31435775756836,41.2129020690918,43.257869720458984,46.065452575683594,49.31435775756836,52.819252014160156,56.292423248291016,58.91010284423828
2016-08-04,2016-07-05,41.93,47.118621826171875,38.20344161987305,40.484657287597656,43.60655212402344,47.118621826171875,50.84984588623047,54.45235061645508,57.1423454284668
2016-08-05,2016-07-06,41.8,47.45634460449219,38.81694030761719,41.021522521972656,44.043617248535156,47.45634460449219,51.115020751953125,54.78679275512695,57.55528259277344
2016-08-08,2016-07-07,43.02,44.162879943847656,35.396644592285156,37.61320495605469,40.66344451904297,44.162879943847656,47.929420471191406,51.61823654174805,54.373748779296875
2016-08-09,2016-07-08,42.77,43.87343215942383,35.29541015625,37.452735900878906,40.425636291503906,43.87343215942383,47.58375549316406,51.15361022949219,53.81118392944336
2016-08-10,2016-07-11,41.71,43.439361572265625,34.446285247802734,36.70502853393555,39.81451416015625,43.439361572265625,47.32799530029297,51.071983337402344,53.865360260009766
2016-08-11,2016-07-12,43.49,45.953426361083984,36.6480598449707,38.97178649902344,42.17298889160156,45.953426361083984,49.95433807373047,53.74256134033203,56.57298278808594
2016-08-12,2016-07-13,44.49,44.40420150756836,34.97262954711914,37.35095977783203,40.614540100097656,44.40420150756836,48.402557373046875,52.21009826660156,55.05278396606445
2016-08-15,2016-07-14,45.74,44.85934066772461,35.99335479736328,38.24604034423828,41.330848693847656,44.85934066772461,48.55913543701172,52.07838821411133,54.710350036621094
2016-08-16,2016-07-15,46.58,45.204471588134766,36.443843841552734,38.68370819091797,41.74810028076172,45.204471588134766,48.79823303222656,52.393131256103516,55.11266326904297
2016-08-17,2016-07-18,46.79,44.70945739746094,36.138668060302734,38.34006118774414,41.34808349609375,44.70945739746094,48.23381042480469,51.983734130859375,54.85498046875
2016-08-18,2016-07-19,48.22,44.39999771118164,35.95892333984375,38.14836502075195,41.12410354614258,44.39999771118164,47.81237030029297,51.42041015625,54.17424011230469
2016-08-19,2016-07-20,48.52,46.02980041503906,37.79657745361328,39.92572784423828,42.823631286621094,46.02980041503906,49.449405670166016,53.02653121948242,55.76866149902344
2016-08-22,2016-07-21,47.05,45.287357330322266,36.65635681152344,38.9223747253418,41.99482345581055,45.287357330322266,48.737266540527344,52.41164016723633,55.24607467651367
2016-08-23,2016-07-22,48.1,44.59013748168945,34.973304748535156,37.487396240234375,40.8983268737793,44.59013748168945,48.42235565185547,52.5102424621582,55.64094924926758
2016-08-24,2016-07-25,46.77,44.67515563964844,36.32164001464844,38.49700927734375,41.44915008544922,44.67515563964844,48.10862731933594,51.62782287597656,54.30976486206055
2016-08-25,2016-07-26,47.33,43.537776947021484,35.33024215698242,37.45916748046875,40.349388122558594,43.537776947021484,46.87458419799805,50.194393157958984,52.69718933105469
2016-08-26,2016-07-27,47.64,41.37092971801758,32.27627182006836,34.62794494628906,37.82549285888672,41.37092971801758,44.99656677246094,48.4753532409668,51.07631301879883
2016-08-29,2016-07-28,46.98,39.2806396484375,29.864543914794922,32.27618408203125,35.57151794433594,39.2806396484375,43.06183624267578,46.6854362487793,49.392112731933594
2016-08-30,2016-07-29,46.35,39.63001251220703,30.74237823486328,33.00802993774414,36.105342864990234,39.63001251220703,43.33174133300781,46.94325256347656,49.646060943603516
2016-08-31,2016-08-01,44.7,36.96649169921875,27.899932861328125,30.19402503967285,33.34003448486328,36.96649169921875,40.712791442871094,44.19001770019531,46.7613410949707
2016-09-01,2016-08-02,43.16,35.98994445800781,26.66077423095703,29.001787185668945,32.21967315673828,35.98994445800781,39.88730239868164,43.49371337890625,46.160133361816406
2016-09-02,2016-08-03,44.44,37.888526916503906,28.214889526367188,30.643299102783203,33.97226333618164,37.888526916503906,41.885223388671875,45.56969451904297,48.30292510986328
2016-09-06,2016-08-04,44.83,40.10120391845703,30.52313995361328,32.94001770019531,36.24397277832031,40.10120391845703,44.108882904052734,47.8282470703125,50.589962005615234
2016-09-07,2016-08-05,45.5,40.034000396728516,30.875160217285156,33.19717788696289,36.37200927734375,40.034000396728516,43.81793975830078,47.266395568847656,49.816490173339844
2016-09-08,2016-08-08,47.62,41.55914306640625,32.291343688964844,34.644371032714844,37.86330032348633,41.55914306640625,45.359825134277344,48.96356201171875,51.653114318847656
2016-09-09,2016-08-09,45.88,41.32465744018555,32.42755126953125,34.704010009765625,37.80925369262695,41.32465744018555,45.008460998535156,48.68404006958008,51.452796936035156
2016-09-12,2016-08-10,46.29,40.74259567260742,31.665996551513672,34.02540969848633,37.227542877197266,40.74259567260742,44.36486053466797,48.03023147583008,50.7941780090332
2016-09-13,2016-08-11,44.9,44.523616790771484,35.78982162475586,38.04071044921875,41.106292724609375,44.523616790771484,48.10268020629883,51.687110900878906,54.38467025756836
2016-09-14,2016-08-12,43.58,44.86582565307617,36.03900909423828,38.31782150268555,41.42094802856445,44.86582565307617,48.529930114746094,52.35625076293945,55.26885223388672
2016-09-15,2016-08-15,43.91,46.97935485839844,37.620933532714844,40.02580642700195,43.303070068359375,46.97935485839844,50.9864616394043,55.04689407348633,58.108428955078125
2016-09-16,2016-08-16,43.03,47.42315673828125,39.36149978637695,41.39957046508789,44.191795349121094,47.42315673828125,50.934749603271484,54.399452209472656,57.01033020019531
2016-09-19,2016-08-17,43.3,48.48534393310547,40.65022277832031,42.640968322753906,45.365455627441406,48.48534393310547,51.83684158325195,55.100101470947266,57.55580139160156
2016-09-20,2016-08-18,43.44,50.220943450927734,41.419456481933594,43.648746490478516,46.706111907958984,50.220943450927734,54.00659942626953,57.59147644042969,60.27467727661133
2016-09-21,2016-08-19,45.34,50.42882537841797,40.957069396972656,43.35663604736328,46.656333923339844,50.42882537841797,54.47520446777344,58.291229248046875,61.14085388183594
2016-09-22,2016-08-22,46.32,47.56182098388672,38.13444137573242,40.5390739440918,43.83713912963867,47.56182098388672,51.54309844970703,55.30778503417969,58.11756896972656
2016-09-23,2016-08-23,44.48,48.05862808227539,38.45648956298828,40.89805603027344,44.248634338378906,48.05862808227539,52.12451171875,55.96302032470703,58.8242073059082
2016-09-26,2016-08-24,45.93,46.075801849365234,36.32880783081055,38.79833984375,42.19149398803711,46.075801849365234,50.19252014160156,54.02985763549805,56.87709426879883
2016-09-27,2016-08-25,44.67,46.51734161376953,36.22003173828125,38.84711456298828,42.441917419433594,46.51734161376953,50.70856475830078,54.50076675415039,57.298973083496094
2016-09-28,2016-08-26,47.05,47.38642120361328,37.70912551879883,40.17331314086914,43.546043395996094,47.38642120361328,51.367042541503906,55.01983642578125,57.72913360595703
2016-09-29,2016-08-29,47.83,46.64096450805664,37.256771087646484,39.67842102050781,42.9831657409668,46.64096450805664,50.38720703125,53.82127380371094,56.36071014404297
2016-09-30,2016-08-30,48.24,45.75221252441406,36.011558532714844,38.55547332763672,42.01412582397461,45.75221252441406,49.44776916503906,52.84634780883789,55.36072540283203
2016-10-03,2016-08-31,48.81,43.824398040771484,34.18328857421875,36.68803024291992,40.09299850463867,43.824398040771484,47.53706359863281,51.057132720947266,53.67047882080078
2016-10-04,2016-09-01,48.69,42.82870864868164,33.607574462890625,36.018192291259766,39.28559875488281,42.82870864868164,46.435455322265625,49.96452331542969,52.59800338745117
2016-10-05,2016-09-02,49.83,45.758209228515625,37.60063552856445,39.7519416809082,42.657108306884766,45.758209228515625,48.92540740966797,52.06126403808594,54.41699981689453
2016-10-06,2016-09-06,50.44,45.612220764160156,37.12870407104492,39.38169860839844,42.418704986572266,45.612220764160156,48.928810119628906,52.371280670166016,54.99295425415039
2016-10-07,2016-09-07,49.81,45.86707305908203,37.002445220947266,39.34016418457031,42.501014709472656,45.86707305908203,49.3486328125,52.87647247314453,55.54347610473633
2016-10-11,2016-09-08,50.79,47.49150466918945,39.43412399291992,41.55181121826172,44.41515350341797,47.49150466918945,50.62337112426758,53.599674224853516,55.82373809814453
2016-10-12,2016-09-09,50.18,46.71676254272461,39.16702651977539,41.180091857910156,43.893272399902344,46.71676254272461,49.572540283203125,52.3204231262207,54.378517150878906
2016-10-13,2016-09-12,50.44,46.90919494628906,38.82012939453125,41.00282287597656,43.9354248046875,46.90919494628906,49.812442779541016,52.63417434692383,54.759090423583984
2016-10-14,2016-09-13,50.35,45.090518951416016,36.42356491088867,38.73751449584961,41.863616943359375,45.090518951416016,48.27715301513672,51.36272430419922,53.67756652832031
2016-10-17,2016-09-14,49.94,42.70252990722656,33.23439407348633,35.71534729003906,39.0882568359375,42.70252990722656,46.245269775390625,49.567928314208984,52.042362213134766
2016-10-18,2016-09-15,50.29,42.62950134277344,33.109947204589844,35.628662109375,39.044883728027344,42.62950134277344,46.10995101928711,49.48226547241211,52.00598907470703
2016-10-19,2016-09-16,51.6,41.05664825439453,31.40606689453125,33.90763854980469,37.32469177246094,41.05664825439453,44.80376434326172,48.43291473388672,51.14369583129883
2016-10-20,2016-09-19,50.43,41.06243896484375,30.628849029541016,33.34081268310547,37.03205871582031,41.06243896484375,44.98255920410156,48.55131530761719,51.18164825439453
2016-10-21,2016-09-20,50.85,41.18650817871094,31.03112030029297,33.65514373779297,37.22859573364258,41.18650817871094,45.086910247802734,48.71072006225586,51.39325714111328
2016-10-24,2016-09-21,50.52,44.44020462036133,34.68012237548828,37.2781982421875,40.779014587402344,44.44020462036133,48.090057373046875,51.543087005615234,54.116641998291016
2016-10-25,2016-09-22,49.96,46.02800750732422,35.923057556152344,38.6492919921875,42.305419921875,46.02800750732422,49.7806396484375,53.35187530517578,56.02219009399414
2016-10-26,2016-09-23,49.18,43.862430572509766,34.15022277832031,36.728187561035156,40.209205627441406,43.862430572509766,47.560176849365234,51.12797164916992,53.79364013671875
2016-10-27,2016-09-26,49.72,46.0594482421875,36.90959167480469,39.353939056396484,42.64458465576172,46.0594482421875,49.598960876464844,53.143123626708984,55.813533782958984
2016-10-28,2016-09-27,48.7,45.92198181152344,37.69424819946289,39.913360595703125,42.89866638183594,45.92198181152344,49.051395416259766,52.19171142578125,54.56318664550781
2016-10-31,2016-09-28,46.86,48.13313674926758,39.86869812011719,42.064781188964844,45.02928161621094,48.13313674926758,51.404327392578125,54.575016021728516,56.95803451538086
2016-11-01,2016-09-29,46.67,48.11029815673828,39.211246490478516,41.539093017578125,44.697227478027344,48.11029815673828,51.75132751464844,55.28719711303711,57.94338607788086
2016-11-02,2016-09-30,45.34,48.96159362792969,40.73756790161133,42.906898498535156,45.839324951171875,48.96159362792969,52.230430603027344,55.233497619628906,57.46363830566406
2016-11-03,2016-10-03,44.66,49.81104278564453,42.12228775024414,44.125343322753906,46.84557342529297,49.81104278564453,52.943321228027344,55.813045501708984,57.94278335571289
2016-11-04,2016-10-04,44.07,49.99095916748047,42.09595489501953,44.168785095214844,46.97283172607422,49.99095916748047,53.134552001953125,56.003326416015625,58.13013458251953
2016-11-07,2016-10-05,44.89,50.86248016357422,42.30149841308594,44.50880432128906,47.51203536987305,50.86248016357422,54.425048828125,57.62881088256836,59.99235916137695
2016-11-08,2016-10-06,44.98,50.6954345703125,41.3974723815918,43.77124786376953,47.00941467285156,50.6954345703125,54.63655471801758,58.23021697998047,60.891395568847656
2016-11-09,2016-10-07,45.27,50.333744049072266,40.78733825683594,43.259944915771484,46.61799240112305,50.333744049072266,54.24699020385742,57.81005859375,60.43943786621094
2016-11-10,2016-10-11,44.66,51.399375915527344,41.49928665161133,44.03099822998047,47.484161376953125,51.399375915527344,55.59204864501953,59.33339309692383,62.08343505859375
2016-11-14,2016-10-12,43.32,50.597023010253906,40.55148696899414,43.14287567138672,46.668060302734375,50.597023010253906,54.75877380371094,58.439002990722656,61.1380615234375
2016-11-15,2016-10-13,45.81,50.27412414550781,40.634212493896484,43.09438705444336,46.448951721191406,50.27412414550781,54.38711166381836,58.06258010864258,60.762962341308594
2016-11-16,2016-10-14,45.57,50.7525520324707,41.68778610229492,44.05354690551758,47.25698471069336,50.7525520324707,54.53025436401367,58.03804016113281,60.64529037475586
2016-11-17,2016-10-17,45.42,50.05621337890625,40.422298431396484,42.9679069519043,46.40599822998047,50.05621337890625,53.84785461425781,57.27837371826172,59.809356689453125
2016-11-18,2016-10-18,45.69,50.080780029296875,40.38917541503906,42.93070983886719,46.37193298339844,50.080780029296875,53.97284698486328,57.5609130859375,60.221275329589844
2016-11-21,2016-10-19,47.49,51.32958984375,41.609683990478516,44.19858932495117,47.68126678466797,51.32958984375,55.171775817871094,58.70325469970703,61.32498550415039
2016-11-22,2016-10-20,48.03,50.32482147216797,41.9420166015625,44.171016693115234,47.1684684753418,50.32482147216797,53.64665603637695,56.69871520996094,58.96834182739258
2016-11-23,2016-10-21,47.96,50.581077575683594,42.067649841308594,44.333045959472656,47.38152313232422,50.581077575683594,53.92682647705078,57.08243942260742,59.446067810058594
2016-11-25,2016-10-24,46.06,49.93940353393555,40.69281005859375,43.13290786743164,46.427818298339844,49.93940353393555,53.54559326171875,56.93043899536133,59.45313262939453
2016-11-28,2016-10-25,47.08,50.15060806274414,41.94805145263672,44.09679412841797,46.99971389770508,50.15060806274414,53.452552795410156,56.43910598754883,58.642818450927734
2016-11-29,2016-10-26,45.23,49.629940032958984,41.49361801147461,43.617225646972656,46.49192810058594,49.629940032958984,52.88589859008789,55.8097038269043,57.962440490722656
2016-11-30,2016-10-27,49.44,50.82392120361328,43.15669631958008,45.15814208984375,47.86582565307617,50.82392120361328,53.944244384765625,56.78466033935547,58.89230728149414
2016-12-01,2016-10-28,51.06,49.14065170288086,40.948516845703125,43.07430648803711,45.95892333984375,49.14065170288086,52.492340087890625,55.55063247680664,57.81475067138672
2016-12-02,2016-10-31,51.68,46.83277130126953,37.93567657470703,40.21177673339844,43.31269073486328,46.83277130126953,50.49082946777344,53.75755310058594,56.150146484375
2016-12-05,2016-11-01,51.79,47.254676818847656,38.342437744140625,40.65555953979492,43.792510986328125,47.254676818847656,50.887725830078125,54.21849060058594,56.66733932495117
2016-12-06,2016-11-02,50.93,44.866294860839844,35.41775894165039,37.85618209838867,41.17344284057617,44.866294860839844,48.6734619140625,52.08783721923828,54.58400344848633
2016-12-07,2016-11-03,49.77,44.19062042236328,34.73316955566406,37.18037796020508,40.50552749633789,44.19062042236328,47.99321746826172,51.380767822265625,53.85593795776367
2016-12-08,2016-11-04,50.84,42.9750862121582,33.51410675048828,35.9383544921875,39.2416877746582,42.9750862121582,46.89555358886719,50.38987731933594,52.94246292114258
2016-12-09,2016-11-07,51.5,44.754981994628906,35.52998352050781,37.920310974121094,41.158721923828125,44.754981994628906,48.48430633544922,51.812992095947266,54.24871826171875
2016-12-12,2016-11-08,52.83,43.93867492675781,34.257171630859375,36.775020599365234,40.18313217163086,43.93867492675781,47.842247009277344,51.40007019042969,54.02227783203125
2016-12-13,2016-11-09,52.98,43.92213821411133,34.279762268066406,36.76088333129883,40.12885284423828,43.92213821411133,47.940574645996094,51.61869812011719,54.33223342895508
2016-12-14,2016-11-10,51.04,43.4139404296875,33.90959167480469,36.39075469970703,39.743919372558594,43.4139404296875,47.212425231933594,50.7348747253418,53.34188461303711
2016-12-15,2016-11-14,50.9,42.583797454833984,33.71241760253906,36.013206481933594,39.133338928222656,42.583797454833984,46.13409423828125,49.29452896118164,51.60444259643555
2016-12-16,2016-11-15,51.9,45.37702178955078,36.85013198852539,39.05825424194336,42.051475524902344,45.37702178955078,48.83802795410156,51.87816619873047,54.09965515136719
2016-12-19,2016-11-16,52.12,44.962059020996094,35.92390441894531,38.26195526123047,41.43519592285156,44.962059020996094,48.653343200683594,51.94813537597656,54.368412017822266
2016-12-20,2016-11-17,52.23,46.42662811279297,38.71181106567383,40.69411087036133,43.39119338989258,46.42662811279297,49.71358108520508,52.629600524902344,54.76428985595703
2016-12-21,2016-11-18,52.49,46.874305725097656,39.18436050415039,41.17026138305664,43.86994934082031,46.874305725097656,50.13127899169922,53.05744934082031,55.20705795288086
2016-12-22,2016-11-21,52.95,49.162376403808594,41.87942886352539,43.73910903930664,46.27716064453125,49.162376403808594,52.3547477722168,55.15729904174805,57.210723876953125
2016-12-23,2016-11-22,53.02,49.09224319458008,41.430809020996094,43.37282180786133,46.02571105957031,49.09224319458008,52.57048416137695,55.697792053222656,58.00422668457031
2016-12-27,2016-11-23,53.9,49.15766143798828,41.08683395385742,43.1384162902832,45.93510437011719,49.15766143798828,52.78143310546875,56.03398895263672,58.42685317993164
2016-12-28,2016-11-25,54.06,47.570308685302734,39.091461181640625,41.293861389160156,44.27973556518555,47.570308685302734,51.118125915527344,54.281761169433594,56.59609603881836
2016-12-29,2016-11-28,53.77,47.76118469238281,39.3725471496582,41.524009704589844,44.452117919921875,47.76118469238281,51.376556396484375,54.58475112915039,56.93022155761719
2016-12-30,2016-11-29,53.72,46.074798583984375,37.625213623046875,39.78282928466797,42.73009490966797,46.074798583984375,49.70518493652344,52.90618896484375,55.240867614746094
2017-01-03,2016-11-30,52.33,49.20386505126953,40.60142135620117,42.761573791503906,45.71906280517578,49.20386505126953,53.073856353759766,56.445343017578125,58.90583801269531
2017-01-04,2016-12-01,53.26,51.619102478027344,42.725440979003906,44.99027633666992,48.075035095214844,51.619102478027344,55.55518341064453,58.99461364746094,61.51567459106445
2017-01-05,2016-12-02,53.76,52.37367630004883,42.684173583984375,45.15619659423828,48.51865005493164,52.37367630004883,56.68815231323242,60.49662780761719,63.29051971435547
2017-01-06,2016-12-05,53.99,52.284339904785156,42.700199127197266,45.137149810791016,48.458213806152344,52.284339904785156,56.5062255859375,60.178524017333984,62.86397933959961
2017-01-09,2016-12-06,51.96,51.872074127197266,42.610252380371094,44.99898147583008,48.24517059326172,51.872074127197266,55.784698486328125,59.149009704589844,61.6048469543457
2017-01-10,2016-12-07,50.82,50.889801025390625,41.999176025390625,44.30990219116211,47.44512939453125,50.889801025390625,54.537574768066406,57.66094970703125,59.93535232543945
2017-01-11,2016-12-08,52.25,52.11876678466797,43.630794525146484,45.84176254272461,48.840152740478516,52.11876678466797,55.642494201660156,58.73405075073242,61.0034065246582
2017-01-12,2016-12-09,53.01,52.73290252685547,43.52420425415039,45.91364669799805,49.15594482421875,52.73290252685547,56.58478546142578,59.96099090576172,62.43559265136719
2017-01-13,2016-12-12,52.37,54.74838638305664,46.88718795776367,48.906341552734375,51.65818786621094,54.74838638305664,58.17143249511719,61.035213470458984,63.122135162353516
2017-01-17,2016-12-13,52.48,54.94026184082031,47.0490608215332,49.0710563659668,51.82796096801758,54.94026184082031,58.403236389160156,61.36979675292969,63.538795471191406
2017-01-18,2016-12-14,51.08,54.37636184692383,46.8133544921875,48.75394821166992,51.405853271484375,54.37636184692383,57.58955383300781,60.280792236328125,62.235042572021484
2017-01-19,2016-12-15,51.37,52.47093200683594,44.537174224853516,46.579681396484375,49.36800765991211,52.47093200683594,55.82013702392578,58.771060943603516,60.94050979614258
2017-01-20,2016-12-16,52.42,53.34672546386719,45.2972412109375,47.370426177978516,50.19556427001953,53.34672546386719,56.779483795166016,59.74566650390625,61.91058349609375
2017-01-23,2016-12-19,52.75,53.291316986083984,44.916690826416016,47.09914779663086,50.06228256225586,53.291316986083984,56.768882751464844,59.85175704956055,62.11324691772461
2017-01-24,2016-12-20,53.18,52.9609375,44.33388137817383,46.574462890625,49.613616943359375,52.9609375,56.518959045410156,59.58915328979492,61.8248176574707
2017-01-25,2016-12-21,52.75,53.07735061645508,44.710548400878906,46.87441635131836,49.81068801879883,53.07735061645508,56.61981964111328,59.69850158691406,61.94500732421875
2017-01-26,2016-12-22,53.78,53.744354248046875,44.85548782348633,47.166934967041016,50.29663848876953,53.744354248046875,57.39704513549805,60.540016174316406,62.833377838134766
2017-01-27,2016-12-23,53.17,54.44596862792969,46.014305114746094,48.231651306152344,51.22499084472656,54.44596862792969,57.858680725097656,60.826629638671875,63.00153350830078
2017-01-30,2016-12-27,52.63,54.66104507446289,45.79094696044922,48.09856033325195,51.22450256347656,54.66104507446289,58.28314208984375,61.37328338623047,63.63022994995117
2017-01-31,2016-12-28,52.81,54.72804260253906,46.00786209106445,48.272918701171875,51.34383773803711,54.72804260253906,58.26554870605469,61.26906204223633,63.4587287902832
2017-02-01,2016-12-29,53.88,54.713958740234375,46.307804107666016,48.505584716796875,51.47944641113281,54.713958740234375,58.1446533203125,61.11572265625,63.289520263671875
2017-02-02,2016-12-30,53.54,54.93263244628906,47.144134521484375,49.18836975097656,51.95088577270508,54.93263244628906,58.13921356201172,60.96784973144531,63.04941940307617
2017-02-03,2017-01-03,53.83,54.60619354248047,47.29100036621094,49.20893096923828,51.80375289916992,54.60619354248047,57.60292053222656,60.26720428466797,62.232994079589844
2017-02-06,2017-01-04,53.01,55.39207458496094,47.93430709838867,49.866554260253906,52.494300842285156,55.39207458496094,58.521400451660156,61.23078155517578,63.220008850097656
2017-02-07,2017-01-05,52.17,55.979496002197266,48.76572036743164,50.63813018798828,53.18707275390625,55.979496002197266,59.003334045410156,61.57371520996094,63.45708084106445
2017-02-08,2017-01-06,52.34,56.26906204223633,49.261051177978516,51.07637405395508,53.54985046386719,56.26906204223633,59.23577117919922,61.75885772705078,63.60551834106445
2017-02-09,2017-01-09,53.0,55.16259002685547,48.069889068603516,49.90681457519531,52.413063049316406,55.16259002685547,58.09698486328125,60.5620002746582,62.35252380371094
2017-02-10,2017-01-10,53.86,52.469276428222656,45.181854248046875,47.06106948852539,49.62443542480469,52.469276428222656,55.48341369628906,58.10252380371094,60.014278411865234
2017-02-13,2017-01-11,52.93,53.51702880859375,46.20719909667969,48.09142303466797,50.6571044921875,53.51702880859375,56.53231430053711,59.124755859375,61.01544189453125
2017-02-14,2017-01-12,53.2,53.85300827026367,46.32350540161133,48.270362854003906,50.915687561035156,53.85300827026367,56.929779052734375,59.548465728759766,61.455318450927734
2017-02-15,2017-01-13,53.11,53.03288650512695,45.23600769042969,47.25326156616211,49.988765716552734,53.03288650512695,56.240882873535156,59.006744384765625,61.02362060546875
2017-02-16,2017-01-17,53.36,52.834041595458984,45.205963134765625,47.17303466796875,49.842315673828125,52.834041595458984,56.00361633300781,58.74415588378906,60.74230194091797
2017-02-17,2017-01-18,53.4,51.9959831237793,43.939735412597656,46.02787780761719,48.85884094238281,51.9959831237793,55.24695587158203,58.00627136230469,60.00876235961914
2017-02-21,2017-01-19,54.06,52.635765075683594,44.8116340637207,46.8621940612793,49.63318634033203,52.635765075683594,55.765052795410156,58.447757720947266,60.400062561035156
2017-02-22,2017-01-20,53.59,52.99595260620117,45.01664733886719,47.111385345458984,49.936500549316406,52.99595260620117,56.144737243652344,58.81605529785156,60.75768280029297
2017-02-23,2017-01-23,54.45,52.842796325683594,44.87200164794922,46.939632415771484,49.738182067871094,52.842796325683594,56.08357238769531,58.821590423583984,60.80772018432617
2017-02-24,2017-01-24,53.99,53.42850875854492,45.870277404785156,47.82793426513672,50.47752380371094,53.42850875854492,56.58595275878906,59.26432800292969,61.21304702758789
2017-02-27,2017-01-25,54.05,53.25592803955078,46.10009002685547,47.96112823486328,50.474632263183594,53.25592803955078,56.23921203613281,58.82548522949219,60.71708297729492
2017-02-28,2017-01-26,54.01,55.194915771484375,48.5292854309082,50.2575569152832,52.599281311035156,55.194915771484375,57.963539123535156,60.346946716308594,62.096778869628906
2017-03-01,2017-01-27,53.83,55.381065368652344,48.40717697143555,50.22355651855469,52.68547439575195,55.381065368652344,58.25881576538086,60.742042541503906,62.56768035888672
2017-03-02,2017-01-30,52.61,55.09069061279297,47.98546600341797,49.85038757324219,52.37108612060547,55.09069061279297,58.015403747558594,60.568992614746094,62.44939422607422
2017-03-03,2017-01-31,53.33,55.065067291259766,48.45915985107422,50.191917419433594,52.537010192871094,55.065067291259766,57.8021354675293,60.245914459228516,62.0601806640625
2017-03-06,2017-02-01,53.2,54.69471740722656,47.35466766357422,49.23414611816406,51.79649353027344,54.69471740722656,57.75167465209961,60.32564163208008,62.21326446533203
2017-03-07,2017-02-02,53.14,53.86543655395508,46.444366455078125,48.355228424072266,50.95222473144531,53.86543655395508,56.94197082519531,59.575111389160156,61.50322723388672
2017-03-08,2017-02-03,50.28,53.5385856628418,45.979644775390625,47.93244171142578,50.581878662109375,53.5385856628418,56.62831115722656,59.28506088256836,61.23807907104492
2017-03-09,2017-02-06,49.28,52.47137451171875,44.375831604003906,46.50187683105469,49.37118148803711,52.47137451171875,55.61589050292969,58.431785583496094,60.519412994384766
2017-03-10,2017-02-07,48.49,51.55243682861328,43.57572555541992,45.66069793701172,48.478912353515625,51.55243682861328,54.68737030029297,57.474246978759766,59.53417205810547
2017-03-13,2017-02-08,48.4,52.21219253540039,44.4756965637207,46.49942398071289,49.232818603515625,52.21219253540039,55.27201843261719,57.95218276977539,59.926570892333984
2017-03-14,2017-02-09,47.72,53.260581970214844,45.68467712402344,47.644893646240234,50.30133056640625,53.260581970214844,56.370845794677734,59.047943115234375,61.014041900634766
2017-03-15,2017-02-10,48.86,54.792842864990234,47.219482421875,49.201141357421875,51.879722595214844,54.792842864990234,57.86338806152344,60.49528884887695,62.42957305908203
2017-03-16,2017-02-13,48.75,53.61806106567383,45.871849060058594,47.895263671875,50.63041305541992,53.61806106567383,56.77015686035156,59.538082122802734,61.577091217041016
2017-03-17,2017-02-14,48.78,53.27194595336914,45.7791748046875,47.723876953125,50.358402252197266,53.27194595336914,56.35999298095703,59.130287170410156,61.1831169128418
2017-03-20,2017-02-15,48.22,52.69560241699219,45.38862991333008,47.284725189208984,49.85401153564453,52.69560241699219,55.69520568847656,58.38816833496094,60.38767623901367
2017-03-21,2017-02-16,47.34,52.97669219970703,45.80933380126953,47.66809844970703,50.18760681152344,52.97669219970703,55.911285400390625,58.51443862915039,60.44282913208008
2017-03-22,2017-02-17,48.04,54.08655548095703,47.500633239746094,49.21644592285156,51.53962707519531,54.08655548095703,56.79553985595703,59.18915557861328,60.968143463134766
2017-03-23,2017-02-21,47.7,54.79341506958008,47.87108612060547,49.6686897277832,52.10746383666992,54.79341506958008,57.639305114746094,60.07705307006836,61.873924255371094
2017-03-24,2017-02-22,47.97,54.84843063354492,47.977073669433594,49.779083251953125,52.219120025634766,54.84843063354492,57.63409423828125,60.07402420043945,61.88215637207031
2017-03-27,2017-02-23,47.73,55.71427536010742,48.98233413696289,50.72318649291992,53.092063903808594,55.71427536010742,58.482261657714844,60.8248405456543,62.54913330078125
2017-03-28,2017-02-24,48.37,53.31876754760742,45.2055549621582,47.33448028564453,50.21485900878906,53.31876754760742,56.40069580078125,59.0740852355957,61.046295166015625
2017-03-29,2017-02-27,49.51,52.99372482299805,45.18618392944336,47.22601318359375,49.99107360839844,52.99372482299805,55.957542419433594,58.54722213745117,60.461814880371094
2017-03-30,2017-02-28,50.35,52.08759307861328,44.38222122192383,46.396507263183594,49.12486267089844,52.08759307861328,54.960662841796875,57.427490234375,59.24409103393555
2017-03-31,2017-03-01,50.6,52.268157958984375,44.103424072265625,46.26366424560547,49.181175231933594,52.268157958984375,55.23273849487305,57.8807373046875,59.845252990722656
2017-04-03,2017-03-02,50.24,51.057369232177734,43.0081787109375,45.12078094482422,47.9774284362793,51.057369232177734,54.12549591064453,56.8798942565918,58.92095947265625
2017-04-04,2017-03-03,51.03,52.266849517822266,44.540496826171875,46.567047119140625,49.30586242675781,52.266849517822266,55.252403259277344,57.88089370727539,59.82297897338867
2017-04-05,2017-03-06,51.15,52.550594329833984,45.09302520751953,47.03377914428711,49.66617202758789,52.550594329833984,55.516746520996094,58.12088394165039,60.04460144042969
2017-04-06,2017-03-07,51.7,53.189945220947266,45.80217361450195,47.750823974609375,50.38526916503906,53.189945220947266,56.04835510253906,58.59783172607422,60.493003845214844
2017-04-07,2017-03-08,52.24,50.75971221923828,43.0828971862793,45.083003997802734,47.794471740722656,50.75971221923828,53.76110076904297,56.37541198730469,58.298309326171875
2017-04-10,2017-03-09,53.08,48.967655181884766,41.24188232421875,43.23116683959961,45.939476013183594,48.967655181884766,52.04839324951172,54.67963790893555,56.60104751586914
2017-04-11,2017-03-10,53.4,47.124603271484375,39.25361633300781,41.2684326171875,44.0198860168457,47.124603271484375,50.30615997314453,53.095054626464844,55.13903045654297
2017-04-12,2017-03-13,53.11,46.97112274169922,39.40678405761719,41.33755111694336,43.97985076904297,46.97112274169922,50.085205078125,52.83111572265625,54.842159271240234
2017-04-13,2017-03-14,53.18,46.714107513427734,39.0249137878418,40.98020553588867,43.65643310546875,46.714107513427734,49.89887237548828,52.70476150512695,54.76457977294922
2017-04-17,2017-03-15,52.65,48.10477066040039,39.973201751708984,42.0411491394043,44.87188720703125,48.10477066040039,51.40629959106445,54.238365173339844,56.30289077758789
2017-04-18,2017-03-16,52.41,48.54615783691406,40.23657989501953,42.3861198425293,45.31031036376953,48.54615783691406,51.86772537231445,54.73102569580078,56.82107925415039
2017-04-19,2017-03-17,50.44,48.49861526489258,40.657745361328125,42.6834831237793,45.43805694580078,48.49861526489258,51.693572998046875,54.450965881347656,56.46355056762695
2017-04-20,2017-03-20,50.27,46.65911865234375,38.50255584716797,40.62343978881836,43.50263977050781,46.65911865234375,49.7713737487793,52.403133392333984,54.31558609008789
2017-04-21,2017-03-21,49.62,45.773529052734375,37.624637603759766,39.73651885986328,42.609214782714844,45.773529052734375,48.949363708496094,51.68828201293945,53.68753433227539
2017-04-24,2017-03-22,49.23,45.71598434448242,37.40179443359375,39.56735610961914,42.50790786743164,45.71598434448242,48.88911437988281,51.5991096496582,53.57444381713867
2017-04-25,2017-03-23,49.56,46.076148986816406,37.20232391357422,39.53668212890625,42.69162368774414,46.076148986816406,49.5496826171875,52.66993713378906,54.967674255371094
2017-04-26,2017-03-24,49.62,45.65568542480469,37.04755783081055,39.28779602050781,42.325103759765625,45.65568542480469,49.14175796508789,52.291725158691406,54.61362075805664
2017-04-27,2017-03-27,48.97,45.92133712768555,37.5419807434082,39.72431182861328,42.68055725097656,45.92133712768555,49.3577880859375,52.491600036621094,54.81156539916992
2017-04-28,2017-03-28,49.33,46.808048248291016,38.87984848022461,40.92851257324219,43.71183395385742,46.808048248291016,50.08135223388672,53.006526947021484,55.16568374633789
2017-05-01,2017-03-29,48.84,48.89072799682617,40.87261962890625,42.98698425292969,45.83777618408203,48.89072799682617,51.999359130859375,54.71124267578125,56.70536804199219
2017-05-02,2017-03-30,47.66,49.7321891784668,41.64817428588867,43.782997131347656,46.65796661376953,49.7321891784668,52.863643646240234,55.531410217285156,57.4807014465332
2017-05-03,2017-03-31,47.82,49.6285285949707,41.77804946899414,43.82395553588867,46.592430114746094,49.6285285949707,52.74854278564453,55.35395812988281,57.246089935302734
2017-05-04,2017-04-03,45.52,47.549617767333984,39.14901351928711,41.321773529052734,44.27107238769531,47.549617767333984,50.84220886230469,53.58015823364258,55.5627326965332
2017-05-05,2017-04-04,46.22,47.51343536376953,38.741851806640625,41.000999450683594,44.069801330566406,47.51343536376953,50.90620040893555,53.679046630859375,55.67912292480469
2017-05-08,2017-04-05,46.43,47.82670593261719,38.99950408935547,41.283470153808594,44.38114547729492,47.82670593261719,51.19365692138672,53.968841552734375,55.98149490356445
2017-05-09,2017-04-06,45.88,50.138179779052734,40.874507904052734,43.31425476074219,46.604957580566406,50.138179779052734,53.59550857543945,56.435325622558594,58.488765716552734
2017-05-10,2017-04-07,47.33,51.42013931274414,42.503448486328125,44.886993408203125,48.08704376220703,51.42013931274414,54.711036682128906,57.407989501953125,59.356815338134766
2017-05-11,2017-04-10,47.83,52.61103820800781,44.23799514770508,46.46010971069336,49.450660705566406,52.61103820800781,55.77656936645508,58.317012786865234,60.143184661865234
2017-05-12,2017-04-11,47.84,53.96101379394531,45.996368408203125,48.129276275634766,50.996517181396484,53.96101379394531,56.95227813720703,59.3887939453125,61.148414611816406
2017-05-15,2017-04-12,48.85,53.777854919433594,46.50309753417969,48.46196365356445,51.097686767578125,53.777854919433594,56.48113250732422,58.78578186035156,60.4661865234375
2017-05-16,2017-04-13,48.66,53.7762336730957,46.10031509399414,48.184024810791016,50.97980499267578,53.7762336730957,56.5208854675293,58.88630676269531,60.613197326660156
2017-05-17,2017-04-17,49.07,53.39619064331055,45.942996978759766,47.9682502746582,50.680328369140625,53.39619064331055,56.10680389404297,58.49280548095703,60.240516662597656
2017-05-18,2017-04-18,49.35,52.23038864135742,44.55064010620117,46.58918762207031,49.337730407714844,52.23038864135742,55.115997314453125,57.67617416381836,59.55754852294922
2017-05-19,2017-04-19,50.33,50.221168518066406,42.7855224609375,44.73661422729492,47.376060485839844,50.221168518066406,53.05784225463867,55.531185150146484,57.34305191040039
2017-05-22,2017-04-20,50.73,49.439884185791016,42.33370590209961,44.18622589111328,46.69633483886719,49.439884185791016,52.20777130126953,54.63841247558594,56.42352294921875
2017-05-23,2017-04-21,51.47,49.90498352050781,43.236480712890625,45.03599548339844,47.44907760620117,49.90498352050781,52.295108795166016,54.389610290527344,55.93004608154297
2017-05-24,2017-04-24,51.36,49.354461669921875,42.07768249511719,44.04570770263672,46.68301773071289,49.354461669921875,51.907142639160156,54.12434005737305,55.7485466003418
2017-05-25,2017-04-25,48.9,49.70538330078125,42.584659576416016,44.47372817993164,47.02092361450195,49.70538330078125,52.33849334716797,54.66166305541992,56.37211608886719
2017-05-26,2017-04-26,49.8,49.05359649658203,41.14665603637695,43.2447509765625,46.072547912597656,49.05359649658203,51.934356689453125,54.50505447387695,56.403221130371094
2017-05-30,2017-04-27,49.66,47.81910705566406,39.822357177734375,41.94821548461914,44.812530517578125,47.81910705566406,50.685028076171875,53.20725631713867,55.064117431640625
2017-05-31,2017-04-28,48.32,48.170284271240234,40.1995849609375,42.31462478637695,45.160888671875,48.170284271240234,51.08079147338867,53.67499542236328,55.595298767089844
2017-06-01,2017-05-01,48.36,48.5153694152832,40.303707122802734,42.501129150390625,45.45032501220703,48.5153694152832,51.5059814453125,54.16322708129883,56.125694274902344
2017-06-02,2017-05-02,47.66,48.085994720458984,40.011383056640625,42.191001892089844,45.112571716308594,48.085994720458984,50.96880340576172,53.48481750488281,55.328861236572266
2017-06-05,2017-05-03,47.4,48.65873718261719,41.39030456542969,43.35104751586914,45.979000091552734,48.65873718261719,51.32159423828125,53.69764709472656,55.4469108581543
2017-06-06,2017-05-04,48.19,47.373634338378906,39.56863784790039,41.67665100097656,44.50444793701172,47.373634338378906,50.17081069946289,52.616676330566406,54.40611267089844
2017-06-07,2017-05-05,45.72,47.87137222290039,40.52845764160156,42.48847961425781,45.124534606933594,47.87137222290039,50.619693756103516,53.08559799194336,54.907405853271484
2017-06-08,2017-05-08,45.64,47.894283294677734,40.18732833862305,42.251220703125,45.02473449707031,47.894283294677734,50.756813049316406,53.359153747558594,55.28434371948242
2017-06-09,2017-05-09,45.83,47.41258239746094,39.53305435180664,41.60390853881836,44.40766143798828,47.41258239746094,50.56355285644531,53.46057891845703,55.60874938964844
2017-06-12,2017-05-10,46.08,47.96305847167969,40.15401077270508,42.21101379394531,44.991477966308594,47.96305847167969,50.933509826660156,53.60264587402344,55.573795318603516
2017-06-13,2017-05-11,46.46,48.61502456665039,41.268245697021484,43.19769287109375,45.80729675292969,48.61502456665039,51.469905853271484,54.02593994140625,55.911643981933594
2017-06-14,2017-05-12,44.73,47.8079719543457,40.68061065673828,42.53647994995117,45.05412292480469,47.8079719543457,50.62255096435547,53.0948486328125,54.909210205078125
2017-06-15,2017-05-15,44.46,49.849666595458984,43.27507400512695,45.0162239074707,47.366477966308594,49.849666595458984,52.332275390625,54.47251892089844,56.03945541381836
2017-06-16,2017-05-16,44.74,49.368865966796875,42.21648025512695,44.13088607788086,46.706451416015625,49.368865966796875,51.98304748535156,54.22864532470703,55.86884307861328
2017-06-19,2017-05-17,44.2,49.841148376464844,42.520145416259766,44.45552444458008,47.06866455078125,49.841148376464844,52.588958740234375,54.93278884887695,56.641387939453125
2017-06-20,2017-05-18,43.23,49.27180862426758,41.03211212158203,43.2099609375,46.15054702758789,49.27180862426758,52.27621078491211,54.83150100708008,56.69298553466797
2017-06-21,2017-05-19,42.53,50.572792053222656,42.572330474853516,44.69147872924805,47.55009460449219,50.572792053222656,53.49629211425781,55.90263366699219,57.64252471923828
2017-06-22,2017-05-22,42.74,50.187191009521484,42.281314849853516,44.3618049621582,47.175376892089844,50.187191009521484,53.08333969116211,55.474822998046875,57.21086502075195
2017-06-23,2017-05-23,43.01,51.49583053588867,43.52650833129883,45.6317253112793,48.47431564331055,51.49583053588867,54.448768615722656,56.864402770996094,58.61423110961914
2017-06-26,2017-05-24,43.38,52.269187927246094,44.8625602722168,46.85083770751953,49.524261474609375,52.269187927246094,54.98004150390625,57.2459716796875,58.89240264892578
2017-06-27,2017-05-25,44.24,50.80537033081055,43.883201599121094,45.7502326965332,48.260841369628906,50.80537033081055,53.346656799316406,55.50836944580078,57.07627868652344
2017-06-28,2017-05-26,44.74,51.83180236816406,44.95144271850586,46.79990005493164,49.28654861450195,51.83180236816406,54.33561706542969,56.41606140136719,57.917823791503906
2017-06-29,2017-05-30,44.93,50.79103469848633,43.4030647277832,45.37235641479492,48.031036376953125,50.79103469848633,53.4736213684082,55.76444625854492,57.42729568481445
2017-06-30,2017-05-31,46.04,48.674537658691406,40.51918029785156,42.684356689453125,45.609092712402344,48.674537658691406,51.58511734008789,54.10417556762695,55.93899917602539
2017-07-03,2017-06-01,47.07,48.201904296875,40.16184997558594,42.256568908691406,45.10049057006836,48.201904296875,51.301185607910156,54.09919738769531,56.15603256225586
2017-07-05,2017-06-02,45.13,46.21441650390625,38.08938980102539,40.205535888671875,43.07654571533203,46.21441650390625,49.31280517578125,52.172264099121094,54.28069305419922
2017-07-06,2017-06-05,45.52,45.869258880615234,37.74706268310547,39.84564208984375,42.699302673339844,45.869258880615234,49.04741668701172,51.982627868652344,54.14904022216797
2017-07-07,2017-06-06,44.23,46.42329406738281,38.662269592285156,40.667362213134766,43.390480041503906,46.42329406738281,49.43387222290039,52.155662536621094,54.163021087646484
2017-07-10,2017-06-07,44.4,45.449066162109375,37.81266784667969,39.82528305053711,42.543155670166016,45.449066162109375,48.221458435058594,50.695438385009766,52.516632080078125
2017-07-11,2017-06-08,45.04,45.67688751220703,38.12187194824219,40.12574005126953,42.826271057128906,45.67688751220703,48.454803466796875,50.945796966552734,52.77553176879883
2017-07-12,2017-06-09,45.49,45.72507095336914,38.22740936279297,40.18973922729492,42.846527099609375,45.72507095336914,48.63667678833008,51.241024017333984,53.148681640625
2017-07-13,2017-06-12,46.08,44.959381103515625,37.08103561401367,39.13019561767578,41.905548095703125,44.959381103515625,48.063209533691406,50.80683135986328,52.81199264526367
2017-07-14,2017-06-13,46.54,45.789188385009766,38.295570373535156,40.250667572021484,42.892608642578125,45.789188385009766,48.711029052734375,51.24704360961914,53.0977783203125
2017-07-17,2017-06-14,46.02,44.161346435546875,36.56100845336914,38.514915466308594,41.174041748046875,44.161346435546875,47.15526580810547,49.75978469848633,51.66360092163086
2017-07-18,2017-06-15,46.4,44.470787048339844,36.61684036254883,38.653038024902344,41.42284393310547,44.470787048339844,47.516502380371094,50.165435791015625,52.096961975097656
2017-07-19,2017-06-16,47.12,46.23167419433594,39.25852584838867,41.08866500854492,43.573272705078125,46.23167419433594,48.96064758300781,51.36771011352539,53.12834930419922
2017-07-20,2017-06-19,46.79,46.09222412109375,39.14689254760742,40.95669174194336,43.41657257080078,46.09222412109375,48.914947509765625,51.438690185546875,53.290470123291016
2017-07-21,2017-06-20,45.77,45.236148834228516,37.70181655883789,39.67375564575195,42.35137176513672,45.236148834228516,48.13379669189453,50.644744873046875,52.47263717651367
2017-07-24,2017-06-21,46.34,42.40211486816406,33.700584411621094,35.937416076660156,38.99309158325195,42.40211486816406,45.768470764160156,48.69425964355469,50.822906494140625
2017-07-25,2017-06-22,47.89,41.617652893066406,32.876075744628906,35.13294982910156,38.208274841308594,41.617652893066406,45.00294876098633,47.93346405029297,50.05743408203125
2017-07-26,2017-06-23,48.75,41.75322341918945,33.30894088745117,35.47678756713867,38.434566497802734,41.75322341918945,45.10491943359375,48.03767013549805,50.17142105102539
2017-07-27,2017-06-26,49.04,41.265289306640625,32.932979583740234,35.06758117675781,37.979583740234375,41.265289306640625,44.608314514160156,47.537208557128906,49.669952392578125
2017-07-28,2017-06-27,49.71,42.73594284057617,34.36315155029297,36.50981521606445,39.4334831237793,42.73594284057617,46.114906311035156,49.01948165893555,51.12816619873047
2017-07-31,2017-06-28,50.17,43.2220458984375,35.090232849121094,37.16289138793945,39.990234375,43.2220458984375,46.54581069946289,49.4002685546875,51.479408264160156
2017-08-01,2017-06-29,49.16,43.407684326171875,35.76390838623047,37.72954177856445,40.40229797363281,43.407684326171875,46.4729118347168,49.09435272216797,51.003929138183594
2017-08-02,2017-06-30,49.59,45.59067153930664,38.261661529541016,40.15812683105469,42.73097229003906,45.59067153930664,48.49302673339844,50.891483306884766,52.62223815917969
2017-08-03,2017-07-03,49.03,46.923519134521484,39.31609344482422,41.27028274536133,43.9287223815918,46.923519134521484,50.00733184814453,52.57958984375,54.438289642333984
2017-08-04,2017-07-05,49.58,43.861854553222656,36.2996826171875,38.21921157836914,40.84391784667969,43.861854553222656,47.00678634643555,49.63184356689453,51.51820755004883
2017-08-07,2017-07-06,49.39,44.99567413330078,37.36885070800781,39.31932067871094,41.981109619140625,44.99567413330078,48.089534759521484,50.677284240722656,52.538330078125
2017-08-08,2017-07-07,49.17,42.3673210144043,34.00750732421875,36.12672424316406,39.029197692871094,42.3673210144043,45.729400634765625,48.51752853393555,50.51683044433594
2017-08-09,2017-07-10,49.56,43.77587890625,35.3499641418457,37.489280700683594,40.418304443359375,43.77587890625,47.16807556152344,49.99406433105469,52.022464752197266
2017-08-10,2017-07-11,48.59,46.1766471862793,37.99489974975586,40.10199737548828,42.98564910888672,46.1766471862793,49.356605529785156,51.997772216796875,53.88932800292969
2017-08-11,2017-07-12,48.82,46.67998123168945,39.0011100769043,40.978599548339844,43.68163299560547,46.67998123168945,49.69731903076172,52.17572784423828,53.942222595214844
2017-08-14,2017-07-13,47.59,48.01613998413086,40.427284240722656,42.43992233276367,45.167457580566406,48.01613998413086,50.78119659423828,53.08092498779297,54.7296257019043
2017-08-15,2017-07-14,47.55,47.09626007080078,37.764976501464844,40.207767486572266,43.527610778808594,47.09626007080078,50.42643737792969,53.150936126708984,55.095008850097656
2017-08-16,2017-07-17,46.78,46.655643463134766,37.91141128540039,40.19587707519531,43.30057144165039,46.655643463134766,49.84600830078125,52.46607971191406,54.333438873291016
2017-08-17,2017-07-18,47.09,46.567176818847656,37.840965270996094,40.089393615722656,43.15796661376953,46.567176818847656,49.784934997558594,52.42744827270508,54.31468963623047
2017-08-18,2017-07-19,48.51,47.29570770263672,39.00733947753906,41.132625579833984,44.03514862060547,47.29570770263672,50.425193786621094,52.99338150024414,54.8321647644043
2017-08-21,2017-07-20,47.37,45.77656936645508,37.32204055786133,39.473175048828125,42.41595458984375,45.77656936645508,49.070098876953125,51.7896842956543,53.734947204589844
2017-08-22,2017-07-21,47.64,45.221221923828125,37.35673522949219,39.37141418457031,42.120948791503906,45.221221923828125,48.23614501953125,50.78781509399414,52.629337310791016
2017-08-23,2017-07-24,48.41,44.30594253540039,36.29726791381836,38.369041442871094,41.18428039550781,44.30594253540039,47.32606506347656,49.867794036865234,51.70345687866211
2017-08-24,2017-07-25,47.43,46.546630859375,38.799766540527344,40.81264877319336,43.54377746582031,46.546630859375,49.42211151123047,51.78324890136719,53.483314514160156
2017-08-25,2017-07-26,47.87,48.255393981933594,40.59770965576172,42.57365417480469,45.26377868652344,48.255393981933594,51.21185302734375,53.67494583129883,55.456424713134766
2017-08-28,2017-07-27,46.57,48.304534912109375,40.13585662841797,42.2150993347168,45.06029510498047,48.304534912109375,51.530906677246094,54.23846435546875,56.198692321777344
2017-08-29,2017-07-28,46.44,49.19894790649414,40.8271484375,42.99528121948242,45.945457458496094,49.19894790649414,52.38645935058594,55.03633499145508,56.95175552368164
2017-08-30,2017-07-31,45.96,49.500396728515625,40.76253128051758,42.98884201049805,46.035865783691406,49.500396728515625,52.85354995727539,55.58283996582031,57.54940414428711
2017-08-31,2017-08-01,47.23,49.0693359375,40.11863708496094,42.421722412109375,45.56803512573242,49.0693359375,52.43363571166992,55.191829681396484,57.18020248413086
2017-09-01,2017-08-02,47.29,50.29106140136719,41.79446792602539,44.00358200073242,47.02070236206055,50.29106140136719,53.33528137207031,55.843360900878906,57.6514892578125
2017-09-05,2017-08-03,48.66,49.563472747802734,41.45455551147461,43.556846618652344,46.429931640625,49.563472747802734,52.53379821777344,54.95625305175781,56.69735336303711
2017-09-06,2017-08-04,49.16,50.8760871887207,43.86500549316406,45.726318359375,48.250736236572266,50.8760871887207,53.44599914550781,55.58257293701172,57.12248611450195
2017-09-07,2017-08-07,49.09,49.9569091796875,41.875038146972656,44.02782440185547,46.943748474121094,49.9569091796875,52.81365203857422,55.21115493774414,56.941871643066406
2017-09-08,2017-08-08,47.48,49.64677047729492,42.099788665771484,44.11178970336914,46.832977294921875,49.64677047729492,52.35877990722656,54.66236877441406,56.329490661621094
2017-09-11,2017-08-09,48.07,49.786865234375,42.13264465332031,44.17793655395508,46.93733215332031,49.786865234375,52.50587844848633,54.81718826293945,56.49399185180664
2017-09-12,2017-08-10,48.23,48.38111877441406,40.62590026855469,42.67234420776367,45.44324493408203,48.38111877441406,51.1898078918457,53.57898712158203,55.31547546386719
2017-09-13,2017-08-11,49.3,47.83454132080078,39.82833480834961,41.9163703918457,44.753353118896484,47.83454132080078,50.76350784301758,53.26713562011719,55.087135314941406
2017-09-14,2017-08-14,49.89,46.89894104003906,39.14370346069336,41.16619110107422,43.910560607910156,46.89894104003906,49.782352447509766,52.1912841796875,53.929420471191406
2017-09-15,2017-08-15,49.89,45.51015853881836,37.50578308105469,39.59975814819336,42.43431854248047,45.51015853881836,48.405799865722656,50.74142074584961,52.414894104003906
2017-09-18,2017-08-16,49.91,44.259071350097656,36.623416900634766,38.60115051269531,41.283748626708984,44.259071350097656,47.12458419799805,49.454593658447266,51.12702178955078
2017-09-19,2017-08-17,49.48,45.507965087890625,38.2548942565918,40.12689208984375,42.671417236328125,45.507965087890625,48.27180480957031,50.568077087402344,52.224609375
2017-09-20,2017-08-18,50.41,47.56985092163086,39.86276626586914,41.840232849121094,44.52984619140625,47.56985092163086,50.56243133544922,53.03865051269531,54.8282356262207
2017-09-21,2017-08-21,50.55,47.40778350830078,39.78614807128906,41.7681770324707,44.4566650390625,47.40778350830078,50.329734802246094,52.77400207519531,54.54181671142578
2017-09-22,2017-08-22,50.66,48.14125061035156,40.672760009765625,42.6051139831543,45.23501205444336,48.14125061035156,51.01702117919922,53.41207504272461,55.14787292480469
2017-09-25,2017-08-23,52.22,49.66444396972656,41.784423828125,43.85300827026367,46.65248489379883,49.66444396972656,52.640174865722656,55.099517822265625,56.877845764160156
2017-09-26,2017-08-24,51.88,49.30266189575195,41.383094787597656,43.485042572021484,46.326629638671875,49.30266189575195,52.21755599975586,54.62378692626953,56.35860061645508
2017-09-27,2017-08-25,52.14,49.48760223388672,42.04014587402344,44.01486587524414,46.68396759033203,49.48760223388672,52.290489196777344,54.61967849731445,56.29548645019531
2017-09-28,2017-08-28,51.56,49.375186920166016,42.668331146240234,44.4626350402832,46.873844146728516,49.375186920166016,51.941741943359375,54.04971694946289,55.558834075927734
2017-09-29,2017-08-29,51.67,48.76889419555664,41.434200286865234,43.40272903442383,46.041236877441406,48.76889419555664,51.533443450927734,53.817779541015625,55.45573043823242
2017-10-02,2017-08-30,50.58,47.41061019897461,40.22797775268555,42.149932861328125,44.72783660888672,47.41061019897461,50.09454345703125,52.32862854003906,53.93193817138672
2017-10-03,2017-08-31,50.42,48.68777847290039,41.8474235534668,43.68319320678711,46.13981628417969,48.68777847290039,51.217674255371094,53.28919982910156,54.772804260253906
2017-10-04,2017-09-01,49.98,47.863956451416016,40.678794860839844,42.61052703857422,45.19529342651367,47.863956451416016,50.45294189453125,52.572593688964844,54.09400939941406
2017-10-05,2017-09-05,50.79,48.39212417602539,41.023380279541016,42.98225402832031,45.61021041870117,48.39212417602539,51.103878021240234,53.317481994628906,54.91203689575195
2017-10-06,2017-09-06,49.29,49.73699188232422,43.0565185546875,44.82762908935547,47.20667266845703,49.73699188232422,52.272422790527344,54.362281799316406,55.873512268066406
2017-10-09,2017-09-07,49.58,49.25533676147461,42.34349060058594,44.223121643066406,46.73128890991211,49.25533676147461,51.666847229003906,53.645511627197266,55.07627487182617
2017-10-10,2017-09-08,50.92,46.030548095703125,38.29081726074219,40.34027099609375,43.09934616088867,46.030548095703125,48.819488525390625,51.09160232543945,52.726806640625
2017-10-11,2017-09-11,51.3,46.917457580566406,39.756290435791016,41.6234130859375,44.14704132080078,46.917457580566406,49.660614013671875,51.967891693115234,53.641136169433594
2017-10-12,2017-09-12,50.6,47.662261962890625,40.21638870239258,42.17070770263672,44.80671691894531,47.662261962890625,50.457435607910156,52.81818771362305,54.53350067138672
2017-10-13,2017-09-13,51.45,50.16405487060547,43.27665710449219,45.093631744384766,47.540916442871094,50.16405487060547,52.7891845703125,54.980613708496094,56.568416595458984
2017-10-16,2017-09-14,51.87,50.82232666015625,44.18063735961914,45.92898178100586,48.28656005859375,50.82232666015625,53.412559509277344,55.58910369873047,57.17281723022461
2017-10-17,2017-09-15,51.88,51.84891891479492,45.39699172973633,47.09549331665039,49.38874435424805,51.84891891479492,54.39903259277344,56.519981384277344,58.05846405029297
2017-10-18,2017-09-18,52.04,52.04819107055664,45.9413948059082,47.571537017822266,49.766326904296875,52.04819107055664,54.390174865722656,56.378074645996094,57.82451248168945
2017-10-19,2017-09-19,51.29,51.56880187988281,45.8233528137207,47.36518859863281,49.438777923583984,51.56880187988281,53.75537872314453,55.615020751953125,56.966163635253906
2017-10-20,2017-09-20,51.47,52.95082473754883,47.805137634277344,49.18232345581055,51.034053802490234,52.95082473754883,54.968631744384766,56.66551971435547,57.89850997924805
2017-10-23,2017-09-21,51.9,52.91409683227539,47.37097930908203,48.86534881591797,50.869380950927734,52.91409683227539,55.03459167480469,56.82620620727539,58.127174377441406
2017-10-24,2017-09-22,52.47,52.708168029785156,47.14311218261719,48.640830993652344,50.6485481262207,52.708168029785156,54.86241912841797,56.69626998901367,58.03095245361328
2017-10-25,2017-09-25,52.18,53.905208587646484,48.410179138183594,49.87705993652344,51.84755325317383,53.905208587646484,56.09297180175781,57.908226013183594,59.226829528808594
2017-10-26,2017-09-26,52.64,53.476348876953125,47.9138069152832,49.41464614868164,51.4228515625,53.476348876953125,55.5973014831543,57.36545944213867,58.654258728027344
2017-10-27,2017-09-27,53.9,53.45478820800781,47.39335632324219,49.02442169189453,51.20929718017578,53.45478820800781,55.75358200073242,57.676761627197266,59.0767707824707
2017-10-30,2017-09-28,54.15,53.28370666503906,47.14230728149414,48.78591537475586,50.99497985839844,53.28370666503906,55.64604187011719,57.65727233886719,59.124874114990234
2017-10-31,2017-09-29,54.38,53.081581115722656,46.9135856628418,48.5775032043457,50.81391143798828,53.081581115722656,55.366336822509766,57.29896545410156,58.70590591430664
2017-11-01,2017-10-02,54.3,50.70671844482422,43.40324401855469,45.337093353271484,47.954654693603516,50.70671844482422,53.331356048583984,55.52077865600586,57.10810089111328
2017-11-02,2017-10-03,54.54,50.07440948486328,43.092769622802734,44.91145706176758,47.38496398925781,50.07440948486328,52.72010803222656,54.9730224609375,56.613285064697266
2017-11-03,2017-10-04,55.64,49.80526351928711,42.83967208862305,44.659950256347656,47.128265380859375,49.80526351928711,52.495059967041016,54.82278823852539,56.523292541503906
2017-11-06,2017-10-05,57.35,51.83415222167969,45.62535858154297,47.26299285888672,49.47438430786133,51.83415222167969,54.282615661621094,56.35683822631836,57.86849594116211
2017-11-07,2017-10-06,57.2,50.985618591308594,44.90031433105469,46.505615234375,48.67420959472656,50.985618591308594,53.388275146484375,55.423152923583984,56.905277252197266
2017-11-08,2017-10-09,56.81,52.03535461425781,46.134761810302734,47.677181243896484,49.76740264892578,52.03535461425781,54.44510269165039,56.47782516479492,57.95936584472656
2017-11-09,2017-10-10,57.17,52.98881149291992,47.39490509033203,48.86882019042969,50.85857391357422,52.98881149291992,55.24382400512695,57.15687561035156,58.55387878417969
2017-11-10,2017-10-11,56.74,53.33638000488281,48.1175537109375,49.5113410949707,51.382511138916016,53.33638000488281,55.386531829833984,57.13056564331055,58.40290832519531
2017-11-13,2017-10-12,56.76,53.30000686645508,48.07319641113281,49.48557662963867,51.37696838378906,53.30000686645508,55.30314636230469,57.00531005859375,58.245018005371094
2017-11-14,2017-10-13,55.7,53.967769622802734,48.4879264831543,49.96612548828125,51.94490051269531,53.967769622802734,56.074527740478516,57.87533187866211,59.188438415527344
2017-11-15,2017-10-16,55.33,53.932579040527344,48.37969207763672,49.88052749633789,51.88829803466797,53.932579040527344,56.065589904785156,57.896278381347656,59.2347297668457
2017-11-16,2017-10-17,55.14,53.78295135498047,48.35987854003906,49.81149673461914,51.759559631347656,53.78295135498047,55.91424560546875,57.764259338378906,59.12202453613281
2017-11-17,2017-10-18,56.55,53.9677619934082,48.61210632324219,50.0568962097168,51.990882873535156,53.9677619934082,56.03767395019531,57.83439636230469,59.15400695800781
2017-11-20,2017-10-19,56.09,52.996971130371094,47.21199035644531,48.76156997680664,50.84208297729492,52.996971130371094,55.248321533203125,57.24913024902344,58.726295471191406
2017-11-21,2017-10-20,56.83,53.14384841918945,47.46040344238281,48.9653205871582,50.99359130859375,53.14384841918945,55.425872802734375,57.48406982421875,59.00949478149414
2017-11-22,2017-10-23,58.02,53.09748458862305,47.62001419067383,49.06095504760742,51.009002685546875,53.09748458862305,55.2906608581543,57.234703063964844,58.67375946044922
2017-11-24,2017-10-24,58.95,53.290435791015625,47.41722106933594,48.95540237426758,51.036903381347656,53.290435791015625,55.621192932128906,57.645267486572266,59.13800811767578
2017-11-27,2017-10-25,58.11,52.60542297363281,46.56184768676758,48.14345932006836,50.28521728515625,52.60542297363281,54.972900390625,57.03817367553711,58.56003189086914
2017-11-28,2017-10-26,57.99,52.89783477783203,46.56117248535156,48.225955963134766,50.47623062133789,52.89783477783203,55.35747528076172,57.48851013183594,59.05242919921875
2017-11-29,2017-10-27,57.3,54.62805938720703,48.95902633666992,50.43630599975586,52.43657684326172,54.62805938720703,56.96989440917969,58.95594787597656,60.409576416015625
2017-11-30,2017-10-30,57.4,55.23558807373047,49.615875244140625,51.07337951660156,53.049781799316406,55.23558807373047,57.576988220214844,59.56839370727539,61.0300178527832
2017-12-01,2017-10-31,58.36,55.84695816040039,50.30827713012695,51.75216293334961,53.70835876464844,55.84695816040039,58.15028381347656,60.05817413330078,61.45038604736328
2017-12-04,2017-11-01,57.47,55.871315002441406,50.887176513671875,52.20414733886719,53.980018615722656,55.871315002441406,57.905757904052734,59.62519073486328,60.887046813964844
2017-12-05,2017-11-02,57.62,56.080013275146484,51.40890884399414,52.657379150390625,54.33197021484375,56.080013275146484,57.951637268066406,59.529518127441406,60.68688201904297
2017-12-06,2017-11-03,55.96,57.130882263183594,52.29398727416992,53.576011657714844,55.30347442626953,57.130882263183594,59.12541961669922,60.766029357910156,61.96490478515625
2017-12-07,2017-11-06,56.69,58.67972946166992,53.40218734741211,54.7835807800293,56.65272521972656,58.67972946166992,60.91949462890625,62.75699996948242,64.10205841064453
2017-12-08,2017-11-07,57.36,58.72969055175781,53.33892059326172,54.760562896728516,56.677303314208984,58.72969055175781,61.00058364868164,62.872314453125,64.2455062866211
2017-12-11,2017-11-08,57.99,58.0445671081543,52.38980484008789,53.893394470214844,55.911895751953125,58.0445671081543,60.38652801513672,62.34164047241211,63.7750244140625
2017-12-12,2017-11-09,57.14,58.1680793762207,52.37755584716797,53.91160202026367,55.97597122192383,58.1680793762207,60.56458282470703,62.548309326171875,63.99833679199219
2017-12-13,2017-11-10,56.6,57.89696502685547,52.072628021240234,53.61463165283203,55.69371795654297,57.89696502685547,60.30207443237305,62.33909606933594,63.83388900756836
2017-12-14,2017-11-13,57.04,57.865989685058594,52.080589294433594,53.609039306640625,55.67290115356445,57.865989685058594,60.24836730957031,62.259315490722656,63.73649597167969
2017-12-15,2017-11-14,57.3,56.89204025268555,51.27310562133789,52.76041030883789,54.766944885253906,56.89204025268555,59.18037796020508,61.101097106933594,62.513065338134766
2017-12-18,2017-11-15,57.16,56.8509521484375,51.238746643066406,52.7189826965332,54.7170524597168,56.8509521484375,59.142822265625,61.10218811035156,62.547462463378906
2017-12-19,2017-11-16,57.46,56.6070556640625,51.02142333984375,52.49895095825195,54.49064254760742,56.6070556640625,58.90050506591797,60.87700271606445,62.3371467590332
2017-12-20,2017-11-17,58.09,57.59539794921875,51.64107131958008,53.217159271240234,55.34210205078125,57.59539794921875,59.98780822753906,61.97256851196289,63.4239387512207
2017-12-21,2017-11-20,58.36,57.63764953613281,52.05728530883789,53.54126739501953,55.53950500488281,57.63764953613281,59.85443115234375,61.6999397277832,63.05416488647461
2017-12-22,2017-11-21,58.47,58.2382926940918,52.601722717285156,54.0999755859375,56.11932373046875,58.2382926940918,60.46247863769531,62.32171630859375,63.68849563598633
2017-12-26,2017-11-22,59.97,59.40373229980469,53.767574310302734,55.24884796142578,57.252925872802734,59.40373229980469,61.69965744018555,63.56487274169922,64.92642974853516
2017-12-27,2017-11-24,59.64,60.17910385131836,54.96729278564453,56.33329772949219,58.18376922607422,60.17910385131836,62.31221008300781,64.04209899902344,65.30522918701172
2017-12-28,2017-11-27,59.84,59.88431930541992,54.9166259765625,56.24394226074219,58.02979278564453,59.88431930541992,61.822296142578125,63.42879867553711,64.6095962524414
2017-12-29,2017-11-28,60.42,59.46228790283203,54.28527069091797,55.678428649902344,57.54669189453125,59.46228790283203,61.481101989746094,63.186065673828125,64.44239807128906
2018-01-02,2017-11-29,60.37,59.17024230957031,53.88993835449219,55.31287384033203,57.21913528442383,59.17024230957031,61.223567962646484,63.016456604003906,64.34651184082031
2018-01-03,2017-11-30,61.63,58.91658020019531,53.66773986816406,55.08526611328125,56.98207092285156,58.91658020019531,60.96433639526367,62.73373031616211,64.04417419433594
2018-01-04,2017-12-01,62.01,59.55152893066406,54.0547981262207,55.52484130859375,57.49688720703125,59.55152893066406,61.75725173950195,63.65380859375,65.05858612060547
2018-01-05,2017-12-04,61.44,58.482200622558594,52.824066162109375,54.34423828125,56.3797721862793,58.482200622558594,60.70521545410156,62.572391510009766,63.94505310058594
2018-01-08,2017-12-05,61.73,58.14908981323242,52.451072692871094,53.986114501953125,56.037322998046875,58.14908981323242,60.37669372558594,62.298126220703125,63.718563079833984
2018-01-09,2017-12-06,62.96,56.77880096435547,50.9162483215332,52.4878044128418,54.59176254272461,56.77880096435547,59.035037994384766,60.94990539550781,62.35735321044922
2018-01-10,2017-12-07,63.57,57.053226470947266,51.55860900878906,53.032798767089844,55.00719451904297,57.053226470947266,59.17426300048828,60.99744415283203,62.34541320800781
2018-01-11,2017-12-08,63.8,58.064231872558594,52.760284423828125,54.17063522338867,56.06731414794922,58.064231872558594,60.15277862548828,61.946163177490234,63.2738037109375
2018-01-12,2017-12-11,64.3,58.822113037109375,53.50541305541992,54.91376876831055,56.812049865722656,58.822113037109375,60.954986572265625,62.79631042480469,64.16072082519531
2018-01-16,2017-12-12,63.73,58.307193756103516,52.66154479980469,54.17052459716797,56.196685791015625,58.307193756103516,60.538169860839844,62.49095153808594,63.93948745727539
2018-01-17,2017-12-13,63.97,57.781211853027344,52.17234802246094,53.6776123046875,55.69441604614258,57.781211853027344,59.949562072753906,61.859737396240234,63.27707290649414
2018-01-18,2017-12-14,63.95,58.14222717285156,52.46903610229492,53.998565673828125,56.04654312133789,58.14222717285156,60.26766586303711,62.128021240234375,63.50965118408203
2018-01-19,2017-12-15,63.37,58.43877029418945,53.049095153808594,54.499027252197266,56.4435920715332,58.43877029418945,60.46726989746094,62.22845458984375,63.537269592285156
2018-01-22,2017-12-18,63.49,58.06553268432617,52.877723693847656,54.295188903808594,56.184226989746094,58.06553268432617,59.97245407104492,61.64724349975586,62.8919677734375
2018-01-23,2017-12-19,64.47,58.13459396362305,53.063228607177734,54.4516716003418,56.29871368408203,58.13459396362305,60.029197692871094,61.73811721801758,63.01905059814453
2018-01-24,2017-12-20,65.61,58.52231216430664,53.568023681640625,54.93354797363281,56.74553680419922,58.52231216430664,60.356712341308594,61.99003219604492,63.20811080932617
2018-01-25,2017-12-21,65.51,58.90528106689453,53.737064361572266,55.151615142822266,57.03294372558594,58.90528106689453,60.81983947753906,62.52564239501953,63.79624938964844
2018-01-26,2017-12-22,66.14,58.699398040771484,53.4841194152832,54.920833587646484,56.82759475708008,58.699398040771484,60.593875885009766,62.273807525634766,63.522430419921875
2018-01-29,2017-12-26,65.56,59.73805618286133,53.95893859863281,55.51877975463867,57.59886932373047,59.73805618286133,61.95389175415039,63.85197448730469,65.25566101074219
2018-01-30,2017-12-27,64.5,59.34766387939453,53.58251953125,55.142852783203125,57.22369384765625,59.34766387939453,61.509193420410156,63.338844299316406,64.68768310546875
2018-01-31,2017-12-28,64.73,58.94979476928711,53.090965270996094,54.669986724853516,56.776973724365234,58.94979476928711,61.11644744873047,62.97657775878906,64.3523178100586
2018-02-01,2017-12-29,65.8,59.38257598876953,53.197715759277344,54.85276794433594,57.06648635864258,59.38257598876953,61.708168029785156,63.7009391784668,65.17196655273438
2018-02-02,2018-01-02,65.45,58.998802185058594,53.12461853027344,54.70069885253906,56.81000518798828,58.998802185058594,61.1544075012207,63.05948257446289,64.48057556152344
2018-02-05,2018-01-03,64.15,60.10200500488281,53.98889923095703,55.61847686767578,57.80309295654297,60.10200500488281,62.41053771972656,64.41027069091797,65.89324188232422
2018-02-06,2018-01-04,63.39,60.642616271972656,54.585628509521484,56.20279312133789,58.369659423828125,60.642616271972656,62.953643798828125,64.95639038085938,66.44425201416016
2018-02-07,2018-01-05,61.79,60.32351303100586,54.05866241455078,55.72886657714844,57.96770095825195,60.32351303100586,62.72191619873047,64.80154418945312,66.34428405761719
2018-02-08,2018-01-08,61.15,60.723899841308594,54.352813720703125,56.0562744140625,58.34075927734375,60.723899841308594,63.126861572265625,65.21414184570312,66.76181030273438
2018-02-09,2018-01-09,59.2,61.64571762084961,54.69873809814453,56.55640411376953,59.047264099121094,61.64571762084961,64.2760009765625,66.52299499511719,68.18400573730469
2018-02-12,2018-01-10,59.29,62.880252838134766,55.98584747314453,57.81568145751953,60.27557373046875,62.880252838134766,65.58906555175781,67.83124542236328,69.479736328125
2018-02-13,2018-01-11,59.19,63.14088439941406,56.075435638427734,57.96544647216797,60.49833679199219,63.14088439941406,65.85986328125,68.09950256347656,69.73954010009766
2018-02-14,2018-01-12,60.6,63.144859313964844,55.633583068847656,57.639610290527344,60.32632064819336,63.144859313964844,66.00282287597656,68.37638092041016,70.12006378173828
2018-02-15,2018-01-16,61.34,62.9748420715332,55.97775650024414,57.88574981689453,60.42796325683594,62.9748420715332,65.4971923828125,67.57450866699219,69.0933837890625
2018-02-16,2018-01-17,61.68,62.68724822998047,55.56719207763672,57.520294189453125,60.11878967285156,62.68724822998047,65.13079833984375,67.16488647460938,68.65936279296875
2018-02-20,2018-01-18,61.9,62.858367919921875,56.0973014831543,57.953426361083984,60.42375946044922,62.858367919921875,65.1775131225586,67.12443542480469,68.55643463134766
2018-02-21,2018-01-19,61.68,62.36036682128906,55.631553649902344,57.48127365112305,59.93793487548828,62.36036682128906,64.71464538574219,66.69725799560547,68.15177917480469
2018-02-22,2018-01-22,62.77,62.656944274902344,56.38738250732422,58.103050231933594,60.38407897949219,62.656944274902344,64.91755676269531,66.80638122558594,68.18950653076172
2018-02-23,2018-01-23,63.55,63.213356018066406,56.57681655883789,58.39215087890625,60.808067321777344,63.213356018066406,65.56373596191406,67.51805114746094,68.95234680175781
2018-02-26,2018-01-24,63.91,64.36200714111328,57.10966491699219,59.0887565612793,61.72368621826172,64.36200714111328,66.96363830566406,69.09324645996094,70.65293884277344
2018-02-27,2018-01-25,63.01,64.3844985961914,57.40706253051758,59.31773376464844,61.86265563964844,64.3844985961914,66.81204223632812,68.80635070800781,70.27384185791016
2018-02-28,2018-01-26,61.64,64.77000427246094,57.95168685913086,59.79930877685547,62.26478576660156,64.77000427246094,67.24114990234375,69.26461791992188,70.7501449584961
2018-03-01,2018-01-29,60.99,64.76558685302734,58.00765609741211,59.85538101196289,62.31855010986328,64.76558685302734,67.14335632324219,69.09512329101562,70.52806854248047
2018-03-02,2018-01-30,61.25,64.11878204345703,57.12923049926758,59.04180908203125,61.58876419067383,64.11878204345703,66.59921264648438,68.64407348632812,70.13871765136719
2018-03-05,2018-01-31,62.57,64.28865051269531,57.60946273803711,59.44001007080078,61.87769317626953,64.28865051269531,66.69586181640625,68.69522094726562,70.15985870361328
2018-03-06,2018-02-01,62.6,64.65084075927734,57.435604095458984,59.41065216064453,62.0396614074707,64.65084075927734,67.23011779785156,69.33302307128906,70.87223052978516
2018-03-07,2018-02-02,61.15,64.94136047363281,57.88622283935547,59.81501388549805,62.38406753540039,64.94136047363281,67.50975036621094,69.58455657958984,71.09964752197266
2018-03-08,2018-02-05,60.12,64.48934173583984,57.712284088134766,59.56929016113281,62.04326629638672,64.48934173583984,66.92444610595703,68.88835906982422,70.31419372558594
2018-03-09,2018-02-06,62.04,63.91017150878906,56.88450622558594,58.820072174072266,61.39028549194336,63.91017150878906,66.41539001464844,68.47175598144531,69.9654769897461
2018-03-12,2018-02-07,61.36,63.25562286376953,56.528236389160156,58.379798889160156,60.839141845703125,63.25562286376953,65.68936157226562,67.62226867675781,69.01036071777344
2018-03-13,2018-02-08,60.71,62.63917541503906,55.92751693725586,57.781837463378906,60.24043273925781,62.63917541503906,65.08616638183594,67.07386779785156,68.50949096679688
2018-03-14,2018-02-09,60.96,61.42216491699219,54.50006866455078,56.39276885986328,58.913597106933594,61.42216491699219,63.94241714477539,65.99811553955078,67.48001861572266
2018-03-15,2018-02-12,61.19,61.2944450378418,54.56189727783203,56.36637878417969,58.787872314453125,61.2944450378418,63.90318298339844,66.02540588378906,67.54895782470703
2018-03-16,2018-02-13,62.34,61.146453857421875,54.88513946533203,56.548248291015625,58.78856658935547,61.146453857421875,63.63063049316406,65.63836669921875,67.07759094238281
2018-03-19,2018-02-14,62.06,62.389591217041016,56.04158020019531,57.732452392578125,60.0035285949707,62.389591217041016,64.88064575195312,66.8546142578125,68.26849365234375
2018-03-20,2018-02-15,63.4,63.005340576171875,56.4727783203125,58.23362350463867,60.58782958984375,63.005340576171875,65.44621276855469,67.3855972290039,68.78089141845703
2018-03-21,2018-02-16,65.17,63.37009048461914,57.00220489501953,58.72511291503906,61.027915954589844,63.37009048461914,65.71388244628906,67.57068634033203,68.9090576171875
2018-03-22,2018-02-20,64.3,63.72277069091797,57.58880615234375,59.23414611816406,61.440826416015625,63.72277069091797,66.00492858886719,67.82449340820312,69.13845825195312
2018-03-23,2018-02-21,65.88,63.53663635253906,57.32511901855469,58.994930267333984,61.233699798583984,63.53663635253906,65.89126586914062,67.78364562988281,69.15415954589844
2018-03-26,2018-02-22,65.55,64.4496841430664,57.81712341308594,59.57910919189453,61.95286178588867,64.4496841430664,67.02716064453125,69.03036499023438,70.46617889404297
2018-03-27,2018-02-23,65.25,65.35943603515625,58.6983642578125,60.45445251464844,62.83097839355469,65.35943603515625,67.96737670898438,69.97470092773438,71.41566467285156
2018-03-28,2018-02-26,64.38,65.39012145996094,58.33021545410156,60.21241760253906,62.74713897705078,65.39012145996094,68.10494995117188,70.2044906616211,71.71159362792969
2018-03-29,2018-02-27,64.94,64.90645599365234,57.87531280517578,59.7325439453125,62.24279022216797,64.90645599365234,67.68299865722656,69.87472534179688,71.45159912109375
2018-04-02,2018-02-28,63.01,63.723445892333984,56.67361831665039,58.52827453613281,61.03898620605469,63.723445892333984,66.47329711914062,68.7017822265625,70.31161499023438
2018-04-03,2018-03-01,63.51,63.504669189453125,56.372371673583984,58.25434494018555,60.797706604003906,63.504669189453125,66.27903747558594,68.58152770996094,70.25251770019531
2018-04-04,2018-03-02,63.37,63.83485412597656,56.94752883911133,58.765838623046875,61.22645568847656,63.83485412597656,66.50163269042969,68.70885467529297,70.31392669677734
2018-04-05,2018-03-05,63.54,64.90121459960938,58.09008026123047,59.86931610107422,62.28493118286133,64.90121459960938,67.63409423828125,69.85237884521484,71.46490478515625
2018-04-06,2018-03-06,62.06,64.66543579101562,57.88652038574219,59.68069076538086,62.10222625732422,64.66543579101562,67.3531494140625,69.5936279296875,71.23500061035156
2018-04-09,2018-03-07,63.42,63.202735900878906,56.23472595214844,58.082096099853516,60.57049560546875,63.202735900878906,65.94367980957031,68.26992797851562,69.97789764404297
2018-04-10,2018-03-08,65.51,62.58539962768555,55.75236892700195,57.56745910644531,60.01051330566406,62.58539962768555,65.25943756103516,67.53864288330078,69.21319580078125
2018-04-11,2018-03-09,66.82,64.06947326660156,57.169166564941406,58.991432189941406,61.44669723510742,64.06947326660156,66.83824157714844,69.13433837890625,70.81336975097656
2018-04-12,2018-03-12,67.07,63.5748176574707,56.74488067626953,58.55732345581055,60.999000549316406,63.5748176574707,66.2275619506836,68.44405364990234,70.07185363769531
2018-04-13,2018-03-13,67.39,63.00129318237305,56.392906188964844,58.167198181152344,60.54787826538086,63.00129318237305,65.53715515136719,67.73961639404297,69.37161254882812
2018-04-16,2018-03-14,66.22,63.644561767578125,57.30892562866211,58.98994445800781,61.256134033203125,63.644561767578125,66.135009765625,68.26132202148438,69.83018493652344
2018-04-17,2018-03-15,66.52,63.85219192504883,57.464202880859375,59.153160095214844,61.43205642700195,63.85219192504883,66.40913391113281,68.58855438232422,70.19615936279297
2018-04-18,2018-03-16,68.47,64.43824768066406,57.972869873046875,59.68363571166992,61.990657806396484,64.43824768066406,66.98773193359375,69.094970703125,70.6410140991211
2018-04-19,2018-03-19,68.29,64.01690673828125,57.32959747314453,59.11370849609375,61.51322555541992,64.01690673828125,66.59410858154297,68.76139068603516,70.35917663574219
2018-04-20,2018-03-20,68.38,64.84359741210938,57.95433044433594,59.773963928222656,62.22624206542969,64.84359741210938,67.54119110107422,69.73419952392578,71.33987426757812
2018-04-23,2018-03-21,68.64,66.12303161621094,58.75649642944336,60.69956970214844,63.31629943847656,66.12303161621094,69.08372497558594,71.44746398925781,73.17350006103516
2018-04-24,2018-03-22,67.7,65.30010223388672,57.85116195678711,59.830326080322266,62.489967346191406,65.30010223388672,68.25456237792969,70.66800689697266,72.43415832519531
2018-04-25,2018-03-23,68.05,67.05252075195312,59.35285949707031,61.38569641113281,64.12191009521484,67.05252075195312,70.1275634765625,72.6180419921875,74.44003295898438
2018-04-26,2018-03-26,68.19,66.40936279296875,58.58485412597656,60.67778778076172,63.48361587524414,66.40936279296875,69.36329650878906,71.81477355957031,73.62016296386719
2018-04-27,2018-03-27,68.1,66.04164123535156,58.24607467651367,60.320560455322266,63.10681915283203,66.04164123535156,69.02922821044922,71.54447937011719,73.39804077148438
2018-04-30,2018-03-28,68.57,65.04706573486328,57.2161750793457,59.32249069213867,62.1409912109375,65.04706573486328,67.99345397949219,70.56694030761719,72.47746276855469
2018-05-01,2018-03-29,67.25,65.01022338867188,56.96277618408203,59.10649108886719,61.98556137084961,65.01022338867188,68.11095428466797,70.79655456542969,72.78390502929688
2018-05-02,2018-04-02,67.93,63.93598556518555,56.11539840698242,58.20576477050781,61.01069641113281,63.93598556518555,66.97572326660156,69.64110565185547,71.6151123046875
2018-05-03,2018-04-03,68.43,64.45491027832031,56.77293395996094,58.82460021972656,61.57799530029297,64.45491027832031,67.45703125,70.068115234375,72.0001449584961
2018-05-04,2018-04-04,69.72,64.32616424560547,56.794647216796875,58.80828094482422,61.504722595214844,64.32616424560547,67.24838256835938,69.79052734375,71.67530059814453
2018-05-07,2018-04-05,70.73,64.3577880859375,56.879722595214844,58.89576721191406,61.5888557434082,64.3577880859375,67.21430969238281,69.7718505859375,71.68070220947266
2018-05-08,2018-04-06,69.06,63.76070022583008,56.51403045654297,58.4614143371582,61.062625885009766,63.76070022583008,66.50440216064453,68.9217758178711,70.71629333496094
2018-05-09,2018-04-09,71.14,64.5985336303711,57.16062927246094,59.15011215209961,61.80949401855469,64.5985336303711,67.46406555175781,69.97935485839844,71.85152435302734
2018-05-10,2018-04-10,71.36,65.55491638183594,57.45743942260742,59.63829040527344,62.54581832885742,65.55491638183594,68.61429595947266,71.21488952636719,73.13719177246094
2018-05-11,2018-04-11,70.7,66.25253295898438,57.72564697265625,60.012264251708984,63.065040588378906,66.25253295898438,69.46852111816406,72.14698791503906,74.1177749633789
2018-05-14,2018-04-12,70.96,65.76908874511719,56.67166519165039,59.107513427734375,62.36427307128906,65.76908874511719,69.13101196289062,71.93441009521484,73.99299621582031
2018-05-15,2018-04-13,71.31,65.65414428710938,56.258792877197266,58.76395034790039,62.119102478027344,65.65414428710938,69.17705535888672,72.1314926147461,74.29975128173828
2018-05-16,2018-04-16,71.49,64.89425659179688,55.484066009521484,57.99799728393555,61.36456298828125,64.89425659179688,68.37528991699219,71.33038330078125,73.49955749511719
2018-05-17,2018-04-17,71.49,64.66267395019531,55.32297134399414,57.81168746948242,61.143310546875,64.66267395019531,68.10658264160156,71.0513916015625,73.22415924072266
2018-05-18,2018-04-18,71.28,66.11324310302734,56.362083435058594,58.96165084838867,62.433563232421875,66.11324310302734,69.7413330078125,72.78553009033203,75.02803802490234
2018-05-21,2018-04-19,72.24,65.99687194824219,56.44152069091797,58.97985076904297,62.37523651123047,65.99687194824219,69.55720520019531,72.49794006347656,74.6549072265625
2018-05-22,2018-04-20,72.13,66.85364532470703,57.48297882080078,59.99015426635742,63.339107513427734,66.85364532470703,70.31352233886719,73.21298217773438,75.34320068359375
2018-05-23,2018-04-23,71.84,66.82925415039062,57.652870178222656,60.08403778076172,63.34436798095703,66.82925415039062,70.32460021972656,73.28240966796875,75.4583740234375
2018-05-24,2018-04-24,70.71,66.27222442626953,57.38532638549805,59.75554656982422,62.92515563964844,66.27222442626953,69.63667297363281,72.5590591430664,74.71818542480469
2018-05-25,2018-04-25,67.88,66.08690643310547,57.35126876831055,59.67436981201172,62.78448486328125,66.08690643310547,69.41844177246094,72.33412170410156,74.49508666992188
2018-05-29,2018-04-26,66.73,65.86608123779297,57.11164855957031,59.44753646850586,62.56414031982422,65.86608123779297,69.211669921875,72.16829681396484,74.36592102050781
2018-05-30,2018-04-27,68.21,66.27015686035156,57.8252067565918,60.095619201660156,63.12060546875,66.27015686035156,69.43807983398438,72.26617431640625,74.37251281738281
2018-05-31,2018-04-30,67.04,66.3970718383789,57.99401092529297,60.2502555847168,63.25752639770508,66.3970718383789,69.5777587890625,72.39862060546875,74.49545288085938
2018-06-01,2018-05-01,65.81,65.18682098388672,56.84793472290039,59.089595794677734,62.08325958251953,65.18682098388672,68.30308532714844,71.07096099853516,73.12663269042969
2018-06-04,2018-05-02,64.75,64.8867416381836,56.025115966796875,58.41742706298828,61.609100341796875,64.8867416381836,68.07537078857422,70.8555908203125,72.91493225097656
2018-06-05,2018-05-03,65.52,64.64701843261719,55.5025634765625,57.96735382080078,61.25171661376953,64.64701843261719,67.93122863769531,70.73472595214844,72.80754089355469
2018-06-06,2018-05-04,64.73,65.68094635009766,56.03156280517578,58.624027252197266,62.07738494873047,65.68094635009766,69.16658020019531,72.13240051269531,74.32762908935547
2018-06-07,2018-05-07,65.95,67.37897491455078,57.70989227294922,60.32341003417969,63.79269027709961,67.37897491455078,71.0063247680664,74.05398559570312,76.29471588134766
2018-06-08,2018-05-08,65.74,66.85240173339844,57.04257583618164,59.68479919433594,63.20648193359375,66.85240173339844,70.49826049804688,73.56434631347656,75.81143951416016
2018-06-11,2018-05-09,66.1,67.7906494140625,58.085838317871094,60.687232971191406,64.14997863769531,67.7906494140625,71.43702697753906,74.46808624267578,76.688720703125
2018-06-12,2018-05-10,66.36,67.83647155761719,57.96002960205078,60.614830017089844,64.14688873291016,67.83647155761719,71.46060180664062,74.52094268798828,76.77886199951172
2018-06-13,2018-05-11,66.64,67.37457275390625,57.78574752807617,60.363895416259766,63.79290008544922,67.37457275390625,70.8566665649414,73.81269836425781,75.99374389648438
2018-06-14,2018-05-14,66.89,69.04537200927734,59.660125732421875,62.184146881103516,65.54768371582031,69.04537200927734,72.506103515625,75.49397277832031,77.70613098144531
2018-06-15,2018-05-15,65.06,69.93548583984375,60.54173278808594,63.0618782043457,66.431884765625,69.93548583984375,73.45221710205078,76.46412658691406,78.68675231933594
2018-06-18,2018-05-16,65.85,70.51062774658203,61.135536193847656,63.65675354003906,67.0302734375,70.51062774658203,73.98077392578125,76.9395751953125,79.11743927001953
2018-06-19,2018-05-17,65.07,70.7340087890625,61.36229705810547,63.87747573852539,67.24617004394531,70.7340087890625,74.23235321044922,77.28507995605469,79.54501342773438
2018-06-20,2018-05-18,66.22,70.57593536376953,61.434776306152344,63.8898811340332,67.17604064941406,70.57593536376953,74.00567626953125,77.01284790039062,79.24005889892578
2018-06-21,2018-05-21,65.54,71.59101867675781,62.715232849121094,65.11304473876953,68.314453125,71.59101867675781,74.93883514404297,77.85916137695312,80.02433776855469
2018-06-22,2018-05-22,68.58,71.0947036743164,62.371009826660156,64.72517395019531,67.86544799804688,71.0947036743164,74.39212036132812,77.25875854492188,79.38206481933594
2018-06-25,2018-05-23,68.08,70.95069885253906,62.371734619140625,64.69571685791016,67.79843139648438,70.95069885253906,74.088623046875,76.83427429199219,78.8721923828125
2018-06-26,2018-05-24,70.53,69.90733337402344,61.17462921142578,63.56060791015625,66.73167419433594,69.90733337402344,73.03888702392578,75.76138305664062,77.77572631835938
2018-06-27,2018-05-25,72.76,68.09432220458984,59.47442626953125,61.82594299316406,64.94705963134766,68.09432220458984,71.20854949951172,73.839599609375,75.76384735107422
2018-06-28,2018-05-29,73.45,67.40191650390625,58.51104736328125,60.940887451171875,64.16216278076172,67.40191650390625,70.60427856445312,73.34127044677734,75.34590148925781
2018-06-29,2018-05-30,74.15,69.87837219238281,61.62860107421875,63.834930419921875,66.77780151367188,69.87837219238281,73.10704040527344,75.78761291503906,77.74589538574219
2018-07-02,2018-05-31,73.94,68.96996307373047,60.42662811279297,62.70683670043945,65.75965881347656,68.96996307373047,72.26626586914062,75.07386779785156,77.13282012939453
2018-07-03,2018-06-01,74.14,67.670654296875,59.45505142211914,61.66004943847656,64.60305786132812,67.670654296875,70.79570007324219,73.48368835449219,75.45891571044922
2018-07-05,2018-06-04,72.94,66.47537231445312,58.235633850097656,60.441734313964844,63.38694763183594,66.47537231445312,69.59422302246094,72.24958038330078,74.19144439697266
2018-07-06,2018-06-05,73.8,67.25252532958984,59.26959991455078,61.40748596191406,64.26013946533203,67.25252532958984,70.29844665527344,72.87226104736328,74.7533187866211
2018-07-09,2018-06-06,73.85,66.75460815429688,58.67573547363281,60.84645462036133,63.7432975769043,66.75460815429688,69.84384155273438,72.55622100830078,74.55482482910156
2018-07-10,2018-06-07,74.11,67.60309600830078,59.44511413574219,61.616085052490234,64.51971435546875,67.60309600830078,70.78722381591797,73.46546173095703,75.41876983642578
2018-07-11,2018-06-08,70.38,67.23487854003906,58.9703483581543,61.17740249633789,64.12520599365234,67.23487854003906,70.46305847167969,73.21895599365234,75.23345947265625
2018-07-12,2018-06-11,70.33,67.85743713378906,59.884742736816406,62.01445770263672,64.85745239257812,67.85743713378906,71.01986694335938,73.77095031738281,75.79219055175781
2018-07-13,2018-06-12,71.01,68.51127624511719,60.384864807128906,62.546104431152344,65.43843078613281,68.51127624511719,71.81044006347656,74.7037582397461,76.8304443359375
2018-07-16,2018-06-13,68.06,69.15875244140625,61.286094665527344,63.38005065917969,66.18748474121094,69.15875244140625,72.3859634399414,75.26696014404297,77.40044403076172
2018-07-17,2018-06-14,68.08,69.04379272460938,61.075286865234375,63.20396041870117,66.05432891845703,69.04379272460938,72.22816467285156,75.03070831298828,77.10018157958984
2018-07-18,2018-06-15,68.76,67.58643341064453,59.829750061035156,61.899070739746094,64.67589569091797,67.58643341064453,70.67708587646484,73.40081024169922,75.409912109375
2018-07-19,2018-06-18,69.46,67.84770202636719,60.29270935058594,62.310665130615234,65.01469421386719,67.84770202636719,70.80995178222656,73.36416625976562,75.23607635498047
2018-07-20,2018-06-19,70.46,67.35850524902344,59.64988327026367,61.70014572143555,64.45196533203125,67.35850524902344,70.43409729003906,73.10559844970703,75.06729888916016
2018-07-23,2018-06-20,67.89,68.25736236572266,60.054603576660156,62.225006103515625,65.14259338378906,68.25736236572266,71.49870300292969,74.2808609008789,76.32066345214844
2018-07-24,2018-06-21,68.52,67.49568939208984,58.9967041015625,61.23151397705078,64.24469757080078,67.49568939208984,70.87823486328125,73.84407806396484,76.03023529052734
2018-07-25,2018-06-22,69.3,68.16389465332031,59.13025665283203,61.487266540527344,64.66460418701172,68.16389465332031,71.71894836425781,74.7809829711914,77.0354995727539
2018-07-26,2018-06-25,69.61,67.74562072753906,59.144805908203125,61.40629959106445,64.44908142089844,67.74562072753906,71.06715393066406,73.95832824707031,76.09544372558594
2018-07-27,2018-06-26,68.69,69.54446411132812,60.85991668701172,63.13972473144531,66.20512390136719,69.54446411132812,72.89584350585938,75.72039794921875,77.79524993896484
2018-07-30,2018-06-27,70.13,71.06304931640625,62.140296936035156,64.47988891601562,67.62307739257812,71.06304931640625,74.55929565429688,77.49707794189453,79.6605453491211
2018-07-31,2018-06-28,68.76,71.99402618408203,62.647804260253906,65.09162902832031,68.37376403808594,71.99402618408203,75.73753356933594,78.87129974365234,81.17778778076172
2018-08-01,2018-06-29,67.66,72.78359985351562,62.75006866455078,65.3908920288086,68.93019104003906,72.78359985351562,76.7408676147461,80.02241516113281,82.42892456054688
2018-08-02,2018-07-02,68.96,72.9984130859375,63.181724548339844,65.76648712158203,69.23377990722656,72.9984130859375,76.88359069824219,80.14546966552734,82.53933715820312
2018-08-03,2018-07-03,68.49,73.37002563476562,63.76567840576172,66.295166015625,69.68934631347656,73.37002563476562,77.16239929199219,80.36505126953125,82.71829986572266
2018-08-06,2018-07-05,69.01,73.04094696044922,63.194618225097656,65.81343841552734,69.32194519042969,73.04094696044922,76.84413146972656,80.11532592773438,82.52595520019531
2018-08-07,2018-07-06,69.17,74.45433807373047,64.83761596679688,67.40242004394531,70.8362045288086,74.45433807373047,78.21135711669922,81.45671081542969,83.85017395019531
2018-08-08,2018-07-09,66.94,74.23809051513672,64.67713928222656,67.20372009277344,70.59764099121094,74.23809051513672,77.99073791503906,81.21202087402344,83.59114837646484
2018-08-09,2018-07-10,66.81,74.12732696533203,64.6747055053711,67.18388366699219,70.55343627929688,74.12732696533203,77.76905822753906,80.94190979003906,83.29226684570312
2018-08-10,2018-07-11,67.63,71.58670043945312,62.60496520996094,64.99488067626953,68.19697570800781,71.58670043945312,75.0190658569336,77.9557876586914,80.11567687988281
2018-08-13,2018-07-12,67.2,71.3345947265625,62.183837890625,64.6173095703125,67.87934112548828,71.3345947265625,74.9605941772461,78.16243743896484,80.53074645996094
2018-08-14,2018-07-13,67.04,71.05499267578125,61.544036865234375,64.08555603027344,67.48503112792969,71.05499267578125,74.6949462890625,77.87992095947266,80.23558044433594
2018-08-15,2018-07-16,65.01,68.4245376586914,58.93440628051758,61.43707275390625,64.79808044433594,68.4245376586914,72.13819885253906,75.31005096435547,77.6377182006836
2018-08-16,2018-07-17,65.46,66.699462890625,56.93993377685547,59.51607894897461,62.97655487060547,66.699462890625,70.47432708740234,73.69871520996094,76.05746459960938
2018-08-17,2018-07-18,65.91,66.74411010742188,57.23198699951172,59.72352600097656,63.074005126953125,66.74411010742188,70.46177673339844,73.64773559570312,75.98249816894531
2018-08-20,2018-07-19,66.43,66.4794921875,56.910484313964844,59.42555236816406,62.80292510986328,66.4794921875,70.09757995605469,73.15735626220703,75.39690399169922
2018-08-21,2018-07-20,67.35,67.33317565917969,57.891197204589844,60.399635314941406,63.750667572021484,67.33317565917969,70.76939392089844,73.65300750732422,75.76539611816406
2018-08-22,2018-07-23,67.86,65.57258605957031,55.96500778198242,58.51820373535156,61.9331169128418,65.57258605957031,69.1474838256836,72.20531463623047,74.45049285888672
2018-08-23,2018-07-24,67.83,65.881103515625,55.872859954833984,58.56711196899414,62.15219497680664,65.881103515625,69.5216064453125,72.60475158691406,74.86241149902344
2018-08-24,2018-07-25,68.72,67.21257019042969,57.14564895629883,59.83769607543945,63.424766540527344,67.21257019042969,70.92725372314453,74.11811065673828,76.46495819091797
2018-08-27,2018-07-26,68.87,67.44648742675781,57.98387908935547,60.505706787109375,63.871334075927734,67.44648742675781,70.97087860107422,74.0147476196289,76.25691223144531
2018-08-28,2018-07-27,68.53,67.57091522216797,58.14501953125,60.67701721191406,64.0517578125,67.57091522216797,71.10041809082031,74.24057006835938,76.56559753417969
2018-08-29,2018-07-30,69.51,69.4984359741211,60.198936462402344,62.71916961669922,66.0640869140625,69.4984359741211,72.9315185546875,75.96873474121094,78.218017578125
2018-08-30,2018-07-31,70.25,68.00540924072266,58.595829010009766,61.12925720214844,64.50459289550781,68.00540924072266,71.5406265258789,74.74786376953125,77.13348388671875
2018-08-31,2018-08-01,69.8,66.70787811279297,57.379154205322266,59.86831283569336,63.203453063964844,66.70787811279297,70.17913818359375,73.3135757446289,75.63843536376953
2018-09-04,2018-08-02,69.87,66.98590087890625,57.46694564819336,59.99528503417969,63.383262634277344,66.98590087890625,70.48707580566406,73.5796127319336,75.86944580078125
2018-09-05,2018-08-03,68.72,67.71038818359375,57.964534759521484,60.5368766784668,64.00157928466797,67.71038818359375,71.37051391601562,74.68097686767578,77.14356994628906
2018-09-06,2018-08-06,67.77,67.20967102050781,57.10418701171875,59.79117202758789,63.401771545410156,67.20967102050781,70.82101440429688,74.10535430908203,76.55247497558594
2018-09-07,2018-08-07,67.75,67.84293365478516,57.752681732177734,60.408302307128906,63.979896545410156,67.84293365478516,71.62870788574219,74.98577117919922,77.47518157958984
2018-09-10,2018-08-08,67.54,66.58482360839844,56.936431884765625,59.437408447265625,62.82477569580078,66.58482360839844,70.43731689453125,73.76689910888672,76.20365142822266
2018-09-11,2018-08-09,69.25,65.58075714111328,55.91498565673828,58.42631149291992,61.819427490234375,65.58075714111328,69.4611587524414,72.74860382080078,75.14313507080078
2018-09-12,2018-08-10,70.37,63.50167465209961,54.2452278137207,56.701847076416016,59.99132537841797,63.50167465209961,67.00984191894531,70.00830078125,72.19854736328125
2018-09-13,2018-08-13,68.59,63.338706970214844,54.803001403808594,57.067264556884766,60.10469436645508,63.338706970214844,66.64277648925781,69.51119232177734,71.61392211914062
2018-09-14,2018-08-14,68.99,64.43303680419922,55.83818054199219,58.09218978881836,61.119712829589844,64.43303680419922,67.870849609375,70.8824462890625,73.1009521484375
2018-09-17,2018-08-15,68.91,64.78643035888672,56.08090591430664,58.37269973754883,61.45957946777344,64.78643035888672,68.25456237792969,71.27022552490234,73.46714782714844
2018-09-18,2018-08-16,69.85,64.20108032226562,55.177162170410156,57.572017669677734,60.78254699707031,64.20108032226562,67.69956970214844,70.73715209960938,72.95453643798828
2018-09-19,2018-08-17,71.12,64.60204315185547,55.900543212890625,58.21747970581055,61.322410583496094,64.60204315185547,67.90760803222656,70.80097961425781,72.92817687988281
2018-09-20,2018-08-20,70.8,65.75238037109375,57.4241828918457,59.62177658081055,62.571231842041016,65.75238037109375,69.03897094726562,71.95841217041016,74.11627960205078
2018-09-21,2018-08-21,70.78,67.01262664794922,58.61235046386719,60.868927001953125,63.87153244018555,67.01262664794922,70.21981811523438,73.04075622558594,75.125
2018-09-24,2018-08-22,72.08,67.15276336669922,58.52140808105469,60.81797790527344,63.88013458251953,67.15276336669922,70.51969909667969,73.43685150146484,75.58354949951172
2018-09-25,2018-08-23,72.28,67.77236938476562,59.11695861816406,61.424530029296875,64.50531005859375,67.77236938476562,71.10977935791016,73.9471664428711,76.01997375488281
2018-09-26,2018-08-24,71.57,66.1128921508789,56.82944869995117,59.310184478759766,62.61316680908203,66.1128921508789,69.51082611083984,72.38292694091797,74.48725128173828
2018-09-27,2018-08-27,72.12,67.2359390258789,57.686100006103516,60.20512008666992,63.58030700683594,67.2359390258789,70.81873321533203,73.92286682128906,76.21383666992188
2018-09-28,2018-08-28,73.25,66.89459228515625,57.549678802490234,60.01844024658203,63.32880401611328,66.89459228515625,70.38301849365234,73.39917755126953,75.61963653564453
2018-10-01,2018-08-29,75.3,68.32150268554688,59.02681350708008,61.461795806884766,64.73121643066406,68.32150268554688,71.88796997070312,74.88085174560547,77.07038116455078
2018-10-02,2018-08-30,75.23,69.53378295898438,60.678924560546875,62.9536018371582,66.0279541015625,69.53378295898438,73.1164321899414,76.11773681640625,78.31076049804688
2018-10-03,2018-08-31,76.41,69.24716186523438,60.38114929199219,62.67552185058594,65.77175903320312,69.24716186523438,72.7962646484375,75.78687286376953,77.97030639648438
2018-10-04,2018-09-04,74.33,67.57199096679688,58.38078308105469,60.78364562988281,64.01483154296875,67.57199096679688,71.03497314453125,73.95321655273438,76.09060668945312
2018-10-05,2018-09-05,74.34,65.3687973022461,56.74268341064453,58.978580474853516,61.99382400512695,65.3687973022461,68.74375915527344,71.6552734375,73.79856872558594
2018-10-08,2018-09-06,74.29,64.57847595214844,56.20185470581055,58.366661071777344,61.290557861328125,64.57847595214844,67.85427856445312,70.70154571533203,72.79949951171875
2018-10-09,2018-09-07,74.96,67.12088012695312,58.60414505004883,60.842044830322266,63.852622985839844,67.12088012695312,70.37181091308594,73.23223876953125,75.34097290039062
2018-10-10,2018-09-10,73.17,67.05255889892578,58.4612922668457,60.733707427978516,63.78684997558594,67.05255889892578,70.25953674316406,73.0890121459961,75.1781234741211
2018-10-11,2018-09-11,70.97,67.5575180053711,58.92709732055664,61.212493896484375,64.27115631103516,67.5575180053711,70.72425842285156,73.41703033447266,75.40156555175781
2018-10-12,2018-09-12,71.34,68.07685089111328,59.43374252319336,61.692108154296875,64.72260284423828,68.07685089111328,71.37652587890625,74.21257019042969,76.31114959716797
2018-10-15,2018-09-13,71.78,68.0903091430664,59.36906433105469,61.68906784057617,64.80548095703125,68.0903091430664,71.21124267578125,73.91575622558594,75.91252136230469
2018-10-16,2018-09-14,71.92,68.0798110961914,59.14658737182617,61.496639251708984,64.66566467285156,68.0798110961914,71.31634521484375,74.15592956542969,76.26179504394531
2018-10-17,2018-09-17,69.75,69.38349914550781,60.67463684082031,62.959739685058594,66.04874420166016,69.38349914550781,72.57467651367188,75.36351013183594,77.42839050292969
2018-10-18,2018-09-18,68.65,68.01203918457031,58.372154235839844,60.86932373046875,64.25991821289062,68.01203918457031,71.4561538696289,74.41104888916016,76.5978775024414
2018-10-19,2018-09-19,69.12,68.77192687988281,58.7722053527832,61.315853118896484,64.77959442138672,68.77192687988281,72.55381774902344,75.85053253173828,78.30094146728516
2018-10-22,2018-09-20,69.17,69.23912048339844,59.97954559326172,62.34438705444336,65.5605697631836,69.23912048339844,72.7540283203125,75.78327178955078,78.02423095703125
2018-10-23,2018-09-21,66.43,69.30877685546875,60.102088928222656,62.471458435058594,65.68952178955078,69.30877685546875,72.77619934082031,75.7681655883789,77.97407531738281
2018-10-24,2018-09-24,66.82,69.53956604003906,60.46624755859375,62.76180648803711,65.89305114746094,69.53956604003906,73.1353988647461,76.14523315429688,78.35498046875
2018-10-25,2018-09-25,67.33,70.37872314453125,61.345314025878906,63.65568161010742,66.79373168945312,70.37872314453125,73.97952270507812,77.05054473876953,79.3113784790039
2018-10-26,2018-09-26,67.59,69.07418823242188,60.14299011230469,62.427642822265625,65.54150390625,69.07418823242188,72.507080078125,75.43465423583984,77.58853149414062
2018-10-29,2018-09-27,67.04,68.51670837402344,59.95256805419922,62.12752914428711,65.08599090576172,68.51670837402344,71.94625854492188,74.85713195800781,76.99635314941406
2018-10-30,2018-09-28,66.18,70.31229400634766,61.72754669189453,63.9184455871582,66.88904571533203,70.31229400634766,73.7740478515625,76.66680908203125,78.78260040283203
2018-10-31,2018-10-01,65.31,73.7465591430664,64.70996856689453,67.04312133789062,70.19351196289062,73.7465591430664,77.42581176757812,80.51197814941406,82.76924133300781
2018-11-01,2018-10-02,63.69,73.63455200195312,64.67363739013672,67.01856994628906,70.17359161376953,73.63455200195312,77.13978576660156,80.137451171875,82.3425064086914
2018-11-02,2018-10-03,63.14,73.9496078491211,64.66377258300781,67.08370208740234,70.33686828613281,73.9496078491211,77.5826187133789,80.59596252441406,82.80047607421875
2018-11-05,2018-10-04,63.1,71.10664367675781,62.0655517578125,64.4243392944336,67.59114074707031,71.10664367675781,74.61325073242188,77.51052856445312,79.6260986328125
2018-11-06,2018-10-05,62.21,71.39694213867188,62.3150634765625,64.68077087402344,67.86569213867188,71.39694213867188,74.798095703125,77.60953521728516,79.6645278930664
2018-11-07,2018-10-08,61.67,71.77703094482422,62.72278594970703,65.08021545410156,68.2548828125,71.77703094482422,75.21803283691406,78.14996337890625,80.31053161621094
2018-11-08,2018-10-09,60.67,72.67984008789062,63.530799865722656,65.90131378173828,69.10023498535156,72.67984008789062,76.1680908203125,79.14533996582031,81.34257507324219
2018-11-09,2018-10-10,60.19,69.65594482421875,60.34690856933594,62.72998809814453,65.95343780517578,69.65594482421875,73.29000854492188,76.36190795898438,78.61920166015625
2018-11-12,2018-10-11,59.93,67.75707244873047,58.0212287902832,60.50515365600586,63.858306884765625,67.75707244873047,71.60643005371094,74.86097717285156,77.25196075439453
2018-11-13,2018-10-12,55.69,68.49054718017578,59.28752899169922,61.63697814941406,64.813232421875,68.49054718017578,72.15870666503906,75.36036682128906,77.72305297851562
2018-11-14,2018-10-15,56.25,69.917236328125,61.08305358886719,63.382266998291016,66.47714233398438,69.917236328125,73.3841552734375,76.44993591308594,78.71369934082031
2018-11-15,2018-10-16,56.46,68.38858795166016,59.65899658203125,61.899742126464844,64.92887878417969,68.38858795166016,71.86408996582031,74.86347198486328,77.07154083251953
2018-11-16,2018-10-17,56.46,66.73261260986328,58.14252471923828,60.331138610839844,63.30550003051758,66.73261260986328,70.25846099853516,73.27745056152344,75.48500061035156
2018-11-19,2018-10-18,56.76,66.4357681274414,58.02289962768555,60.19239807128906,63.13739013671875,66.4357681274414,69.8142318725586,72.6923828125,74.78533172607422
2018-11-20,2018-10-19,53.43,65.7413558959961,57.419456481933594,59.54841995239258,62.440162658691406,65.7413558959961,69.13941955566406,71.99687194824219,74.072998046875
2018-11-21,2018-10-22,54.63,66.20846557617188,58.27288818359375,60.316078186035156,63.082786560058594,66.20846557617188,69.38410949707031,72.06977844238281,74.02997589111328
2018-11-23,2018-10-23,50.42,64.97026062011719,56.49517822265625,58.66573715209961,61.617401123046875,64.97026062011719,68.37457275390625,71.17479705810547,73.1954116821289
2018-11-26,2018-10-24,51.63,64.93708038330078,56.36582946777344,58.56941604614258,61.555667877197266,64.93708038330078,68.3469467163086,71.13717651367188,73.14871978759766
2018-11-27,2018-10-25,51.56,66.64073181152344,58.753204345703125,60.80733871459961,63.57801055908203,66.64073181152344,69.70283508300781,72.20296478271484,74.00431823730469
2018-11-28,2018-10-26,50.29,67.2051773071289,59.6242561340332,61.59053039550781,64.24008178710938,67.2051773071289,70.29226684570312,72.85240173339844,74.70130157470703
2018-11-29,2018-10-29,51.45,66.94439697265625,59.14305877685547,61.19889831542969,63.95481491088867,66.94439697265625,70.01396942138672,72.58331298828125,74.44622802734375
2018-11-30,2018-10-30,50.93,66.21147155761719,58.34297180175781,60.39677429199219,63.16102600097656,66.21147155761719,69.38544464111328,72.05799102783203,73.99833679199219
2018-12-03,2018-10-31,52.95,64.40007019042969,56.24781799316406,58.37000274658203,61.232078552246094,64.40007019042969,67.65536499023438,70.4012451171875,72.39054107666016
2018-12-04,2018-11-01,53.25,62.98088073730469,54.854251861572266,56.951499938964844,59.793182373046875,62.98088073730469,66.29267883300781,69.08065795898438,71.09596252441406
2018-12-06,2018-11-02,51.49,62.693275451660156,54.618316650390625,56.68495178222656,59.487483978271484,62.693275451660156,66.10458374023438,69.02935028076172,71.1495590209961
2018-12-07,2018-11-05,52.61,63.28282165527344,55.59040832519531,57.56232833862305,60.236724853515625,63.28282165527344,66.56307220458984,69.38401794433594,71.43399810791016
2018-12-10,2018-11-06,51.0,62.790489196777344,55.22223663330078,57.15249252319336,59.77790832519531,62.790489196777344,66.0672607421875,68.908203125,70.9733657836914
2018-12-11,2018-11-07,51.65,60.88801193237305,53.51395797729492,55.38192367553711,57.93178939819336,60.88801193237305,64.08328247070312,66.83953857421875,68.83873748779297
2018-12-12,2018-11-08,51.15,60.6370964050293,53.45730972290039,55.27292251586914,57.75727462768555,60.6370964050293,63.73902130126953,66.42769622802734,68.37899780273438
2018-12-13,2018-11-09,52.58,60.4718017578125,53.47273254394531,55.24645233154297,57.67052459716797,60.4718017578125,63.38335418701172,65.90129089355469,67.7332763671875
2018-12-14,2018-11-12,51.2,60.06077575683594,53.061187744140625,54.83635711669922,57.25955581665039,60.06077575683594,62.97502899169922,65.5085678100586,67.35606384277344
2018-12-17,2018-11-13,49.88,58.519535064697266,50.535545349121094,52.577938079833984,55.371437072753906,58.519535064697266,61.75852584838867,64.51710510253906,66.50628662109375
2018-12-18,2018-11-14,46.24,58.92592239379883,51.286991119384766,53.194480895996094,55.82026672363281,58.92592239379883,62.06737518310547,64.7243423461914,66.63948059082031
2018-12-19,2018-11-15,47.2,58.39345169067383,50.75983428955078,52.65533447265625,55.267723083496094,58.39345169067383,61.589847564697266,64.32593536376953,66.30853271484375
2018-12-20,2018-11-16,45.88,58.687808990478516,51.2218017578125,53.06892776489258,55.616485595703125,58.687808990478516,61.86992645263672,64.596923828125,66.58348846435547
2018-12-21,2018-11-19,45.59,58.617679595947266,51.07052230834961,52.93168258666992,55.49839401245117,58.617679595947266,61.88718032836914,64.67878723144531,66.72103881835938
2018-12-24,2018-11-20,42.53,57.7342643737793,49.69525909423828,51.699371337890625,54.464111328125,57.7342643737793,61.09487533569336,63.920066833496094,65.975341796875
2018-12-26,2018-11-21,46.22,56.56668472290039,48.69837951660156,50.665985107421875,53.372703552246094,56.56668472290039,59.735809326171875,62.37542724609375,64.293701171875
2018-12-27,2018-11-23,44.61,54.079830169677734,45.41120529174805,47.610530853271484,50.63005065917969,54.079830169677734,57.48728561401367,60.39469528198242,62.510597229003906
2018-12-28,2018-11-26,45.33,53.628753662109375,45.45102310180664,47.50041198730469,50.32352066040039,53.628753662109375,56.883689880371094,59.682762145996094,61.7321662902832
2018-12-31,2018-11-27,45.41,53.05492401123047,44.9241943359375,46.95222473144531,49.74801254272461,53.05492401123047,56.426971435546875,59.32963562011719,61.45764923095703
2019-01-02,2018-11-28,46.54,52.26527786254883,43.86744689941406,45.96376037597656,48.858978271484375,52.26527786254883,55.832855224609375,58.91242599487305,61.16727066040039
2019-01-03,2018-11-29,47.09,52.12763977050781,44.03367614746094,46.066551208496094,48.864227294921875,52.12763977050781,55.49085998535156,58.339317321777344,60.41632080078125
2019-01-04,2018-11-30,47.96,51.09651184082031,43.7969856262207,45.59965515136719,48.09880828857422,51.09651184082031,54.39061737060547,57.22541427612305,59.2955436706543
2019-01-07,2018-12-03,48.52,51.75233459472656,44.299583435058594,46.164222717285156,48.733299255371094,51.75233459472656,54.87508773803711,57.47003936767578,59.35145950317383
2019-01-08,2018-12-04,49.78,51.797298431396484,44.52506637573242,46.3505973815918,48.86040496826172,51.797298431396484,54.86627197265625,57.43560028076172,59.310691833496094
2019-01-09,2018-12-06,52.36,50.947654724121094,43.454368591308594,45.35246276855469,47.96098327636719,50.947654724121094,54.094200134277344,56.70161819458008,58.595123291015625
2019-01-10,2018-12-07,52.59,51.826751708984375,44.58917236328125,46.446571350097656,48.98792266845703,51.826751708984375,54.67835235595703,57.06150436401367,58.7867431640625
2019-01-11,2018-12-10,51.59,51.4057731628418,44.143272399902344,46.017642974853516,48.57373809814453,51.4057731628418,54.33659744262695,56.86522674560547,58.702911376953125
2019-01-14,2018-12-11,50.51,51.397735595703125,44.08717727661133,45.971641540527344,48.54096984863281,51.397735595703125,54.321746826171875,56.85597610473633,58.701881408691406
2019-01-15,2018-12-12,52.11,50.79008102416992,43.46358871459961,45.349395751953125,47.921478271484375,50.79008102416992,53.75486755371094,56.35927200317383,58.26668167114258
2019-01-16,2018-12-13,52.31,51.95777893066406,44.89825439453125,46.689537048339844,49.14203643798828,51.95777893066406,54.88594436645508,57.45382308959961,59.34223937988281
2019-01-17,2018-12-14,52.07,51.38444900512695,43.939453125,45.85594940185547,48.46967315673828,51.38444900512695,54.33603286743164,56.90938186645508,58.79756546020508
2019-01-18,2018-12-17,53.8,50.575618743896484,43.240936279296875,45.12602996826172,47.697452545166016,50.575618743896484,53.51754379272461,56.08079147338867,57.95747375488281
2019-01-22,2018-12-18,52.57,48.29785919189453,40.311893463134766,42.42707824707031,45.29008102416992,48.29785919189453,51.306007385253906,53.90339279174805,55.79607391357422
2019-01-23,2018-12-19,52.62,48.03001403808594,40.287750244140625,42.28443908691406,45.003753662109375,48.03001403808594,51.10762023925781,53.7894401550293,55.748416900634766
2019-01-24,2018-12-20,53.13,46.92793273925781,39.18695831298828,41.168758392333984,43.8736457824707,46.92793273925781,50.04402160644531,52.75632095336914,54.740055084228516
2019-01-25,2018-12-21,53.69,46.264949798583984,38.79059982299805,40.70847702026367,43.32482147216797,46.264949798583984,49.350502014160156,52.101200103759766,54.119964599609375
2019-01-28,2018-12-24,51.99,43.78451919555664,36.04718017578125,38.03968048095703,40.76237869262695,43.78451919555664,46.83793640136719,49.534549713134766,51.505638122558594
2019-01-29,2018-12-26,53.31,44.75996398925781,37.433284759521484,39.26892852783203,41.79627227783203,44.75996398925781,47.73442840576172,50.3132209777832,52.19471740722656
2019-01-30,2018-12-27,54.23,44.35096740722656,36.75078582763672,38.712432861328125,41.38618469238281,44.35096740722656,47.26067352294922,49.8408317565918,51.72950744628906
2019-01-31,2018-12-28,53.79,43.24445343017578,35.728111267089844,37.641334533691406,40.25992965698242,43.24445343017578,46.07551574707031,48.49822235107422,50.25956726074219
2019-02-01,2018-12-31,55.26,43.46617126464844,36.07815933227539,37.980384826660156,40.574501037597656,43.46617126464844,46.28838348388672,48.7838249206543,50.60665512084961
2019-02-04,2019-01-02,54.56,46.8291015625,40.44363021850586,42.126686096191406,44.39575958251953,46.8291015625,49.341453552246094,51.56100845336914,53.17698669433594
2019-02-05,2019-01-03,53.66,47.74400329589844,41.34774398803711,43.01178741455078,45.259666442871094,47.74400329589844,50.40736389160156,52.78635787963867,54.521514892578125
2019-02-06,2019-01-04,54.01,48.0841064453125,41.74485778808594,43.36967849731445,45.57477569580078,48.0841064453125,50.74127197265625,53.09455871582031,54.81088638305664
2019-02-07,2019-01-07,52.64,47.9406623840332,41.62921142578125,43.25012969970703,45.451148986816406,47.9406623840332,50.484901428222656,52.71525573730469,54.33954620361328
2019-02-08,2019-01-08,52.72,49.184722900390625,42.90842819213867,44.497344970703125,46.66324996948242,49.184722900390625,51.858116149902344,54.21376037597656,55.92463684082031
2019-02-11,2019-01-09,52.41,51.69415283203125,44.28364181518555,46.158138275146484,48.71110153198242,51.69415283203125,54.9193000793457,57.67528533935547,59.66860580444336
2019-02-12,2019-01-10,53.1,52.75510787963867,45.100730895996094,47.040836334228516,49.682411193847656,52.75510787963867,56.114952087402344,58.97467803955078,61.042667388916016
2019-02-13,2019-01-11,53.9,51.5424919128418,44.69032669067383,46.50968933105469,48.95210266113281,51.5424919128418,54.25373077392578,56.56040954589844,58.21782684326172
2019-02-14,2019-01-14,54.41,49.89987564086914,43.12022018432617,44.913875579833984,47.32969665527344,49.89987564086914,52.577880859375,54.90159606933594,56.57469940185547
2019-02-15,2019-01-15,55.59,50.33146667480469,43.439308166503906,45.23133087158203,47.66223907470703,50.33146667480469,53.10057830810547,55.532596588134766,57.300838470458984
2019-02-19,2019-01-16,56.09,50.42204284667969,43.069252014160156,44.96897888183594,47.555477142333984,50.42204284667969,53.41981506347656,56.00918960571289,57.889286041259766
2019-02-20,2019-01-17,56.92,50.20537567138672,43.14440155029297,44.97709274291992,47.47315979003906,50.20537567138672,53.063453674316406,55.572906494140625,57.40019607543945
2019-02-21,2019-01-18,56.96,50.514854431152344,43.023929595947266,44.92568588256836,47.530235290527344,50.514854431152344,53.58837890625,56.1552734375,58.0086784362793
2019-02-22,2019-01-22,57.26,50.55764389038086,43.148468017578125,45.054107666015625,47.662845611572266,50.55764389038086,53.458106994628906,55.901031494140625,57.66875457763672
2019-02-25,2019-01-23,55.48,48.66962432861328,41.065216064453125,43.00397491455078,45.66773223876953,48.66962432861328,51.52344512939453,53.82939147949219,55.48966598510742
2019-02-26,2019-01-24,55.5,49.22613525390625,41.77887725830078,43.6983757019043,46.327430725097656,49.22613525390625,51.993614196777344,54.285675048828125,55.950809478759766
2019-02-27,2019-01-25,56.94,51.87226867675781,45.50139617919922,47.17241287231445,49.44252014160156,51.87226867675781,54.24638366699219,56.27585220336914,57.75786590576172
2019-02-28,2019-01-28,57.22,51.82612228393555,45.07855224609375,46.82945251464844,49.21465301513672,51.82612228393555,54.40528106689453,56.6052131652832,58.20537567138672
2019-03-01,2019-01-29,55.8,52.213260650634766,45.85689163208008,47.49258041381836,49.72401428222656,52.213260650634766,54.65980529785156,56.7811279296875,58.333839416503906
2019-03-04,2019-01-30,56.59,52.36443328857422,46.32676696777344,47.887691497802734,50.01343536376953,52.36443328857422,54.68273162841797,56.717926025390625,58.218143463134766
2019-03-05,2019-01-31,56.56,51.67991638183594,45.656768798828125,47.212196350097656,49.325828552246094,51.67991638183594,54.0103874206543,56.039146423339844,57.53386688232422
2019-03-06,2019-02-01,56.22,53.404884338378906,47.22918701171875,48.84156799316406,51.02079391479492,53.404884338378906,55.770973205566406,57.89155578613281,59.46759033203125
2019-03-07,2019-02-04,56.66,53.70531463623047,47.84096145629883,49.35710144042969,51.41423416137695,53.70531463623047,56.00462341308594,58.12824249267578,59.71295928955078
2019-03-08,2019-02-05,56.07,52.149471282958984,45.855377197265625,47.49212646484375,49.712547302246094,52.149471282958984,54.4290771484375,56.38997268676758,57.826988220214844
2019-03-11,2019-02-06,56.79,51.84915542602539,46.039344787597656,47.52533721923828,49.55016326904297,51.84915542602539,54.01655960083008,55.86858367919922,57.22288513183594
2019-03-12,2019-02-07,56.87,50.76115798950195,44.17795181274414,45.88216781616211,48.19853210449219,50.76115798950195,53.140342712402344,55.147151947021484,56.608158111572266
2019-03-13,2019-02-08,58.26,50.552757263183594,43.288490295410156,45.17039108276367,47.731964111328125,50.552757263183594,53.172271728515625,55.36528778076172,56.9568977355957
2019-03-14,2019-02-11,58.61,49.725868225097656,42.59333038330078,44.42756652832031,46.928627014160156,49.725868225097656,52.36064529418945,54.5660285949707,56.16887283325195
2019-03-15,2019-02-12,58.52,50.904361724853516,44.19081115722656,45.93238067626953,48.297813415527344,50.904361724853516,53.3644905090332,55.445945739746094,56.96358871459961
2019-03-18,2019-02-13,59.09,51.96065902709961,45.2291145324707,46.99010467529297,49.3694953918457,51.96065902709961,54.38678741455078,56.39844512939453,57.86125946044922
2019-03-19,2019-02-14,59.03,52.00709915161133,45.002357482910156,46.85858154296875,49.35327911376953,52.00709915161133,54.50151062011719,56.54972457885742,58.04191589355469
2019-03-20,2019-02-15,59.83,52.226585388183594,45.305912017822266,47.125587463378906,49.57697677612305,52.226585388183594,54.737693786621094,56.84762954711914,58.39756774902344
2019-03-21,2019-02-19,59.98,54.44451141357422,48.57999038696289,50.12390899658203,52.202857971191406,54.44451141357422,56.61874008178711,58.44710922241211,59.78380584716797
2019-03-22,2019-02-20,59.04,55.824398040771484,49.94977951049805,51.48719787597656,53.5596809387207,55.824398040771484,58.136962890625,60.06140899658203,61.463218688964844
2019-03-25,2019-02-21,58.82,55.998958587646484,49.89702224731445,51.517539978027344,53.693992614746094,55.998958587646484,58.34003829956055,60.31998825073242,61.761566162109375
2019-03-26,2019-02-22,59.94,55.89031219482422,49.85165786743164,51.442466735839844,53.588623046875,55.89031219482422,58.21092224121094,60.18150329589844,61.62044143676758
2019-03-27,2019-02-25,59.41,53.45104217529297,46.99860382080078,48.683624267578125,50.963279724121094,53.45104217529297,55.850311279296875,57.79669189453125,59.194541931152344
2019-03-28,2019-02-26,59.3,54.20085144042969,47.973411560058594,49.611045837402344,51.821189880371094,54.20085144042969,56.497474670410156,58.43067169189453,59.83027267456055
2019-03-29,2019-02-27,60.14,56.05345916748047,50.02201461791992,51.583892822265625,53.70152282714844,56.05345916748047,58.39527130126953,60.35625457763672,61.78172302246094
2019-04-01,2019-02-28,61.59,54.67782211303711,48.19350814819336,49.885536193847656,52.17637634277344,54.67782211303711,57.09369659423828,59.03997039794922,60.43808364868164
2019-04-02,2019-03-01,62.58,54.06804656982422,47.785186767578125,49.4085578918457,51.61332702636719,54.06804656982422,56.489986419677734,58.3901481628418,59.742156982421875
2019-04-03,2019-03-04,62.46,53.859134674072266,47.46057891845703,49.095394134521484,51.32472229003906,53.859134674072266,56.3615608215332,58.40953063964844,59.88189697265625
2019-04-04,2019-03-05,62.1,54.396060943603516,47.800559997558594,49.496681213378906,51.80323791503906,54.396060943603516,56.95596694946289,59.02940368652344,60.52119827270508
2019-04-05,2019-03-06,63.08,52.4799690246582,45.788475036621094,47.47266387939453,49.777488708496094,52.4799690246582,55.0910758972168,57.23908615112305,58.797542572021484
2019-04-08,2019-03-07,64.4,54.236568450927734,47.891963958740234,49.50066375732422,51.69154357910156,54.236568450927734,56.78338623046875,58.85885238647461,60.36082077026367
2019-04-09,2019-03-08,63.98,53.00004196166992,46.43898010253906,48.06835174560547,50.30363464355469,53.00004196166992,55.71583557128906,57.85610580444336,59.3935546875
2019-04-10,2019-03-11,64.61,54.49901580810547,47.94668197631836,49.5915412902832,51.840152740478516,54.49901580810547,57.16771697998047,59.268150329589844,60.783599853515625
2019-04-11,2019-03-12,63.58,53.75463104248047,47.076026916503906,48.73847961425781,51.0152587890625,53.75463104248047,56.50840759277344,58.69773483276367,60.28240966796875
2019-04-12,2019-03-13,63.89,57.11451721191406,51.10273742675781,52.61246871948242,54.66563415527344,57.11451721191406,59.64841842651367,61.61819839477539,63.03772735595703
2019-04-15,2019-03-14,63.4,57.888614654541016,51.95161819458008,53.455352783203125,55.492286682128906,57.888614654541016,60.420631408691406,62.402339935302734,63.833778381347656
2019-04-16,2019-03-15,64.05,58.7733039855957,52.959041595458984,54.444400787353516,56.45262908935547,58.7733039855957,61.2525749206543,63.15635299682617,64.51757049560547
2019-04-17,2019-03-18,63.76,58.78954315185547,53.01963424682617,54.487823486328125,56.47535705566406,58.78954315185547,61.233924865722656,63.11129379272461,64.45427703857422
2019-04-18,2019-03-19,64.0,58.108951568603516,51.88412857055664,53.436424255371094,55.55492401123047,58.108951568603516,60.74691390991211,62.73463439941406,64.14681243896484
2019-04-22,2019-03-20,65.7,59.37807846069336,52.77349090576172,54.446590423583984,56.719764709472656,59.37807846069336,62.1412467956543,64.29032897949219,65.81812286376953
2019-04-23,2019-03-21,66.3,60.378543853759766,54.0552978515625,55.66696548461914,57.85360336303711,60.378543853759766,63.03728485107422,65.17008972167969,66.69901275634766
2019-04-24,2019-03-22,65.89,59.290889739990234,52.77210235595703,54.43722152709961,56.69663619995117,59.290889739990234,61.90100860595703,63.90296173095703,65.3231201171875
2019-04-25,2019-03-25,65.21,59.6484489440918,53.308292388916016,54.9332275390625,57.140769958496094,59.6484489440918,62.20768356323242,64.25738525390625,65.71990203857422
2019-04-26,2019-03-26,63.3,60.50310134887695,53.83497619628906,55.54481506347656,57.86993408203125,60.50310134887695,63.171756744384766,65.32023620605469,66.85872650146484
2019-04-29,2019-03-27,63.5,59.8715934753418,52.926963806152344,54.71955108642578,57.154239654541016,59.8715934753418,62.59245300292969,64.83182525634766,66.45015716552734
2019-04-30,2019-03-28,63.91,58.57300567626953,51.59809875488281,53.37968444824219,55.810115814208984,58.57300567626953,61.294456481933594,63.53443145751953,65.15542602539062
2019-05-01,2019-03-29,63.6,59.59461975097656,52.79924774169922,54.525630950927734,56.8807373046875,59.59461975097656,62.36751174926758,64.60645294189453,66.21382141113281
2019-05-02,2019-04-01,61.81,59.8556022644043,52.276695251464844,54.15210723876953,56.73115539550781,59.8556022644043,63.08870315551758,65.60750579833984,67.40137481689453
2019-05-03,2019-04-02,61.94,60.63846206665039,53.30500030517578,55.15117263793945,57.67176055908203,60.63846206665039,63.684993743896484,66.07997131347656,67.79605865478516
2019-05-06,2019-04-03,62.25,59.44562530517578,51.54818344116211,53.54057693481445,56.261817932128906,59.44562530517578,62.6430778503418,65.14746856689453,66.94058227539062
2019-05-07,2019-04-04,61.4,60.51478576660156,53.716678619384766,55.43486022949219,57.77553939819336,60.51478576660156,63.31988525390625,65.53788757324219,67.1307373046875
2019-05-08,2019-04-05,62.12,60.54652404785156,53.56877899169922,55.33042526245117,57.72745895385742,60.54652404785156,63.412994384765625,65.64344787597656,67.23867797851562
2019-05-09,2019-04-08,61.7,62.40571212768555,54.84111785888672,56.73263931274414,59.318668365478516,62.40571212768555,65.63816833496094,68.16231536865234,69.96891021728516
2019-05-10,2019-04-09,61.66,61.87950897216797,54.25545120239258,56.19679641723633,58.835567474365234,61.87950897216797,65.02843475341797,67.50516510009766,69.2745361328125
2019-05-13,2019-04-10,61.04,62.562564849853516,54.52074432373047,56.57571029663086,59.370643615722656,62.562564849853516,65.84312438964844,68.40424346923828,70.22264099121094
2019-05-14,2019-04-11,61.78,63.58232498168945,56.04387664794922,58.00678253173828,60.660545349121094,63.58232498168945,66.56327819824219,68.89496612548828,70.5458755493164
2019-05-15,2019-04-12,62.02,64.63167572021484,57.90336990356445,59.647804260253906,62.00947952270508,64.63167572021484,67.35028839111328,69.52519226074219,71.07252502441406
2019-05-16,2019-04-15,62.87,64.2836685180664,57.685142517089844,59.39320755004883,61.70585632324219,64.2836685180664,66.92414855957031,69.0263442993164,70.51731872558594
2019-05-17,2019-04-16,62.76,63.9775390625,57.29520034790039,59.03142547607422,61.38091278076172,63.9775390625,66.61006164550781,68.69000244140625,70.16331481933594
2019-05-20,2019-04-17,63.1,64.02172088623047,57.15474319458008,58.94659423828125,61.36921310424805,64.02172088623047,66.71394348144531,68.86564636230469,70.39891815185547
2019-05-21,2019-04-18,62.99,63.70060729980469,56.732147216796875,58.550621032714844,61.00914764404297,63.70060729980469,66.39274597167969,68.5414810180664,70.0760498046875
2019-05-22,2019-04-22,61.42,64.77629852294922,57.690345764160156,59.51789093017578,61.99254608154297,64.77629852294922,67.59452056884766,69.81895446777344,71.40776062011719
2019-05-23,2019-04-23,57.91,66.58650970458984,59.35546875,61.21699905395508,63.74076461791992,66.58650970458984,69.54698181152344,71.87698364257812,73.5453872680664
2019-05-24,2019-04-24,58.63,65.94115447998047,57.894283294677734,59.962520599365234,62.77113342285156,65.94115447998047,69.20722961425781,71.74943542480469,73.56439971923828
2019-05-28,2019-04-25,59.14,65.36785888671875,57.86211395263672,59.81810760498047,62.468910217285156,65.36785888671875,68.3122329711914,70.62216186523438,72.27653503417969
2019-05-29,2019-04-26,58.81,63.359580993652344,55.516845703125,57.53030776977539,60.275203704833984,63.359580993652344,66.52007293701172,69.0019760131836,70.77001190185547
2019-05-30,2019-04-29,56.59,62.68079376220703,55.5389289855957,57.35648727416992,59.83735656738281,62.68079376220703,65.67391967773438,68.06234741210938,69.77259063720703
2019-05-31,2019-04-30,53.5,61.910274505615234,54.410377502441406,56.35538864135742,58.98686981201172,61.910274505615234,64.91154479980469,67.23027801513672,68.88179779052734
2019-06-03,2019-05-01,53.25,61.442893981933594,53.62784957885742,55.63370895385742,58.36412811279297,61.442893981933594,64.61593627929688,67.02749633789062,68.73291015625
2019-06-04,2019-05-02,53.48,61.03564453125,53.35298538208008,55.317626953125,57.99658966064453,61.03564453125,64.11952209472656,66.40815734863281,68.00926971435547
2019-06-05,2019-05-03,51.68,62.2623176574707,54.971561431884766,56.84996795654297,59.40265655517578,62.2623176574707,65.17930603027344,67.33911895751953,68.84660339355469
2019-06-06,2019-05-06,52.59,64.1156005859375,57.3792839050293,59.134891510009766,61.5075569152832,64.1156005859375,66.79292297363281,68.80068969726562,70.20819091796875
2019-06-07,2019-05-07,53.99,64.16575622558594,57.47596740722656,59.21197509765625,61.56755828857422,64.16575622558594,66.85133361816406,68.95350646972656,70.43827819824219
2019-06-10,2019-05-08,53.26,66.15084838867188,59.23993682861328,61.04364013671875,63.4863166809082,66.15084838867188,68.9532470703125,71.15908813476562,72.7208023071289
2019-06-11,2019-05-09,53.27,64.95368194580078,58.28502655029297,60.042842864990234,62.414466857910156,64.95368194580078,67.62544250488281,69.76239013671875,71.28801727294922
2019-06-12,2019-05-10,51.14,64.36953735351562,57.44086456298828,59.22951126098633,61.658321380615234,64.36953735351562,67.26891326904297,69.63240814208984,71.32769775390625
2019-06-13,2019-05-13,52.28,62.61914825439453,55.576019287109375,57.396705627441406,59.86856460571289,62.61914825439453,65.55364990234375,68.0359878540039,69.83557891845703
2019-06-14,2019-05-14,52.51,63.22685241699219,56.68745040893555,58.37101745605469,60.661346435546875,63.22685241699219,65.9296646118164,68.15481567382812,69.76398468017578
2019-06-17,2019-05-15,51.93,63.77785873413086,57.064964294433594,58.79088592529297,61.138702392578125,63.77785873413086,66.63845825195312,69.0011215209961,70.71080017089844
2019-06-18,2019-05-16,53.9,64.04574584960938,56.789451599121094,58.659950256347656,61.20012283325195,64.04574584960938,67.04571533203125,69.44351196289062,71.16732025146484
2019-06-19,2019-05-17,53.76,63.663291931152344,57.03998565673828,58.761634826660156,61.094268798828125,63.663291931152344,66.35333251953125,68.54954528808594,70.1348648071289
2019-06-20,2019-05-20,56.65,64.60009002685547,57.658668518066406,59.45063018798828,61.88554763793945,64.60009002685547,67.47528076171875,69.8765869140625,71.62149810791016
2019-06-21,2019-05-21,57.43,62.84540557861328,56.178199768066406,57.86358642578125,60.16470718383789,62.84540557861328,65.70376586914062,68.11604309082031,69.87870788574219
2019-06-24,2019-05-22,57.9,60.557151794433594,53.67207717895508,55.42241287231445,57.81511688232422,60.557151794433594,63.31730270385742,65.48287200927734,67.02958679199219
2019-06-25,2019-05-23,57.83,57.65143966674805,50.309879302978516,52.148948669433594,54.68035125732422,57.65143966674805,60.657718658447266,63.0283088684082,64.71571350097656
2019-06-26,2019-05-24,59.38,59.5769157409668,52.094478607177734,53.970985412597656,56.55152130126953,59.5769157409668,62.55013656616211,64.83908081054688,66.45759582519531
2019-06-27,2019-05-28,59.43,61.770809173583984,54.59337615966797,56.407073974609375,58.89234924316406,61.770809173583984,64.65666198730469,66.9253921508789,68.5489501953125
2019-06-28,2019-05-29,58.47,61.48915481567383,54.37604904174805,56.184906005859375,58.65707778930664,61.48915481567383,64.31068420410156,66.49602508544922,68.05762481689453
2019-07-01,2019-05-30,59.09,61.2998046875,53.86328887939453,55.78591537475586,58.402671813964844,61.2998046875,64.11661529541016,66.34033203125,67.9393081665039
2019-07-02,2019-05-31,56.25,59.81928634643555,51.61708450317383,53.746028900146484,56.63871383666992,59.81928634643555,62.89220428466797,65.40408325195312,67.21208190917969
2019-07-03,2019-06-03,57.34,59.13557815551758,51.60744094848633,53.563777923583984,56.22282409667969,59.13557815551758,61.99760818481445,64.468994140625,66.26420593261719
2019-07-05,2019-06-04,57.51,57.9454231262207,50.54275131225586,52.43514633178711,55.023372650146484,57.9454231262207,60.91279602050781,63.50441360473633,65.39115142822266
2019-07-08,2019-06-05,57.66,55.25885772705078,47.47063446044922,49.46001434326172,52.18606185913086,55.25885772705078,58.35466003417969,61.09464645385742,63.0955924987793
2019-07-09,2019-06-06,57.83,55.30535125732422,48.294395446777344,50.088356018066406,52.54453659057617,55.30535125732422,58.0084342956543,60.38136672973633,62.11348342895508
2019-07-10,2019-06-07,60.43,56.15898132324219,49.2988395690918,51.05254364013672,53.45222473144531,56.15898132324219,58.8731689453125,61.214656829833984,62.91439437866211
2019-07-11,2019-06-10,60.2,55.49356460571289,48.447715759277344,50.25824737548828,52.73442459106445,55.49356460571289,58.28874969482422,60.684383392333984,62.421348571777344
2019-07-12,2019-06-11,60.21,54.91448974609375,48.12501907348633,49.88774108886719,52.293304443359375,54.91448974609375,57.5220947265625,59.76186752319336,61.39250564575195
2019-07-15,2019-06-12,59.58,53.733612060546875,46.20246505737305,48.13904571533203,50.79230880737305,53.733612060546875,56.635772705078125,59.18210983276367,61.034481048583984
2019-07-16,2019-06-13,57.62,52.403934478759766,44.52402877807617,46.551029205322266,49.32229232788086,52.403934478759766,55.39635467529297,57.804874420166016,59.526737213134766
2019-07-17,2019-06-14,56.78,52.11030960083008,44.65262222290039,46.56981658935547,49.18675994873047,52.11030960083008,54.97428512573242,57.276206970214844,58.924224853515625
2019-07-18,2019-06-17,55.3,51.65732955932617,44.11051940917969,46.057369232177734,48.717689514160156,51.65732955932617,54.513572692871094,56.80789566040039,58.44447326660156
2019-07-19,2019-06-18,55.63,53.33281707763672,45.432350158691406,47.51417541503906,50.328887939453125,53.33281707763672,56.22626876831055,58.46598434448242,60.05862045288086
2019-07-22,2019-06-19,56.22,54.74460220336914,47.635459899902344,49.492149353027344,52.015785217285156,54.74460220336914,57.49888610839844,59.78078842163086,61.43048858642578
2019-07-23,2019-06-20,56.77,56.96554946899414,49.990806579589844,51.824214935302734,54.30328369140625,56.96554946899414,59.67494583129883,61.82619094848633,63.37619400024414
2019-07-24,2019-06-21,55.88,58.86466979980469,52.49436950683594,54.18717956542969,56.467918395996094,58.86466979980469,61.376548767089844,63.438392639160156,64.94319152832031
2019-07-25,2019-06-24,56.02,59.161319732666016,52.536903381347656,54.306312561035156,56.683563232421875,59.161319732666016,61.715023040771484,63.77103042602539,65.26763153076172
2019-07-26,2019-06-25,56.2,59.81542205810547,53.73258972167969,55.337825775146484,57.504188537597656,59.81542205810547,62.264801025390625,64.25630187988281,65.70364379882812
2019-07-29,2019-06-26,56.87,61.438941955566406,54.9438591003418,56.62912368774414,58.916770935058594,61.438941955566406,64.14700317382812,66.27240753173828,67.79920959472656
2019-07-30,2019-06-27,58.05,61.4048957824707,54.724185943603516,56.44975280761719,58.79624938964844,61.4048957824707,64.19407653808594,66.41163635253906,68.0082778930664
2019-07-31,2019-06-28,58.58,60.49636459350586,54.00144577026367,55.691959381103516,57.985137939453125,60.49636459350586,63.131500244140625,65.28302764892578,66.84465789794922
2019-08-01,2019-07-01,53.95,61.19348907470703,54.55111312866211,56.28597640991211,58.638397216796875,61.19348907470703,63.96832275390625,66.29676818847656,67.99423217773438
2019-08-02,2019-07-02,55.66,59.172340393066406,52.153507232666016,53.99039840698242,56.48155212402344,59.172340393066406,62.01457977294922,64.37541961669922,66.08174133300781
2019-08-05,2019-07-03,54.69,59.11897277832031,52.435279846191406,54.19375991821289,56.571067810058594,59.11897277832031,61.777076721191406,63.92292404174805,65.46857452392578
2019-08-06,2019-07-05,53.63,59.56414794921875,52.847145080566406,54.62700653076172,57.02918243408203,59.56414794921875,62.23337173461914,64.42522430419922,66.00239562988281
2019-08-07,2019-07-08,51.09,58.05366134643555,50.272708892822266,52.373741149902344,55.19856262207031,58.05366134643555,60.93838119506836,63.222015380859375,64.8585205078125
2019-08-08,2019-07-09,52.54,56.64161682128906,47.85543441772461,50.252532958984375,53.46556091308594,56.64161682128906,59.659400939941406,61.95253372192383,63.57830047607422
2019-08-09,2019-07-10,54.5,60.18035125732422,52.54731369018555,54.59488296508789,57.34196472167969,60.18035125732422,62.998294830322266,65.19295501708984,66.76172637939453
2019-08-12,2019-07-11,54.93,60.08951950073242,51.889366149902344,54.13407897949219,57.12818908691406,60.08951950073242,62.950443267822266,65.19759368896484,66.80372619628906
2019-08-13,2019-07-12,57.1,61.25764465332031,54.529029846191406,56.349876403808594,58.79157257080078,61.25764465332031,63.72804260253906,65.78463745117188,67.27694702148438
2019-08-14,2019-07-15,55.23,60.656524658203125,53.513065338134766,55.477149963378906,58.09556579589844,60.656524658203125,63.17018127441406,65.26726531982422,66.78470611572266
2019-08-15,2019-07-16,54.47,59.347320556640625,52.00442886352539,53.994754791259766,56.658992767333984,59.347320556640625,61.95989990234375,64.14918518066406,65.73194122314453
2019-08-16,2019-07-17,54.87,57.21615219116211,48.66653060913086,50.987022399902344,54.09210205078125,57.21615219116211,60.12173843383789,62.498043060302734,64.20479583740234
2019-08-19,2019-07-18,56.21,55.80469512939453,46.79903030395508,49.19945526123047,52.43177032470703,55.80469512939453,58.98759460449219,61.66370391845703,63.595848083496094
2019-08-20,2019-07-19,56.34,56.45724105834961,47.85673141479492,50.15023422241211,53.24059295654297,56.45724105834961,59.53387451171875,62.15644073486328,64.05699157714844
2019-08-21,2019-07-22,55.68,56.16260528564453,46.75212097167969,49.264732360839844,52.645755767822266,56.16260528564453,59.5634765625,62.49732208251953,64.6328125
2019-08-22,2019-07-23,55.35,57.55517578125,49.44267272949219,51.60462188720703,54.51386260986328,57.55517578125,60.533119201660156,63.09600067138672,64.96818542480469
2019-08-23,2019-07-24,54.17,57.29114532470703,49.33186721801758,51.46180725097656,54.32211685180664,57.29114532470703,60.27648162841797,62.94817352294922,64.91177368164062
2019-08-26,2019-07-25,53.64,57.15062713623047,48.71640396118164,51.00074005126953,54.0531120300293,57.15062713623047,60.24141311645508,63.04246520996094,65.10765075683594
2019-08-27,2019-07-26,54.93,56.88753890991211,48.9499397277832,51.134796142578125,54.03399658203125,56.88753890991211,59.716373443603516,62.29634094238281,64.20085906982422
2019-08-28,2019-07-29,55.78,57.662513732910156,49.31500244140625,51.61814880371094,54.679927825927734,57.662513732910156,60.57798767089844,63.19452667236328,65.12179565429688
2019-08-29,2019-07-30,56.71,58.40542984008789,49.82408142089844,52.17963790893555,55.31599044799805,58.40542984008789,61.334110260009766,63.80376434326172,65.60035705566406
2019-08-30,2019-07-31,55.1,58.377235412597656,49.79487991333008,52.1594352722168,55.30448913574219,58.377235412597656,61.2394905090332,63.60593032836914,65.31419372558594
2019-09-03,2019-08-01,53.94,54.756534576416016,45.27099609375,47.90303421020508,51.403255462646484,54.756534576416016,57.84613037109375,60.54685974121094,62.5121955871582
2019-09-04,2019-08-02,56.26,55.523040771484375,45.683570861816406,48.42698287963867,52.06684494018555,55.523040771484375,58.61012268066406,61.17850875854492,63.02527618408203
2019-09-05,2019-08-05,56.3,56.82236099243164,48.99481201171875,51.13362503051758,53.9923095703125,56.82236099243164,59.50733947753906,61.825927734375,63.5084114074707
2019-09-06,2019-08-06,56.52,55.183284759521484,46.21333312988281,48.66921615600586,51.951332092285156,55.183284759521484,58.22761535644531,60.83152770996094,62.70768737792969
2019-09-09,2019-08-07,57.85,52.26790237426758,41.428138732910156,44.37700653076172,48.333683013916016,52.26790237426758,55.838951110839844,58.81067657470703,60.9393424987793
2019-09-10,2019-08-08,57.4,51.55846405029297,40.66588592529297,43.610862731933594,47.56774139404297,51.55846405029297,55.09416198730469,57.93561935424805,59.94694900512695
2019-09-11,2019-08-09,55.75,53.96796798706055,43.98914337158203,46.70335388183594,50.33067321777344,53.96796798706055,57.277610778808594,59.90983581542969,61.771812438964844
2019-09-12,2019-08-12,55.09,56.29696273803711,47.388084411621094,49.79911422729492,53.0268669128418,56.29696273803711,59.38041687011719,61.904048919677734,63.70547866821289
2019-09-13,2019-08-13,54.85,57.368507385253906,46.57807922363281,49.53609085083008,53.47406005859375,57.368507385253906,61.01801300048828,63.898834228515625,65.94242095947266
2019-09-16,2019-08-14,62.9,56.17521667480469,45.335487365722656,48.318328857421875,52.28357696533203,56.17521667480469,59.830421447753906,62.83909606933594,64.99612426757812
2019-09-17,2019-08-15,59.34,56.90045166015625,48.12131118774414,50.481712341308594,53.647239685058594,56.90045166015625,60.07429885864258,62.769439697265625,64.72187042236328
2019-09-18,2019-08-16,58.11,56.56743621826172,47.45496368408203,49.89247512817383,53.174076080322266,56.56743621826172,59.903907775878906,62.78435516357422,64.87701416015625
2019-09-19,2019-08-19,58.13,57.46366882324219,48.58409118652344,50.978614807128906,54.1894416809082,57.46366882324219,60.697940826416016,63.41902160644531,65.38550567626953
2019-09-20,2019-08-20,58.09,57.79328536987305,49.254981994628906,51.54630661010742,54.62242126464844,57.79328536987305,60.99005126953125,63.687049865722656,65.63462829589844
2019-09-23,2019-08-21,58.64,57.09358596801758,48.61405944824219,50.89282989501953,53.95112609863281,57.09358596801758,60.18108367919922,62.789398193359375,64.67057800292969
2019-09-24,2019-08-22,57.29,57.18772888183594,49.0451774597168,51.25338363647461,54.208641052246094,57.18772888183594,60.03826904296875,62.37404251098633,64.03907775878906
2019-09-25,2019-08-23,56.49,55.491661071777344,46.47871017456055,48.91459655761719,52.181053161621094,55.491661071777344,58.62360382080078,61.222084045410156,63.07882308959961
2019-09-26,2019-08-26,56.41,54.51310348510742,44.473663330078125,47.233577728271484,50.91401672363281,54.51310348510742,57.80641555786133,60.54224395751953,62.4971923828125
2019-09-27,2019-08-27,55.91,57.753387451171875,49.784236907958984,51.94525146484375,54.8359375,57.753387451171875,60.62767791748047,63.07437515258789,64.83650207519531
2019-09-30,2019-08-28,54.07,57.82302474975586,49.81797409057617,51.960205078125,54.839683532714844,57.82302474975586,60.78818130493164,63.284393310546875,65.08126831054688
2019-10-01,2019-08-29,53.62,58.52997589111328,50.648193359375,52.747901916503906,55.57265090942383,58.52997589111328,61.447486877441406,63.80918502807617,65.49794006347656
2019-10-02,2019-08-30,52.64,56.336673736572266,49.010528564453125,50.95066833496094,53.57182693481445,56.336673736572266,59.01826095581055,61.231117248535156,62.81932830810547
2019-10-03,2019-09-03,52.45,54.79757308959961,47.055259704589844,49.093421936035156,51.85535430908203,54.79757308959961,57.589515686035156,59.8957405090332,61.5494384765625
2019-10-04,2019-09-04,52.81,58.315330505371094,51.871673583984375,53.55206298828125,55.83106231689453,58.315330505371094,60.83000183105469,62.94047927856445,64.46980285644531
2019-10-07,2019-09-05,52.75,57.76092529296875,49.852272033691406,51.94956970214844,54.77696990966797,57.76092529296875,60.801239013671875,63.3551025390625,65.20793151855469
2019-10-08,2019-09-06,52.63,57.336578369140625,48.73088455200195,51.03162384033203,54.126220703125,57.336578369140625,60.48761749267578,63.087223052978516,64.96675872802734
2019-10-09,2019-09-09,52.59,60.155311584472656,53.02095031738281,54.87902069091797,57.39752197265625,60.155311584472656,63.040443420410156,65.3746566772461,67.05773162841797
2019-10-10,2019-09-10,53.55,59.94870376586914,53.188865661621094,54.94833755493164,57.333656311035156,59.94870376586914,62.699554443359375,64.94979095458984,66.570556640625
2019-10-11,2019-09-11,54.7,57.959686279296875,50.014991760253906,52.1112060546875,54.94396209716797,57.959686279296875,61.058982849121094,63.67652893066406,65.56510925292969
2019-10-14,2019-09-12,53.59,56.945579528808594,48.27494812011719,50.56291580200195,53.65264892578125,56.945579528808594,60.35509490966797,63.31901168823242,65.46978759765625
2019-10-15,2019-09-13,52.81,57.207584381103516,49.41915512084961,51.44319152832031,54.189613342285156,57.207584381103516,60.38179016113281,63.16714859008789,65.18934631347656
2019-10-16,2019-09-16,53.36,63.83417510986328,56.440635681152344,58.349002838134766,60.93012237548828,63.83417510986328,67.18157958984375,70.0692367553711,72.17555236816406
2019-10-17,2019-09-17,53.93,61.283424377441406,53.25758361816406,55.32120132446289,58.124786376953125,61.283424377441406,64.78958129882812,67.8615493774414,70.10519409179688
2019-10-18,2019-09-18,53.78,60.579715728759766,52.43051528930664,54.56047058105469,57.4383544921875,60.579715728759766,63.982643127441406,66.9512939453125,69.11286163330078
2019-10-21,2019-09-19,53.31,61.3160285949707,53.653053283691406,55.633243560791016,58.32146072387695,61.3160285949707,64.53985595703125,67.2855224609375,69.26910400390625
2019-10-22,2019-09-20,54.16,60.50761032104492,52.262752532958984,54.406803131103516,57.31155776977539,60.50761032104492,63.920440673828125,66.86985778808594,69.0084228515625
2019-10-23,2019-09-23,55.97,60.61698532104492,51.56953811645508,53.97521209716797,57.21434783935547,60.61698532104492,64.17852020263672,67.21391296386719,69.40904998779297
2019-10-24,2019-09-24,56.23,60.2374267578125,52.22969436645508,54.345245361328125,57.205421447753906,60.2374267578125,63.40668869018555,66.13526153564453,68.10613250732422
2019-10-25,2019-09-25,56.66,59.539180755615234,51.6854248046875,53.77751922607422,56.60273742675781,59.539180755615234,62.50269317626953,65.05815887451172,66.89849853515625
2019-10-28,2019-09-26,55.81,60.38743591308594,52.774864196777344,54.75910186767578,57.457157135009766,60.38743591308594,63.53217697143555,66.34978485107422,68.39644622802734
2019-10-29,2019-09-27,55.54,57.932193756103516,48.37902069091797,50.929168701171875,54.36008071899414,57.932193756103516,61.47417449951172,64.53759765625,66.74018859863281
2019-10-30,2019-09-30,55.06,56.18040466308594,45.449462890625,48.332374572753906,52.21195983886719,56.18040466308594,59.95320129394531,63.107967376708984,65.36532592773438
2019-10-31,2019-10-01,54.18,55.827083587646484,45.88417053222656,48.57676315307617,52.189857482910156,55.827083587646484,59.339454650878906,62.3480110168457,64.51713562011719
2019-11-01,2019-10-02,56.2,55.91002655029297,47.0980110168457,49.45719909667969,52.63764190673828,55.91002655029297,59.104949951171875,61.87751007080078,63.87955093383789
2019-11-04,2019-10-03,56.54,55.439842224121094,46.87755584716797,49.1682243347168,52.258827209472656,55.439842224121094,58.54722595214844,61.29306411743164,63.28217315673828
2019-11-05,2019-10-04,57.23,54.65235900878906,45.54579162597656,47.95994186401367,51.222496032714844,54.65235900878906,58.05352783203125,61.075408935546875,63.27096176147461
2019-11-06,2019-10-07,56.35,55.287601470947266,47.2411003112793,49.32762908935547,52.16991424560547,55.287601470947266,58.48019790649414,61.310150146484375,63.37007522583008
2019-11-07,2019-10-08,57.15,54.31385803222656,46.371768951416016,48.45634841918945,51.28284454345703,54.31385803222656,57.43678283691406,60.26430130004883,62.333213806152344
2019-11-08,2019-10-09,57.24,53.158531188964844,44.20962905883789,46.538604736328125,49.70133972167969,53.158531188964844,56.69330596923828,59.889503479003906,62.233943939208984
2019-11-11,2019-10-10,56.86,54.244503021240234,45.23912811279297,47.60978317260742,50.81705856323242,54.244503021240234,57.68902587890625,60.76472091674805,63.01637268066406
2019-11-12,2019-10-11,56.8,55.94445037841797,47.84551239013672,49.990074157714844,52.885475158691406,55.94445037841797,59.06591033935547,61.837562561035156,63.861976623535156
2019-11-13,2019-10-14,57.12,54.81916809082031,46.018882751464844,48.33418655395508,51.4724235534668,54.81916809082031,58.21721267700195,61.25777053833008,63.482093811035156
2019-11-14,2019-10-15,56.77,53.48025131225586,43.972442626953125,46.46862030029297,49.8578987121582,53.48025131225586,57.06190872192383,60.12228775024414,62.33757781982422
2019-11-15,2019-10-16,57.72,54.82771682739258,46.21177673339844,48.5040283203125,51.60334014892578,54.82771682739258,58.07696533203125,60.88320541381836,62.915687561035156
2019-11-18,2019-10-17,57.05,55.65068817138672,47.994590759277344,50.055625915527344,52.82586669921875,55.65068817138672,58.576805114746094,61.16577911376953,63.05188751220703
2019-11-19,2019-10-18,55.21,55.128334045410156,47.258941650390625,49.35155487060547,52.176902770996094,55.128334045410156,58.242454528808594,61.14434051513672,63.2867431640625
2019-11-20,2019-10-21,57.11,53.9126091003418,45.498985290527344,47.716453552246094,50.71818542480469,53.9126091003418,57.28862380981445,60.49527359008789,62.87156677246094
2019-11-21,2019-10-22,58.58,55.1648063659668,47.33787536621094,49.42444610595703,52.233558654785156,55.1648063659668,58.292449951171875,61.134403228759766,63.23100280761719
2019-11-22,2019-10-23,57.77,56.8486442565918,49.29050827026367,51.30250549316406,54.00030517578125,56.8486442565918,59.98765563964844,62.827842712402344,64.93081665039062
2019-11-25,2019-10-24,58.01,58.11753845214844,51.063438415527344,52.941043853759766,55.465606689453125,58.11753845214844,60.939353942871094,63.39183807373047,65.18535614013672
2019-11-26,2019-10-25,58.41,58.86178970336914,51.61369705200195,53.56648254394531,56.185935974121094,58.86178970336914,61.69626998901367,64.23685455322266,66.10785675048828
2019-11-27,2019-10-28,58.11,57.49496841430664,49.270015716552734,51.46107864379883,54.41453170776367,57.49496841430664,60.71376037597656,63.62082290649414,65.75919342041016
2019-11-29,2019-10-29,55.17,58.02457046508789,50.40011215209961,52.43229675292969,55.17478942871094,58.02457046508789,60.96434783935547,63.60944747924805,65.54463195800781
2019-12-02,2019-10-30,55.96,56.11912536621094,48.068511962890625,50.21511459350586,53.11652374267578,56.11912536621094,59.12818908691406,61.83794021606445,63.81901550292969
2019-12-03,2019-10-31,56.1,54.561100006103516,45.58900833129883,47.93456268310547,51.12310791015625,54.561100006103516,57.9949951171875,61.0800666809082,63.33418273925781
2019-12-04,2019-11-01,58.43,56.025447845458984,46.9041633605957,49.29962158203125,52.54219055175781,56.025447845458984,59.47469711303711,62.51911163330078,64.74513244628906
2019-12-05,2019-11-04,58.43,56.789249420166016,48.27616882324219,50.52885818481445,53.568565368652344,56.789249420166016,59.98615264892578,62.70994567871094,64.68603515625
2019-12-06,2019-11-05,59.2,58.02952575683594,49.56690979003906,51.771751403808594,54.75944519042969,58.02952575683594,61.39769744873047,64.27191162109375,66.36011505126953
2019-12-09,2019-11-06,59.02,56.22066116333008,47.18547821044922,49.55043029785156,52.75298309326172,56.22066116333008,59.64358139038086,62.46388626098633,64.49118041992188
2019-12-10,2019-11-07,59.24,56.245182037353516,47.47570037841797,49.826866149902344,52.97575759887695,56.245182037353516,59.48225784301758,62.179649353027344,64.12469482421875
2019-12-11,2019-11-08,58.76,57.59747314453125,50.337669372558594,52.29913330078125,54.912109375,57.59747314453125,60.46534729003906,62.89093017578125,64.6509780883789
2019-12-12,2019-11-11,59.18,56.79039001464844,49.016990661621094,51.10821533203125,53.90546798706055,56.79039001464844,59.79419708251953,62.41705322265625,64.3253173828125
2019-12-13,2019-11-12,60.07,56.4891242980957,48.75450897216797,50.808616638183594,53.576507568359375,56.4891242980957,59.50137710571289,62.242374420166016,64.25553894042969
2019-12-16,2019-11-13,60.21,56.148956298828125,48.94805145263672,50.91065979003906,53.52988815307617,56.148956298828125,58.82915115356445,61.150779724121094,62.8544921875
2019-12-17,2019-11-14,60.94,55.06659698486328,47.24217224121094,49.37702941894531,52.22693634033203,55.06659698486328,57.917564392089844,60.34431457519531,62.12733459472656
2019-12-18,2019-11-15,60.93,58.25297546386719,51.46595764160156,53.271385192871094,55.69886779785156,58.25297546386719,60.94286346435547,63.249610900878906,64.93739318847656
2019-12-19,2019-11-18,61.22,58.35298538208008,51.714508056640625,53.48561096191406,55.869712829589844,58.35298538208008,60.9833984375,63.35377502441406,65.09834289550781
2019-12-20,2019-11-19,60.44,56.839019775390625,49.33177185058594,51.29667663574219,53.96492004394531,56.839019775390625,59.86248016357422,62.624122619628906,64.65229797363281
2019-12-23,2019-11-20,60.52,58.88198471069336,51.81858444213867,53.6983757019043,56.23172378540039,58.88198471069336,61.60064697265625,64.01155853271484,65.7732162475586
2019-12-24,2019-11-21,61.11,59.82857894897461,52.36256408691406,54.34285354614258,57.012577056884766,59.82857894897461,62.75623321533203,65.32510375976562,67.19805908203125
2019-12-26,2019-11-22,61.68,58.72451400756836,50.45718765258789,52.63071060180664,55.57659912109375,58.72451400756836,61.93033218383789,64.86776733398438,67.02984619140625
2019-12-27,2019-11-25,61.72,57.800193786621094,48.4607048034668,50.929996490478516,54.276737213134766,57.800193786621094,61.16253662109375,64.14859008789062,66.33091735839844
2019-12-30,2019-11-26,61.68,58.39462661743164,49.930049896240234,52.201576232910156,55.255401611328125,58.39462661743164,61.488067626953125,64.15036010742188,66.0779037475586
2019-12-31,2019-11-27,61.06,58.420509338378906,49.80536651611328,52.092430114746094,55.177635192871094,58.420509338378906,61.621131896972656,64.36040496826172,66.34420776367188
2020-01-02,2019-11-29,61.18,55.23891067504883,46.002685546875,48.39967346191406,51.65993118286133,55.23891067504883,58.688629150390625,61.596824645996094,63.6875
2020-01-03,2019-12-02,63.05,53.77173614501953,44.65629196166992,47.03502655029297,50.2530517578125,53.77173614501953,57.14219665527344,59.93724060058594,61.93733596801758
2020-01-06,2019-12-03,63.27,52.82683181762695,45.132869720458984,47.1584358215332,49.891868591308594,52.82683181762695,55.81398010253906,58.34951400756836,60.18976593017578
2020-01-07,2019-12-04,62.7,54.25649642944336,46.88884735107422,48.788414001464844,51.36900329589844,54.25649642944336,57.23316955566406,59.710205078125,61.499908447265625
2020-01-08,2019-12-05,59.61,55.17897033691406,48.35110855102539,50.093833923339844,52.462982177734375,55.17897033691406,58.06074523925781,60.503936767578125,62.28299331665039
2020-01-09,2019-12-06,59.56,53.887447357177734,47.07292556762695,48.831546783447266,51.2095947265625,53.887447357177734,56.55907440185547,58.6965217590332,60.266021728515625
2020-01-10,2019-12-09,59.04,52.591392517089844,44.35696792602539,46.484405517578125,49.343475341796875,52.591392517089844,55.862159729003906,58.26823425292969,60.00362777709961
2020-01-13,2019-12-10,58.08,56.45746994018555,49.23871612548828,51.10996627807617,53.64360427856445,56.45746994018555,59.4726676940918,61.934452056884766,63.721065521240234
2020-01-14,2019-12-11,58.23,57.76056671142578,51.154762268066406,52.87218475341797,55.19767761230469,57.76056671142578,60.53306579589844,62.89889144897461,64.62584686279297
2020-01-15,2019-12-12,57.81,58.84014129638672,51.70167541503906,53.553775787353516,56.0643196105957,58.84014129638672,61.84231185913086,64.4651107788086,66.37985229492188
2020-01-16,2019-12-13,58.52,60.45440673828125,53.640132904052734,55.43381881713867,57.84759521484375,60.45440673828125,63.24298095703125,65.55236053466797,67.21958923339844
2020-01-17,2019-12-16,58.54,61.229461669921875,54.024505615234375,55.92608642578125,58.48578643798828,61.229461669921875,64.13018798828125,66.51231384277344,68.22891998291016
2020-01-21,2019-12-17,58.34,61.4254035949707,53.512298583984375,55.58709716796875,58.38854217529297,61.4254035949707,64.5809097290039,67.28114318847656,69.24557495117188
2020-01-22,2019-12-18,56.74,60.836551666259766,51.89363098144531,54.26706314086914,57.46025085449219,60.836551666259766,64.165283203125,66.89529418945312,68.85941314697266
2020-01-23,2019-12-19,55.59,61.15571975708008,52.672607421875,54.943111419677734,57.99314880371094,61.15571975708008,64.30924987792969,66.8335189819336,68.63623809814453
2020-01-24,2019-12-20,54.19,60.785587310791016,52.64570999145508,54.782718658447266,57.67518615722656,60.785587310791016,63.89966583251953,66.41934967041016,68.22024536132812
2020-01-27,2019-12-23,53.14,59.66755294799805,51.584068298339844,53.69272994995117,56.548377990722656,59.66755294799805,62.81645202636719,65.33684539794922,67.13351440429688
2020-01-28,2019-12-24,53.48,57.937538146972656,49.249961853027344,51.525936126708984,54.60312271118164,57.937538146972656,61.211448669433594,63.75959014892578,65.57933044433594
2020-01-29,2019-12-26,53.33,56.73324966430664,49.01205062866211,50.991539001464844,53.68397521972656,56.73324966430664,59.90271759033203,62.3956413269043,64.20140838623047
2020-01-30,2019-12-27,52.14,57.24340057373047,49.03589630126953,51.15674591064453,54.034996032714844,57.24340057373047,60.48286437988281,62.99427795410156,64.79570770263672
2020-01-31,2019-12-30,51.56,57.3968391418457,49.709720611572266,51.68359375,54.36784362792969,57.3968391418457,60.51908493041992,63.038604736328125,64.86801147460938
2020-02-03,2019-12-31,50.11,53.73783493041992,46.324485778808594,48.20193099975586,50.76244354248047,53.73783493041992,56.6728401184082,58.93499755859375,60.58552932739258
2020-02-04,2020-01-02,49.61,54.04240036010742,45.74859619140625,47.82394790649414,50.66044235229492,54.04240036010742,57.46485137939453,60.05610656738281,61.93075180053711
2020-02-05,2020-01-03,50.75,58.39198684692383,51.161529541015625,52.973087310791016,55.45565414428711,58.39198684692383,61.5215950012207,64.03392028808594,65.87174224853516
2020-02-06,2020-01-06,50.95,59.98805236816406,52.865867614746094,54.655906677246094,57.1048583984375,59.98805236816406,63.102325439453125,65.65895080566406,67.53761291503906
2020-02-07,2020-01-07,50.32,60.02584457397461,52.61126708984375,54.48609924316406,57.04509735107422,60.02584457397461,63.23812484741211,65.94766235351562,67.93697357177734
2020-02-10,2020-01-08,49.57,58.15345001220703,50.721229553222656,52.622703552246094,55.21192169189453,58.15345001220703,61.1966667175293,63.749961853027344,65.61099243164062
2020-02-11,2020-01-09,49.94,59.12430191040039,51.57942199707031,53.53194808959961,56.17913818359375,59.12430191040039,62.154151916503906,64.66632843017578,66.4921875
2020-02-12,2020-01-10,51.17,58.780887603759766,50.74794387817383,52.823936462402344,55.64716339111328,58.780887603759766,62.006980895996094,64.80470275878906,66.84642028808594
2020-02-13,2020-01-13,51.42,56.97318649291992,47.774078369140625,50.17057800292969,53.425209045410156,56.97318649291992,60.445281982421875,63.38502502441406,65.5126953125
2020-02-14,2020-01-14,52.05,56.46809768676758,48.64042663574219,50.65781784057617,53.39987564086914,56.46809768676758,59.61650848388672,62.241729736328125,64.14021301269531
2020-02-18,2020-01-15,52.05,57.20722579956055,49.66624450683594,51.599647521972656,54.23241424560547,57.20722579956055,60.25670623779297,62.8158073425293,64.66455078125
2020-02-19,2020-01-16,53.29,56.15227127075195,48.351905822753906,50.34337615966797,53.05989074707031,56.15227127075195,59.29240036010742,61.80572509765625,63.60614776611328
2020-02-20,2020-01-17,53.78,53.31203079223633,45.253135681152344,47.318416595458984,50.13178634643555,53.31203079223633,56.44988250732422,58.90357208251953,60.6633186340332
2020-02-21,2020-01-21,53.38,51.19866943359375,44.676212310791016,46.31956481933594,48.57773971557617,51.19866943359375,53.785926818847656,55.731842041015625,57.119483947753906
2020-02-24,2020-01-22,51.43,51.49983596801758,44.23490905761719,46.05489730834961,48.56022644042969,51.49983596801758,54.40086364746094,56.63422393798828,58.22416305541992
2020-02-25,2020-01-23,49.9,49.383724212646484,42.49423599243164,44.2061767578125,46.5753173828125,49.383724212646484,52.21070861816406,54.4312744140625,56.01710891723633
2020-02-26,2020-01-24,48.73,46.14677429199219,39.21769714355469,40.95116424560547,43.345359802246094,46.14677429199219,48.84514617919922,50.879974365234375,52.31178283691406
2020-02-27,2020-01-27,47.09,46.15275573730469,37.95854949951172,40.033470153808594,42.883174896240234,46.15275573730469,49.240447998046875,51.561676025390625,53.19614791870117
2020-02-28,2020-01-28,44.76,47.517425537109375,39.802520751953125,41.74507141113281,44.418670654296875,47.517425537109375,50.45574188232422,52.70390701293945,54.29585647583008
2020-03-02,2020-01-29,46.75,47.44305419921875,40.056182861328125,41.92034912109375,44.481597900390625,47.44305419921875,50.30155944824219,52.574806213378906,54.20907974243164
2020-03-03,2020-01-30,47.18,47.11398696899414,39.30195999145508,41.27617263793945,43.98075866699219,47.11398696899414,50.231048583984375,52.80839920043945,54.66996765136719
2020-03-04,2020-01-31,46.78,47.18094253540039,39.405731201171875,41.374813079833984,44.06996536254883,47.18094253540039,50.24550247192383,52.80337905883789,54.650211334228516
2020-03-05,2020-02-03,45.9,47.907012939453125,38.840599060058594,41.187095642089844,44.38005065917969,47.907012939453125,51.24229431152344,54.01564025878906,56.01319885253906
2020-03-06,2020-02-04,41.28,48.21201705932617,38.4429931640625,40.97306823730469,44.414772033691406,48.21201705932617,51.9454460144043,55.152488708496094,57.47696304321289
2020-03-09,2020-02-05,31.13,48.22918701171875,37.806243896484375,40.53361892700195,44.22344970703125,48.22918701171875,52.10067367553711,55.39908981323242,57.79269790649414
2020-03-10,2020-02-06,34.36,46.65462112426758,38.75624084472656,40.77989196777344,43.534393310546875,46.65462112426758,49.77861404418945,52.399635314941406,54.302677154541016
2020-03-11,2020-02-07,32.98,47.17561340332031,39.06103515625,41.13147735595703,43.95348358154297,47.17561340332031,50.44778060913086,53.223567962646484,55.23432159423828
2020-03-12,2020-02-10,31.5,45.72843551635742,37.23541259765625,39.41221618652344,42.38075637817383,45.72843551635742,49.020233154296875,51.67669677734375,53.576576232910156
2020-03-13,2020-02-11,31.73,45.507171630859375,36.67401885986328,38.964317321777344,42.07647705078125,45.507171630859375,48.711280822753906,51.119468688964844,52.81462860107422
2020-03-16,2020-02-12,28.7,44.18302917480469,36.286476135253906,38.29833221435547,41.055850982666016,44.18302917480469,47.0396614074707,49.08079528808594,50.505584716796875
2020-03-17,2020-02-13,26.95,46.28794860839844,37.81300354003906,39.985618591308594,42.94746780395508,46.28794860839844,49.46562194824219,51.874969482421875,53.58303451538086
2020-03-18,2020-02-14,20.37,45.35521697998047,37.063499450683594,39.15308380126953,42.01709747314453,45.35521697998047,48.57689666748047,50.95884704589844,52.63524627685547
2020-03-19,2020-02-18,25.22,44.56778335571289,36.88286590576172,38.81138610839844,41.46098327636719,44.56778335571289,47.556678771972656,49.734107971191406,51.264442443847656
2020-03-20,2020-02-19,22.43,48.17113494873047,39.43735122680664,41.6060791015625,44.597110748291016,48.17113494873047,51.66541290283203,54.271392822265625,56.11254119873047
2020-03-23,2020-02-20,23.36,47.755462646484375,39.777305603027344,41.732330322265625,44.4427490234375,47.755462646484375,51.10919189453125,53.6282844543457,55.4146728515625
2020-03-24,2020-02-21,24.01,46.42623519897461,38.909263610839844,40.764495849609375,43.32594299316406,46.42623519897461,49.607452392578125,52.02877426147461,53.7559700012207
2020-03-25,2020-02-24,24.49,45.84580993652344,37.002723693847656,39.232887268066406,42.286170959472656,45.84580993652344,49.423179626464844,52.22369384765625,54.22731018066406
2020-03-26,2020-02-25,22.6,45.54661178588867,36.536468505859375,38.859130859375,42.022647857666016,45.54661178588867,48.93391418457031,51.648380279541016,53.59819793701172
2020-03-27,2020-02-26,21.51,46.85356140136719,37.29401397705078,39.81549072265625,43.2263069152832,46.85356140136719,50.24408721923828,53.01433181762695,55.01488494873047
2020-03-30,2020-02-27,20.09,46.003082275390625,35.65010070800781,38.36711120605469,42.048362731933594,46.003082275390625,49.806610107421875,53.00747299194336,55.32827377319336
2020-03-31,2020-02-28,20.48,42.89252853393555,30.086524963378906,33.495140075683594,38.09378433227539,42.89252853393555,47.290916442871094,50.986846923828125,53.68182373046875
2020-04-01,2020-03-02,20.31,41.173641204833984,31.399391174316406,33.92157745361328,37.356895446777344,41.173641204833984,44.6846923828125,47.39710998535156,49.33306121826172
2020-04-02,2020-03-03,25.32,42.38435363769531,32.49980926513672,35.04718017578125,38.5203742980957,42.38435363769531,46.04248046875,48.868099212646484,50.88332748413086
2020-04-03,2020-03-04,28.34,43.331390380859375,33.542877197265625,36.07774353027344,39.53160858154297,43.331390380859375,46.952388763427734,49.76678466796875,51.771697998046875
2020-04-06,2020-03-05,26.08,43.16838073730469,33.083248138427734,35.73969650268555,39.33800506591797,43.16838073730469,46.72407913208008,49.50154113769531,51.48362731933594
2020-04-07,2020-03-06,23.63,39.556365966796875,28.376678466796875,31.34300422668457,35.35401916503906,39.556365966796875,43.25303649902344,46.18423843383789,48.279293060302734
2020-04-08,2020-03-09,25.09,32.75447082519531,15.268376350402832,19.912574768066406,26.109355926513672,32.75447082519531,38.85737228393555,43.73564147949219,47.31520080566406
2020-04-09,2020-03-10,22.76,35.33686065673828,20.578685760498047,24.503368377685547,29.7486515045166,35.33686065673828,40.21267318725586,44.20044708251953,47.12644958496094
2020-04-13,2020-03-11,22.41,32.48365020751953,20.883419036865234,23.89038848876953,27.96453857421875,32.48365020751953,36.690086364746094,40.26097106933594,42.87925338745117
2020-04-14,2020-03-12,20.11,31.466928482055664,19.675792694091797,22.724998474121094,26.884479522705078,31.466928482055664,35.90764236450195,39.86754608154297,42.782875061035156
2020-04-15,2020-03-13,19.87,30.991243362426758,20.92487335205078,23.53649139404297,27.10607147216797,30.991243362426758,34.6356201171875,37.87590026855469,40.24040985107422
2020-04-16,2020-03-16,19.87,28.17656135559082,17.356334686279297,20.171276092529297,24.013347625732422,28.17656135559082,32.12666702270508,35.63854217529297,38.2047119140625
2020-04-17,2020-03-17,18.27,27.704891204833984,15.699989318847656,18.849098205566406,23.119741439819336,27.704891204833984,32.239295959472656,36.36304473876953,39.40172576904297
2020-04-20,2020-03-18,-37.63,24.173213958740234,9.133476257324219,13.114131927490234,18.47515296936035,24.173213958740234,29.409433364868164,33.85704803466797,37.108795166015625
2020-04-21,2020-03-19,10.01,26.42538070678711,13.220314025878906,16.729999542236328,21.45964813232422,26.42538070678711,30.855712890625,34.806861877441406,37.72138214111328
2020-04-22,2020-03-20,13.78,22.125789642333984,8.385276794433594,11.99234390258789,16.8731632232666,22.125789642333984,27.18719482421875,31.666492462158203,34.950042724609375
2020-04-23,2020-03-23,16.5,21.270477294921875,6.684360980987549,10.525897979736328,15.742624282836914,21.270477294921875,26.59597396850586,31.418800354003906,34.96326446533203
2020-04-24,2020-03-24,16.94,20.452579498291016,8.336978912353516,11.530128479003906,15.87228012084961,20.452579498291016,24.548437118530273,28.036123275756836,30.564083099365234
2020-04-27,2020-03-25,12.78,21.56201934814453,9.71358871459961,12.833953857421875,17.081727981567383,21.56201934814453,25.44342613220215,28.72510528564453,31.104591369628906
2020-04-28,2020-03-26,12.34,20.471527099609375,7.845879554748535,11.192150115966797,15.731786727905273,20.471527099609375,24.619396209716797,28.210453033447266,30.815303802490234
2020-04-29,2020-03-27,15.06,20.847492218017578,9.090373992919922,12.181556701660156,16.383033752441406,20.847492218017578,24.793136596679688,28.16837501525879,30.611797332763672
2020-04-30,2020-03-30,18.84,21.149368286132812,10.819328308105469,13.515106201171875,17.191360473632812,21.149368286132812,24.70622444152832,27.854360580444336,30.154266357421875
2020-05-01,2020-03-31,19.78,20.917037963867188,10.23617935180664,13.057117462158203,16.876981735229492,20.917037963867188,24.907093048095703,28.620262145996094,31.363445281982422
2020-05-04,2020-04-01,20.39,20.642620086669922,8.980217933654785,12.084644317626953,16.272052764892578,20.642620086669922,25.006641387939453,29.08702850341797,32.1130256652832
2020-05-05,2020-04-02,24.56,23.3604736328125,14.551666259765625,16.797325134277344,19.86440086364746,23.3604736328125,27.04071807861328,30.373886108398438,32.8199462890625
2020-05-06,2020-04-03,23.99,25.991294860839844,16.76465606689453,19.091781616210938,22.271860122680664,25.991294860839844,30.031030654907227,33.4990234375,36.02533721923828
2020-05-07,2020-04-06,23.55,24.12183380126953,16.874496459960938,18.721515655517578,21.263120651245117,24.12183380126953,26.953388214111328,29.462818145751953,31.28278160095215
2020-05-08,2020-04-07,24.74,23.00771713256836,15.434402465820312,17.377700805664062,20.04971694946289,23.00771713256836,25.80821990966797,28.319154739379883,30.147438049316406
2020-05-11,2020-04-08,24.14,24.399951934814453,16.547889709472656,18.57278823852539,21.349767684936523,24.399951934814453,27.689096450805664,30.871763229370117,33.237327575683594
2020-05-12,2020-04-09,25.78,23.880111694335938,15.038326263427734,17.364391326904297,20.53091812133789,23.880111694335938,27.191015243530273,30.27562141418457,32.55510330200195
2020-05-13,2020-04-13,25.29,23.138866424560547,14.685260772705078,16.930431365966797,19.982311248779297,23.138866424560547,26.176753997802734,29.064451217651367,31.212202072143555
2020-05-14,2020-04-14,27.56,20.513568878173828,9.426636695861816,12.410324096679688,16.44393539428711,20.513568878173828,24.347455978393555,27.781715393066406,30.303691864013672
2020-05-15,2020-04-15,29.43,19.539657592773438,7.880939960479736,11.048900604248047,15.321949005126953,19.539657592773438,23.577411651611328,27.374300003051758,30.20156478881836
2020-05-18,2020-04-16,31.82,19.570133209228516,9.88629150390625,12.514549255371094,16.07115364074707,19.570133209228516,22.767498016357422,25.585552215576172,27.643291473388672
2020-05-19,2020-04-17,32.5,19.03528594970703,9.496536254882812,12.051826477050781,15.526908874511719,19.03528594970703,22.244800567626953,25.088668823242188,27.16207504272461
2020-05-20,2020-04-20,33.49,-10.47564697265625,-48.834259033203125,-39.937744140625,-27.844200134277344,-10.47564697265625,7.5885467529296875,18.591808319091797,26.246219635009766
2020-05-21,2020-04-21,33.92,14.759868621826172,-13.88585090637207,-4.661933898925781,7.064531326293945,14.759868621826172,20.356618881225586,25.138717651367188,28.606609344482422
2020-05-22,2020-04-22,33.25,14.968116760253906,-5.468039512634277,0.8547592163085938,8.971576690673828,14.968116760253906,19.652790069580078,23.882755279541016,27.017284393310547
2020-05-26,2020-04-23,34.35,15.262744903564453,-4.266566276550293,1.9589385986328125,9.826236724853516,15.262744903564453,19.688568115234375,23.967777252197266,27.186084747314453
2020-05-27,2020-04-24,32.81,14.123542785644531,-5.875506401062012,0.5452880859375,8.633527755737305,14.123542785644531,19.034671783447266,23.993480682373047,27.812374114990234
2020-05-28,2020-04-27,33.71,14.023677825927734,-6.52414608001709,-0.5042457580566406,7.320629119873047,14.023677825927734,20.11432647705078,25.591075897216797,29.64987564086914
2020-05-29,2020-04-28,35.49,12.2725830078125,-10.724982261657715,-3.8682594299316406,5.028364181518555,12.2725830078125,18.548446655273438,24.654052734375,29.210052490234375
2020-06-01,2020-04-29,35.44,13.626285552978516,-4.404711723327637,0.7813873291015625,7.609231948852539,13.626285552978516,19.3438777923584,25.105274200439453,29.444263458251953
2020-06-02,2020-04-30,36.81,16.250106811523438,-0.13644695281982422,4.724590301513672,11.0462646484375,16.250106811523438,20.975635528564453,25.658470153808594,29.165969848632812
2020-06-03,2020-05-01,37.29,17.866077423095703,2.328793525695801,6.956611633300781,12.97125244140625,17.866077423095703,22.604793548583984,27.27130699157715,30.79596710205078
2020-06-04,2020-05-04,37.41,17.624759674072266,1.579483985900879,6.6419219970703125,13.059793472290039,17.624759674072266,21.69499969482422,25.707487106323242,28.732532501220703
2020-06-05,2020-05-05,39.55,19.447933197021484,3.3696374893188477,8.038253784179688,14.157829284667969,19.447933197021484,24.187881469726562,28.370031356811523,31.430130004882812
2020-06-08,2020-05-06,38.19,20.467449188232422,0.9199762344360352,6.544925689697266,13.88201904296875,20.467449188232422,27.01445198059082,32.83505630493164,37.04022979736328
2020-06-09,2020-05-07,38.94,20.721817016601562,-1.4306058883666992,5.921970367431641,15.00225830078125,20.721817016601562,25.950389862060547,31.89196014404297,36.48922348022461
2020-06-10,2020-05-08,39.6,22.61099624633789,2.879246711730957,9.525680541992188,17.65264129638672,22.61099624633789,26.991220474243164,31.46055030822754,34.85187530517578
2020-06-11,2020-05-11,36.34,22.392539978027344,5.733525276184082,11.085453033447266,17.82847023010254,22.392539978027344,26.239765167236328,29.932846069335938,32.73210144042969
2020-06-12,2020-05-12,36.26,25.530532836914062,8.713711738586426,13.419689178466797,19.683868408203125,25.530532836914062,31.119644165039062,36.107093811035156,39.767494201660156
2020-06-15,2020-05-13,37.12,24.8693790435791,10.74840259552002,14.850894927978516,20.244558334350586,24.8693790435791,28.997514724731445,32.59516906738281,35.229896545410156
2020-06-16,2020-05-14,38.38,24.856258392333984,13.924407958984375,17.031116485595703,21.15530014038086,24.856258392333984,28.152103424072266,30.9703369140625,33.0223503112793
2020-06-17,2020-05-15,37.96,29.267555236816406,14.132473945617676,18.550460815429688,24.337448120117188,29.267555236816406,34.08928298950195,38.37458801269531,41.5001220703125
2020-06-18,2020-05-18,38.84,36.716060638427734,18.318832397460938,23.649478912353516,30.62360382080078,36.716060638427734,42.80731964111328,48.30298614501953,52.30162811279297
2020-06-19,2020-05-19,39.75,34.29253005981445,12.774198532104492,19.289199829101562,27.666170120239258,34.29253005981445,40.302940368652344,45.3018798828125,48.88496780395508
2020-06-22,2020-05-20,40.46,33.79674530029297,12.800824165344238,19.108966827392578,27.241958618164062,33.79674530029297,39.70429611206055,44.568668365478516,48.04917907714844
2020-06-23,2020-05-21,40.37,30.580413818359375,13.431805610656738,18.249347686767578,24.61585235595703,30.580413818359375,36.37641906738281,41.249114990234375,44.76396560668945
2020-06-24,2020-05-22,38.01,29.213960647583008,12.00939655303955,17.04698944091797,23.60575294494629,29.213960647583008,34.57384490966797,38.95233917236328,42.0877685546875
2020-06-25,2020-05-26,38.72,31.92523193359375,14.4424409866333,19.672046661376953,26.419811248779297,31.92523193359375,37.30930709838867,41.69214630126953,44.825660705566406
2020-06-26,2020-05-27,38.49,27.196863174438477,12.398720741271973,16.70529556274414,22.345966339111328,27.196863174438477,31.620807647705078,35.11266326904297,37.612159729003906
2020-06-29,2020-05-28,39.7,28.086711883544922,15.523361206054688,19.080944061279297,23.784408569335938,28.086711883544922,32.0615119934082,35.390350341796875,37.80496597290039
2020-06-30,2020-05-29,39.27,34.939361572265625,20.056785583496094,24.336946487426758,29.948068618774414,34.939361572265625,39.87920379638672,43.795318603515625,46.585906982421875
2020-07-01,2020-06-01,39.82,33.71925354003906,17.951274871826172,22.642932891845703,28.721435546875,33.71925354003906,38.50890350341797,42.27973175048828,44.966732025146484
2020-07-02,2020-06-02,40.65,33.08136749267578,20.423616409301758,23.994319915771484,28.736581802368164,33.08136749267578,37.17227554321289,40.438751220703125,42.8109130859375
2020-07-06,2020-06-03,40.63,33.11229705810547,20.737855911254883,24.22559928894043,28.852109909057617,33.11229705810547,37.01641845703125,40.113956451416016,42.359439849853516
2020-07-07,2020-06-04,40.62,36.55192565917969,20.065963745117188,25.000385284423828,31.386375427246094,36.55192565917969,41.11524963378906,44.782928466796875,47.41653823852539
2020-07-08,2020-06-05,40.9,38.10842514038086,22.83795166015625,27.401079177856445,33.312103271484375,38.10842514038086,42.5106315612793,45.962730407714844,48.422420501708984
2020-07-09,2020-06-08,39.62,34.54033660888672,20.459339141845703,24.57361602783203,29.961654663085938,34.54033660888672,38.56861114501953,41.712120056152344,43.95873260498047
2020-07-10,2020-06-09,40.55,39.652923583984375,24.707027435302734,29.169574737548828,34.94166564941406,39.652923583984375,43.997833251953125,47.52717971801758,50.066802978515625
2020-07-13,2020-06-10,40.1,43.465614318847656,29.661361694335938,33.644813537597656,38.85710144042969,43.465614318847656,47.7950439453125,51.60585021972656,54.40375900268555
2020-07-14,2020-06-11,40.29,37.914642333984375,18.146499633789062,24.20237159729004,31.936588287353516,37.914642333984375,43.087520599365234,47.195335388183594,50.136451721191406
2020-07-15,2020-06-12,41.2,36.64012145996094,17.618972778320312,23.34869384765625,30.71187973022461,36.64012145996094,41.760093688964844,45.90470886230469,48.8783073425293
2020-07-16,2020-06-15,40.75,35.06361389160156,16.976383209228516,22.415584564208984,29.40887451171875,35.06361389160156,40.06908416748047,44.05785369873047,46.90602493286133
2020-07-17,2020-06-16,40.59,35.372928619384766,17.96145248413086,23.315780639648438,30.11921501159668,35.372928619384766,40.14247131347656,43.72301483154297,46.244163513183594
2020-07-20,2020-06-17,40.81,36.404727935791016,20.3544921875,25.28172492980957,31.555641174316406,36.404727935791016,41.0654296875,44.79670715332031,47.47126007080078
2020-07-21,2020-06-18,41.96,35.34901428222656,23.086164474487305,26.60561180114746,31.23468780517578,35.34901428222656,39.126102447509766,42.04871368408203,44.14745330810547
2020-07-22,2020-06-19,41.9,35.74861526489258,24.288360595703125,27.512393951416016,31.781295776367188,35.74861526489258,39.367889404296875,42.16838836669922,44.177242279052734
2020-07-23,2020-06-22,41.07,39.987152099609375,28.12207794189453,31.440704345703125,35.836509704589844,39.987152099609375,43.96424102783203,46.98642349243164,49.1583251953125
2020-07-24,2020-06-23,41.29,38.444862365722656,22.333213806152344,27.229198455810547,33.50642395019531,38.444862365722656,42.997772216796875,46.48109436035156,48.95054626464844
2020-07-27,2020-06-24,41.6,34.45423889160156,20.359630584716797,24.382057189941406,29.69582748413086,34.45423889160156,38.588932037353516,41.78736114501953,44.087242126464844
2020-07-28,2020-06-25,41.04,33.28211212158203,19.73581886291504,23.645063400268555,28.782291412353516,33.28211212158203,37.09409713745117,40.0299072265625,42.135658264160156
2020-07-29,2020-06-26,41.27,35.686241149902344,16.572490692138672,22.586170196533203,30.214466094970703,35.686241149902344,40.1910400390625,43.748924255371094,46.27634048461914
2020-07-30,2020-06-29,39.92,37.337989807128906,22.546566009521484,26.973899841308594,32.6812858581543,37.337989807128906,41.388450622558594,44.49351501464844,46.693809509277344
2020-07-31,2020-06-30,40.27,36.60393524169922,23.128822326660156,27.143077850341797,32.3399543762207,36.60393524169922,40.31245422363281,43.06379699707031,45.002288818359375
2020-08-03,2020-07-01,41.01,40.07025909423828,26.49541473388672,30.650787353515625,35.938865661621094,40.07025909423828,43.948486328125,47.22639083862305,49.60013961791992
2020-08-04,2020-07-02,41.7,42.52210235595703,30.974185943603516,34.28375244140625,38.602149963378906,42.52210235595703,46.40734100341797,49.88688278198242,52.44184494018555
2020-08-05,2020-07-06,42.19,41.35480499267578,27.670307159423828,31.81597328186035,37.1199836730957,41.35480499267578,45.35047149658203,48.7474479675293,51.21736526489258
2020-08-06,2020-07-07,41.95,41.599098205566406,26.742351531982422,31.36717414855957,37.22514724731445,41.599098205566406,45.63804626464844,49.128150939941406,51.66309356689453
2020-08-07,2020-07-08,41.22,40.785362243652344,23.854961395263672,29.262828826904297,36.077911376953125,40.785362243652344,44.977027893066406,48.46952438354492,50.982398986816406
2020-08-10,2020-07-09,41.94,37.580657958984375,19.385967254638672,25.227127075195312,32.593833923339844,37.580657958984375,41.87913513183594,45.14738845825195,47.44481658935547
2020-08-11,2020-07-10,41.61,39.17659378051758,23.33606719970703,28.317195892333984,34.63972091674805,39.17659378051758,43.39561462402344,46.858882904052734,49.34996032714844
2020-08-12,2020-07-13,42.67,38.344181060791016,25.562854766845703,29.366268157958984,34.294769287109375,38.344181060791016,42.05868148803711,45.21196746826172,47.50272750854492
2020-08-13,2020-07-14,42.24,37.6298828125,25.672531127929688,29.1448917388916,33.67940139770508,37.6298828125,41.250022888183594,44.33159637451172,46.576637268066406
2020-08-14,2020-07-15,42.01,41.35459899902344,28.88787078857422,32.49974822998047,37.18834686279297,41.35459899902344,45.32423400878906,48.87629699707031,51.502952575683594
2020-08-17,2020-07-16,42.89,40.10519790649414,24.70452880859375,29.37118911743164,35.37728500366211,40.10519790649414,44.444541931152344,48.19137191772461,50.92086410522461
2020-08-18,2020-07-17,42.89,38.819000244140625,26.261035919189453,29.9381160736084,34.74323654174805,38.819000244140625,42.50261306762695,45.59791564941406,47.84955596923828
2020-08-19,2020-07-20,42.93,37.1683349609375,24.195358276367188,27.945070266723633,32.87376022338867,37.1683349609375,40.81024932861328,43.749725341796875,45.871795654296875
2020-08-20,2020-07-21,42.58,40.37505340576172,24.725570678710938,29.600013732910156,35.80702590942383,40.37505340576172,44.25701904296875,47.52677536010742,49.89228820800781
2020-08-21,2020-07-22,42.34,40.87363052368164,26.355308532714844,30.78946876525879,36.473419189453125,40.87363052368164,44.787940979003906,48.101409912109375,50.503421783447266
2020-08-24,2020-07-23,42.62,39.45781707763672,25.368122100830078,29.632951736450195,35.13628387451172,39.45781707763672,43.196205139160156,46.208038330078125,48.367469787597656
2020-08-25,2020-07-24,43.35,41.32252502441406,27.168582916259766,31.706560134887695,37.413238525390625,41.32252502441406,44.8480339050293,48.2572135925293,50.795982360839844
2020-08-26,2020-07-27,43.39,42.69579315185547,31.317337036132812,34.79546356201172,39.2220458984375,42.69579315185547,46.18146896362305,50.002498626708984,52.91371536254883
2020-08-27,2020-07-28,43.04,41.51189422607422,28.149734497070312,32.291160583496094,37.5634765625,41.51189422607422,45.146793365478516,48.59355163574219,51.15705871582031
2020-08-28,2020-07-29,42.97,42.37717819213867,28.505844116210938,32.75914001464844,38.205875396728516,42.37717819213867,46.15250778198242,49.80393600463867,52.53278350830078
2020-08-31,2020-07-30,42.61,39.93052291870117,25.053260803222656,29.466510772705078,35.216583251953125,39.93052291870117,44.10759353637695,47.526123046875,49.97917175292969
2020-09-01,2020-07-31,42.76,37.23179626464844,22.351219177246094,26.784992218017578,32.56172561645508,37.23179626464844,41.252262115478516,44.2873649597168,46.41647720336914
2020-09-02,2020-08-03,41.51,38.79789733886719,25.296981811523438,29.29527473449707,34.50145721435547,38.79789733886719,42.783226013183594,45.97345733642578,48.2532958984375
2020-09-03,2020-08-04,41.37,40.042327880859375,29.186195373535156,32.262516021728516,36.325592041015625,40.042327880859375,43.57381820678711,46.52894592285156,48.667320251464844
2020-09-04,2020-08-05,39.77,39.44480514526367,28.542884826660156,31.550477981567383,35.554962158203125,39.44480514526367,43.151851654052734,46.15342712402344,48.31414031982422
2020-09-08,2020-08-06,36.76,41.94429016113281,29.429790496826172,33.02125549316406,37.71162796020508,41.94429016113281,46.05638885498047,49.855281829833984,52.665435791015625
2020-09-09,2020-08-07,38.05,40.49298095703125,25.777469635009766,30.06281852722168,35.65227508544922,40.49298095703125,44.93575668334961,49.3008918762207,52.575862884521484
2020-09-10,2020-08-10,37.3,40.469058990478516,29.202613830566406,32.373291015625,36.57374572753906,40.469058990478516,44.09233856201172,47.23572540283203,49.53656005859375
2020-09-11,2020-08-11,37.33,38.92605209350586,28.555763244628906,31.28639793395996,34.992679595947266,38.92605209350586,42.58877944946289,45.52444839477539,47.650665283203125
2020-09-14,2020-08-12,37.26,41.31585693359375,27.95978546142578,31.811054229736328,36.869773864746094,41.31585693359375,45.16046142578125,48.36610412597656,50.6883430480957
2020-09-15,2020-08-13,38.28,41.226802825927734,28.554534912109375,32.19366455078125,36.999141693115234,41.226802825927734,44.897193908691406,47.97382736206055,50.201725006103516
2020-09-16,2020-08-14,40.16,41.437156677246094,29.976058959960938,33.17906951904297,37.465328216552734,41.437156677246094,44.86903381347656,47.74528884887695,49.83278274536133
2020-09-17,2020-08-17,40.97,43.33810806274414,31.336807250976562,34.90745544433594,39.54533004760742,43.33810806274414,46.712120056152344,49.828243255615234,52.13027572631836
2020-09-18,2020-08-18,41.11,44.28030014038086,33.679100036621094,36.899658203125,41.024017333984375,44.28030014038086,47.368446350097656,50.49826431274414,52.84992980957031
2020-09-21,2020-08-19,39.31,43.833953857421875,32.69300079345703,35.96846008300781,40.24329376220703,43.833953857421875,47.103065490722656,50.204978942871094,52.5037727355957
2020-09-22,2020-08-20,39.6,44.1263427734375,32.32319641113281,35.720909118652344,40.205413818359375,44.1263427734375,47.640830993652344,50.86748123168945,53.2518196105957
2020-09-23,2020-08-21,39.93,42.88808822631836,32.0945930480957,35.05951690673828,39.0548095703125,42.88808822631836,46.455474853515625,49.49110412597656,51.686744689941406
2020-09-24,2020-08-24,40.31,40.012603759765625,29.744422912597656,32.4947509765625,36.23908233642578,40.012603759765625,43.496490478515625,46.17842483520508,48.066673278808594
2020-09-25,2020-08-25,40.25,41.550872802734375,30.930267333984375,33.8515625,37.7718620300293,41.550872802734375,45.150184631347656,48.130462646484375,50.27762222290039
2020-09-28,2020-08-26,40.6,43.1981086730957,33.99861145019531,36.510719299316406,39.88572311401367,43.1981086730957,46.45207214355469,49.431396484375,51.634986877441406
2020-09-29,2020-08-27,39.29,42.22953796386719,32.892879486083984,35.482181549072266,38.93968200683594,42.22953796386719,45.315067291259766,48.03917694091797,50.04070281982422
2020-09-30,2020-08-28,40.22,43.63310241699219,32.65876388549805,35.70027160644531,39.730812072753906,43.63310241699219,47.490814208984375,51.273033142089844,54.096702575683594
2020-10-01,2020-08-31,38.72,43.39728927612305,31.68207550048828,34.96687316894531,39.3212776184082,43.39728927612305,47.35549545288086,51.82073211669922,55.254859924316406
2020-10-02,2020-09-01,37.05,43.195716857910156,33.76079177856445,36.362483978271484,39.84026336669922,43.195716857910156,46.43115997314453,49.47901916503906,51.74962615966797
2020-10-05,2020-09-02,39.22,44.38047409057617,35.15910339355469,37.60805130004883,40.93658447265625,44.38047409057617,47.805870056152344,50.95587921142578,53.30616760253906
2020-10-06,2020-09-03,40.67,41.191680908203125,29.379669189453125,32.70283508300781,37.10560607910156,41.191680908203125,44.87089538574219,48.26708984375,50.780128479003906
2020-10-07,2020-09-04,39.95,39.340087890625,27.457088470458984,30.72052764892578,35.094749450683594,39.340087890625,43.21572494506836,46.57205581665039,49.02202606201172
2020-10-08,2020-09-08,41.19,37.164215087890625,24.35492706298828,27.827075958251953,32.51019287109375,37.164215087890625,41.37876892089844,44.89488983154297,47.440486907958984
2020-10-09,2020-09-09,40.6,37.12886428833008,22.68646240234375,26.77818489074707,32.166709899902344,37.12886428833008,41.599273681640625,45.508880615234375,48.36068344116211
2020-10-12,2020-09-10,39.43,34.86402130126953,19.478031158447266,23.78673553466797,29.483482360839844,34.86402130126953,39.90218734741211,44.234710693359375,47.37647247314453
2020-10-13,2020-09-11,40.2,36.709896087646484,22.587825775146484,26.537702560424805,31.778240203857422,36.709896087646484,41.29179000854492,45.22889709472656,48.08617401123047
2020-10-14,2020-09-14,41.04,36.636722564697266,22.8946475982666,26.721439361572266,31.820762634277344,36.636722564697266,41.094024658203125,44.918006896972656,47.697303771972656
2020-10-15,2020-09-15,40.96,38.23841094970703,27.111698150634766,30.140417098999023,34.22010803222656,38.23841094970703,42.07834243774414,45.34021759033203,47.702117919921875
2020-10-16,2020-09-16,40.88,38.57231140136719,27.678375244140625,30.655942916870117,34.65931701660156,38.57231140136719,42.21530532836914,45.2513427734375,47.45179748535156
2020-10-19,2020-09-17,40.83,39.98796081542969,28.23583221435547,31.527389526367188,35.89643096923828,39.98796081542969,43.78737258911133,46.99453353881836,49.333778381347656
2020-10-20,2020-09-18,41.46,41.566951751708984,31.202552795410156,34.08314514160156,37.9156494140625,41.566951751708984,45.12091064453125,48.287837982177734,50.63839340209961
2020-10-21,2020-09-21,40.03,38.900001525878906,27.38015365600586,30.609067916870117,34.898475646972656,38.900001525878906,42.582855224609375,45.73947525024414,48.04690170288086
2020-10-22,2020-09-22,40.64,42.109527587890625,29.678115844726562,33.06623077392578,37.594261169433594,42.109527587890625,46.42353439331055,50.41264343261719,53.37678527832031
2020-10-23,2020-09-23,39.85,41.72555160522461,29.750995635986328,33.064537048339844,37.48267364501953,41.72555160522461,45.83502197265625,49.76727294921875,52.70918273925781
2020-10-26,2020-09-24,38.56,41.99248504638672,32.416107177734375,35.02180480957031,38.51737976074219,41.99248504638672,45.41787338256836,48.55934143066406,50.90107345581055
2020-10-27,2020-09-25,39.57,44.60124588012695,35.7474365234375,38.07398986816406,41.23828887939453,44.60124588012695,47.98889923095703,51.027976989746094,53.267024993896484
2020-10-28,2020-09-28,37.39,41.289817810058594,30.28515625,33.28057098388672,37.298484802246094,41.289817810058594,44.92827224731445,48.314090728759766,50.83591842651367
2020-10-29,2020-09-29,36.17,39.89059066772461,28.871883392333984,31.85085105895996,35.865089416503906,39.89059066772461,43.553916931152344,46.84563446044922,49.2811279296875
2020-10-30,2020-09-30,35.79,41.285728454589844,31.26189422607422,33.99772644042969,37.67338943481445,41.285728454589844,44.61518859863281,47.66874694824219,49.94172668457031
2020-11-02,2020-10-01,36.81,37.73358154296875,24.28314781188965,28.140504837036133,33.22307205200195,37.73358154296875,41.6624755859375,45.1917724609375,47.798866271972656
2020-11-03,2020-10-02,37.66,34.255130767822266,17.795433044433594,22.41552734375,28.541189193725586,34.255130767822266,39.16297149658203,43.48278045654297,46.66028594970703
2020-11-04,2020-10-05,39.15,38.71444320678711,26.470706939697266,29.924766540527344,34.49201202392578,38.71444320678711,42.448692321777344,45.80318069458008,48.283912658691406
2020-11-05,2020-10-06,38.79,40.423038482666016,28.88031005859375,32.16582107543945,36.484222412109375,40.423038482666016,43.93565368652344,47.11087417602539,49.47216033935547
2020-11-06,2020-10-07,37.14,38.85114669799805,26.93011474609375,30.293169021606445,34.744529724121094,38.85114669799805,42.499168395996094,45.75377655029297,48.16869354248047
2020-11-09,2020-10-08,40.29,39.75855255126953,28.745826721191406,31.858327865600586,35.977691650390625,39.75855255126953,43.12786865234375,46.09543228149414,48.299591064453125
2020-11-10,2020-10-09,41.36,39.40995788574219,27.536861419677734,30.975393295288086,35.47853088378906,39.40995788574219,42.882537841796875,45.962677001953125,48.249107360839844
2020-11-11,2020-10-12,41.45,39.685733795166016,29.237445831298828,32.19721221923828,36.10783386230469,39.685733795166016,43.05375671386719,46.25845718383789,48.6854362487793
2020-11-12,2020-10-13,41.12,39.897315979003906,29.133831024169922,32.214935302734375,36.26708984375,39.897315979003906,43.249080657958984,46.28704833984375,48.55305480957031
2020-11-13,2020-10-14,40.13,44.10746383666992,34.46012878417969,37.102272033691406,40.62380599975586,44.10746383666992,47.506622314453125,50.82742691040039,53.34695053100586
2020-11-16,2020-10-15,41.34,43.30924606323242,33.725975036621094,36.363319396972656,39.878074645996094,43.30924606323242,46.63105010986328,49.81532287597656,52.20526123046875
2020-11-17,2020-10-16,41.43,42.6585807800293,34.47624969482422,36.6832160949707,39.646949768066406,42.6585807800293,45.63380813598633,48.520931243896484,50.705078125
2020-11-18,2020-10-19,41.82,43.12481689453125,34.83702087402344,37.05154800415039,40.03870391845703,43.12481689453125,46.0955810546875,48.83279800415039,50.882286071777344
2020-11-19,2020-10-20,41.74,42.35363006591797,33.17430877685547,35.673988342285156,39.02989959716797,42.35363006591797,45.4166145324707,48.29485321044922,50.45191955566406
2020-11-20,2020-10-21,42.15,40.63568115234375,31.18817901611328,33.74818420410156,37.194358825683594,40.63568115234375,43.774574279785156,46.66108703613281,48.815616607666016
2020-11-23,2020-10-22,43.06,40.883270263671875,31.55594253540039,34.11114501953125,37.53497314453125,40.883270263671875,43.918190002441406,46.77025604248047,48.91250991821289
2020-11-24,2020-10-23,44.91,39.64168167114258,29.047618865966797,32.08271026611328,36.0867919921875,39.64168167114258,42.78939437866211,45.81391143798828,48.08526611328125
2020-11-25,2020-10-26,45.71,37.8640251159668,25.843868255615234,29.28419303894043,33.815406799316406,37.8640251159668,41.3404541015625,44.534427642822266,46.9072265625
2020-11-27,2020-10-27,45.53,39.39045715332031,29.997516632080078,32.655982971191406,36.16123962402344,39.39045715332031,42.24491882324219,44.83940505981445,46.77149200439453
2020-11-30,2020-10-28,45.34,37.320552825927734,25.58282470703125,28.928730010986328,33.32948303222656,37.320552825927734,40.679725646972656,43.57223129272461,45.699493408203125
2020-12-01,2020-10-29,44.55,34.30938720703125,20.637535095214844,24.47655487060547,29.5670108795166,34.30938720703125,38.238521575927734,41.47066116333008,43.81491470336914
2020-12-02,2020-10-30,45.28,34.688011169433594,22.264307022094727,25.727718353271484,30.336774826049805,34.688011169433594,38.40348815917969,41.49262619018555,43.73835754394531
2020-12-03,2020-11-02,45.64,36.640533447265625,25.246387481689453,28.466882705688477,32.71857452392578,36.640533447265625,40.092681884765625,43.035823822021484,45.19167709350586
2020-12-04,2020-11-03,46.26,38.45037078857422,29.91290283203125,32.21184539794922,35.302635192871094,38.45037078857422,41.34783172607422,43.92138671875,45.838340759277344
2020-12-07,2020-11-04,45.76,38.922447204589844,29.750885009765625,32.27123260498047,35.630863189697266,38.922447204589844,41.918739318847656,44.52348709106445,46.44476318359375
2020-12-08,2020-11-05,45.6,41.07698059082031,31.745643615722656,34.25262451171875,37.616485595703125,41.07698059082031,44.381683349609375,47.33865737915039,49.53199005126953
2020-12-09,2020-11-06,45.52,39.00762176513672,28.183063507080078,31.136516571044922,35.08369445800781,39.00762176513672,42.68717575073242,45.905799865722656,48.27422332763672
2020-12-10,2020-11-09,46.78,41.05378341674805,32.22077941894531,34.607337951660156,37.800132751464844,41.05378341674805,44.17174530029297,46.95935821533203,49.037376403808594
2020-12-11,2020-11-10,46.57,42.09016036987305,33.34287643432617,35.673240661621094,38.81178283691406,42.09016036987305,45.1904296875,47.881099700927734,49.87080383300781
2020-12-14,2020-11-11,46.99,41.89738082885742,32.463741302490234,34.98657989501953,38.38243103027344,41.89738082885742,45.14601135253906,47.88541793823242,49.89297103881836
2020-12-15,2020-11-12,47.62,41.67430114746094,32.86116027832031,35.21366882324219,38.387752532958984,41.67430114746094,44.71833801269531,47.28485870361328,49.1593017578125
2020-12-16,2020-11-13,47.82,40.756996154785156,32.11146545410156,34.4605712890625,37.61091613769531,40.756996154785156,43.63506317138672,46.16313171386719,48.02566146850586
2020-12-17,2020-11-16,48.36,42.107276916503906,33.09386444091797,35.5965461730957,38.92820739746094,42.107276916503906,45.04685974121094,47.63136291503906,49.53237533569336
2020-12-18,2020-11-17,49.1,42.24327850341797,32.81501007080078,35.475250244140625,38.99430847167969,42.24327850341797,45.223819732666016,47.86259460449219,49.804561614990234
2020-12-21,2020-11-18,47.74,42.94780731201172,34.33649444580078,36.71603775024414,39.88605499267578,42.94780731201172,45.82514953613281,48.324676513671875,50.16466522216797
2020-12-22,2020-11-19,47.02,42.454017639160156,33.265480041503906,35.8408088684082,39.255271911621094,42.454017639160156,45.322750091552734,47.78533172607422,49.59668731689453
2020-12-23,2020-11-20,48.12,41.9473762512207,31.967891693115234,34.79013442993164,38.51863479614258,41.9473762512207,44.98816680908203,47.54774856567383,49.42070770263672
2020-12-24,2020-11-23,48.23,42.94410705566406,34.04951858520508,36.51908874511719,39.80267333984375,42.94410705566406,45.7978515625,48.19273376464844,49.95243835449219
2020-12-28,2020-11-24,47.62,44.997928619384766,35.79935073852539,38.360252380371094,41.75138473510742,44.997928619384766,48.00995635986328,50.52490234375,52.37821578979492
2020-12-29,2020-11-25,48.0,46.58213424682617,39.73700714111328,41.52377700805664,43.947113037109375,46.58213424682617,49.09783935546875,51.24801254272461,52.84866714477539
2020-12-30,2020-11-27,48.4,46.58591079711914,38.86617660522461,40.953086853027344,43.749725341796875,46.58591079711914,49.274009704589844,51.54022979736328,53.21863555908203
2020-12-31,2020-11-30,48.52,47.467529296875,40.04441452026367,42.01435470581055,44.67518615722656,47.467529296875,50.04106903076172,52.225555419921875,53.85261154174805
2021-01-04,2020-12-01,47.62,46.45729446411133,38.473594665527344,40.61225509643555,43.489540100097656,46.45729446411133,49.250343322753906,51.61790084838867,53.3682861328125
2021-01-05,2020-12-02,49.93,47.36531066894531,40.23045349121094,42.1247444152832,44.68271255493164,47.36531066894531,49.953208923339844,52.168548583984375,53.816009521484375
2021-01-06,2020-12-03,50.63,47.410438537597656,40.56696319580078,42.39547348022461,44.85919952392578,47.410438537597656,49.83775329589844,51.90141677856445,53.429412841796875
2021-01-07,2020-12-04,50.83,48.5295295715332,42.18541717529297,43.8640251159668,46.133949279785156,48.5295295715332,50.78742599487305,52.69488525390625,54.10745620727539
2021-01-08,2020-12-07,52.24,48.34941482543945,41.70390319824219,43.46784591674805,45.853023529052734,48.34941482543945,50.72590637207031,52.776004791259766,54.29511260986328
2021-01-11,2020-12-08,52.25,47.66880416870117,41.157135009765625,42.914695739746094,45.274234771728516,47.66880416870117,49.973670959472656,52.02103042602539,53.54811477661133
2021-01-12,2020-12-09,53.21,47.26292419433594,39.7904052734375,41.881744384765625,44.65191650390625,47.26292419433594,49.732208251953125,51.943729400634766,53.592742919921875
2021-01-13,2020-12-10,52.91,49.0545654296875,41.501216888427734,43.605369567871094,46.393287658691406,49.0545654296875,51.535484313964844,53.731048583984375,55.37115478515625
2021-01-14,2020-12-11,53.57,48.86507797241211,41.27845764160156,43.39873123168945,46.20635986328125,48.86507797241211,51.32002258300781,53.491458892822266,55.11674880981445
2021-01-15,2020-12-14,52.36,48.650062561035156,41.1256217956543,43.19792556762695,45.96135711669922,48.650062561035156,51.11634063720703,53.23341369628906,54.809974670410156
2021-01-19,2020-12-15,52.98,48.70212173461914,40.816017150878906,42.993534088134766,45.89008331298828,48.70212173461914,51.297210693359375,53.48060607910156,55.0987434387207
2021-01-20,2020-12-16,53.24,48.75791549682617,41.55483627319336,43.5211067199707,46.149322509765625,48.75791549682617,51.208587646484375,53.23728561401367,54.73779296875
2021-01-21,2020-12-17,53.13,49.384559631347656,42.02818298339844,44.041114807128906,46.725685119628906,49.384559631347656,51.880035400390625,53.95376205444336,55.490989685058594
2021-01-22,2020-12-18,52.27,51.229698181152344,45.604549407958984,47.082393646240234,49.07829284667969,51.229698181152344,53.320068359375,55.129051208496094,56.48365020751953
2021-01-25,2020-12-21,52.77,49.8032341003418,43.1283073425293,44.93394088745117,47.35400390625,49.8032341003418,52.12104034423828,54.08076477050781,55.5350341796875
2021-01-26,2020-12-22,52.61,49.800621032714844,43.356666564941406,45.056392669677734,47.35580062866211,49.800621032714844,52.1010627746582,54.08673095703125,55.564876556396484
2021-01-27,2020-12-23,52.85,50.40757751464844,43.632835388183594,45.428184509277344,47.846961975097656,50.40757751464844,52.927032470703125,55.15511703491211,56.818321228027344
2021-01-28,2020-12-24,52.34,51.215476989746094,44.94409942626953,46.61064910888672,48.85680389404297,51.215476989746094,53.59771728515625,55.72722625732422,57.32368469238281
2021-01-29,2020-12-28,52.2,50.08405303955078,44.28923797607422,45.82512664794922,47.89448165893555,50.08405303955078,52.19894790649414,54.108642578125,55.54328155517578
2021-02-01,2020-12-29,53.55,50.98845672607422,46.01426696777344,47.314292907714844,49.07569122314453,50.98845672607422,52.891578674316406,54.644283294677734,55.969486236572266
2021-02-02,2020-12-30,54.76,51.36296463012695,46.28212356567383,47.611053466796875,49.41387176513672,51.36296463012695,53.36323928833008,55.24372100830078,56.68016815185547
2021-02-03,2020-12-31,55.69,50.90655517578125,45.49633026123047,46.94350814819336,48.8910026550293,50.90655517578125,53.01736068725586,54.99479675292969,56.504966735839844
2021-02-04,2021-01-04,56.23,49.412139892578125,42.88523483276367,44.685604095458984,47.081214904785156,49.412139892578125,51.74507141113281,53.92460250854492,55.59300994873047
2021-02-05,2021-01-05,56.85,51.970767974853516,45.40857696533203,47.183109283447266,49.557289123535156,51.970767974853516,54.35519027709961,56.50867462158203,58.13407897949219
2021-02-08,2021-01-06,57.97,52.887001037597656,45.7906494140625,47.730796813964844,50.318809509277344,52.887001037597656,55.419342041015625,57.675071716308594,59.37189483642578
2021-02-09,2021-01-07,58.36,53.24981689453125,46.246273040771484,48.13538360595703,50.670082092285156,53.24981689453125,55.819358825683594,58.01399612426758,59.64955139160156
2021-02-10,2021-01-08,58.68,53.992191314697266,46.2376708984375,48.29350662231445,51.06395721435547,53.992191314697266,56.98921203613281,59.487640380859375,61.331748962402344
2021-02-11,2021-01-11,58.24,53.50626754760742,46.052982330322266,48.03911209106445,50.712379455566406,53.50626754760742,56.346473693847656,58.685829162597656,60.4090461730957
2021-02-12,2021-01-12,59.47,54.731201171875,47.17423629760742,49.176082611083984,51.87554168701172,54.731201171875,57.62784194946289,60.00883102416992,61.76141357421875
2021-02-16,2021-01-13,60.05,55.30884552001953,49.43907165527344,50.95846176147461,53.02021789550781,55.30884552001953,57.75455856323242,59.91155242919922,61.524986267089844
2021-02-17,2021-01-14,61.14,55.43794250488281,48.8921012878418,50.6049919128418,52.92213439941406,55.43794250488281,58.117122650146484,60.40784454345703,62.10567855834961
2021-02-18,2021-01-15,60.52,55.52579116821289,49.51725387573242,51.0536003112793,53.15504455566406,55.52579116821289,58.0667724609375,60.2862548828125,61.9382209777832
2021-02-19,2021-01-19,59.24,55.303001403808594,48.850738525390625,50.518245697021484,52.78742218017578,55.303001403808594,58.03361511230469,60.486915588378906,62.32447052001953
2021-02-22,2021-01-20,61.49,55.800209045410156,49.25663757324219,50.95491027832031,53.265811920166016,55.800209045410156,58.551910400390625,61.01412582397461,62.8639030456543
2021-02-23,2021-01-21,61.67,55.166866302490234,49.5316276550293,51.001102447509766,52.9986686706543,55.166866302490234,57.40810012817383,59.46893310546875,61.033775329589844
2021-02-24,2021-01-22,63.22,55.42925262451172,50.400997161865234,51.69359588623047,53.46376419067383,55.42925262451172,57.494773864746094,59.39225387573242,60.830284118652344
2021-02-25,2021-01-25,63.53,55.73945999145508,50.52238464355469,51.87095260620117,53.713680267333984,55.73945999145508,57.9146728515625,59.929443359375,61.46644592285156
2021-02-26,2021-01-26,61.5,55.08515930175781,49.60053253173828,51.044227600097656,53.00269317626953,55.08515930175781,57.27885437011719,59.330318450927734,60.896507263183594
2021-03-01,2021-01-27,60.64,54.45026397705078,48.324623107910156,49.96669387817383,52.18010711669922,54.45026397705078,56.79811096191406,58.998382568359375,60.677391052246094
2021-03-02,2021-01-28,59.75,54.45599365234375,48.1256103515625,49.81834411621094,52.09801483154297,54.45599365234375,56.82420349121094,59.000099182128906,60.647098541259766
2021-03-03,2021-01-29,61.28,54.31807327270508,47.798179626464844,49.516422271728516,51.84700393676758,54.31807327270508,56.815773010253906,59.06575012207031,60.75185012817383
2021-03-04,2021-02-01,63.83,55.41862106323242,49.314964294433594,50.930301666259766,53.120887756347656,55.41862106323242,57.727813720703125,59.76777267456055,61.299896240234375
2021-03-05,2021-02-02,66.09,56.7476692199707,50.13679504394531,51.86284637451172,54.21076202392578,56.7476692199707,59.37297058105469,61.58708953857422,63.23384475708008
2021-03-08,2021-02-03,65.05,56.717140197753906,49.927799224853516,51.70383071899414,54.11603927612305,56.717140197753906,59.389678955078125,61.614013671875,63.26272201538086
2021-03-09,2021-02-04,64.01,57.425331115722656,50.420597076416016,52.28059005737305,54.79103469848633,57.425331115722656,60.0823974609375,62.30784606933594,63.96321105957031
2021-03-10,2021-02-05,64.44,58.75706481933594,52.805606842041016,54.339786529541016,56.42823028564453,58.75706481933594,61.249691009521484,63.41825485229492,65.04367065429688
2021-03-11,2021-02-08,66.02,59.33939743041992,52.1689453125,54.03776168823242,56.57078552246094,59.33939743041992,62.24462890625,64.6478042602539,66.4259262084961
2021-03-12,2021-02-09,65.61,60.8390998840332,54.12208557128906,55.8388671875,58.18830490112305,60.8390998840332,63.73695755004883,66.13700866699219,67.91352844238281
2021-03-15,2021-02-10,65.39,60.74760055541992,53.219451904296875,55.16608428955078,57.81897735595703,60.74760055541992,63.872467041015625,66.48705291748047,68.4259262084961
2021-03-16,2021-02-11,64.8,60.45751953125,52.60863494873047,54.6479377746582,57.42634201049805,60.45751953125,63.68108367919922,66.32477569580078,68.27442169189453
2021-03-17,2021-02-12,64.6,61.22987365722656,54.604671478271484,56.29729461669922,58.620059967041016,61.22987365722656,64.03384399414062,66.39456176757812,68.1522216796875
2021-03-18,2021-02-16,60.0,62.65127944946289,56.37228775024414,57.98232650756836,60.192344665527344,62.65127944946289,65.3197021484375,67.5387954711914,69.1856918334961
2021-03-19,2021-02-17,61.42,63.59318542480469,56.194236755371094,58.09962463378906,60.70130920410156,63.59318542480469,66.68191528320312,69.22976684570312,71.11219024658203
2021-03-22,2021-02-18,61.55,62.319366455078125,54.77005386352539,56.761070251464844,59.456336975097656,62.319366455078125,65.19612884521484,67.6531982421875,69.48872375488281
2021-03-23,2021-02-19,57.76,60.44999694824219,51.643070220947266,54.00761413574219,57.187625885009766,60.44999694824219,63.5731201171875,66.19027709960938,68.12755584716797
2021-03-24,2021-02-22,61.18,61.87620162963867,53.39687728881836,55.675025939941406,58.72949981689453,61.87620162963867,64.89774322509766,67.36137390136719,69.1844482421875
2021-03-25,2021-02-23,58.56,62.62628936767578,53.68785095214844,56.072265625,59.28195571899414,62.62628936767578,65.89813995361328,68.53317260742188,70.46891021728516
2021-03-26,2021-02-24,60.97,64.48990631103516,54.87403869628906,57.434730529785156,60.87704086303711,64.48990631103516,68.05572509765625,70.82267761230469,72.8356704711914
2021-03-29,2021-02-25,61.56,64.86920928955078,55.45866394042969,57.93932342529297,61.29205322265625,64.86920928955078,68.48607635498047,71.32330322265625,73.39447021484375
2021-03-30,2021-02-26,60.55,62.01284408569336,53.11189651489258,55.45808410644531,58.63121032714844,62.01284408569336,65.38337707519531,68.1010971069336,70.09835052490234
2021-03-31,2021-03-01,59.16,61.410865783691406,52.68859100341797,55.035640716552734,58.18663787841797,61.410865783691406,64.50513458251953,67.0699462890625,68.96814727783203
2021-04-01,2021-03-02,61.45,61.7235107421875,54.67853927612305,56.50745391845703,58.999656677246094,61.7235107421875,64.5397720336914,66.95172119140625,68.74992370605469
2021-04-05,2021-03-03,58.65,62.32994842529297,54.18785858154297,56.32268142700195,59.21961975097656,62.32994842529297,65.46112823486328,68.00761413574219,69.880126953125
2021-04-06,2021-03-04,59.33,64.61219787597656,56.0744514465332,58.26990509033203,61.26471710205078,64.61219787597656,68.09313201904297,70.7568359375,72.68634033203125
2021-04-07,2021-03-05,59.77,65.88140869140625,55.82610321044922,58.40850830078125,61.928428649902344,65.88140869140625,69.97102355957031,73.10980987548828,75.382568359375
2021-04-08,2021-03-08,59.6,63.95891189575195,53.80925750732422,56.41422653198242,59.9725227355957,63.95891189575195,68.03338623046875,71.12400817871094,73.35606384277344
2021-04-09,2021-03-09,59.32,64.51771545410156,56.35885238647461,58.45526123046875,61.32759094238281,64.51771545410156,67.79977416992188,70.3188705444336,72.15625762939453
2021-04-12,2021-03-10,59.7,64.7274169921875,56.75356674194336,58.84727096557617,61.690826416015625,64.7274169921875,67.76972198486328,70.16915130615234,71.93682861328125
2021-04-13,2021-03-11,60.18,65.61991882324219,56.5772819519043,58.95425796508789,62.17420196533203,65.61991882324219,69.05099487304688,71.78971862792969,73.80725860595703
2021-04-14,2021-03-12,63.15,65.45548248291016,56.24654006958008,58.70783233642578,62.02257537841797,65.45548248291016,68.78369140625,71.46184539794922,73.43946075439453
2021-04-15,2021-03-15,63.46,64.99285125732422,54.86979293823242,57.60035705566406,61.27143096923828,64.99285125732422,68.43960571289062,71.15070343017578,73.13684844970703
2021-04-16,2021-03-16,63.13,63.97351837158203,53.4964485168457,56.36576843261719,60.197662353515625,63.97351837158203,67.31343078613281,69.88407135009766,71.7587890625
2021-04-19,2021-03-17,63.38,63.64418029785156,52.526939392089844,55.52616500854492,59.556522369384766,63.64418029785156,67.35498046875,70.27168273925781,72.40018463134766
2021-04-20,2021-03-18,62.44,60.35783767700195,47.66481018066406,51.03514862060547,55.58964538574219,60.35783767700195,64.65332794189453,67.95323181152344,70.33917236328125
2021-04-21,2021-03-19,61.35,62.59105682373047,51.33795928955078,54.33151626586914,58.37419509887695,62.59105682373047,66.5010986328125,69.53215026855469,71.73272705078125
2021-04-22,2021-03-22,61.43,63.2227897644043,52.698951721191406,55.458892822265625,59.20562744140625,63.2227897644043,67.09814453125,70.1548080444336,72.38846588134766
2021-04-23,2021-03-23,62.14,61.05829620361328,50.014060974121094,52.934852600097656,56.880088806152344,61.05829620361328,64.93574523925781,68.01568603515625,70.25859832763672
2021-04-26,2021-03-24,61.91,64.69590759277344,56.53937530517578,58.61139678955078,61.461387634277344,64.69590759277344,67.90776062011719,70.50049591064453,72.41069793701172
2021-04-27,2021-03-25,62.94,61.23469543457031,51.2397575378418,53.83781051635742,57.376033782958984,61.23469543457031,64.8862533569336,67.82671356201172,69.97162628173828
2021-04-28,2021-03-26,63.86,62.04740524291992,51.8344841003418,54.43632507324219,58.00318908691406,62.04740524291992,65.89761352539062,68.8650131225586,71.0103759765625
2021-04-29,2021-03-29,65.01,61.86372375488281,51.31224060058594,54.05769729614258,57.79137420654297,61.86372375488281,65.72627258300781,68.74688720703125,70.94031524658203
2021-04-30,2021-03-30,63.58,59.453758239746094,48.24386978149414,51.164833068847656,55.135162353515625,59.453758239746094,63.57954406738281,66.82608032226562,69.18222045898438
2021-05-03,2021-03-31,64.49,60.4918327331543,50.94439697265625,53.40100860595703,56.76332473754883,60.4918327331543,64.11752319335938,66.92251586914062,68.95618438720703
2021-05-04,2021-04-01,65.69,62.09654235839844,52.71717834472656,55.15073776245117,58.469913482666016,62.09654235839844,65.57810974121094,68.22773742675781,70.13922119140625
2021-05-05,2021-04-05,65.63,60.67109680175781,50.48104476928711,53.16714096069336,56.805625915527344,60.67109680175781,64.32235717773438,67.15705108642578,69.19034576416016
2021-05-06,2021-04-06,64.71,61.181121826171875,51.81095886230469,54.33902359008789,57.73511505126953,61.181121826171875,64.4002456665039,66.94906616210938,68.78909301757812
2021-05-07,2021-04-07,64.9,59.82255172729492,48.657352447509766,51.75743865966797,55.853179931640625,59.82255172729492,63.349327087402344,66.12306213378906,68.11199188232422
2021-05-10,2021-04-08,64.92,59.13550567626953,47.93733596801758,51.04701232910156,55.155052185058594,59.13550567626953,62.59751892089844,65.17340087890625,66.99844360351562
2021-05-11,2021-04-09,65.28,58.35641098022461,47.412445068359375,50.47026443481445,54.52683639526367,58.35641098022461,61.54247283935547,64.07012176513672,65.90882873535156
2021-05-12,2021-04-12,66.08,59.256675720214844,47.83353805541992,51.00743865966797,55.22515869140625,59.256675720214844,62.7498779296875,65.61200714111328,67.70278930664062
2021-05-13,2021-04-13,63.82,60.21127700805664,49.30561447143555,52.28974914550781,56.27790069580078,60.21127700805664,63.8405876159668,66.83745574951172,69.03157806396484
2021-05-14,2021-04-14,65.37,63.50495910644531,52.678131103515625,55.591461181640625,59.497093200683594,63.50495910644531,67.33049011230469,70.30944061279297,72.46826171875
2021-05-17,2021-04-15,66.27,64.12779235839844,53.69526290893555,56.53938293457031,60.32537078857422,64.12779235839844,67.7803726196289,70.71809387207031,72.86058044433594
2021-05-18,2021-04-16,65.49,64.70362854003906,55.69727325439453,58.08928680419922,61.31135559082031,64.70362854003906,68.004150390625,70.64844512939453,72.59426879882812
2021-05-19,2021-04-19,63.36,64.53871154785156,54.76008605957031,57.41603469848633,60.95783996582031,64.53871154785156,67.98408508300781,70.73263549804688,72.74128723144531
2021-05-20,2021-04-20,62.05,61.884521484375,50.55032730102539,53.55813217163086,57.61016082763672,61.884521484375,65.8682632446289,68.89224243164062,71.06671142578125
2021-05-21,2021-04-21,63.58,61.08168029785156,49.297508239746094,52.48287582397461,56.7490348815918,61.08168029785156,65.08890533447266,68.23118591308594,70.49851989746094
2021-05-24,2021-04-22,66.05,60.81241226196289,49.51399230957031,52.60502243041992,56.724605560302734,60.81241226196289,64.63468170166016,67.71002197265625,69.93873596191406
2021-05-25,2021-04-23,66.07,61.90288162231445,51.07884979248047,53.98311996459961,57.88563537597656,61.90288162231445,65.77205657958984,68.88756561279297,71.14910888671875
2021-05-26,2021-04-26,66.21,61.84186553955078,50.94064712524414,53.92589569091797,57.91172409057617,61.84186553955078,65.38909912109375,68.17739868164062,70.19489288330078
2021-05-27,2021-04-27,66.85,62.71894454956055,52.07090377807617,55.03304672241211,58.962120056152344,62.71894454956055,66.09300994873047,68.79894256591797,70.76399230957031
2021-05-28,2021-04-28,66.32,63.90691375732422,53.83982467651367,56.66176223754883,60.392494201660156,63.90691375732422,67.11717224121094,69.74053192138672,71.6612319946289
2021-06-01,2021-04-29,67.72,64.40198516845703,53.4897575378418,56.629188537597656,60.73462677001953,64.40198516845703,67.67018127441406,70.32234191894531,72.25965881347656
2021-06-02,2021-04-30,68.83,62.97248840332031,51.41368865966797,54.80960464477539,59.2213020324707,62.97248840332031,66.119873046875,68.61372375488281,70.43745422363281
2021-06-03,2021-05-03,68.81,64.09414672851562,53.603702545166016,56.74736022949219,60.808082580566406,64.09414672851562,66.82929992675781,69.0634536743164,70.71054077148438
2021-06-04,2021-05-04,69.62,65.11650085449219,53.272804260253906,56.74803924560547,61.2666015625,65.11650085449219,68.40992736816406,71.06086730957031,73.00637817382812
2021-06-07,2021-05-05,69.23,65.20719146728516,54.542137145996094,57.58258819580078,61.579227447509766,65.20719146728516,68.46599578857422,71.10768127441406,73.05168914794922
2021-06-08,2021-05-06,70.05,64.2931900024414,53.23301696777344,56.36056900024414,60.4833984375,64.2931900024414,67.68766021728516,70.44734191894531,72.47320556640625
2021-06-09,2021-05-07,69.96,64.28491973876953,53.72683334350586,56.7540168762207,60.725303649902344,64.28491973876953,67.40306091308594,69.97224426269531,71.86653137207031
2021-06-10,2021-05-10,70.29,63.112239837646484,52.47471618652344,55.36299514770508,59.22825622558594,63.112239837646484,66.57850646972656,69.39207458496094,71.4637451171875
2021-06-11,2021-05-11,70.91,64.85523223876953,53.88167953491211,56.959693908691406,61.03614807128906,64.85523223876953,68.31800842285156,71.18710327148438,73.29790496826172
2021-06-14,2021-05-12,70.88,64.36580657958984,51.26646041870117,54.80794143676758,59.55604553222656,64.36580657958984,68.63777160644531,72.00640869140625,74.45361328125
2021-06-15,2021-05-13,72.12,62.9656867980957,50.226139068603516,53.730506896972656,58.40869903564453,62.9656867980957,67.00697326660156,70.31045532226562,72.7279281616211
2021-06-16,2021-05-14,72.15,64.86239624023438,53.69205093383789,56.807708740234375,60.936119079589844,64.86239624023438,68.51980590820312,71.6223373413086,73.91944122314453
2021-06-17,2021-05-17,71.04,65.85684967041016,54.48699951171875,57.602073669433594,61.75201416015625,65.85684967041016,69.76271057128906,73.02298736572266,75.42919921875
2021-06-18,2021-05-18,71.64,65.43653869628906,54.301246643066406,57.43663024902344,61.58664321899414,65.43653869628906,68.90528869628906,71.8054428100586,73.94774627685547
2021-06-21,2021-05-19,73.66,63.176082611083984,51.33540344238281,54.675540924072266,59.09536361694336,63.176082611083984,66.67167663574219,69.57601165771484,71.71707916259766
2021-06-22,2021-05-20,73.06,62.9293212890625,51.858768463134766,54.98311233520508,59.10923767089844,62.9293212890625,66.32210540771484,69.21826171875,71.36178588867188
2021-06-23,2021-05-21,73.08,63.920631408691406,52.87486267089844,56.0805549621582,60.26316833496094,63.920631408691406,67.11354064941406,69.80902099609375,71.79710388183594
2021-06-24,2021-05-24,73.3,64.7880859375,52.80278015136719,56.29072570800781,60.831626892089844,64.7880859375,68.1542739868164,70.87637329101562,72.87080383300781
2021-06-25,2021-05-25,74.05,65.51956176757812,54.85540008544922,58.00419235229492,62.08005905151367,65.51956176757812,68.40142822265625,70.73896026611328,72.4555892944336
2021-06-28,2021-05-26,72.91,65.74200439453125,54.213592529296875,57.578948974609375,61.95063018798828,65.74200439453125,68.977294921875,71.52074432373047,73.37235260009766
2021-06-29,2021-05-27,72.98,66.49522399902344,55.69784164428711,58.74099349975586,62.747718811035156,66.49522399902344,69.90270233154297,72.61526489257812,74.59545135498047
2021-06-30,2021-05-28,73.47,66.09819030761719,55.393028259277344,58.36983108520508,62.3082389831543,66.09819030761719,69.58355712890625,72.38378143310547,74.426025390625
2021-07-01,2021-06-01,75.23,67.08076477050781,56.995338439941406,59.77180480957031,63.451812744140625,67.08076477050781,70.5139389038086,73.27677917480469,75.29917907714844
2021-07-02,2021-06-02,75.16,68.17253112792969,57.91697311401367,60.65243911743164,64.3147201538086,68.17253112792969,71.98883056640625,75.09275817871094,77.37168884277344
2021-07-06,2021-06-03,73.37,69.5661849975586,59.49983215332031,62.23059844970703,65.87287139892578,69.5661849975586,73.28225708007812,76.31864929199219,78.54749298095703
2021-07-07,2021-06-04,72.2,69.6761474609375,58.566200256347656,61.54544448852539,65.53202819824219,69.6761474609375,73.82363891601562,77.13113403320312,79.54136657714844
2021-07-08,2021-06-07,72.94,69.51171112060547,58.501060485839844,61.506629943847656,65.50984191894531,69.51171112060547,73.43795013427734,76.64022064208984,78.98909759521484
2021-07-09,2021-06-08,74.56,70.61697387695312,60.24724578857422,63.096229553222656,66.87759399414062,70.61697387695312,74.38813018798828,77.46797943115234,79.73126220703125
2021-07-12,2021-06-09,74.1,70.89627075195312,60.93994140625,63.65068054199219,67.26332092285156,70.89627075195312,74.58385467529297,77.55229187011719,79.72743225097656
2021-07-13,2021-06-10,75.25,71.18330383300781,61.28260040283203,63.98531723022461,67.5834732055664,71.18330383300781,74.7619857788086,77.65481567382812,79.78024291992188
2021-07-14,2021-06-11,73.13,70.85552215576172,59.74085998535156,62.825035095214844,66.90361022949219,70.85552215576172,74.64494323730469,77.684814453125,79.9072036743164
2021-07-15,2021-06-14,71.65,71.51546478271484,61.53169250488281,64.33123016357422,68.02130126953125,71.51546478271484,74.90997314453125,77.64736938476562,79.65335083007812
2021-07-16,2021-06-15,71.81,73.28314208984375,64.12747955322266,66.67477416992188,70.03668212890625,73.28314208984375,76.53546142578125,79.10677337646484,80.98519134521484
2021-07-19,2021-06-16,66.42,73.7700424194336,63.77387237548828,66.57351684570312,70.2520751953125,73.7700424194336,77.1726303100586,79.8373794555664,81.77915954589844
2021-07-20,2021-06-17,67.42,72.72721862792969,63.80232238769531,66.30716705322266,69.60338592529297,72.72721862792969,75.74244689941406,78.14196014404297,79.90036010742188
2021-07-21,2021-06-18,70.3,72.8737564086914,63.429168701171875,66.10089111328125,69.60728454589844,72.8737564086914,76.00177001953125,78.49444580078125,80.31968688964844
2021-07-22,2021-06-21,71.91,75.31741333007812,65.55616760253906,68.18011474609375,71.69178771972656,75.31741333007812,79.02366638183594,81.97542572021484,84.13411712646484
2021-07-23,2021-06-22,72.07,75.01228332519531,66.04544830322266,68.45114135742188,71.67659759521484,75.01228332519531,78.41130065917969,81.17417907714844,83.20675659179688
2021-07-26,2021-06-23,71.91,74.2259521484375,65.29737854003906,67.73654174804688,70.98307800292969,74.2259521484375,77.46269226074219,80.13578796386719,82.10921478271484
2021-07-27,2021-06-24,71.65,75.62864685058594,67.83525848388672,69.9031753540039,72.68694305419922,75.62864685058594,78.72274780273438,81.31559753417969,83.23907470703125
2021-07-28,2021-06-25,72.39,76.58470153808594,68.65542602539062,70.78369140625,73.64002990722656,76.58470153808594,79.68203735351562,82.25196838378906,84.15283203125
2021-07-29,2021-06-28,73.62,76.27989959716797,68.56787109375,70.63300323486328,73.41105651855469,76.27989959716797,79.2896499633789,81.71453094482422,83.49391174316406
2021-07-30,2021-06-29,73.95,75.47119140625,67.38523864746094,69.63030242919922,72.61476135253906,75.47119140625,78.34288024902344,80.6934814453125,82.42731475830078
2021-08-02,2021-06-30,71.26,75.65892028808594,67.32536315917969,69.6725845336914,72.77275085449219,75.65892028808594,78.54216003417969,80.90342712402344,82.64945983886719
2021-08-03,2021-07-01,70.56,77.47958374023438,69.03874969482422,71.32872772216797,74.39344787597656,77.47958374023438,80.65800476074219,83.23545837402344,85.13641357421875
2021-08-04,2021-07-02,68.15,77.73329162597656,70.24079132080078,72.26675415039062,74.98605346679688,77.73329162597656,80.56185913085938,82.9283447265625,84.69144439697266
2021-08-05,2021-07-06,69.09,75.22266387939453,65.8096923828125,68.45710754394531,71.95384979248047,75.22266387939453,78.29998779296875,80.90370178222656,82.83639526367188
2021-08-06,2021-07-07,68.28,74.30387878417969,65.5086669921875,67.9945297241211,71.27420806884766,74.30387878417969,77.18215942382812,79.62312316894531,81.43544006347656
2021-08-09,2021-07-08,66.48,74.97966003417969,67.21112823486328,69.41012573242188,72.30258178710938,74.97966003417969,77.53755187988281,79.69632720947266,81.30546569824219
2021-08-10,2021-07-09,68.29,75.95248413085938,67.3658676147461,69.81979370117188,73.02022552490234,75.95248413085938,78.6336898803711,80.83570098876953,82.4703369140625
2021-08-11,2021-07-12,69.25,75.54435729980469,68.33589935302734,70.40840911865234,73.11384582519531,75.54435729980469,77.78974914550781,79.6910400390625,81.11827087402344
2021-08-12,2021-07-13,69.09,76.21024322509766,68.61276245117188,70.84490203857422,73.73869323730469,76.21024322509766,78.47714233398438,80.378173828125,81.7959213256836
2021-08-13,2021-07-14,68.44,75.61105346679688,67.48936462402344,69.74840545654297,72.74674987792969,75.61105346679688,78.3040771484375,80.5274887084961,82.17423248291016
2021-08-16,2021-07-15,67.29,74.69869995117188,66.76564025878906,68.95867919921875,71.87841796875,74.69869995117188,77.31969451904297,79.49346160888672,81.09855651855469
2021-08-17,2021-07-16,66.59,74.0276107788086,66.10485076904297,68.33552551269531,71.2796630859375,74.0276107788086,76.54717254638672,78.69189453125,80.28605651855469
2021-08-18,2021-07-19,65.46,72.43623352050781,63.610023498535156,65.98811340332031,69.18254089355469,72.43623352050781,75.52622985839844,78.0892562866211,79.96585083007812
2021-08-19,2021-07-20,63.69,71.33918762207031,61.56731414794922,64.18502044677734,67.70451354980469,71.33918762207031,74.946533203125,77.91411590576172,80.06617736816406
2021-08-20,2021-07-21,62.32,74.35059356689453,65.99102783203125,68.19218444824219,71.17840576171875,74.35059356689453,77.65162658691406,80.27804565429688,82.17488098144531
2021-08-23,2021-07-22,65.64,74.55282592773438,65.85340881347656,68.21244812011719,71.37643432617188,74.55282592773438,77.72531127929688,80.26277923583984,82.10403442382812
2021-08-24,2021-07-23,67.54,74.22483825683594,65.53641510009766,67.91616821289062,71.09587097167969,74.22483825683594,77.3069076538086,79.81131744384766,81.64131927490234
2021-08-25,2021-07-26,68.36,75.00405883789062,66.63893127441406,68.90697479248047,71.95172882080078,75.00405883789062,78.07195281982422,80.5846176147461,82.42408752441406
2021-08-26,2021-07-27,67.42,74.87554931640625,67.11262512207031,69.24467468261719,72.09748840332031,74.87554931640625,77.62127685546875,79.87709045410156,81.53643798828125
2021-08-27,2021-07-28,68.74,74.14102935791016,65.36251068115234,67.82687377929688,71.09550476074219,74.14102935791016,77.02232360839844,79.40453338623047,81.15560913085938
2021-08-30,2021-07-29,69.21,75.38627624511719,66.78740692138672,69.19017791748047,72.38124084472656,75.38627624511719,78.28385925292969,80.68506622314453,82.4530258178711
2021-08-31,2021-07-30,68.5,75.50152587890625,67.33100128173828,69.61732482910156,72.65279388427734,75.50152587890625,78.21663665771484,80.5440673828125,82.28030395507812
2021-09-01,2021-08-02,68.59,73.40531158447266,64.0057601928711,66.70956420898438,70.24514770507812,73.40531158447266,76.10372924804688,78.4712142944336,80.24502563476562
2021-09-02,2021-08-03,69.99,72.68424224853516,64.39034271240234,66.78402709960938,69.9078369140625,72.68424224853516,75.11185455322266,77.32875061035156,78.99537658691406
2021-09-03,2021-08-04,69.29,71.09330749511719,61.06080627441406,63.98503494262695,67.78890228271484,71.09330749511719,73.80055236816406,76.20588684082031,77.99512481689453
2021-09-07,2021-08-05,68.35,72.08493041992188,62.980613708496094,65.5051040649414,68.85531616210938,72.08493041992188,75.10031127929688,77.70420837402344,79.62897491455078
2021-09-08,2021-08-06,69.3,71.61265563964844,62.9420166015625,65.33358001708984,68.52120971679688,71.61265563964844,74.56551361083984,77.1356430053711,79.04156494140625
2021-09-09,2021-08-09,68.14,69.77735900878906,60.70861053466797,63.23667526245117,66.58967590332031,69.77735900878906,72.76850891113281,75.4013900756836,77.3553237915039
2021-09-10,2021-08-10,69.72,71.63316345214844,63.675628662109375,65.82958221435547,68.72837829589844,71.63316345214844,74.50094604492188,76.92693328857422,78.71939086914062
2021-09-13,2021-08-11,70.45,71.64459228515625,63.35035705566406,65.60978698730469,68.6347427368164,71.64459228515625,74.65557861328125,77.20912170410156,79.09452056884766
2021-09-14,2021-08-12,70.46,72.63603210449219,64.60767364501953,66.7743911743164,69.6939697265625,72.63603210449219,75.58755493164062,78.02827453613281,79.83089447021484
2021-09-15,2021-08-13,72.61,71.18376159667969,62.40983581542969,64.83325958251953,68.07673645019531,71.18376159667969,74.151611328125,76.62416076660156,78.44906616210938
2021-09-16,2021-08-16,72.61,69.37445831298828,59.67255401611328,62.3603515625,65.94439697265625,69.37445831298828,72.60015869140625,75.32197570800781,77.33118438720703
2021-09-17,2021-08-17,71.97,70.20148468017578,61.192970275878906,63.64337921142578,66.93544006347656,70.20148468017578,73.40341186523438,76.0844497680664,78.05044555664062
2021-09-20,2021-08-18,70.29,68.97883605957031,59.808937072753906,62.31568908691406,65.67718505859375,68.97883605957031,72.13108825683594,74.79710388183594,76.75716400146484
2021-09-21,2021-08-19,70.56,65.44291687011719,54.17741394042969,57.226444244384766,61.32846450805664,65.44291687011719,69.22986602783203,72.39749145507812,74.70451354980469
2021-09-22,2021-08-20,72.23,64.4794692993164,52.73887634277344,55.91453170776367,60.178985595703125,64.4794692993164,68.38223266601562,71.62236022949219,73.97731018066406
2021-09-23,2021-08-23,73.3,66.90599060058594,56.47833251953125,59.369083404541016,63.200931549072266,66.90599060058594,70.10302734375,72.7919921875,74.76222229003906
2021-09-24,2021-08-24,73.98,68.16007995605469,58.103450775146484,60.95915985107422,64.70132446289062,68.16007995605469,71.07048034667969,73.56958770751953,75.41073608398438
2021-09-27,2021-08-25,75.45,69.47303009033203,60.01902770996094,62.72454071044922,66.27254486083984,69.47303009033203,72.18983459472656,74.57662963867188,76.34906768798828
2021-09-28,2021-08-26,75.29,68.53359985351562,57.7828369140625,60.85243225097656,64.89883422851562,68.53359985351562,71.6015396118164,74.24280548095703,76.18809509277344
2021-09-29,2021-08-27,74.83,70.22834777832031,60.78380584716797,63.37004470825195,66.8263931274414,70.22834777832031,73.4381332397461,76.16455841064453,78.17220306396484
2021-09-30,2021-08-30,75.03,70.55091857910156,61.3665771484375,63.91932678222656,67.3148193359375,70.55091857910156,73.56048583984375,76.16206359863281,78.08728790283203
2021-10-01,2021-08-31,75.88,69.6092529296875,60.28839111328125,62.922752380371094,66.40592956542969,69.6092529296875,72.49815368652344,75.033935546875,76.91669464111328
2021-10-04,2021-09-01,77.62,69.84889221191406,60.91252136230469,63.394901275634766,66.70074462890625,69.84889221191406,72.7032470703125,75.1893310546875,77.04576110839844
2021-10-05,2021-09-02,78.93,71.65326690673828,62.29717254638672,64.85739135742188,68.27203369140625,71.65326690673828,74.83712768554688,77.4295425415039,79.33292388916016
2021-10-06,2021-09-03,77.43,71.91521453857422,62.97570037841797,65.40515899658203,68.65904235839844,71.91521453857422,74.95858764648438,77.37731170654297,79.14376831054688
2021-10-07,2021-09-07,78.3,70.42742156982422,61.420066833496094,63.90279769897461,67.21522521972656,70.42742156982422,73.34030151367188,75.64437103271484,77.31998443603516
2021-10-08,2021-09-08,79.35,70.88727569580078,60.997657775878906,63.7282600402832,67.36732482910156,70.88727569580078,74.12301635742188,76.6514892578125,78.48397064208984
2021-10-11,2021-09-09,80.52,70.71710968017578,61.23072814941406,63.84257507324219,67.33612060546875,70.71710968017578,73.94572448730469,76.54181671142578,78.42984008789062
2021-10-12,2021-09-10,80.64,72.14625549316406,62.49217224121094,65.198486328125,68.79010009765625,72.14625549316406,75.30064392089844,77.72872161865234,79.48690032958984
2021-10-13,2021-09-13,80.44,71.8395767211914,61.77813720703125,64.60026550292969,68.3416976928711,71.8395767211914,75.05264282226562,77.62615966796875,79.5018539428711
2021-10-14,2021-09-14,81.31,71.68830108642578,61.810813903808594,64.60503387451172,68.30058288574219,71.68830108642578,74.7791748046875,77.39955139160156,79.33598327636719
2021-10-15,2021-09-15,82.28,73.2227783203125,63.08589172363281,65.97811889648438,69.778076171875,73.2227783203125,76.31401062011719,78.86402893066406,80.73629760742188
2021-10-18,2021-09-16,82.44,73.26153564453125,63.29541015625,66.19019317626953,69.96540832519531,73.26153564453125,76.10948181152344,78.49229431152344,80.25678253173828
2021-10-19,2021-09-17,82.96,72.74011993408203,63.314422607421875,66.11443328857422,69.7444839477539,72.74011993408203,75.28336334228516,77.44275665283203,79.04757690429688
2021-10-20,2021-09-20,83.87,71.11154174804688,61.06830596923828,64.04075622558594,67.90507507324219,71.11154174804688,73.73538208007812,75.9794692993164,77.64954376220703
2021-10-21,2021-09-21,82.5,71.50933074951172,61.98778533935547,64.6919174194336,68.26840209960938,71.50933074951172,74.45426940917969,76.97313690185547,78.84326171875
2021-10-22,2021-09-22,83.76,72.42027282714844,62.54142761230469,65.36124420166016,69.07687377929688,72.42027282714844,75.431884765625,77.95889282226562,79.83000183105469
2021-10-25,2021-09-23,83.76,73.53862762451172,63.80109405517578,66.53993225097656,70.16090393066406,73.53862762451172,76.6944580078125,79.27699279785156,81.18263244628906
2021-10-26,2021-09-24,84.65,71.77897644042969,60.49745178222656,63.58185577392578,67.69630432128906,71.77897644042969,75.42404174804688,78.38612365722656,80.56159210205078
2021-10-27,2021-09-27,82.66,73.88738250732422,61.18940734863281,64.60973358154297,69.18753814697266,73.88738250732422,78.29034423828125,81.727783203125,84.21951293945312
2021-10-28,2021-09-28,82.81,72.39004516601562,59.69493865966797,63.069732666015625,67.61553955078125,72.39004516601562,76.83460235595703,80.25376892089844,82.72664642333984
2021-10-29,2021-09-29,83.57,73.11428833007812,60.439308166503906,63.862369537353516,68.45348358154297,73.11428833007812,77.3835678100586,80.71913146972656,83.13594055175781
2021-11-01,2021-09-30,84.05,74.87286376953125,62.374351501464844,65.78472900390625,70.34576416015625,74.87286376953125,79.15735626220703,82.66572570800781,85.23284912109375
2021-11-02,2021-10-01,83.91,75.63374328613281,63.167274475097656,66.56259155273438,71.10464477539062,75.63374328613281,79.91197204589844,83.3590316772461,85.87117004394531
2021-11-03,2021-10-04,80.86,76.71797943115234,63.13604736328125,66.81915283203125,71.73749542236328,76.71797943115234,81.2712173461914,84.88162231445312,87.51132202148438
2021-11-04,2021-10-05,78.81,77.6913833618164,63.316925048828125,67.20169067382812,72.38421630859375,77.6913833618164,82.63917541503906,86.6219482421875,89.52421569824219
2021-11-05,2021-10-06,81.27,75.82769012451172,61.792236328125,65.64437866210938,70.77488708496094,75.82769012451172,80.36727905273438,84.0800552368164,86.80159759521484
2021-11-08,2021-10-07,81.93,78.01897430419922,64.27201080322266,68.21408081054688,73.39178466796875,78.01897430419922,81.96768188476562,85.08576202392578,87.35488891601562
2021-11-09,2021-10-08,84.15,80.08512878417969,67.09626007080078,70.8772201538086,75.80023193359375,80.08512878417969,83.85682678222656,86.83283233642578,89.00164794921875
2021-11-10,2021-10-11,81.34,81.89584350585938,69.09590148925781,72.80924224853516,77.64755249023438,81.89584350585938,85.81724548339844,88.91049194335938,91.16195678710938
2021-11-11,2021-10-12,81.59,81.54938507080078,67.36832427978516,71.4893798828125,76.85676574707031,81.54938507080078,85.78809356689453,89.20724487304688,91.7127685546875
2021-11-12,2021-10-13,80.79,81.0889892578125,67.16363525390625,71.06112670898438,76.21478271484375,81.0889892578125,85.67349243164062,89.39958953857422,92.12391662597656
2021-11-15,2021-10-14,80.88,81.86111450195312,67.6313705444336,71.65039825439453,76.94579315185547,81.86111450195312,86.39668273925781,89.9966812133789,92.61260986328125
2021-11-16,2021-10-15,80.76,82.60954284667969,68.37474060058594,72.31172943115234,77.52861022949219,82.60954284667969,87.45560455322266,91.34297180175781,94.17686462402344
2021-11-17,2021-10-18,78.36,78.79824829101562,62.30470275878906,66.675537109375,72.53752136230469,78.79824829101562,84.46014404296875,88.78718566894531,91.91349029541016
2021-11-18,2021-10-19,79.01,81.22293853759766,63.52789306640625,68.25667572021484,74.60311126708984,81.22293853759766,87.11895751953125,91.64985656738281,94.9238052368164
2021-11-19,2021-10-20,76.1,79.17216491699219,62.79064178466797,66.99518585205078,72.6798095703125,79.17216491699219,85.2943115234375,89.80106353759766,93.04356384277344
2021-11-22,2021-10-21,76.75,81.91053009033203,65.97418212890625,70.26851654052734,76.02295684814453,81.91053009033203,87.1968002319336,91.20768737792969,94.09237670898438
2021-11-23,2021-10-22,78.5,84.92758178710938,69.92252349853516,74.06095886230469,79.5732421875,84.92758178710938,89.9532470703125,93.94410705566406,96.839599609375
2021-11-24,2021-10-25,78.39,84.54997253417969,69.6170883178711,73.73372650146484,79.21424865722656,84.54997253417969,89.50372314453125,93.41864013671875,96.25471496582031
2021-11-26,2021-10-26,68.15,85.19053649902344,69.60729217529297,73.9089126586914,79.63346862792969,85.19053649902344,90.05555725097656,93.78195190429688,96.46783447265625
2021-11-29,2021-10-27,69.95,84.69505310058594,69.49696350097656,73.76922607421875,79.41685485839844,84.69505310058594,89.47010803222656,93.26069641113281,96.0035400390625
2021-11-30,2021-10-28,66.18,84.42831420898438,70.46768951416016,74.43656921386719,79.65908813476562,84.42831420898438,88.83181762695312,92.29426574707031,94.78761291503906
2021-12-01,2021-10-29,65.57,85.38574981689453,72.55441284179688,76.33761596679688,81.2584228515625,85.38574981689453,89.15303802490234,92.07698059082031,94.18049621582031
2021-12-02,2021-11-01,66.5,85.63806915283203,73.79804229736328,77.3521728515625,81.93516540527344,85.63806915283203,89.00279998779297,91.54586791992188,93.37252807617188
2021-12-03,2021-11-02,66.26,85.59549713134766,74.3411865234375,77.79340362548828,82.2081527709961,85.59549713134766,88.71125030517578,91.09524536132812,92.81570434570312
2021-12-06,2021-11-03,69.49,82.95387268066406,68.12533569335938,72.47632598876953,78.13521575927734,82.95387268066406,87.20014953613281,90.577392578125,93.01829528808594
2021-12-07,2021-11-04,72.05,79.91123962402344,65.66120147705078,69.60562133789062,74.8440933227539,79.91123962402344,84.6915512084961,88.62722778320312,91.48094177246094
2021-12-08,2021-11-05,72.36,82.79864501953125,69.73521423339844,73.37086486816406,78.18597412109375,82.79864501953125,87.20643615722656,90.7605209350586,93.33311462402344
2021-12-09,2021-11-08,70.94,83.06924438476562,70.24459075927734,73.80425262451172,78.51246643066406,83.06924438476562,87.40422058105469,90.93893432617188,93.51495361328125
2021-12-10,2021-11-09,71.67,85.10481262207031,72.68252563476562,76.02981567382812,80.49189758300781,85.10481262207031,89.50786590576172,92.89181518554688,95.32171630859375
2021-12-13,2021-11-10,71.29,83.7255859375,71.04104614257812,74.51456451416016,79.13137817382812,83.7255859375,88.05136108398438,91.4129867553711,93.81675720214844
2021-12-14,2021-11-11,70.73,84.19232940673828,73.03785705566406,76.0223388671875,80.02716064453125,84.19232940673828,88.21613311767578,91.35897827148438,93.61395263671875
2021-12-15,2021-11-12,70.87,83.39970397949219,72.20452880859375,75.27124786376953,79.35468292236328,83.39970397949219,87.17771911621094,90.12361145019531,92.23707580566406
2021-12-16,2021-11-15,72.38,82.63834381103516,71.3439712524414,74.48333740234375,78.64152526855469,82.63834381103516,86.428955078125,89.5289077758789,91.78477478027344
2021-12-17,2021-11-16,70.86,83.3848648071289,72.61124420166016,75.55113220214844,79.47817993164062,83.3848648071289,87.21258544921875,90.37033081054688,92.66863250732422
2021-12-20,2021-11-17,68.23,81.22494506835938,70.26606750488281,73.23977661132812,77.22177124023438,81.22494506835938,85.0386734008789,88.09317779541016,90.29102325439453
2021-12-21,2021-11-18,71.12,81.02318572998047,70.3118896484375,73.19200134277344,77.05329895019531,81.02318572998047,84.92276000976562,88.2208251953125,90.62297058105469
2021-12-22,2021-11-19,72.76,77.02311706542969,64.76195526123047,68.06829833984375,72.49543762207031,77.02311706542969,81.27876281738281,84.78652954101562,87.3208236694336
2021-12-23,2021-11-22,73.79,76.72695922851562,64.46900939941406,67.87631225585938,72.39064025878906,76.72695922851562,80.5894546508789,83.79573822021484,86.11964416503906
2021-12-27,2021-11-23,75.57,78.67298126220703,67.20834350585938,70.48362731933594,74.76728820800781,78.67298126220703,82.02184295654297,84.77780151367188,86.78562927246094
2021-12-28,2021-11-24,75.98,78.89007568359375,67.72657012939453,70.95098876953125,75.14375305175781,78.89007568359375,82.16157531738281,84.89258575439453,86.89200592041016
2021-12-29,2021-11-26,76.56,71.98031616210938,54.90736389160156,59.583946228027344,65.81905364990234,71.98031616210938,77.15681457519531,81.42865753173828,84.5337142944336
2021-12-30,2021-11-29,76.99,72.25606536865234,57.128456115722656,61.18295669555664,66.61943054199219,72.25606536865234,77.42949676513672,81.75713348388672,84.89253234863281
2021-12-31,2021-11-30,75.21,69.30464935302734,53.02740478515625,57.3719482421875,63.21067810058594,69.30464935302734,74.90946960449219,79.59019470214844,82.97111511230469
2022-01-03,2021-12-01,76.08,66.50001525878906,51.828468322753906,55.74005889892578,61.00214385986328,66.50001525878906,71.64241027832031,76.04405212402344,79.2441635131836
2022-01-04,2021-12-02,76.99,70.19325256347656,58.06864929199219,61.25732421875,65.560302734375,70.19325256347656,74.58665466308594,78.257080078125,80.90805053710938
2022-01-05,2021-12-03,77.85,68.33585357666016,56.115478515625,59.3234977722168,63.65279006958008,68.33585357666016,72.89395141601562,76.77159881591797,79.58428192138672
2022-01-06,2021-12-06,79.46,72.0353012084961,60.34700012207031,63.41020202636719,67.54345703125,72.0353012084961,76.35002136230469,79.78343963623047,82.23512268066406
2022-01-07,2021-12-07,78.9,73.64776611328125,61.50543212890625,64.74158477783203,69.08975219726562,73.64776611328125,77.86233520507812,81.21405029296875,83.61256408691406
2022-01-10,2021-12-08,78.23,73.44994354248047,60.99602508544922,64.34188079833984,68.82432556152344,73.44994354248047,77.810791015625,81.31976318359375,83.83271026611328
2022-01-11,2021-12-09,81.22,73.19927978515625,61.35017395019531,64.50938415527344,68.76271057128906,73.19927978515625,77.37394714355469,80.72872924804688,83.13037109375
2022-01-12,2021-12-10,82.64,73.54405212402344,62.21806335449219,65.240478515625,69.30928802490234,73.54405212402344,77.54097747802734,80.7728500366211,83.0837173461914
2022-01-13,2021-12-13,82.12,72.58882141113281,61.060089111328125,64.10591125488281,68.21566772460938,72.58882141113281,76.80574035644531,80.23695373535156,82.69850158691406
2022-01-14,2021-12-14,83.82,70.82366943359375,59.25481414794922,62.33792495727539,66.47921752929688,70.82366943359375,74.85323333740234,78.14715576171875,80.51580810546875
2022-01-18,2021-12-15,85.43,70.47180938720703,58.586212158203125,61.815860748291016,66.13162994384766,70.47180938720703,74.42189025878906,77.70259857177734,80.0703353881836
2022-01-19,2021-12-16,86.96,72.92013549804688,61.02232360839844,64.28082275390625,68.621337890625,72.92013549804688,76.71658325195312,79.88666534423828,82.17938995361328
2022-01-20,2021-12-17,86.9,70.45738983154297,58.68511199951172,61.903724670410156,66.1965103149414,70.45738983154297,74.2116470336914,77.29879760742188,79.5211181640625
2022-01-21,2021-12-20,85.14,67.50193786621094,53.66064453125,57.40591812133789,62.41257858276367,67.50193786621094,72.05157470703125,75.89813232421875,78.68090057373047
2022-01-24,2021-12-21,83.31,70.41377258300781,58.07915496826172,61.413822174072266,65.86775207519531,70.41377258300781,74.55387878417969,77.97266387939453,80.43416595458984
2022-01-25,2021-12-22,85.6,72.3245620727539,60.54534149169922,63.7413444519043,68.00557708740234,72.3245620727539,76.28814697265625,79.55724334716797,81.91746520996094
2022-01-26,2021-12-23,87.35,73.76465606689453,62.705726623535156,65.67532348632812,69.64503479003906,73.76465606689453,77.74900817871094,81.06474304199219,83.47776794433594
2022-01-27,2021-12-27,86.61,77.29405212402344,67.80899810791016,70.30606079101562,73.65803527832031,77.29405212402344,80.94546508789062,83.91693115234375,86.06688690185547
2022-01-28,2021-12-28,86.82,77.43989562988281,67.94500732421875,70.44099426269531,73.78990936279297,77.43989562988281,81.17040252685547,84.28990936279297,86.56159210205078
2022-01-31,2021-12-29,88.15,77.21807861328125,67.31417846679688,69.95635986328125,73.49039459228516,77.21807861328125,80.90974426269531,83.93461608886719,86.12059783935547
2022-02-01,2021-12-30,88.2,77.09224700927734,66.61915588378906,69.4542465209961,73.227294921875,77.09224700927734,80.83914184570312,83.92193603515625,86.16183471679688
2022-02-02,2021-12-31,88.26,76.16896057128906,64.70111846923828,67.80506134033203,71.93885803222656,76.16896057128906,80.26876831054688,83.69336700439453,86.18380737304688
2022-02-03,2022-01-03,90.27,77.66161346435547,67.19743347167969,70.0209732055664,73.78526306152344,77.66161346435547,81.47962951660156,84.6208724975586,86.89437866210938
2022-02-04,2022-01-04,92.31,77.85415649414062,67.53466796875,70.32005310058594,74.0301513671875,77.85415649414062,81.51585388183594,84.52130889892578,86.68079376220703
2022-02-07,2022-01-05,91.32,78.68316650390625,67.98731231689453,70.82476806640625,74.62863159179688,78.68316650390625,82.635009765625,85.83026885986328,88.12784576416016
2022-02-08,2022-01-06,89.36,79.28981018066406,67.36927795410156,70.55899810791016,74.82083129882812,79.28981018066406,83.62400817871094,87.15589904785156,89.70417785644531
2022-02-09,2022-01-07,89.66,79.17327880859375,66.73948669433594,70.13130187988281,74.64576721191406,79.17327880859375,83.298583984375,86.74937438964844,89.26709747314453
2022-02-10,2022-01-10,89.88,79.9621810913086,68.04705047607422,71.35116577148438,75.72630310058594,79.9621810913086,83.65695190429688,86.77810668945312,89.07049560546875
2022-02-11,2022-01-11,93.1,82.46215057373047,69.42073059082031,72.9754867553711,77.70721435546875,82.46215057373047,86.92048645019531,90.53021240234375,93.1502685546875
2022-02-14,2022-01-12,95.46,83.70123291015625,69.74079895019531,73.51335144042969,78.5352783203125,83.70123291015625,88.74458312988281,92.98797607421875,96.10718536376953
2022-02-15,2022-01-13,92.07,82.33361053466797,68.90653991699219,72.52494812011719,77.34275817871094,82.33361053466797,87.25737762451172,91.40015411376953,94.43675231933594
2022-02-16,2022-01-14,93.66,83.69468688964844,70.61174774169922,74.1495361328125,78.8517837524414,83.69468688964844,88.40719604492188,92.31056213378906,95.16646575927734
2022-02-17,2022-01-18,91.76,85.63563537597656,72.42475128173828,75.94331359863281,80.63839721679688,85.63563537597656,90.76809692382812,95.05033874511719,98.19355773925781
2022-02-18,2022-01-19,91.07,88.52169799804688,76.29462432861328,79.5388412475586,83.87078857421875,88.52169799804688,93.44686889648438,97.52092742919922,100.50469970703125
2022-02-22,2022-01-20,92.35,88.2811279296875,75.75894165039062,79.06883239746094,83.49520874023438,88.2811279296875,93.3766098022461,97.66902160644531,100.81906127929688
2022-02-23,2022-01-21,92.1,86.18196105957031,73.4349594116211,76.85845947265625,81.42388916015625,86.18196105957031,90.9989013671875,94.9511489868164,97.83102416992188
2022-02-24,2022-01-24,92.81,84.9621810913086,72.61175537109375,75.9981689453125,80.48340606689453,84.9621810913086,89.35710144042969,93.01335906982422,95.68373107910156
2022-02-25,2022-01-25,91.59,88.44099426269531,75.5655517578125,79.03099060058594,83.65010833740234,88.44099426269531,93.39903259277344,97.67257690429688,100.82060241699219
2022-02-28,2022-01-26,95.72,90.80180358886719,78.27739715576172,81.64389038085938,86.13447570800781,90.80180358886719,95.6431884765625,99.69928741455078,102.66854858398438
2022-03-01,2022-01-27,103.41,90.50955200195312,78.80867767333984,82.00179290771484,86.23458099365234,90.50955200195312,94.84011840820312,98.49951171875,101.1698226928711
2022-03-02,2022-01-28,110.6,91.00724029541016,79.64945220947266,82.71287536621094,86.7913589477539,91.00724029541016,95.29730224609375,98.87712097167969,101.47990417480469
2022-03-03,2022-01-31,107.67,91.5216293334961,78.73160552978516,82.20895385742188,86.82560729980469,91.5216293334961,96.30994415283203,100.2566146850586,103.12625122070312
2022-03-04,2022-02-01,115.68,91.25704956054688,77.79042053222656,81.51648712158203,86.44148254394531,91.25704956054688,95.97279357910156,99.86492156982422,102.69642639160156
2022-03-07,2022-02-02,119.4,92.17472076416016,80.50700378417969,83.79852294921875,88.11934661865234,92.17472076416016,96.11299133300781,99.40054321289062,101.79949951171875
2022-03-08,2022-02-03,123.7,94.44793701171875,81.86512756347656,85.32872009277344,89.9203872680664,94.44793701171875,98.9299545288086,102.5382308959961,105.15225982666016
2022-03-09,2022-02-04,108.7,95.87947082519531,81.90460205078125,85.68527221679688,90.71102905273438,95.87947082519531,101.18272399902344,105.5299301147461,108.69703674316406
2022-03-10,2022-02-07,106.02,94.6712646484375,81.20326232910156,84.81350708007812,89.62480163574219,94.6712646484375,99.89488220214844,104.26963806152344,107.46502685546875
2022-03-11,2022-02-08,109.33,93.73395538330078,81.69961547851562,84.91909790039062,89.21896362304688,93.73395538330078,98.24771881103516,101.97554016113281,104.68112182617188
2022-03-14,2022-02-09,103.01,93.63197326660156,81.6760025024414,84.88340759277344,89.1662368774414,93.63197326660156,98.22808837890625,102.11903381347656,104.96662139892578
2022-03-15,2022-02-10,96.44,94.38765716552734,83.49518585205078,86.40092468261719,90.29547882080078,94.38765716552734,98.70333862304688,102.34487915039062,105.00936126708984
2022-03-16,2022-02-11,95.04,97.73756408691406,86.7405014038086,89.6122817993164,93.492431640625,97.73756408691406,102.3653564453125,106.15231323242188,108.902587890625
2022-03-17,2022-02-14,102.98,101.38866424560547,89.56922912597656,92.61221313476562,96.75072479248047,101.38866424560547,106.46780395507812,110.5990982055664,113.59495544433594
2022-03-18,2022-02-15,104.7,97.24037170410156,85.39942932128906,88.54463958740234,92.76840209960938,97.24037170410156,101.9937744140625,105.95710754394531,108.84268951416016
2022-03-21,2022-02-16,112.12,98.82643127441406,86.54437255859375,89.8725357055664,94.30189514160156,98.82643127441406,103.75311279296875,108.04074096679688,111.2032241821289
2022-03-22,2022-02-17,111.76,97.9462890625,86.35015869140625,89.51521301269531,93.73371887207031,97.9462890625,102.36753845214844,106.15240478515625,108.9271011352539
2022-03-23,2022-02-18,114.93,97.73866271972656,87.15165710449219,90.0839614868164,93.9734878540039,97.73866271972656,101.69467163085938,105.13540649414062,107.64776611328125
2022-03-24,2022-02-22,112.34,99.1479721069336,89.03652954101562,91.80809020996094,95.50060272216797,99.1479721069336,102.95382690429688,106.23233032226562,108.63296508789062
2022-03-25,2022-02-23,113.9,98.01849365234375,86.63897705078125,89.76493835449219,93.92379760742188,98.01849365234375,102.28206634521484,105.8648910522461,108.47926330566406
2022-03-28,2022-02-24,105.96,97.654296875,85.84208679199219,89.12495422363281,93.4654312133789,97.654296875,101.96611022949219,105.5045394897461,108.07290649414062
2022-03-29,2022-02-25,104.24,96.26362609863281,84.82261657714844,88.12921905517578,92.4306640625,96.26362609863281,100.14057922363281,103.51373291015625,105.99720764160156
2022-03-30,2022-02-28,107.82,101.11845397949219,89.81719207763672,92.94322204589844,97.06613159179688,101.11845397949219,105.31024169921875,108.76020812988281,111.28126525878906
2022-03-31,2022-03-01,100.28,108.53828430175781,94.14328002929688,97.94742584228516,103.0382080078125,108.53828430175781,114.68524169921875,119.97113037109375,123.8751220703125
2022-04-01,2022-03-02,99.27,115.10000610351562,94.86782836914062,100.25274658203125,107.40005493164062,115.10000610351562,123.8425521850586,131.66531372070312,137.4912872314453
2022-04-04,2022-03-03,103.28,112.86538696289062,94.1866455078125,99.30816650390625,106.03124237060547,112.86538696289062,120.24573516845703,126.71577453613281,131.51747131347656
2022-04-05,2022-03-04,101.96,120.57440185546875,94.9124755859375,101.82276916503906,110.93598937988281,120.57440185546875,131.21701049804688,140.69769287109375,147.75181579589844
2022-04-06,2022-03-07,96.23,125.46818542480469,97.60639953613281,105.28785705566406,115.33126831054688,125.46818542480469,136.62423706054688,146.30947875976562,153.49880981445312
2022-04-07,2022-03-08,96.03,129.22247314453125,94.82022857666016,104.14154052734375,116.42880249023438,129.22247314453125,142.89012145996094,154.9460906982422,163.94480895996094
2022-04-08,2022-03-09,98.26,121.57148742675781,98.83807373046875,105.0602798461914,113.25658416748047,121.57148742675781,130.7247314453125,138.44044494628906,144.09364318847656
2022-04-11,2022-03-10,94.29,114.58856201171875,89.2925796508789,96.33666229248047,105.56504821777344,114.58856201171875,124.41754913330078,133.33566284179688,139.9527130126953
2022-04-12,2022-03-11,100.6,116.16270446777344,89.95196533203125,97.2160415649414,106.75249481201172,116.16270446777344,126.52003479003906,136.05087280273438,143.15911865234375
2022-04-13,2022-03-14,104.25,112.23226928710938,91.68479919433594,97.16265869140625,104.47721099853516,112.23226928710938,120.765869140625,128.17361450195312,133.59812927246094
2022-04-14,2022-03-15,106.95,105.32911682128906,84.00846862792969,89.61502075195312,97.15884399414062,105.32911682128906,114.37227630615234,122.42598724365234,128.35560607910156
2022-04-18,2022-03-16,108.21,102.84757995605469,80.67117309570312,86.56324005126953,94.45379638671875,102.84757995605469,112.11656188964844,120.59683990478516,126.88190460205078
2022-04-19,2022-03-17,102.56,103.66938018798828,75.90287780761719,83.19001770019531,92.96722412109375,103.66938018798828,115.21238708496094,125.75254821777344,133.5606231689453
2022-04-20,2022-03-18,102.75,102.69860076904297,74.17816162109375,81.5945053100586,91.56805419921875,102.69860076904297,114.22190856933594,124.384521484375,131.87252807617188
2022-04-21,2022-03-21,103.79,107.50965118408203,75.7347640991211,84.03942108154297,95.17304992675781,107.50965118408203,120.06336212158203,131.196044921875,139.47019958496094
2022-04-22,2022-03-22,102.07,113.07219696044922,82.5641860961914,90.80110168457031,101.73735046386719,113.07219696044922,124.2480239868164,134.2571258544922,141.73077392578125
2022-04-25,2022-03-23,98.54,116.62040710449219,83.64077758789062,92.3782958984375,104.05175018310547,116.62040710449219,129.03863525390625,140.01254272460938,148.16505432128906
2022-04-26,2022-03-24,101.7,115.42025756835938,83.31764221191406,92.02734375,103.58375549316406,115.42025756835938,126.98211669921875,137.2380828857422,144.8456573486328
2022-04-27,2022-03-25,102.02,118.44514465332031,87.65154266357422,96.19917297363281,107.46615600585938,118.44514465332031,128.94021606445312,138.08323669433594,144.81658935546875
2022-04-28,2022-03-28,105.36,107.7424087524414,72.53800964355469,82.08135986328125,94.77440643310547,107.7424087524414,120.3774642944336,132.0592041015625,140.79002380371094
2022-04-29,2022-03-29,104.69,105.2523193359375,74.30989074707031,82.68921661376953,93.81986999511719,105.2523193359375,117.07255554199219,128.63836669921875,137.37551879882812
2022-05-02,2022-03-30,105.17,109.48560333251953,76.19033813476562,85.07298278808594,96.93736267089844,109.48560333251953,122.2489013671875,134.0477294921875,142.85682678222656
2022-05-03,2022-03-31,102.41,110.11997985839844,77.04561614990234,85.8739242553711,97.67691040039062,110.11997985839844,123.14476776123047,134.74313354492188,143.301025390625
2022-05-04,2022-04-01,107.81,102.86367797851562,71.46700286865234,79.83258056640625,91.03152465820312,102.86367797851562,115.41292572021484,127.42404174804688,136.44992065429688
2022-05-05,2022-04-04,108.26,107.07974243164062,78.24153900146484,86.0333251953125,96.42178344726562,107.07974243164062,118.15223693847656,128.59693908691406,136.4425811767578
2022-05-06,2022-04-05,109.77,106.86268615722656,81.65425109863281,88.50151824951172,97.64151763916016,106.86268615722656,116.07576751708984,124.21443176269531,130.22964477539062
2022-05-09,2022-04-06,103.09,94.17665100097656,68.27032470703125,74.95791625976562,83.99229431152344,94.17665100097656,105.07185363769531,115.24823760986328,122.83733367919922
2022-05-10,2022-04-07,99.76,96.27326965332031,70.71804809570312,77.3943099975586,86.39479064941406,96.27326965332031,107.02362060546875,117.25408172607422,124.89820861816406
2022-05-11,2022-04-08,105.71,97.44659423828125,70.95050811767578,77.99610137939453,87.44081115722656,97.44659423828125,107.88507843017578,118.04225158691406,125.68994140625
2022-05-12,2022-04-11,106.13,89.14146423339844,63.31568908691406,70.14158630371094,79.30490112304688,89.14146423339844,99.13673400878906,108.60968017578125,115.6839599609375
2022-05-13,2022-04-12,110.49,96.40264892578125,69.68096923828125,76.90542602539062,86.50880432128906,96.40264892578125,106.25093078613281,115.40277099609375,122.22573852539062
2022-05-16,2022-04-13,114.2,103.52434539794922,79.17510986328125,85.86167907714844,94.69794464111328,103.52434539794922,112.47745513916016,120.84538269042969,127.09616088867188
2022-05-17,2022-04-14,112.4,107.78604888916016,78.87750244140625,86.67487335205078,97.0294189453125,107.78604888916016,118.64872741699219,128.48257446289062,135.77565002441406
2022-05-18,2022-04-18,109.59,106.45054626464844,77.14517211914062,84.97261047363281,95.39131164550781,106.45054626464844,117.4918212890625,127.30978393554688,134.57835388183594
2022-05-19,2022-04-19,112.21,105.20720672607422,77.99534606933594,85.42622375488281,95.26219177246094,105.20720672607422,114.91880798339844,123.62076568603516,130.0778350830078
2022-05-20,2022-04-20,113.23,103.87979125976562,74.54130554199219,82.55978393554688,93.17469024658203,103.87979125976562,114.469482421875,124.20414733886719,131.453857421875
2022-05-23,2022-04-21,110.29,103.5457534790039,75.55815124511719,83.13274383544922,93.1773681640625,103.5457534790039,114.11559295654297,123.84835815429688,131.10536193847656
2022-05-24,2022-04-22,109.77,101.6512222290039,72.9129409790039,80.56978607177734,90.79136657714844,101.6512222290039,112.904541015625,123.43327331542969,131.3048095703125
2022-05-25,2022-04-25,110.33,101.46444702148438,74.081298828125,81.20651245117188,90.81075286865234,101.46444702148438,112.75965881347656,123.0423812866211,130.67007446289062
2022-05-26,2022-04-26,114.09,104.18102264404297,75.56700134277344,83.20762634277344,93.41867065429688,104.18102264404297,115.52674102783203,126.27803039550781,134.32208251953125
2022-05-27,2022-04-27,115.07,104.62974548339844,79.07371520996094,85.94187927246094,95.10479736328125,104.62974548339844,114.75650024414062,124.52880859375,131.8883056640625
2022-05-31,2022-04-28,114.67,107.10592651367188,80.37012481689453,87.49533081054688,97.02589416503906,107.10592651367188,117.40533447265625,126.48553466796875,133.19415283203125
2022-06-01,2022-04-29,115.26,102.0902328491211,76.50093078613281,83.23261260986328,92.26060485839844,102.0902328491211,112.35164642333984,121.69120788574219,128.64059448242188
2022-06-02,2022-05-02,116.87,102.11009216308594,77.68929290771484,84.16055297851562,92.82571411132812,102.11009216308594,111.57191467285156,119.89178466796875,126.04278564453125
2022-06-03,2022-05-03,118.87,101.74284362792969,75.55731201171875,82.53680419921875,91.86961364746094,101.74284362792969,111.65672302246094,120.46478271484375,126.99413299560547
2022-06-06,2022-05-04,118.5,97.14459228515625,71.43242645263672,78.10315704345703,87.03548431396484,97.14459228515625,107.08308410644531,115.2374496459961,121.21294403076172
2022-06-07,2022-05-05,119.41,106.29338073730469,79.26728057861328,86.56231689453125,96.26927185058594,106.29338073730469,115.687744140625,123.60533905029297,129.4265594482422
2022-06-08,2022-05-06,122.11,115.04598236083984,91.77400970458984,98.21995544433594,106.72904968261719,115.04598236083984,123.32952880859375,130.6226348876953,136.02166748046875
2022-06-09,2022-05-09,121.51,111.23585510253906,85.63435363769531,92.7646713256836,102.18358612060547,111.23585510253906,119.83955383300781,127.23692321777344,132.66677856445312
2022-06-10,2022-05-10,120.67,107.50048828125,85.61280822753906,91.60403442382812,99.55657196044922,107.50048828125,115.4630355834961,122.37562561035156,127.47148132324219
2022-06-13,2022-05-11,120.93,109.38858032226562,86.57239532470703,92.76460266113281,100.9913330078125,109.38858032226562,117.662841796875,124.72509765625,129.89785766601562
2022-06-14,2022-05-12,118.93,109.95137023925781,87.55409240722656,93.59607696533203,101.63880157470703,109.95137023925781,118.31568145751953,125.60847473144531,130.98858642578125
2022-06-15,2022-05-13,115.31,109.027099609375,85.78416442871094,92.04930114746094,100.36192321777344,109.027099609375,117.87289428710938,125.74103546142578,131.57510375976562
2022-06-16,2022-05-16,117.59,110.83995819091797,86.1705322265625,92.74945068359375,101.49647521972656,110.83995819091797,120.54939270019531,129.15335083007812,135.53314208984375
2022-06-17,2022-05-17,109.56,107.81424713134766,83.24128723144531,89.72370147705078,98.38136291503906,107.81424713134766,117.46101379394531,125.9858627319336,132.3168182373047
2022-06-21,2022-05-18,110.65,107.50143432617188,81.74600982666016,88.595703125,97.75749206542969,107.50143432617188,117.32907104492188,126.15872192382812,132.74261474609375
2022-06-22,2022-05-19,106.19,114.37449645996094,88.16123962402344,95.22976684570312,104.66181182861328,114.37449645996094,123.98200225830078,132.43450927734375,138.70091247558594
2022-06-23,2022-05-20,104.27,111.59654235839844,83.90248107910156,91.21627807617188,101.00262451171875,111.59654235839844,122.01216125488281,130.88409423828125,137.41778564453125
2022-06-24,2022-05-23,107.62,109.26058959960938,83.45504760742188,90.39110565185547,99.63905334472656,109.26058959960938,118.63548278808594,126.91862487792969,133.06134033203125
2022-06-27,2022-05-24,109.57,107.88032531738281,83.44829559326172,90.01104736328125,98.76387023925781,107.88032531738281,116.81768798828125,124.66175079345703,130.44564819335938
2022-06-28,2022-05-25,111.76,113.20677947998047,89.2983169555664,95.86421203613281,104.580810546875,113.20677947998047,121.4997787475586,128.84866333007812,134.28553771972656
2022-06-29,2022-05-26,109.78,108.4475326538086,82.22171020507812,89.23997497558594,98.60712432861328,108.4475326538086,117.38655090332031,124.7334213256836,130.10250854492188
2022-06-30,2022-05-27,105.76,116.14138793945312,92.34614562988281,98.99270629882812,107.75813293457031,116.14138793945312,123.76045989990234,130.1195831298828,134.7836456298828
2022-07-01,2022-05-31,108.43,118.66301727294922,97.08682250976562,103.2232666015625,111.261962890625,118.66301727294922,125.62487030029297,131.57464599609375,135.95596313476562
2022-07-05,2022-06-01,99.5,117.4393539428711,93.41568756103516,100.22969055175781,109.18359375,117.4393539428711,124.98695373535156,131.42282104492188,136.14859008789062
2022-07-06,2022-06-02,98.53,118.41461181640625,95.37480163574219,101.87319946289062,110.42474365234375,118.41461181640625,125.91514587402344,132.3046875,136.98760986328125
2022-07-07,2022-06-03,102.73,119.9888916015625,97.10266876220703,103.60905456542969,112.13348388671875,119.9888916015625,127.38906860351562,133.64051818847656,138.22276306152344
2022-07-08,2022-06-06,104.79,120.53207397460938,98.42339324951172,104.72660064697266,112.98678588867188,120.53207397460938,127.5869369506836,133.67330932617188,138.1681671142578
2022-07-11,2022-06-07,104.09,119.99911499023438,96.2476577758789,102.93272399902344,111.74064636230469,119.99911499023438,127.64542388916016,134.36355590820312,139.3565673828125
2022-07-12,2022-06-08,95.84,122.79348754882812,98.15727233886719,104.96769714355469,113.98350524902344,122.79348754882812,131.29464721679688,138.7404022216797,144.27316284179688
2022-07-13,2022-06-09,96.3,122.00460815429688,98.10289001464844,104.60680389404297,113.26141357421875,122.00460815429688,130.57894897460938,138.06304931640625,143.615234375
2022-07-14,2022-06-10,95.78,121.72036743164062,98.13157653808594,104.59033966064453,113.17377471923828,121.72036743164062,130.09466552734375,137.44871520996094,142.9111328125
2022-07-15,2022-06-13,97.59,125.73005676269531,103.41704559326172,109.61158752441406,117.82341003417969,125.73005676269531,133.51141357421875,140.40956115722656,145.54318237304688
2022-07-18,2022-06-14,102.6,123.76502227783203,100.38328552246094,106.77407836914062,115.26061248779297,123.76502227783203,132.27963256835938,139.61019897460938,145.01513671875
2022-07-19,2022-06-15,104.22,119.08131408691406,97.0360107421875,103.05039978027344,111.04132080078125,119.08131408691406,127.28058624267578,134.5413055419922,139.91351318359375
2022-07-20,2022-06-16,102.26,120.65892028808594,99.00865173339844,104.96348571777344,112.84772491455078,120.65892028808594,128.6151580810547,135.48876953125,140.5418243408203
2022-07-21,2022-06-17,96.35,117.03330993652344,95.2226333618164,101.18250274658203,109.11196899414062,117.03330993652344,124.9146728515625,131.7774658203125,136.82809448242188
2022-07-22,2022-06-21,94.7,113.51658630371094,91.71958923339844,97.66320037841797,105.56846618652344,113.51658630371094,121.23448181152344,127.63923645019531,132.2608642578125
2022-07-25,2022-06-22,96.7,111.72295379638672,91.087890625,96.7789306640625,104.322021484375,111.72295379638672,119.03692626953125,125.2011947631836,129.6581573486328
2022-07-26,2022-06-23,94.98,109.42684173583984,89.636962890625,95.09559631347656,102.33500671386719,109.42684173583984,116.61699676513672,122.76229858398438,127.20188903808594
2022-07-27,2022-06-24,97.26,113.43159484863281,93.28791809082031,98.80762481689453,106.11183166503906,113.43159484863281,120.9339599609375,127.20397186279297,131.71444702148438
2022-07-28,2022-06-27,96.42,116.24503326416016,95.96170043945312,101.48284912109375,108.80592346191406,116.24503326416016,124.08457946777344,130.65399169921875,135.39645385742188
2022-07-29,2022-06-28,98.62,117.71778869628906,97.48806762695312,103.01476287841797,110.32893371582031,117.71778869628906,125.43951416015625,131.86575317382812,136.49810791015625
2022-08-01,2022-06-29,93.89,117.92268371582031,98.57478332519531,103.86611938476562,110.87596130371094,117.92268371582031,125.3174819946289,131.47035217285156,135.90673828125
2022-08-02,2022-06-30,94.42,114.11776733398438,92.35038757324219,98.23344421386719,106.06686401367188,114.11776733398438,122.60888671875,129.817626953125,135.0605926513672
2022-08-03,2022-07-01,90.66,117.16714477539062,94.94007873535156,100.8203125,108.71063232421875,117.16714477539062,126.32926940917969,134.0569610595703,139.67953491210938
2022-08-04,2022-07-05,88.54,111.29046630859375,88.95142364501953,94.81478118896484,102.72335815429688,111.29046630859375,120.54033660888672,128.48165893554688,134.27462768554688
2022-08-05,2022-07-06,89.01,109.47756958007812,87.70416259765625,93.41427612304688,101.12210845947266,109.47756958007812,118.707275390625,126.8124008178711,132.75653076171875
2022-08-08,2022-07-07,90.76,115.10820007324219,94.24159240722656,99.65504455566406,106.98966979980469,115.10820007324219,124.10430145263672,132.03977966308594,137.87025451660156
2022-08-09,2022-07-08,90.5,116.75950622558594,95.55535125732422,100.97725677490234,108.34779357910156,116.75950622558594,126.22830200195312,134.47555541992188,140.51925659179688
2022-08-10,2022-07-11,91.93,112.98179626464844,93.06388854980469,98.20944213867188,105.17583465576172,112.98179626464844,121.88998413085938,130.09873962402344,136.19354248046875
2022-08-11,2022-07-12,94.34,109.12969207763672,88.5147476196289,93.86283874511719,101.11187744140625,109.12969207763672,117.9478759765625,125.91522979736328,131.7957305908203
2022-08-12,2022-07-13,92.09,110.05569458007812,88.48238372802734,94.07498168945312,101.6542739868164,110.05569458007812,119.13925170898438,127.2837905883789,133.279052734375
2022-08-15,2022-07-14,89.41,105.63601684570312,85.38737487792969,90.63336944580078,97.74917602539062,105.63601684570312,114.09194946289062,121.51292419433594,126.93926239013672
2022-08-16,2022-07-15,86.53,105.771484375,87.56036376953125,92.29206848144531,98.69450378417969,105.771484375,113.21016693115234,119.716796875,124.47027587890625
2022-08-17,2022-07-18,88.11,108.81925964355469,91.23965454101562,95.76872253417969,101.90983581542969,108.81925964355469,115.8627700805664,121.85110473632812,126.20295715332031
2022-08-18,2022-07-19,90.5,110.8974838256836,92.1000747680664,97.03828430175781,103.68726348876953,110.8974838256836,118.23593139648438,124.39702606201172,128.8597412109375
2022-08-19,2022-07-20,90.77,109.93758392333984,91.12223815917969,96.034912109375,102.65937805175781,109.93758392333984,117.43025207519531,123.71359252929688,128.2630157470703
2022-08-22,2022-07-21,90.23,107.43618774414062,88.82453155517578,93.67391204833984,100.23365783691406,107.43618774414062,114.72025299072266,120.98974609375,125.55516052246094
2022-08-23,2022-07-22,93.74,106.3402099609375,88.35004425048828,93.00860595703125,99.32731628417969,106.3402099609375,113.6250228881836,120.05755615234375,124.77311706542969
2022-08-24,2022-07-25,94.89,104.0312271118164,85.67244720458984,90.45295715332031,96.91598510742188,104.0312271118164,111.5887222290039,118.38449096679688,123.40397644042969
2022-08-25,2022-07-26,92.52,104.2400894165039,86.07803344726562,90.72616577148438,97.04906463623047,104.2400894165039,111.96932220458984,118.80241394042969,123.83053588867188
2022-08-26,2022-07-27,93.06,104.59986114501953,87.75959777832031,92.053955078125,97.89715576171875,104.59986114501953,111.74310302734375,117.91935729980469,122.4391860961914
2022-08-29,2022-07-28,97.01,102.53895568847656,85.87617492675781,90.14298248291016,95.93951416015625,102.53895568847656,109.70748901367188,116.09142303466797,120.79386901855469
2022-08-30,2022-07-29,91.64,106.05902099609375,89.19540405273438,93.52763366699219,99.40767669677734,106.05902099609375,113.22372436523438,119.59832763671875,124.30948638916016
2022-08-31,2022-08-01,89.55,103.35855102539062,84.05076599121094,88.98611450195312,95.70030975341797,103.35855102539062,111.57447814941406,119.13917541503906,124.75860595703125
2022-09-01,2022-08-02,86.61,102.7344741821289,84.60519409179688,89.2524185180664,95.56472778320312,102.7344741821289,110.64201354980469,118.22016906738281,123.9136962890625
2022-09-02,2022-08-03,86.87,98.26787567138672,80.06114196777344,84.71393585205078,91.0435791015625,98.26787567138672,105.96253967285156,112.85183715820312,117.9168930053711
2022-09-06,2022-08-04,86.88,95.96388244628906,77.21573638916016,82.0068130493164,88.52814483642578,95.96388244628906,103.74464416503906,110.65825653076172,115.72953033447266
2022-09-07,2022-08-05,81.94,94.65841674804688,77.65894317626953,82.00365447998047,87.91539001464844,94.65841674804688,101.71394348144531,107.97694396972656,112.5817642211914
2022-09-08,2022-08-08,83.54,95.16812896728516,79.74481964111328,83.67840576171875,89.0281982421875,95.16812896728516,101.5460205078125,107.11683654785156,111.21422576904297
2022-09-09,2022-08-09,86.79,94.15374755859375,79.30694580078125,83.10731506347656,88.26240539550781,94.15374755859375,100.20147705078125,105.44007873535156,109.29164123535156
2022-09-12,2022-08-10,87.78,95.85867309570312,80.44196319580078,84.46703338623047,89.89071655273438,95.85867309570312,102.02166748046875,107.24275207519531,111.06131744384766
2022-09-13,2022-08-11,87.31,96.1233901977539,80.75328063964844,84.75169372558594,90.13300323486328,96.1233901977539,102.33849334716797,107.57046508789062,111.3912353515625
2022-09-14,2022-08-12,88.48,94.49471282958984,78.95308685302734,83.01483154296875,88.4828872680664,94.49471282958984,100.66262817382812,105.98178100585938,109.88681030273438
2022-09-15,2022-08-15,85.1,94.37843322753906,79.80123138427734,83.56706237792969,88.66123962402344,94.37843322753906,100.41346740722656,105.6773681640625,109.54026794433594
2022-09-16,2022-08-16,85.11,91.30973815917969,76.28118896484375,80.15003967285156,85.40006256103516,91.30973815917969,97.37361907958984,102.72978210449219,106.67155456542969
2022-09-19,2022-08-17,85.73,92.8171615600586,78.02143096923828,81.82600402832031,86.98956298828125,92.8171615600586,98.88032531738281,104.17326354980469,108.06153106689453
2022-09-20,2022-08-18,84.45,93.96271514892578,79.16870880126953,82.94850158691406,88.07262420654297,93.96271514892578,100.01036071777344,105.00894165039062,108.63316345214844
2022-09-21,2022-08-19,82.94,93.58370971679688,78.24791717529297,82.15735626220703,87.46226501464844,93.58370971679688,99.96244812011719,105.203369140625,108.9928207397461
2022-09-22,2022-08-22,83.49,93.61331939697266,79.22383117675781,82.94932556152344,87.98517608642578,93.61331939697266,99.45230865478516,104.34481048583984,107.90895080566406
2022-09-23,2022-08-23,78.74,96.25244903564453,80.45783233642578,84.52796936035156,90.02884674072266,96.25244903564453,102.71688079833984,107.96717834472656,111.75175476074219
2022-09-26,2022-08-24,76.71,98.630859375,84.05911254882812,87.82842254638672,92.90411376953125,98.630859375,104.77130126953125,109.98292541503906,113.79505920410156
2022-09-27,2022-08-25,78.5,95.14981079101562,80.53225708007812,84.34259796142578,89.46550750732422,95.14981079101562,101.18836975097656,106.36726379394531,110.14100646972656
2022-09-28,2022-08-26,82.15,92.96171569824219,77.03803253173828,81.22937774658203,86.85086059570312,92.96171569824219,99.23526000976562,104.55594635009766,108.42127227783203
2022-09-29,2022-08-29,81.23,95.26631927490234,78.36866760253906,82.75045776367188,88.64246368408203,95.26631927490234,101.94876861572266,107.42652893066406,111.408203125
2022-09-30,2022-08-30,79.49,91.37150573730469,74.70841217041016,78.970458984375,84.7357406616211,91.37150573730469,98.04923248291016,103.60621643066406,107.65641021728516
2022-10-03,2022-08-31,83.63,90.02625274658203,74.42723846435547,78.40789031982422,83.80242919921875,90.02625274658203,96.36073303222656,101.71141052246094,105.60313415527344
2022-10-04,2022-09-01,86.52,87.65345764160156,71.65626525878906,75.75911712646484,81.32199096679688,87.65345764160156,94.03233337402344,99.44535827636719,103.38290405273438
2022-10-05,2022-09-02,87.76,84.0890884399414,67.94329833984375,72.08121490478516,77.7024917602539,84.0890884399414,90.418212890625,95.73811340332031,99.59681701660156
2022-10-06,2022-09-06,88.45,82.32365417480469,66.21095275878906,70.36393737792969,76.00239562988281,82.32365417480469,88.52374267578125,93.84075927734375,97.7145767211914
2022-10-07,2022-09-07,92.64,83.350341796875,67.81255340576172,71.75733184814453,77.13316345214844,83.350341796875,89.68711853027344,95.11534881591797,99.05445861816406
2022-10-10,2022-09-08,91.13,84.89207458496094,69.9890365600586,73.83223724365234,79.03250122070312,84.89207458496094,90.80986022949219,95.83837890625,99.49325561523438
2022-10-11,2022-09-09,89.35,86.44770812988281,71.30184173583984,75.20801544189453,80.48191833496094,86.44770812988281,92.50967407226562,97.664306640625,101.41632843017578
2022-10-12,2022-09-12,87.27,86.5805435180664,71.25324249267578,75.1849136352539,80.49675750732422,86.5805435180664,92.67591857910156,97.753662109375,101.42510223388672
2022-10-13,2022-09-13,89.11,85.97286987304688,70.41343688964844,74.43467712402344,79.86660766601562,85.97286987304688,92.0694580078125,97.18133544921875,100.87062072753906
2022-10-14,2022-09-14,85.61,88.0188980102539,73.20545196533203,77.09217834472656,82.32389831542969,88.0188980102539,93.72236633300781,98.4968490600586,101.93510437011719
2022-10-17,2022-09-15,85.46,85.67366027832031,68.89161682128906,73.2841796875,79.22219848632812,85.67366027832031,92.09512329101562,97.55728149414062,101.50643920898438
2022-10-18,2022-09-16,82.82,87.07286834716797,71.66081237792969,75.69775390625,81.13876342773438,87.07286834716797,93.14550018310547,98.42193603515625,102.26582336425781
2022-10-19,2022-09-19,85.55,86.79460906982422,71.0621566772461,75.19291687011719,80.75020599365234,86.79460906982422,92.89389038085938,98.1949234008789,102.06172943115234
2022-10-20,2022-09-20,85.98,84.44160461425781,68.60419464111328,72.79753875732422,78.42913818359375,84.44160461425781,90.41119384765625,95.65042114257812,99.49026489257812
2022-10-21,2022-09-21,85.05,79.50171661376953,62.136749267578125,66.67943572998047,72.82534790039062,79.50171661376953,85.87275695800781,91.29708099365234,95.25126647949219
2022-10-24,2022-09-22,84.58,78.68242645263672,61.98573303222656,66.29740905761719,72.15019226074219,78.68242645263672,84.947998046875,90.20429992675781,94.016357421875
2022-10-25,2022-09-23,85.32,77.51470947265625,61.78166961669922,65.8507080078125,71.39031982421875,77.51470947265625,83.54175567626953,88.67843627929688,92.38801574707031
2022-10-26,2022-09-26,87.91,73.99077606201172,57.291526794433594,61.6204719543457,67.52201843261719,73.99077606201172,80.3060073852539,85.64397430419922,89.49092864990234
2022-10-27,2022-09-27,89.08,72.87938690185547,56.58331298828125,60.76985168457031,66.47891998291016,72.87938690185547,79.07527923583984,84.29995727539062,88.07598114013672
2022-10-28,2022-09-28,87.9,74.28571319580078,57.94245147705078,62.081111907958984,67.7340087890625,74.28571319580078,80.58257293701172,85.86044311523438,89.68527221679688
2022-10-31,2022-09-29,86.53,77.52757263183594,62.11387634277344,66.03386688232422,71.38011932373047,77.52757263183594,83.54351806640625,88.693603515625,92.43095397949219
2022-11-01,2022-09-30,88.37,76.48821258544922,61.59136199951172,65.4115982055664,70.61748504638672,76.48821258544922,82.3035888671875,87.32806396484375,90.98471069335938
2022-11-02,2022-10-03,90.0,78.33650207519531,62.3330078125,66.41168212890625,71.96839141845703,78.33650207519531,84.60928344726562,89.85517883300781,93.64293670654297
2022-11-03,2022-10-04,88.17,83.09774017333984,66.90277862548828,71.06678771972656,76.70896911621094,83.09774017333984,89.390380859375,94.64448547363281,98.45042419433594
2022-11-04,2022-10-05,92.61,85.90853881835938,69.88082885742188,74.10259246826172,79.77906799316406,85.90853881835938,91.92901611328125,96.98564910888672,100.64382934570312
2022-11-07,2022-10-06,91.79,89.18962860107422,74.28621673583984,78.28495025634766,83.63011932373047,89.18962860107422,94.67864227294922,99.32872772216797,102.69966125488281
2022-11-08,2022-10-07,88.91,91.71356964111328,73.65067291259766,78.45272827148438,84.87567138671875,91.71356964111328,98.40435791015625,103.98535919189453,108.02999877929688
2022-11-09,2022-10-10,85.83,91.82382202148438,75.17198944091797,79.59127807617188,85.50032806396484,91.82382202148438,98.18833923339844,103.56002044677734,107.46089172363281
2022-11-10,2022-10-11,86.47,91.14312744140625,74.44066619873047,78.91581726074219,84.8879165649414,91.14312744140625,97.33683776855469,102.63752746582031,106.4906005859375
2022-11-11,2022-10-12,88.96,87.98133087158203,70.3582992553711,75.07892608642578,81.38938903808594,87.98133087158203,94.38595581054688,99.86841583251953,103.85906219482422
2022-11-14,2022-10-13,85.87,87.2059097290039,69.22722625732422,74.03911590576172,80.484375,87.2059097290039,93.59135437011719,99.05616760253906,103.03399658203125
2022-11-15,2022-10-14,86.92,84.72191619873047,67.16996002197266,71.78286743164062,78.01275634765625,84.72191619873047,91.33031463623047,96.9423828125,101.0082778930664
2022-11-16,2022-10-17,85.59,85.54322052001953,70.27498626708984,74.26045989990234,79.65507507324219,85.54322052001953,91.54061889648438,96.72785186767578,100.49192810058594
2022-11-17,2022-10-18,81.64,80.54867553710938,63.655799865722656,68.10625457763672,74.11380004882812,80.54867553710938,86.99557495117188,92.5260009765625,96.53256225585938
2022-11-18,2022-10-19,80.08,81.31389617919922,64.88063049316406,69.15611267089844,74.93495178222656,81.31389617919922,87.59165954589844,92.88552856445312,96.7120361328125
2022-11-21,2022-10-20,79.73,80.67329406738281,64.23249053955078,68.49136352539062,74.25407409667969,80.67329406738281,86.96407318115234,92.36415100097656,96.28880310058594
2022-11-22,2022-10-21,80.95,81.89054870605469,65.90800476074219,70.00458526611328,75.56950378417969,81.89054870605469,88.23005676269531,93.77947235107422,97.83293914794922
2022-11-23,2022-10-24,77.94,80.61644744873047,64.51506805419922,68.64396667480469,74.25442504882812,80.61644744873047,87.02434539794922,92.59845733642578,96.66887664794922
2022-11-25,2022-10-25,76.28,80.72938537597656,64.4842300415039,68.6292953491211,74.26239013671875,80.72938537597656,87.11140441894531,92.55621337890625,96.51433563232422
2022-11-28,2022-10-26,77.24,86.48606872558594,70.69727325439453,74.86798858642578,80.46428680419922,86.48606872558594,92.39154052734375,97.46752166748047,101.16238403320312
2022-11-29,2022-10-27,78.2,89.4664077758789,74.67731475830078,78.68663787841797,84.0069808959961,89.4664077758789,94.9608383178711,99.6793212890625,103.12400817871094
2022-11-30,2022-10-28,80.55,89.95753479003906,75.81995391845703,79.69303894042969,84.81875610351562,89.95753479003906,95.16943359375,99.72058868408203,103.04956817626953
2022-12-01,2022-10-31,81.22,86.94169616699219,70.50081634521484,75.05035400390625,81.07164764404297,86.94169616699219,92.75173950195312,97.7973403930664,101.4748764038086
2022-12-02,2022-11-01,79.98,89.61668395996094,74.28588104248047,78.47525787353516,84.02799987792969,89.61668395996094,95.22294616699219,99.97012329101562,103.42210388183594
2022-12-05,2022-11-02,76.93,92.34334564208984,78.04867553710938,81.87018585205078,86.968505859375,92.34334564208984,97.84750366210938,102.52473449707031,105.93266296386719
2022-12-06,2022-11-03,74.25,89.02361297607422,74.3455810546875,78.25439453125,83.48947143554688,89.02361297607422,94.48927307128906,99.1881103515625,102.62174224853516
2022-12-07,2022-11-04,72.01,93.39479064941406,79.77116394042969,83.38107299804688,88.20301818847656,93.39479064941406,98.59919738769531,102.92617797851562,106.06605529785156
2022-12-08,2022-11-07,71.46,92.68669891357422,80.02033996582031,83.31598663330078,87.7630386352539,92.68669891357422,97.62942504882812,101.83124542236328,104.90681457519531
2022-12-09,2022-11-08,71.02,90.36994934082031,77.70927429199219,80.97724151611328,85.40258026123047,90.36994934082031,95.28271484375,99.43853759765625,102.46542358398438
2022-12-12,2022-11-09,73.17,85.08719635009766,68.15758514404297,72.61569213867188,78.63270568847656,85.08719635009766,91.2998046875,96.53520202636719,100.34303283691406
2022-12-13,2022-11-10,75.39,85.06521606445312,68.2037124633789,72.56509399414062,78.48694610595703,85.06521606445312,91.5457992553711,96.98245239257812,100.9302978515625
2022-12-14,2022-11-11,77.28,87.93144226074219,71.21633911132812,75.56660461425781,81.43794250488281,87.93144226074219,94.301025390625,99.48954772949219,103.22416687011719
2022-12-15,2022-11-14,76.11,84.48928833007812,67.93597412109375,72.2109603881836,78.00072479248047,84.48928833007812,90.99873352050781,96.37364196777344,100.2428970336914
2022-12-16,2022-11-15,74.29,82.4897689819336,66.13428497314453,70.30007934570312,75.95707702636719,82.4897689819336,89.07423400878906,94.57706451416016,98.56015014648438
2022-12-19,2022-11-16,75.19,82.46341705322266,66.8012466430664,70.81509399414062,76.25465393066406,82.46341705322266,88.74072265625,94.1065444946289,97.99762725830078
2022-12-20,2022-11-17,76.09,84.32396697998047,68.15962219238281,72.45860290527344,78.22529602050781,84.32396697998047,90.42499542236328,95.60568237304688,99.33377075195312
2022-12-21,2022-11-18,78.29,82.34510803222656,66.35626220703125,70.63468170166016,76.36336517333984,82.34510803222656,88.46421813964844,93.7059555053711,97.48383331298828
2022-12-22,2022-11-21,77.49,83.02819061279297,67.28010559082031,71.55227661132812,77.24632263183594,83.02819061279297,89.06015014648438,94.30915832519531,98.10786437988281
2022-12-23,2022-11-22,79.56,83.32981872558594,67.10428619384766,71.52092742919922,77.39106750488281,83.32981872558594,89.4625244140625,94.70458984375,98.48246002197266
2022-12-27,2022-11-23,79.53,79.96926879882812,62.69269561767578,67.3431625366211,73.56726837158203,79.96926879882812,86.47736358642578,92.07469940185547,96.11064910888672
2022-12-28,2022-11-25,78.96,81.97431182861328,66.16295623779297,70.4532699584961,76.17381286621094,81.97431182861328,88.06893920898438,93.39067840576172,97.22980499267578
2022-12-29,2022-11-28,78.4,82.12374877929688,66.62242126464844,70.82450103759766,76.4305191040039,82.12374877929688,87.96810150146484,93.02857208251953,96.69400024414062
2022-12-30,2022-11-29,80.26,84.78579711914062,71.2955551147461,74.94549560546875,79.80795288085938,84.78579711914062,89.99371337890625,94.59819030761719,97.95496368408203
2023-01-03,2022-11-30,76.93,85.10066223144531,71.63595581054688,75.2459487915039,80.06591033935547,85.10066223144531,90.36672973632812,94.89281463623047,98.18329620361328
2023-01-04,2022-12-01,72.84,86.01266479492188,72.61933898925781,76.15396881103516,80.90036010742188,86.01266479492188,91.43270111083984,96.07179260253906,99.45193481445312
2023-01-05,2022-12-02,73.67,79.90235137939453,63.450836181640625,67.72451782226562,73.49906921386719,79.90235137939453,86.56454467773438,92.17813110351562,96.24747467041016
2023-01-06,2022-12-05,73.77,75.79712677001953,59.92084503173828,63.92314147949219,69.3984603881836,75.79712677001953,82.60337829589844,88.43341064453125,92.68587493896484
2023-01-09,2022-12-06,74.63,76.17718505859375,59.698089599609375,63.8598747253418,69.5516357421875,76.17718505859375,83.14808654785156,89.08645629882812,93.38888549804688
2023-01-10,2022-12-07,75.12,73.60722351074219,57.72772979736328,61.740055084228516,67.23023986816406,73.60722351074219,80.32809448242188,86.07958984375,90.24378204345703
2023-01-11,2022-12-08,77.41,70.91548156738281,56.491050720214844,60.103965759277344,65.0654296875,70.91548156738281,77.171142578125,82.65065002441406,86.65814971923828
2023-01-12,2022-12-09,78.39,73.23846435546875,58.896400451660156,62.51918029785156,67.47724914550781,73.23846435546875,79.53820037841797,85.15021514892578,89.25434112548828
2023-01-13,2022-12-12,79.86,77.11903381347656,63.02092742919922,66.68104553222656,71.63467407226562,77.11903381347656,83.07054901123047,88.25218200683594,92.02875518798828
2023-01-17,2022-12-13,80.18,76.69498443603516,62.690330505371094,66.32044219970703,71.22810363769531,76.69498443603516,82.62017059326172,87.71004486083984,91.41841888427734
2023-01-18,2022-12-14,79.48,77.85530853271484,63.40997314453125,67.18128967285156,72.26724243164062,77.85530853271484,83.80892181396484,88.82534790039062,92.47040557861328
2023-01-19,2022-12-15,80.33,76.7865982055664,61.453468322753906,65.46037292480469,70.86494445800781,76.7865982055664,82.95032501220703,88.0565185546875,91.74612426757812
2023-01-20,2022-12-16,81.31,74.48171997070312,59.02162170410156,63.05249786376953,68.50396728515625,74.48171997070312,80.71379089355469,85.86868286132812,89.59529876708984
2023-01-23,2022-12-19,81.62,80.38172912597656,65.80113220214844,69.6453628540039,74.81922149658203,80.38172912597656,86.17923736572266,90.89820861816406,94.29700469970703
2023-01-24,2022-12-20,80.13,82.3117446899414,68.0787582397461,71.78765106201172,76.7982177734375,82.3117446899414,88.0718994140625,92.78150939941406,96.19500732421875
2023-01-25,2022-12-21,80.15,85.16870880126953,71.39664459228516,74.92367553710938,79.713623046875,85.16870880126953,90.84274291992188,95.51295471191406,98.90303802490234
2023-01-26,2022-12-22,81.01,83.1949234008789,69.57289123535156,73.07341003417969,77.81727600097656,83.1949234008789,88.81417846679688,93.51199340820312,96.93446350097656
2023-01-27,2022-12-23,79.68,86.29235076904297,73.35701751708984,76.65336608886719,81.12590789794922,86.29235076904297,91.78300476074219,96.35318756103516,99.68582153320312
2023-01-30,2022-12-27,77.9,77.40020751953125,61.79798889160156,65.71196746826172,71.05879974365234,77.40020751953125,84.06480407714844,89.50794982910156,93.47496795654297
2023-01-31,2022-12-28,78.87,73.30830383300781,58.53446960449219,62.16661071777344,67.17753601074219,73.30830383300781,79.87115478515625,85.44310760498047,89.54267120361328
2023-02-01,2022-12-29,76.41,75.75007629394531,60.422096252441406,64.25932312011719,69.51246643066406,75.75007629394531,82.33843994140625,87.92523956298828,92.01827239990234
2023-02-02,2022-12-30,75.88,78.32681274414062,63.56146240234375,67.25230407714844,72.30128479003906,78.32681274414062,84.73667907714844,90.13770294189453,94.09333038330078
2023-02-03,2023-01-03,73.39,73.89961242675781,60.14788818359375,63.548152923583984,68.22359466552734,73.89961242675781,79.99569702148438,85.24311065673828,89.0969467163086
2023-02-06,2023-01-04,74.11,71.82521057128906,58.535423278808594,61.786163330078125,66.27960205078125,71.82521057128906,77.88871765136719,83.1950912475586,87.07801818847656
2023-02-07,2023-01-05,77.14,72.14811706542969,59.105857849121094,62.34740447998047,66.80941772460938,72.14811706542969,77.78691101074219,82.6669921875,86.2643814086914
2023-02-08,2023-01-06,78.47,71.15066528320312,57.811065673828125,61.14899444580078,65.73914337158203,71.15066528320312,76.85366821289062,81.84719848632812,85.53483581542969
2023-02-09,2023-01-09,78.06,70.6671371459961,56.17070770263672,59.806846618652344,64.81147766113281,70.6671371459961,76.64977264404297,81.7897720336914,85.56391143798828
2023-02-10,2023-01-10,79.72,70.79483795166016,54.95622634887695,58.93506622314453,64.40101623535156,70.79483795166016,77.12145233154297,82.36930847167969,86.18767547607422
2023-02-13,2023-01-11,80.14,71.49687957763672,55.26288604736328,59.29352569580078,64.85078430175781,71.49687957763672,78.02027893066406,83.34388732910156,87.2148208618164
2023-02-14,2023-01-12,79.06,76.23027038574219,60.12104034423828,64.30489349365234,69.96444702148438,76.23027038574219,82.40079498291016,87.46888732910156,91.14921569824219
2023-02-15,2023-01-13,78.59,78.34986877441406,62.9171142578125,66.9227066040039,72.33033752441406,78.34986877441406,84.30036926269531,89.19574737548828,92.76795959472656
2023-02-16,2023-01-17,78.49,77.03934478759766,61.30711364746094,65.32328796386719,70.76957702636719,77.03934478759766,83.36419677734375,88.59567260742188,92.42434692382812
2023-02-17,2023-01-18,76.34,77.34721374511719,61.30340576171875,65.47022247314453,71.08610534667969,77.34721374511719,83.62152099609375,88.76350402832031,92.51042938232422
2023-02-21,2023-01-19,76.16,81.31452941894531,66.28398132324219,70.20414733886719,75.47554016113281,81.31452941894531,87.15873718261719,91.99876403808594,95.52738952636719
2023-02-22,2023-01-20,73.95,71.9382553100586,54.42933654785156,58.763092041015625,64.72776794433594,71.9382553100586,79.12326049804688,84.80538177490234,88.9127197265625
2023-02-23,2023-01-23,75.39,69.7257308959961,53.39478302001953,57.370628356933594,62.87607192993164,69.7257308959961,76.76411437988281,82.34861755371094,86.38988494873047
2023-02-24,2023-01-24,76.32,71.46248626708984,54.91636276245117,59.02378845214844,64.6761245727539,71.46248626708984,78.31680297851562,83.79876708984375,87.75531768798828
2023-02-27,2023-01-25,75.68,73.21798706054688,57.577415466308594,61.51141357421875,66.902587890625,73.21798706054688,79.50755310058594,84.56866455078125,88.22200012207031
2023-02-28,2023-01-26,77.05,73.52236938476562,59.537628173828125,62.98552322387695,67.73171997070312,73.52236938476562,79.5054931640625,84.37101745605469,87.90159606933594
2023-03-01,2023-01-27,77.69,71.78933715820312,58.860687255859375,62.031585693359375,66.41197204589844,71.78933715820312,77.44755554199219,82.20189666748047,85.66211700439453
2023-03-02,2023-01-30,78.16,66.67730712890625,53.370445251464844,56.63139343261719,61.153968811035156,66.67730712890625,72.29988861083984,76.80887603759766,80.07281494140625
2023-03-03,2023-01-31,79.68,67.06802368164062,53.88425064086914,57.09682846069336,61.54951477050781,67.06802368164062,72.76567077636719,77.3260726928711,80.6318359375
2023-03-06,2023-02-01,80.46,65.31666564941406,51.044410705566406,54.549888610839844,59.382415771484375,65.31666564941406,71.38835906982422,76.10054016113281,79.4784927368164
2023-03-07,2023-02-02,77.58,64.42435455322266,49.728302001953125,53.322532653808594,58.27666091918945,64.42435455322266,70.64692687988281,75.2975082397461,78.59563446044922
2023-03-08,2023-02-03,76.66,60.11133575439453,44.88213348388672,48.565704345703125,53.6342658996582,60.11133575439453,66.8529281616211,71.6919937133789,75.11031341552734
2023-03-09,2023-02-06,75.72,64.36332702636719,48.48222732543945,52.43806076049805,57.860496520996094,64.36332702636719,70.7822265625,75.67279052734375,79.15799713134766
2023-03-10,2023-02-07,76.68,64.6048583984375,47.48780059814453,51.74774169921875,57.551361083984375,64.6048583984375,71.47041320800781,76.36126708984375,79.83539581298828
2023-03-13,2023-02-08,74.8,63.954612731933594,45.643714904785156,50.22492218017578,56.447906494140625,63.954612731933594,71.20621490478516,76.12847137451172,79.5874252319336
2023-03-14,2023-02-09,71.33,68.62630462646484,50.200836181640625,55.013404846191406,61.4978141784668,68.62630462646484,75.25212860107422,80.0605239868164,83.45531463623047
2023-03-15,2023-02-10,67.61,75.72733306884766,59.08854675292969,63.551551818847656,69.52479553222656,75.72733306884766,81.50248718261719,85.98666381835938,89.18148040771484
2023-03-16,2023-02-13,68.35,69.25116729736328,51.50006866455078,56.0103645324707,62.137611389160156,69.25116729736328,76.06250762939453,80.90858459472656,84.32040405273438
2023-03-17,2023-02-14,66.74,66.10787200927734,48.970802307128906,53.24199676513672,59.06622314453125,66.10787200927734,73.14413452148438,78.06171417236328,81.5094985961914
2023-03-20,2023-02-15,67.64,69.5420913696289,51.783660888671875,56.320335388183594,62.484886169433594,69.5420913696289,76.30276489257812,81.17741394042969,84.59571838378906
2023-03-21,2023-02-16,69.33,71.96223449707031,56.067298889160156,60.14835739135742,65.70220947265625,71.96223449707031,77.88056945800781,82.21217346191406,85.24980926513672
2023-03-22,2023-02-17,70.9,67.77921295166016,53.0490608215332,56.69945526123047,61.72754669189453,67.77921295166016,73.9205093383789,78.52136993408203,81.76734924316406
2023-03-23,2023-02-21,69.96,67.89459991455078,54.636810302734375,57.867958068847656,62.338924407958984,67.89459991455078,73.73544311523438,78.38340759277344,81.70433044433594
2023-03-24,2023-02-22,69.26,62.39067840576172,48.760955810546875,52.13151550292969,56.78116226196289,62.39067840576172,68.18231201171875,72.5837173461914,75.69275665283203
2023-03-27,2023-02-23,72.81,64.19711303710938,50.658050537109375,54.02463912963867,58.64970016479492,64.19711303710938,69.96617126464844,74.40259552001953,77.5558853149414
2023-03-28,2023-02-24,73.2,68.68891143798828,54.11127471923828,57.797454833984375,62.821414947509766,68.68891143798828,74.50577545166016,79.00318908691406,82.19735717773438
2023-03-29,2023-02-27,72.97,68.15187072753906,53.690574645996094,57.32924270629883,62.30420684814453,68.15187072753906,73.87214660644531,78.25357818603516,81.3510513305664
2023-03-30,2023-02-28,74.37,68.74333190917969,53.23529052734375,57.20973205566406,62.601158142089844,68.74333190917969,74.68389892578125,79.11676788330078,82.23982238769531
2023-03-31,2023-03-01,75.67,72.42205047607422,57.73359680175781,61.595863342285156,66.79690551757812,72.42205047607422,77.66047668457031,81.62692260742188,84.43582153320312
2023-04-03,2023-03-02,80.42,73.09967803955078,57.857635498046875,61.943145751953125,67.41145324707031,73.09967803955078,78.33727264404297,82.30030822753906,85.1095199584961
2023-04-04,2023-03-03,80.71,76.02545928955078,60.584442138671875,64.79081726074219,70.39250183105469,76.02545928955078,81.25489807128906,85.24354553222656,88.08040618896484
2023-04-05,2023-03-06,80.61,80.59440612792969,67.19351959228516,70.9228744506836,75.84654235839844,80.59440612792969,85.12448120117188,88.70063781738281,91.26866149902344
2023-04-06,2023-03-07,80.7,79.86839294433594,66.5272445678711,70.25621795654297,75.18058013916016,79.86839294433594,84.37521362304688,88.08397674560547,90.7602767944336
2023-04-10,2023-03-08,79.74,75.14495849609375,59.42414093017578,63.67504119873047,69.36659240722656,75.14495849609375,80.40788269042969,84.4559326171875,87.32550048828125
2023-04-11,2023-03-09,81.53,72.72704315185547,57.553794860839844,61.49924087524414,66.84354400634766,72.72704315185547,78.19248962402344,82.36141204833984,85.3116683959961
2023-04-12,2023-03-10,83.26,75.77432250976562,60.243431091308594,64.37858581542969,69.94312286376953,75.77432250976562,81.0722885131836,85.12657928466797,87.99988555908203
2023-04-13,2023-03-13,82.16,74.00004577636719,59.590415954589844,63.37967300415039,68.50230407714844,74.00004577636719,79.08024597167969,82.96724700927734,85.71379089355469
2023-04-14,2023-03-14,82.52,66.74691009521484,51.71440887451172,55.477108001708984,60.63822937011719,66.74691009521484,72.67373657226562,77.20179748535156,80.39382934570312
2023-04-17,2023-03-15,80.83,62.62274169921875,47.576316833496094,51.29135513305664,56.401084899902344,62.62274169921875,68.95305633544922,73.931640625,77.47230529785156
2023-04-18,2023-03-16,80.86,62.907432556152344,45.938926696777344,50.235416412353516,56.09360885620117,62.907432556152344,69.43363952636719,74.4145736694336,77.94375610351562
2023-04-19,2023-03-17,79.16,61.755027770996094,45.848388671875,49.86207962036133,55.35894012451172,61.755027770996094,68.0351333618164,72.96357727050781,76.46853637695312
2023-04-20,2023-03-20,77.29,65.98807525634766,49.763729095458984,53.928932189941406,59.59690856933594,65.98807525634766,72.2354736328125,77.33480834960938,80.98944854736328
2023-04-21,2023-03-21,77.87,67.50303649902344,51.227813720703125,55.401161193847656,61.07972717285156,67.50303649902344,73.78860473632812,78.85376739501953,82.47264862060547
2023-04-24,2023-03-22,78.76,68.56749725341797,51.704429626464844,56.08875274658203,62.020751953125,68.56749725341797,74.92567443847656,80.04627990722656,83.70946502685547
2023-04-25,2023-03-23,77.07,67.66299438476562,50.585445404052734,55.1328125,61.24164581298828,67.66299438476562,73.7919921875,78.74606323242188,82.28352355957031
2023-04-26,2023-03-24,74.3,67.85033416748047,51.36255645751953,55.78947067260742,61.720279693603516,67.85033416748047,73.73641204833984,78.54177856445312,81.98188018798828
2023-04-27,2023-03-27,74.76,72.21086120605469,54.406951904296875,59.270572662353516,65.74227142333984,72.21086120605469,78.43748474121094,83.3313217163086,86.80599975585938
2023-04-28,2023-03-28,76.78,74.8919906616211,58.786033630371094,63.23737335205078,69.12368774414062,74.8919906616211,80.51302337646484,85.09249877929688,88.37398529052734
2023-05-01,2023-03-29,75.66,75.34730529785156,58.91767883300781,63.46150207519531,69.47630310058594,75.34730529785156,81.09545135498047,85.84829711914062,89.25587463378906
2023-05-02,2023-03-30,71.66,75.35444641113281,59.10194396972656,63.43140411376953,69.24168395996094,75.35444641113281,81.26539611816406,86.0550308227539,89.47940063476562
2023-05-03,2023-03-31,68.6,75.37066650390625,59.959197998046875,63.95436096191406,69.35855102539062,75.37066650390625,81.24211120605469,86.02713012695312,89.45618438720703
2023-05-04,2023-04-03,68.56,82.20883178710938,66.51393127441406,70.73358154296875,76.34848022460938,82.20883178710938,88.1612548828125,93.01345825195312,96.4974136352539
2023-05-05,2023-04-04,71.34,81.92193603515625,68.12820434570312,71.78516387939453,76.68707275390625,81.92193603515625,87.2613525390625,91.65892791748047,94.83415985107422
2023-05-08,2023-04-05,73.16,77.17371368408203,60.48236083984375,64.76254272460938,70.58638000488281,77.17371368408203,83.58492279052734,88.81551361083984,92.58295440673828
2023-05-09,2023-04-06,73.71,76.21077728271484,59.97515106201172,63.97571563720703,69.49935913085938,76.21077728271484,82.80357360839844,88.213623046875,92.12311553955078
2023-05-10,2023-04-10,72.56,75.13188934326172,58.07959747314453,62.30386734008789,68.1246566772461,75.13188934326172,81.90406799316406,87.28799438476562,91.14825439453125
2023-05-11,2023-04-11,70.87,77.0495376586914,59.692283630371094,63.961605072021484,69.84800720214844,77.0495376586914,84.13078308105469,89.90190887451172,94.0622787475586
2023-05-12,2023-04-12,70.04,81.17707824707031,63.52557373046875,67.99195098876953,74.0945816040039,81.17707824707031,88.21710968017578,94.03870391845703,98.23564147949219
2023-05-15,2023-04-13,71.11,79.3782730102539,62.18836975097656,66.51812744140625,72.44007873535156,79.3782730102539,86.3882827758789,92.08380126953125,96.15735626220703
2023-05-16,2023-04-14,70.86,78.2717514038086,60.181541442871094,64.78341674804688,71.06474304199219,78.2717514038086,85.3121109008789,91.00582122802734,95.07431030273438
2023-05-17,2023-04-17,72.83,77.18042755126953,59.604339599609375,64.22368621826172,70.4549560546875,77.18042755126953,83.62815856933594,88.66092681884766,92.2186050415039
2023-05-18,2023-04-18,71.86,78.90005493164062,62.776512145996094,67.09516906738281,72.88243103027344,78.90005493164062,84.67927551269531,89.23966217041016,92.478515625
2023-05-19,2023-04-19,71.55,78.54376220703125,61.42002868652344,66.1759033203125,72.46868133544922,78.54376220703125,84.2997055053711,88.70182037353516,91.80262756347656
2023-05-22,2023-04-20,71.99,78.7201156616211,62.118186950683594,66.7099380493164,72.78889465332031,78.7201156616211,84.41384887695312,88.89183807373047,92.05972290039062
2023-05-23,2023-04-21,72.91,76.96184539794922,58.751914978027344,63.84198760986328,70.55596923828125,76.96184539794922,83.15438842773438,88.10783386230469,91.63477325439453
2023-05-24,2023-04-24,74.34,79.88714599609375,62.87946319580078,67.57913208007812,73.79588317871094,79.88714599609375,85.88461303710938,90.71633911132812,94.18087768554688
2023-05-25,2023-04-25,71.83,78.00248718261719,61.497467041015625,65.9833755493164,71.95366668701172,78.00248718261719,83.90464782714844,88.65335083007812,92.04017639160156
2023-05-26,2023-04-26,72.67,77.72635650634766,61.28059387207031,65.77693939208984,71.75312805175781,77.72635650634766,83.44141387939453,88.19617462158203,91.61582946777344
2023-05-30,2023-04-27,69.46,76.6201400756836,61.92152404785156,65.85702514648438,71.12806701660156,76.6201400756836,81.86677551269531,86.22039031982422,89.35161590576172
2023-05-31,2023-04-28,68.09,75.97889709472656,58.53460693359375,63.194976806640625,69.45012664794922,75.97889709472656,82.027099609375,86.89005279541016,90.36756896972656
2023-06-01,2023-05-01,70.1,74.4815902709961,58.205039978027344,62.387168884277344,68.08450317382812,74.4815902709961,80.5961685180664,85.70978546142578,89.40472412109375
2023-06-02,2023-05-02,71.74,71.08934020996094,51.441497802734375,56.54106903076172,63.46921920776367,71.08934020996094,78.1048355102539,83.75453186035156,87.79792022705078
2023-06-05,2023-05-03,72.15,66.69029235839844,47.30677032470703,52.30393981933594,59.09580993652344,66.69029235839844,73.924072265625,79.72461700439453,83.8645248413086
2023-06-06,2023-05-04,71.74,65.99838256835938,46.48068618774414,51.56843566894531,58.45738983154297,65.99838256835938,73.21775817871094,79.06504821777344,83.25161743164062
2023-06-07,2023-05-05,72.53,64.30835723876953,44.582332611083984,49.62378692626953,56.485443115234375,64.30835723876953,72.24415588378906,78.32735443115234,82.62657165527344
2023-06-08,2023-05-08,71.29,67.51921081542969,48.509735107421875,53.457130432128906,60.14207458496094,67.51921081542969,74.84734344482422,80.54202270507812,84.55306243896484
2023-06-09,2023-05-09,70.17,70.28802490234375,51.927345275878906,56.92003631591797,63.56792068481445,70.28802490234375,76.81309509277344,81.87361145019531,85.43954467773438
2023-06-12,2023-05-10,67.12,71.70294189453125,55.30083465576172,59.822200775146484,65.81385040283203,71.70294189453125,77.38377380371094,81.85139465332031,85.01670837402344
2023-06-13,2023-05-11,69.42,68.68854522705078,49.908905029296875,55.232826232910156,62.225196838378906,68.68854522705078,74.81822204589844,79.49105834960938,82.76905822753906
2023-06-14,2023-05-12,68.27,67.70915222167969,46.980308532714844,52.80284118652344,60.48529052734375,67.70915222167969,74.55879974365234,79.99580383300781,83.84033203125
2023-06-15,2023-05-15,70.62,65.15670776367188,43.57027053833008,49.628456115722656,57.62287139892578,65.15670776367188,72.34695434570312,78.0195541381836,82.034423828125
2023-06-16,2023-05-16,71.78,68.67704772949219,49.81639862060547,55.055763244628906,61.98662567138672,68.67704772949219,75.2269058227539,80.47466278076172,84.21269226074219
2023-06-20,2023-05-17,70.5,71.83281707763672,53.76951599121094,58.765411376953125,65.38249969482422,71.83281707763672,78.06312561035156,82.92257690429688,86.36446380615234
2023-06-21,2023-05-18,72.53,73.58433532714844,56.310325622558594,61.125831604003906,67.4783935546875,73.58433532714844,79.36759948730469,84.01270294189453,87.32312774658203
2023-06-22,2023-05-19,69.51,73.61607360839844,59.370201110839844,63.30219650268555,68.5074462890625,73.61607360839844,78.51351928710938,82.560302734375,85.46192169189453
2023-06-23,2023-05-22,69.16,73.83871459960938,58.836700439453125,62.97666549682617,68.4697265625,73.83871459960938,79.04656982421875,83.348388671875,86.43793487548828
2023-06-26,2023-05-23,69.37,74.85589599609375,60.66179656982422,64.4649429321289,69.57144927978516,74.85589599609375,80.16566467285156,84.66941833496094,87.92284393310547
2023-06-27,2023-05-24,67.7,76.12847137451172,60.83043670654297,65.02799987792969,70.607421875,76.12847137451172,81.59953308105469,85.98231506347656,89.12744140625
2023-06-28,2023-05-25,69.56,72.11538696289062,55.20222473144531,59.743247985839844,65.83699798583984,72.11538696289062,78.15882873535156,83.04248046875,86.5307388305664
2023-06-29,2023-05-26,69.86,71.06686401367188,55.36102294921875,59.5230827331543,65.13300323486328,71.06686401367188,76.84767150878906,81.5679931640625,84.95783233642578
2023-06-30,2023-05-30,70.64,62.24120330810547,44.007652282714844,48.761627197265625,55.192264556884766,62.24120330810547,68.95013427734375,74.03775787353516,77.63339233398438
2023-07-03,2023-05-31,69.79,59.94734191894531,40.89484405517578,45.92170715332031,52.69568634033203,59.94734191894531,66.88677215576172,72.20648956298828,75.95734405517578
2023-07-05,2023-06-01,71.79,62.77661895751953,42.590538024902344,48.15579605102539,55.539344787597656,62.77661895751953,69.65080261230469,74.89688873291016,78.57862854003906
2023-07-06,2023-06-02,71.8,69.7064437866211,51.337646484375,56.463233947753906,63.228431701660156,69.7064437866211,75.76811218261719,80.51190185546875,83.86651611328125
2023-07-07,2023-06-05,73.86,65.4722900390625,43.47503662109375,49.772308349609375,58.023475646972656,65.4722900390625,71.88522338867188,76.60932922363281,79.92701721191406
2023-07-10,2023-06-06,72.99,65.30176544189453,42.76839065551758,49.07049560546875,57.41028594970703,65.30176544189453,72.1629638671875,77.38194274902344,81.07971954345703
2023-07-11,2023-06-07,74.83,64.18574523925781,41.23611068725586,47.72085189819336,56.26862335205078,64.18574523925781,71.17975616455078,76.40917205810547,80.10472869873047
2023-07-12,2023-06-08,75.75,64.96680450439453,43.638824462890625,49.61480712890625,57.51658630371094,64.96680450439453,71.73396301269531,76.87773895263672,80.5399169921875
2023-07-13,2023-06-09,76.89,67.1297378540039,46.674137115478516,52.38371276855469,59.95771026611328,67.1297378540039,73.59392547607422,78.78585052490234,82.51271057128906
2023-07-14,2023-06-12,75.42,68.49374389648438,48.39500427246094,53.96247863769531,61.36221694946289,68.49374389648438,75.0100326538086,80.49531555175781,84.45004272460938
2023-07-17,2023-06-13,74.15,71.46067810058594,56.633819580078125,60.661773681640625,66.04486083984375,71.46067810058594,76.70784759521484,81.21659088134766,84.48857116699219
2023-07-18,2023-06-14,75.75,70.1150894165039,54.529869079589844,58.73965835571289,64.38069152832031,70.1150894165039,75.67170715332031,80.42469787597656,83.86880493164062
2023-07-19,2023-06-15,75.35,71.79603576660156,58.18750762939453,61.75868606567383,66.58660125732422,71.79603576660156,76.97186279296875,81.50325775146484,84.8038101196289
2023-07-20,2023-06-16,75.63,73.99110412597656,61.02178955078125,64.45441436767578,69.07785034179688,73.99110412597656,78.98660278320312,83.29606628417969,86.44019317626953
2023-07-21,2023-06-20,77.07,72.85498809814453,59.07020568847656,62.707183837890625,67.61373138427734,72.85498809814453,78.3088607788086,83.03192901611328,86.47318267822266
2023-07-24,2023-06-21,78.74,74.11626434326172,60.875282287597656,64.39427185058594,69.12925720214844,74.11626434326172,79.37874603271484,83.99388122558594,87.37722778320312
2023-07-25,2023-06-22,79.63,69.49116516113281,53.88190460205078,58.035423278808594,63.63679885864258,69.49116516113281,75.3800048828125,80.3811264038086,84.02538299560547
2023-07-26,2023-06-23,78.78,69.11196899414062,52.83446502685547,57.257537841796875,63.174747467041016,69.11196899414062,74.98887634277344,79.97219848632812,83.58894348144531
2023-07-27,2023-06-26,80.09,68.40483093261719,52.17069625854492,56.65521240234375,62.62628936767578,68.40483093261719,73.98760986328125,78.67284393310547,82.06087493896484
2023-07-28,2023-06-27,80.58,67.44583129882812,49.79426193237305,54.653865814208984,61.130523681640625,67.44583129882812,73.51480102539062,78.62060546875,82.30024719238281
2023-07-31,2023-06-28,81.8,68.58773040771484,50.28889846801758,55.433990478515625,62.24111557006836,68.58773040771484,74.54821014404297,79.32917022705078,82.74229431152344
2023-08-01,2023-06-29,81.37,70.1117172241211,53.64958953857422,58.216102600097656,64.28412628173828,70.1117172241211,75.72323608398438,80.58078002929688,84.11544799804688
2023-08-02,2023-06-30,79.49,70.5833740234375,55.9934196472168,59.99396514892578,65.32585906982422,70.5833740234375,75.86567687988281,80.5298080444336,83.93866729736328
2023-08-03,2023-07-03,81.55,70.32968139648438,56.1312255859375,59.96368408203125,65.10513305664062,70.32968139648438,75.63525390625,80.36349487304688,83.8357162475586
2023-08-04,2023-07-05,82.82,72.51258087158203,58.492103576660156,62.29621124267578,67.38870239257812,72.51258087158203,77.7285385131836,82.27882385253906,85.604736328125
2023-08-07,2023-07-06,81.94,72.76573181152344,58.72223663330078,62.567848205566406,67.69548034667969,72.76573181152344,77.94515991210938,82.51778411865234,85.87310028076172
2023-08-08,2023-07-07,82.92,74.93307495117188,62.632652282714844,65.96358489990234,70.41310119628906,74.93307495117188,79.66458129882812,83.9275131225586,87.07722473144531
2023-08-09,2023-07-10,84.4,74.42081451416016,61.27666473388672,64.85266876220703,69.62405395507812,74.42081451416016,79.40072631835938,83.97758483886719,87.37013244628906
2023-08-10,2023-07-11,82.82,76.59593200683594,63.48406982421875,66.97579956054688,71.66439056396484,76.59593200683594,81.78317260742188,86.56229400634766,90.09992218017578
2023-08-11,2023-07-12,83.19,78.50691223144531,65.81320190429688,69.1646957397461,73.67735290527344,78.50691223144531,83.69031524658203,88.33677673339844,91.7605972290039
2023-08-14,2023-07-13,82.51,79.11241912841797,66.05965423583984,69.4688720703125,74.07652282714844,79.11241912841797,84.62952423095703,89.58190155029297,93.2300796508789
2023-08-15,2023-07-14,80.99,77.03968048095703,63.81822967529297,67.29134368896484,71.98401641845703,77.03968048095703,82.43125915527344,87.38771057128906,91.04240417480469
2023-08-16,2023-07-17,79.38,76.08235168457031,62.351646423339844,65.96726989746094,70.84803771972656,76.08235168457031,81.60197448730469,86.57860565185547,90.2276382446289
2023-08-17,2023-07-18,80.39,77.45535278320312,63.66215515136719,67.32549285888672,72.248046875,77.45535278320312,83.02738952636719,88.00643920898438,91.65799713134766
2023-08-18,2023-07-19,81.25,76.921142578125,62.932037353515625,66.69502258300781,71.7395248413086,76.921142578125,82.32401275634766,87.17745971679688,90.7331314086914
2023-08-21,2023-07-20,80.72,77.361083984375,63.14745330810547,67.00934600830078,72.16030883789062,77.361083984375,82.72437286376953,87.6078109741211,91.19588470458984
2023-08-22,2023-07-21,80.35,79.35834503173828,66.58021545410156,70.05118560791016,74.67766571044922,79.35834503173828,84.18710327148438,88.45185089111328,91.56536102294922
2023-08-23,2023-07-24,78.89,82.12709045410156,70.17205047607422,73.3394546508789,77.59809875488281,82.12709045410156,87.07353210449219,91.6365966796875,95.01087951660156
2023-08-24,2023-07-25,79.05,82.50325775146484,70.52864074707031,73.7064437866211,77.97494506835938,82.50325775146484,87.5721206665039,92.12722778320312,95.48445129394531
2023-08-25,2023-07-26,79.83,81.6167984008789,69.86140441894531,72.9853515625,77.18154907226562,81.6167984008789,86.47927856445312,90.73355865478516,93.86145782470703
2023-08-28,2023-07-27,80.1,83.91787719726562,72.60216522216797,75.57550048828125,79.58346557617188,83.91787719726562,88.65432739257812,92.72671508789062,95.70244598388672
2023-08-29,2023-07-28,81.16,84.33088684082031,73.03312683105469,76.02253723144531,80.04229736328125,84.33088684082031,89.00959777832031,93.01226043701172,95.94090270996094
2023-08-30,2023-07-31,81.63,84.36663818359375,73.68960571289062,76.48982238769531,80.26748657226562,84.36663818359375,88.87501525878906,92.77326965332031,95.6303939819336
2023-08-31,2023-08-01,83.63,84.68733978271484,73.11774444580078,76.15922546386719,80.25704193115234,84.68733978271484,89.49568176269531,93.73466491699219,96.84280395507812
2023-09-01,2023-08-02,85.55,83.46186828613281,71.0995101928711,74.33551025390625,78.7020034790039,83.46186828613281,88.48175048828125,92.94915008544922,96.219970703125
2023-09-05,2023-08-03,86.69,85.07536315917969,73.34082794189453,76.37434387207031,80.48272705078125,85.07536315917969,90.06913757324219,94.36483001708984,97.49142456054688
2023-09-06,2023-08-04,87.54,85.69036102294922,73.64065551757812,76.77296447753906,81.00521850585938,85.69036102294922,90.92147827148438,95.43299102783203,98.72615814208984
2023-09-07,2023-08-07,86.87,84.0269546508789,71.53361511230469,74.79254150390625,79.19241333007812,84.0269546508789,89.34603118896484,94.02940368652344,97.4532241821289
2023-09-08,2023-08-08,87.51,85.96619415283203,73.79025268554688,76.97252655029297,81.26615905761719,85.96619415283203,91.14988708496094,95.59207916259766,98.82243347167969
2023-09-11,2023-08-09,87.29,87.69454956054688,75.53404235839844,78.70148468017578,82.98216247558594,87.69454956054688,92.97041320800781,97.38157653808594,100.59135437011719
2023-09-12,2023-08-10,88.84,86.251708984375,73.94317626953125,77.19000244140625,81.55973815917969,86.251708984375,91.43550109863281,95.92610168457031,99.2059326171875
2023-09-13,2023-08-11,88.52,86.54580688476562,74.22831726074219,77.50847625732422,81.90711212158203,86.54580688476562,91.59736633300781,96.11553955078125,99.4352798461914
2023-09-14,2023-08-14,90.16,86.33856201171875,75.37955474853516,78.30879211425781,82.23280334472656,86.33856201171875,90.78536987304688,94.71985626220703,97.6010513305664
2023-09-15,2023-08-15,90.77,85.18572998046875,73.59504699707031,76.67717742919922,80.8111572265625,85.18572998046875,89.88239288330078,94.14103698730469,97.27755737304688
2023-09-18,2023-08-16,91.48,82.30442810058594,70.37913513183594,73.51720428466797,77.73907470703125,82.30442810058594,87.17256927490234,91.48878479003906,94.6469497680664
2023-09-19,2023-08-17,91.2,83.67383575439453,72.98445892333984,75.76407623291016,79.51583099365234,83.67383575439453,88.14434814453125,92.03044891357422,94.86136627197266
2023-09-20,2023-08-18,90.28,85.57743835449219,75.61711883544922,78.20419311523438,81.69882202148438,85.57743835449219,89.74314880371094,93.279541015625,95.842529296875
2023-09-21,2023-08-21,89.63,84.67607879638672,74.79308319091797,77.38634490966797,80.87306213378906,84.67607879638672,88.74650573730469,92.15359497070312,94.61170196533203
2023-09-22,2023-08-22,90.03,83.6610336303711,74.0254898071289,76.57722473144531,79.99696350097656,83.6610336303711,87.62161254882812,91.11042785644531,93.66287231445312
2023-09-25,2023-08-23,89.68,82.45933532714844,70.77416229248047,73.85749816894531,78.00407409667969,82.45933532714844,87.16165161132812,91.2874755859375,94.30297088623047
2023-09-26,2023-08-24,90.39,82.32415008544922,69.79315948486328,73.09162139892578,77.53060913085938,82.32415008544922,87.3790512084961,92.00028228759766,95.41986083984375
2023-09-27,2023-08-25,93.68,82.04425811767578,69.97724914550781,73.14405822753906,77.4054946899414,82.04425811767578,86.95375061035156,91.36417388916016,94.60791015625
2023-09-28,2023-08-28,91.71,81.46907806396484,69.80508422851562,72.85430908203125,76.96195983886719,81.46907806396484,86.23973083496094,90.53575134277344,93.70352935791016
2023-09-29,2023-08-29,90.79,82.50565338134766,70.80694580078125,73.87004852294922,77.99531555175781,82.50565338134766,87.32870483398438,91.78538513183594,95.09668731689453
2023-10-02,2023-08-30,88.82,83.53548431396484,72.8013916015625,75.59638214111328,79.36604309082031,83.53548431396484,88.03465270996094,92.11016845703125,95.1261978149414
2023-10-03,2023-08-31,89.23,85.16403198242188,74.30684661865234,77.11691284179688,80.9113998413086,85.16403198242188,89.8655776977539,94.03402709960938,97.11595153808594
2023-10-04,2023-09-01,84.22,87.7695541381836,76.82733917236328,79.64619445800781,83.46460723876953,87.7695541381836,92.64889526367188,97.08312225341797,100.37643432617188
2023-10-05,2023-09-05,82.31,89.24223327636719,78.1851577758789,81.03807067871094,84.90675354003906,89.24223327636719,94.1131362915039,98.55277252197266,101.8430404663086
2023-10-06,2023-09-06,82.79,91.00458526611328,80.94495391845703,83.51685333251953,87.01618957519531,91.00458526611328,95.54896545410156,99.572021484375,102.52777099609375
2023-10-09,2023-09-07,86.38,89.59741973876953,78.41251373291016,81.26683807373047,85.15229797363281,89.59741973876953,94.60905456542969,99.22102355957031,102.63256072998047
2023-10-10,2023-09-08,85.97,89.8031005859375,78.05509948730469,81.0261459350586,85.08151245117188,89.8031005859375,95.17910766601562,100.0447769165039,103.62725830078125
2023-10-11,2023-09-11,83.49,89.16964721679688,78.14288330078125,80.91580200195312,84.70413208007812,89.16964721679688,94.25155639648438,98.69003295898438,101.9240493774414
2023-10-12,2023-09-12,82.91,91.87525939941406,81.06843566894531,83.75585174560547,87.44416809082031,91.87525939941406,96.9634780883789,101.36909484863281,104.58666229248047
2023-10-13,2023-09-13,87.69,90.675537109375,79.93428802490234,82.65707397460938,86.36970520019531,90.675537109375,95.64962768554688,100.01018524169922,103.21066284179688
2023-10-16,2023-09-14,86.66,92.52455139160156,81.73078155517578,84.4672622680664,88.19898223876953,92.52455139160156,97.566162109375,101.98955535888672,105.2276840209961
2023-10-17,2023-09-15,86.66,94.08673095703125,82.19407653808594,85.2503433227539,89.39928436279297,94.08673095703125,99.4767837524414,104.16769409179688,107.59294891357422
2023-10-18,2023-09-18,88.32,94.79651641845703,82.25141143798828,85.4771957397461,89.85914611816406,94.79651641845703,100.33464050292969,105.15330505371094,108.67408752441406
2023-10-19,2023-09-19,89.37,93.78279113769531,81.0210952758789,84.31532287597656,88.78471374511719,93.78279113769531,99.30354309082031,104.00841522216797,107.4267807006836
2023-10-20,2023-09-20,88.75,91.11992645263672,78.2693099975586,81.56538391113281,86.04116821289062,91.11992645263672,96.61803436279297,101.2674560546875,104.64009857177734
2023-10-23,2023-09-21,85.49,90.33393096923828,77.31596374511719,80.6667251586914,85.210693359375,90.33393096923828,95.91149139404297,100.78334045410156,104.3400650024414
2023-10-24,2023-09-22,83.74,90.87242126464844,78.64808654785156,81.79136657714844,86.05152893066406,90.87242126464844,96.14938354492188,100.71453094482422,104.036376953125
2023-10-25,2023-09-25,85.39,90.02085876464844,77.80928039550781,80.97889709472656,85.2603759765625,90.02085876464844,95.16510009765625,99.644775390625,102.90914916992188
2023-10-26,2023-09-26,83.21,91.62580871582031,79.52677154541016,82.67860412597656,86.93307495117188,91.62580871582031,96.7947998046875,101.46575927734375,104.9057846069336
2023-10-27,2023-09-27,85.54,95.4599838256836,83.42643737792969,86.5086898803711,90.69200897216797,95.4599838256836,100.81784057617188,105.47476196289062,108.88516235351562
2023-10-30,2023-09-28,82.31,94.09135437011719,82.81385040283203,85.7331314086914,89.68006896972656,94.09135437011719,99.02618408203125,103.35961151123047,106.53532409667969
2023-10-31,2023-09-29,81.02,93.38582611083984,80.82373809814453,84.112060546875,88.54908752441406,93.38582611083984,98.71475219726562,103.63494873046875,107.27696990966797
2023-11-01,2023-10-02,80.44,90.95144653320312,78.05652618408203,81.3901596069336,85.90797424316406,90.95144653320312,96.53132629394531,101.67051696777344,105.46136474609375
2023-11-02,2023-10-03,82.46,90.53353881835938,77.76423645019531,81.04676818847656,85.50152587890625,90.53353881835938,96.0909423828125,101.09376525878906,104.76100158691406
2023-11-03,2023-10-04,80.51,86.414794921875,73.26084899902344,76.62610626220703,81.20794677734375,86.414794921875,91.97234344482422,96.75332641601562,100.21678161621094
2023-11-06,2023-10-05,80.82,83.39706420898438,69.76566314697266,73.2740249633789,78.03839111328125,83.39706420898438,89.09547424316406,94.14453125,97.83074188232422
2023-11-07,2023-10-06,77.37,83.5005874633789,70.1175537109375,73.58609771728516,78.28045654296875,83.5005874633789,89.10260772705078,94.18441772460938,97.91939544677734
2023-11-08,2023-10-09,75.33,87.81126403808594,74.87535858154297,78.19134521484375,82.6905517578125,87.81126403808594,93.42698669433594,98.22501373291016,101.70848083496094
2023-11-09,2023-10-10,75.74,87.20807647705078,74.44297790527344,77.72113800048828,82.16690063476562,87.20807647705078,92.69200134277344,97.52279663085938,101.04781341552734
2023-11-10,2023-10-11,77.17,84.81734466552734,71.8343505859375,75.19215393066406,79.7384262084961,84.81734466552734,90.21694946289062,94.96757507324219,98.43600463867188
2023-11-13,2023-10-12,78.26,83.35906982421875,70.54327392578125,73.86421203613281,78.35916137695312,83.35906982421875,88.73150634765625,93.54020690917969,97.0621566772461
2023-11-14,2023-10-13,78.26,88.47865295410156,75.32335662841797,78.7229995727539,83.32637786865234,88.47865295410156,94.12893676757812,99.21087646484375,102.95420837402344
2023-11-15,2023-10-16,76.66,87.48197174072266,74.47669982910156,77.83866882324219,82.39144897460938,87.48197174072266,92.98338317871094,97.88675689697266,101.48857879638672
2023-11-16,2023-10-17,72.9,87.42911529541016,74.07567596435547,77.5409164428711,82.22573852539062,87.42911529541016,93.01632690429688,98.03517150878906,101.72701263427734
2023-11-17,2023-10-18,75.89,89.49437713623047,76.7314682006836,80.0201187133789,84.47502899169922,89.49437713623047,95.07028198242188,100.20948791503906,104.01177215576172
2023-11-20,2023-10-19,77.6,90.82172393798828,78.85115814208984,81.89993286132812,86.04417419433594,90.82172393798828,96.20587158203125,101.11375427246094,104.74130249023438
2023-11-21,2023-10-20,77.77,90.92801666259766,79.09768676757812,82.13590240478516,86.25473022460938,90.92801666259766,96.18354797363281,101.0215835571289,104.60923767089844
2023-11-22,2023-10-23,77.1,88.47676849365234,75.42628479003906,78.81067657470703,83.38945007324219,88.47676849365234,94.00804138183594,99.16287994384766,102.98560333251953
2023-11-24,2023-10-24,75.54,87.16675567626953,73.5619888305664,77.08940124511719,81.86520385742188,87.16675567626953,92.89439392089844,98.17774963378906,102.07583618164062
2023-11-27,2023-10-25,74.86,87.98382568359375,75.18701171875,78.48851013183594,82.97193908691406,87.98382568359375,93.54267883300781,98.76759338378906,102.6500473022461
2023-11-28,2023-10-26,76.41,85.47805786132812,71.79020690917969,75.36538696289062,80.2083511352539,85.47805786132812,91.21611785888672,96.43937683105469,100.30281066894531
2023-11-29,2023-10-27,77.86,86.64118957519531,73.3829116821289,76.79596710205078,81.43669891357422,86.64118957519531,92.34290313720703,97.55146789550781,101.42150115966797
2023-11-30,2023-10-30,75.96,83.53364562988281,70.25517272949219,73.7121810913086,78.39408874511719,83.53364562988281,88.998291015625,93.97840118408203,97.66739654541016
2023-12-01,2023-10-31,74.07,82.29638671875,68.77555847167969,72.25448608398438,76.98406982421875,82.29638671875,87.98423767089844,93.24237823486328,97.127197265625
2023-12-04,2023-11-01,73.04,81.97042846679688,68.96018981933594,72.29991912841797,76.84859466552734,81.97042846679688,87.47883605957031,92.7151107788086,96.59676361083984
2023-12-05,2023-11-02,72.32,84.26625061035156,71.79421997070312,75.0101547241211,79.37152099609375,84.26625061035156,89.56759643554688,94.48362731933594,98.11973571777344
2023-12-06,2023-11-03,69.38,81.45751953125,68.46217346191406,71.84938049316406,76.43003845214844,81.45751953125,86.82957458496094,91.93477630615234,95.72378540039062
2023-12-07,2023-11-06,69.34,81.547119140625,67.8115234375,71.4371109008789,76.32601928710938,81.547119140625,86.98428344726562,92.32914733886719,96.34030151367188
2023-12-08,2023-11-07,71.23,79.57048797607422,65.27337646484375,69.0307846069336,74.10066223144531,79.57048797607422,85.18634033203125,90.40059661865234,94.25594329833984
2023-12-11,2023-11-08,71.32,76.98094940185547,61.673484802246094,65.69085693359375,71.11444091796875,76.98094940185547,82.8602294921875,88.12889099121094,91.99357604980469
2023-12-12,2023-11-09,68.61,77.4227523803711,62.81416320800781,66.63362121582031,71.79379272460938,77.4227523803711,83.13648986816406,88.33038330078125,92.14921569824219
2023-12-13,2023-11-10,69.47,78.78353118896484,65.0448226928711,68.62605285644531,73.46711730957031,78.78353118896484,84.1768798828125,88.97624969482422,92.49816131591797
2023-12-14,2023-11-13,71.58,80.06900787353516,66.7341537475586,70.28298950195312,75.04486846923828,80.06900787353516,85.1305923461914,89.62254333496094,92.91725158691406
2023-12-15,2023-11-14,71.43,79.31555938720703,65.40056610107422,69.1099624633789,74.08772277832031,79.31555938720703,84.59457397460938,89.43110656738281,92.99958801269531
2023-12-18,2023-11-15,72.47,78.65531921386719,64.83901977539062,68.47761535644531,73.38095092773438,78.65531921386719,84.07039642333984,88.86941528320312,92.3685302734375
2023-12-19,2023-11-16,73.44,76.19625854492188,62.310150146484375,65.92835998535156,70.83567810058594,76.19625854492188,81.70584106445312,86.51238250732422,89.99955749511719
2023-12-20,2023-11-17,74.22,78.53782653808594,64.93653869628906,68.51419830322266,73.34309387207031,78.53782653808594,83.88227844238281,88.37867736816406,91.63423919677734
2023-12-21,2023-11-20,73.89,78.1221923828125,63.96607971191406,67.721435546875,72.7747802734375,78.1221923828125,83.66426849365234,88.32768249511719,91.72257995605469
2023-12-22,2023-11-21,73.56,77.81429290771484,64.14069366455078,67.75403594970703,72.6268310546875,77.81429290771484,83.09976959228516,87.50155639648438,90.69610595703125
2023-12-26,2023-11-22,75.57,77.36397552490234,63.594390869140625,67.16085052490234,72.00202941894531,77.36397552490234,82.91118621826172,87.72998046875,91.24207305908203
2023-12-27,2023-11-24,74.11,76.14378356933594,63.054283142089844,66.42176055908203,71.00846862792969,76.14378356933594,81.48634338378906,86.27395629882812,89.77497863769531
2023-12-28,2023-11-27,71.77,75.97236633300781,62.772132873535156,66.21805572509766,70.88616943359375,75.97236633300781,81.10633850097656,85.5502700805664,88.78394317626953
2023-12-29,2023-11-28,71.65,77.11212921142578,63.890159606933594,67.31087493896484,71.94960021972656,77.11212921142578,82.49934387207031,87.27752685546875,90.78153991699219
2024-01-02,2023-11-29,70.38,78.75627136230469,65.08771514892578,68.69707489013672,73.55586242675781,78.75627136230469,84.13096618652344,89.13478088378906,92.85504913330078
2024-01-03,2023-11-30,72.7,77.97483825683594,64.11952209472656,67.76025390625,72.67271423339844,77.97483825683594,83.38518524169922,88.2225112915039,91.78433990478516
2024-01-04,2023-12-01,72.19,75.36540985107422,61.30479431152344,64.98929595947266,69.96441650390625,75.36540985107422,80.81336975097656,85.7877197265625,89.4593734741211
2024-01-05,2023-12-04,73.81,74.20287322998047,60.74656677246094,64.24671936035156,68.98748779296875,74.20287322998047,79.50409698486328,84.35094451904297,87.92044830322266
2024-01-08,2023-12-05,70.77,72.98583221435547,59.60863494873047,63.088134765625,67.80227661132812,72.98583221435547,78.108642578125,82.65827178955078,85.9939193725586
2024-01-09,2023-12-06,72.24,71.17815399169922,55.95128631591797,59.999229431152344,65.44564819335938,71.17815399169922,76.48053741455078,81.0223388671875,84.31807708740234
2024-01-10,2023-12-07,71.37,70.00947570800781,54.91764831542969,58.918701171875,64.3076400756836,70.00947570800781,75.38095092773438,80.17821502685547,83.69989776611328
2024-01-11,2023-12-08,72.02,71.22140502929688,57.30870056152344,60.97539520263672,65.92008972167969,71.22140502929688,76.35305786132812,80.89389038085938,84.21990203857422
2024-01-12,2023-12-11,72.68,71.32858276367188,58.97865295410156,62.19114303588867,66.54710388183594,71.32858276367188,76.0792007446289,80.34486389160156,83.4776382446289
2024-01-16,2023-12-12,72.4,69.27174377441406,56.17695617675781,59.582969665527344,64.20411682128906,69.27174377441406,74.22122192382812,78.64505004882812,81.89324951171875
2024-01-17,2023-12-13,72.56,68.36285400390625,55.01734161376953,58.48296356201172,63.1902961730957,68.36285400390625,73.42205047607422,77.90168762207031,81.19404602050781
2024-01-18,2023-12-14,74.08,70.39453887939453,57.217132568359375,60.70515060424805,65.41148376464844,70.39453887939453,75.26528930664062,79.41785430908203,82.45085906982422
2024-01-19,2023-12-15,73.41,70.47710418701172,57.41454315185547,60.815277099609375,65.43414306640625,70.47710418701172,75.55545806884766,80.01466369628906,83.27750396728516
2024-01-22,2023-12-18,75.19,72.54460906982422,60.32220458984375,63.51140594482422,67.83465576171875,72.54460906982422,77.4093017578125,81.77348327636719,84.98725128173828
2024-01-23,2023-12-19,74.37,74.12706756591797,62.25758361816406,65.35466003417969,69.54875183105469,74.12706756591797,78.99130249023438,83.44557189941406,86.74661254882812
2024-01-24,2023-12-20,75.09,74.9521713256836,63.04918670654297,66.12801361083984,70.31005859375,74.9521713256836,79.9618148803711,84.59234619140625,88.02483367919922
2024-01-25,2023-12-21,77.36,74.50585174560547,62.688331604003906,65.72370910644531,69.8582763671875,74.50585174560547,79.5836181640625,84.68463134765625,88.53032684326172
2024-01-26,2023-12-22,78.01,74.87457275390625,63.256927490234375,66.25379943847656,70.33148956298828,74.87457275390625,79.82740783691406,84.63797760009766,88.23988342285156
2024-01-29,2023-12-26,76.78,76.82881927490234,65.08651733398438,68.12507629394531,72.24916076660156,76.82881927490234,81.91424560546875,86.74581146240234,90.3553466796875
2024-01-30,2023-12-27,77.82,75.07315063476562,63.310462951660156,66.37108612060547,70.52684020996094,75.07315063476562,80.08636474609375,84.86849975585938,88.4334945678711
2024-01-31,2023-12-28,75.85,72.34465789794922,60.520416259765625,63.589515686035156,67.75789642333984,72.34465789794922,77.2176742553711,81.79998779296875,85.20889282226562
2024-02-01,2023-12-29,73.82,72.37378692626953,60.63737487792969,63.76520538330078,67.97945404052734,72.37378692626953,76.80904388427734,80.8211669921875,83.79546356201172
2024-02-02,2024-01-02,72.28,70.57731628417969,58.37437438964844,61.60356903076172,65.96330261230469,70.57731628417969,75.23523712158203,79.6008071899414,82.84657287597656
2024-02-05,2024-01-03,72.78,72.95484924316406,60.906227111816406,64.06991577148438,68.35713958740234,72.95484924316406,77.69485473632812,82.0305404663086,85.24618530273438
2024-02-06,2024-01-04,73.31,72.80404663085938,62.06355285644531,64.84471130371094,68.62838745117188,72.80404663085938,77.21037292480469,81.27180480957031,84.28124237060547
2024-02-07,2024-01-05,73.86,74.1051025390625,62.89140319824219,65.82875061035156,69.80827331542969,74.1051025390625,78.57542419433594,82.55050659179688,85.47408294677734
2024-02-08,2024-01-08,76.22,70.64591979980469,58.37206268310547,61.57827377319336,65.9333724975586,70.64591979980469,75.46371459960938,79.84325408935547,83.06864166259766
2024-02-09,2024-01-09,76.84,71.32283020019531,58.89360809326172,62.197425842285156,66.66618347167969,71.32283020019531,75.98593139648438,80.07875061035156,83.07078552246094
2024-02-12,2024-01-10,76.92,70.53014373779297,57.982696533203125,61.249595642089844,65.69568634033203,70.53014373779297,75.35806274414062,79.57185363769531,82.63652038574219
2024-02-13,2024-01-11,77.87,71.30701446533203,59.07721710205078,62.25151062011719,66.57489776611328,71.30701446533203,76.04083251953125,80.20911407470703,83.25215911865234
2024-02-14,2024-01-12,76.64,73.17652893066406,61.623939514160156,64.67040252685547,68.78805541992188,73.17652893066406,77.78463745117188,82.10232543945312,85.3099365234375
2024-02-15,2024-01-16,78.03,72.76758575439453,61.511138916015625,64.47101593017578,68.47895812988281,72.76758575439453,77.25694274902344,81.4920654296875,84.63815307617188
2024-02-16,2024-01-17,79.19,72.55024719238281,60.94636535644531,63.9871826171875,68.10948944091797,72.55024719238281,77.15166473388672,81.70528411865234,85.12506103515625
2024-02-20,2024-01-18,78.18,74.53748321533203,64.06646728515625,66.81129455566406,70.52378845214844,74.53748321533203,78.84051513671875,83.10547637939453,86.31224060058594
2024-02-21,2024-01-19,77.91,73.94242095947266,63.81037902832031,66.4968490600586,70.11660766601562,73.94242095947266,78.05902099609375,82.21115112304688,85.34583282470703
2024-02-22,2024-01-22,78.61,75.7261734008789,65.4727554321289,68.17456817626953,71.8212661743164,75.7261734008789,80.03280639648438,84.24018096923828,87.39488220214844
2024-02-23,2024-01-23,76.49,74.66316986083984,64.69635009765625,67.31636047363281,70.85980224609375,74.66316986083984,78.81637573242188,82.92140197753906,85.9966049194336
2024-02-26,2024-01-24,77.58,75.60990142822266,65.8139877319336,68.43082427978516,71.95207214355469,75.60990142822266,79.49015808105469,83.16746520996094,85.90240478515625
2024-02-27,2024-01-25,78.87,77.91377258300781,67.7820816040039,70.42010498046875,73.99369049072266,77.91377258300781,82.34040069580078,86.59607696533203,89.77091979980469
2024-02-28,2024-01-26,78.54,78.57429504394531,67.75141143798828,70.56461334228516,74.3781967163086,78.57429504394531,83.35360717773438,87.8188247680664,91.12720489501953
2024-02-29,2024-01-29,78.26,77.57069396972656,67.43553161621094,70.0760726928711,73.65444946289062,77.57069396972656,82.0101318359375,86.22816467285156,89.3489990234375
2024-03-01,2024-01-30,79.97,78.58096313476562,68.20310974121094,70.91758728027344,74.58932495117188,78.58096313476562,83.11886596679688,87.30897521972656,90.40692138671875
2024-03-04,2024-01-31,78.74,76.27165222167969,65.63421630859375,68.41775512695312,72.18548583984375,76.27165222167969,80.86988830566406,85.1808090209961,88.37042999267578
2024-03-05,2024-02-01,78.15,74.40579986572266,63.81358337402344,66.59870910644531,70.36804962158203,74.40579986572266,78.77349853515625,82.75292205810547,85.6703109741211
2024-03-06,2024-02-02,79.13,72.41532897949219,60.93501281738281,63.87914276123047,67.89860534667969,72.41532897949219,77.19987487792969,81.6191635131836,84.86255645751953
2024-03-07,2024-02-05,78.93,73.21468353271484,61.55529022216797,64.58281707763672,68.70175170898438,73.21468353271484,77.96076965332031,82.49363708496094,85.84696197509766
2024-03-08,2024-02-06,78.01,74.32075500488281,63.40104675292969,66.26964569091797,70.1485824584961,74.32075500488281,78.75019073486328,83.0404281616211,86.23460388183594
2024-03-11,2024-02-07,77.93,74.76678466796875,63.96556091308594,66.78671264648438,70.60606384277344,74.76678466796875,79.28654479980469,83.75308227539062,87.09259796142578
2024-03-12,2024-02-08,77.56,76.63900756835938,65.34830474853516,68.29400634765625,72.27969360351562,76.63900756835938,81.44207763671875,86.3348159790039,90.02332305908203
2024-03-13,2024-02-09,79.72,77.896240234375,66.83808135986328,69.75218200683594,73.67498779296875,77.896240234375,82.61859130859375,87.27040100097656,90.7606430053711
2024-03-14,2024-02-12,81.26,78.15116119384766,67.55902099609375,70.3407974243164,74.08881378173828,78.15116119384766,82.5835952758789,86.86701965332031,90.06263732910156
2024-03-15,2024-02-13,81.04,78.92720794677734,68.33320617675781,71.09109497070312,74.81834411621094,78.92720794677734,83.44281005859375,87.6957015991211,90.84494018554688
2024-03-18,2024-02-14,82.72,77.764404296875,66.88494110107422,69.71528625488281,73.54590606689453,77.764404296875,82.33463287353516,86.63373565673828,89.80976104736328
2024-03-19,2024-02-15,83.47,79.82770538330078,69.93157958984375,72.48674011230469,75.95683288574219,79.82770538330078,84.06133270263672,87.95100402832031,90.81635284423828
2024-03-20,2024-02-16,81.68,80.66507720947266,69.86907958984375,72.6329345703125,76.3957748413086,80.66507720947266,85.44622802734375,89.98294830322266,93.35269165039062
2024-03-21,2024-02-20,81.07,79.54340362548828,68.7398681640625,71.50740051269531,75.27403259277344,79.54340362548828,84.33939361572266,88.83781433105469,92.16996765136719
2024-03-22,2024-02-21,80.63,79.4327621459961,68.72112274169922,71.49172973632812,75.2509994506836,79.4327621459961,84.1512451171875,88.55793762207031,91.81034851074219
2024-03-25,2024-02-22,81.95,79.60747528076172,68.89380645751953,71.66873168945312,75.4283218383789,79.60747528076172,84.30824279785156,88.54389190673828,91.65111541748047
2024-03-26,2024-02-23,81.62,77.29495239257812,66.59666442871094,69.34967041015625,73.08869171142578,77.29495239257812,82.04043579101562,86.49052429199219,89.77432250976562
2024-03-27,2024-02-26,81.35,78.3697509765625,68.74433898925781,71.20787811279297,74.55795288085938,78.3697509765625,82.706787109375,86.72320556640625,89.68095397949219
2024-03-28,2024-02-27,83.17,79.44642639160156,69.04395294189453,71.6994857788086,75.3141098022461,79.44642639160156,84.1752700805664,88.58177947998047,91.83746337890625
2024-04-01,2024-02-28,83.71,78.76909637451172,68.38976287841797,71.06757354736328,74.69905090332031,78.76909637451172,83.44313049316406,87.92549133300781,91.25896453857422
2024-04-02,2024-02-29,85.15,78.89622497558594,68.86428833007812,71.48332977294922,75.01814270019531,78.89622497558594,83.27458190917969,87.5120620727539,90.67216491699219
2024-04-03,2024-03-01,85.43,80.9364013671875,71.03279113769531,73.58808898925781,77.04878234863281,80.9364013671875,85.33218383789062,89.42050170898438,92.4483642578125
2024-04-04,2024-03-04,86.59,79.39424896240234,68.71009063720703,71.48651885986328,75.24447631835938,79.39424896240234,83.94352722167969,88.2939453125,91.53815460205078
2024-04-05,2024-03-05,86.91,79.49393463134766,69.15567779541016,71.86228942871094,75.51420593261719,79.49393463134766,83.90007019042969,88.1852035522461,91.3900146484375
2024-04-08,2024-03-06,86.43,80.72223663330078,70.84162139892578,73.42444610595703,76.90972900390625,80.72223663330078,84.89436340332031,88.85562133789062,91.80555725097656
2024-04-09,2024-03-07,85.23,80.39671325683594,70.12864685058594,72.81307983398438,76.43376159667969,80.39671325683594,84.70504760742188,88.71333312988281,91.67852020263672
2024-04-10,2024-03-08,86.21,79.78546142578125,69.1448745727539,71.91297149658203,75.65290832519531,79.78546142578125,84.22496032714844,88.28814697265625,91.27392578125
2024-04-11,2024-03-11,85.02,80.34822845458984,70.56177520751953,73.13227081298828,76.5904541015625,80.34822845458984,84.43601989746094,88.17002868652344,90.91921997070312
2024-04-12,2024-03-12,85.66,79.30955505371094,69.05392456054688,71.73897552490234,75.3515625,79.30955505371094,83.64642333984375,87.7393798828125,90.77034759521484
2024-04-15,2024-03-13,85.41,80.81292724609375,70.68659210205078,73.28694152832031,76.8076171875,80.81292724609375,85.28337097167969,89.38695526123047,92.41549682617188
2024-04-16,2024-03-14,85.36,82.52767944335938,72.14100646972656,74.81458282470703,78.43336486816406,82.52767944335938,87.09947204589844,91.17860412597656,94.17953491210938
2024-04-17,2024-03-15,82.69,82.42807006835938,71.919189453125,74.61260986328125,78.26165771484375,82.42807006835938,87.05369567871094,91.07537841796875,94.01960754394531
2024-04-18,2024-03-18,82.73,84.22799682617188,73.70307922363281,76.36283874511719,79.98652648925781,84.22799682617188,89.09614562988281,93.41092681884766,96.59041595458984
2024-04-19,2024-03-19,83.14,84.66021728515625,74.9712905883789,77.4250717163086,80.7657470703125,84.66021728515625,89.07601928710938,92.89985656738281,95.69806671142578
2024-04-22,2024-03-20,82.85,82.91638946533203,72.43438720703125,75.10858154296875,78.74434661865234,82.91638946533203,87.58706665039062,91.68629455566406,94.69110107421875
2024-04-23,2024-03-21,83.36,81.56304168701172,71.25137329101562,73.87882232666016,77.45445251464844,81.56304168701172,86.21012878417969,90.45618438720703,93.59078216552734
2024-04-24,2024-03-22,82.81,81.54298400878906,71.95420837402344,74.4156494140625,77.75411224365234,81.54298400878906,85.80485534667969,89.69190979003906,92.5589370727539
2024-04-25,2024-03-25,83.57,82.80072784423828,73.40917205810547,75.80718994140625,79.0647964477539,82.80072784423828,87.01046752929688,90.70233154296875,93.40814208984375
2024-04-26,2024-03-26,83.85,81.87430572509766,71.72297668457031,74.30593872070312,77.82496643066406,81.87430572509766,86.34759521484375,90.29286193847656,93.18466186523438
2024-04-29,2024-03-27,82.63,82.53585815429688,72.87554931640625,75.32978820800781,78.66915893554688,82.53585815429688,86.84774780273438,90.68380737304688,93.49267578125
2024-04-30,2024-03-28,81.93,85.1898422241211,75.92941284179688,78.27008056640625,81.45513916015625,85.1898422241211,89.31116485595703,92.83788299560547,95.40318298339844
2024-05-01,2024-04-01,79.0,85.32781219482422,75.72843933105469,78.16532135009766,81.4776611328125,85.32781219482422,89.51521301269531,93.01226806640625,95.54059600830078
2024-05-02,2024-04-02,78.95,87.09391021728516,76.99826049804688,79.53858184814453,83.00419616699219,87.09391021728516,91.5321044921875,95.12102508544922,97.69468688964844
2024-05-03,2024-04-03,78.11,86.97651672363281,78.02571868896484,80.31519317626953,83.4205322265625,86.97651672363281,90.82329559326172,93.86421966552734,96.03824615478516
2024-05-06,2024-04-04,78.48,87.89851379394531,77.91116333007812,80.44137573242188,83.88459777832031,87.89851379394531,92.30143737792969,95.91030883789062,98.50907135009766
2024-05-07,2024-04-05,78.38,87.71791076660156,77.18495178222656,79.82888793945312,83.44221496582031,87.71791076660156,92.41964721679688,96.32427215576172,99.14551544189453
2024-05-08,2024-04-08,78.99,87.65460968017578,77.2839584350586,79.91223907470703,83.48976135253906,87.65460968017578,92.20033264160156,95.98678588867188,98.724853515625
2024-05-09,2024-04-09,79.26,86.23563385009766,75.49263000488281,78.22274017333984,81.94302368164062,86.23563385009766,90.91387939453125,94.93720245361328,97.8680419921875
2024-05-10,2024-04-10,78.26,87.28266906738281,76.54937744140625,79.2400131225586,82.92259216308594,87.28266906738281,92.1361083984375,96.34532165527344,99.42303466796875
2024-05-13,2024-04-11,79.12,85.93692016601562,75.99327087402344,78.51402282714844,81.94927978515625,85.93692016601562,90.32307434082031,94.08531188964844,96.82331085205078
2024-05-14,2024-04-12,78.02,86.13028717041016,75.66981506347656,78.29643249511719,81.88819885253906,86.13028717041016,90.80731201171875,94.80896759033203,97.71365356445312
2024-05-15,2024-04-15,78.63,85.40435028076172,75.00568389892578,77.63185119628906,81.21915435791016,85.40435028076172,89.98870086669922,93.9957504272461,96.91435241699219
2024-05-16,2024-04-16,79.23,86.07353210449219,76.38740539550781,78.85148620605469,82.20332336425781,86.07353210449219,90.32270812988281,94.08245849609375,96.83573913574219
2024-05-17,2024-04-17,80.06,84.05672454833984,74.29454803466797,76.75946044921875,80.12950134277344,84.05672454833984,88.25688171386719,91.7760238647461,94.30654907226562
2024-05-20,2024-04-18,79.8,83.06123352050781,72.59503173828125,75.2324447631836,78.84208679199219,83.06123352050781,87.59913635253906,91.54518127441406,94.40975952148438
2024-05-21,2024-04-19,79.26,85.00930786132812,75.32945251464844,77.76774597167969,81.100830078125,85.00930786132812,89.3380126953125,93.18387603759766,95.9955825805664
2024-05-22,2024-04-22,77.57,85.54788970947266,75.98106384277344,78.42476654052734,81.74546813964844,85.54788970947266,89.7618408203125,93.5316390991211,96.29298400878906
2024-05-23,2024-04-23,76.87,86.00961303710938,76.3642578125,78.84913635253906,82.21309661865234,86.00961303710938,90.13311767578125,93.81005859375,96.50624084472656
2024-05-24,2024-04-24,77.72,85.07395935058594,74.98777770996094,77.57952880859375,81.09336853027344,85.07395935058594,89.37235260009766,93.26167297363281,96.11551666259766
2024-05-28,2024-04-25,79.83,86.0686264038086,77.29780578613281,79.57743835449219,82.64826965332031,86.0686264038086,89.72682189941406,92.8621826171875,95.13981628417969
2024-05-29,2024-04-26,79.23,85.40785217285156,75.99498748779297,78.43408203125,81.72657775878906,85.40785217285156,89.4287338256836,93.10115051269531,95.81243133544922
2024-05-30,2024-04-29,77.91,83.74174499511719,74.05258178710938,76.55729675292969,79.94363403320312,83.74174499511719,87.92229461669922,91.7393798828125,94.55136108398438
2024-05-31,2024-04-30,76.99,83.01998138427734,73.36650848388672,75.8836669921875,79.27761840820312,83.01998138427734,87.09291076660156,90.7664566040039,93.45977020263672
2024-06-03,2024-05-01,74.22,81.16429901123047,70.78214263916016,73.49771118164062,77.16232299804688,81.16429901123047,85.38603973388672,89.12383270263672,91.84173583984375
2024-06-04,2024-05-02,73.25,80.82548522949219,70.32621765136719,73.0479736328125,76.72816467285156,80.82548522949219,85.23492431640625,89.14080047607422,91.97581481933594
2024-06-05,2024-05-03,74.07,80.25701141357422,70.59596252441406,73.08031463623047,76.44671630859375,80.25701141357422,84.30257415771484,87.82612609863281,90.37825012207031
2024-06-06,2024-05-06,75.55,79.96350860595703,70.03741455078125,72.56526184082031,76.00192260742188,79.96350860595703,84.2086181640625,87.9274673461914,90.6291275024414
2024-06-07,2024-05-07,75.53,79.90850067138672,70.52210998535156,72.93029022216797,76.19483184814453,79.90850067138672,83.95454406738281,87.69206237792969,90.45156860351562
2024-06-10,2024-05-08,77.74,81.70421600341797,72.84336853027344,75.12511444091797,78.21522521972656,81.70421600341797,85.55117797851562,89.19384765625,91.90681457519531
2024-06-11,2024-05-09,77.9,82.24095916748047,73.21710968017578,75.53992462158203,78.68820190429688,82.24095916748047,86.16417694091797,89.83432006835938,92.5585708618164
2024-06-12,2024-05-10,78.5,79.96723175048828,70.24641418457031,72.7421875,76.13383483886719,79.96723175048828,84.14762115478516,88.07054901123047,90.98369598388672
2024-06-13,2024-05-13,78.62,82.6127700805664,73.4267349243164,75.82064819335938,79.05374145507812,82.6127700805664,86.58860778808594,90.37579345703125,93.20049285888672
2024-06-14,2024-05-14,78.45,82.59117126464844,73.4776611328125,75.86983489990234,79.09683227539062,82.59117126464844,86.52105712890625,90.2207260131836,92.97928619384766
2024-06-17,2024-05-15,80.33,82.80696868896484,73.81903839111328,76.17962646484375,79.36054992675781,82.80696868896484,86.67843627929688,90.3677978515625,93.13392639160156
2024-06-18,2024-05-16,81.57,82.8258056640625,73.52078247070312,75.9412612915039,79.21331024169922,82.8258056640625,86.83512878417969,90.61751556396484,93.44293212890625
2024-06-20,2024-05-17,82.17,83.20496368408203,74.78961944580078,77.0018310546875,79.98013305664062,83.20496368408203,86.7393569946289,89.93999481201172,92.3064193725586
2024-06-21,2024-05-20,80.73,81.69029998779297,72.75272369384766,75.08817291259766,78.23846435546875,81.69029998779297,85.49957275390625,89.11967468261719,91.83027648925781
2024-06-24,2024-05-21,81.63,80.86770629882812,71.87762451171875,74.20096588134766,77.34751892089844,80.86770629882812,84.77239227294922,88.526611328125,91.33987426757812
2024-06-25,2024-05-22,80.83,79.21229553222656,70.17587280273438,72.51890563964844,75.694091796875,79.21229553222656,82.98768615722656,86.30409240722656,88.72330474853516
2024-06-26,2024-05-23,80.9,79.40975189208984,70.06748962402344,72.50713348388672,75.8060531616211,79.40975189208984,83.24137115478516,86.59088897705078,89.03215789794922
2024-06-27,2024-05-24,81.74,80.5146713256836,71.14213562011719,73.57332611083984,76.86486053466797,80.5146713256836,84.47886657714844,87.99698638916016,90.57279968261719
2024-06-28,2024-05-28,81.54,83.1790771484375,74.593994140625,76.81332397460938,79.81881713867188,83.1790771484375,86.80839538574219,89.89747619628906,92.1463851928711
2024-07-01,2024-05-29,83.38,81.12540435791016,72.11544799804688,74.43223571777344,77.57536315917969,81.12540435791016,84.91064453125,88.10173034667969,90.41529846191406
2024-07-02,2024-05-30,82.81,80.80381774902344,72.23372650146484,74.44332122802734,77.4378662109375,80.80381774902344,84.43165588378906,87.6669692993164,90.04647064208984
2024-07-03,2024-05-31,83.88,81.2984619140625,73.10147857666016,75.21867370605469,78.0887451171875,81.2984619140625,84.77066802978516,87.93494415283203,90.27267456054688
2024-07-05,2024-06-03,83.16,79.43158721923828,70.66580963134766,72.92521667480469,75.99518585205078,79.43158721923828,83.0516128540039,86.2847900390625,88.65716552734375
2024-07-08,2024-06-04,82.33,76.48139953613281,67.03938293457031,69.45532989501953,72.74817657470703,76.48139953613281,80.36505889892578,83.9498519897461,86.6031494140625
2024-07-09,2024-06-05,81.41,78.71916198730469,69.61714935302734,71.97611999511719,75.17566680908203,78.71916198730469,82.45281982421875,85.85770416259766,88.37091827392578
2024-07-10,2024-06-06,82.1,79.98918151855469,71.11829376220703,73.40203857421875,76.5073471069336,79.98918151855469,83.6822509765625,87.06525421142578,89.57415771484375
2024-07-11,2024-06-07,82.62,78.8536376953125,70.2353515625,72.44865417480469,75.45951080322266,78.8536376953125,82.44732666015625,85.77046203613281,88.23709106445312
2024-07-12,2024-06-10,82.21,80.96105194091797,71.97101593017578,74.28215789794922,77.42352294921875,80.96105194091797,84.74697875976562,88.18352508544922,90.72811126708984
2024-07-15,2024-06-11,81.91,80.66424560546875,72.27899169921875,74.48004150390625,77.44950866699219,80.66424560546875,84.0355224609375,87.00994110107422,89.200439453125
2024-07-16,2024-06-12,80.76,80.7153091430664,71.54024505615234,73.93489837646484,77.17081451416016,80.7153091430664,84.49327087402344,87.96099853515625,90.535888671875
2024-07-17,2024-06-13,82.85,80.7351303100586,71.54670715332031,73.95648956298828,77.20733642578125,80.7351303100586,84.5003662109375,87.96436309814453,90.53397369384766
2024-07-18,2024-06-14,82.82,80.121826171875,71.24943542480469,73.598876953125,76.76216888427734,80.121826171875,83.60440063476562,86.62913513183594,88.84036254882812
2024-07-19,2024-06-17,80.13,82.96543884277344,74.1512451171875,76.46521759033203,79.59149169921875,82.96543884277344,86.49872589111328,89.39566040039062,91.4856948852539
2024-07-22,2024-06-18,79.78,83.84862518310547,74.2179946899414,76.70986938476562,80.08927154541016,83.84862518310547,87.89755249023438,91.31487274169922,93.79993438720703
2024-07-23,2024-06-20,76.96,84.6090087890625,75.87421417236328,78.13247680664062,81.19622039794922,84.6090087890625,88.25652313232422,91.25869750976562,93.43475341796875
2024-07-24,2024-06-21,77.59,82.76993560791016,73.77375030517578,76.11327362060547,79.28387451171875,82.76993560791016,86.44185638427734,89.46415710449219,91.64452362060547
2024-07-25,2024-06-24,78.28,83.90162658691406,75.10822296142578,77.41114044189453,80.52689361572266,83.90162658691406,87.57633972167969,90.71849822998047,93.0057144165039
2024-07-26,2024-06-25,77.16,84.06829071044922,76.08470916748047,78.1718978881836,80.99890899658203,84.06829071044922,87.44679260253906,90.38671875,92.53575897216797
2024-07-29,2024-06-26,75.81,83.94291687011719,75.91972351074219,78.02352142333984,80.87336730957031,83.94291687011719,87.241943359375,90.08848571777344,92.16305541992188
2024-07-30,2024-06-27,74.73,84.3031234741211,75.53585815429688,77.80636596679688,80.89288330078125,84.3031234741211,88.01239013671875,91.25328063964844,93.62783813476562
2024-07-31,2024-06-28,77.91,85.07308959960938,76.73102569580078,78.89759063720703,81.84063720703125,85.07308959960938,88.66015625,91.90184783935547,94.29452514648438
2024-08-01,2024-07-01,76.31,86.85063934326172,78.66307067871094,80.782958984375,83.6641616821289,86.85063934326172,90.36534881591797,93.46007537841797,95.73783111572266
2024-08-02,2024-07-02,73.52,85.885986328125,77.59999084472656,79.76402282714844,82.69441223144531,85.885986328125,89.42403411865234,92.60161590576172,94.94733428955078
2024-08-05,2024-07-03,72.94,86.9702377319336,78.55292510986328,80.76282501220703,83.7501220703125,86.9702377319336,90.48532104492188,93.56950378417969,95.83927154541016
2024-08-06,2024-07-05,73.2,85.8090591430664,77.58714294433594,79.77690124511719,82.72343444824219,85.8090591430664,89.09956359863281,91.9453353881836,94.03062438964844
2024-08-07,2024-07-08,75.23,84.85215759277344,76.04051971435547,78.40682983398438,81.58125305175781,84.85215759277344,88.30339050292969,91.33757019042969,93.56438446044922
2024-08-08,2024-07-09,76.19,84.09004211425781,75.27239227294922,77.62876892089844,80.79257202148438,84.09004211425781,87.53150177001953,90.52262115478516,92.70475006103516
2024-08-09,2024-07-10,76.84,84.47175598144531,76.21475982666016,78.40930938720703,81.36105346679688,84.47175598144531,87.7184066772461,90.51881408691406,92.561279296875
2024-08-12,2024-07-11,80.06,85.0656967163086,76.71707153320312,78.93595123291016,81.92259216308594,85.0656967163086,88.36735534667969,91.1695556640625,93.2052230834961
2024-08-13,2024-07-12,78.35,84.30729675292969,75.7948989868164,78.04058837890625,81.0677261352539,84.30729675292969,87.76036071777344,90.7935562133789,93.01493072509766
2024-08-14,2024-07-15,76.98,83.88825988769531,75.89546966552734,78.05014038085938,80.93507385253906,83.88825988769531,86.97907257080078,89.68085479736328,91.65316772460938
2024-08-15,2024-07-16,78.16,82.64546203613281,74.2884292602539,76.53155517578125,79.53910827636719,82.64546203613281,85.85102844238281,88.56006622314453,90.51526641845703
2024-08-16,2024-07-17,76.65,84.8662109375,77.02185821533203,79.14793395996094,81.98774719238281,84.8662109375,87.90767669677734,90.52140808105469,92.42672729492188
2024-08-19,2024-07-18,74.37,85.12313842773438,77.7898941040039,79.75558471679688,82.3890380859375,85.12313842773438,88.03309631347656,90.56282043457031,92.41910552978516
2024-08-20,2024-07-19,74.04,83.21961975097656,75.12525177001953,77.31021881103516,80.23204040527344,83.21961975097656,86.33158874511719,89.06962585449219,91.07830047607422
2024-08-21,2024-07-22,71.93,81.8708267211914,72.87332916259766,75.26510620117188,78.47895812988281,81.8708267211914,85.36061096191406,88.51718139648438,90.84964752197266
2024-08-22,2024-07-23,73.01,80.5564193725586,71.2905502319336,73.74349212646484,77.04833221435547,80.5564193725586,84.17543029785156,87.42066192626953,89.81158447265625
2024-08-23,2024-07-24,74.83,81.1585464477539,72.26310729980469,74.60986328125,77.77388000488281,81.1585464477539,84.6417465209961,87.6763916015625,89.89755249023438
2024-08-26,2024-07-25,77.42,81.23097229003906,72.26849365234375,74.63895416259766,77.82810974121094,81.23097229003906,84.77525329589844,87.93812561035156,90.26620483398438
2024-08-27,2024-07-26,75.53,80.17735290527344,71.00836181640625,73.43304443359375,76.69578552246094,80.17735290527344,83.75404357910156,86.886962890625,89.17959594726562
2024-08-28,2024-07-29,74.52,79.02952575683594,69.60707092285156,72.1266860961914,75.503662109375,79.02952575683594,82.56315612792969,85.56941223144531,87.74830627441406
2024-08-29,2024-07-30,75.91,77.47126007080078,67.56653594970703,70.22239685058594,73.77720642089844,77.47126007080078,81.14904022216797,84.380126953125,86.74071502685547
2024-08-30,2024-07-31,73.55,81.22000885009766,72.35558319091797,74.72493743896484,77.89704895019531,81.22000885009766,84.6073226928711,87.4232406616211,89.45560455322266
2024-09-03,2024-08-01,70.34,79.79561614990234,70.84405517578125,73.23181915283203,76.43626403808594,79.79561614990234,83.17174530029297,86.00872802734375,88.06378173828125
2024-09-04,2024-08-02,69.2,78.02192687988281,67.72312927246094,70.47337341308594,74.16593933105469,78.02192687988281,81.81304931640625,84.97109985351562,87.2513198852539
2024-09-05,2024-08-05,69.15,75.80647277832031,64.4868392944336,67.47107696533203,71.49888610839844,75.80647277832031,80.01947021484375,83.61392211914062,86.22494506835938
2024-09-06,2024-08-06,67.67,76.35152435302734,65.53758239746094,68.4211196899414,72.29621887207031,76.35152435302734,80.25762939453125,83.52726745605469,85.89535522460938
2024-09-09,2024-08-07,68.71,78.4996566772461,68.45246887207031,71.14007568359375,74.74845886230469,78.4996566772461,82.1129150390625,84.97065734863281,87.00867462158203
2024-09-10,2024-08-08,65.75,79.18444061279297,69.25605773925781,71.93341827392578,75.51556396484375,79.18444061279297,82.80072021484375,85.74838256835938,87.8695068359375
2024-09-11,2024-08-09,67.31,79.81658935546875,70.59038543701172,73.07664489746094,76.40409088134766,79.81658935546875,83.19486999511719,85.8732681274414,87.78764343261719
2024-09-12,2024-08-12,68.97,82.87582397460938,74.22767639160156,76.53974914550781,79.64196014404297,82.87582397460938,86.1880874633789,88.75916290283203,90.58901977539062
2024-09-13,2024-08-13,68.65,80.69061279296875,71.27112579345703,73.78931427001953,77.1654052734375,80.69061279296875,84.21464538574219,87.13655853271484,89.25021362304688
2024-09-16,2024-08-14,70.09,80.28421783447266,70.52362823486328,73.13529205322266,76.64273071289062,80.28421783447266,83.92779541015625,86.94993591308594,89.133056640625
2024-09-17,2024-08-15,71.19,81.66374206542969,72.34872436523438,74.81859588623047,78.15287780761719,81.66374206542969,85.24778747558594,88.24476623535156,90.42010498046875
2024-09-18,2024-08-16,70.91,80.6150131225586,71.6722412109375,74.02835083007812,77.21339416503906,80.6150131225586,84.14059448242188,87.06626892089844,89.17829895019531
2024-09-19,2024-08-19,71.95,78.31360626220703,68.58676147460938,71.15109252929688,74.61361694335938,78.31360626220703,82.05644226074219,85.14749145507812,87.37428283691406
2024-09-20,2024-08-20,71.92,77.08480834960938,66.85355377197266,69.55406188964844,73.19737243652344,77.08480834960938,80.95767211914062,84.13665008544922,86.42652130126953
2024-09-23,2024-08-21,70.37,74.27141571044922,62.76726531982422,65.84424591064453,69.97564697265625,74.27141571044922,78.37709045410156,81.80528259277344,84.28111267089844
2024-09-24,2024-08-22,71.56,75.71156311035156,64.23472595214844,67.33622741699219,71.48796844482422,75.71156311035156,79.73603057861328,83.05529022216797,85.45274353027344
2024-09-25,2024-08-23,69.69,76.83545684814453,65.93309020996094,68.8761978149414,72.81500244140625,76.83545684814453,80.66972351074219,83.7867431640625,86.031982421875
2024-09-26,2024-08-26,67.67,80.1374740600586,70.30525207519531,72.93929290771484,76.47012329101562,80.1374740600586,83.79804229736328,86.67545318603516,88.73405456542969
2024-09-27,2024-08-27,68.18,77.20652770996094,66.66787719726562,69.48406982421875,73.27188110351562,77.20652770996094,81.10389709472656,84.30987548828125,86.63023376464844
2024-09-30,2024-08-28,68.17,76.83763122558594,66.29965209960938,69.13960266113281,72.94595336914062,76.83763122558594,80.70002746582031,84.0132064819336,86.43511962890625
2024-10-01,2024-08-29,69.83,78.48764038085938,68.88668823242188,71.4378433227539,74.87351989746094,78.48764038085938,82.1131362915039,85.05052185058594,87.17716979980469
2024-10-02,2024-08-30,70.1,76.0621337890625,65.43828582763672,68.2983627319336,72.13380432128906,76.0621337890625,79.8936767578125,83.16436004638672,85.55652618408203
2024-10-03,2024-09-03,73.71,73.08973693847656,61.072227478027344,64.34671783447266,68.71733093261719,73.08973693847656,77.1911849975586,80.63750457763672,83.14466857910156
2024-10-04,2024-09-04,74.38,73.04283142089844,60.14888000488281,63.68700408935547,68.39733123779297,73.04283142089844,77.3447265625,80.9225082397461,83.51254272460938
2024-10-07,2024-09-05,77.14,71.80564880371094,59.08873748779297,62.526695251464844,67.12763214111328,71.80564880371094,76.22457885742188,79.97415924072266,82.69917297363281
2024-10-08,2024-09-06,73.57,69.53107452392578,56.206573486328125,59.777488708496094,64.56832122802734,69.53107452392578,74.21453857421875,78.14266204833984,80.9928970336914
2024-10-09,2024-09-09,73.24,71.12332153320312,58.22027587890625,61.725093841552734,66.41120147705078,71.12332153320312,75.55342102050781,79.24909210205078,81.920654296875
2024-10-10,2024-09-10,75.85,67.87586975097656,54.29151153564453,57.989036560058594,62.93241882324219,67.87586975097656,72.4083023071289,76.1536636352539,78.85896301269531
2024-10-11,2024-09-11,75.56,69.09474182128906,56.676475524902344,60.01619338989258,64.503173828125,69.09474182128906,73.39138793945312,76.92278289794922,79.4654312133789
2024-10-14,2024-09-12,73.83,68.73255920410156,56.53231430053711,59.84141540527344,64.26754760742188,68.73255920410156,72.88876342773438,76.33685302734375,78.81641387939453
2024-10-15,2024-09-13,70.58,67.79483795166016,55.70475769042969,58.96492385864258,63.3338737487793,67.79483795166016,71.94671630859375,75.49822998046875,78.07432556152344
2024-10-16,2024-09-16,70.39,69.3759994506836,56.895965576171875,60.291908264160156,64.82971954345703,69.3759994506836,73.53831481933594,77.09529876708984,79.67731475830078
2024-10-17,2024-09-17,70.67,69.66764068603516,57.12653350830078,60.50981521606445,65.04180908203125,69.66764068603516,73.9450912475586,77.48995208740234,80.04055786132812
2024-10-18,2024-09-18,69.22,70.52799987792969,58.373077392578125,61.642120361328125,66.03353881835938,70.52799987792969,74.62486267089844,77.92867279052734,80.28538513183594
2024-10-21,2024-09-19,70.56,71.90778350830078,60.05938720703125,63.2313232421875,67.49913024902344,71.90778350830078,76.06184387207031,79.45431518554688,81.88899993896484
2024-10-22,2024-09-20,72.09,71.74900817871094,60.06489562988281,63.19905471801758,67.41421508789062,71.74900817871094,75.87513732910156,79.32673645019531,81.81537628173828
2024-10-23,2024-09-23,70.77,70.0870361328125,58.80596923828125,61.813941955566406,65.86810302734375,70.0870361328125,74.05766296386719,77.3098373413086,79.64346313476562
2024-10-24,2024-09-24,70.19,71.19529724121094,59.18000793457031,62.40711975097656,66.74420166015625,71.19529724121094,75.31794738769531,78.78082275390625,81.2793197631836
2024-10-25,2024-09-25,71.78,69.81171417236328,57.92790985107422,61.142356872558594,65.44670867919922,69.81171417236328,73.8133544921875,77.10653686523438,79.47809600830078
2024-10-28,2024-09-26,67.38,68.84901428222656,56.91487503051758,60.15270233154297,64.48577117919922,68.84901428222656,72.84039306640625,76.12628936767578,78.49624633789062
2024-10-29,2024-09-27,67.21,67.9759521484375,56.24494171142578,59.37574768066406,63.58827590942383,67.9759521484375,72.07403564453125,75.52794647216797,78.03130340576172
2024-10-30,2024-09-30,68.61,67.57183074951172,55.74569320678711,58.94664001464844,63.23289489746094,67.57183074951172,71.56381225585938,74.80953216552734,77.14221954345703
2024-10-31,2024-10-01,69.26,70.30703735351562,59.354278564453125,62.319862365722656,66.29336547851562,70.30703735351562,74.01630401611328,76.97520446777344,79.08586883544922
2024-11-01,2024-10-02,69.49,70.3089828491211,59.957054138183594,62.77348709106445,66.53883361816406,70.3089828491211,73.8132095336914,76.58203887939453,78.55008697509766
2024-11-04,2024-10-03,71.47,72.87548065185547,62.34246826171875,65.16775512695312,68.95130920410156,72.87548065185547,76.5942153930664,79.5650405883789,81.67860412597656
2024-11-05,2024-10-04,71.99,71.9571304321289,60.089393615722656,63.258689880371094,67.50875854492188,71.9571304321289,76.06564331054688,79.34745788574219,81.69058990478516
2024-11-06,2024-10-07,71.69,75.163330078125,62.094444274902344,65.5450439453125,70.17656707763672,75.163330078125,80.0214614868164,84.10745239257812,87.0729751586914
2024-11-07,2024-10-08,72.36,72.6512680053711,60.286346435546875,63.59857940673828,68.04396057128906,72.6512680053711,76.93110656738281,80.58251190185547,83.2392578125
2024-11-08,2024-10-09,70.38,72.27254486083984,59.043479919433594,62.61901092529297,67.39844512939453,72.27254486083984,76.8011474609375,80.57964324951172,83.30818176269531
2024-11-11,2024-10-10,68.04,75.2132339477539,61.475669860839844,65.22853088378906,70.22248840332031,75.2132339477539,79.89723205566406,83.77056121826172,86.55875396728516
2024-11-12,2024-10-11,68.12,75.48267364501953,62.59735870361328,66.12918853759766,70.82901000976562,75.48267364501953,79.9154052734375,83.57522583007812,86.20603942871094
2024-11-13,2024-10-14,68.43,72.89397430419922,58.74757385253906,62.67481231689453,67.87594604492188,72.89397430419922,77.57432556152344,81.48384094238281,84.30620574951172
2024-11-14,2024-10-15,68.7,70.45294952392578,56.250267028808594,60.160438537597656,65.35723876953125,70.45294952392578,75.0884780883789,78.91039276123047,81.6686019897461
2024-11-15,2024-10-16,67.02,70.98848724365234,57.86302947998047,61.44906234741211,66.23076629638672,70.98848724365234,75.30534362792969,78.87931060791016,81.4685287475586
2024-11-18,2024-10-17,69.16,70.68389892578125,58.32361602783203,61.7020263671875,66.20582580566406,70.68389892578125,74.73072814941406,78.06280517578125,80.47614288330078
2024-11-19,2024-10-18,69.39,68.93340301513672,56.758216857910156,60.07069778442383,64.49520874023438,68.93340301513672,72.92373657226562,76.19361114501953,78.56266021728516
2024-11-20,2024-10-21,68.87,68.603271484375,56.39680862426758,59.64800262451172,64.01031494140625,68.603271484375,72.9366455078125,76.62958526611328,79.32839965820312
2024-11-21,2024-10-22,70.1,70.44268035888672,59.20573425292969,62.20380783081055,66.23359680175781,70.44268035888672,74.35401916503906,77.44416809082031,79.65032196044922
2024-11-22,2024-10-23,71.24,70.94548034667969,60.49871826171875,63.30591583251953,67.0777816772461,70.94548034667969,74.52825927734375,77.32721710205078,79.32218933105469
2024-11-25,2024-10-24,68.94,70.69329833984375,61.17485046386719,63.73185348510742,67.16020202636719,70.69329833984375,74.0205307006836,76.62091827392578,78.47474670410156
2024-11-26,2024-10-25,68.77,72.53450775146484,62.90404510498047,65.48125457763672,68.93907165527344,72.53450775146484,75.93095397949219,78.63359832763672,80.56771850585938
2024-11-27,2024-10-28,68.72,69.20214080810547,58.45942687988281,61.366737365722656,65.26219177246094,69.20214080810547,72.8106689453125,75.62696075439453,77.63716125488281
2024-11-29,2024-10-29,68.0,68.21394348144531,57.07455825805664,60.069580078125,64.08985137939453,68.21394348144531,72.05274200439453,75.17825317382812,77.42588806152344
2024-12-02,2024-10-30,68.1,70.162841796875,59.21644592285156,62.120521545410156,66.0289306640625,70.162841796875,73.99699401855469,77.23699188232422,79.5923080444336
2024-12-03,2024-10-31,69.94,69.22132110595703,56.410919189453125,59.92538070678711,64.60677337646484,69.22132110595703,73.42237854003906,76.8720932006836,79.36052703857422
2024-12-04,2024-11-01,68.54,69.65227508544922,56.43800735473633,60.09569549560547,64.95648956298828,69.65227508544922,73.9278564453125,77.39552307128906,79.8897705078125
2024-12-05,2024-11-04,68.3,70.85848999023438,57.72418212890625,61.350189208984375,66.16163635253906,70.85848999023438,75.27139282226562,78.88652038574219,81.48843383789062
2024-12-06,2024-11-05,67.2,70.16980743408203,56.811988830566406,60.56272888183594,65.50987243652344,70.16980743408203,74.541259765625,78.01937866210938,80.50118255615234
2024-12-09,2024-11-06,68.37,70.75175476074219,57.320899963378906,61.15583038330078,66.19497680664062,70.75175476074219,75.07789611816406,78.54928588867188,81.03854370117188
2024-12-10,2024-11-07,68.59,73.8958511352539,63.08518981933594,66.13700866699219,70.15231323242188,73.8958511352539,77.57618713378906,80.57666015625,82.7428207397461
2024-12-11,2024-11-08,70.29,71.3170394897461,60.72393035888672,63.64437484741211,67.53572082519531,71.3170394897461,74.82369995117188,77.6009521484375,79.59585571289062
2024-12-12,2024-11-11,70.02,69.0858154296875,58.554466247558594,61.42723846435547,65.26734161376953,69.0858154296875,72.57211303710938,75.35057830810547,77.34561920166016
2024-12-13,2024-11-12,71.29,67.91275024414062,56.95980453491211,59.89961624145508,63.84307098388672,67.91275024414062,71.75808715820312,74.97859954833984,77.31055450439453
2024-12-16,2024-11-13,70.71,68.98926544189453,58.35292053222656,61.24252700805664,65.10792541503906,68.98926544189453,72.60319519042969,75.51748657226562,77.60401916503906
2024-12-17,2024-11-14,70.08,69.97856140136719,60.367340087890625,62.972900390625,66.4569091796875,69.97856140136719,73.38662719726562,76.13129425048828,78.10033416748047
2024-12-18,2024-11-15,70.58,69.15685272216797,60.30211639404297,62.67685317993164,65.85966491699219,69.15685272216797,72.41354370117188,75.07844543457031,76.99903869628906
2024-12-19,2024-11-18,69.91,71.29496002197266,62.273109436035156,64.68339538574219,67.91976928710938,71.29496002197266,74.6527099609375,77.39677429199219,79.36339569091797
2024-12-20,2024-11-19,69.46,70.74525451660156,61.723915100097656,64.14839935302734,67.39945983886719,70.74525451660156,74.00119018554688,76.64623260498047,78.54122924804688
2024-12-23,2024-11-20,69.24,70.27914428710938,60.60420227050781,63.202877044677734,66.6927490234375,70.27914428710938,73.7314682006836,76.6275863647461,78.7212905883789
2024-12-24,2024-11-21,70.1,71.6247329711914,61.76964569091797,64.38461303710938,67.90433502197266,71.6247329711914,75.20682525634766,78.28096771240234,80.5202865600586
2024-12-26,2024-11-22,69.62,72.0803451538086,61.383583068847656,64.27985382080078,68.14981079101562,72.0803451538086,75.85946655273438,79.02220153808594,81.30924224853516
2024-12-27,2024-11-25,70.6,70.09307861328125,59.16120147705078,62.17184066772461,66.17723083496094,70.09307861328125,73.81224060058594,76.89519500732422,79.12223052978516
2024-12-30,2024-11-26,70.99,68.27408599853516,56.469703674316406,59.68659973144531,63.982994079589844,68.27408599853516,72.28572845458984,75.67510986328125,78.13595581054688
2024-12-31,2024-11-27,71.72,65.46796417236328,52.73381805419922,56.298736572265625,61.01130676269531,65.46796417236328,69.62272644042969,73.03321075439453,75.50474548339844
2025-01-02,2024-11-29,73.13,66.72978210449219,55.09093475341797,58.3125,62.596004486083984,66.72978210449219,70.72128295898438,74.18362426757812,76.71696472167969
2025-01-03,2024-12-02,73.96,68.29505920410156,57.354827880859375,60.402137756347656,64.44483184814453,68.29505920410156,71.93553161621094,75.04566192626953,77.30738830566406
2025-01-06,2024-12-03,73.56,70.17139434814453,59.55084228515625,62.47314453125,66.35368347167969,70.17139434814453,73.72937774658203,76.67998504638672,78.81055450439453
2025-01-07,2024-12-04,74.25,67.5711669921875,57.41545104980469,60.167015075683594,63.8389778137207,67.5711669921875,71.06402587890625,73.87261962890625,75.8896484375
2025-01-08,2024-12-05,73.32,65.73905181884766,55.45293426513672,58.13439178466797,61.76062774658203,65.73905181884766,69.60718536376953,72.82749938964844,75.17494201660156
2025-01-09,2024-12-06,73.92,68.49800109863281,57.58802795410156,60.52302551269531,64.458984375,68.49800109863281,72.31879425048828,75.53590393066406,77.86369323730469
2025-01-10,2024-12-09,76.57,69.8787612915039,60.3133544921875,62.88380432128906,66.33067321777344,69.8787612915039,73.24737548828125,76.0086669921875,77.99373626708984
2025-01-13,2024-12-10,78.82,70.86479949951172,62.59095001220703,64.78881072998047,67.74470520019531,70.86479949951172,73.97386169433594,76.5588607788086,78.42387390136719
2025-01-14,2024-12-11,77.5,72.03533172607422,63.75837707519531,65.94852447509766,68.89479064941406,72.03533172607422,75.27550506591797,78.0323715209961,80.02699279785156
2025-01-15,2024-12-12,80.04,71.22106170654297,63.22126007080078,65.37985229492188,68.26286315917969,71.22106170654297,74.25314331054688,76.86556243896484,78.76652526855469
2025-01-16,2024-12-13,78.68,71.93353271484375,63.88078308105469,66.06279754638672,68.97413635253906,71.93353271484375,74.99736785888672,77.63340759277344,79.5457763671875
2025-01-17,2024-12-16,77.88,72.55558013916016,64.4290542602539,66.64616394042969,69.6003189086914,72.55558013916016,75.63318634033203,78.26329803466797,80.17288208007812
2025-01-21,2024-12-17,75.89,70.82490539550781,61.24378967285156,63.94720458984375,67.5149154663086,70.82490539550781,74.14730072021484,76.96255493164062,79.00431060791016
2025-01-22,2024-12-18,75.44,71.13817596435547,60.77391815185547,63.7323112487793,67.61262512207031,71.13817596435547,74.5863037109375,77.47906494140625,79.56925201416016
2025-01-23,2024-12-19,74.62,68.1383285522461,55.33085632324219,58.962276458740234,63.744842529296875,68.1383285522461,72.15342712402344,75.44412994384766,77.80960845947266
2025-01-24,2024-12-20,74.66,64.49571228027344,50.72414016723633,54.60942840576172,59.72490692138672,64.49571228027344,68.67147827148438,71.75346374511719,73.95582580566406
2025-01-27,2024-12-23,73.17,65.22445678710938,52.503013610839844,56.0816535949707,60.798744201660156,65.22445678710938,69.23208618164062,72.3215560913086,74.54165649414062
2025-01-28,2024-12-24,73.77,67.34564208984375,55.321781158447266,58.77315902709961,63.29325866699219,67.34564208984375,71.00762939453125,73.86846160888672,75.9118881225586
2025-01-29,2024-12-26,72.62,67.78144836425781,56.75992202758789,59.850013732910156,63.93424987792969,67.78144836425781,71.35907745361328,74.24127197265625,76.30960845947266
2025-01-30,2024-12-27,72.73,66.51729583740234,55.784706115722656,58.74354934692383,62.66336441040039,66.51729583740234,70.0958251953125,72.81239318847656,74.74755096435547
2025-01-31,2024-12-30,72.53,63.3326416015625,52.689918518066406,55.484405517578125,59.21021270751953,63.3326416015625,67.19271850585938,69.93541717529297,71.90123748779297
2025-02-03,2024-12-31,73.16,67.96876525878906,57.201751708984375,60.14201354980469,64.04714965820312,67.96876525878906,71.68641662597656,74.5887222290039,76.66875457763672
2025-02-04,2025-01-02,72.7,70.68467712402344,60.891204833984375,63.52129364013672,67.0396728515625,70.68467712402344,74.19473266601562,76.96643829345703,78.9483642578125
2025-02-05,2025-01-03,71.03,74.13419342041016,66.4383544921875,68.46198272705078,71.19046020507812,74.13419342041016,77.1978759765625,79.63209533691406,81.37102508544922
2025-02-06,2025-01-06,70.61,72.90479278564453,64.44719696044922,66.67703247070312,69.67916870117188,72.90479278564453,76.23701477050781,78.95416259765625,80.90047454833984
2025-02-07,2025-01-07,71.0,72.98059844970703,64.74720764160156,66.92066955566406,69.83955383300781,72.98059844970703,76.2598876953125,78.95964050292969,80.8998794555664
2025-02-10,2025-01-08,72.32,72.58612060546875,64.11569213867188,66.42606353759766,69.49545288085938,72.58612060546875,75.76910400390625,78.39967346191406,80.29524230957031
2025-02-11,2025-01-09,73.32,74.20280456542969,65.82142639160156,68.09405517578125,71.11992645263672,74.20280456542969,77.42633056640625,80.06193542480469,81.95610809326172
2025-02-12,2025-01-10,71.37,75.27377319335938,66.09324645996094,68.60432434082031,71.92564392089844,75.27377319335938,78.88427734375,81.7552490234375,83.81155395507812
2025-02-13,2025-01-13,71.29,77.05738830566406,66.31990051269531,69.28607940673828,73.1801986694336,77.05738830566406,81.25218963623047,84.55134582519531,86.89837646484375
2025-02-14,2025-01-14,70.74,74.16009521484375,61.854637145996094,65.20650482177734,69.65498352050781,74.16009521484375,78.74002075195312,82.27114868164062,84.77217102050781
2025-02-18,2025-01-15,71.85,72.76130676269531,57.94230651855469,61.88549041748047,67.10736083984375,72.76130676269531,78.56611633300781,82.61569213867188,85.47539520263672
2025-02-19,2025-01-16,72.25,71.30535125732422,58.017539978027344,61.55215835571289,66.24749755859375,71.30535125732422,76.46682739257812,80.12425231933594,82.71246337890625
2025-02-20,2025-01-17,72.57,73.54312133789062,61.153167724609375,64.45501708984375,68.8825454711914,73.54312133789062,78.07901000976562,81.4666519165039,83.85357666015625
2025-02-21,2025-01-21,70.4,74.27071380615234,63.435516357421875,66.30644989013672,70.17774200439453,74.27071380615234,78.30146026611328,81.42405700683594,83.63252258300781
2025-02-24,2025-01-22,70.7,72.60449981689453,62.18579864501953,64.931396484375,68.64789581298828,72.60449981689453,76.40982818603516,79.19066619873047,81.12862396240234
2025-02-25,2025-01-23,68.93,69.82069396972656,58.83111572265625,61.72336196899414,65.6376953125,69.82069396972656,73.85069274902344,76.85283660888672,78.96377563476562
2025-02-26,2025-01-24,68.62,70.83304595947266,60.60101318359375,63.287784576416016,66.92805480957031,70.83304595947266,74.73079681396484,77.70894622802734,79.82478332519531
2025-02-27,2025-01-27,70.35,69.91719055175781,60.32469940185547,62.82223892211914,66.21734619140625,69.91719055175781,73.47319030761719,76.14971923828125,78.03971862792969
2025-02-28,2025-01-28,69.76,71.11053466796875,62.465301513671875,64.67977905273438,67.70475006103516,71.11053466796875,74.50928497314453,77.1386947631836,79.01158905029297
2025-03-03,2025-01-29,68.37,68.98670959472656,60.284423828125,62.51158905029297,65.55145263671875,68.98670959472656,72.46424102783203,75.24091339111328,77.23792266845703
2025-03-04,2025-01-30,68.26,67.32689666748047,58.493072509765625,60.781105041503906,63.88828659057617,67.32689666748047,70.78929138183594,73.55207824707031,75.55119323730469
2025-03-05,2025-01-31,66.31,67.35742950439453,58.36827087402344,60.72818374633789,63.91004180908203,67.35742950439453,70.74684143066406,73.50076293945312,75.50155639648438
2025-03-06,2025-02-03,66.36,68.09944152832031,59.64125442504883,61.820533752441406,64.77859497070312,68.09944152832031,71.37535095214844,73.98336791992188,75.86283874511719
2025-03-07,2025-02-04,67.04,66.54322052001953,58.28184127807617,60.41716766357422,63.315650939941406,66.54322052001953,69.68170166015625,72.12391662597656,73.88046264648438
2025-03-10,2025-02-05,66.03,62.946556091308594,53.638145446777344,56.02471160888672,59.271366119384766,62.946556091308594,66.45545196533203,69.12154388427734,71.03245544433594
2025-03-11,2025-02-06,66.25,62.89710235595703,53.66454315185547,56.02841567993164,59.24247360229492,62.89710235595703,66.52958679199219,69.29934692382812,71.27274322509766
2025-03-12,2025-02-07,67.68,63.584102630615234,53.33102798461914,56.039546966552734,59.682884216308594,63.584102630615234,67.38050842285156,70.23494720458984,72.25981903076172
2025-03-13,2025-02-10,66.55,64.5154037475586,54.90074920654297,57.407379150390625,60.79010009765625,64.5154037475586,68.18421936035156,70.9728775024414,72.96479034423828
2025-03-14,2025-02-11,67.18,68.7951889038086,58.73915100097656,61.39830780029297,64.97515869140625,68.7951889038086,72.49759674072266,75.356689453125,77.3895492553711
2025-03-17,2025-02-12,67.58,68.86402893066406,60.079864501953125,62.358787536621094,65.44989776611328,68.86402893066406,72.2584228515625,74.97090148925781,76.91036224365234
2025-03-18,2025-02-13,66.9,68.45391082763672,59.19544219970703,61.63788604736328,64.93513488769531,68.45391082763672,71.8841552734375,74.55986785888672,76.46168518066406
2025-03-19,2025-02-14,67.16,66.8312759399414,57.91571044921875,60.232513427734375,63.37915802001953,66.8312759399414,70.31623840332031,73.0647964477539,75.02676391601562
2025-03-20,2025-02-18,68.26,67.28219604492188,58.46806335449219,60.7200927734375,63.79844665527344,67.28219604492188,70.80235290527344,73.54527282714844,75.50123596191406
2025-03-21,2025-02-19,68.28,68.25361633300781,59.49116134643555,61.73973083496094,64.80680084228516,68.25361633300781,71.69985961914062,74.4287338256836,76.3908920288086
2025-03-24,2025-02-20,69.11,68.18264770507812,59.758201599121094,61.914756774902344,64.85687255859375,68.18264770507812,71.56356811523438,74.26461791992188,76.21310424804688
2025-03-25,2025-02-21,69.0,64.30033874511719,55.22076416015625,57.562461853027344,60.74763870239258,64.30033874511719,67.74252319335938,70.42086791992188,72.34027862548828
2025-03-26,2025-02-24,69.65,63.16312026977539,52.57036590576172,55.38750457763672,59.161949157714844,63.16312026977539,66.9128646850586,69.7562255859375,71.79052734375
2025-03-27,2025-02-25,69.92,61.56074142456055,50.55339050292969,53.50149917602539,57.43584442138672,61.56074142456055,65.33030700683594,68.1662368774414,70.1939697265625
2025-03-28,2025-02-26,69.36,61.03790283203125,50.64073181152344,53.38978958129883,57.08632278442383,61.03790283203125,64.60820007324219,67.28409576416016,69.18878173828125
2025-03-31,2025-02-27,71.48,61.2572135925293,49.662071228027344,52.7886962890625,56.94526672363281,61.2572135925293,65.22908782958984,68.0929946899414,70.12553405761719
2025-04-01,2025-02-28,71.2,59.42990493774414,47.720977783203125,50.83199691772461,54.96730422973633,59.42990493774414,63.60004806518555,66.44908142089844,68.45154571533203
2025-04-02,2025-03-03,71.71,59.38636779785156,47.11394119262695,50.39823913574219,54.757232666015625,59.38636779785156,63.643211364746094,66.54879760742188,68.58673095703125
2025-04-03,2025-03-04,66.95,60.67390441894531,47.96870803833008,51.43987274169922,56.03406524658203,60.67390441894531,64.82516479492188,67.7386474609375,69.7853012084961
2025-04-04,2025-03-05,61.99,59.272605895996094,48.173439025878906,51.13277053833008,55.08775329589844,59.272605895996094,63.02984619140625,65.70114135742188,67.57124328613281
2025-04-07,2025-03-06,60.7,60.840721130371094,49.521583557128906,52.56813430786133,56.63941192626953,60.840721130371094,64.58181762695312,67.38491821289062,69.37869262695312
2025-04-08,2025-03-07,59.58,63.84741973876953,54.33096694946289,56.829017639160156,60.205970764160156,63.84741973876953,67.25936126708984,69.9588394165039,71.90093231201172
2025-04-09,2025-03-10,62.35,64.64376068115234,55.61664962768555,57.989044189453125,61.194557189941406,64.64376068115234,67.90855407714844,70.51242065429688,72.38702392578125
2025-04-10,2025-03-11,60.07,62.52806091308594,53.55796813964844,55.909088134765625,59.091182708740234,62.52806091308594,65.72544860839844,68.2315902709961,70.02526092529297
2025-04-11,2025-03-12,61.5,61.80562210083008,51.90106201171875,54.504608154296875,58.02656173706055,61.80562210083008,65.29136657714844,67.94246673583984,69.82626342773438
2025-04-14,2025-03-13,61.53,62.25371170043945,52.79000473022461,55.27693176269531,58.64137268066406,62.25371170043945,65.64492797851562,68.29608917236328,70.19281768798828
2025-04-15,2025-03-14,61.33,62.258201599121094,53.38929748535156,55.700374603271484,58.83222579956055,62.258201599121094,65.51532745361328,68.00082397460938,69.77315521240234
2025-04-16,2025-03-17,62.47,60.9122428894043,51.38494110107422,53.908348083496094,57.29899597167969,60.9122428894043,64.38307189941406,67.02779388427734,68.91813659667969
2025-04-17,2025-03-18,64.68,61.916324615478516,51.306793212890625,54.168975830078125,57.992916107177734,61.916324615478516,65.6756591796875,68.55677795410156,70.61355590820312
2025-04-21,2025-03-19,63.08,60.89140319824219,49.97514343261719,52.89862823486328,56.80939483642578,60.89140319824219,64.729248046875,67.6475601196289,69.72940063476562
2025-04-22,2025-03-20,64.31,60.29969024658203,49.569000244140625,52.417232513427734,56.22637939453125,60.29969024658203,64.12136840820312,66.90569305419922,68.87834930419922
2025-04-23,2025-03-21,62.27,61.114990234375,49.55759811401367,52.69404602050781,56.865142822265625,61.114990234375,64.99018096923828,67.818603515625,69.82086944580078
2025-04-24,2025-03-24,62.79,60.94135284423828,47.91664123535156,51.46189880371094,56.1424560546875,60.94135284423828,65.34329223632812,68.43492126464844,70.62625122070312
2025-04-25,2025-03-25,63.02,63.03811264038086,50.228187561035156,53.6954345703125,58.308982849121094,63.03811264038086,67.3876953125,70.63248443603516,72.95494079589844
2025-04-28,2025-03-26,62.05,64.68506622314453,52.204437255859375,55.54939651489258,60.025856018066406,64.68506622314453,69.02119445800781,72.3067398071289,74.66483306884766
2025-04-29,2025-03-27,60.42,63.70673370361328,52.79191207885742,55.66255187988281,59.52149963378906,63.70673370361328,67.74885559082031,70.72821044921875,72.8487548828125
2025-04-30,2025-03-28,58.21,63.683372497558594,53.67103576660156,56.295005798339844,59.8388671875,63.683372497558594,67.4859619140625,70.36348724365234,72.41761016845703
2025-05-01,2025-03-31,59.24,65.77848052978516,55.96009826660156,58.51387023925781,61.97026824951172,65.77848052978516,69.64532470703125,72.53752899169922,74.59131622314453
2025-05-02,2025-04-01,58.29,67.58362579345703,58.839569091796875,61.10123062133789,64.17796325683594,67.58362579345703,71.01309967041016,73.60284423828125,75.44070434570312
2025-05-05,2025-04-02,57.13,67.30766296386719,57.728973388671875,60.183895111083984,63.524105072021484,67.30766296386719,71.14957427978516,74.107421875,76.21379089355469
2025-05-06,2025-04-03,59.09,62.55589294433594,51.7472038269043,54.58856964111328,58.42473602294922,62.55589294433594,66.47319030761719,69.37458038330078,71.42513275146484
2025-05-07,2025-04-04,58.07,57.51287841796875,45.99409484863281,49.02177810668945,53.08326721191406,57.51287841796875,61.75885772705078,64.78620147705078,66.92524719238281
2025-05-08,2025-04-07,59.91,55.747840881347656,45.089759826660156,47.916473388671875,51.7210578918457,55.747840881347656,59.48710250854492,62.2916374206543,64.2823486328125
2025-05-09,2025-04-08,61.02,53.58567810058594,41.89421844482422,45.00812530517578,49.193519592285156,53.58567810058594,57.66632080078125,60.68648147583008,62.81956481933594
2025-05-12,2025-04-09,61.95,60.75539779663086,47.493980407714844,51.19915771484375,56.12384796142578,60.75539779663086,64.90164184570312,68.16639709472656,70.5008773803711
2025-05-13,2025-04-10,63.67,58.218101501464844,45.554473876953125,49.03638458251953,53.679447174072266,58.218101501464844,62.347816467285156,65.75004577636719,68.21592712402344
2025-05-14,2025-04-11,63.15,58.03615188598633,46.03661346435547,49.292850494384766,53.6424674987793,58.03615188598633,61.99026870727539,65.06856536865234,67.2680892944336
2025-05-15,2025-04-14,61.62,59.15350341796875,47.47626495361328,50.7079963684082,55.013710021972656,59.15350341796875,62.93699645996094,66.02191925048828,68.2422866821289
2025-05-16,2025-04-15,62.49,59.47899627685547,47.97380828857422,51.10612869262695,55.30078887939453,59.47899627685547,63.27933883666992,66.30104064941406,68.45848846435547
2025-05-19,2025-04-16,62.69,61.65385818481445,50.654273986816406,53.693206787109375,57.74320983886719,61.65385818481445,65.33158874511719,68.3734130859375,70.56446075439453
2025-05-20,2025-04-17,62.56,62.2912712097168,50.13893508911133,53.525367736816406,58.019203186035156,62.2912712097168,66.20587158203125,69.36494445800781,71.62906646728516
2025-05-21,2025-04-21,61.57,59.42216110229492,47.02008819580078,50.4854736328125,55.07685089111328,59.42216110229492,63.36159133911133,66.40548706054688,68.5597152709961
2025-05-22,2025-04-22,61.2,58.864280700683594,46.19654083251953,49.76368713378906,54.47030258178711,58.864280700683594,62.92610168457031,65.99549102783203,68.16182708740234
2025-05-23,2025-04-23,61.53,57.01861572265625,43.82013702392578,47.56725311279297,52.49415969848633,57.01861572265625,61.12688446044922,64.26912689208984,66.49459838867188
2025-05-27,2025-04-24,60.89,58.350704193115234,46.17982482910156,49.59115219116211,54.089813232421875,58.350704193115234,62.263458251953125,65.37200164794922,67.59125518798828
2025-05-28,2025-04-25,61.84,59.11376190185547,45.94731140136719,49.66835021972656,54.5639762878418,59.11376190185547,63.298133850097656,66.6399154663086,69.0226058959961
2025-05-29,2025-04-28,60.94,57.21038818359375,43.981571197509766,47.660823822021484,52.536659240722656,57.21038818359375,61.52846145629883,64.83281707763672,67.18202209472656
2025-05-30,2025-04-29,60.79,53.57112503051758,41.194122314453125,44.622650146484375,49.159454345703125,53.57112503051758,57.7236442565918,60.838226318359375,63.05597686767578
2025-06-02,2025-04-30,62.52,53.195289611816406,41.96463394165039,45.06846618652344,49.19916534423828,53.195289611816406,56.938167572021484,59.76859664916992,61.768402099609375
2025-06-03,2025-05-01,63.41,53.09456253051758,41.131248474121094,44.42374038696289,48.810245513916016,53.09456253051758,57.05131530761719,59.98398208618164,62.03208541870117
2025-06-04,2025-05-02,62.85,57.1265754699707,44.72772979736328,48.213829040527344,52.83882522583008,57.1265754699707,61.08393096923828,64.22793579101562,66.46481323242188
2025-06-05,2025-05-05,63.37,55.55952453613281,43.06145477294922,46.55378723144531,51.19403839111328,55.55952453613281,59.48325729370117,62.618953704833984,64.85362243652344
2025-06-06,2025-05-06,64.58,57.14280700683594,45.40262985229492,48.742496490478516,53.157012939453125,57.14280700683594,60.77623748779297,63.73536682128906,65.85649108886719
2025-06-09,2025-05-07,65.29,56.56867599487305,45.29886245727539,48.462730407714844,52.67045593261719,56.56867599487305,60.14195251464844,63.05759048461914,65.14703369140625
2025-06-10,2025-05-08,64.98,59.93448257446289,49.95539093017578,52.759918212890625,56.48008728027344,59.93448257446289,63.16033935546875,65.790283203125,67.67329406738281
2025-06-11,2025-05-09,68.15,62.45365905761719,53.601348876953125,56.056068420410156,59.325164794921875,62.45365905761719,65.53117370605469,68.07624816894531,69.9097900390625
2025-06-12,2025-05-12,68.04,62.56215286254883,53.49608612060547,56.06748962402344,59.46424102783203,62.56215286254883,65.61358642578125,68.07766723632812,69.85164642333984
2025-06-13,2025-05-13,72.98,62.9998779296875,53.728721618652344,56.371055603027344,59.8518180847168,62.9998779296875,66.18603515625,68.7273941040039,70.55486297607422
2025-06-16,2025-05-14,71.77,61.02151107788086,50.90250778198242,53.74553298950195,57.50786590576172,61.02151107788086,64.54962158203125,67.34542846679688,69.34982299804688
2025-06-17,2025-05-15,74.84,59.85424041748047,49.37085723876953,52.34576416015625,56.269432067871094,59.85424041748047,63.47853088378906,66.33207702636719,68.37437438964844
2025-06-18,2025-05-16,75.14,59.66313171386719,49.29974365234375,52.197425842285156,56.0325813293457,59.66313171386719,63.259864807128906,66.12642669677734,68.1832504272461
2025-06-20,2025-05-19,74.93,61.90142059326172,51.749935150146484,54.56061553955078,58.302066802978516,61.90142059326172,65.47998809814453,68.29962921142578,70.31732177734375
2025-06-23,2025-05-20,68.51,61.10619354248047,51.06158447265625,53.797637939453125,57.460445404052734,61.10619354248047,64.73348999023438,67.57496643066406,69.61299133300781
2025-06-24,2025-05-21,64.37,57.66010665893555,46.99603271484375,49.95460510253906,53.88911819458008,57.66010665893555,61.31135559082031,64.0301742553711,65.96919250488281
2025-06-25,2025-05-22,64.92,58.04362106323242,49.477386474609375,51.8297233581543,54.975303649902344,58.04362106323242,61.113983154296875,63.46406555175781,65.15230560302734
2025-06-26,2025-05-23,65.24,58.62023162841797,49.59146499633789,52.06895446777344,55.38683319091797,58.62023162841797,61.81367492675781,64.25607299804688,66.00520324707031
2025-06-27,2025-05-27,65.52,60.01418685913086,50.63764190673828,53.20552062988281,56.65097427368164,60.01418685913086,63.34249496459961,65.99745178222656,67.91692352294922
2025-06-30,2025-05-28,65.11,59.803741455078125,49.87149429321289,52.625938415527344,56.30726623535156,59.803741455078125,63.24290084838867,65.97493743896484,67.9539566040039
2025-07-01,2025-05-29,65.45,59.712257385253906,50.85284423828125,53.275001525878906,56.529930114746094,59.712257385253906,62.780067443847656,65.2232894897461,66.99301147460938
2025-07-02,2025-05-30,67.45,59.609344482421875,50.55094528198242,53.02910614013672,56.362159729003906,59.609344482421875,62.723697662353516,65.21281433105469,67.01504516601562
2025-07-03,2025-06-02,67.0,62.73712921142578,54.859291076660156,57.018280029296875,59.91325378417969,62.73712921142578,65.56346130371094,67.84030151367188,69.49625396728516
2025-07-04,2025-06-03,66.5,64.32982635498047,57.10736846923828,59.02722930908203,61.623016357421875,64.32982635498047,67.1458740234375,69.4747085571289,71.1702880859375
2025-07-07,2025-06-04,67.93,64.24418640136719,57.05970764160156,58.994651794433594,61.59616470336914,64.24418640136719,67.05497741699219,69.36217498779297,71.0418930053711
2025-07-08,2025-06-05,68.33,63.85242462158203,56.53586196899414,58.50135803222656,61.147029876708984,63.85242462158203,66.74418640136719,69.10177612304688,70.8149642944336
2025-07-09,2025-06-06,68.38,63.326637268066406,55.35590362548828,57.4874153137207,60.36009979248047,63.326637268066406,66.38005065917969,68.87171173095703,70.68199920654297
2025-07-10,2025-06-09,66.57,62.69371032714844,55.114139556884766,57.118980407714844,59.83014678955078,62.69371032714844,65.64540100097656,68.03755187988281,69.77483367919922
2025-07-11,2025-06-10,68.45,61.69227981567383,54.10722351074219,56.11761474609375,58.83380889892578,61.69227981567383,64.58856201171875,66.93392944335938,68.634033203125
2025-07-14,2025-06-11,66.98,66.85015869140625,58.31912612915039,60.55552291870117,63.58746337890625,66.85015869140625,70.28025817871094,73.14701080322266,75.23065948486328
2025-07-15,2025-06-12,66.52,67.33907318115234,59.165000915527344,61.25979995727539,64.12448120117188,67.33907318115234,70.71945190429688,73.57036590576172,75.63288879394531
2025-07-16,2025-06-13,66.38,68.28434753417969,57.9160041809082,60.607139587402344,64.25894165039062,68.28434753417969,72.45338439941406,75.77703857421875,78.16146087646484
2025-07-17,2025-06-16,67.54,66.87610626220703,58.024600982666016,60.31742858886719,63.43297576904297,66.87610626220703,70.40129852294922,73.2165298461914,75.24700164794922
2025-07-18,2025-06-17,67.34,69.62663269042969,59.90637969970703,62.398597717285156,65.79116821289062,69.62663269042969,73.65030670166016,76.8587646484375,79.1640396118164
2025-07-21,2025-06-18,67.2,70.76062774658203,61.16642761230469,63.62786102294922,66.97533416748047,70.76062774658203,74.80609130859375,78.08995056152344,80.45318603515625
2025-07-22,2025-06-20,66.21,70.09490203857422,59.734275817871094,62.396697998046875,66.01423645019531,70.09490203857422,74.46351623535156,78.0217514038086,80.58263397216797
2025-07-23,2025-06-23,65.25,65.78286743164062,57.3861083984375,59.58695602416992,62.56298828125,65.78286743164062,69.11358642578125,71.95931243896484,74.03144073486328
2025-07-24,2025-06-24,66.03,64.12531280517578,55.095272064208984,57.49845886230469,60.73631286621094,64.12531280517578,67.71715545654297,70.95222473144531,73.34281921386719
2025-07-25,2025-06-25,65.16,65.25387573242188,57.33527374267578,59.44206619262695,62.28424072265625,65.25387573242188,68.32408142089844,71.00931549072266,72.98176574707031
2025-07-28,2025-06-26,66.71,66.14092254638672,58.298011779785156,60.34735870361328,63.125694274902344,66.14092254638672,69.39509582519531,72.26882934570312,74.37720489501953
2025-07-29,2025-06-27,69.21,65.73904418945312,57.58155822753906,59.758026123046875,62.68665313720703,65.73904418945312,69.06716918945312,72.07157135009766,74.2917251586914
2025-07-30,2025-06-30,70.0,65.20207977294922,57.19432830810547,59.322357177734375,62.19053649902344,65.20207977294922,68.45071411132812,71.31834411621094,73.42648315429688
2025-07-31,2025-07-01,69.26,64.94145202636719,56.418434143066406,58.70441436767578,61.775543212890625,64.94145202636719,68.29226684570312,71.24473571777344,73.41166687011719
2025-08-01,2025-07-02,67.33,65.62604522705078,57.591880798339844,59.679840087890625,62.51839828491211,65.62604522705078,69.01443481445312,71.91666412353516,74.03543853759766
2025-08-04,2025-07-03,66.29,65.50309753417969,57.77887725830078,59.82026672363281,62.57646179199219,65.50309753417969,68.67474365234375,71.51675415039062,73.62237548828125
2025-08-05,2025-07-04,65.16,65.8493881225586,56.54124069213867,59.04164123535156,62.39550018310547,65.8493881225586,69.66929626464844,73.43086242675781,76.25062561035156
2025-08-06,2025-07-07,64.35,68.13277435302734,58.931400299072266,61.35201644897461,64.6180419921875,68.13277435302734,72.001708984375,75.61831665039062,78.29023742675781
2025-08-07,2025-07-08,63.88,68.13203430175781,58.193077087402344,60.812217712402344,64.3465805053711,68.13203430175781,72.227294921875,75.95665740966797,78.70183563232422
2025-08-08,2025-07-09,63.88,67.32112121582031,58.76475143432617,61.018577575683594,64.06202697753906,67.32112121582031,70.75518798828125,73.90187072753906,76.23615264892578
2025-08-11,2025-07-10,63.96,67.1451187133789,58.18292236328125,60.541263580322266,63.73100280761719,67.1451187133789,70.69667053222656,73.93923950195312,76.33394622802734
2025-08-12,2025-07-11,63.17,68.2026138305664,59.616233825683594,61.82730484008789,64.84068298339844,68.2026138305664,71.81658935546875,75.05310821533203,77.4347152709961
2025-08-13,2025-07-14,62.65,66.85669708251953,57.84963607788086,60.1783447265625,63.347572326660156,66.85669708251953,70.61004638671875,73.92469787597656,76.35758209228516
2025-08-14,2025-07-15,63.96,66.44957733154297,58.738460540771484,60.71497344970703,63.41059112548828,66.44957733154297,69.82600402832031,73.02667236328125,75.41581726074219
2025-08-15,2025-07-16,62.8,65.9835433959961,57.664581298828125,59.84170150756836,62.79053497314453,65.9835433959961,69.63296508789062,73.32305908203125,76.10515594482422
2025-08-18,2025-07-17,63.42,66.89115905761719,59.2002067565918,61.220985412597656,63.954368591308594,66.89115905761719,70.08648681640625,72.99906921386719,75.1578369140625
2025-08-19,2025-07-18,62.35,67.03348541259766,59.32728576660156,61.33180236816406,64.04998779296875,67.03348541259766,70.29833984375,73.34547424316406,75.6034927368164
2025-08-20,2025-07-21,63.21,66.35569763183594,58.70137023925781,60.72336959838867,63.44990539550781,66.35569763183594,69.54843139648438,72.62329864501953,74.91783905029297
2025-08-21,2025-07-22,63.52,66.13549041748047,58.740909576416016,60.67805099487305,63.29693603515625,66.13549041748047,69.19004821777344,71.99187469482422,74.06047821044922
2025-08-22,2025-07-23,63.66,65.40512084960938,57.350868225097656,59.45811462402344,62.31012725830078,65.40512084960938,68.63594055175781,71.54918670654297,73.68878173828125
2025-08-25,2025-07-24,64.8,65.4786148071289,58.27777862548828,60.16015625,62.706729888916016,65.4786148071289,68.40777587890625,70.99449920654297,72.89634704589844
2025-08-26,2025-07-25,63.25,65.18832397460938,58.310516357421875,60.100215911865234,62.526039123535156,65.18832397460938,68.0516586303711,70.6759033203125,72.62104797363281
2025-08-27,2025-07-28,64.15,65.81277465820312,57.93233108520508,59.98794937133789,62.77202606201172,65.81277465820312,69.07185363769531,72.10530853271484,74.35912322998047
2025-08-28,2025-07-29,64.6,68.61075592041016,60.79774475097656,62.80158996582031,65.5252685546875,68.61075592041016,72.11265563964844,75.345703125,77.74162292480469
2025-08-29,2025-07-30,64.01,69.33161926269531,61.280723571777344,63.33393859863281,66.12898254394531,69.33161926269531,72.99842834472656,76.34130096435547,78.81651306152344
2025-09-02,2025-07-31,65.59,68.07547760009766,60.75810241699219,62.658973693847656,65.23199462890625,68.07547760009766,71.13441467285156,73.90458679199219,75.96057891845703
2025-09-03,2025-08-01,63.97,67.77806854248047,59.91347885131836,61.95153045654297,64.71614074707031,67.77806854248047,71.03208923339844,74.02786254882812,76.24940490722656
2025-09-04,2025-08-04,63.48,66.85224151611328,58.49230194091797,60.65458297729492,63.595184326171875,66.85224151611328,70.26602172851562,73.42980194091797,75.77603912353516
2025-09-05,2025-08-05,61.87,65.58765411376953,56.413597106933594,58.78582000732422,62.017173767089844,65.58765411376953,69.23726654052734,72.60977935791016,75.10482025146484
2025-09-08,2025-08-06,62.26,65.40686798095703,57.29255676269531,59.38115692138672,62.2296257019043,65.40686798095703,68.7466812133789,71.93721771240234,74.32019805908203
2025-09-09,2025-08-07,62.63,64.68901062011719,56.894554138183594,58.892478942871094,61.618858337402344,64.68901062011719,67.99490356445312,71.25175476074219,73.69609832763672
2025-09-10,2025-08-08,63.67,64.67554473876953,57.05989074707031,59.0205078125,61.6965217590332,64.67554473876953,67.76350402832031,70.66576385498047,72.8233413696289
2025-09-11,2025-08-11,62.37,64.46755981445312,57.02446746826172,58.920440673828125,61.515621185302734,64.46755981445312,67.59266662597656,70.5697021484375,72.7769546508789
2025-09-12,2025-08-12,62.69,63.00456237792969,55.405818939208984,57.37327575683594,60.05010986328125,63.00456237792969,66.07870483398438,69.00996398925781,71.18264770507812
2025-09-15,2025-08-13,63.3,63.42210388183594,55.94124984741211,57.87783432006836,60.50962448120117,63.42210388183594,66.47911071777344,69.34059143066406,71.44810485839844
2025-09-16,2025-08-14,64.52,64.46981811523438,56.685333251953125,58.70726013183594,61.45065689086914,64.46981811523438,67.67124938964844,70.69011688232422,72.9223403930664
2025-09-17,2025-08-15,64.05,63.56066131591797,56.45044708251953,58.28660202026367,60.78190612792969,63.56066131591797,66.54234313964844,69.32058715820312,71.37232971191406
2025-09-18,2025-08-18,63.57,63.63496780395508,56.56527328491211,58.39640808105469,60.8813362121582,63.63496780395508,66.55787658691406,69.28849792480469,71.30847930908203
2025-09-19,2025-08-19,62.68,62.40498733520508,54.39982986450195,56.495452880859375,59.33672332763672,62.40498733520508,65.61412048339844,68.70428466796875,71.00872039794922
2025-09-22,2025-08-20,62.64,63.53056716918945,55.920684814453125,57.87604904174805,60.54194641113281,63.53056716918945,66.73308563232422,69.78599548339844,72.05924987792969
2025-09-23,2025-08-21,63.41,63.23074722290039,55.83152770996094,57.72919464111328,60.31549835205078,63.23074722290039,66.34756469726562,69.32532501220703,71.54688262939453
2025-09-24,2025-08-22,64.99,63.09050750732422,55.73659133911133,57.62918472290039,60.20240020751953,63.09050750732422,66.05128479003906,68.78202819824219,70.8076171875
2025-09-25,2025-08-25,64.98,64.24817657470703,57.233741760253906,58.990806579589844,61.4011344909668,64.24817657470703,67.26463317871094,70.05765533447266,72.12870788574219
2025-09-26,2025-08-26,65.72,62.847328186035156,55.285423278808594,57.181373596191406,59.789703369140625,62.847328186035156,66.05307006835938,68.98430633544922,71.15039825439453
2025-09-29,2025-08-27,63.45,63.30830383300781,55.40922546386719,57.37083053588867,60.07501220703125,63.30830383300781,66.75595092773438,69.87721252441406,72.17274475097656
2025-09-30,2025-08-28,62.37,64.29988098144531,56.973350524902344,58.801231384277344,61.32044982910156,64.29988098144531,67.491943359375,70.37330627441406,72.49083709716797
2025-10-01,2025-08-29,61.78,63.862510681152344,56.668853759765625,58.44908142089844,60.90781784057617,63.862510681152344,67.09550476074219,70.07876586914062,72.271484375
2025-10-02,2025-09-02,60.48,65.80054473876953,58.178306579589844,60.101646423339844,62.745201110839844,65.80054473876953,69.021484375,71.88720703125,73.9822006225586
2025-10-03,2025-09-03,60.88,64.3488998413086,56.85730743408203,58.739990234375,61.3338737487793,64.3488998413086,67.55001831054688,70.52338409423828,72.71219635009766
2025-10-06,2025-09-04,61.69,63.02088928222656,55.1875114440918,57.15869140625,59.869712829589844,63.02088928222656,66.27955627441406,69.28736877441406,71.49893188476562
2025-10-07,2025-09-05,61.73,62.933692932128906,55.83418655395508,57.62306594848633,60.080909729003906,62.933692932128906,65.89944458007812,68.62698364257812,70.62915802001953
2025-10-08,2025-09-08,62.55,63.068599700927734,55.2801628112793,57.26283645629883,59.975555419921875,63.068599700927734,66.30084991455078,69.30570983886719,71.52139282226562
2025-10-09,2025-09-09,61.51,63.63325119018555,56.27845764160156,58.13127136230469,60.67528533935547,63.63325119018555,66.76327514648438,69.67363739013672,71.81838989257812
2025-10-10,2025-09-10,58.9,64.2225341796875,56.79303741455078,58.68507766723633,61.27268600463867,64.2225341796875,67.30220031738281,70.10836791992188,72.16777801513672
2025-10-13,2025-09-11,59.49,62.67439651489258,54.944053649902344,56.92090606689453,59.624473571777344,62.67439651489258,65.86296081542969,68.88156127929688,71.11611938476562
2025-10-14,2025-09-12,58.7,63.13847732543945,55.479434967041016,57.454315185546875,60.143489837646484,63.13847732543945,66.27040100097656,69.28130340576172,71.51988220214844
2025-10-15,2025-09-15,58.27,63.681678771972656,56.50077438354492,58.33483123779297,60.838890075683594,63.681678771972656,66.69985961914062,69.60010528564453,71.75746154785156
2025-10-16,2025-09-16,57.46,65.00730895996094,58.11555480957031,59.87942123413086,62.2808837890625,65.00730895996094,67.90147399902344,70.60052490234375,72.59886932373047
2025-10-17,2025-09-17,57.54,64.75137329101562,58.141929626464844,59.80697250366211,62.08961486816406,64.75137329101562,67.59431457519531,70.27433776855469,72.259765625
2025-10-20,2025-09-18,57.52,63.680519104003906,56.76457214355469,58.512351989746094,60.90924072265625,63.680519104003906,66.59432983398438,69.31026458740234,71.31836700439453
2025-10-21,2025-09-19,57.82,63.03724670410156,56.08864974975586,57.826072692871094,60.21800231933594,63.03724670410156,66.0084228515625,68.70556640625,70.6838607788086
2025-10-22,2025-09-22,58.5,63.95623016357422,57.456573486328125,59.078426361083984,61.31621551513672,63.95623016357422,66.74798583984375,69.23566436767578,71.0513687133789
2025-10-23,2025-09-23,61.79,64.57149505615234,58.100852966308594,59.71684646606445,61.94453048706055,64.57149505615234,67.47265625,70.1901626586914,72.19137573242188
2025-10-24,2025-09-24,61.5,66.91632080078125,60.51064682006836,62.13481140136719,64.36421203613281,66.91632080078125,69.66990661621094,72.08517456054688,73.84603118896484
2025-10-27,2025-09-25,61.31,66.2806167602539,59.85118103027344,61.47444534301758,63.70194625854492,66.2806167602539,69.14241790771484,71.76567077636719,73.69548797607422
2025-10-28,2025-09-26,60.15,66.82767486572266,60.16389465332031,61.85227966308594,64.16229248046875,66.82767486572266,69.75765991210938,72.39659118652344,74.33085632324219
2025-10-29,2025-09-29,60.48,65.3471450805664,59.236671447753906,60.798789978027344,62.93224334716797,65.3471450805664,67.96444702148438,70.36467742919922,72.13134002685547
2025-10-30,2025-09-30,60.57,64.22604370117188,57.22218704223633,59.02000045776367,61.46965026855469,64.22604370117188,67.16569519042969,69.85874938964844,71.83849334716797
2025-10-31,2025-10-01,60.98,64.2819595336914,57.472923278808594,59.1973876953125,61.559993743896484,64.2819595336914,67.233154296875,70.001953125,72.04865264892578
2025-11-03,2025-10-02,61.05,63.220664978027344,56.20244598388672,58.00878143310547,60.47191619873047,63.220664978027344,66.07980346679688,68.63410186767578,70.49989318847656
2025-11-04,2025-10-03,60.56,61.986183166503906,54.654869079589844,56.545902252197266,59.12145233154297,61.986183166503906,64.95362854003906,67.697021484375,69.71912384033203
2025-11-05,2025-10-06,59.6,62.823516845703125,55.65917205810547,57.49851608276367,60.00440216064453,62.823516845703125,65.80018615722656,68.542724609375,70.56513977050781
2025-11-06,2025-10-07,59.43,63.270591735839844,56.79756164550781,58.44580841064453,60.697425842285156,63.270591735839844,66.02103424072266,68.57598876953125,70.46665954589844
2025-11-07,2025-10-08,59.75,64.89828491210938,58.440025329589844,60.09229278564453,62.3418083190918,64.89828491210938,67.64285278320312,70.15809631347656,72.01744079589844
2025-11-10,2025-10-09,60.13,64.27635192871094,58.187049865722656,59.73009490966797,61.8402099609375,64.27635192871094,66.91313171386719,69.34723663330078,71.14794921875
2025-11-11,2025-10-10,61.04,62.09096908569336,55.09714889526367,56.889339447021484,59.33550262451172,62.09096908569336,64.9405746459961,67.42842102050781,69.23433685302734
2025-11-12,2025-10-13,58.49,62.36181640625,55.78060531616211,57.45994186401367,59.75843048095703,62.36181640625,65.0616455078125,67.43565368652344,69.16442108154297
2025-11-13,2025-10-14,58.69,61.745155334472656,55.10263442993164,56.806297302246094,59.13304138183594,61.745155334472656,64.42362976074219,66.75460815429688,68.45063781738281
2025-11-14,2025-10-15,60.09,61.34557342529297,54.578330993652344,56.31291198730469,58.67924880981445,61.34557342529297,64.16544342041016,66.67105865478516,68.50141143798828
2025-11-17,2025-10-16,59.91,61.361549377441406,54.45178985595703,56.22984313964844,58.65321731567383,61.361549377441406,64.06065368652344,66.36981201171875,68.04399871826172
2025-11-18,2025-10-17,60.74,60.70216751098633,53.472930908203125,55.331092834472656,57.86277389526367,60.70216751098633,63.640811920166016,66.21089172363281,68.07987213134766
2025-11-19,2025-10-20,59.44,61.007102966308594,54.33043670654297,56.058204650878906,58.40665054321289,61.007102966308594,63.71501541137695,66.1517562866211,67.93324279785156
2025-11-20,2025-10-21,59.14,61.300533294677734,54.97174072265625,56.602699279785156,58.82508850097656,61.300533294677734,63.89349365234375,66.24646759033203,67.9666976928711
2025-11-21,2025-10-22,58.06,61.03016662597656,53.982757568359375,55.82844543457031,58.329444885253906,61.03016662597656,63.847007751464844,66.39314270019531,68.26298522949219
2025-11-24,2025-10-23,58.84,64.6950454711914,58.23065948486328,59.89282989501953,62.154388427734375,64.6950454711914,67.47537231445312,69.96385955810547,71.79261016845703
2025-11-25,2025-10-24,57.95,64.29653930664062,58.08057403564453,59.68906784057617,61.87551498413086,64.29653930664062,66.86183166503906,69.07711029052734,70.68531799316406
2025-11-26,2025-10-27,58.65,62.78207778930664,55.48569869995117,57.387718200683594,59.966304779052734,62.78207778930664,65.726318359375,68.24640655517578,70.06388092041016
2025-11-28,2025-10-28,58.55,62.20060348510742,54.51324462890625,56.529056549072266,59.2570686340332,62.20060348510742,65.32286071777344,68.06378173828125,70.05608367919922
2025-12-01,2025-10-29,59.32,62.53602981567383,54.8839225769043,56.873443603515625,59.575172424316406,62.53602981567383,65.7020263671875,68.47457885742188,70.49024963378906
2025-12-02,2025-10-30,58.64,63.85162353515625,56.68217086791992,58.54401779174805,61.07057189941406,63.85162353515625,66.89460754394531,69.55461883544922,71.48247528076172
2025-12-03,2025-10-31,58.95,64.14649200439453,57.29387664794922,59.07202911376953,61.486106872558594,64.14649200439453,67.080078125,69.61259460449219,71.44825744628906
2025-12-04,2025-11-03,59.67,64.21588897705078,57.57331848144531,59.31186294555664,61.663665771484375,64.21588897705078,67.001220703125,69.35131072998047,71.0387954711914
2025-12-05,2025-11-04,60.08,63.36257553100586,56.83473587036133,58.54151916503906,60.85545349121094,63.36257553100586,66.0581283569336,68.3115463256836,69.92481994628906
2025-12-08,2025-11-05,58.88,62.30670166015625,55.606346130371094,57.35239028930664,59.7219352722168,62.30670166015625,65.02294921875,67.29393768310547,68.91647338867188
2025-12-09,2025-11-06,58.25,61.62055969238281,54.92266845703125,56.64640808105469,58.99550247192383,61.62055969238281,64.5249252319336,67.03390502929688,68.82066345214844
2025-12-10,2025-11-07,58.46,61.63134002685547,54.937255859375,56.67152404785156,59.03257751464844,61.63134002685547,64.31210327148438,66.55781555175781,68.18002319335938
2025-12-11,2025-11-10,57.6,62.55429458618164,56.11211013793945,57.77849578857422,60.04987716674805,62.55429458618164,65.26036071777344,67.55799102783203,69.20187377929688
2025-12-12,2025-11-11,57.44,64.17771911621094,58.16371154785156,59.7093620300293,61.82062530517578,64.17771911621094,66.74946594238281,68.93681335449219,70.49983978271484
2025-12-15,2025-11-12,56.82,62.17710876464844,55.633079528808594,57.33112716674805,59.63987731933594,62.17710876464844,64.78378295898438,67.01934051513672,68.62474822998047
2025-12-16,2025-11-13,55.27,60.742393493652344,53.661285400390625,55.4890251159668,57.9775276184082,60.742393493652344,63.554664611816406,66.02229309082031,67.81666564941406
2025-12-17,2025-11-14,55.94,62.53530502319336,56.20856475830078,57.84044647216797,60.06422424316406,62.53530502319336,65.17878723144531,67.48157501220703,69.17878723144531
2025-12-18,2025-11-17,56.15,63.213043212890625,56.88885498046875,58.50587463378906,60.71823501586914,63.213043212890625,65.86257934570312,68.10786437988281,69.73426818847656
2025-12-19,2025-11-18,56.66,62.05473327636719,54.58058166503906,56.53684997558594,59.1920280456543,62.05473327636719,65.16429138183594,67.9273681640625,69.93314361572266
2025-12-22,2025-11-19,58.01,61.329811096191406,53.77899932861328,55.74341583251953,58.41654586791992,61.329811096191406,64.48774719238281,67.29576873779297,69.33213806152344
2025-12-23,2025-11-20,58.38,60.20402526855469,52.5389404296875,54.53282928466797,57.24380874633789,60.20402526855469,63.394779205322266,66.39173126220703,68.5979995727539
2025-12-24,2025-11-21,58.35,60.74662399291992,53.64664077758789,55.44792556762695,57.91371154785156,60.74662399291992,63.80918884277344,66.559814453125,68.55587005615234
2025-12-26,2025-11-24,56.74,59.26958084106445,51.84206771850586,53.734466552734375,56.319515228271484,59.26958084106445,62.40516662597656,65.28367614746094,67.40585327148438
2025-12-29,2025-11-25,58.08,58.232975006103516,50.95820617675781,52.7842903137207,55.290626525878906,58.232975006103516,61.338958740234375,64.07211303710938,66.06571960449219
2025-12-30,2025-11-26,57.95,57.89188003540039,50.540138244628906,52.38652801513672,54.92388916015625,57.89188003540039,60.94330596923828,63.50885009765625,65.3712158203125
2025-12-31,2025-11-28,57.42,58.14103698730469,50.51392364501953,52.47118377685547,55.14371109008789,58.14103698730469,61.168251037597656,63.76036071777344,65.63470458984375
2026-01-02,2025-12-01,57.32,59.6275634765625,52.66761779785156,54.45454406738281,56.893882751464844,59.6275634765625,62.54608154296875,65.21482849121094,67.15568542480469
2026-01-05,2025-12-02,58.32,56.12096405029297,48.77513885498047,50.648414611816406,53.21920394897461,56.12096405029297,58.94301223754883,61.30398941040039,63.027862548828125
2026-01-06,2025-12-03,57.13,58.98534393310547,52.14306640625,53.898704528808594,56.297794342041016,58.98534393310547,61.797035217285156,64.2518081665039,66.03324890136719
2026-01-07,2025-12-04,55.99,60.15962600708008,53.296634674072266,55.080787658691406,57.508544921875,60.15962600708008,62.96830749511719,65.46153259277344,67.27288818359375
2026-01-08,2025-12-05,57.76,59.662864685058594,52.16031265258789,54.118125915527344,56.780303955078125,59.662864685058594,62.65496826171875,65.22103881835938,67.08943176269531
2026-01-09,2025-12-08,59.12,58.46418762207031,50.35230255126953,52.47282028198242,55.35525894165039,58.46418762207031,61.61284637451172,64.39716339111328,66.43571472167969
2026-01-12,2025-12-09,59.5,57.83133316040039,49.852806091308594,51.94008255004883,54.7746696472168,57.83133316040039,60.91313934326172,63.66789245605469,65.69985961914062
2026-01-13,2025-12-10,61.15,58.55582046508789,50.15680694580078,52.359397888183594,55.348323822021484,58.55582046508789,61.7591667175293,64.58460998535156,66.63839721679688
2026-01-14,2025-12-11,62.02,57.94807434082031,50.141212463378906,52.175437927246094,54.941261291503906,57.94807434082031,61.12210464477539,64.12669372558594,66.32620239257812
2026-01-15,2025-12-12,59.19,57.39363479614258,49.51835632324219,51.553367614746094,54.331031799316406,57.39363479614258,60.64897918701172,63.80461502075195,66.1252212524414
2026-01-16,2025-12-15,59.44,56.65216064453125,49.54010772705078,51.37972640991211,53.884395599365234,56.65216064453125,59.68157196044922,62.727272033691406,64.99491119384766
2026-01-20,2025-12-16,60.34,55.448543548583984,48.46491622924805,50.210235595703125,52.614662170410156,55.448543548583984,58.49666213989258,61.35702896118164,63.46082305908203
2026-01-21,2025-12-17,60.62,53.70013427734375,46.58966827392578,48.382877349853516,50.84769058227539,53.70013427734375,56.63238525390625,59.25474548339844,61.18052291870117
2026-01-22,2025-12-18,59.36,52.632198333740234,45.720054626464844,47.43818283081055,49.80903625488281,52.632198333740234,55.5580940246582,58.12564468383789,60.00524139404297
2026-01-23,2025-12-19,61.07,50.92017364501953,43.39128112792969,45.28620910644531,47.89161682128906,50.92017364501953,53.8955078125,56.307640075683594,58.05360412597656
2026-01-26,2025-12-22,60.63,53.504844665527344,44.94935607910156,47.14915084838867,50.14588165283203,53.504844665527344,56.857826232910156,59.64018249511719,61.66291046142578
2026-01-27,2025-12-23,62.39,57.08080291748047,49.570770263671875,51.49726104736328,54.12174606323242,57.08080291748047,60.22587585449219,63.02384567260742,65.05955505371094
2026-01-28,2025-12-24,63.21,53.916778564453125,45.955772399902344,48.01445007324219,50.80964660644531,53.916778564453125,56.988677978515625,59.43635940551758,61.2080078125
2026-01-29,2025-12-26,65.42,55.49702072143555,48.00630187988281,49.947532653808594,52.589752197265625,55.49702072143555,58.47792053222656,61.058494567871094,62.945308685302734
2026-01-30,2025-12-29,65.21,57.59204864501953,50.274993896484375,52.183204650878906,54.77122116088867,57.59204864501953,60.55487823486328,63.18413543701172,65.1111068725586
2026-02-02,2025-12-30,62.14,56.15874481201172,48.610557556152344,50.58342742919922,53.26045227050781,56.15874481201172,59.17215347290039,61.69173049926758,63.523033142089844
2026-02-03,2025-12-31,63.21,56.07820510864258,48.084327697753906,50.16221237182617,52.989410400390625,56.07820510864258,59.26242446899414,61.97006607055664,63.93821716308594
2026-02-04,2026-01-02,65.14,56.488914489746094,49.1260986328125,51.023502349853516,53.60882568359375,56.488914489746094,59.466163635253906,62.057228088378906,63.94795227050781
2026-02-05,2026-01-05,63.29,57.76502990722656,49.933448791503906,51.991111755371094,54.77762222290039,57.76502990722656,60.85283279418945,63.47455978393555,65.37141418457031
2026-02-06,2026-01-06,63.55,57.11454772949219,50.34278106689453,52.07179641723633,54.43336486816406,57.11454772949219,60.04723358154297,62.73945617675781,64.69664764404297
2026-02-09,2026-01-07,64.36,56.13543701171875,49.14202880859375,50.91035079956055,53.3399543762207,56.13543701171875,59.15644836425781,61.955299377441406,63.9887809753418
2026-02-10,2026-01-08,63.96,57.52613830566406,50.935546875,52.64183044433594,54.96635818481445,57.52613830566406,60.331573486328125,63.06252670288086,65.0858154296875
2026-02-11,2026-01-09,64.63,58.2552490234375,51.802494049072266,53.44749450683594,55.69738006591797,58.2552490234375,61.09690475463867,63.68666076660156,65.58193969726562
2026-02-12,2026-01-12,62.84,57.51396942138672,50.7347526550293,52.454437255859375,54.80766677856445,57.51396942138672,60.42940902709961,62.982357025146484,64.8550796508789
2026-02-13,2026-01-13,62.89,58.559608459472656,51.34598159790039,53.12987518310547,55.58921813964844,58.559608459472656,61.87248611450195,64.73807525634766,66.83280181884766
2026-02-17,2026-01-14,62.33,58.003196716308594,50.807762145996094,52.60061264038086,55.064334869384766,58.003196716308594,61.26862335205078,63.93424606323242,65.86404418945312
2026-02-18,2026-01-15,65.19,56.865943908691406,49.28124237060547,51.20164489746094,53.83090591430664,56.865943908691406,60.12207794189453,62.803890228271484,64.74585723876953
2026-02-19,2026-01-16,66.43,58.45341110229492,51.708709716796875,53.41315460205078,55.745445251464844,58.45341110229492,61.548606872558594,64.45842742919922,66.60948944091797
2026-02-20,2026-01-20,66.39,58.231056213378906,50.81536102294922,52.73003387451172,55.333580017089844,58.231056213378906,61.373321533203125,64.05027770996094,66.00826263427734
2026-02-23,2026-01-21,66.31,59.14870834350586,52.06239700317383,53.86781311035156,56.331260681152344,59.14870834350586,62.28680419921875,65.07271575927734,67.12216186523438
2026-02-24,2026-01-22,65.63,58.6451416015625,51.57622528076172,53.40104675292969,55.883087158203125,58.6451416015625,61.6865234375,64.50559997558594,66.59429168701172
2026-02-25,2026-01-23,65.42,59.76905059814453,52.778404235839844,54.56110763549805,56.995880126953125,59.76905059814453,62.89067077636719,65.68331146240234,67.74436950683594
2026-02-26,2026-01-26,65.21,59.696292877197266,52.22771072387695,54.15937805175781,56.78453063964844,59.696292877197266,62.88996124267578,65.7054443359375,67.77500915527344
2026-02-27,2026-01-27,67.02,61.802974700927734,55.12725830078125,56.78322982788086,59.06736755371094,61.802974700927734,64.93728637695312,67.79006958007812,69.90946197509766
2026-03-02,2026-01-28,71.23,62.87178039550781,55.479488372802734,57.35614013671875,59.92597961425781,62.87178039550781,66.31272888183594,69.3745346069336,71.64484405517578
2026-03-03,2026-01-29,74.56,65.05896759033203,56.94346618652344,58.9373779296875,61.6939582824707,65.05896759033203,69.10287475585938,72.7717056274414,75.48228454589844
2026-03-04,2026-01-30,74.66,64.73863983154297,56.97932815551758,58.92848587036133,61.60421371459961,64.73863983154297,68.48312377929688,71.98029327392578,74.57856750488281
2026-03-05,2026-02-02,81.01,63.37042999267578,56.64039611816406,58.3464241027832,60.68779754638672,63.37042999267578,66.6139144897461,69.88072204589844,72.34546661376953
2026-03-06,2026-02-03,90.9,63.70827102661133,56.4620361328125,58.294883728027344,60.810020446777344,63.70827102661133,67.08303833007812,70.31014251708984,72.72518157958984
2026-03-09,2026-02-04,94.77,64.86103820800781,57.320396423339844,59.18937301635742,61.765960693359375,64.86103820800781,68.50751495361328,71.84513092041016,74.32052612304688
2026-03-10,2026-02-05,83.45,63.29527282714844,56.189456939697266,57.96187973022461,60.40304183959961,63.29527282714844,66.6323471069336,69.64913177490234,71.87664031982422
2026-03-11,2026-02-06,87.25,63.1312255859375,55.94394302368164,57.741844177246094,60.208641052246094,63.1312255859375,66.49263000488281,69.51310729980469,71.73699951171875
2026-03-12,2026-02-09,95.73,63.599002838134766,56.083377838134766,57.96364974975586,60.54327392578125,63.599002838134766,67.08914184570312,70.22496795654297,72.53795623779297
2026-03-13,2026-02-10,98.71,63.29492950439453,56.108699798583984,57.9018440246582,60.365142822265625,63.29492950439453,66.65283203125,69.75032806396484,72.04059600830078
2026-03-16,2026-02-11,93.5,64.22048950195312,56.853111267089844,58.711463928222656,61.25517272949219,64.22048950195312,67.4781494140625,70.38339233398438,72.5234603881836
2026-03-17,2026-02-12,96.21,62.91816329956055,55.107994079589844,57.07206726074219,59.76831817626953,62.91816329956055,66.3495864868164,69.43213653564453,71.70225524902344
2026-03-18,2026-02-13,96.32,62.926300048828125,55.78522491455078,57.58451843261719,60.0567626953125,62.926300048828125,66.07777404785156,68.95256042480469,71.0769271850586
2026-03-19,2026-02-17,96.14,62.413360595703125,55.67502975463867,57.37419128417969,59.70783233642578,62.413360595703125,65.31201934814453,67.83999633789062,69.68797302246094
2026-03-20,2026-02-18,98.32,64.22819519042969,56.97270965576172,58.79964065551758,61.30570983886719,64.22819519042969,67.4255599975586,70.17623138427734,72.19120788574219
2026-03-23,2026-02-19,88.13,65.78853607177734,58.83645248413086,60.533782958984375,62.88658142089844,65.78853607177734,69.0477066040039,71.8528060913086,73.92169952392578
2026-03-24,2026-02-20,92.35,66.05782318115234,59.129005432128906,60.82652282714844,63.17460632324219,66.05782318115234,69.2925796508789,72.10000610351562,74.16024017333984
2026-03-25,2026-02-23,90.32,66.21092987060547,59.017181396484375,60.77666473388672,63.21043395996094,66.21092987060547,69.63633728027344,72.72283935546875,74.99617767333984
2026-03-26,2026-02-24,94.48,65.66634368896484,58.61965560913086,60.355873107910156,62.75305938720703,65.66634368896484,68.98379516601562,72.01042175292969,74.24531555175781
2026-03-27,2026-02-25,99.64,66.32788848876953,59.888431549072266,61.465293884277344,63.650978088378906,66.32788848876953,69.45823669433594,72.40060424804688,74.58935546875
2026-03-30,2026-02-26,102.88,65.66763305664062,58.76228332519531,60.50071716308594,62.88554382324219,65.66763305664062,68.81381225585938,71.74240112304688,73.9134750366211
2026-03-31,2026-02-27,101.38,67.10729217529297,60.266361236572266,61.93788146972656,64.25213623046875,67.10729217529297,70.3897476196289,73.37010192871094,75.5750503540039
2026-04-01,2026-03-02,100.12,70.31214904785156,62.09172058105469,64.06427764892578,66.80653381347656,70.31214904785156,74.4992904663086,78.2055892944336,80.93528747558594
2026-04-02,2026-03-03,111.54,74.29191589355469,64.31722259521484,66.74049377441406,70.08406066894531,74.29191589355469,79.42981719970703,83.99869537353516,87.36740112304688
2026-04-06,2026-03-04,112.41,74.4984359741211,64.2270278930664,66.77376556396484,70.26490783691406,74.4984359741211,79.55563354492188,84.05708312988281,87.37731170654297
2026-04-07,2026-03-05,112.95,79.68330383300781,65.95176696777344,69.37985229492188,74.05947875976562,79.68330383300781,86.5024642944336,93.03150939941406,97.91273498535156
2026-04-08,2026-03-06,94.41,88.826904296875,67.48497772216797,72.82890319824219,80.14591979980469,88.826904296875,98.70372772216797,108.25251007080078,115.35755920410156
2026-04-09,2026-03-09,97.87,92.34629821777344,65.69107055664062,72.28278350830078,81.45355987548828,92.34629821777344,103.24893951416016,113.80638122558594,121.76136779785156
2026-04-10,2026-03-10,96.57,78.77568054199219,62.388450622558594,66.39341735839844,71.90375518798828,78.77568054199219,86.98138427734375,95.21160888671875,101.45342254638672
2026-04-13,2026-03-11,99.08,84.27606964111328,64.99137878417969,69.78923797607422,76.38978576660156,84.27606964111328,92.7769775390625,101.11970520019531,107.43106842041016
2026-04-14,2026-03-12,91.28,89.70651245117188,67.3258285522461,72.80077362060547,80.41194152832031,89.70651245117188,98.8464584350586,107.57913208007812,114.13043212890625
2026-04-15,2026-03-13,91.29,92.41373443603516,70.28256225585938,75.59471130371094,82.9718017578125,92.41373443603516,102.20891571044922,111.23506164550781,117.94160461425781
2026-04-16,2026-03-16,94.69,90.79220581054688,69.05390930175781,74.51956939697266,82.00235748291016,90.79220581054688,99.53749084472656,107.59239196777344,113.59136199951172
2026-04-17,2026-03-17,83.85,91.49363708496094,66.89381408691406,72.97129821777344,81.34967041015625,91.49363708496094,101.82223510742188,111.68800354003906,119.09120178222656
2026-04-20,2026-03-18,89.61,91.96075439453125,68.86993408203125,74.69825744628906,82.72602844238281,91.96075439453125,100.16246032714844,107.58373260498047,113.08106231689453
2026-04-21,2026-03-19,92.13,95.07854461669922,70.16124725341797,76.78351593017578,85.86772918701172,95.07854461669922,102.35748291015625,108.94523620605469,113.80607604980469
2026-04-22,2026-03-20,92.96,96.54248809814453,71.30535125732422,77.8954086303711,86.88571166992188,96.54248809814453,105.00072479248047,112.73430633544922,118.52218627929688
2026-04-23,2026-03-23,95.85,88.78495788574219,68.75723266601562,73.98818969726562,81.04090881347656,88.78495788574219,97.05164337158203,104.85973358154297,110.72061157226562
2026-04-24,2026-03-24,94.4,89.85265350341797,69.57442474365234,74.81387329101562,81.91564178466797,89.85265350341797,98.06867980957031,105.84215545654297,111.66947937011719
2026-04-27,2026-03-25,96.37,88.7442855834961,68.55587768554688,73.86521911621094,81.01297760009766,88.7442855834961,96.77506256103516,104.41172790527344,110.1438217163086
2026-04-28,2026-03-26,99.93,91.01251220703125,70.66313171386719,75.98387145996094,83.16780090332031,91.01251220703125,99.16250610351562,106.9880142211914,112.86287689208984
2026-04-29,2026-03-27,106.88,94.48401641845703,73.91561126708984,79.26725769042969,86.48906707763672,94.48401641845703,102.95800018310547,110.90003967285156,116.81431579589844
2026-04-30,2026-03-30,105.07,99.89454650878906,75.98499298095703,82.19770812988281,90.58667755126953,99.89454650878906,109.92437744140625,119.58706665039062,126.8499984741211
2026-05-01,2026-03-31,101.94,99.58247375488281,74.83997344970703,81.40586853027344,90.21051025390625,99.58247375488281,109.38163757324219,118.84487915039062,125.98670959472656
2026-05-04,2026-04-01,106.42,96.21446990966797,74.54145812988281,80.34952545166016,88.09657287597656,96.21446990966797,104.56352233886719,112.90386962890625,119.23031616210938
2026-05-05,2026-04-02,102.27,104.55612182617188,81.17525482177734,87.20110321044922,95.34690856933594,104.55612182617188,114.99842071533203,125.1820068359375,132.86073303222656
2026-05-06,2026-04-06,95.08,106.87020874023438,80.81655883789062,87.57437133789062,96.71378326416016,106.87020874023438,117.5985107421875,127.5689926147461,135.0335235595703
2026-05-07,2026-04-07,94.81,109.91558837890625,81.35006713867188,88.857666015625,98.96612548828125,109.91558837890625,121.3712387084961,131.812255859375,139.61114501953125
2026-05-08,2026-04-08,95.42,95.64971923828125,70.30118560791016,76.90643310546875,85.81422424316406,95.64971923828125,106.59122467041016,117.9629898071289,126.6505126953125
2026-05-11,2026-04-09,98.07,95.89598083496094,69.40991973876953,76.36454010009766,85.72712707519531,95.89598083496094,106.82307434082031,118.0369873046875,126.62018585205078
2026-05-12,2026-04-10,102.18,94.41383361816406,70.48674011230469,76.81658172607422,85.3284683227539,94.41383361816406,104.16451263427734,114.30252075195312,122.04707336425781
2026-05-13,2026-04-13,101.02,97.36388397216797,72.39028930664062,79.10694885253906,88.12213897705078,97.36388397216797,106.90625762939453,116.684326171875,124.14599609375
2026-05-14,2026-04-14,101.17,92.87535858154297,68.89718627929688,75.24864196777344,83.77476501464844,92.87535858154297,102.94619750976562,113.60719299316406,121.77316284179688
2026-05-15,2026-04-15,105.42,93.19188690185547,69.9876708984375,76.14366149902344,84.40153503417969,93.19188690185547,103.279052734375,114.1601333618164,122.48766326904297
2026-05-18,2026-04-16,108.66,93.59355163574219,71.70071411132812,77.47929382324219,85.23086547851562,93.59355163574219,102.93414306640625,112.60624694824219,120.00227355957031
2026-05-19,2026-04-17,107.77,87.89944458007812,64.11132049560547,70.44972229003906,78.91802215576172,87.89944458007812,97.94696807861328,108.63674926757812,116.81990814208984
2026-05-20,2026-04-20,98.26,89.01310729980469,67.37565612792969,73.07072448730469,80.72113037109375,89.01310729980469,98.21621704101562,107.9690170288086,115.44361114501953
2026-05-21,2026-04-21,96.35,90.53008270263672,69.94255828857422,75.32518005371094,82.57527160644531,90.53008270263672,99.55296325683594,109.0803451538086,116.3671646118164
2026-05-22,2026-04-22,96.6,92.65267181396484,70.43669128417969,76.2635498046875,84.09854125976562,92.65267181396484,102.4372787475586,113.30081176757812,121.6972427368164
2026-05-26,2026-04-23,93.89,94.1424560546875,71.56076049804688,77.50637817382812,85.47982025146484,94.1424560546875,104.00347137451172,114.84074401855469,123.21752166748047
2026-05-27,2026-04-24,88.68,91.34387969970703,70.05644989013672,75.81009674072266,83.48233032226562,91.34387969970703,99.85801696777344,110.00367736816406,117.97032165527344
2026-05-28,2026-04-27,88.9,93.57589721679688,74.28861999511719,79.4378890991211,86.31179809570312,93.57589721679688,101.87638854980469,111.56028747558594,119.15388488769531
2026-05-29,2026-04-28,87.36,96.49589538574219,75.11140441894531,80.71044158935547,88.244384765625,96.49589538574219,105.87894439697266,115.81486511230469,123.46551513671875
2026-06-01,2026-04-29,92.16,103.85231018066406,79.39073181152344,85.7396011352539,94.29763793945312,103.85231018066406,114.70600891113281,124.98782348632812,132.73170471191406
2026-06-02,2026-04-30,93.76,100.61836242675781,76.15555572509766,82.55792236328125,91.17141723632812,100.61836242675781,111.2802505493164,122.19385528564453,130.54550170898438
2026-06-03,2026-05-01,96.02,98.30619812011719,74.40322875976562,80.720458984375,89.20340728759766,98.30619812011719,108.27315521240234,118.29826354980469,125.97227478027344
2026-06-04,2026-05-04,93.04,100.42326354980469,77.43719482421875,83.41521453857422,91.48771667480469,100.42326354980469,110.46568298339844,120.33642578125,127.85324096679688
2026-06-05,2026-05-05,90.54,99.34960174560547,76.18059539794922,82.30829620361328,90.55049133300781,99.34960174560547,108.75094604492188,117.97479248046875,124.99866485595703
2026-06-08,2026-05-06,91.3,94.2113037109375,70.83409118652344,77.03439331054688,85.35569763183594,94.2113037109375,103.71585845947266,113.48844909667969,121.00469970703125
2026-06-09,2026-05-07,88.2,94.04660034179688,70.77503204345703,76.95045471191406,85.242919921875,94.04660034179688,103.66658020019531,113.75016784667969,121.51078033447266
2026-06-10,2026-05-08,90.03,93.94365692138672,73.57439422607422,78.93470001220703,86.151123046875,93.94365692138672,102.5262451171875,111.36412811279297,118.15362548828125
2026-06-11,2026-05-11,87.71,96.2169189453125,74.17042541503906,79.98635864257812,87.8087158203125,96.2169189453125,105.46662902832031,115.00564575195312,122.32499694824219
2026-06-12,2026-05-12,84.88,97.99152374267578,76.63799285888672,82.25716400146484,89.8109130859375,97.99152374267578,106.98192596435547,115.8233642578125,122.54156494140625
2026-06-15,2026-05-13,80.75,97.19953155517578,76.79481506347656,82.21973419189453,89.48604583740234,97.19953155517578,105.54864501953125,113.70445251464844,119.89724731445312
2026-06-16,2026-05-14,76.05,98.51242065429688,77.05570220947266,82.9027099609375,90.67015075683594,98.51242065429688,106.77484893798828,115.11616516113281,121.4944076538086
2026-06-17,2026-05-15,76.79,101.35157012939453,79.54257202148438,85.37592315673828,93.16026306152344,101.35157012939453,110.35090637207031,119.32107543945312,126.16062927246094
2026-06-18,2026-05-18,76.6,101.24314880371094,79.43780517578125,85.36058807373047,93.21865844726562,101.24314880371094,109.92982482910156,118.78919982910156,125.56898498535156
2026-06-22,2026-05-19,74.82,102.35572052001953,81.52133178710938,87.19046020507812,94.70919799804688,102.35572052001953,110.54212951660156,118.66403198242188,124.84906005859375
2026-06-23,2026-05-20,73.21,99.65048217773438,78.53084564208984,84.29415130615234,91.94625854492188,99.65048217773438,107.56230926513672,115.05558013916016,120.68757629394531
2026-06-24,2026-05-21,70.34,98.69595336914062,77.51432800292969,83.15096282958984,90.71197509765625,98.69595336914062,107.10619354248047,115.11480712890625,121.1500244140625
2026-06-25,2026-05-22,71.92,97.18402862548828,76.09852600097656,81.77806091308594,89.36688995361328,97.18402862548828,105.54447937011719,114.08123779296875,120.6104507446289
2026-06-26,2026-05-26,69.23,94.51132202148438,73.71212005615234,79.30290985107422,86.77517700195312,94.51132202148438,102.85444641113281,111.40643310546875,117.9527587890625
2026-06-29,2026-05-27,70.75,90.2284164428711,68.86293029785156,74.53511810302734,82.13555908203125,90.2284164428711,99.01079559326172,107.91737365722656,114.72886657714844
2026-06-30,2026-05-28,69.5,90.07164001464844,71.06390380859375,76.08806610107422,82.84709930419922,90.07164001464844,98.07302856445312,106.4156494140625,112.81067657470703
2026-07-01,2026-05-29,68.58,88.09478759765625,68.85307312011719,73.93980407714844,80.77869415283203,88.09478759765625,96.16203308105469,104.61128997802734,111.0779800415039
2026-07-02,2026-06-01,68.69,91.74108123779297,72.2072982788086,77.29318237304688,84.16342163085938,91.74108123779297,100.16233825683594,108.59915161132812,115.00645446777344
2026-07-06,2026-06-02,68.55,92.20380401611328,73.20282745361328,78.17068481445312,84.86587524414062,92.20380401611328,100.17509460449219,107.85150146484375,113.6361083984375
2026-07-07,2026-06-03,70.44,93.7762680053711,73.19824981689453,78.618896484375,85.90583038330078,93.7762680053711,102.1929931640625,110.09896850585938,116.03082275390625
2026-07-08,2026-06-04,73.52,91.61758422851562,72.53134155273438,77.58956146240234,84.3858642578125,91.61758422851562,99.2406997680664,106.78105926513672,112.50823211669922
2026-07-09,2026-06-05,72.08,90.27792358398438,71.70309448242188,76.655517578125,83.3017578125,90.27792358398438,97.73176574707031,105.67416381835938,111.79950714111328
2026-07-10,2026-06-08,71.41,90.90530395507812,72.50634002685547,77.4770736694336,84.12095642089844,90.90530395507812,98.0975570678711,105.86381530761719,111.84825134277344
2026-07-13,2026-06-09,78.14,88.9627456665039,70.35000610351562,75.36719512939453,82.06462097167969,88.9627456665039,96.25163269042969,104.22683715820312,110.38372039794922
2026-07-14,2026-06-10,79.34,89.78594970703125,73.22332763671875,77.66474914550781,83.60531616210938,89.78594970703125,96.53044128417969,103.88176727294922,109.53546142578125
2026-07-15,2026-06-11,79.6,88.57742309570312,72.04015350341797,76.43568420410156,82.33076477050781,88.57742309570312,95.34326171875,102.55435943603516,108.0803451538086
2026-07-16,2026-06-12,78.95,86.38697814941406,68.13948059082031,72.95040893554688,79.42057800292969,86.38697814941406,93.7950210571289,101.14221954345703,106.69326782226562
2026-07-17,2026-06-15,82.49,82.03654479980469,62.583473205566406,67.68484497070312,74.55382537841797,82.03654479980469,89.9352798461914,97.81353759765625,103.78606414794922
2026-07-20,2026-06-16,83.23,77.56442260742188,57.90693664550781,63.05460739135742,69.97923278808594,77.56442260742188,85.9503402709961,94.67032623291016,101.32855987548828
2026-07-21,2026-06-17,84.91,77.88374328613281,60.66017150878906,65.16146850585938,71.2298583984375,77.88374328613281,85.54859924316406,93.69783020019531,99.9252700805664
2026-07-22,2026-06-18,86.83,76.66690826416016,60.581878662109375,64.75631713867188,70.40583801269531,76.66690826416016,83.87728881835938,91.69792175292969,97.69694519042969
2026-07-23,2026-06-22,92.19,74.42017364501953,59.44274139404297,63.3517951965332,68.62678527832031,74.42017364501953,81.40657043457031,89.39594268798828,95.5890884399414
2026-07-24,2026-06-23,89.31,72.42036437988281,57.07518005371094,61.116477966308594,66.55149841308594,72.42036437988281,79.28103637695312,87.10233306884766,93.16709899902344
2026-07-27,2026-06-24,82.61,69.2232437133789,53.84170913696289,57.854515075683594,63.26117706298828,69.2232437133789,76.244873046875,84.21488189697266,90.38831329345703
2026-07-28,2026-06-25,79.26,71.16072845458984,56.038631439208984,59.98368835449219,65.29601287841797,71.16072845458984,78.01924896240234,85.62503814697266,91.48565673828125
2026-07-29,2026-06-26,84.46,68.46015930175781,52.680931091308594,56.83902359008789,62.42058181762695,68.46015930175781,75.34634399414062,83.0460433959961,88.98136901855469
2026-07-30,2026-06-29,83.59,69.97554779052734,54.39241027832031,58.50273132324219,64.02395629882812,69.97554779052734,76.85639190673828,84.82588958740234,90.99132537841797
2026-07-31,2026-06-30,84.67,68.91449737548828,54.87977981567383,58.56793975830078,63.52851104736328,68.91449737548828,75.32438659667969,83.25343322753906,89.46881103515625
2026-08-03,2026-07-01,80.34,67.84950256347656,54.3836669921875,57.97166061401367,62.78041076660156,67.84950256347656,73.74205017089844,81.22499084472656,87.14383697509766
2026-08-04,2026-07-02,75.77,67.9264144897461,54.595733642578125,58.1226806640625,62.853328704833984,67.9264144897461,73.90380096435547,81.39464569091797,87.30944061279297
2026-08-05,2026-07-06,75.22,67.88601684570312,54.703346252441406,58.21797180175781,62.92271041870117,67.88601684570312,73.92485046386719,81.67301940917969,87.78545379638672
2026-08-06,2026-07-07,77.29,70.09707641601562,56.491859436035156,60.07492446899414,64.88941955566406,70.09707641601562,76.44422912597656,84.73251342773438,91.3029556274414
2026-08-07,2026-07-08,78.18,72.57034301757812,57.435699462890625,61.337867736816406,66.62206268310547,72.57034301757812,79.91604614257812,88.99436950683594,96.12288665771484
2026-08-10,2026-07-09,81.17,71.51655578613281,57.58637237548828,61.21222686767578,66.11346435546875,71.51655578613281,77.92903137207031,86.04695892333984,92.46869659423828
