target_date,origin_date,actual,point
2015-01-02,2014-12-24,15.734000205993652,15.67300033569336
2015-01-05,2014-12-26,16.179000854492188,16.11199951171875
2015-01-06,2014-12-29,16.60300064086914,15.744000434875488
2015-01-07,2014-12-30,16.510000228881836,16.239999771118164
2015-01-08,2014-12-31,16.35099983215332,15.5649995803833
2015-01-09,2015-01-02,16.38599967956543,15.734000205993652
2015-01-12,2015-01-05,16.53499984741211,16.179000854492188
2015-01-13,2015-01-06,17.125,16.60300064086914
2015-01-14,2015-01-07,16.95599937438965,16.510000228881836
2015-01-15,2015-01-08,17.072999954223633,16.35099983215332
2015-01-16,2015-01-09,17.73900032043457,16.38599967956543
2015-01-20,2015-01-12,17.94700050354004,16.53499984741211
2015-01-21,2015-01-13,18.179000854492188,17.125
2015-01-22,2015-01-14,18.34600067138672,16.95599937438965
2015-01-23,2015-01-15,18.28400039672852,17.072999954223633
2015-01-26,2015-01-16,17.966999053955078,17.73900032043457
2015-01-27,2015-01-20,18.06800079345703,17.94700050354004
2015-01-28,2015-01-21,18.06800079345703,18.179000854492188
2015-01-29,2015-01-22,16.757999420166016,18.34600067138672
2015-01-30,2015-01-23,17.191999435424805,18.28400039672852
2015-02-02,2015-01-26,17.235000610351562,17.966999053955078
2015-02-03,2015-01-27,17.30500030517578,18.06800079345703
2015-02-04,2015-01-28,17.378999710083008,18.06800079345703
2015-02-05,2015-01-29,17.18000030517578,16.757999420166016
2015-02-06,2015-01-30,16.67799949645996,17.191999435424805
2015-02-09,2015-02-02,17.054000854492188,17.235000610351562
2015-02-10,2015-02-03,16.85700035095215,17.30500030517578
2015-02-11,2015-02-04,16.7450008392334,17.378999710083008
2015-02-12,2015-02-05,16.777999877929688,17.18000030517578
2015-02-13,2015-02-06,17.277999877929688,16.67799949645996
2015-02-17,2015-02-09,16.36199951171875,17.054000854492188
2015-02-18,2015-02-10,16.25,16.85700035095215
2015-02-19,2015-02-11,16.371000289916992,16.7450008392334
2015-02-20,2015-02-12,16.26300048828125,16.777999877929688
2015-02-23,2015-02-13,16.246999740600586,17.277999877929688
2015-02-24,2015-02-17,16.18199920654297,16.36199951171875
2015-02-25,2015-02-18,16.423999786376953,16.25
2015-02-26,2015-02-19,16.58300018310547,16.371000289916992
2015-02-27,2015-02-20,16.51300048828125,16.26300048828125
2015-03-02,2015-02-23,16.406999588012695,16.246999740600586
2015-03-03,2015-02-24,16.257999420166016,16.18199920654297
2015-03-04,2015-02-25,16.131999969482422,16.423999786376953
2015-03-05,2015-02-26,16.131999969482422,16.58300018310547
2015-03-06,2015-02-27,15.784000396728516,16.51300048828125
2015-03-09,2015-03-02,15.755000114440918,16.406999588012695
2015-03-10,2015-03-03,15.61299991607666,16.257999420166016
2015-03-11,2015-03-04,15.345000267028809,16.131999969482422
2015-03-12,2015-03-05,15.493000030517578,16.131999969482422
2015-03-13,2015-03-06,15.47700023651123,15.784000396728516
2015-03-16,2015-03-09,15.60099983215332,15.755000114440918
2015-03-17,2015-03-10,15.562000274658203,15.61299991607666
2015-03-18,2015-03-11,15.524999618530272,15.345000267028809
2015-03-19,2015-03-12,16.097999572753906,15.493000030517578
2015-03-20,2015-03-13,16.867000579833984,15.47700023651123
2015-03-23,2015-03-16,16.871999740600586,15.60099983215332
2015-03-24,2015-03-17,16.96299934387207,15.562000274658203
2015-03-25,2015-03-18,16.979999542236328,15.524999618530272
2015-03-26,2015-03-19,17.121999740600586,16.097999572753906
2015-03-27,2015-03-20,17.052000045776367,16.867000579833984
2015-03-30,2015-03-23,16.656999588012695,16.871999740600586
2015-03-31,2015-03-24,16.58099937438965,16.96299934387207
2015-04-01,2015-03-25,17.04400062561035,16.979999542236328
2015-04-02,2015-03-26,16.68600082397461,17.121999740600586
2015-04-06,2015-03-27,17.094999313354492,17.052000045776367
2015-04-07,2015-03-30,16.825000762939453,16.656999588012695
2015-04-08,2015-03-31,16.440000534057617,16.58099937438965
2015-04-09,2015-04-01,16.163999557495117,17.04400062561035
2015-04-10,2015-04-02,16.3700008392334,16.68600082397461
2015-04-13,2015-04-06,16.280000686645508,17.094999313354492
2015-04-14,2015-04-07,16.150999069213867,16.825000762939453
2015-04-15,2015-04-08,16.268999099731445,16.440000534057617
2015-04-16,2015-04-09,16.275999069213867,16.163999557495117
2015-04-17,2015-04-10,16.22100067138672,16.3700008392334
2015-04-20,2015-04-13,15.883000373840332,16.280000686645508
2015-04-21,2015-04-14,16.00200080871582,16.150999069213867
2015-04-22,2015-04-15,15.791000366210938,16.268999099731445
2015-04-23,2015-04-16,15.824000358581545,16.275999069213867
2015-04-24,2015-04-17,15.630999565124512,16.22100067138672
2015-04-27,2015-04-20,16.389999389648438,15.883000373840332
2015-04-28,2015-04-21,16.586999893188477,16.00200080871582
2015-04-29,2015-04-22,16.670000076293945,15.791000366210938
2015-04-30,2015-04-23,16.124000549316406,15.824000358581545
2015-05-01,2015-04-24,16.111000061035156,15.630999565124512
2015-05-04,2015-04-27,16.417999267578125,16.389999389648438
2015-05-05,2015-04-28,16.55699920654297,16.586999893188477
2015-05-06,2015-04-29,16.483999252319336,16.670000076293945
2015-05-07,2015-04-30,16.27199935913086,16.124000549316406
2015-05-08,2015-05-01,16.441999435424805,16.111000061035156
2015-05-11,2015-05-04,16.29800033569336,16.417999267578125
2015-05-12,2015-05-05,16.510000228881836,16.55699920654297
2015-05-13,2015-05-06,17.207000732421875,16.483999252319336
2015-05-14,2015-05-07,17.448999404907227,16.27199935913086
2015-05-15,2015-05-08,17.545000076293945,16.441999435424805
2015-05-18,2015-05-11,17.711999893188477,16.29800033569336
2015-05-19,2015-05-12,17.049999237060547,16.510000228881836
2015-05-20,2015-05-13,17.091999053955078,17.207000732421875
2015-05-21,2015-05-14,17.111000061035156,17.448999404907227
2015-05-22,2015-05-15,17.030000686645508,17.545000076293945
2015-05-26,2015-05-18,16.733999252319336,17.711999893188477
2015-05-27,2015-05-19,16.63800048828125,17.049999237060547
2015-05-28,2015-05-20,16.652999877929688,17.091999053955078
2015-05-29,2015-05-21,16.68400001525879,17.111000061035156
2015-06-01,2015-05-22,16.663999557495117,17.030000686645508
2015-06-02,2015-05-26,16.783000946044922,16.733999252319336
2015-06-03,2015-05-27,16.464000701904297,16.63800048828125
2015-06-04,2015-05-28,16.089000701904297,16.652999877929688
2015-06-05,2015-05-29,15.970999717712402,16.68400001525879
2015-06-08,2015-06-01,15.951000213623049,16.663999557495117
2015-06-09,2015-06-02,15.949000358581545,16.783000946044922
2015-06-10,2015-06-03,15.95199966430664,16.464000701904297
2015-06-11,2015-06-04,15.95300006866455,16.089000701904297
2015-06-12,2015-06-05,15.817999839782717,15.970999717712402
2015-06-15,2015-06-08,16.076000213623047,15.951000213623049
2015-06-16,2015-06-09,15.958000183105469,15.949000358581545
2015-06-17,2015-06-10,15.9399995803833,15.95199966430664
2015-06-18,2015-06-11,16.148000717163086,15.95300006866455
2015-06-19,2015-06-12,16.104000091552734,15.817999839782717
2015-06-22,2015-06-15,16.136999130249023,16.076000213623047
2015-06-23,2015-06-16,15.732000350952148,15.958000183105469
2015-06-24,2015-06-17,15.847999572753906,15.9399995803833
2015-06-25,2015-06-18,15.80500030517578,16.148000717163086
2015-06-26,2015-06-19,15.734999656677246,16.104000091552734
2015-06-29,2015-06-22,15.663999557495115,16.136999130249023
2015-06-30,2015-06-23,15.550999641418455,15.732000350952148
2015-07-01,2015-06-24,15.552000045776367,15.847999572753906
2015-07-02,2015-06-25,15.536999702453612,15.80500030517578
2015-07-06,2015-06-26,15.72599983215332,15.734999656677246
2015-07-07,2015-06-29,14.949999809265137,15.663999557495115
2015-07-08,2015-06-30,15.147000312805176,15.550999641418455
2015-07-09,2015-07-01,15.345000267028809,15.552000045776367
2015-07-10,2015-07-02,15.468000411987305,15.536999702453612
2015-07-13,2015-07-06,15.435999870300291,15.72599983215332
2015-07-14,2015-07-07,15.295000076293944,14.949999809265137
2015-07-15,2015-07-08,15.027999877929688,15.147000312805176
2015-07-16,2015-07-09,14.96399974822998,15.345000267028809
2015-07-17,2015-07-10,14.81999969482422,15.468000411987305
2015-07-20,2015-07-13,14.744999885559082,15.435999870300291
2015-07-21,2015-07-14,14.769000053405762,15.295000076293944
2015-07-22,2015-07-15,14.71399974822998,15.027999877929688
2015-07-23,2015-07-16,14.68299961090088,14.96399974822998
2015-07-24,2015-07-17,14.47700023651123,14.81999969482422
2015-07-27,2015-07-20,14.593999862670898,14.744999885559082
2015-07-28,2015-07-21,14.630999565124512,14.769000053405762
2015-07-29,2015-07-22,14.734000205993652,14.71399974822998
2015-07-30,2015-07-23,14.690999984741213,14.68299961090088
2015-07-31,2015-07-24,14.746000289916992,14.47700023651123
2015-08-03,2015-07-27,14.515999794006348,14.593999862670898
2015-08-04,2015-07-28,14.550000190734863,14.630999565124512
2015-08-05,2015-07-29,14.54599952697754,14.734000205993652
2015-08-06,2015-07-30,14.670000076293944,14.690999984741213
2015-08-07,2015-07-31,14.815999984741213,14.746000289916992
2015-08-10,2015-08-03,15.288999557495115,14.515999794006348
2015-08-11,2015-08-04,15.281000137329102,14.550000190734863
2015-08-12,2015-08-05,15.472999572753906,14.54599952697754
2015-08-13,2015-08-06,15.395999908447266,14.670000076293944
2015-08-14,2015-08-07,15.210000038146973,14.815999984741213
2015-08-17,2015-08-10,15.295000076293944,15.288999557495115
2015-08-18,2015-08-11,14.786999702453612,15.281000137329102
2015-08-19,2015-08-12,15.175999641418455,15.472999572753906
2015-08-20,2015-08-13,15.517000198364258,15.395999908447266
2015-08-21,2015-08-14,15.300999641418455,15.210000038146973
2015-08-24,2015-08-17,14.76200008392334,15.295000076293944
2015-08-25,2015-08-18,14.609999656677246,14.786999702453612
2015-08-26,2015-08-19,14.045000076293944,15.175999641418455
2015-08-27,2015-08-20,14.42099952697754,15.517000198364258
2015-08-28,2015-08-21,14.53499984741211,15.300999641418455
2015-08-31,2015-08-24,14.57699966430664,14.76200008392334
2015-09-01,2015-08-25,14.61299991607666,14.609999656677246
2015-09-02,2015-08-26,14.66100025177002,14.045000076293944
2015-09-03,2015-08-27,14.70199966430664,14.42099952697754
2015-09-04,2015-08-28,14.543999671936035,14.53499984741211
2015-09-08,2015-08-31,14.75,14.57699966430664
2015-09-09,2015-09-01,14.567999839782717,14.61299991607666
2015-09-10,2015-09-02,14.633999824523926,14.66100025177002
2015-09-11,2015-09-03,14.489999771118164,14.70199966430664
2015-09-14,2015-09-04,14.357000350952148,14.543999671936035
2015-09-15,2015-09-08,14.319000244140623,14.75
2015-09-16,2015-09-09,14.878000259399414,14.567999839782717
2015-09-17,2015-09-10,14.975000381469728,14.633999824523926
2015-09-18,2015-09-11,15.154000282287598,14.489999771118164
2015-09-21,2015-09-14,15.215999603271484,14.357000350952148
2015-09-22,2015-09-15,14.75,14.319000244140623
2015-09-23,2015-09-16,14.779999732971191,14.878000259399414
2015-09-24,2015-09-17,15.125,14.975000381469728
2015-09-25,2015-09-18,15.105999946594238,15.154000282287598
2015-09-28,2015-09-21,14.538000106811523,15.215999603271484
2015-09-29,2015-09-22,14.569000244140623,14.75
2015-09-30,2015-09-23,14.512999534606934,14.779999732971191
2015-10-01,2015-09-24,14.505999565124512,15.125
2015-10-02,2015-09-25,15.256999969482422,15.105999946594238
2015-10-05,2015-09-28,15.70199966430664,14.538000106811523
2015-10-06,2015-09-29,15.979000091552734,14.569000244140623
2015-10-07,2015-09-30,16.08799934387207,14.512999534606934
2015-10-08,2015-10-01,15.760000228881836,14.505999565124512
2015-10-09,2015-10-02,15.809000015258787,15.256999969482422
2015-10-12,2015-10-05,15.854999542236328,15.70199966430664
2015-10-13,2015-10-06,15.897000312805176,15.979000091552734
2015-10-14,2015-10-07,16.101999282836914,16.08799934387207
2015-10-15,2015-10-08,16.152000427246094,15.760000228881836
2015-10-16,2015-10-09,16.101999282836914,15.809000015258787
2015-10-19,2015-10-12,15.82900047302246,15.854999542236328
2015-10-20,2015-10-13,15.904999732971191,15.897000312805176
2015-10-21,2015-10-14,15.696000099182127,16.101999282836914
2015-10-22,2015-10-15,15.822999954223633,16.152000427246094
2015-10-23,2015-10-16,15.817999839782717,16.101999282836914
2015-10-26,2015-10-19,15.899999618530272,15.82900047302246
2015-10-27,2015-10-20,15.857999801635742,15.904999732971191
2015-10-28,2015-10-21,16.288000106811523,15.696000099182127
2015-10-29,2015-10-22,15.543999671936035,15.822999954223633
2015-10-30,2015-10-23,15.565999984741213,15.817999839782717
2015-11-02,2015-10-26,15.413000106811523,15.899999618530272
2015-11-03,2015-10-27,15.244000434875488,15.857999801635742
2015-11-04,2015-10-28,15.062999725341797,16.288000106811523
2015-11-05,2015-10-29,14.98799991607666,15.543999671936035
2015-11-06,2015-10-30,14.696000099182127,15.565999984741213
2015-11-09,2015-11-02,14.41800022125244,15.413000106811523
2015-11-10,2015-11-03,14.355999946594238,15.244000434875488
2015-11-11,2015-11-04,14.26200008392334,15.062999725341797
2015-11-12,2015-11-05,14.223999977111816,14.98799991607666
2015-11-13,2015-11-06,14.20300006866455,14.696000099182127
2015-11-16,2015-11-09,14.220999717712402,14.41800022125244
2015-11-17,2015-11-10,14.170000076293944,14.355999946594238
2015-11-18,2015-11-11,14.079999923706056,14.26200008392334
2015-11-19,2015-11-12,14.241999626159668,14.223999977111816
2015-11-20,2015-11-13,14.105999946594238,14.20300006866455
2015-11-23,2015-11-16,14.041999816894531,14.220999717712402
2015-11-24,2015-11-17,14.168999671936035,14.170000076293944
2015-11-25,2015-11-18,14.16800022125244,14.079999923706056
2015-11-27,2015-11-19,14.008000373840332,14.241999626159668
2015-11-30,2015-11-20,14.050000190734863,14.105999946594238
2015-12-01,2015-11-23,14.05500030517578,14.041999816894531
2015-12-02,2015-11-24,13.979000091552734,14.168999671936035
2015-12-03,2015-11-25,14.053000450134276,14.16800022125244
2015-12-04,2015-11-27,14.505000114440918,14.008000373840332
2015-12-07,2015-11-30,14.307000160217283,14.050000190734863
2015-12-08,2015-12-01,14.090999603271484,14.05500030517578
2015-12-09,2015-12-02,14.163999557495115,13.979000091552734
2015-12-10,2015-12-03,14.085000038146973,14.053000450134276
2015-12-11,2015-12-04,13.859000205993652,14.505000114440918
2015-12-14,2015-12-07,13.666000366210938,14.307000160217283
2015-12-15,2015-12-08,13.739999771118164,14.090999603271484
2015-12-16,2015-12-09,14.218000411987305,14.163999557495115
2015-12-17,2015-12-10,13.68299961090088,14.085000038146973
2015-12-18,2015-12-11,14.079999923706056,13.859000205993652
2015-12-21,2015-12-14,14.300999641418455,13.666000366210938
2015-12-22,2015-12-15,14.302000045776367,13.739999771118164
2015-12-23,2015-12-16,14.277000427246094,14.218000411987305
2015-12-24,2015-12-17,14.369000434875488,13.68299961090088
2015-12-28,2015-12-18,13.873000144958496,14.079999923706056
2015-12-29,2015-12-21,13.916999816894531,14.300999641418455
2015-12-30,2015-12-22,13.814000129699709,14.302000045776367
2015-12-31,2015-12-23,13.774999618530272,14.277000427246094
2016-01-04,2015-12-24,13.81700038909912,14.369000434875488
2016-01-05,2015-12-28,13.949000358581545,13.873000144958496
2016-01-06,2015-12-29,13.95699977874756,13.916999816894531
2016-01-07,2015-12-30,14.335000038146973,13.814000129699709
2016-01-08,2015-12-31,13.907999992370604,13.774999618530272
2016-01-11,2016-01-04,13.854999542236328,13.81700038909912
2016-01-12,2016-01-05,13.739999771118164,13.949000358581545
2016-01-13,2016-01-06,14.145000457763672,13.95699977874756
2016-01-14,2016-01-07,13.737000465393066,14.335000038146973
2016-01-15,2016-01-08,13.883999824523926,13.907999992370604
2016-01-19,2016-01-11,14.109999656677246,13.854999542236328
2016-01-20,2016-01-12,14.147000312805176,13.739999771118164
2016-01-21,2016-01-13,14.083000183105469,14.145000457763672
2016-01-22,2016-01-14,14.04300022125244,13.737000465393066
2016-01-25,2016-01-15,14.239999771118164,13.883999824523926
2016-01-26,2016-01-19,14.543999671936035,14.109999656677246
2016-01-27,2016-01-20,14.4399995803833,14.147000312805176
2016-01-28,2016-01-21,14.215999603271484,14.083000183105469
2016-01-29,2016-01-22,14.229000091552734,14.04300022125244
2016-02-01,2016-01-25,14.32900047302246,14.239999771118164
2016-02-02,2016-01-26,14.276000022888184,14.543999671936035
2016-02-03,2016-01-27,14.720000267028809,14.4399995803833
2016-02-04,2016-01-28,14.836000442504885,14.215999603271484
2016-02-05,2016-01-29,14.763999938964844,14.229000091552734
2016-02-08,2016-02-01,15.416000366210938,14.32900047302246
2016-02-09,2016-02-02,15.444000244140623,14.276000022888184
2016-02-10,2016-02-03,15.277000427246094,14.720000267028809
2016-02-11,2016-02-04,15.788999557495115,14.836000442504885
2016-02-12,2016-02-05,15.78499984741211,14.763999938964844
2016-02-16,2016-02-08,15.32900047302246,15.416000366210938
2016-02-17,2016-02-09,15.371999740600586,15.444000244140623
2016-02-18,2016-02-10,15.427000045776367,15.277000427246094
2016-02-19,2016-02-11,15.368000030517578,15.788999557495115
2016-02-22,2016-02-12,15.178999900817873,15.78499984741211
2016-02-23,2016-02-16,15.234999656677246,15.32900047302246
2016-02-24,2016-02-17,15.291999816894531,15.371999740600586
2016-02-25,2016-02-18,15.164999961853027,15.427000045776367
2016-02-26,2016-02-19,14.689000129699709,15.368000030517578
2016-02-29,2016-02-22,14.895999908447266,15.178999900817873
2016-03-01,2016-02-23,14.732999801635742,15.234999656677246
2016-03-02,2016-02-24,15.003000259399414,15.291999816894531
2016-03-03,2016-02-25,15.130999565124512,15.164999961853027
2016-03-04,2016-02-26,15.680999755859377,14.689000129699709
2016-03-07,2016-02-29,15.623000144958496,14.895999908447266
2016-03-08,2016-03-01,15.383999824523926,14.732999801635742
2016-03-09,2016-03-02,15.354999542236328,15.003000259399414
2016-03-10,2016-03-03,15.54599952697754,15.130999565124512
2016-03-11,2016-03-04,15.607000350952148,15.680999755859377
2016-03-14,2016-03-07,15.517999649047852,15.623000144958496
2016-03-15,2016-03-08,15.255000114440918,15.383999824523926
2016-03-16,2016-03-09,15.21399974822998,15.354999542236328
2016-03-17,2016-03-10,16.02199935913086,15.54599952697754
2016-03-18,2016-03-11,15.805999755859377,15.607000350952148
2016-03-21,2016-03-14,15.840999603271484,15.517999649047852
2016-03-22,2016-03-15,15.876999855041504,15.255000114440918
2016-03-23,2016-03-16,15.262999534606934,15.21399974822998
2016-03-24,2016-03-17,15.190999984741213,16.02199935913086
2016-03-28,2016-03-18,15.194000244140623,15.805999755859377
2016-03-29,2016-03-21,15.237000465393066,15.840999603271484
2016-03-30,2016-03-22,15.206000328063965,15.876999855041504
2016-03-31,2016-03-23,15.460000038146973,15.262999534606934
2016-04-01,2016-03-24,15.041999816894531,15.190999984741213
2016-04-04,2016-03-28,14.94200038909912,15.194000244140623
2016-04-05,2016-03-29,15.11400032043457,15.237000465393066
2016-04-06,2016-03-30,15.052000045776367,15.206000328063965
2016-04-07,2016-03-31,15.156000137329102,15.460000038146973
2016-04-08,2016-04-01,15.381999969482422,15.041999816894531
2016-04-11,2016-04-04,15.973999977111816,14.94200038909912
2016-04-12,2016-04-05,16.219999313354492,15.11400032043457
2016-04-13,2016-04-06,16.322999954223633,15.052000045776367
2016-04-14,2016-04-07,16.16900062561035,15.156000137329102
2016-04-15,2016-04-08,16.30900001525879,15.381999969482422
2016-04-18,2016-04-11,16.249000549316406,15.973999977111816
2016-04-19,2016-04-12,16.968000411987305,16.219999313354492
2016-04-20,2016-04-13,17.131000518798828,16.322999954223633
2016-04-21,2016-04-14,17.086000442504883,16.16900062561035
2016-04-22,2016-04-15,16.895999908447266,16.30900001525879
2016-04-25,2016-04-18,17.0049991607666,16.249000549316406
2016-04-26,2016-04-19,17.106000900268555,16.968000411987305
2016-04-27,2016-04-20,17.285999298095703,17.131000518798828
2016-04-28,2016-04-21,17.55299949645996,17.086000442504883
2016-04-29,2016-04-22,17.788999557495117,16.895999908447266
2016-05-02,2016-04-25,17.6560001373291,17.0049991607666
2016-05-03,2016-04-26,17.474000930786133,17.106000900268555
2016-05-04,2016-04-27,17.277000427246094,17.285999298095703
2016-05-05,2016-04-28,17.302000045776367,17.55299949645996
2016-05-06,2016-04-29,17.506999969482422,17.788999557495117
2016-05-09,2016-05-02,17.06999969482422,17.6560001373291
2016-05-10,2016-05-03,17.075000762939453,17.474000930786133
2016-05-11,2016-05-04,17.302000045776367,17.277000427246094
2016-05-12,2016-05-05,17.086999893188477,17.302000045776367
2016-05-13,2016-05-06,17.114999771118164,17.506999969482422
2016-05-16,2016-05-09,17.142000198364258,17.06999969482422
2016-05-17,2016-05-10,17.235000610351562,17.075000762939453
2016-05-18,2016-05-11,17.1200008392334,17.302000045776367
2016-05-19,2016-05-12,16.479000091552734,17.086999893188477
2016-05-20,2016-05-13,16.518999099731445,17.114999771118164
2016-05-23,2016-05-16,16.40999984741211,17.142000198364258
2016-05-24,2016-05-17,16.238000869750977,17.235000610351562
2016-05-25,2016-05-18,16.2549991607666,17.1200008392334
2016-05-26,2016-05-19,16.33799934387207,16.479000091552734
2016-05-27,2016-05-20,16.246000289916992,16.518999099731445
2016-05-31,2016-05-23,15.972000122070312,16.40999984741211
2016-06-01,2016-05-24,15.906000137329102,16.238000869750977
2016-06-02,2016-05-25,16.0049991607666,16.2549991607666
2016-06-03,2016-05-26,16.34600067138672,16.33799934387207
2016-06-06,2016-05-27,16.42799949645996,16.246000289916992
2016-06-07,2016-05-31,16.37700080871582,15.972000122070312
2016-06-08,2016-06-01,16.968000411987305,15.906000137329102
2016-06-09,2016-06-02,17.253000259399414,16.0049991607666
2016-06-10,2016-06-03,17.315000534057617,16.34600067138672
2016-06-13,2016-06-06,17.42799949645996,16.42799949645996
2016-06-14,2016-06-07,17.40999984741211,16.37700080871582
2016-06-15,2016-06-08,17.48900032043457,16.968000411987305
2016-06-16,2016-06-09,17.5939998626709,17.253000259399414
2016-06-17,2016-06-10,17.399999618530273,17.315000534057617
2016-06-20,2016-06-13,17.503000259399414,17.42799949645996
2016-06-21,2016-06-14,17.31100082397461,17.40999984741211
2016-06-22,2016-06-15,17.30500030517578,17.48900032043457
2016-06-23,2016-06-16,17.347999572753906,17.5939998626709
2016-06-24,2016-06-17,17.78499984741211,17.399999618530273
2016-06-27,2016-06-20,17.739999771118164,17.503000259399414
2016-06-28,2016-06-21,17.839000701904297,17.31100082397461
2016-06-29,2016-06-22,18.36199951171875,17.30500030517578
2016-06-30,2016-06-23,18.582000732421875,17.347999572753906
2016-07-01,2016-06-24,19.54400062561035,17.78499984741211
2016-07-05,2016-06-27,19.86599922180176,17.739999771118164
2016-07-06,2016-06-28,20.15999984741211,17.839000701904297
2016-07-07,2016-06-29,19.79800033569336,18.36199951171875
2016-07-08,2016-06-30,20.058000564575195,18.582000732421875
2016-07-11,2016-07-01,20.263999938964844,19.54400062561035
2016-07-12,2016-07-05,20.1299991607666,19.86599922180176
2016-07-13,2016-07-06,20.3700008392334,20.15999984741211
2016-07-14,2016-07-07,20.2810001373291,19.79800033569336
2016-07-15,2016-07-08,20.125,20.058000564575195
2016-07-18,2016-07-11,20.04400062561035,20.263999938964844
2016-07-19,2016-07-12,19.975000381469727,20.1299991607666
2016-07-20,2016-07-13,19.582000732421875,20.3700008392334
2016-07-21,2016-07-14,19.78400039672852,20.2810001373291
2016-07-22,2016-07-15,19.65699958801269,20.125
2016-07-25,2016-07-18,19.614999771118164,20.04400062561035
2016-07-26,2016-07-19,19.655000686645508,19.975000381469727
2016-07-27,2016-07-20,19.96500015258789,19.582000732421875
2016-07-28,2016-07-21,20.15999984741211,19.78400039672852
2016-07-29,2016-07-22,20.312000274658203,19.65699958801269
2016-08-01,2016-07-25,20.46500015258789,19.614999771118164
2016-08-02,2016-07-26,20.666000366210938,19.655000686645508
2016-08-03,2016-07-27,20.43600082397461,19.96500015258789
2016-08-04,2016-07-28,20.4060001373291,20.15999984741211
2016-08-05,2016-07-29,19.780000686645508,20.312000274658203
2016-08-08,2016-08-01,19.76799964904785,20.46500015258789
2016-08-09,2016-08-02,19.81399917602539,20.666000366210938
2016-08-10,2016-08-03,20.13400077819824,20.43600082397461
2016-08-11,2016-08-04,19.983999252319336,20.4060001373291
2016-08-12,2016-08-05,19.67200088500977,19.780000686645508
2016-08-15,2016-08-08,19.82099914550781,19.76799964904785
2016-08-16,2016-08-09,19.847999572753903,19.81399917602539
2016-08-17,2016-08-10,19.62700080871582,20.13400077819824
2016-08-18,2016-08-11,19.71999931335449,19.983999252319336
2016-08-19,2016-08-12,19.301000595092773,19.67200088500977
2016-08-22,2016-08-15,18.843000411987305,19.82099914550781
2016-08-23,2016-08-16,18.90999984741211,19.847999572753903
2016-08-24,2016-08-17,18.545000076293945,19.62700080871582
2016-08-25,2016-08-18,18.47800064086914,19.71999931335449
2016-08-26,2016-08-19,18.645000457763672,19.301000595092773
2016-08-29,2016-08-22,18.761999130249023,18.843000411987305
2016-08-30,2016-08-23,18.57699966430664,18.90999984741211
2016-08-31,2016-08-24,18.621999740600582,18.545000076293945
2016-09-01,2016-08-25,18.85700035095215,18.47800064086914
2016-09-02,2016-08-26,19.275999069213867,18.645000457763672
2016-09-06,2016-08-29,20.048999786376957,18.761999130249023
2016-09-07,2016-08-30,19.75900077819824,18.57699966430664
2016-09-08,2016-08-31,19.590999603271484,18.621999740600582
2016-09-09,2016-09-01,19.28199958801269,18.85700035095215
2016-09-12,2016-09-02,18.915000915527344,19.275999069213867
2016-09-13,2016-09-06,18.88999938964844,20.048999786376957
2016-09-14,2016-09-07,18.98200035095215,19.75900077819824
2016-09-15,2016-09-08,18.958999633789062,19.590999603271484
2016-09-16,2016-09-09,18.7810001373291,19.28199958801269
2016-09-19,2016-09-12,19.20599937438965,18.915000915527344
2016-09-20,2016-09-13,19.19499969482422,18.88999938964844
2016-09-21,2016-09-14,19.68600082397461,18.98200035095215
2016-09-22,2016-09-15,20.020000457763672,18.958999633789062
2016-09-23,2016-09-16,19.732999801635746,18.7810001373291
2016-09-26,2016-09-19,19.516000747680664,19.20599937438965
2016-09-27,2016-09-20,19.08699989318848,19.19499969482422
2016-09-28,2016-09-21,19.04400062561035,19.68600082397461
2016-09-29,2016-09-22,19.114999771118164,20.020000457763672
2016-09-30,2016-09-23,19.138999938964844,19.732999801635746
2016-10-03,2016-09-26,18.795000076293945,19.516000747680664
2016-10-04,2016-09-27,17.71299934387207,19.08699989318848
2016-10-05,2016-09-28,17.634000778198242,19.04400062561035
2016-10-06,2016-09-29,17.288000106811523,19.114999771118164
2016-10-07,2016-09-30,17.323999404907227,19.138999938964844
2016-10-11,2016-10-03,17.45599937438965,18.795000076293945
2016-10-12,2016-10-04,17.454999923706055,17.71299934387207
2016-10-13,2016-10-05,17.40999984741211,17.634000778198242
2016-10-14,2016-10-06,17.39299964904785,17.288000106811523
2016-10-17,2016-10-07,17.426000595092773,17.323999404907227
2016-10-18,2016-10-11,17.590999603271484,17.45599937438965
2016-10-19,2016-10-12,17.615999221801758,17.454999923706055
2016-10-20,2016-10-13,17.50200080871582,17.40999984741211
2016-10-21,2016-10-14,17.447999954223633,17.39299964904785
2016-10-24,2016-10-17,17.562000274658203,17.426000595092773
2016-10-25,2016-10-18,17.736000061035156,17.590999603271484
2016-10-26,2016-10-19,17.584999084472656,17.615999221801758
2016-10-27,2016-10-20,17.604000091552734,17.50200080871582
2016-10-28,2016-10-21,17.761999130249023,17.447999954223633
2016-10-31,2016-10-24,17.761999130249023,17.562000274658203
2016-11-01,2016-10-25,18.38500022888184,17.736000061035156
2016-11-02,2016-10-26,18.65999984741211,17.584999084472656
2016-11-03,2016-10-27,18.382999420166016,17.604000091552734
2016-11-04,2016-10-28,18.34199905395508,17.761999130249023
2016-11-07,2016-10-31,18.124000549316406,17.761999130249023
2016-11-08,2016-11-01,18.32999992370605,18.38500022888184
2016-11-09,2016-11-02,18.35700035095215,18.65999984741211
2016-11-10,2016-11-03,18.715999603271484,18.382999420166016
2016-11-14,2016-11-04,16.87700080871582,18.34199905395508
2016-11-15,2016-11-07,17.02899932861328,18.124000549316406
2016-11-16,2016-11-08,16.913999557495117,18.32999992370605
2016-11-17,2016-11-09,16.76099967956543,18.35700035095215
2016-11-18,2016-11-10,16.613000869750977,18.715999603271484
2016-11-21,2016-11-14,16.511999130249023,16.87700080871582
2016-11-22,2016-11-15,16.62299919128418,17.02899932861328
2016-11-23,2016-11-16,16.382999420166016,16.913999557495117
2016-11-25,2016-11-17,16.464000701904297,16.76099967956543
2016-11-28,2016-11-18,16.577999114990234,16.613000869750977
2016-11-29,2016-11-21,16.660999298095703,16.511999130249023
2016-11-30,2016-11-22,16.4060001373291,16.62299919128418
2016-12-01,2016-11-23,16.427000045776367,16.382999420166016
2016-12-02,2016-11-25,16.753000259399414,16.464000701904297
2016-12-05,2016-11-28,16.823999404907227,16.577999114990234
2016-12-06,2016-11-29,16.739999771118164,16.660999298095703
2016-12-07,2016-11-30,17.202999114990234,16.4060001373291
2016-12-08,2016-12-01,17.024999618530273,16.427000045776367
2016-12-09,2016-12-02,16.89699935913086,16.753000259399414
2016-12-12,2016-12-05,17.115999221801758,16.823999404907227
2016-12-13,2016-12-06,16.910999298095703,16.739999771118164
2016-12-14,2016-12-07,17.152000427246094,17.202999114990234
2016-12-15,2016-12-08,15.897000312805176,17.024999618530273
2016-12-16,2016-12-09,16.152999877929688,16.89699935913086
2016-12-19,2016-12-12,16.025999069213867,17.115999221801758
2016-12-20,2016-12-13,16.054000854492188,16.910999298095703
2016-12-21,2016-12-14,15.91800022125244,17.152000427246094
2016-12-22,2016-12-15,15.8149995803833,15.897000312805176
2016-12-23,2016-12-16,15.70400047302246,16.152999877929688
2016-12-27,2016-12-19,15.928999900817873,16.025999069213867
2016-12-28,2016-12-20,15.98799991607666,16.054000854492188
2016-12-29,2016-12-21,16.163000106811523,15.91800022125244
2016-12-30,2016-12-22,15.935999870300291,15.8149995803833
2017-01-03,2016-12-23,16.356000900268555,15.70400047302246
2017-01-04,2016-12-27,16.499000549316406,15.928999900817873
2017-01-05,2016-12-28,16.583999633789062,15.98799991607666
2017-01-06,2016-12-29,16.465999603271484,16.163000106811523
2017-01-09,2016-12-30,16.6299991607666,15.935999870300291
2017-01-10,2017-01-03,16.80299949645996,16.356000900268555
2017-01-11,2017-01-04,16.783000946044922,16.499000549316406
2017-01-12,2017-01-05,16.780000686645508,16.583999633789062
2017-01-13,2017-01-06,16.719999313354492,16.465999603271484
2017-01-17,2017-01-09,17.101999282836914,16.6299991607666
2017-01-18,2017-01-10,17.235000610351562,16.80299949645996
2017-01-19,2017-01-11,16.966999053955078,16.783000946044922
2017-01-20,2017-01-12,16.996999740600586,16.780000686645508
2017-01-23,2017-01-13,17.149999618530273,16.719999313354492
2017-01-24,2017-01-17,17.14900016784668,17.101999282836914
2017-01-25,2017-01-18,16.944000244140625,17.235000610351562
2017-01-26,2017-01-19,16.81399917602539,16.966999053955078
2017-01-27,2017-01-20,17.100000381469727,16.996999740600586
2017-01-30,2017-01-23,17.121999740600586,17.149999618530273
2017-01-31,2017-01-24,17.511999130249023,17.14900016784668
2017-02-01,2017-01-25,17.420000076293945,16.944000244140625
2017-02-02,2017-01-26,17.402000427246094,16.81399917602539
2017-02-03,2017-01-27,17.452999114990234,17.100000381469727
2017-02-06,2017-01-30,17.66699981689453,17.121999740600586
2017-02-07,2017-01-31,17.732999801635742,17.511999130249023
2017-02-08,2017-02-01,17.683000564575195,17.420000076293945
2017-02-09,2017-02-02,17.719999313354492,17.402000427246094
2017-02-10,2017-02-03,17.91200065612793,17.452999114990234
2017-02-13,2017-02-06,17.804000854492188,17.66699981689453
2017-02-14,2017-02-07,17.871999740600586,17.732999801635742
2017-02-15,2017-02-08,17.94700050354004,17.683000564575195
2017-02-16,2017-02-09,18.0629997253418,17.719999313354492
2017-02-17,2017-02-10,18.018999099731445,17.91200065612793
2017-02-21,2017-02-13,17.989999771118164,17.804000854492188
2017-02-22,2017-02-14,17.941999435424805,17.871999740600586
2017-02-23,2017-02-15,18.113000869750977,17.94700050354004
2017-02-24,2017-02-16,18.334999084472656,18.0629997253418
2017-02-27,2017-02-17,18.35400009155273,18.018999099731445
2017-02-28,2017-02-21,18.420000076293945,17.989999771118164
2017-03-01,2017-02-22,18.44300079345703,17.941999435424805
2017-03-02,2017-02-23,17.704999923706055,18.113000869750977
2017-03-03,2017-02-24,17.69700050354004,18.334999084472656
2017-03-06,2017-02-27,17.725000381469727,18.35400009155273
2017-03-07,2017-02-28,17.492000579833984,18.420000076293945
2017-03-08,2017-03-01,17.256999969482422,18.44300079345703
2017-03-09,2017-03-02,16.993000030517578,17.704999923706055
2017-03-10,2017-03-03,16.882999420166016,17.69700050354004
2017-03-13,2017-03-06,16.934999465942383,17.725000381469727
2017-03-14,2017-03-07,16.88800048828125,17.492000579833984
2017-03-15,2017-03-08,16.88800048828125,17.256999969482422
2017-03-16,2017-03-09,17.29599952697754,16.993000030517578
2017-03-17,2017-03-10,17.378999710083008,16.882999420166016
2017-03-20,2017-03-13,17.402999877929688,16.934999465942383
2017-03-21,2017-03-14,17.549999237060547,16.88800048828125
2017-03-22,2017-03-15,17.545000076293945,16.88800048828125
2017-03-23,2017-03-16,17.562999725341797,17.29599952697754
2017-03-24,2017-03-17,17.719999313354492,17.378999710083008
2017-03-27,2017-03-20,18.07999992370605,17.402999877929688
2017-03-28,2017-03-21,18.225000381469727,17.549999237060547
2017-03-29,2017-03-22,18.22800064086914,17.545000076293945
2017-03-30,2017-03-23,18.184999465942383,17.562999725341797
2017-03-31,2017-03-24,18.23500061035156,17.719999313354492
2017-04-03,2017-03-27,18.19099998474121,18.07999992370605
2017-04-04,2017-03-28,18.302000045776367,18.225000381469727
2017-04-05,2017-03-29,18.166000366210938,18.22800064086914
2017-04-06,2017-03-30,18.225000381469727,18.184999465942383
2017-04-07,2017-03-31,18.1299991607666,18.23500061035156
2017-04-10,2017-04-03,17.893999099731445,18.19099998474121
2017-04-11,2017-04-04,18.232999801635746,18.302000045776367
2017-04-12,2017-04-05,18.27899932861328,18.166000366210938
2017-04-13,2017-04-06,18.48900032043457,18.225000381469727
2017-04-17,2017-04-07,18.493000030517575,18.1299991607666
2017-04-18,2017-04-10,18.250999450683597,17.893999099731445
2017-04-19,2017-04-11,18.13599967956543,18.232999801635746
2017-04-20,2017-04-12,17.992000579833984,18.27899932861328
2017-04-21,2017-04-13,17.829999923706055,18.48900032043457
2017-04-24,2017-04-17,17.847999572753906,18.493000030517575
2017-04-25,2017-04-18,17.58099937438965,18.250999450683597
2017-04-26,2017-04-19,17.35300064086914,18.13599967956543
2017-04-27,2017-04-20,17.264999389648438,17.992000579833984
2017-04-28,2017-04-21,17.19099998474121,17.829999923706055
2017-05-01,2017-04-24,16.780000686645508,17.847999572753906
2017-05-02,2017-04-25,16.768999099731445,17.58099937438965
2017-05-03,2017-04-26,16.48699951171875,17.35300064086914
2017-05-04,2017-04-27,16.243999481201172,17.264999389648438
2017-05-05,2017-04-28,16.21500015258789,17.19099998474121
2017-05-08,2017-05-01,16.198999404907227,16.780000686645508
2017-05-09,2017-05-02,16.007999420166016,16.768999099731445
2017-05-10,2017-05-03,16.150999069213867,16.48699951171875
2017-05-11,2017-05-04,16.208999633789062,16.243999481201172
2017-05-12,2017-05-05,16.34600067138672,16.21500015258789
2017-05-15,2017-05-08,16.56100082397461,16.198999404907227
2017-05-16,2017-05-09,16.69300079345703,16.007999420166016
2017-05-17,2017-05-10,16.851999282836914,16.150999069213867
2017-05-18,2017-05-11,16.621000289916992,16.208999633789062
2017-05-19,2017-05-12,16.75,16.34600067138672
2017-05-22,2017-05-15,17.14299964904785,16.56100082397461
2017-05-23,2017-05-16,17.090999603271484,16.69300079345703
2017-05-24,2017-05-17,17.07699966430664,16.851999282836914
2017-05-25,2017-05-18,17.152000427246094,16.621000289916992
2017-05-26,2017-05-19,17.283000946044922,16.75
2017-05-30,2017-05-22,17.38800048828125,17.14299964904785
2017-05-31,2017-05-23,17.368000030517578,17.090999603271484
2017-06-01,2017-05-24,17.243000030517578,17.07699966430664
2017-06-02,2017-05-25,17.48699951171875,17.152000427246094
2017-06-05,2017-05-26,17.547000885009766,17.283000946044922
2017-06-06,2017-05-30,17.677000045776367,17.38800048828125
2017-06-07,2017-05-31,17.586999893188477,17.368000030517578
2017-06-08,2017-06-01,17.384000778198242,17.243000030517578
2017-06-09,2017-06-02,17.19300079345703,17.48699951171875
2017-06-12,2017-06-05,16.913999557495117,17.547000885009766
2017-06-13,2017-06-06,16.738000869750977,17.677000045776367
2017-06-14,2017-06-07,17.10700035095215,17.586999893188477
2017-06-15,2017-06-08,16.69099998474121,17.384000778198242
2017-06-16,2017-06-09,16.63599967956543,17.19300079345703
2017-06-19,2017-06-12,16.482999801635742,16.913999557495117
2017-06-20,2017-06-13,16.398000717163086,16.738000869750977
2017-06-21,2017-06-14,16.354999542236328,17.10700035095215
2017-06-22,2017-06-15,16.489999771118164,16.69099998474121
2017-06-23,2017-06-16,16.628000259399414,16.63599967956543
2017-06-26,2017-06-19,16.559999465942383,16.482999801635742
2017-06-27,2017-06-20,16.576000213623047,16.398000717163086
2017-06-28,2017-06-21,16.71500015258789,16.354999542236328
2017-06-29,2017-06-22,16.586000442504883,16.489999771118164
2017-06-30,2017-06-23,16.56800079345703,16.628000259399414
2017-07-03,2017-06-26,16.03700065612793,16.559999465942383
2017-07-05,2017-06-27,15.842000007629396,16.576000213623047
2017-07-06,2017-06-28,15.927000045776367,16.71500015258789
2017-07-07,2017-06-29,15.371000289916992,16.586000442504883
2017-07-10,2017-06-30,15.57699966430664,16.56800079345703
2017-07-11,2017-07-03,15.696999549865724,16.03700065612793
2017-07-12,2017-07-05,15.83899974822998,15.842000007629396
2017-07-13,2017-07-06,15.642000198364258,15.927000045776367
2017-07-14,2017-07-07,15.883999824523926,15.371000289916992
2017-07-17,2017-07-10,16.049999237060547,15.57699966430664
2017-07-18,2017-07-11,16.222000122070312,15.696999549865724
2017-07-19,2017-07-12,16.250999450683594,15.83899974822998
2017-07-20,2017-07-13,16.298999786376953,15.642000198364258
2017-07-21,2017-07-14,16.40999984741211,15.883999824523926
2017-07-24,2017-07-17,16.398000717163086,16.049999237060547
2017-07-25,2017-07-18,16.496999740600586,16.222000122070312
2017-07-26,2017-07-19,16.415000915527344,16.250999450683594
2017-07-27,2017-07-20,16.52899932861328,16.298999786376953
2017-07-28,2017-07-21,16.663999557495117,16.40999984741211
2017-07-31,2017-07-24,16.75,16.398000717163086
2017-08-01,2017-07-25,16.72800064086914,16.496999740600586
2017-08-02,2017-07-26,16.69700050354004,16.415000915527344
2017-08-03,2017-07-27,16.5939998626709,16.52899932861328
2017-08-04,2017-07-28,16.222000122070312,16.663999557495117
2017-08-07,2017-07-31,16.22100067138672,16.75
2017-08-08,2017-08-01,16.360000610351562,16.72800064086914
2017-08-09,2017-08-02,16.833999633789062,16.69700050354004
2017-08-10,2017-08-03,17.035999298095703,16.5939998626709
2017-08-11,2017-08-04,17.041000366210938,16.222000122070312
2017-08-14,2017-08-07,17.093000411987305,16.22100067138672
2017-08-15,2017-08-08,16.690000534057617,16.360000610351562
2017-08-16,2017-08-09,16.91699981689453,16.833999633789062
2017-08-17,2017-08-10,17.030000686645508,17.035999298095703
2017-08-18,2017-08-11,16.979999542236328,17.041000366210938
2017-08-21,2017-08-14,16.9950008392334,17.093000411987305
2017-08-22,2017-08-15,16.961999893188477,16.690000534057617
2017-08-23,2017-08-16,17.031999588012695,16.91699981689453
2017-08-24,2017-08-17,16.95199966430664,17.030000686645508
2017-08-25,2017-08-18,17.038000106811523,16.979999542236328
2017-08-28,2017-08-21,17.430999755859375,16.9950008392334
2017-08-29,2017-08-22,17.422000885009766,16.961999893188477
2017-08-30,2017-08-23,17.40399932861328,17.031999588012695
2017-08-31,2017-08-24,17.479999542236328,16.95199966430664
2017-09-01,2017-08-25,17.7189998626709,17.038000106811523
2017-09-05,2017-08-28,17.844999313354492,17.430999755859375
2017-09-06,2017-08-29,17.81599998474121,17.422000885009766
2017-09-07,2017-08-30,18.016000747680664,17.40399932861328
2017-09-08,2017-08-31,18.027000427246094,17.479999542236328
2017-09-11,2017-09-01,17.80699920654297,17.7189998626709
2017-09-12,2017-09-05,17.795000076293945,17.844999313354492
2017-09-13,2017-09-06,17.77199935913086,17.81599998474121
2017-09-14,2017-09-07,17.697999954223633,18.016000747680664
2017-09-15,2017-09-08,17.611000061035156,18.027000427246094
2017-09-18,2017-09-11,17.070999145507812,17.80699920654297
2017-09-19,2017-09-12,17.19499969482422,17.795000076293945
2017-09-20,2017-09-13,17.250999450683594,17.77199935913086
2017-09-21,2017-09-14,16.937000274658203,17.697999954223633
2017-09-22,2017-09-15,16.902999877929688,17.611000061035156
2017-09-25,2017-09-18,17.05900001525879,17.070999145507812
2017-09-26,2017-09-19,16.804000854492188,17.19499969482422
2017-09-27,2017-09-20,16.74799919128418,17.250999450683594
2017-09-28,2017-09-21,16.773000717163086,16.937000274658203
2017-09-29,2017-09-22,16.60700035095215,16.902999877929688
2017-10-02,2017-09-25,16.584999084472656,17.05900001525879
2017-10-03,2017-09-26,16.58099937438965,16.804000854492188
2017-10-04,2017-09-27,16.562999725341797,16.74799919128418
2017-10-05,2017-09-28,16.582000732421875,16.773000717163086
2017-10-06,2017-09-29,16.733999252319336,16.60700035095215
2017-10-09,2017-10-02,16.916000366210938,16.584999084472656
2017-10-10,2017-10-03,17.155000686645508,16.58099937438965
2017-10-11,2017-10-04,17.08099937438965,16.562999725341797
2017-10-12,2017-10-05,17.211000442504883,16.582000732421875
2017-10-13,2017-10-06,17.354999542236328,16.733999252319336
2017-10-16,2017-10-09,17.315000534057617,16.916000366210938
2017-10-17,2017-10-10,16.98699951171875,17.155000686645508
2017-10-18,2017-10-11,16.94300079345703,17.08099937438965
2017-10-19,2017-10-12,17.201000213623047,17.211000442504883
2017-10-20,2017-10-13,17.02199935913086,17.354999542236328
2017-10-23,2017-10-16,17.02400016784668,17.315000534057617
2017-10-24,2017-10-17,16.906999588012695,16.98699951171875
2017-10-25,2017-10-18,16.868000030517578,16.94300079345703
2017-10-26,2017-10-19,16.763999938964844,17.201000213623047
2017-10-27,2017-10-20,16.70199966430664,17.02199935913086
2017-10-30,2017-10-23,16.802000045776367,17.02400016784668
2017-10-31,2017-10-24,16.645000457763672,16.906999588012695
2017-11-01,2017-10-25,17.131999969482422,16.868000030517578
2017-11-02,2017-10-26,17.0939998626709,16.763999938964844
2017-11-03,2017-10-27,16.79400062561035,16.70199966430664
2017-11-06,2017-10-30,17.19499969482422,16.802000045776367
2017-11-07,2017-10-31,16.905000686645508,16.645000457763672
2017-11-08,2017-11-01,17.106000900268555,17.131999969482422
2017-11-09,2017-11-02,16.94300079345703,17.0939998626709
2017-11-10,2017-11-03,16.8439998626709,16.79400062561035
2017-11-13,2017-11-06,17.023000717163086,17.19499969482422
2017-11-14,2017-11-07,17.052000045776367,16.905000686645508
2017-11-15,2017-11-08,16.950000762939453,17.106000900268555
2017-11-16,2017-11-09,17.055999755859375,16.94300079345703
2017-11-17,2017-11-10,17.357999801635742,16.8439998626709
2017-11-20,2017-11-13,16.82699966430664,17.023000717163086
2017-11-21,2017-11-14,16.948999404907227,17.052000045776367
2017-11-22,2017-11-15,17.10099983215332,16.950000762939453
2017-11-24,2017-11-16,16.981000900268555,17.055999755859375
2017-11-27,2017-11-17,17.009000778198242,17.357999801635742
2017-11-28,2017-11-20,16.81100082397461,16.82699966430664
2017-11-29,2017-11-21,16.457000732421875,16.948999404907227
2017-11-30,2017-11-22,16.381999969482422,17.10099983215332
2017-12-01,2017-11-24,16.297000885009766,16.981000900268555
2017-12-04,2017-11-27,16.284000396728516,17.009000778198242
2017-12-05,2017-11-28,15.972999572753906,16.81100082397461
2017-12-06,2017-11-29,15.868000030517578,16.457000732421875
2017-12-07,2017-11-30,15.71500015258789,16.381999969482422
2017-12-08,2017-12-01,15.736000061035156,16.297000885009766
2017-12-11,2017-12-04,15.696999549865724,16.284000396728516
2017-12-12,2017-12-05,15.58199977874756,15.972999572753906
2017-12-13,2017-12-06,15.784000396728516,15.868000030517578
2017-12-14,2017-12-07,15.850000381469728,15.71500015258789
2017-12-15,2017-12-08,15.977999687194824,15.736000061035156
2017-12-18,2017-12-11,16.1200008392334,15.696999549865724
2017-12-19,2017-12-12,16.06599998474121,15.58199977874756
2017-12-20,2017-12-13,16.187999725341797,15.784000396728516
2017-12-21,2017-12-14,16.152000427246094,15.850000381469728
2017-12-22,2017-12-15,16.35700035095215,15.977999687194824
2017-12-26,2017-12-18,16.520000457763672,16.1200008392334
2017-12-27,2017-12-19,16.618999481201172,16.06599998474121
2017-12-28,2017-12-20,16.832000732421875,16.187999725341797
2017-12-29,2017-12-21,17.059999465942383,16.152000427246094
2018-01-02,2017-12-22,17.121000289916992,16.35700035095215
2018-01-03,2017-12-26,17.184999465942383,16.520000457763672
2018-01-04,2017-12-27,17.18899917602539,16.618999481201172
2018-01-05,2017-12-28,17.204999923706055,16.832000732421875
2018-01-08,2017-12-29,17.06399917602539,17.059999465942383
2018-01-09,2018-01-02,16.93600082397461,17.121000289916992
2018-01-10,2018-01-03,16.96299934387207,17.184999465942383
2018-01-11,2018-01-04,16.893999099731445,17.18899917602539
2018-01-12,2018-01-05,17.069000244140625,17.204999923706055
2018-01-16,2018-01-08,17.121999740600586,17.06399917602539
2018-01-17,2018-01-09,17.104999542236328,16.93600082397461
2018-01-18,2018-01-10,16.89299964904785,16.96299934387207
2018-01-19,2018-01-11,16.975000381469727,16.893999099731445
2018-01-22,2018-01-12,16.930999755859375,17.069000244140625
2018-01-23,2018-01-16,16.854999542236328,17.121999740600586
2018-01-24,2018-01-17,17.424999237060547,17.104999542236328
2018-01-25,2018-01-18,17.551000595092773,16.89299964904785
2018-01-26,2018-01-19,17.381999969482422,16.975000381469727
2018-01-30,2018-01-22,17.01300048828125,16.930999755859375
2018-01-31,2018-01-23,17.20400047302246,16.854999542236328
2018-02-01,2018-01-24,17.118000030517578,17.424999237060547
2018-02-02,2018-01-25,16.676000595092773,17.551000595092773
2018-02-05,2018-01-26,16.638999938964844,17.381999969482422
2018-02-06,2018-01-30,16.54800033569336,17.01300048828125
2018-02-07,2018-01-31,16.20599937438965,17.20400047302246
2018-02-08,2018-02-01,16.31399917602539,17.118000030517578
2018-02-09,2018-02-02,16.115999221801758,16.676000595092773
2018-02-12,2018-02-05,16.54800033569336,16.638999938964844
2018-02-13,2018-02-06,16.506999969482422,16.54800033569336
2018-02-14,2018-02-07,16.857999801635742,16.20599937438965
2018-02-15,2018-02-08,16.777000427246094,16.31399917602539
2018-02-16,2018-02-09,16.69499969482422,16.115999221801758
2018-02-20,2018-02-12,16.424999237060547,16.54800033569336
2018-02-21,2018-02-13,16.604000091552734,16.506999969482422
2018-02-22,2018-02-14,16.57900047302246,16.857999801635742
2018-02-23,2018-02-15,16.47599983215332,16.777000427246094
2018-02-26,2018-02-16,16.54199981689453,16.69499969482422
2018-02-27,2018-02-20,16.34600067138672,16.424999237060547
2018-02-28,2018-02-21,16.323999404907227,16.604000091552734
2018-03-01,2018-02-22,16.200000762939453,16.57900047302246
2018-03-02,2018-02-23,16.392000198364258,16.47599983215332
2018-03-05,2018-02-26,16.33799934387207,16.54199981689453
2018-03-06,2018-02-27,16.71500015258789,16.34600067138672
2018-03-07,2018-02-28,16.42799949645996,16.323999404907227
2018-03-08,2018-03-01,16.43600082397461,16.200000762939453
2018-03-09,2018-03-02,16.54599952697754,16.392000198364258
2018-03-12,2018-03-05,16.47100067138672,16.33799934387207
2018-03-13,2018-03-06,16.55900001525879,16.71500015258789
2018-03-14,2018-03-07,16.466999053955078,16.42799949645996
2018-03-15,2018-03-08,16.35300064086914,16.43600082397461
2018-03-16,2018-03-09,16.20199966430664,16.54599952697754
2018-03-19,2018-03-12,16.2549991607666,16.47100067138672
2018-03-20,2018-03-13,16.125,16.55900001525879
2018-03-21,2018-03-14,16.35700035095215,16.466999053955078
2018-03-22,2018-03-15,16.327999114990234,16.35300064086914
2018-03-23,2018-03-16,16.530000686645508,16.20199966430664
2018-03-26,2018-03-19,16.631999969482422,16.2549991607666
2018-03-27,2018-03-20,16.48900032043457,16.125
2018-03-28,2018-03-21,16.204999923706055,16.35700035095215
2018-03-29,2018-03-22,16.222999572753906,16.327999114990234
2018-04-02,2018-03-23,16.62700080871582,16.530000686645508
2018-04-03,2018-03-26,16.347000122070312,16.631999969482422
2018-04-04,2018-03-27,16.208999633789062,16.48900032043457
2018-04-05,2018-03-28,16.31999969482422,16.204999923706055
2018-04-06,2018-03-29,16.332000732421875,16.222999572753906
2018-04-09,2018-04-02,16.499000549316406,16.62700080871582
2018-04-10,2018-04-03,16.56599998474121,16.347000122070312
2018-04-11,2018-04-04,16.738000869750977,16.208999633789062
2018-04-12,2018-04-05,16.44300079345703,16.31999969482422
2018-04-13,2018-04-06,16.628000259399414,16.332000732421875
2018-04-16,2018-04-09,16.66200065612793,16.499000549316406
2018-04-17,2018-04-10,16.77199935913086,16.56599998474121
2018-04-18,2018-04-11,17.231000900268555,16.738000869750977
2018-04-19,2018-04-12,17.222000122070312,16.44300079345703
2018-04-20,2018-04-13,17.14699935913086,16.628000259399414
2018-04-23,2018-04-16,16.570999145507812,16.66200065612793
2018-04-24,2018-04-17,16.687000274658203,16.77199935913086
2018-04-25,2018-04-18,16.486000061035156,17.231000900268555
2018-04-26,2018-04-19,16.488000869750977,17.222000122070312
2018-04-27,2018-04-20,16.4060001373291,17.14699935913086
2018-04-30,2018-04-23,16.312000274658203,16.570999145507812
2018-05-01,2018-04-24,16.038999557495117,16.687000274658203
2018-05-02,2018-04-25,16.291000366210938,16.486000061035156
2018-05-03,2018-04-26,16.36199951171875,16.488000869750977
2018-05-04,2018-04-27,16.43400001525879,16.4060001373291
2018-05-07,2018-04-30,16.413000106811523,16.312000274658203
2018-05-08,2018-05-01,16.38800048828125,16.038999557495117
2018-05-09,2018-05-02,16.45800018310547,16.291000366210938
2018-05-10,2018-05-03,16.68000030517578,16.36199951171875
2018-05-11,2018-05-04,16.676000595092773,16.43400001525879
2018-05-14,2018-05-07,16.56999969482422,16.413000106811523
2018-05-15,2018-05-08,16.194000244140625,16.38800048828125
2018-05-16,2018-05-09,16.297000885009766,16.45800018310547
2018-05-17,2018-05-10,16.413000106811523,16.68000030517578
2018-05-18,2018-05-11,16.386999130249023,16.676000595092773
2018-05-21,2018-05-14,16.45199966430664,16.56999969482422
2018-05-22,2018-05-15,16.507999420166016,16.194000244140625
2018-05-23,2018-05-16,16.33799934387207,16.297000885009766
2018-05-24,2018-05-17,16.621000289916992,16.413000106811523
2018-05-25,2018-05-18,16.481000900268555,16.386999130249023
2018-05-29,2018-05-21,16.30500030517578,16.45199966430664
2018-05-30,2018-05-22,16.479000091552734,16.507999420166016
2018-05-31,2018-05-23,16.402000427246094,16.33799934387207
2018-06-01,2018-05-24,16.38800048828125,16.621000289916992
2018-06-04,2018-05-25,16.378999710083008,16.481000900268555
2018-06-05,2018-05-29,16.490999221801758,16.30500030517578
2018-06-06,2018-05-30,16.642000198364258,16.479000091552734
2018-06-07,2018-05-31,16.766000747680664,16.402000427246094
2018-06-08,2018-06-01,16.694000244140625,16.38800048828125
2018-06-11,2018-06-04,16.905000686645508,16.378999710083008
2018-06-12,2018-06-05,16.849000930786133,16.490999221801758
2018-06-13,2018-06-06,16.952999114990234,16.642000198364258
2018-06-14,2018-06-07,17.22599983215332,16.766000747680664
2018-06-15,2018-06-08,16.45199966430664,16.694000244140625
2018-06-18,2018-06-11,16.41200065612793,16.905000686645508
2018-06-19,2018-06-12,16.30299949645996,16.849000930786133
2018-06-20,2018-06-13,16.288999557495117,16.952999114990234
2018-06-21,2018-06-14,16.305999755859375,17.22599983215332
2018-06-22,2018-06-15,16.43899917602539,16.45199966430664
2018-06-25,2018-06-18,16.308000564575195,16.41200065612793
2018-06-26,2018-06-19,16.238000869750977,16.30299949645996
2018-06-27,2018-06-20,16.138999938964844,16.288999557495117
2018-06-28,2018-06-21,15.951000213623049,16.305999755859375
2018-06-29,2018-06-22,16.104000091552734,16.43899917602539
2018-07-02,2018-06-25,15.744000434875488,16.308000564575195
2018-07-03,2018-06-26,15.95199966430664,16.238000869750977
2018-07-05,2018-06-27,16.007999420166016,16.138999938964844
2018-07-06,2018-06-28,15.980999946594238,15.951000213623049
2018-07-09,2018-06-29,16.05299949645996,16.104000091552734
2018-07-10,2018-07-02,16.003000259399414,15.744000434875488
2018-07-11,2018-07-03,15.732000350952148,15.95199966430664
2018-07-12,2018-07-05,15.89799976348877,16.007999420166016
2018-07-13,2018-07-06,15.73900032043457,15.980999946594238
2018-07-16,2018-07-09,15.734999656677246,16.05299949645996
2018-07-17,2018-07-10,15.54599952697754,16.003000259399414
2018-07-18,2018-07-11,15.503000259399414,15.732000350952148
2018-07-19,2018-07-12,15.34000015258789,15.89799976348877
2018-07-20,2018-07-13,15.489999771118164,15.73900032043457
2018-07-23,2018-07-16,15.368000030517578,15.734999656677246
2018-07-24,2018-07-17,15.463000297546388,15.54599952697754
2018-07-25,2018-07-18,15.532999992370604,15.503000259399414
2018-07-26,2018-07-19,15.437999725341797,15.34000015258789
2018-07-27,2018-07-20,15.435999870300291,15.489999771118164
2018-07-30,2018-07-23,15.475000381469728,15.368000030517578
2018-07-31,2018-07-24,15.5,15.463000297546388
2018-08-01,2018-07-25,15.394000053405762,15.532999992370604
2018-08-02,2018-07-26,15.32900047302246,15.437999725341797
2018-08-03,2018-07-27,15.406000137329102,15.435999870300291
2018-08-06,2018-07-30,15.291999816894531,15.475000381469728
2018-08-07,2018-07-31,15.31700038909912,15.5
2018-08-08,2018-08-01,15.37600040435791,15.394000053405762
2018-08-09,2018-08-02,15.418999671936035,15.32900047302246
2018-08-10,2018-08-03,15.265999794006348,15.406000137329102
2018-08-13,2018-08-06,14.95300006866455,15.291999816894531
2018-08-14,2018-08-07,15.024999618530272,15.31700038909912
2018-08-15,2018-08-08,14.42099952697754,15.37600040435791
2018-08-16,2018-08-09,14.696999549865724,15.418999671936035
2018-08-17,2018-08-10,14.616000175476074,15.265999794006348
2018-08-20,2018-08-13,14.654999732971191,14.95300006866455
2018-08-21,2018-08-14,14.75100040435791,15.024999618530272
2018-08-22,2018-08-15,14.734999656677246,14.42099952697754
2018-08-23,2018-08-16,14.527000427246094,14.696999549865724
2018-08-24,2018-08-17,14.779000282287598,14.616000175476074
2018-08-27,2018-08-20,14.843999862670898,14.654999732971191
2018-08-28,2018-08-21,14.767000198364258,14.75100040435791
2018-08-29,2018-08-22,14.687999725341797,14.734999656677246
2018-08-30,2018-08-23,14.47700023651123,14.527000427246094
2018-08-31,2018-08-24,14.437999725341797,14.779000282287598
2018-09-04,2018-08-27,14.060999870300291,14.843999862670898
2018-09-05,2018-08-28,14.118000030517578,14.767000198364258
2018-09-06,2018-08-29,14.074999809265137,14.687999725341797
2018-09-07,2018-08-30,14.06700038909912,14.47700023651123
2018-09-10,2018-08-31,14.07900047302246,14.437999725341797
2018-09-11,2018-09-04,14.052000045776367,14.060999870300291
2018-09-12,2018-09-05,14.19200038909912,14.118000030517578
2018-09-13,2018-09-06,14.142999649047852,14.074999809265137
2018-09-14,2018-09-07,14.041999816894531,14.06700038909912
2018-09-17,2018-09-10,14.121999740600586,14.07900047302246
2018-09-18,2018-09-11,14.083999633789062,14.052000045776367
2018-09-19,2018-09-12,14.189000129699709,14.19200038909912
2018-09-20,2018-09-13,14.21500015258789,14.142999649047852
2018-09-21,2018-09-14,14.269000053405762,14.041999816894531
2018-09-24,2018-09-17,14.25100040435791,14.121999740600586
2018-09-25,2018-09-18,14.39799976348877,14.083999633789062
2018-09-26,2018-09-19,14.30500030517578,14.189000129699709
2018-09-27,2018-09-20,14.201000213623049,14.21500015258789
2018-09-28,2018-09-21,14.623000144958496,14.269000053405762
2018-10-01,2018-09-24,14.42199993133545,14.25100040435791
2018-10-02,2018-09-25,14.609999656677246,14.39799976348877
2018-10-03,2018-09-26,14.59000015258789,14.30500030517578
2018-10-04,2018-09-27,14.510000228881836,14.201000213623049
2018-10-05,2018-09-28,14.569000244140623,14.623000144958496
2018-10-08,2018-10-01,14.258999824523926,14.42199993133545
2018-10-09,2018-10-02,14.32900047302246,14.609999656677246
2018-10-10,2018-10-03,14.255000114440918,14.59000015258789
2018-10-11,2018-10-04,14.53499984741211,14.510000228881836
2018-10-12,2018-10-05,14.564000129699709,14.569000244140623
2018-10-15,2018-10-08,14.656000137329102,14.258999824523926
2018-10-16,2018-10-09,14.630000114440918,14.32900047302246
2018-10-17,2018-10-10,14.592000007629396,14.255000114440918
2018-10-18,2018-10-11,14.532999992370604,14.53499984741211
2018-10-19,2018-10-12,14.57900047302246,14.564000129699709
2018-10-22,2018-10-15,14.522000312805176,14.656000137329102
2018-10-23,2018-10-16,14.727999687194824,14.630000114440918
2018-10-24,2018-10-17,14.611000061035156,14.592000007629396
2018-10-25,2018-10-18,14.5649995803833,14.532999992370604
2018-10-26,2018-10-19,14.635000228881836,14.57900047302246
2018-10-29,2018-10-22,14.376999855041504,14.522000312805176
2018-10-30,2018-10-23,14.402999877929688,14.727999687194824
2018-10-31,2018-10-24,14.229000091552734,14.611000061035156
2018-11-01,2018-10-25,14.729000091552734,14.5649995803833
2018-11-02,2018-10-26,14.70699977874756,14.635000228881836
2018-11-05,2018-10-29,14.604000091552734,14.376999855041504
2018-11-06,2018-10-30,14.458000183105469,14.402999877929688
2018-11-07,2018-10-31,14.527999877929688,14.229000091552734
2018-11-08,2018-11-01,14.38599967956543,14.729000091552734
2018-11-09,2018-11-02,14.102999687194824,14.70699977874756
2018-11-12,2018-11-05,13.973999977111816,14.604000091552734
2018-11-13,2018-11-06,13.95199966430664,14.458000183105469
2018-11-14,2018-11-07,14.05500030517578,14.527999877929688
2018-11-15,2018-11-08,14.237000465393066,14.38599967956543
2018-11-16,2018-11-09,14.357999801635742,14.102999687194824
2018-11-19,2018-11-12,14.380999565124512,13.973999977111816
2018-11-20,2018-11-13,14.246999740600586,13.95199966430664
2018-11-21,2018-11-14,14.479999542236328,14.05500030517578
2018-11-23,2018-11-15,14.220999717712402,14.237000465393066
2018-11-26,2018-11-16,14.18299961090088,14.357999801635742
2018-11-27,2018-11-19,14.062000274658203,14.380999565124512
2018-11-28,2018-11-20,14.303000450134276,14.246999740600586
2018-11-29,2018-11-21,14.27299976348877,14.479999542236328
2018-11-30,2018-11-23,14.093999862670898,14.220999717712402
2018-12-03,2018-11-26,14.380999565124512,14.18299961090088
2018-12-04,2018-11-27,14.520999908447266,14.062000274658203
2018-12-06,2018-11-28,14.390000343322754,14.303000450134276
2018-12-07,2018-11-29,14.571999549865724,14.27299976348877
2018-12-10,2018-11-30,14.477999687194824,14.093999862670898
2018-12-11,2018-12-03,14.49899959564209,14.380999565124512
2018-12-12,2018-12-04,14.725000381469728,14.520999908447266
2018-12-13,2018-12-06,14.729000091552734,14.390000343322754
2018-12-14,2018-12-07,14.512999534606934,14.571999549865724
2018-12-17,2018-12-10,14.638999938964844,14.477999687194824
2018-12-18,2018-12-11,14.585000038146973,14.49899959564209
2018-12-19,2018-12-12,14.70199966430664,14.725000381469728
2018-12-20,2018-12-13,14.753000259399414,14.729000091552734
2018-12-21,2018-12-14,14.583000183105469,14.512999534606934
2018-12-24,2018-12-17,14.701000213623049,14.638999938964844
2018-12-26,2018-12-18,15.003999710083008,14.585000038146973
2018-12-27,2018-12-19,15.190999984741213,14.70199966430664
2018-12-28,2018-12-20,15.326000213623049,14.753000259399414
2018-12-31,2018-12-21,15.43299961090088,14.583000183105469
2019-01-02,2018-12-24,15.541999816894531,14.701000213623049
2019-01-03,2018-12-26,15.706000328063965,15.003999710083008
2019-01-04,2018-12-27,15.69499969482422,15.190999984741213
2019-01-07,2018-12-28,15.668999671936035,15.326000213623049
2019-01-08,2018-12-31,15.62600040435791,15.43299961090088
2019-01-09,2019-01-02,15.652999877929688,15.541999816894531
2019-01-10,2019-01-03,15.560999870300291,15.706000328063965
2019-01-11,2019-01-04,15.57699966430664,15.69499969482422
2019-01-14,2019-01-07,15.609000205993652,15.668999671936035
2019-01-15,2019-01-08,15.54599952697754,15.62600040435791
2019-01-16,2019-01-09,15.564000129699709,15.652999877929688
2019-01-17,2019-01-10,15.467000007629396,15.560999870300291
2019-01-18,2019-01-11,15.329999923706056,15.57699966430664
2019-01-22,2019-01-14,15.258999824523926,15.609000205993652
2019-01-23,2019-01-15,15.31700038909912,15.54599952697754
2019-01-24,2019-01-16,15.23799991607666,15.564000129699709
2019-01-25,2019-01-17,15.638999938964844,15.467000007629396
2019-01-28,2019-01-18,15.708999633789062,15.329999923706056
2019-01-29,2019-01-22,15.78600025177002,15.258999824523926
2019-01-30,2019-01-23,15.880000114440918,15.31700038909912
2019-01-31,2019-01-24,16.02199935913086,15.23799991607666
2019-02-01,2019-01-25,15.880000114440918,15.638999938964844
2019-02-04,2019-01-28,15.836999893188477,15.708999633789062
2019-02-05,2019-01-29,15.789999961853027,15.78600025177002
2019-02-06,2019-01-30,15.656000137329102,15.880000114440918
2019-02-07,2019-01-31,15.675000190734863,16.02199935913086
2019-02-08,2019-02-01,15.77299976348877,15.880000114440918
2019-02-11,2019-02-04,15.656999588012695,15.836999893188477
2019-02-12,2019-02-05,15.65999984741211,15.789999961853027
2019-02-13,2019-02-06,15.62399959564209,15.656000137329102
2019-02-14,2019-02-07,15.5,15.675000190734863
2019-02-15,2019-02-08,15.722999572753906,15.77299976348877
2019-02-19,2019-02-11,15.946999549865724,15.656999588012695
2019-02-20,2019-02-12,16.156999588012695,15.65999984741211
2019-02-21,2019-02-13,15.791000366210938,15.62399959564209
2019-02-22,2019-02-14,15.907999992370604,15.5
2019-02-25,2019-02-15,15.824999809265137,15.722999572753906
2019-02-26,2019-02-19,15.82699966430664,15.946999549865724
2019-02-27,2019-02-20,15.67199993133545,16.156999588012695
2019-02-28,2019-02-21,15.538000106811523,15.791000366210938
2019-03-01,2019-02-22,15.168999671936035,15.907999992370604
2019-03-04,2019-02-25,15.017000198364258,15.824999809265137
2019-03-05,2019-02-26,15.020000457763672,15.82699966430664
2019-03-06,2019-02-27,15.003000259399414,15.67199993133545
2019-03-07,2019-02-28,14.960000038146973,15.538000106811523
2019-03-08,2019-03-01,15.272000312805176,15.168999671936035
2019-03-11,2019-03-04,15.196999549865724,15.017000198364258
2019-03-12,2019-03-05,15.338000297546388,15.020000457763672
2019-03-13,2019-03-06,15.380999565124512,15.003000259399414
2019-03-14,2019-03-07,15.10099983215332,14.960000038146973
2019-03-15,2019-03-08,15.253000259399414,15.272000312805176
2019-03-18,2019-03-11,15.25100040435791,15.196999549865724
2019-03-19,2019-03-12,15.300999641418455,15.338000297546388
2019-03-20,2019-03-13,15.244999885559082,15.380999565124512
2019-03-21,2019-03-14,15.371999740600586,15.10099983215332
2019-03-22,2019-03-15,15.345000267028809,15.253000259399414
2019-03-25,2019-03-18,15.506999969482422,15.25100040435791
2019-03-26,2019-03-19,15.371000289916992,15.300999641418455
2019-03-27,2019-03-20,15.23900032043457,15.244999885559082
2019-03-28,2019-03-21,14.92099952697754,15.371999740600586
2019-03-29,2019-03-22,15.0600004196167,15.345000267028809
2019-04-01,2019-03-25,15.050999641418455,15.506999969482422
2019-04-02,2019-03-26,15.017999649047852,15.371000289916992
2019-04-03,2019-03-27,15.059000015258787,15.23900032043457
2019-04-04,2019-03-28,15.041000366210938,14.92099952697754
2019-04-05,2019-03-29,15.04300022125244,15.0600004196167
2019-04-08,2019-04-01,15.17300033569336,15.050999641418455
2019-04-09,2019-04-02,15.16800022125244,15.017999649047852
2019-04-10,2019-04-03,15.201000213623049,15.059000015258787
2019-04-11,2019-04-04,14.824000358581545,15.041000366210938
2019-04-12,2019-04-05,14.920000076293944,15.04300022125244
2019-04-15,2019-04-08,14.947999954223633,15.17300033569336
2019-04-16,2019-04-09,14.890999794006348,15.16800022125244
2019-04-17,2019-04-10,14.92099952697754,15.201000213623049
2019-04-18,2019-04-11,14.937000274658203,14.824000358581545
2019-04-22,2019-04-12,14.95699977874756,14.920000076293944
2019-04-23,2019-04-15,14.77299976348877,14.947999954223633
2019-04-24,2019-04-16,14.89799976348877,14.890999794006348
2019-04-25,2019-04-17,14.861000061035156,14.92099952697754
2019-04-26,2019-04-18,15.001999855041504,14.937000274658203
2019-04-29,2019-04-22,14.843999862670898,14.95699977874756
2019-04-30,2019-04-23,14.899999618530272,14.77299976348877
2019-05-01,2019-04-24,14.645000457763672,14.89799976348877
2019-05-02,2019-04-25,14.539999961853027,14.861000061035156
2019-05-03,2019-04-26,14.906999588012695,15.001999855041504
2019-05-06,2019-04-29,14.857000350952148,14.843999862670898
2019-05-07,2019-04-30,14.859999656677246,14.899999618530272
2019-05-08,2019-05-01,14.791999816894531,14.645000457763672
2019-05-09,2019-05-02,14.70699977874756,14.539999961853027
2019-05-10,2019-05-03,14.72599983215332,14.906999588012695
2019-05-13,2019-05-06,14.713000297546388,14.857000350952148
2019-05-14,2019-05-07,14.751999855041504,14.859999656677246
2019-05-15,2019-05-08,14.751999855041504,14.791999816894531
2019-05-16,2019-05-09,14.479000091552734,14.70699977874756
2019-05-17,2019-05-10,14.347999572753906,14.72599983215332
2019-05-20,2019-05-13,14.409000396728516,14.713000297546388
2019-05-21,2019-05-14,14.373000144958496,14.751999855041504
2019-05-22,2019-05-15,14.413999557495115,14.751999855041504
2019-05-23,2019-05-16,14.57699966430664,14.479000091552734
2019-05-24,2019-05-17,14.520000457763672,14.347999572753906
2019-05-28,2019-05-20,14.281000137329102,14.409000396728516
2019-05-29,2019-05-21,14.371999740600586,14.373000144958496
2019-05-30,2019-05-22,14.460000038146973,14.413999557495115
2019-05-31,2019-05-23,14.529999732971191,14.57699966430664
2019-06-03,2019-05-24,14.70300006866455,14.520000457763672
2019-06-04,2019-05-28,14.732000350952148,14.281000137329102
2019-06-05,2019-05-29,14.753999710083008,14.371999740600586
2019-06-06,2019-05-30,14.868000030517578,14.460000038146973
2019-06-07,2019-05-31,14.994000434875488,14.529999732971191
2019-06-10,2019-06-03,14.604999542236328,14.70300006866455
2019-06-11,2019-06-04,14.706000328063965,14.732000350952148
2019-06-12,2019-06-05,14.722000122070312,14.753999710083008
2019-06-13,2019-06-06,14.871000289916992,14.868000030517578
2019-06-14,2019-06-07,14.781999588012695,14.994000434875488
2019-06-17,2019-06-10,14.814000129699709,14.604999542236328
2019-06-18,2019-06-11,14.979999542236328,14.706000328063965
2019-06-19,2019-06-12,14.94499969482422,14.722000122070312
2019-06-20,2019-06-13,15.468999862670898,14.871000289916992
2019-06-21,2019-06-14,15.27299976348877,14.781999588012695
2019-06-24,2019-06-17,15.368000030517578,14.814000129699709
2019-06-25,2019-06-18,15.291000366210938,14.979999542236328
2019-06-26,2019-06-19,15.282999992370604,14.94499969482422
2019-06-27,2019-06-20,15.204999923706056,15.468999862670898
2019-06-28,2019-06-21,15.253000259399414,15.27299976348877
2019-07-01,2019-06-24,15.105999946594238,15.368000030517578
2019-07-02,2019-06-25,15.154000282287598,15.291000366210938
2019-07-03,2019-06-26,15.251999855041504,15.282999992370604
2019-07-05,2019-06-27,14.91800022125244,15.204999923706056
2019-07-08,2019-06-28,14.972000122070312,15.253000259399414
2019-07-09,2019-07-01,15.067999839782717,15.105999946594238
2019-07-10,2019-07-02,15.147000312805176,15.154000282287598
2019-07-11,2019-07-03,15.06700038909912,15.251999855041504
2019-07-12,2019-07-05,15.16100025177002,14.91800022125244
2019-07-15,2019-07-08,15.289999961853027,14.972000122070312
2019-07-16,2019-07-09,15.600000381469728,15.067999839782717
2019-07-17,2019-07-10,15.892999649047852,15.147000312805176
2019-07-18,2019-07-11,16.1200008392334,15.06700038909912
2019-07-19,2019-07-12,16.117000579833984,15.16100025177002
2019-07-22,2019-07-15,16.34000015258789,15.289999961853027
2019-07-23,2019-07-16,16.405000686645508,15.600000381469728
2019-07-24,2019-07-17,16.554000854492188,15.892999649047852
2019-07-25,2019-07-18,16.339000701904297,16.1200008392334
2019-07-26,2019-07-19,16.325000762939453,16.117000579833984
2019-07-29,2019-07-22,16.368000030517578,16.34000015258789
2019-07-30,2019-07-23,16.4950008392334,16.405000686645508
2019-07-31,2019-07-24,16.34600067138672,16.554000854492188
2019-08-01,2019-07-25,16.121000289916992,16.339000701904297
2019-08-02,2019-07-26,16.222000122070312,16.325000762939453
2019-08-05,2019-07-29,16.344999313354492,16.368000030517578
2019-08-06,2019-07-30,16.405000686645508,16.4950008392334
2019-08-07,2019-07-31,17.1560001373291,16.34600067138672
2019-08-08,2019-08-01,16.900999069213867,16.121000289916992
2019-08-09,2019-08-02,16.89699935913086,16.222000122070312
2019-08-12,2019-08-05,17.038999557495117,16.344999313354492
2019-08-13,2019-08-06,16.95599937438965,16.405000686645508
2019-08-14,2019-08-07,17.253000259399414,17.1560001373291
2019-08-15,2019-08-08,17.187999725341797,16.900999069213867
2019-08-16,2019-08-09,17.09600067138672,16.89699935913086
2019-08-19,2019-08-12,16.913999557495117,17.038999557495117
2019-08-20,2019-08-13,17.121999740600586,16.95599937438965
2019-08-21,2019-08-14,17.125,17.253000259399414
2019-08-22,2019-08-15,17.013999938964844,17.187999725341797
2019-08-23,2019-08-16,17.395000457763672,17.09600067138672
2019-08-26,2019-08-19,17.624000549316406,16.913999557495117
2019-08-27,2019-08-20,18.138999938964844,17.121999740600586
2019-08-28,2019-08-21,18.304000854492188,17.125
2019-08-29,2019-08-22,18.16699981689453,17.013999938964844
2019-08-30,2019-08-23,18.184999465942383,17.395000457763672
2019-09-03,2019-08-26,19.07900047302246,17.624000549316406
2019-09-04,2019-08-27,19.391000747680664,18.138999938964844
2019-09-05,2019-08-28,18.6560001373291,18.304000854492188
2019-09-06,2019-08-29,17.968000411987305,18.16699981689453
2019-09-09,2019-08-30,18.018999099731445,18.184999465942383
2019-09-10,2019-09-03,18.041000366210938,19.07900047302246
2019-09-11,2019-09-04,18.0310001373291,19.391000747680664
2019-09-12,2019-09-05,18.041000366210938,18.6560001373291
2019-09-13,2019-09-06,17.43600082397461,17.968000411987305
2019-09-16,2019-09-09,17.900999069213867,18.018999099731445
2019-09-17,2019-09-10,18.016000747680664,18.041000366210938
2019-09-18,2019-09-11,17.795000076293945,18.0310001373291
2019-09-19,2019-09-12,17.773000717163086,18.041000366210938
2019-09-20,2019-09-13,17.738000869750977,17.43600082397461
2019-09-23,2019-09-16,18.600000381469727,17.900999069213867
2019-09-24,2019-09-17,18.517000198364254,18.016000747680664
2019-09-25,2019-09-18,17.961999893188477,17.795000076293945
2019-09-26,2019-09-19,17.801000595092773,17.773000717163086
2019-09-27,2019-09-20,17.552000045776367,17.738000869750977
2019-09-30,2019-09-23,16.898000717163086,18.600000381469727
2019-10-01,2019-09-24,17.20199966430664,18.517000198364254
2019-10-02,2019-09-25,17.591999053955078,17.961999893188477
2019-10-03,2019-09-26,17.584999084472656,17.801000595092773
2019-10-04,2019-09-27,17.540000915527344,17.552000045776367
2019-10-07,2019-09-30,17.457000732421875,16.898000717163086
2019-10-08,2019-10-01,17.617000579833984,17.20199966430664
2019-10-09,2019-10-02,17.72800064086914,17.591999053955078
2019-10-10,2019-10-03,17.520000457763672,17.584999084472656
2019-10-11,2019-10-04,17.461999893188477,17.540000915527344
2019-10-14,2019-10-07,17.634000778198242,17.457000732421875
2019-10-15,2019-10-08,17.308000564575195,17.617000579833984
2019-10-16,2019-10-09,17.35099983215332,17.72800064086914
2019-10-17,2019-10-10,17.535999298095703,17.520000457763672
2019-10-18,2019-10-11,17.50200080871582,17.461999893188477
2019-10-21,2019-10-14,17.525999069213867,17.634000778198242
2019-10-22,2019-10-15,17.437000274658203,17.308000564575195
2019-10-23,2019-10-16,17.517000198364258,17.35099983215332
2019-10-24,2019-10-17,17.73900032043457,17.535999298095703
2019-10-25,2019-10-18,17.861000061035156,17.50200080871582
2019-10-28,2019-10-21,17.81599998474121,17.525999069213867
2019-10-29,2019-10-22,17.770999908447266,17.437000274658203
2019-10-30,2019-10-23,17.815000534057617,17.517000198364258
2019-10-31,2019-10-24,18.013999938964844,17.73900032043457
2019-11-01,2019-10-25,18.003999710083008,17.861000061035156
2019-11-04,2019-10-28,18.013999938964844,17.81599998474121
2019-11-05,2019-10-29,17.516000747680664,17.770999908447266
2019-11-06,2019-10-30,17.558000564575195,17.815000534057617
2019-11-07,2019-10-31,16.969999313354492,18.013999938964844
2019-11-08,2019-11-01,16.783000946044922,18.003999710083008
2019-11-11,2019-11-04,16.761999130249023,18.013999938964844
2019-11-12,2019-11-05,16.677000045776367,17.516000747680664
2019-11-13,2019-11-06,16.898000717163086,17.558000564575195
2019-11-14,2019-11-07,17.01300048828125,16.969999313354492
2019-11-15,2019-11-08,16.933000564575195,16.783000946044922
2019-11-18,2019-11-11,16.985000610351562,16.761999130249023
2019-11-19,2019-11-12,17.10300064086914,16.677000045776367
2019-11-20,2019-11-13,17.100000381469727,16.898000717163086
2019-11-21,2019-11-14,17.049999237060547,17.01300048828125
2019-11-22,2019-11-15,16.985000610351562,16.933000564575195
2019-11-25,2019-11-18,16.871000289916992,16.985000610351562
2019-11-26,2019-11-19,17.030000686645508,17.10300064086914
2019-11-27,2019-11-20,16.91200065612793,17.100000381469727
2019-11-29,2019-11-21,16.9689998626709,17.049999237060547
2019-12-02,2019-11-22,16.836000442504883,16.985000610351562
2019-12-03,2019-11-25,17.125,16.871000289916992
2019-12-04,2019-11-26,16.797000885009766,17.030000686645508
2019-12-05,2019-11-27,16.941999435424805,16.91200065612793
2019-12-06,2019-11-29,16.481000900268555,16.9689998626709
2019-12-09,2019-12-02,16.531999588012695,16.836000442504883
2019-12-10,2019-12-03,16.59600067138672,17.125
2019-12-11,2019-12-04,16.743999481201172,16.797000885009766
2019-12-12,2019-12-05,16.844999313354492,16.941999435424805
2019-12-13,2019-12-06,16.91200065612793,16.481000900268555
2019-12-16,2019-12-09,17.018999099731445,16.531999588012695
2019-12-17,2019-12-10,16.97800064086914,16.59600067138672
2019-12-18,2019-12-11,16.952999114990234,16.743999481201172
2019-12-19,2019-12-12,17.058000564575195,16.844999313354492
2019-12-20,2019-12-13,17.128000259399414,16.91200065612793
2019-12-23,2019-12-16,17.402999877929688,17.018999099731445
2019-12-24,2019-12-17,17.756999969482422,16.97800064086914
2019-12-26,2019-12-18,17.893999099731445,16.952999114990234
2019-12-27,2019-12-19,17.849000930786133,17.058000564575195
2019-12-30,2019-12-20,17.908000946044922,17.128000259399414
2019-12-31,2019-12-23,17.827999114990234,17.402999877929688
2020-01-02,2019-12-24,17.965999603271484,17.756999969482422
2020-01-03,2019-12-26,18.06800079345703,17.893999099731445
2020-01-06,2019-12-27,18.097000122070312,17.849000930786133
2020-01-07,2019-12-30,18.31599998474121,17.908000946044922
2020-01-08,2019-12-31,18.08799934387207,17.827999114990234
2020-01-09,2020-01-02,17.860000610351562,17.965999603271484
2020-01-10,2020-01-03,18.03300094604492,18.06800079345703
2020-01-13,2020-01-06,17.926000595092773,18.097000122070312
2020-01-14,2020-01-07,17.673999786376953,18.31599998474121
2020-01-15,2020-01-08,17.92300033569336,18.08799934387207
2020-01-16,2020-01-09,17.875,17.860000610351562
2020-01-17,2020-01-10,18.01300048828125,18.03300094604492
2020-01-21,2020-01-13,17.750999450683594,17.926000595092773
2020-01-22,2020-01-14,17.770999908447266,17.673999786376953
2020-01-23,2020-01-15,17.773000717163086,17.92300033569336
2020-01-24,2020-01-16,18.05699920654297,17.875
2020-01-27,2020-01-17,18.0,18.01300048828125
2020-01-28,2020-01-21,17.402000427246094,17.750999450683594
2020-01-29,2020-01-22,17.430999755859375,17.770999908447266
2020-01-30,2020-01-23,17.95199966430664,17.773000717163086
2020-01-31,2020-01-24,17.972000122070312,18.05699920654297
2020-02-03,2020-01-27,17.639999389648438,18.0
2020-02-04,2020-01-28,17.527999877929688,17.402000427246094
2020-02-05,2020-01-29,17.569000244140625,17.430999755859375
2020-02-06,2020-01-30,17.788999557495117,17.95199966430664
2020-02-07,2020-01-31,17.665000915527344,17.972000122070312
2020-02-10,2020-02-03,17.757999420166016,17.639999389648438
2020-02-11,2020-02-04,17.572999954223633,17.527999877929688
2020-02-12,2020-02-05,17.47800064086914,17.569000244140625
2020-02-13,2020-02-06,17.600000381469727,17.788999557495117
2020-02-14,2020-02-07,17.71500015258789,17.665000915527344
2020-02-18,2020-02-10,18.131000518798828,17.757999420166016
2020-02-19,2020-02-11,18.29199981689453,17.572999954223633
2020-02-20,2020-02-12,18.30900001525879,17.47800064086914
2020-02-21,2020-02-13,18.520999908447266,17.600000381469727
2020-02-24,2020-02-14,18.868000030517575,17.71500015258789
2020-02-25,2020-02-18,18.183000564575195,18.131000518798828
2020-02-26,2020-02-19,17.826000213623047,18.29199981689453
2020-02-27,2020-02-20,17.658000946044922,18.30900001525879
2020-02-28,2020-02-21,16.386999130249023,18.520999908447266
2020-03-02,2020-02-24,16.679000854492188,18.868000030517575
2020-03-03,2020-02-25,17.128999710083008,18.183000564575195
2020-03-04,2020-02-26,17.187000274658203,17.826000213623047
2020-03-05,2020-02-27,17.341999053955078,17.658000946044922
2020-03-06,2020-02-28,17.214000701904297,16.386999130249023
2020-03-09,2020-03-02,17.000999450683594,16.679000854492188
2020-03-10,2020-03-03,16.9060001373291,17.128999710083008
2020-03-11,2020-03-04,16.729000091552734,17.187000274658203
2020-03-12,2020-03-05,15.961000442504885,17.341999053955078
2020-03-13,2020-03-06,14.456000328063965,17.214000701904297
2020-03-16,2020-03-09,12.772000312805176,17.000999450683594
2020-03-17,2020-03-10,12.468999862670898,16.9060001373291
2020-03-18,2020-03-11,11.734999656677246,16.729000091552734
2020-03-19,2020-03-12,12.097000122070312,15.961000442504885
2020-03-20,2020-03-13,12.348999977111816,14.456000328063965
2020-03-23,2020-03-16,13.225000381469728,12.772000312805176
2020-03-24,2020-03-17,14.229000091552734,12.468999862670898
2020-03-25,2020-03-18,14.836999893188477,11.734999656677246
2020-03-26,2020-03-19,14.640000343322754,12.097000122070312
2020-03-27,2020-03-20,14.498000144958496,12.348999977111816
2020-03-30,2020-03-23,14.074000358581545,13.225000381469728
2020-03-31,2020-03-24,14.097999572753906,14.229000091552734
2020-04-01,2020-03-25,13.925999641418455,14.836999893188477
2020-04-02,2020-03-26,14.595999717712402,14.640000343322754
2020-04-03,2020-03-27,14.435999870300291,14.498000144958496
2020-04-06,2020-03-30,15.111000061035156,14.074000358581545
2020-04-07,2020-03-31,15.42199993133545,14.097999572753906
2020-04-08,2020-04-01,15.147000312805176,13.925999641418455
2020-04-09,2020-04-02,15.994999885559082,14.595999717712402
2020-04-13,2020-04-03,15.479000091552734,14.435999870300291
2020-04-14,2020-04-06,16.07200050354004,15.111000061035156
2020-04-15,2020-04-07,15.446999549865724,15.42199993133545
2020-04-16,2020-04-08,15.564000129699709,15.147000312805176
2020-04-17,2020-04-09,15.237000465393066,15.994999885559082
2020-04-20,2020-04-13,15.555999755859377,15.479000091552734
2020-04-21,2020-04-14,14.817999839782717,16.07200050354004
2020-04-22,2020-04-15,15.277000427246094,15.446999549865724
2020-04-23,2020-04-16,15.347999572753906,15.564000129699709
2020-04-24,2020-04-17,15.253999710083008,15.237000465393066
2020-04-27,2020-04-20,15.201000213623049,15.555999755859377
2020-04-28,2020-04-21,15.161999702453612,14.817999839782717
2020-04-29,2020-04-22,15.15999984741211,15.277000427246094
2020-04-30,2020-04-23,14.89799976348877,15.347999572753906
2020-05-01,2020-04-24,14.86299991607666,15.253999710083008
2020-05-04,2020-04-27,14.722000122070312,15.201000213623049
2020-05-05,2020-04-28,15.057000160217283,15.161999702453612
2020-05-06,2020-04-29,14.987000465393066,15.15999984741211
2020-05-07,2020-04-30,15.562000274658203,14.89799976348877
2020-05-08,2020-05-01,15.739999771118164,14.86299991607666
2020-05-11,2020-05-04,15.63599967956543,14.722000122070312
2020-05-12,2020-05-05,15.687000274658203,15.057000160217283
2020-05-13,2020-05-06,15.663000106811523,14.987000465393066
2020-05-14,2020-05-07,16.13599967956543,15.562000274658203
2020-05-15,2020-05-08,17.04599952697754,15.739999771118164
2020-05-18,2020-05-11,17.464000701904297,15.63599967956543
2020-05-19,2020-05-12,17.892000198364258,15.687000274658203
2020-05-20,2020-05-13,18.00200080871582,15.663000106811523
2020-05-21,2020-05-14,17.334999084472656,16.13599967956543
2020-05-22,2020-05-15,17.663999557495117,17.04599952697754
2020-05-26,2020-05-18,17.565000534057617,17.464000701904297
2020-05-27,2020-05-19,17.68600082397461,17.892000198364258
2020-05-28,2020-05-20,17.895000457763672,18.00200080871582
2020-05-29,2020-05-21,18.440000534057617,17.334999084472656
2020-06-01,2020-05-22,18.76799964904785,17.663999557495117
2020-06-02,2020-05-26,18.207000732421875,17.565000534057617
2020-06-03,2020-05-27,17.92099952697754,17.68600082397461
2020-06-04,2020-05-28,18.02400016784668,17.895000457763672
2020-06-05,2020-05-29,17.44300079345703,18.440000534057617
2020-06-08,2020-06-01,17.868000030517578,18.76799964904785
2020-06-09,2020-06-02,17.77400016784668,18.207000732421875
2020-06-10,2020-06-03,17.775999069213867,17.92099952697754
2020-06-11,2020-06-04,17.868999481201172,18.02400016784668
2020-06-12,2020-06-05,17.461999893188477,17.44300079345703
2020-06-15,2020-06-08,17.378999710083008,17.868000030517578
2020-06-16,2020-06-09,17.631999969482422,17.77400016784668
2020-06-17,2020-06-10,17.756999969482422,17.775999069213867
2020-06-18,2020-06-11,17.493000030517578,17.868999481201172
2020-06-19,2020-06-12,17.832000732421875,17.461999893188477
2020-06-22,2020-06-15,17.886999130249023,17.378999710083008
2020-06-23,2020-06-16,18.051000595092773,17.631999969482422
2020-06-24,2020-06-17,17.658000946044922,17.756999969482422
2020-06-25,2020-06-18,17.882999420166016,17.493000030517578
2020-06-26,2020-06-19,18.02300071716309,17.832000732421875
2020-06-29,2020-06-22,17.979999542236328,17.886999130249023
2020-06-30,2020-06-23,18.541000366210938,18.051000595092773
2020-07-01,2020-06-24,18.132999420166016,17.658000946044922
2020-07-02,2020-06-25,18.24399948120117,17.882999420166016
2020-07-06,2020-06-26,18.503999710083008,18.02300071716309
2020-07-07,2020-06-29,18.62800025939941,17.979999542236328
2020-07-08,2020-06-30,19.08099937438965,18.541000366210938
2020-07-09,2020-07-01,18.881999969482425,18.132999420166016
2020-07-10,2020-07-02,18.982999801635746,18.24399948120117
2020-07-13,2020-07-06,19.708999633789062,18.503999710083008
2020-07-14,2020-07-07,19.451000213623047,18.62800025939941
2020-07-15,2020-07-08,19.684999465942383,19.08099937438965
2020-07-16,2020-07-09,19.496999740600582,18.881999969482425
2020-07-17,2020-07-10,19.684999465942383,18.982999801635746
2020-07-20,2020-07-13,20.124000549316406,19.708999633789062
2020-07-21,2020-07-14,21.496999740600582,19.451000213623047
2020-07-22,2020-07-15,23.08300018310547,19.684999465942383
2020-07-23,2020-07-16,22.94499969482422,19.496999740600582
2020-07-24,2020-07-17,22.808000564575195,19.684999465942383
2020-07-27,2020-07-20,24.47599983215332,20.124000549316406
2020-07-28,2020-07-21,24.266000747680664,21.496999740600582
2020-07-29,2020-07-22,24.292999267578125,23.08300018310547
2020-07-30,2020-07-23,23.34000015258789,22.94499969482422
2020-07-31,2020-07-24,24.18899917602539,22.808000564575195
2020-08-03,2020-07-27,24.38999938964844,24.47599983215332
2020-08-04,2020-07-28,26.011999130249023,24.266000747680664
2020-08-05,2020-07-29,26.87700080871582,24.292999267578125
2020-08-06,2020-07-30,28.386999130249023,23.34000015258789
2020-08-07,2020-07-31,27.53300094604492,24.18899917602539
2020-08-10,2020-08-03,29.249000549316406,24.38999938964844
2020-08-11,2020-08-04,26.03700065612793,26.011999130249023
2020-08-12,2020-08-05,25.95499992370605,26.87700080871582
2020-08-13,2020-08-06,27.694000244140625,28.386999130249023
2020-08-14,2020-08-07,26.065000534057617,27.53300094604492
2020-08-17,2020-08-10,27.64299964904785,29.249000549316406
2020-08-18,2020-08-11,28.048999786376957,26.03700065612793
2020-08-19,2020-08-12,27.315000534057617,25.95499992370605
2020-08-20,2020-08-13,27.121999740600582,27.694000244140625
2020-08-21,2020-08-14,26.707000732421875,26.065000534057617
2020-08-24,2020-08-17,26.58799934387207,27.64299964904785
2020-08-25,2020-08-18,26.253999710083008,28.048999786376957
2020-08-26,2020-08-19,27.43000030517578,27.315000534057617
2020-08-27,2020-08-20,27.01000022888184,27.121999740600582
2020-08-28,2020-08-21,27.61000061035156,26.707000732421875
2020-08-31,2020-08-24,28.437000274658203,26.58799934387207
2020-09-01,2020-08-25,28.48600006103516,26.253999710083008
2020-09-02,2020-08-26,27.249000549316406,27.43000030517578
2020-09-03,2020-08-27,26.73500061035156,27.01000022888184
2020-09-04,2020-08-28,26.576000213623047,27.61000061035156
2020-09-08,2020-08-31,26.86400032043457,28.437000274658203
2020-09-09,2020-09-01,26.95499992370605,28.48600006103516
2020-09-10,2020-09-02,27.163000106811523,27.249000549316406
2020-09-11,2020-09-03,26.73900032043457,26.73500061035156
2020-09-14,2020-09-04,27.22900009155273,26.576000213623047
2020-09-15,2020-09-08,27.34600067138672,26.86400032043457
2020-09-16,2020-09-09,27.354999542236328,26.95499992370605
2020-09-17,2020-09-10,26.98500061035156,27.163000106811523
2020-09-18,2020-09-11,27.027999877929688,26.73900032043457
2020-09-21,2020-09-14,24.298999786376957,27.22900009155273
2020-09-22,2020-09-15,24.441999435424805,27.34600067138672
2020-09-23,2020-09-16,23.013999938964844,27.354999542236328
2020-09-24,2020-09-17,23.118000030517575,26.98500061035156
2020-09-25,2020-09-18,23.017000198364254,27.027999877929688
2020-09-28,2020-09-21,23.527999877929688,24.298999786376957
2020-09-29,2020-09-22,24.3799991607666,24.441999435424805
2020-09-30,2020-09-23,23.433000564575195,23.013999938964844
2020-10-01,2020-09-24,24.19300079345703,23.118000030517575
2020-10-02,2020-09-25,23.97100067138672,23.017000198364254
2020-10-05,2020-09-28,24.50200080871582,23.527999877929688
2020-10-06,2020-09-29,23.8700008392334,24.3799991607666
2020-10-07,2020-09-30,23.847999572753903,23.433000564575195
2020-10-08,2020-10-01,23.83699989318848,24.19300079345703
2020-10-09,2020-10-02,25.069000244140625,23.97100067138672
2020-10-12,2020-10-05,25.22599983215332,24.50200080871582
2020-10-13,2020-10-06,24.086000442504883,23.8700008392334
2020-10-14,2020-10-07,24.36400032043457,23.847999572753903
2020-10-15,2020-10-08,24.19300079345703,23.83699989318848
2020-10-16,2020-10-09,24.36899948120117,25.069000244140625
2020-10-19,2020-10-12,24.65699958801269,25.22599983215332
2020-10-20,2020-10-13,24.937000274658203,24.086000442504883
2020-10-21,2020-10-14,25.19700050354004,24.36400032043457
2020-10-22,2020-10-15,24.665000915527344,24.19300079345703
2020-10-23,2020-10-16,24.62700080871582,24.36899948120117
2020-10-26,2020-10-19,24.375999450683597,24.65699958801269
2020-10-27,2020-10-20,24.525999069213867,24.937000274658203
2020-10-28,2020-10-21,23.323999404907227,25.19700050354004
2020-10-29,2020-10-22,23.339000701904297,24.665000915527344
2020-10-30,2020-10-23,23.617000579833984,24.62700080871582
2020-11-02,2020-10-26,24.006000518798828,24.375999450683597
2020-11-03,2020-10-27,24.30500030517578,24.525999069213867
2020-11-04,2020-10-28,23.86400032043457,23.323999404907227
2020-11-05,2020-10-29,25.17099952697754,23.339000701904297
2020-11-06,2020-10-30,25.645999908447266,23.617000579833984
2020-11-09,2020-11-02,23.684999465942383,24.006000518798828
2020-11-10,2020-11-03,24.44599914550781,24.30500030517578
2020-11-11,2020-11-04,24.250999450683597,23.86400032043457
2020-11-12,2020-11-05,24.290000915527344,25.17099952697754
2020-11-13,2020-11-06,24.75900077819824,25.645999908447266
2020-11-16,2020-11-09,24.785999298095703,23.684999465942383
2020-11-17,2020-11-10,24.63500022888184,24.44599914550781
2020-11-18,2020-11-11,24.433000564575195,24.250999450683597
2020-11-19,2020-11-12,24.03300094604492,24.290000915527344
2020-11-20,2020-11-13,24.347999572753903,24.75900077819824
2020-11-23,2020-11-16,23.624000549316406,24.785999298095703
2020-11-24,2020-11-17,23.29199981689453,24.63500022888184
2020-11-25,2020-11-18,23.356000900268555,24.433000564575195
2020-11-27,2020-11-19,22.55299949645996,24.03300094604492
2020-11-30,2020-11-20,22.53400039672852,24.347999572753903
2020-12-01,2020-11-23,24.03300094604492,23.624000549316406
2020-12-02,2020-11-24,24.024999618530277,23.29199981689453
2020-12-03,2020-11-25,24.08699989318848,23.356000900268555
2020-12-04,2020-11-27,24.202999114990234,22.55299949645996
2020-12-07,2020-11-30,24.74099922180176,22.53400039672852
2020-12-08,2020-12-01,24.68400001525879,24.03300094604492
2020-12-09,2020-12-02,23.93000030517578,24.024999618530277
2020-12-10,2020-12-03,24.0310001373291,24.08699989318848
2020-12-11,2020-12-04,24.03199958801269,24.202999114990234
2020-12-14,2020-12-07,23.98500061035156,24.74099922180176
2020-12-15,2020-12-08,24.58099937438965,24.68400001525879
2020-12-16,2020-12-09,24.98500061035156,23.93000030517578
2020-12-17,2020-12-10,26.100000381469727,24.0310001373291
2020-12-18,2020-12-11,25.948999404907227,24.03199958801269
2020-12-21,2020-12-14,26.277999877929688,23.98500061035156
2020-12-22,2020-12-15,25.43400001525879,24.58099937438965
2020-12-23,2020-12-16,25.823999404907227,24.98500061035156
2020-12-24,2020-12-17,25.81100082397461,26.100000381469727
2020-12-28,2020-12-18,26.459999084472656,25.948999404907227
2020-12-29,2020-12-21,26.13800048828125,26.277999877929688
2020-12-30,2020-12-22,26.488000869750977,25.43400001525879
2020-12-31,2020-12-23,26.332000732421875,25.823999404907227
2021-01-04,2020-12-24,27.28400039672852,25.81100082397461
2021-01-05,2020-12-28,27.57099914550781,26.459999084472656
2021-01-06,2020-12-29,26.972999572753903,26.13800048828125
2021-01-07,2020-12-30,27.200000762939453,26.488000869750977
2021-01-08,2020-12-31,24.582000732421875,26.332000732421875
2021-01-11,2021-01-04,25.23900032043457,27.28400039672852
2021-01-12,2021-01-05,25.38400077819824,27.57099914550781
2021-01-13,2021-01-06,25.520000457763672,26.972999572753903
2021-01-14,2021-01-07,25.746000289916992,27.200000762939453
2021-01-15,2021-01-08,24.825000762939453,24.582000732421875
2021-01-19,2021-01-11,25.27899932861328,25.23900032043457
2021-01-20,2021-01-12,25.733999252319336,25.38400077819824
2021-01-21,2021-01-13,25.82200050354004,25.520000457763672
2021-01-22,2021-01-14,25.52400016784668,25.746000289916992
2021-01-25,2021-01-15,25.45499992370605,24.825000762939453
2021-01-26,2021-01-19,25.52899932861328,25.27899932861328
2021-01-27,2021-01-20,25.375999450683597,25.733999252319336
2021-01-28,2021-01-21,25.90900039672852,25.82200050354004
2021-01-29,2021-01-22,26.899999618530277,25.52400016784668
2021-02-01,2021-01-25,29.39800071716309,25.45499992370605
2021-02-02,2021-01-26,26.38400077819824,25.52899932861328
2021-02-03,2021-01-27,26.87800025939941,25.375999450683597
2021-02-04,2021-01-28,26.222999572753903,25.90900039672852
2021-02-05,2021-01-29,27.013999938964844,26.899999618530277
2021-02-08,2021-02-01,27.56999969482422,29.39800071716309
2021-02-09,2021-02-02,27.395999908447266,26.38400077819824
2021-02-10,2021-02-03,27.073999404907227,26.87800025939941
2021-02-11,2021-02-04,27.04199981689453,26.222999572753903
2021-02-12,2021-02-05,27.322999954223636,27.013999938964844
2021-02-16,2021-02-08,27.319000244140625,27.56999969482422
2021-02-17,2021-02-09,27.31399917602539,27.395999908447266
2021-02-18,2021-02-10,27.07699966430664,27.073999404907227
2021-02-19,2021-02-11,27.25200080871582,27.04199981689453
2021-02-22,2021-02-12,28.08300018310547,27.322999954223636
2021-02-23,2021-02-16,27.68600082397461,27.319000244140625
2021-02-24,2021-02-17,27.85700035095215,27.31399917602539
2021-02-25,2021-02-18,27.636999130249023,27.07699966430664
2021-02-26,2021-02-19,26.402000427246094,27.25200080871582
2021-03-01,2021-02-22,26.64699935913086,28.08300018310547
2021-03-02,2021-02-23,26.850000381469727,27.68600082397461
2021-03-03,2021-02-24,26.35700035095215,27.85700035095215
2021-03-04,2021-02-25,25.43400001525879,27.636999130249023
2021-03-05,2021-02-26,25.256999969482425,26.402000427246094
2021-03-08,2021-03-01,25.239999771118164,26.64699935913086
2021-03-09,2021-03-02,26.14800071716309,26.850000381469727
2021-03-10,2021-03-03,26.101999282836918,26.35700035095215
2021-03-11,2021-03-04,26.16200065612793,25.43400001525879
2021-03-12,2021-03-05,25.8799991607666,25.256999969482425
2021-03-15,2021-03-08,26.25300025939941,25.239999771118164
2021-03-16,2021-03-09,25.974000930786133,26.14800071716309
2021-03-17,2021-03-10,26.030000686645508,26.101999282836918
2021-03-18,2021-03-11,26.32099914550781,26.16200065612793
2021-03-19,2021-03-12,26.29199981689453,25.8799991607666
2021-03-22,2021-03-15,25.74099922180176,26.25300025939941
2021-03-23,2021-03-16,25.200000762939453,25.974000930786133
2021-03-24,2021-03-17,25.201000213623047,26.030000686645508
2021-03-25,2021-03-18,25.02199935913086,26.32099914550781
2021-03-26,2021-03-19,25.09199905395508,26.29199981689453
2021-03-29,2021-03-22,24.746999740600582,25.74099922180176
2021-03-30,2021-03-23,24.121000289916992,25.200000762939453
2021-03-31,2021-03-24,24.517000198364254,25.201000213623047
2021-04-01,2021-03-25,24.934999465942383,25.02199935913086
2021-04-05,2021-03-26,24.76300048828125,25.09199905395508
2021-04-06,2021-03-29,25.21199989318848,24.746999740600582
2021-04-07,2021-03-30,25.232999801635746,24.121000289916992
2021-04-08,2021-03-31,25.569000244140625,24.517000198364254
2021-04-09,2021-04-01,25.31100082397461,24.934999465942383
2021-04-12,2021-04-05,24.85300064086914,24.76300048828125
2021-04-13,2021-04-06,25.41699981689453,25.21199989318848
2021-04-14,2021-04-07,25.51499938964844,25.232999801635746
2021-04-15,2021-04-08,25.95599937438965,25.569000244140625
2021-04-16,2021-04-09,26.099000930786133,25.31100082397461
2021-04-19,2021-04-12,25.83099937438965,24.85300064086914
2021-04-20,2021-04-13,25.834999084472656,25.41699981689453
2021-04-21,2021-04-14,26.565000534057617,25.51499938964844
2021-04-22,2021-04-15,26.173999786376957,25.95599937438965
2021-04-23,2021-04-16,26.07699966430664,26.099000930786133
2021-04-26,2021-04-19,26.211000442504883,25.83099937438965
2021-04-27,2021-04-20,26.41200065612793,25.834999084472656
2021-04-28,2021-04-21,26.08099937438965,26.565000534057617
2021-04-29,2021-04-22,26.05299949645996,26.173999786376957
2021-04-30,2021-04-23,25.85300064086914,26.07699966430664
2021-05-03,2021-04-26,26.94300079345703,26.211000442504883
2021-05-04,2021-04-27,26.53899955749512,26.41200065612793
2021-05-05,2021-04-28,26.50200080871582,26.08099937438965
2021-05-06,2021-04-29,27.46199989318848,26.05299949645996
2021-05-07,2021-04-30,27.46199989318848,25.85300064086914
2021-05-10,2021-05-03,27.47900009155273,26.94300079345703
2021-05-11,2021-05-04,27.65699958801269,26.53899955749512
2021-05-12,2021-05-05,27.231000900268555,26.50200080871582
2021-05-13,2021-05-06,27.04400062561035,27.46199989318848
2021-05-14,2021-05-07,27.35300064086914,27.46199989318848
2021-05-17,2021-05-10,28.26000022888184,27.47900009155273
2021-05-18,2021-05-11,28.31399917602539,27.65699958801269
2021-05-19,2021-05-12,28.007999420166016,27.231000900268555
2021-05-20,2021-05-13,28.052000045776367,27.04400062561035
2021-05-21,2021-05-14,27.472999572753903,27.35300064086914
2021-05-24,2021-05-17,27.886999130249023,28.26000022888184
2021-05-25,2021-05-18,28.03700065612793,28.31399917602539
2021-05-26,2021-05-19,27.85300064086914,28.007999420166016
2021-05-27,2021-05-20,27.91900062561035,28.052000045776367
2021-05-28,2021-05-21,27.993000030517575,27.472999572753903
2021-06-01,2021-05-24,28.08300018310547,27.886999130249023
2021-06-02,2021-05-25,28.18600082397461,28.03700065612793
2021-06-03,2021-05-26,27.459999084472656,27.85300064086914
2021-06-04,2021-05-27,27.878999710083008,27.91900062561035
2021-06-07,2021-05-28,28.000999450683597,27.993000030517575
2021-06-08,2021-06-01,27.71500015258789,28.08300018310547
2021-06-09,2021-06-02,27.98500061035156,28.18600082397461
2021-06-10,2021-06-03,28.01499938964844,27.459999084472656
2021-06-11,2021-06-04,28.131000518798828,27.878999710083008
2021-06-14,2021-06-07,28.02400016784668,28.000999450683597
2021-06-15,2021-06-08,27.679000854492188,27.71500015258789
2021-06-16,2021-06-09,27.799999237060547,27.98500061035156
2021-06-17,2021-06-10,25.8439998626709,28.01499938964844
2021-06-18,2021-06-11,25.95800018310547,28.131000518798828
2021-06-21,2021-06-14,26.01499938964844,28.02400016784668
2021-06-22,2021-06-15,25.847999572753903,27.679000854492188
2021-06-23,2021-06-16,26.107999801635746,27.799999237060547
2021-06-24,2021-06-17,26.04700088500977,25.8439998626709
2021-06-25,2021-06-18,26.082000732421875,25.95800018310547
2021-06-28,2021-06-21,26.218000411987305,26.01499938964844
2021-06-29,2021-06-22,25.871999740600582,25.847999572753903
2021-06-30,2021-06-23,26.165000915527344,26.107999801635746
2021-07-01,2021-06-24,26.075000762939453,26.04700088500977
2021-07-02,2021-06-25,26.481000900268555,26.082000732421875
2021-07-06,2021-06-28,26.15399932861328,26.218000411987305
2021-07-07,2021-06-29,26.11000061035156,25.871999740600582
2021-07-08,2021-06-30,25.96699905395508,26.165000915527344
2021-07-09,2021-07-01,26.211000442504883,26.075000762939453
2021-07-12,2021-07-02,26.21699905395508,26.481000900268555
2021-07-13,2021-07-06,26.114999771118164,26.15399932861328
2021-07-14,2021-07-07,26.246000289916992,26.11000061035156
2021-07-15,2021-07-08,26.375,25.96699905395508
2021-07-16,2021-07-09,25.777000427246094,26.211000442504883
2021-07-19,2021-07-12,25.125999450683597,26.21699905395508
2021-07-20,2021-07-13,24.976999282836918,26.114999771118164
2021-07-21,2021-07-14,25.238000869750977,26.246000289916992
2021-07-22,2021-07-15,25.364999771118164,26.375
2021-07-23,2021-07-16,25.218000411987305,25.777000427246094
2021-07-26,2021-07-19,25.295000076293945,25.125999450683597
2021-07-27,2021-07-20,24.631999969482425,24.976999282836918
2021-07-28,2021-07-21,24.856000900268555,25.238000869750977
2021-07-29,2021-07-22,25.763999938964844,25.364999771118164
2021-07-30,2021-07-23,25.527999877929688,25.218000411987305
2021-08-02,2021-07-26,25.55699920654297,25.295000076293945
2021-08-03,2021-07-27,25.56599998474121,24.631999969482425
2021-08-04,2021-07-28,25.44599914550781,24.856000900268555
2021-08-05,2021-07-29,25.277000427246094,25.763999938964844
2021-08-06,2021-07-30,24.312000274658203,25.527999877929688
2021-08-09,2021-08-02,23.2549991607666,25.55699920654297
2021-08-10,2021-08-03,23.37700080871582,25.56599998474121
2021-08-11,2021-08-04,23.474000930786133,25.44599914550781
2021-08-12,2021-08-05,23.104999542236328,25.277000427246094
2021-08-13,2021-08-06,23.76799964904785,24.312000274658203
2021-08-16,2021-08-09,23.780000686645508,23.2549991607666
2021-08-17,2021-08-10,23.64800071716309,23.37700080871582
2021-08-18,2021-08-11,23.41200065612793,23.474000930786133
2021-08-19,2021-08-12,23.21999931335449,23.104999542236328
2021-08-20,2021-08-13,23.104999542236328,23.76799964904785
2021-08-23,2021-08-16,23.64900016784668,23.780000686645508
2021-08-24,2021-08-17,23.88999938964844,23.64800071716309
2021-08-25,2021-08-18,23.770999908447266,23.41200065612793
2021-08-26,2021-08-19,23.54599952697754,23.21999931335449
2021-08-27,2021-08-20,24.059999465942383,23.104999542236328
2021-08-30,2021-08-23,23.959999084472656,23.64900016784668
2021-08-31,2021-08-24,23.959999084472656,23.88999938964844
2021-09-01,2021-08-25,24.177000045776367,23.770999908447266
2021-09-02,2021-08-26,23.875,23.54599952697754
2021-09-03,2021-08-27,24.761999130249023,24.059999465942383
2021-09-07,2021-08-30,24.333999633789062,23.959999084472656
2021-09-08,2021-08-31,24.011999130249023,23.959999084472656
2021-09-09,2021-09-01,24.132999420166016,24.177000045776367
2021-09-10,2021-09-02,23.854999542236328,23.875
2021-09-13,2021-09-03,23.75300025939941,24.761999130249023
2021-09-14,2021-09-07,23.84199905395508,24.333999633789062
2021-09-15,2021-09-08,23.75900077819824,24.011999130249023
2021-09-16,2021-09-09,22.75200080871582,24.132999420166016
2021-09-17,2021-09-10,22.295000076293945,23.854999542236328
2021-09-20,2021-09-13,22.163000106811523,23.75300025939941
2021-09-21,2021-09-14,22.572999954223636,23.84199905395508
2021-09-22,2021-09-15,22.86899948120117,23.75900077819824
2021-09-23,2021-09-16,22.642000198364254,22.75200080871582
2021-09-24,2021-09-17,22.38800048828125,22.295000076293945
2021-09-27,2021-09-20,22.65699958801269,22.163000106811523
2021-09-28,2021-09-21,22.43000030517578,22.572999954223636
2021-09-29,2021-09-22,21.458999633789062,22.86899948120117
2021-09-30,2021-09-23,22.020999908447266,22.642000198364254
2021-10-01,2021-09-24,22.51000022888184,22.38800048828125
2021-10-04,2021-09-27,22.618000030517575,22.65699958801269
2021-10-05,2021-09-28,22.582000732421875,22.43000030517578
2021-10-06,2021-09-29,22.506000518798828,21.458999633789062
2021-10-07,2021-09-30,22.631999969482425,22.020999908447266
2021-10-08,2021-10-01,22.679000854492188,22.51000022888184
2021-10-11,2021-10-04,22.63999938964844,22.618000030517575
2021-10-12,2021-10-05,22.49099922180176,22.582000732421875
2021-10-13,2021-10-06,23.14900016784668,22.506000518798828
2021-10-14,2021-10-07,23.45599937438965,22.631999969482425
2021-10-15,2021-10-08,23.327999114990234,22.679000854492188
2021-10-18,2021-10-11,23.243000030517575,22.63999938964844
2021-10-19,2021-10-12,23.86199951171875,22.49099922180176
2021-10-20,2021-10-13,24.423999786376957,23.14900016784668
2021-10-21,2021-10-14,24.149999618530277,23.45599937438965
2021-10-22,2021-10-15,24.429000854492188,23.327999114990234
2021-10-25,2021-10-18,24.57200050354004,23.243000030517575
2021-10-26,2021-10-19,24.086000442504883,23.86199951171875
2021-10-27,2021-10-20,24.18899917602539,24.423999786376957
2021-10-28,2021-10-21,24.117000579833984,24.149999618530277
2021-10-29,2021-10-22,23.94499969482422,24.429000854492188
2021-11-01,2021-10-25,24.06399917602539,24.57200050354004
2021-11-02,2021-10-26,23.5,24.086000442504883
2021-11-03,2021-10-27,23.22599983215332,24.18899917602539
2021-11-04,2021-10-28,23.9060001373291,24.117000579833984
2021-11-05,2021-10-29,24.152000427246094,23.94499969482422
2021-11-08,2021-11-01,24.53700065612793,24.06399917602539
2021-11-09,2021-11-02,24.3129997253418,23.5
2021-11-10,2021-11-03,24.767000198364254,23.22599983215332
2021-11-11,2021-11-04,25.301000595092773,23.9060001373291
2021-11-12,2021-11-05,25.3439998626709,24.152000427246094
2021-11-15,2021-11-08,25.10700035095215,24.53700065612793
2021-11-16,2021-11-09,24.944000244140625,24.3129997253418
2021-11-17,2021-11-10,25.16699981689453,24.767000198364254
2021-11-18,2021-11-11,24.900999069213867,25.301000595092773
2021-11-19,2021-11-12,24.780000686645508,25.3439998626709
2021-11-22,2021-11-15,24.29700088500977,25.10700035095215
2021-11-23,2021-11-16,23.434999465942383,24.944000244140625
2021-11-24,2021-11-17,23.496000289916992,25.16699981689453
2021-11-26,2021-11-18,23.10700035095215,24.900999069213867
2021-11-29,2021-11-19,22.798999786376957,24.780000686645508
2021-11-30,2021-11-22,22.76499938964844,24.29700088500977
2021-12-01,2021-11-23,22.298999786376957,23.434999465942383
2021-12-02,2021-11-24,22.280000686645508,23.496000289916992
2021-12-03,2021-11-26,22.44499969482422,23.10700035095215
2021-12-06,2021-11-29,22.22800064086914,22.798999786376957
2021-12-07,2021-11-30,22.48699951171875,22.76499938964844
2021-12-08,2021-12-01,22.38999938964844,22.298999786376957
2021-12-09,2021-12-02,21.974000930786133,22.280000686645508
2021-12-10,2021-12-03,22.15999984741211,22.44499969482422
2021-12-13,2021-12-06,22.290000915527344,22.22800064086914
2021-12-14,2021-12-07,21.886999130249023,22.48699951171875
2021-12-15,2021-12-08,21.507999420166016,22.38999938964844
2021-12-16,2021-12-09,22.45499992370605,21.974000930786133
2021-12-17,2021-12-10,22.506999969482425,22.15999984741211
2021-12-20,2021-12-13,22.274999618530277,22.290000915527344
2021-12-21,2021-12-14,22.50200080871582,21.886999130249023
2021-12-22,2021-12-15,22.79199981689453,21.507999420166016
2021-12-23,2021-12-16,22.93099975585937,22.45499992370605
2021-12-27,2021-12-17,22.97900009155273,22.506999969482425
2021-12-28,2021-12-20,23.11100006103516,22.274999618530277
2021-12-29,2021-12-21,22.847999572753903,22.50200080871582
2021-12-30,2021-12-22,23.027999877929688,22.79199981689453
2021-12-31,2021-12-23,23.327999114990234,22.93099975585937
2022-01-03,2021-12-27,22.790000915527344,22.97900009155273
2022-01-04,2021-12-28,23.038000106811523,23.11100006103516
2022-01-05,2021-12-29,23.149999618530277,22.847999572753903
2022-01-06,2021-12-30,22.173999786376957,23.027999877929688
2022-01-07,2021-12-31,22.393999099731445,23.327999114990234
2022-01-10,2022-01-03,22.44599914550781,22.790000915527344
2022-01-11,2022-01-04,22.80599975585937,23.038000106811523
2022-01-12,2022-01-05,23.200000762939453,23.149999618530277
2022-01-13,2022-01-06,23.155000686645508,22.173999786376957
2022-01-14,2022-01-07,22.910999298095703,22.393999099731445
2022-01-18,2022-01-10,23.48699951171875,22.44599914550781
2022-01-19,2022-01-11,24.22599983215332,22.80599975585937
2022-01-20,2022-01-12,24.711000442504883,23.200000762939453
2022-01-21,2022-01-13,24.31399917602539,23.155000686645508
2022-01-24,2022-01-14,23.795000076293945,22.910999298095703
2022-01-25,2022-01-18,23.895999908447266,23.48699951171875
2022-01-26,2022-01-19,23.80699920654297,24.22599983215332
2022-01-27,2022-01-20,22.67300033569336,24.711000442504883
2022-01-28,2022-01-21,22.302000045776367,24.31399917602539
2022-01-31,2022-01-24,22.395000457763672,23.795000076293945
2022-02-01,2022-01-25,22.59600067138672,23.895999908447266
2022-02-02,2022-01-26,22.711000442504883,23.80699920654297
2022-02-03,2022-01-27,22.375,22.67300033569336
2022-02-04,2022-01-28,22.475000381469727,22.302000045776367
2022-02-07,2022-01-31,23.076000213623047,22.395000457763672
2022-02-08,2022-02-01,23.19499969482422,22.59600067138672
2022-02-09,2022-02-02,23.336000442504883,22.711000442504883
2022-02-10,2022-02-03,23.518999099731445,22.375
2022-02-11,2022-02-04,23.36599922180176,22.475000381469727
2022-02-14,2022-02-07,23.84499931335449,23.076000213623047
2022-02-15,2022-02-08,23.33799934387207,23.19499969482422
2022-02-16,2022-02-09,23.60099983215332,23.336000442504883
2022-02-17,2022-02-10,23.874000549316406,23.518999099731445
2022-02-18,2022-02-11,23.99099922180176,23.36599922180176
2022-02-22,2022-02-14,24.31100082397461,23.84499931335449
2022-02-23,2022-02-15,24.55500030517578,23.33799934387207
2022-02-24,2022-02-16,24.68600082397461,23.60099983215332
2022-02-25,2022-02-17,23.996999740600582,23.874000549316406
2022-02-28,2022-02-18,24.36100006103516,23.99099922180176
2022-03-01,2022-02-22,25.53400039672852,24.31100082397461
2022-03-02,2022-02-23,25.183000564575195,24.55500030517578
2022-03-03,2022-02-24,25.20499992370605,24.68600082397461
2022-03-04,2022-02-25,25.78199958801269,23.996999740600582
2022-03-07,2022-02-28,25.71299934387207,24.36100006103516
2022-03-08,2022-03-01,26.88800048828125,25.53400039672852
2022-03-09,2022-03-02,25.756999969482425,25.183000564575195
2022-03-10,2022-03-03,26.20199966430664,25.20499992370605
2022-03-11,2022-03-04,26.106000900268555,25.78199958801269
2022-03-14,2022-03-07,25.24399948120117,25.71299934387207
2022-03-15,2022-03-08,25.12299919128418,26.88800048828125
2022-03-16,2022-03-09,24.670000076293945,25.756999969482425
2022-03-17,2022-03-10,25.583999633789062,26.20199966430664
2022-03-18,2022-03-11,25.05500030517578,26.106000900268555
2022-03-21,2022-03-14,25.28199958801269,25.24399948120117
2022-03-22,2022-03-15,24.88500022888184,25.12299919128418
2022-03-23,2022-03-16,25.170000076293945,24.670000076293945
2022-03-24,2022-03-17,25.899999618530277,25.583999633789062
2022-03-25,2022-03-18,25.59499931335449,25.05500030517578
2022-03-28,2022-03-21,25.176000595092773,25.28199958801269
2022-03-29,2022-03-22,24.715999603271484,24.88500022888184
2022-03-30,2022-03-23,25.10300064086914,25.170000076293945
2022-03-31,2022-03-24,25.121000289916992,25.899999618530277
2022-04-01,2022-03-25,24.642000198364254,25.59499931335449
2022-04-04,2022-03-28,24.583999633789062,25.176000595092773
2022-04-05,2022-03-29,24.527999877929688,24.715999603271484
2022-04-06,2022-03-30,24.45499992370605,25.10300064086914
2022-04-07,2022-03-31,24.732999801635746,25.121000289916992
2022-04-08,2022-04-01,24.819000244140625,24.642000198364254
2022-04-11,2022-04-04,24.97800064086914,24.583999633789062
2022-04-12,2022-04-05,25.725000381469727,24.527999877929688
2022-04-13,2022-04-06,26.020000457763672,24.45499992370605
2022-04-14,2022-04-07,25.690000534057617,24.732999801635746
2022-04-18,2022-04-08,26.13999938964844,24.819000244140625
2022-04-19,2022-04-11,25.391000747680664,24.97800064086914
2022-04-20,2022-04-12,25.270000457763672,25.725000381469727
2022-04-21,2022-04-13,24.621000289916992,26.020000457763672
2022-04-22,2022-04-14,24.256999969482425,25.690000534057617
2022-04-25,2022-04-18,23.667999267578125,26.13999938964844
2022-04-26,2022-04-19,23.54199981689453,25.391000747680664
2022-04-27,2022-04-20,23.45800018310547,25.270000457763672
2022-04-28,2022-04-21,23.128999710083008,24.621000289916992
2022-04-29,2022-04-22,23.040000915527344,24.256999969482425
2022-05-02,2022-04-25,22.54400062561035,23.667999267578125
2022-05-03,2022-04-26,22.621000289916992,23.54199981689453
2022-05-04,2022-04-27,22.36199951171875,23.45800018310547
2022-05-05,2022-04-28,22.399999618530277,23.128999710083008
2022-05-06,2022-04-29,22.325000762939453,23.040000915527344
2022-05-09,2022-05-02,21.78199958801269,22.54400062561035
2022-05-10,2022-05-03,21.38999938964844,22.621000289916992
2022-05-11,2022-05-04,21.549999237060547,22.36199951171875
2022-05-12,2022-05-05,20.756999969482425,22.399999618530277
2022-05-13,2022-05-06,20.983999252319336,22.325000762939453
2022-05-16,2022-05-09,21.53499984741211,21.78199958801269
2022-05-17,2022-05-10,21.73699951171875,21.38999938964844
2022-05-18,2022-05-11,21.53300094604492,21.549999237060547
2022-05-19,2022-05-12,21.89800071716309,20.756999969482425
2022-05-20,2022-05-13,21.66900062561035,20.983999252319336
2022-05-23,2022-05-16,21.722999572753903,21.53499984741211
2022-05-24,2022-05-17,22.0629997253418,21.73699951171875
2022-05-25,2022-05-18,21.86000061035156,21.53300094604492
2022-05-26,2022-05-19,21.94099998474121,21.89800071716309
2022-05-27,2022-05-20,22.059999465942383,21.66900062561035
2022-05-31,2022-05-23,21.650999069213867,21.722999572753903
2022-06-01,2022-05-24,21.88400077819824,22.0629997253418
2022-06-02,2022-05-25,22.253999710083008,21.86000061035156
2022-06-03,2022-05-26,21.88999938964844,21.94099998474121
2022-06-06,2022-05-27,22.073999404907227,22.059999465942383
2022-06-07,2022-05-31,22.15900039672852,21.650999069213867
2022-06-08,2022-06-01,22.073999404907227,21.88400077819824
2022-06-09,2022-06-02,21.79700088500977,22.253999710083008
2022-06-10,2022-06-03,21.913000106811523,21.88999938964844
2022-06-13,2022-06-06,21.23600006103516,22.073999404907227
2022-06-14,2022-06-07,20.93600082397461,22.15900039672852
2022-06-15,2022-06-08,21.402000427246094,22.073999404907227
2022-06-16,2022-06-09,21.867000579833984,21.79700088500977
2022-06-17,2022-06-10,21.572999954223636,21.913000106811523
2022-06-21,2022-06-13,21.753999710083008,21.23600006103516
2022-06-22,2022-06-14,21.40699958801269,20.93600082397461
2022-06-23,2022-06-15,21.03199958801269,21.402000427246094
2022-06-24,2022-06-16,21.11599922180176,21.867000579833984
2022-06-27,2022-06-17,21.15900039672852,21.572999954223636
2022-06-28,2022-06-21,20.79700088500977,21.753999710083008
2022-06-29,2022-06-22,20.667999267578125,21.40699958801269
2022-06-30,2022-06-23,20.28199958801269,21.03199958801269
2022-07-01,2022-06-24,19.597000122070312,21.11599922180176
2022-07-05,2022-06-27,19.052000045776367,21.15900039672852
2022-07-06,2022-06-28,19.084999084472656,20.79700088500977
2022-07-07,2022-06-29,19.121999740600582,20.667999267578125
2022-07-08,2022-06-30,19.16699981689453,20.28199958801269
2022-07-11,2022-07-01,19.066999435424805,19.597000122070312
2022-07-12,2022-07-05,18.89900016784668,19.052000045776367
2022-07-13,2022-07-06,19.13800048828125,19.084999084472656
2022-07-14,2022-07-07,18.16900062561035,19.121999740600582
2022-07-15,2022-07-08,18.54800033569336,19.16699981689453
2022-07-18,2022-07-11,18.791000366210938,19.066999435424805
2022-07-19,2022-07-12,18.670000076293945,18.89900016784668
2022-07-20,2022-07-13,18.638999938964844,19.13800048828125
2022-07-21,2022-07-14,18.687000274658203,18.16900062561035
2022-07-22,2022-07-15,18.584999084472656,18.54800033569336
2022-07-25,2022-07-18,18.29400062561035,18.791000366210938
2022-07-26,2022-07-19,18.48699951171875,18.670000076293945
2022-07-27,2022-07-20,18.55299949645996,18.638999938964844
2022-07-28,2022-07-21,19.82699966430664,18.687000274658203
2022-07-29,2022-07-22,20.1560001373291,18.584999084472656
2022-08-01,2022-07-25,20.32200050354004,18.29400062561035
2022-08-02,2022-07-26,20.104999542236328,18.48699951171875
2022-08-03,2022-07-27,19.864999771118164,18.55299949645996
2022-08-04,2022-07-28,20.099000930786133,19.82699966430664
2022-08-05,2022-07-29,19.819000244140625,20.1560001373291
2022-08-08,2022-08-01,20.59199905395508,20.32200050354004
2022-08-09,2022-08-02,20.45800018310547,20.104999542236328
2022-08-10,2022-08-03,20.718000411987305,19.864999771118164
2022-08-11,2022-08-04,20.326000213623047,20.099000930786133
2022-08-12,2022-08-05,20.677000045776367,19.819000244140625
2022-08-15,2022-08-08,20.250999450683597,20.59199905395508
2022-08-16,2022-08-09,20.065000534057617,20.45800018310547
2022-08-17,2022-08-10,19.711000442504883,20.718000411987305
2022-08-18,2022-08-11,19.447999954223636,20.326000213623047
2022-08-19,2022-08-12,19.058000564575195,20.677000045776367
2022-08-22,2022-08-15,18.87299919128418,20.250999450683597
2022-08-23,2022-08-16,19.011999130249023,20.065000534057617
2022-08-24,2022-08-17,18.895000457763672,19.711000442504883
2022-08-25,2022-08-18,19.11100006103516,19.447999954223636
2022-08-26,2022-08-19,18.739999771118164,19.058000564575195
2022-08-29,2022-08-22,18.55500030517578,18.87299919128418
2022-08-30,2022-08-23,18.15900039672852,19.011999130249023
2022-08-31,2022-08-24,17.761999130249023,18.895000457763672
2022-09-01,2022-08-25,17.551000595092773,19.11100006103516
2022-09-02,2022-08-26,17.775999069213867,18.739999771118164
2022-09-06,2022-08-29,17.795000076293945,18.55500030517578
2022-09-07,2022-08-30,18.136999130249023,18.15900039672852
2022-09-08,2022-08-31,18.32999992370605,17.761999130249023
2022-09-09,2022-09-01,18.65800094604492,17.551000595092773
2022-09-12,2022-09-02,19.7549991607666,17.775999069213867
2022-09-13,2022-09-06,19.38999938964844,17.795000076293945
2022-09-14,2022-09-07,19.47100067138672,18.136999130249023
2022-09-15,2022-09-08,19.174999237060547,18.32999992370605
2022-09-16,2022-09-09,19.29599952697754,18.65800094604492
2022-09-19,2022-09-12,19.27300071716309,19.7549991607666
2022-09-20,2022-09-13,19.101999282836918,19.38999938964844
2022-09-21,2022-09-14,19.410999298095703,19.47100067138672
2022-09-22,2022-09-15,19.54800033569336,19.174999237060547
2022-09-23,2022-09-16,18.840999603271484,19.29599952697754
2022-09-26,2022-09-19,18.4060001373291,19.27300071716309
2022-09-27,2022-09-20,18.256999969482425,19.101999282836918
2022-09-28,2022-09-21,18.79599952697754,19.410999298095703
2022-09-29,2022-09-22,18.61100006103516,19.54800033569336
2022-09-30,2022-09-23,18.959999084472656,18.840999603271484
2022-10-03,2022-09-26,20.518999099731445,18.4060001373291
2022-10-04,2022-09-27,21.03700065612793,18.256999969482425
2022-10-05,2022-09-28,20.47900009155273,18.79599952697754
2022-10-06,2022-09-29,20.59499931335449,18.61100006103516
2022-10-07,2022-09-30,20.191999435424805,18.959999084472656
2022-10-10,2022-10-03,19.55599975585937,20.518999099731445
2022-10-11,2022-10-04,19.427000045776367,21.03700065612793
2022-10-12,2022-10-05,18.87800025939941,20.47900009155273
2022-10-13,2022-10-06,18.857999801635746,20.59499931335449
2022-10-14,2022-10-07,18.01499938964844,20.191999435424805
2022-10-17,2022-10-10,18.673999786376957,19.55599975585937
2022-10-18,2022-10-11,18.57099914550781,19.427000045776367
2022-10-19,2022-10-12,18.336000442504883,18.87800025939941
2022-10-20,2022-10-13,18.666000366210938,18.857999801635746
2022-10-21,2022-10-14,19.042999267578125,18.01499938964844
2022-10-24,2022-10-17,19.173999786376957,18.673999786376957
2022-10-25,2022-10-18,19.339000701904297,18.57099914550781
2022-10-26,2022-10-19,19.479999542236328,18.336000442504883
2022-10-27,2022-10-20,19.47800064086914,18.666000366210938
2022-10-28,2022-10-21,19.14699935913086,19.042999267578125
2022-10-31,2022-10-24,19.125,19.173999786376957
2022-11-01,2022-10-25,19.67300033569336,19.339000701904297
2022-11-02,2022-10-26,19.600000381469727,19.479999542236328
2022-11-03,2022-10-27,19.43600082397461,19.47800064086914
2022-11-04,2022-10-28,20.790000915527344,19.14699935913086
2022-11-07,2022-10-31,20.89800071716309,19.125
2022-11-08,2022-11-01,21.476999282836918,19.67300033569336
2022-11-09,2022-11-02,21.29800033569336,19.600000381469727
2022-11-10,2022-11-03,21.677000045776367,19.43600082397461
2022-11-11,2022-11-04,21.645999908447266,20.790000915527344
2022-11-14,2022-11-07,22.09199905395508,20.89800071716309
2022-11-15,2022-11-08,21.499000549316406,21.476999282836918
2022-11-16,2022-11-09,21.503999710083008,21.29800033569336
2022-11-17,2022-11-10,20.95499992370605,21.677000045776367
2022-11-18,2022-11-11,20.97599983215332,21.645999908447266
2022-11-21,2022-11-14,20.849000930786133,22.09199905395508
2022-11-22,2022-11-15,21.03400039672852,21.499000549316406
2022-11-23,2022-11-16,21.35700035095215,21.503999710083008
2022-11-25,2022-11-17,21.424999237060547,20.95499992370605
2022-11-28,2022-11-18,20.90999984741211,20.97599983215332
2022-11-29,2022-11-21,21.20400047302246,20.849000930786133
2022-11-30,2022-11-22,21.549999237060547,21.03400039672852
2022-12-01,2022-11-23,22.636999130249023,21.35700035095215
2022-12-02,2022-11-25,23.038000106811523,21.424999237060547
2022-12-05,2022-11-28,22.198999404907227,20.90999984741211
2022-12-06,2022-11-29,22.12299919128418,21.20400047302246
2022-12-07,2022-11-30,22.709999084472656,21.549999237060547
2022-12-08,2022-12-01,23.0629997253418,22.636999130249023
2022-12-09,2022-12-02,23.53499984741211,23.038000106811523
2022-12-12,2022-12-05,23.21999931335449,22.198999404907227
2022-12-13,2022-12-06,23.801000595092773,22.12299919128418
2022-12-14,2022-12-07,23.94599914550781,22.709999084472656
2022-12-15,2022-12-08,23.12800025939941,23.0629997253418
2022-12-16,2022-12-09,23.150999069213867,23.53499984741211
2022-12-19,2022-12-12,23.02899932861328,23.21999931335449
2022-12-20,2022-12-13,24.0939998626709,23.801000595092773
2022-12-21,2022-12-14,24.03499984741211,23.94599914550781
2022-12-22,2022-12-15,23.47599983215332,23.12800025939941
2022-12-23,2022-12-16,23.763999938964844,23.150999069213867
2022-12-27,2022-12-19,24.040000915527344,23.02899932861328
2022-12-28,2022-12-20,23.663000106811523,24.0939998626709
2022-12-29,2022-12-21,24.077999114990234,24.03499984741211
2022-12-30,2022-12-22,23.86199951171875,23.47599983215332
2023-01-03,2022-12-23,24.05900001525879,23.763999938964844
2023-01-04,2022-12-27,23.79199981689453,24.040000915527344
2023-01-05,2022-12-28,23.257999420166016,23.663000106811523
2023-01-06,2022-12-29,23.82200050354004,24.077999114990234
2023-01-09,2022-12-30,23.71199989318848,23.86199951171875
2023-01-10,2023-01-03,23.506999969482425,24.05900001525879
2023-01-11,2023-01-04,23.32699966430664,23.79199981689453
2023-01-12,2023-01-05,23.863000869750977,23.257999420166016
2023-01-13,2023-01-06,24.231000900268555,23.82200050354004
2023-01-17,2023-01-09,23.944000244140625,23.71199989318848
2023-01-18,2023-01-10,23.530000686645508,23.506999969482425
2023-01-19,2023-01-11,23.753999710083008,23.32699966430664
2023-01-20,2023-01-12,23.82999992370605,23.863000869750977
2023-01-23,2023-01-13,23.45199966430664,24.231000900268555
2023-01-24,2023-01-17,23.64900016784668,23.944000244140625
2023-01-25,2023-01-18,23.839000701904297,23.530000686645508
2023-01-26,2023-01-19,23.93000030517578,23.753999710083008
2023-01-27,2023-01-20,23.527000427246094,23.82999992370605
2023-01-30,2023-01-23,23.645000457763672,23.45199966430664
2023-01-31,2023-01-24,23.74799919128418,23.64900016784668
2023-02-01,2023-01-25,23.520999908447266,23.839000701904297
2023-02-02,2023-01-26,23.53400039672852,23.93000030517578
2023-02-03,2023-01-27,22.333999633789062,23.527000427246094
2023-02-06,2023-01-30,22.177000045776367,23.645000457763672
2023-02-07,2023-01-31,22.117000579833984,23.74799919128418
2023-02-08,2023-02-01,22.367000579833984,23.520999908447266
2023-02-09,2023-02-02,22.097000122070312,23.53400039672852
2023-02-10,2023-02-03,22.03400039672852,22.333999633789062
2023-02-13,2023-02-06,21.81800079345703,22.177000045776367
2023-02-14,2023-02-07,21.84199905395508,22.117000579833984
2023-02-15,2023-02-08,21.54599952697754,22.367000579833984
2023-02-16,2023-02-09,21.68400001525879,22.097000122070312
2023-02-17,2023-02-10,21.694000244140625,22.03400039672852
2023-02-21,2023-02-13,21.86899948120117,21.81800079345703
2023-02-22,2023-02-14,21.660999298095703,21.84199905395508
2023-02-23,2023-02-15,21.298999786376957,21.54599952697754
2023-02-24,2023-02-16,20.80599975585937,21.68400001525879
2023-02-27,2023-02-17,20.670000076293945,21.694000244140625
2023-02-28,2023-02-21,20.961000442504883,21.86899948120117
2023-03-01,2023-02-22,20.958999633789062,21.660999298095703
2023-03-02,2023-02-23,20.766000747680664,21.298999786376957
2023-03-03,2023-02-24,21.093000411987305,20.80599975585937
2023-03-06,2023-02-27,20.983999252319336,20.670000076293945
2023-03-07,2023-02-28,20.054000854492188,20.961000442504883
2023-03-08,2023-03-01,20.0049991607666,20.958999633789062
2023-03-09,2023-03-02,20.024999618530277,20.766000747680664
2023-03-10,2023-03-03,20.375,21.093000411987305
2023-03-13,2023-03-06,21.792999267578125,20.983999252319336
2023-03-14,2023-03-07,21.929000854492188,20.054000854492188
2023-03-15,2023-03-08,21.77400016784668,20.0049991607666
2023-03-16,2023-03-09,21.58799934387207,20.024999618530277
2023-03-17,2023-03-10,22.35099983215332,20.375
2023-03-20,2023-03-13,22.53300094604492,21.792999267578125
2023-03-21,2023-03-14,22.323999404907227,21.929000854492188
2023-03-22,2023-03-15,22.674999237060547,21.77400016784668
2023-03-23,2023-03-16,23.143999099731445,21.58799934387207
2023-03-24,2023-03-17,23.246999740600582,22.35099983215332
2023-03-27,2023-03-20,23.054000854492188,22.53300094604492
2023-03-28,2023-03-21,23.323999404907227,22.323999404907227
2023-03-29,2023-03-22,23.375999450683597,22.674999237060547
2023-03-30,2023-03-23,23.902000427246094,23.143999099731445
2023-03-31,2023-03-24,24.076000213623047,23.246999740600582
2023-04-03,2023-03-27,23.94099998474121,23.054000854492188
2023-04-04,2023-03-28,25.02199935913086,23.323999404907227
2023-04-05,2023-03-29,24.96299934387207,23.375999450683597
2023-04-06,2023-03-30,25.024999618530277,23.902000427246094
2023-04-10,2023-03-31,24.84600067138672,24.076000213623047
2023-04-11,2023-04-03,25.131000518798828,23.94099998474121
2023-04-12,2023-04-04,25.40399932861328,25.02199935913086
2023-04-13,2023-04-05,25.874000549316406,24.96299934387207
2023-04-14,2023-04-06,25.423999786376957,25.024999618530277
2023-04-17,2023-04-10,25.05299949645996,24.84600067138672
2023-04-18,2023-04-11,25.24799919128418,25.131000518798828
2023-04-19,2023-04-12,25.36599922180176,25.40399932861328
2023-04-20,2023-04-13,25.368000030517575,25.874000549316406
2023-04-21,2023-04-14,25.05299949645996,25.423999786376957
2023-04-24,2023-04-17,25.30599975585937,25.05299949645996
2023-04-25,2023-04-18,24.87700080871582,25.24799919128418
2023-04-26,2023-04-19,24.871000289916992,25.36599922180176
2023-04-27,2023-04-20,24.982999801635746,25.368000030517575
2023-04-28,2023-04-21,24.999000549316406,25.05299949645996
2023-05-01,2023-04-24,25.00900077819824,25.30599975585937
2023-05-02,2023-04-25,25.40399932861328,24.87700080871582
2023-05-03,2023-04-26,25.47599983215332,24.871000289916992
2023-05-04,2023-04-27,26.03499984741211,24.982999801635746
2023-05-05,2023-04-28,25.743000030517575,24.999000549316406
2023-05-08,2023-05-01,25.63599967956543,25.00900077819824
2023-05-09,2023-05-02,25.697999954223636,25.40399932861328
2023-05-10,2023-05-03,25.461000442504883,25.47599983215332
2023-05-11,2023-05-04,24.2549991607666,26.03499984741211
2023-05-12,2023-05-05,23.992000579833984,25.743000030517575
2023-05-15,2023-05-08,24.12700080871582,25.63599967956543
2023-05-16,2023-05-09,23.73699951171875,25.697999954223636
2023-05-17,2023-05-10,23.75200080871582,25.461000442504883
2023-05-18,2023-05-11,23.4950008392334,24.2549991607666
2023-05-19,2023-05-12,23.920000076293945,23.992000579833984
2023-05-22,2023-05-15,23.71500015258789,24.12700080871582
2023-05-23,2023-05-16,23.474000930786133,23.73699951171875
2023-05-24,2023-05-17,23.114999771118164,23.75200080871582
2023-05-25,2023-05-18,22.785999298095703,23.4950008392334
2023-05-26,2023-05-19,23.239999771118164,23.920000076293945
2023-05-30,2023-05-22,23.125,23.71500015258789
2023-05-31,2023-05-23,23.474000930786133,23.474000930786133
2023-06-01,2023-05-24,23.875,23.114999771118164
2023-06-02,2023-05-25,23.64299964904785,22.785999298095703
2023-06-05,2023-05-26,23.53400039672852,23.239999771118164
2023-06-06,2023-05-30,23.573999404907227,23.125
2023-06-07,2023-05-31,23.43899917602539,23.474000930786133
2023-06-08,2023-06-01,24.263999938964844,23.875
2023-06-09,2023-06-02,24.333999633789062,23.64299964904785
2023-06-12,2023-06-05,23.98500061035156,23.53400039672852
2023-06-13,2023-06-06,23.756000518798828,23.573999404907227
2023-06-14,2023-06-07,24.04400062561035,23.43899917602539
2023-06-15,2023-06-08,23.891000747680664,24.263999938964844
2023-06-16,2023-06-09,24.076000213623047,24.333999633789062
2023-06-20,2023-06-12,23.19300079345703,23.98500061035156
2023-06-21,2023-06-13,22.77400016784668,23.756000518798828
2023-06-22,2023-06-14,22.43600082397461,24.04400062561035
2023-06-23,2023-06-15,22.327999114990234,23.891000747680664
2023-06-26,2023-06-16,22.80500030517578,24.076000213623047
2023-06-27,2023-06-20,22.93899917602539,23.19300079345703
2023-06-28,2023-06-21,22.868000030517575,22.77400016784668
2023-06-29,2023-06-22,22.590999603271484,22.43600082397461
2023-06-30,2023-06-23,22.809999465942383,22.327999114990234
2023-07-03,2023-06-26,22.895999908447266,22.80500030517578
2023-07-05,2023-06-27,23.19700050354004,22.93899917602539
2023-07-06,2023-06-28,22.68600082397461,22.868000030517575
2023-07-07,2023-06-29,23.09199905395508,22.590999603271484
2023-07-10,2023-06-30,23.150999069213867,22.809999465942383
2023-07-11,2023-07-03,23.086000442504883,22.895999908447266
2023-07-12,2023-07-05,24.11899948120117,23.19700050354004
2023-07-13,2023-07-06,24.76799964904785,22.68600082397461
2023-07-14,2023-07-07,25.013999938964844,23.09199905395508
2023-07-17,2023-07-10,24.8439998626709,23.150999069213867
2023-07-18,2023-07-11,25.083999633789062,23.086000442504883
2023-07-19,2023-07-12,25.2189998626709,24.11899948120117
2023-07-20,2023-07-13,24.80500030517578,24.76799964904785
2023-07-21,2023-07-14,24.697999954223636,25.013999938964844
2023-07-24,2023-07-17,24.43600082397461,24.8439998626709
2023-07-25,2023-07-18,24.68000030517578,25.083999633789062
2023-07-26,2023-07-19,24.825000762939453,25.2189998626709
2023-07-27,2023-07-20,24.23600006103516,24.80500030517578
2023-07-28,2023-07-21,24.3700008392334,24.697999954223636
2023-07-31,2023-07-24,24.85400009155273,24.43600082397461
2023-08-01,2023-07-25,24.20800018310547,24.68000030517578
2023-08-02,2023-07-26,23.753999710083008,24.825000762939453
2023-08-03,2023-07-27,23.586000442504883,24.23600006103516
2023-08-04,2023-07-28,23.617000579833984,24.3700008392334
2023-08-07,2023-07-31,23.142000198364254,24.85400009155273
2023-08-08,2023-08-01,22.71699905395508,24.20800018310547
2023-08-09,2023-08-02,22.649999618530277,23.753999710083008
2023-08-10,2023-08-03,22.746000289916992,23.586000442504883
2023-08-11,2023-08-04,22.673999786376957,23.617000579833984
2023-08-14,2023-08-07,22.643999099731445,23.142000198364254
2023-08-15,2023-08-08,22.59499931335449,22.71699905395508
2023-08-16,2023-08-09,22.479999542236328,22.649999618530277
2023-08-17,2023-08-10,22.670000076293945,22.746000289916992
2023-08-18,2023-08-11,22.69499969482422,22.673999786376957
2023-08-21,2023-08-14,23.304000854492188,22.643999099731445
2023-08-22,2023-08-15,23.420000076293945,22.59499931335449
2023-08-23,2023-08-16,24.363000869750977,22.479999542236328
2023-08-24,2023-08-17,24.211000442504883,22.670000076293945
2023-08-25,2023-08-18,24.21999931335449,22.69499969482422
2023-08-28,2023-08-21,24.238000869750977,23.304000854492188
2023-08-29,2023-08-22,24.777000427246094,23.420000076293945
2023-08-30,2023-08-23,24.733999252319336,24.363000869750977
2023-08-31,2023-08-24,24.472000122070312,24.211000442504883
2023-09-01,2023-08-25,24.23200035095215,24.21999931335449
2023-09-05,2023-08-28,23.558000564575195,24.238000869750977
2023-09-06,2023-08-29,23.20599937438965,24.777000427246094
2023-09-07,2023-08-30,22.950000762939453,24.733999252319336
2023-09-08,2023-08-31,22.892000198364254,24.472000122070312
2023-09-11,2023-09-01,23.10300064086914,24.23200035095215
2023-09-12,2023-09-05,23.12700080871582,23.558000564575195
2023-09-13,2023-09-06,22.91200065612793,23.20599937438965
2023-09-14,2023-09-07,22.74799919128418,22.950000762939453
2023-09-15,2023-09-08,23.125999450683597,22.892000198364254
2023-09-18,2023-09-11,23.23200035095215,23.10300064086914
2023-09-19,2023-09-12,23.194000244140625,23.12700080871582
2023-09-20,2023-09-13,23.57900047302246,22.91200065612793
2023-09-21,2023-09-14,23.444000244140625,22.74799919128418
2023-09-22,2023-09-15,23.59600067138672,23.125999450683597
2023-09-25,2023-09-18,23.145000457763672,23.23200035095215
2023-09-26,2023-09-19,22.950000762939453,23.194000244140625
2023-09-27,2023-09-20,22.476999282836918,23.57900047302246
2023-09-28,2023-09-21,22.51499938964844,23.444000244140625
2023-09-29,2023-09-22,22.23600006103516,23.59600067138672
2023-10-02,2023-09-25,21.218000411987305,23.145000457763672
2023-10-03,2023-09-26,21.17799949645996,22.950000762939453
2023-10-04,2023-09-27,20.95599937438965,22.476999282836918
2023-10-05,2023-09-28,20.847999572753903,22.51499938964844
2023-10-06,2023-09-29,21.540000915527344,22.23600006103516
2023-10-09,2023-10-02,21.74099922180176,21.218000411987305
2023-10-10,2023-10-03,21.775999069213867,21.17799949645996
2023-10-11,2023-10-04,21.957000732421875,20.95599937438965
2023-10-12,2023-10-05,21.79199981689453,20.847999572753903
2023-10-13,2023-10-06,22.726999282836918,21.540000915527344
2023-10-16,2023-10-09,22.61000061035156,21.74099922180176
2023-10-17,2023-10-10,22.863000869750977,21.775999069213867
2023-10-18,2023-10-11,22.944000244140625,21.957000732421875
2023-10-19,2023-10-12,22.886999130249023,21.79199981689453
2023-10-20,2023-10-13,23.35099983215332,22.726999282836918
2023-10-23,2023-10-16,23.07200050354004,22.61000061035156
2023-10-24,2023-10-17,22.979999542236328,22.863000869750977
2023-10-25,2023-10-18,22.87700080871582,22.944000244140625
2023-10-26,2023-10-19,22.78700065612793,22.886999130249023
2023-10-27,2023-10-20,22.770000457763672,23.35099983215332
2023-10-30,2023-10-23,23.28199958801269,23.07200050354004
2023-10-31,2023-10-24,22.840999603271484,22.979999542236328
2023-11-01,2023-10-25,22.684999465942383,22.87700080871582
2023-11-02,2023-10-26,22.750999450683597,22.78700065612793
2023-11-03,2023-10-27,23.201000213623047,22.770000457763672
2023-11-06,2023-10-30,23.14900016784668,23.28199958801269
2023-11-07,2023-10-31,22.507999420166016,22.840999603271484
2023-11-08,2023-11-01,22.64699935913086,22.684999465942383
2023-11-09,2023-11-02,22.83099937438965,22.750999450683597
2023-11-10,2023-11-03,22.21500015258789,23.201000213623047
2023-11-13,2023-11-06,22.298999786376957,23.14900016784668
2023-11-14,2023-11-07,23.07900047302246,22.507999420166016
2023-11-15,2023-11-08,23.48500061035156,22.64699935913086
2023-11-16,2023-11-09,23.892000198364254,22.83099937438965
2023-11-17,2023-11-10,23.80900001525879,22.21500015258789
2023-11-20,2023-11-13,23.57900047302246,22.298999786376957
2023-11-21,2023-11-14,23.843000411987305,23.07900047302246
2023-11-22,2023-11-15,23.67200088500977,23.48500061035156
2023-11-24,2023-11-16,24.32900047302246,23.892000198364254
2023-11-27,2023-11-17,24.67200088500977,23.80900001525879
2023-11-28,2023-11-20,24.93000030517578,23.57900047302246
2023-11-29,2023-11-21,25.07200050354004,23.843000411987305
2023-11-30,2023-11-22,25.292999267578125,23.67200088500977
2023-12-01,2023-11-24,25.499000549316406,24.32900047302246
2023-12-04,2023-11-27,24.55500030517578,24.67200088500977
2023-12-05,2023-11-28,24.201000213623047,24.93000030517578
2023-12-06,2023-11-29,23.888999938964844,25.07200050354004
2023-12-07,2023-11-30,23.73200035095215,25.292999267578125
2023-12-08,2023-12-01,22.97100067138672,25.499000549316406
2023-12-11,2023-12-04,22.77300071716309,24.55500030517578
2023-12-12,2023-12-05,22.72800064086914,24.201000213623047
2023-12-13,2023-12-06,22.638999938964844,23.888999938964844
2023-12-14,2023-12-07,24.09600067138672,23.73200035095215
2023-12-15,2023-12-08,23.8700008392334,22.97100067138672
2023-12-18,2023-12-11,23.83099937438965,22.77300071716309
2023-12-19,2023-12-12,24.040000915527344,22.72800064086914
2023-12-20,2023-12-13,24.347000122070312,22.638999938964844
2023-12-21,2023-12-14,24.30699920654297,24.09600067138672
2023-12-22,2023-12-15,24.290000915527344,23.8700008392334
2023-12-26,2023-12-18,24.143999099731445,23.83099937438965
2023-12-27,2023-12-19,24.375,24.040000915527344
2023-12-28,2023-12-20,24.13400077819824,24.347000122070312
2023-12-29,2023-12-21,23.85300064086914,24.30699920654297
2024-01-02,2023-12-22,23.732999801635746,24.290000915527344
2024-01-03,2023-12-26,22.94599914550781,24.143999099731445
2024-01-04,2023-12-27,22.98900032043457,24.375
2024-01-05,2023-12-28,23.121999740600582,24.13400077819824
2024-01-08,2023-12-29,23.1200008392334,23.85300064086914
2024-01-09,2024-01-02,22.90399932861328,23.732999801635746
2024-01-10,2024-01-03,22.88400077819824,22.94599914550781
2024-01-11,2024-01-04,22.53700065612793,22.98900032043457
2024-01-12,2024-01-05,23.16200065612793,23.121999740600582
2024-01-16,2024-01-08,22.933000564575195,23.1200008392334
2024-01-17,2024-01-09,22.516000747680664,22.90399932861328
2024-01-18,2024-01-10,22.66699981689453,22.88400077819824
2024-01-19,2024-01-11,22.57099914550781,22.53700065612793
2024-01-22,2024-01-12,22.163000106811523,23.16200065612793
2024-01-23,2024-01-16,22.333999633789062,22.933000564575195
2024-01-24,2024-01-17,22.7549991607666,22.516000747680664
2024-01-25,2024-01-18,22.808000564575195,22.66699981689453
2024-01-26,2024-01-19,22.7549991607666,22.57099914550781
2024-01-29,2024-01-22,23.13800048828125,22.163000106811523
2024-01-30,2024-01-23,23.10700035095215,22.333999633789062
2024-01-31,2024-01-24,23.051000595092773,22.7549991607666
2024-02-01,2024-01-25,23.1299991607666,22.808000564575195
2024-02-02,2024-01-26,22.701000213623047,22.7549991607666
2024-02-05,2024-01-29,22.334999084472656,23.13800048828125
2024-02-06,2024-01-30,22.39299964904785,23.10700035095215
2024-02-07,2024-01-31,22.277999877929688,23.051000595092773
2024-02-08,2024-02-01,22.565000534057617,23.1299991607666
2024-02-09,2024-02-02,22.527999877929688,22.701000213623047
2024-02-12,2024-02-05,22.708999633789062,22.334999084472656
2024-02-13,2024-02-06,22.09600067138672,22.39299964904785
2024-02-14,2024-02-07,22.33099937438965,22.277999877929688
2024-02-15,2024-02-08,22.91200065612793,22.565000534057617
2024-02-16,2024-02-09,23.43899917602539,22.527999877929688
2024-02-20,2024-02-12,23.106000900268555,22.708999633789062
2024-02-21,2024-02-13,22.85099983215332,22.09600067138672
2024-02-22,2024-02-14,22.76499938964844,22.33099937438965
2024-02-23,2024-02-15,22.9689998626709,22.91200065612793
2024-02-26,2024-02-16,22.517000198364254,23.43899917602539
2024-02-27,2024-02-20,22.52300071716309,23.106000900268555
2024-02-28,2024-02-21,22.40999984741211,22.85099983215332
2024-02-29,2024-02-22,22.666000366210938,22.76499938964844
2024-03-01,2024-02-23,23.149999618530277,22.9689998626709
2024-03-04,2024-02-26,23.77899932861328,22.517000198364254
2024-03-05,2024-02-27,23.76300048828125,22.52300071716309
2024-03-06,2024-02-28,24.27199935913086,22.40999984741211
2024-03-07,2024-02-29,24.3700008392334,22.666000366210938
2024-03-08,2024-03-01,24.339000701904297,23.149999618530277
2024-03-11,2024-03-04,24.511999130249023,23.77899932861328
2024-03-12,2024-03-05,24.194000244140625,23.76300048828125
2024-03-13,2024-03-06,24.958999633789062,24.27199935913086
2024-03-14,2024-03-07,24.874000549316406,24.3700008392334
2024-03-15,2024-03-08,25.200000762939453,24.339000701904297
2024-03-18,2024-03-11,25.090999603271484,24.511999130249023
2024-03-19,2024-03-12,24.964000701904297,24.194000244140625
2024-03-20,2024-03-13,24.933000564575195,24.958999633789062
2024-03-21,2024-03-14,24.849000930786133,24.874000549316406
2024-03-22,2024-03-15,24.691999435424805,25.200000762939453
2024-03-25,2024-03-18,24.7450008392334,25.090999603271484
2024-03-26,2024-03-19,24.482999801635746,24.964000701904297
2024-03-27,2024-03-20,24.625,24.933000564575195
2024-03-28,2024-03-21,24.79700088500977,24.849000930786133
2024-04-01,2024-03-22,24.95400047302246,24.691999435424805
2024-04-02,2024-03-25,25.804000854492188,24.7450008392334
2024-04-03,2024-03-26,26.94499969482422,24.482999801635746
2024-04-04,2024-03-27,27.13999938964844,24.625
2024-04-05,2024-03-28,27.399999618530277,24.79700088500977
2024-04-08,2024-04-01,27.71199989318848,24.95400047302246
2024-04-09,2024-04-02,27.891000747680664,25.804000854492188
2024-04-10,2024-04-03,27.961000442504883,26.94499969482422
2024-04-11,2024-04-04,28.176000595092773,27.13999938964844
2024-04-12,2024-04-05,28.2549991607666,27.399999618530277
2024-04-15,2024-04-08,28.650999069213867,27.71199989318848
2024-04-16,2024-04-09,28.31800079345703,27.891000747680664
2024-04-17,2024-04-10,28.34600067138672,27.961000442504883
2024-04-18,2024-04-11,28.32900047302246,28.176000595092773
2024-04-19,2024-04-12,28.808000564575195,28.2549991607666
2024-04-22,2024-04-15,27.21299934387207,28.650999069213867
2024-04-23,2024-04-16,27.33099937438965,28.31800079345703
2024-04-24,2024-04-17,27.323999404907227,28.34600067138672
2024-04-25,2024-04-18,27.34199905395508,28.32900047302246
2024-04-26,2024-04-19,27.24099922180176,28.808000564575195
2024-04-29,2024-04-22,27.37299919128418,27.21299934387207
2024-04-30,2024-04-23,26.391000747680664,27.33099937438965
2024-05-01,2024-04-24,26.48900032043457,27.323999404907227
2024-05-02,2024-04-25,26.58300018310547,27.34199905395508
2024-05-03,2024-04-26,26.44499969482422,27.24099922180176
2024-05-06,2024-04-29,27.36899948120117,27.37299919128418
2024-05-07,2024-04-30,27.30299949645996,26.391000747680664
2024-05-08,2024-05-01,27.36100006103516,26.48900032043457
2024-05-09,2024-05-02,28.131999969482425,26.58300018310547
2024-05-10,2024-05-03,28.274999618530277,26.44499969482422
2024-05-13,2024-05-06,28.22100067138672,27.36899948120117
2024-05-14,2024-05-07,28.48500061035156,27.30299949645996
2024-05-15,2024-05-08,29.513999938964844,27.36100006103516
2024-05-16,2024-05-09,29.665000915527344,28.131999969482425
2024-05-17,2024-05-10,31.04700088500977,28.274999618530277
2024-05-20,2024-05-13,32.20500183105469,28.22100067138672
2024-05-21,2024-05-14,31.868000030517575,28.48500061035156
2024-05-22,2024-05-15,31.295000076293945,29.513999938964844
2024-05-23,2024-05-16,30.28400039672852,29.665000915527344
2024-05-24,2024-05-17,30.32999992370605,31.04700088500977
2024-05-28,2024-05-20,31.97100067138672,32.20500183105469
2024-05-29,2024-05-21,32.202999114990234,31.868000030517575
2024-05-30,2024-05-22,31.38800048828125,31.295000076293945
2024-05-31,2024-05-23,30.29700088500977,30.28400039672852
2024-06-03,2024-05-24,30.641000747680664,30.32999992370605
2024-06-04,2024-05-28,29.488000869750977,31.97100067138672
2024-06-05,2024-05-29,29.947999954223636,32.202999114990234
2024-06-06,2024-05-30,31.246999740600582,31.38800048828125
2024-06-07,2024-05-31,29.334999084472656,30.29700088500977
2024-06-10,2024-06-03,29.768999099731445,30.641000747680664
2024-06-11,2024-06-04,29.132999420166016,29.488000869750977
2024-06-12,2024-06-05,30.176000595092773,29.947999954223636
2024-06-13,2024-06-06,28.989999771118164,31.246999740600582
2024-06-14,2024-06-07,29.402000427246094,29.334999084472656
2024-06-17,2024-06-10,29.325000762939453,29.768999099731445
2024-06-18,2024-06-11,29.5049991607666,29.132999420166016
2024-06-20,2024-06-12,30.775999069213867,30.176000595092773
2024-06-21,2024-06-13,29.572999954223636,28.989999771118164
2024-06-24,2024-06-14,29.48900032043457,29.402000427246094
2024-06-25,2024-06-17,28.83699989318848,29.325000762939453
2024-06-26,2024-06-18,28.90900039672852,29.5049991607666
2024-06-27,2024-06-20,28.917999267578125,30.775999069213867
2024-06-28,2024-06-21,29.23699951171875,29.572999954223636
2024-07-01,2024-06-24,29.299999237060547,29.48900032043457
2024-07-02,2024-06-25,29.35300064086914,28.83699989318848
2024-07-03,2024-06-26,30.54800033569336,28.90900039672852
2024-07-05,2024-06-27,31.38800048828125,28.917999267578125
2024-07-08,2024-06-28,30.618000030517575,29.23699951171875
2024-07-09,2024-07-01,30.77199935913086,29.299999237060547
2024-07-10,2024-07-02,30.726999282836918,29.35300064086914
2024-07-11,2024-07-03,31.393999099731445,30.54800033569336
2024-07-12,2024-07-05,30.88599967956543,31.38800048828125
2024-07-15,2024-07-08,30.67200088500977,30.618000030517575
2024-07-16,2024-07-09,31.19499969482422,30.77199935913086
2024-07-17,2024-07-10,30.136999130249023,30.726999282836918
2024-07-18,2024-07-11,29.9950008392334,31.393999099731445
2024-07-19,2024-07-12,29.08799934387207,30.88599967956543
2024-07-22,2024-07-15,29.124000549316406,30.67200088500977
2024-07-23,2024-07-16,29.131999969482425,31.19499969482422
2024-07-24,2024-07-17,29.11599922180176,30.136999130249023
2024-07-25,2024-07-18,27.80699920654297,29.9950008392334
2024-07-26,2024-07-19,27.86000061035156,29.08799934387207
2024-07-29,2024-07-22,27.702999114990234,29.124000549316406
2024-07-30,2024-07-23,28.364999771118164,29.131999969482425
2024-07-31,2024-07-24,28.777999877929688,29.11599922180176
2024-08-01,2024-07-25,28.33099937438965,27.80699920654297
2024-08-02,2024-07-26,28.246000289916992,27.86000061035156
2024-08-05,2024-07-29,27.076000213623047,27.702999114990234
2024-08-06,2024-07-30,27.09600067138672,28.364999771118164
2024-08-07,2024-07-31,26.82999992370605,28.777999877929688
2024-08-08,2024-08-01,27.5,28.33099937438965
2024-08-09,2024-08-02,27.48699951171875,28.246000289916992
2024-08-12,2024-08-05,27.91699981689453,27.076000213623047
2024-08-13,2024-08-06,27.69499969482422,27.09600067138672
2024-08-14,2024-08-07,27.253999710083008,26.82999992370605
2024-08-15,2024-08-08,28.34199905395508,27.5
2024-08-16,2024-08-09,28.777999877929688,27.48699951171875
2024-08-19,2024-08-12,29.239999771118164,27.91699981689453
2024-08-20,2024-08-13,29.45499992370605,27.69499969482422
2024-08-21,2024-08-14,29.47599983215332,27.253999710083008
2024-08-22,2024-08-15,29.006000518798828,28.34199905395508
2024-08-23,2024-08-16,29.785999298095703,28.777999877929688
2024-08-26,2024-08-19,29.976999282836918,29.239999771118164
2024-08-27,2024-08-20,29.951000213623047,29.45499992370605
2024-08-28,2024-08-21,29.176000595092773,29.47599983215332
2024-08-29,2024-08-22,29.55699920654297,29.006000518798828
2024-08-30,2024-08-23,28.731000900268555,29.785999298095703
2024-09-03,2024-08-26,27.951000213623047,29.976999282836918
2024-09-04,2024-08-27,28.16699981689453,29.951000213623047
2024-09-05,2024-08-28,28.71999931335449,29.176000595092773
2024-09-06,2024-08-29,27.808000564575195,29.55699920654297
2024-09-09,2024-08-30,28.291000366210938,28.731000900268555
2024-09-10,2024-09-03,28.256999969482425,27.951000213623047
2024-09-11,2024-09-04,28.5629997253418,28.16699981689453
2024-09-12,2024-09-05,29.743000030517575,28.71999931335449
2024-09-13,2024-09-06,30.698999404907227,27.808000564575195
2024-09-16,2024-09-09,30.770999908447266,28.291000366210938
2024-09-17,2024-09-10,30.61899948120117,28.256999969482425
2024-09-18,2024-09-11,30.340999603271484,28.5629997253418
2024-09-19,2024-09-12,31.0939998626709,29.743000030517575
2024-09-20,2024-09-13,31.176000595092773,30.698999404907227
2024-09-23,2024-09-16,30.767000198364254,30.770999908447266
2024-09-24,2024-09-17,32.11100006103516,30.61899948120117
2024-09-25,2024-09-18,31.697999954223636,30.340999603271484
2024-09-26,2024-09-19,32.025001525878906,31.0939998626709
2024-09-27,2024-09-20,31.518999099731445,31.176000595092773
2024-09-30,2024-09-23,31.16399955749512,30.767000198364254
2024-10-01,2024-09-24,31.44499969482422,32.11100006103516
2024-10-02,2024-09-25,31.62800025939941,31.697999954223636
2024-10-03,2024-09-26,32.18899917602539,32.025001525878906
2024-10-04,2024-09-27,32.12799835205078,31.518999099731445
2024-10-07,2024-09-30,31.7450008392334,31.16399955749512
2024-10-08,2024-10-01,30.354999542236328,31.44499969482422
2024-10-09,2024-10-02,30.424999237060547,31.62800025939941
2024-10-10,2024-10-03,31.0049991607666,32.18899917602539
2024-10-11,2024-10-04,31.520000457763672,32.12799835205078
2024-10-14,2024-10-07,31.08300018310547,31.7450008392334
2024-10-15,2024-10-08,31.527000427246094,30.354999542236328
2024-10-16,2024-10-09,31.76000022888184,30.424999237060547
2024-10-17,2024-10-10,31.572999954223636,31.0049991607666
2024-10-18,2024-10-11,33.03200149536133,31.520000457763672
2024-10-21,2024-10-14,33.86899948120117,31.08300018310547
2024-10-22,2024-10-15,34.83100128173828,31.527000427246094
2024-10-23,2024-10-16,33.63999938964844,31.76000022888184
2024-10-24,2024-10-17,33.61100006103516,31.572999954223636
2024-10-25,2024-10-18,33.60300064086914,33.03200149536133
2024-10-28,2024-10-21,33.83000183105469,33.86899948120117
2024-10-29,2024-10-22,34.26900100708008,34.83100128173828
2024-10-30,2024-10-23,33.91400146484375,33.63999938964844
2024-10-31,2024-10-24,32.65299987792969,33.61100006103516
2024-11-01,2024-10-25,32.54199981689453,33.60300064086914
2024-11-04,2024-10-28,32.47999954223633,33.83000183105469
2024-11-05,2024-10-29,32.654998779296875,34.26900100708008
2024-11-06,2024-10-30,31.22100067138672,33.91400146484375
2024-11-07,2024-10-31,31.76499938964844,32.65299987792969
2024-11-08,2024-11-01,31.358999252319336,32.54199981689453
2024-11-11,2024-11-04,30.540000915527344,32.47999954223633
2024-11-12,2024-11-05,30.68600082397461,32.654998779296875
2024-11-13,2024-11-06,30.59000015258789,31.22100067138672
2024-11-14,2024-11-07,30.507999420166016,31.76499938964844
2024-11-15,2024-11-08,30.371000289916992,31.358999252319336
2024-11-18,2024-11-11,31.163000106811523,30.540000915527344
2024-11-19,2024-11-12,31.20800018310547,30.68600082397461
2024-11-20,2024-11-13,30.95599937438965,30.59000015258789
2024-11-21,2024-11-14,30.91200065612793,30.507999420166016
2024-11-22,2024-11-15,31.30900001525879,30.371000289916992
2024-11-25,2024-11-18,30.209999084472656,31.163000106811523
2024-11-26,2024-11-19,30.38800048828125,31.20800018310547
2024-11-27,2024-11-20,30.11100006103516,30.95599937438965
2024-11-29,2024-11-21,30.684999465942383,30.91200065612793
2024-12-02,2024-11-22,30.448999404907227,31.30900001525879
2024-12-03,2024-11-25,31.07699966430664,30.209999084472656
2024-12-04,2024-11-26,31.5049991607666,30.38800048828125
2024-12-05,2024-11-27,31.13400077819824,30.11100006103516
2024-12-06,2024-11-29,31.18600082397461,30.684999465942383
2024-12-09,2024-12-02,32.215999603271484,30.448999404907227
2024-12-10,2024-12-03,32.362998962402344,31.07699966430664
2024-12-11,2024-12-04,32.5620002746582,31.5049991607666
2024-12-12,2024-12-05,31.22800064086914,31.13400077819824
2024-12-13,2024-12-06,30.655000686645508,31.18600082397461
2024-12-16,2024-12-09,30.69700050354004,32.215999603271484
2024-12-17,2024-12-10,30.572999954223636,32.362998962402344
2024-12-18,2024-12-11,30.40999984741211,32.5620002746582
2024-12-19,2024-12-12,29.0939998626709,31.22800064086914
2024-12-20,2024-12-13,29.65999984741211,30.655000686645508
2024-12-23,2024-12-16,29.88800048828125,30.69700050354004
2024-12-24,2024-12-17,29.974000930786133,30.572999954223636
2024-12-26,2024-12-18,30.04700088500977,30.40999984741211
2024-12-27,2024-12-19,29.655000686645508,29.0939998626709
2024-12-30,2024-12-20,29.106000900268555,29.65999984741211
2024-12-31,2024-12-23,28.940000534057617,29.88800048828125
2025-01-02,2024-12-24,29.621999740600582,29.974000930786133
2025-01-03,2024-12-26,29.80599975585937,30.04700088500977
2025-01-06,2024-12-27,30.34199905395508,29.655000686645508
2025-01-07,2024-12-30,30.44700050354004,29.106000900268555
2025-01-08,2024-12-31,30.45199966430664,28.940000534057617
2025-01-09,2025-01-02,30.791000366210938,29.621999740600582
2025-01-10,2025-01-03,31.090999603271484,29.80599975585937
2025-01-13,2025-01-06,30.090999603271484,30.34199905395508
2025-01-14,2025-01-07,30.131999969482425,30.44700050354004
2025-01-15,2025-01-08,31.319000244140625,30.45199966430664
2025-01-16,2025-01-09,31.52300071716309,30.791000366210938
2025-01-17,2025-01-10,30.951000213623047,31.090999603271484
2025-01-21,2025-01-13,31.31100082397461,30.090999603271484
2025-01-22,2025-01-14,31.23900032043457,30.131999969482425
2025-01-23,2025-01-15,30.67300033569336,31.319000244140625
2025-01-24,2025-01-16,31.02300071716309,31.52300071716309
2025-01-27,2025-01-17,30.253999710083008,30.951000213623047
2025-01-28,2025-01-21,30.726999282836918,31.31100082397461
2025-01-29,2025-01-22,31.238000869750977,31.23900032043457
2025-01-30,2025-01-23,32.36399841308594,30.67300033569336
2025-01-31,2025-01-24,32.12799835205078,31.02300071716309
2025-02-03,2025-01-27,32.391998291015625,30.253999710083008
2025-02-04,2025-01-28,32.88800048828125,30.726999282836918
2025-02-05,2025-01-29,32.85699844360352,31.238000869750977
2025-02-06,2025-01-30,32.518001556396484,32.36399841308594
2025-02-07,2025-01-31,32.334999084472656,32.12799835205078
2025-02-10,2025-02-03,32.391998291015625,32.391998291015625
2025-02-11,2025-02-04,32.23099899291992,32.88800048828125
2025-02-12,2025-02-05,32.69499969482422,32.85699844360352
2025-02-13,2025-02-06,32.650001525878906,32.518001556396484
2025-02-14,2025-02-07,32.80099868774414,32.334999084472656
2025-02-18,2025-02-10,33.31700134277344,32.391998291015625
2025-02-19,2025-02-11,32.99300003051758,32.23099899291992
2025-02-20,2025-02-12,33.444000244140625,32.69499969482422
2025-02-21,2025-02-13,32.97600173950195,32.650001525878906
2025-02-24,2025-02-14,32.57500076293945,32.80099868774414
2025-02-25,2025-02-18,31.801000595092773,33.31700134277344
2025-02-26,2025-02-19,32.25299835205078,32.99300003051758
2025-02-27,2025-02-20,31.801000595092773,33.444000244140625
2025-02-28,2025-02-21,31.2189998626709,32.97600173950195
2025-03-03,2025-02-24,32.03200149536133,32.57500076293945
2025-03-04,2025-02-25,32.108001708984375,31.801000595092773
2025-03-05,2025-02-26,32.858001708984375,32.25299835205078
2025-03-06,2025-02-27,33.0629997253418,31.801000595092773
2025-03-07,2025-02-28,32.54800033569336,31.2189998626709
2025-03-10,2025-03-03,32.275001525878906,32.03200149536133
2025-03-11,2025-03-04,32.88800048828125,32.108001708984375
2025-03-12,2025-03-05,33.48400115966797,32.858001708984375
2025-03-13,2025-03-06,34.05099868774414,33.0629997253418
2025-03-14,2025-03-07,34.1870002746582,32.54800033569336
2025-03-17,2025-03-10,34.07400131225586,32.275001525878906
2025-03-18,2025-03-11,34.57899856567383,32.88800048828125
2025-03-19,2025-03-12,33.974998474121094,33.48400115966797
2025-03-20,2025-03-13,33.7859992980957,34.05099868774414
2025-03-21,2025-03-14,33.290000915527344,34.1870002746582
2025-03-24,2025-03-17,33.26499938964844,34.07400131225586
2025-03-25,2025-03-18,34.00199890136719,34.57899856567383
2025-03-26,2025-03-19,34.03300094604492,33.974998474121094
2025-03-27,2025-03-20,34.89699935913086,33.7859992980957
2025-03-28,2025-03-21,34.64400100708008,33.290000915527344
2025-03-31,2025-03-24,34.457000732421875,33.26499938964844
2025-04-01,2025-03-25,34.15800094604492,34.00199890136719
2025-04-02,2025-03-26,34.499000549316406,34.03300094604492
2025-04-03,2025-03-27,31.8439998626709,34.89699935913086
2025-04-04,2025-03-28,29.11599922180176,34.64400100708008
2025-04-07,2025-03-31,29.51000022888184,34.457000732421875
2025-04-08,2025-04-01,29.59199905395508,34.15800094604492
2025-04-09,2025-04-02,30.322999954223636,34.499000549316406
2025-04-10,2025-04-03,30.67099952697754,31.8439998626709
2025-04-11,2025-04-04,31.823999404907227,29.11599922180176
2025-04-14,2025-04-07,32.09199905395508,29.51000022888184
2025-04-15,2025-04-08,32.22700119018555,29.59199905395508
2025-04-16,2025-04-09,32.92599868774414,30.322999954223636
2025-04-17,2025-04-10,32.41999816894531,30.67099952697754
2025-04-21,2025-04-11,32.49599838256836,31.823999404907227
2025-04-22,2025-04-14,32.880001068115234,32.09199905395508
2025-04-23,2025-04-15,33.518001556396484,32.22700119018555
2025-04-24,2025-04-16,33.48199844360352,32.92599868774414
2025-04-25,2025-04-17,32.98899841308594,32.41999816894531
2025-04-28,2025-04-21,32.9900016784668,32.49599838256836
2025-04-29,2025-04-22,33.275001525878906,32.880001068115234
2025-04-30,2025-04-23,32.53099822998047,33.518001556396484
2025-05-01,2025-04-24,32.18899917602539,33.48199844360352
2025-05-02,2025-04-25,31.98900032043457,32.98899841308594
2025-05-05,2025-04-28,32.20500183105469,32.9900016784668
2025-05-06,2025-04-29,33.112998962402344,33.275001525878906
2025-05-07,2025-04-30,32.53099822998047,32.53099822998047
2025-05-08,2025-05-01,32.37799835205078,32.18899917602539
2025-05-09,2025-05-02,32.67599868774414,31.98900032043457
2025-05-12,2025-05-05,32.38800048828125,32.20500183105469
2025-05-13,2025-05-06,32.86800003051758,33.112998962402344
2025-05-14,2025-05-07,32.22600173950195,32.53099822998047
2025-05-15,2025-05-08,32.48099899291992,32.37799835205078
2025-05-16,2025-05-09,32.15800094604492,32.67599868774414
2025-05-19,2025-05-12,32.3129997253418,32.38800048828125
2025-05-20,2025-05-13,32.97999954223633,32.86800003051758
2025-05-21,2025-05-14,33.4630012512207,32.22600173950195
2025-05-22,2025-05-15,33.047000885009766,32.48099899291992
2025-05-23,2025-05-16,33.44200134277344,32.15800094604492
2025-05-27,2025-05-19,33.145999908447266,32.3129997253418
2025-05-28,2025-05-20,33.0,32.97999954223633
2025-05-29,2025-05-21,33.28300094604492,33.4630012512207
2025-05-30,2025-05-22,32.891998291015625,33.047000885009766
2025-06-02,2025-05-23,34.5629997253418,33.44200134277344
2025-06-03,2025-05-27,34.50299835205078,33.145999908447266
2025-06-04,2025-05-28,34.51900100708008,33.0
2025-06-05,2025-05-29,35.68899917602539,33.28300094604492
2025-06-06,2025-05-30,36.025001525878906,32.891998291015625
2025-06-09,2025-06-02,36.6879997253418,34.5629997253418
2025-06-10,2025-06-03,36.54199981689453,34.50299835205078
2025-06-11,2025-06-04,36.16600036621094,34.51900100708008
2025-06-12,2025-06-05,36.2130012512207,35.68899917602539
2025-06-13,2025-06-06,36.28099822998047,36.025001525878906
2025-06-16,2025-06-09,36.37900161743164,36.6879997253418
2025-06-17,2025-06-10,37.09000015258789,36.54199981689453
2025-06-18,2025-06-11,36.86600112915039,36.16600036621094
2025-06-20,2025-06-12,35.97600173950195,36.2130012512207
2025-06-23,2025-06-13,36.15299987792969,36.28099822998047
2025-06-24,2025-06-16,35.70100021362305,36.37900161743164
2025-06-25,2025-06-17,36.084999084472656,37.09000015258789
2025-06-26,2025-06-18,36.58599853515625,36.86600112915039
2025-06-27,2025-06-20,36.0369987487793,35.97600173950195
2025-06-30,2025-06-23,35.85200119018555,36.15299987792969
2025-07-01,2025-06-24,36.08200073242188,35.70100021362305
2025-07-02,2025-06-25,36.42599868774414,36.084999084472656
2025-07-03,2025-06-26,36.78400039672852,36.58599853515625
2025-07-04,2025-06-27,36.775001525878906,36.0369987487793
2025-07-07,2025-06-30,36.6150016784668,35.85200119018555
2025-07-08,2025-07-01,36.47200012207031,36.08200073242188
2025-07-09,2025-07-02,36.35100173950195,36.42599868774414
2025-07-10,2025-07-03,37.03799819946289,36.78400039672852
2025-07-11,2025-07-04,38.67599868774414,36.775001525878906
2025-07-14,2025-07-07,38.46200180053711,36.6150016784668
2025-07-15,2025-07-08,37.83399963378906,36.47200012207031
2025-07-16,2025-07-09,37.85300064086914,36.35100173950195
2025-07-17,2025-07-10,38.055999755859375,37.03799819946289
2025-07-18,2025-07-11,38.22299957275391,38.67599868774414
2025-07-21,2025-07-14,39.10100173950195,38.46200180053711
2025-07-22,2025-07-15,39.31999969482422,37.83399963378906
2025-07-23,2025-07-16,39.27799987792969,37.85300064086914
2025-07-24,2025-07-17,39.02099990844727,38.055999755859375
2025-07-25,2025-07-18,38.16699981689453,38.22299957275391
2025-07-28,2025-07-21,38.0260009765625,39.10100173950195
2025-07-29,2025-07-22,38.08399963378906,39.31999969482422
2025-07-30,2025-07-23,37.56600189208984,39.27799987792969
2025-07-31,2025-07-24,36.55199813842773,39.02099990844727
2025-08-01,2025-07-25,36.7869987487793,38.16699981689453
2025-08-04,2025-07-28,37.19200134277344,38.0260009765625
2025-08-05,2025-07-29,37.6870002746582,38.08399963378906
2025-08-06,2025-07-30,37.76599884033203,37.56600189208984
2025-08-07,2025-07-31,38.15800094604492,36.55199813842773
2025-08-08,2025-08-01,38.41699981689453,36.7869987487793
2025-08-11,2025-08-04,37.6619987487793,37.19200134277344
2025-08-12,2025-08-05,37.89899826049805,37.6870002746582
2025-08-13,2025-08-06,38.499000549316406,37.76599884033203
2025-08-14,2025-08-07,37.98199844360352,38.15800094604492
2025-08-15,2025-08-08,37.89400100708008,38.41699981689453
2025-08-18,2025-08-11,37.95100021362305,37.6619987487793
2025-08-19,2025-08-12,37.26100158691406,37.89899826049805
2025-08-20,2025-08-13,37.70500183105469,38.499000549316406
2025-08-21,2025-08-14,38.027000427246094,37.98199844360352
2025-08-22,2025-08-15,39.00299835205078,37.89400100708008
2025-08-25,2025-08-18,38.67699813842773,37.95100021362305
2025-08-26,2025-08-19,38.58200073242188,37.26100158691406
2025-08-27,2025-08-20,38.68899917602539,37.70500183105469
2025-08-28,2025-08-21,39.18999862670898,38.027000427246094
2025-08-29,2025-08-22,40.20000076293945,39.00299835205078
2025-09-02,2025-08-25,41.07099914550781,38.67699813842773
2025-09-03,2025-08-26,41.54199981689453,38.58200073242188
2025-09-04,2025-08-27,40.9109992980957,38.68899917602539
2025-09-05,2025-08-28,41.07400131225586,39.18999862670898
2025-09-08,2025-08-29,41.42599868774414,40.20000076293945
2025-09-09,2025-09-02,40.87799835205078,41.07099914550781
2025-09-10,2025-09-03,41.132999420166016,41.54199981689453
2025-09-11,2025-09-04,41.696998596191406,40.9109992980957
2025-09-12,2025-09-05,42.387001037597656,41.07400131225586
2025-09-15,2025-09-08,42.516998291015625,41.42599868774414
2025-09-16,2025-09-09,42.47100067138672,40.87799835205078
2025-09-17,2025-09-10,41.72200012207031,41.132999420166016
2025-09-18,2025-09-11,41.70700073242188,41.696998596191406
2025-09-19,2025-09-12,42.5359992980957,42.387001037597656
2025-09-22,2025-09-15,43.79899978637695,42.516998291015625
2025-09-23,2025-09-16,44.19200134277344,42.47100067138672
2025-09-24,2025-09-17,43.777000427246094,41.72200012207031
2025-09-25,2025-09-18,44.696998596191406,41.70700073242188
2025-09-26,2025-09-19,46.22100067138672,42.5359992980957
2025-09-29,2025-09-22,46.61199951171875,43.79899978637695
2025-09-30,2025-09-23,46.25299835205078,44.19200134277344
2025-10-01,2025-09-24,47.290000915527344,43.777000427246094
2025-10-02,2025-09-25,46.0,44.696998596191406
2025-10-03,2025-09-26,47.59700012207031,46.22100067138672
2025-10-06,2025-09-29,48.08200073242188,46.61199951171875
2025-10-07,2025-09-30,47.17900085449219,46.25299835205078
2025-10-08,2025-10-01,48.65599822998047,47.290000915527344
2025-10-09,2025-10-02,46.84999847412109,46.0
2025-10-10,2025-10-03,46.9379997253418,47.59700012207031
2025-10-13,2025-10-06,50.130001068115234,48.08200073242188
2025-10-14,2025-10-07,50.31399917602539,47.17900085449219
2025-10-15,2025-10-08,51.073001861572266,48.65599822998047
2025-10-16,2025-10-09,53.02299880981445,46.84999847412109
2025-10-17,2025-10-10,49.86399841308594,46.9379997253418
2025-10-20,2025-10-13,51.11899948120117,50.130001068115234
2025-10-21,2025-10-14,47.45000076293945,50.31399917602539
2025-10-22,2025-10-15,47.46099853515625,51.073001861572266
2025-10-23,2025-10-16,48.48199844360352,53.02299880981445
2025-10-24,2025-10-17,48.37699890136719,49.86399841308594
2025-10-27,2025-10-20,46.5620002746582,51.11899948120117
2025-10-28,2025-10-21,47.125,47.45000076293945
2025-10-29,2025-10-22,47.72100067138672,47.46099853515625
2025-10-30,2025-10-23,48.428001403808594,48.48199844360352
2025-10-31,2025-10-24,47.99399948120117,48.37699890136719
2025-11-03,2025-10-27,47.88800048828125,46.5620002746582
2025-11-04,2025-10-28,47.130001068115234,47.125
2025-11-05,2025-10-29,47.86299896240234,47.72100067138672
2025-11-06,2025-10-30,47.79399871826172,48.428001403808594
2025-11-07,2025-10-31,48.016998291015625,47.99399948120117
2025-11-10,2025-11-03,50.17699813842773,47.88800048828125
2025-11-11,2025-11-04,50.61800003051758,47.130001068115234
2025-11-12,2025-11-05,53.33200073242188,47.86299896240234
2025-11-13,2025-11-06,53.07400131225586,47.79399871826172
2025-11-14,2025-11-07,50.59000015258789,48.016998291015625
2025-11-17,2025-11-10,50.625,50.17699813842773
2025-11-18,2025-11-11,50.45000076293945,50.61800003051758
2025-11-19,2025-11-12,50.790000915527344,53.33200073242188
2025-11-20,2025-11-13,50.24700164794922,53.07400131225586
2025-11-21,2025-11-14,49.87300109863281,50.59000015258789
2025-11-24,2025-11-17,50.29499816894531,50.625
2025-11-25,2025-11-18,50.93399810791016,50.45000076293945
2025-11-26,2025-11-19,52.91600036621094,50.790000915527344
2025-11-28,2025-11-20,56.44599914550781,50.24700164794922
2025-12-01,2025-11-21,58.417999267578125,49.87300109863281
2025-12-02,2025-11-24,57.983001708984375,50.29499816894531
2025-12-03,2025-11-25,57.92100143432617,50.93399810791016
2025-12-04,2025-11-26,56.84700012207031,52.91600036621094
2025-12-05,2025-11-28,58.422000885009766,56.44599914550781
2025-12-08,2025-12-01,57.77899932861328,58.417999267578125
2025-12-09,2025-12-02,60.16899871826172,57.983001708984375
2025-12-10,2025-12-03,60.37900161743164,57.92100143432617
2025-12-11,2025-12-04,63.92900085449219,56.84700012207031
2025-12-12,2025-12-05,61.36199951171875,58.422000885009766
2025-12-15,2025-12-08,62.93999862670898,57.77899932861328
2025-12-16,2025-12-09,62.70000076293945,60.16899871826172
2025-12-17,2025-12-10,66.23699951171875,60.37900161743164
2025-12-18,2025-12-11,64.59200286865234,63.92900085449219
2025-12-19,2025-12-12,66.84500122070312,61.36199951171875
2025-12-22,2025-12-15,67.90599822998047,62.93999862670898
2025-12-23,2025-12-16,70.48500061035156,62.70000076293945
2025-12-24,2025-12-17,71.03099822998047,66.23699951171875
2025-12-26,2025-12-18,76.48600006103516,64.59200286865234
2025-12-29,2025-12-19,69.85600280761719,66.84500122070312
2025-12-30,2025-12-22,77.3740005493164,67.90599822998047
2025-12-31,2025-12-23,70.13400268554688,70.48500061035156
2026-01-02,2025-12-24,70.55599975585938,71.03099822998047
2026-01-05,2025-12-26,76.16400146484375,76.48600006103516
2026-01-06,2025-12-29,80.52999877929688,69.85600280761719
2026-01-07,2025-12-30,77.13500213623047,77.3740005493164
2026-01-08,2025-12-31,74.71600341796875,70.13400268554688
2026-01-09,2026-01-02,78.88400268554688,70.55599975585938
2026-01-12,2026-01-05,84.61000061035156,76.16400146484375
2026-01-13,2026-01-06,85.87699890136719,80.52999877929688
2026-01-14,2026-01-07,90.86900329589844,77.13500213623047
2026-01-15,2026-01-08,91.8759994506836,74.71600341796875
2026-01-16,2026-01-09,88.09100341796875,78.88400268554688
2026-01-20,2026-01-12,94.20600128173828,84.61000061035156
2026-01-21,2026-01-13,92.20999908447266,85.87699890136719
2026-01-22,2026-01-14,95.97599792480467,90.86900329589844
2026-01-23,2026-01-15,100.9250030517578,91.8759994506836
2026-01-26,2026-01-16,115.08000183105467,88.09100341796875
2026-01-27,2026-01-20,105.52300262451172,94.20600128173828
2026-01-28,2026-01-21,113.11100006103516,92.20999908447266
2026-01-29,2026-01-22,114.03700256347656,95.97599792480467
2026-01-30,2026-01-23,78.29000091552734,100.9250030517578
2026-02-02,2026-01-26,76.77799987792969,115.08000183105467
2026-02-03,2026-01-27,83.04199981689453,105.52300262451172
2026-02-04,2026-01-28,84.16500091552734,113.11100006103516
2026-02-05,2026-01-29,76.52899932861328,114.03700256347656
2026-02-06,2026-01-30,76.73500061035156,78.29000091552734
2026-02-09,2026-02-02,82.06500244140625,76.77799987792969
2026-02-10,2026-02-03,80.21800231933594,83.04199981689453
2026-02-11,2026-02-04,83.75399780273438,84.16500091552734
2026-02-12,2026-02-05,75.5459976196289,76.52899932861328
2026-02-13,2026-02-06,77.85099792480469,76.73500061035156
2026-02-17,2026-02-09,73.4469985961914,82.06500244140625
2026-02-18,2026-02-10,77.50900268554688,80.21800231933594
2026-02-19,2026-02-11,77.56500244140625,83.75399780273438
2026-02-20,2026-02-12,82.28299713134766,75.5459976196289
2026-02-23,2026-02-13,86.52300262451172,77.85099792480469
2026-02-24,2026-02-17,87.45700073242188,73.4469985961914
2026-02-25,2026-02-18,90.93900299072266,77.50900268554688
2026-02-26,2026-02-19,86.99800109863281,77.56500244140625
2026-02-27,2026-02-20,92.68199920654295,82.28299713134766
2026-03-02,2026-02-23,88.28399658203125,86.52300262451172
2026-03-03,2026-02-24,82.9229965209961,87.45700073242188
2026-03-04,2026-02-25,82.63300323486328,90.93900299072266
2026-03-05,2026-02-26,81.68699645996094,86.99800109863281
2026-03-06,2026-02-27,83.81600189208984,92.68199920654295
2026-03-09,2026-03-02,84.03199768066406,88.28399658203125
2026-03-10,2026-03-03,89.08300018310547,82.9229965209961
2026-03-11,2026-03-04,85.06500244140625,82.63300323486328
2026-03-12,2026-03-05,84.66999816894531,81.68699645996094
2026-03-13,2026-03-06,80.91400146484375,83.81600189208984
2026-03-16,2026-03-09,80.26300048828125,84.03199768066406
2026-03-17,2026-03-10,79.52999877929688,89.08300018310547
2026-03-18,2026-03-11,77.23799896240234,85.06500244140625
2026-03-19,2026-03-12,70.9020004272461,84.66999816894531
2026-03-20,2026-03-13,69.36000061035156,80.91400146484375
2026-03-23,2026-03-16,69.04900360107422,80.26300048828125
2026-03-24,2026-03-17,69.27400207519531,79.52999877929688
2026-03-25,2026-03-18,72.36100006103516,77.23799896240234
2026-03-26,2026-03-19,67.6709976196289,70.9020004272461
2026-03-27,2026-03-20,69.54499816894531,69.36000061035156
2026-03-30,2026-03-23,70.3239974975586,69.04900360107422
2026-03-31,2026-03-24,74.69000244140625,69.27400207519531
2026-04-01,2026-03-25,75.86699676513672,72.36100006103516
2026-04-02,2026-03-26,72.73500061035156,67.6709976196289
2026-04-06,2026-03-27,72.66100311279297,69.54499816894531
2026-04-07,2026-03-30,71.82599639892578,70.3239974975586
2026-04-08,2026-03-31,75.2239990234375,74.69000244140625
2026-04-09,2026-04-01,76.2770004272461,75.86699676513672
2026-04-10,2026-04-02,76.3239974975586,72.73500061035156
2026-04-13,2026-04-06,75.52300262451172,72.66100311279297
2026-04-14,2026-04-07,79.39099884033203,71.82599639892578
2026-04-15,2026-04-08,79.49099731445312,75.2239990234375
2026-04-16,2026-04-09,78.60600280761719,76.2770004272461
2026-04-17,2026-04-10,81.73799896240234,76.3239974975586
2026-04-20,2026-04-13,79.95099639892578,75.52300262451172
2026-04-21,2026-04-14,76.41100311279297,79.39099884033203
2026-04-22,2026-04-15,77.89299774169922,79.49099731445312
2026-04-23,2026-04-16,75.46499633789062,78.60600280761719
2026-04-24,2026-04-17,76.38300323486328,81.73799896240234
2026-04-27,2026-04-20,75.00299835205078,79.95099639892578
2026-04-28,2026-04-21,73.20500183105469,76.41100311279297
2026-04-29,2026-04-22,71.56900024414062,77.89299774169922
2026-04-30,2026-04-23,73.53399658203125,75.46499633789062
2026-05-01,2026-04-24,75.95099639892578,76.38300323486328
2026-05-04,2026-04-27,73.0719985961914,75.00299835205078
2026-05-05,2026-04-28,73.10800170898438,73.20500183105469
2026-05-06,2026-04-29,76.81099700927734,71.56900024414062
2026-05-07,2026-04-30,79.70099639892578,73.53399658203125
2026-05-08,2026-05-01,80.3949966430664,75.95099639892578
2026-05-11,2026-05-04,85.48500061035156,73.0719985961914
2026-05-12,2026-05-05,85.12999725341797,73.10800170898438
2026-05-13,2026-05-06,88.88800048828125,76.81099700927734
2026-05-14,2026-05-07,84.91200256347656,79.70099639892578
2026-05-15,2026-05-08,77.16100311279297,80.3949966430664
2026-05-18,2026-05-11,77.072998046875,85.48500061035156
2026-05-19,2026-05-12,74.8280029296875,85.12999725341797
2026-05-20,2026-05-13,75.85099792480469,88.88800048828125
2026-05-21,2026-05-14,76.41400146484375,84.91200256347656
2026-05-22,2026-05-15,75.89299774169922,77.16100311279297
2026-05-26,2026-05-18,76.30500030517578,77.072998046875
2026-05-27,2026-05-19,74.5989990234375,74.8280029296875
2026-05-28,2026-05-20,75.6449966430664,75.85099792480469
2026-05-29,2026-05-21,75.61599731445312,76.41400146484375
2026-06-01,2026-05-22,75.00700378417969,75.89299774169922
2026-06-02,2026-05-26,75.31099700927734,76.30500030517578
2026-06-03,2026-05-27,73.47599792480469,74.5989990234375
2026-06-04,2026-05-28,73.77899932861328,75.6449966430664
2026-06-05,2026-05-29,68.94300079345703,75.61599731445312
2026-06-08,2026-06-01,68.42500305175781,75.00700378417969
2026-06-09,2026-06-02,65.09400177001953,75.31099700927734
2026-06-10,2026-06-03,64.5989990234375,73.47599792480469
2026-06-11,2026-06-04,63.8849983215332,73.77899932861328
2026-06-12,2026-06-05,67.85900115966797,68.94300079345703
2026-06-15,2026-06-08,70.06600189208984,68.42500305175781
2026-06-16,2026-06-09,69.89900207519531,65.09400177001953
2026-06-17,2026-06-10,70.69599914550781,64.5989990234375
2026-06-18,2026-06-11,66.25499725341797,63.8849983215332
2026-06-22,2026-06-12,65.5270004272461,67.85900115966797
2026-06-23,2026-06-15,62.02000045776367,70.06600189208984
2026-06-24,2026-06-16,58.05199813842773,69.89900207519531
2026-06-25,2026-06-17,58.34799957275391,70.69599914550781
2026-06-26,2026-06-18,59.21699905395508,66.25499725341797
2026-06-29,2026-06-22,58.17499923706055,65.5270004272461
2026-06-30,2026-06-23,59.47700119018555,62.02000045776367
2026-07-01,2026-06-24,60.084999084472656,58.05199813842773
2026-07-02,2026-06-25,60.64300155639648,58.34799957275391
2026-07-06,2026-06-26,61.91999816894531,59.21699905395508
2026-07-07,2026-06-29,60.930999755859375,58.17499923706055
2026-07-08,2026-06-30,58.16400146484375,59.47700119018555
2026-07-09,2026-07-01,60.37799835205078,60.084999084472656
2026-07-10,2026-07-02,59.80899810791016,60.64300155639648
2026-07-13,2026-07-06,57.63399887084961,61.91999816894531
2026-07-14,2026-07-07,58.77199935913086,60.930999755859375
2026-07-15,2026-07-08,57.11000061035156,58.16400146484375
2026-07-16,2026-07-09,55.89799880981445,60.37799835205078
2026-07-17,2026-07-10,56.03799819946289,59.80899810791016
2026-07-20,2026-07-13,56.80199813842773,57.63399887084961
2026-07-21,2026-07-14,58.834999084472656,58.77199935913086
2026-07-22,2026-07-15,60.01900100708008,57.11000061035156
2026-07-23,2026-07-16,57.79800033569336,55.89799880981445
2026-07-24,2026-07-17,58.65599822998047,56.03799819946289
2026-07-27,2026-07-20,58.47200012207031,56.80199813842773
2026-07-28,2026-07-21,57.29600143432617,58.834999084472656
2026-07-29,2026-07-22,57.86299896240234,60.01900100708008
2026-07-30,2026-07-23,58.81499862670898,57.79800033569336
2026-07-31,2026-07-24,57.59099960327149,58.65599822998047
2026-08-03,2026-07-27,57.66699981689453,58.47200012207031
2026-08-04,2026-07-28,60.055999755859375,57.29600143432617
2026-08-05,2026-07-29,62.0989990234375,57.86299896240234
2026-08-06,2026-07-30,61.43899917602539,58.81499862670898
2026-08-07,2026-07-31,63.33200073242188,57.59099960327149
2026-08-10,2026-08-03,65.33499908447266,57.66699981689453
