target_date,origin_date,actual,point,q05,q10,q25,q50,q75,q90,q95
2015-01-02,2014-12-24,1186.0,1178.5118326943482,1126.5348951429153,1140.9519394693002,1159.2820289890717,1178.5118326943482,1194.319042811182,1209.5239228012704,1219.2599107077833
2015-01-05,2014-12-26,1203.9000244140625,1198.5310862912957,1157.4816058784431,1161.772103621794,1179.1503517465856,1198.5310862912957,1216.2064082754405,1231.6627234126847,1242.7620434748858
2015-01-06,2014-12-29,1219.300048828125,1186.6619028811583,1134.3165591792012,1146.989416634467,1165.7091633715145,1186.6619028811583,1202.1454183627466,1214.7283347462828,1229.2727740011733
2015-01-07,2014-12-30,1210.5999755859375,1201.6322351364602,1159.393385400531,1163.8928825800785,1182.3946431500467,1201.6322351364602,1221.6879881461766,1237.2628502633338,1248.8329823335366
2015-01-08,2014-12-31,1208.4000244140625,1189.6685934029024,1130.562730953976,1148.838697916416,1168.7806918759795,1189.6685934029024,1202.9536619561668,1217.4936453014418,1228.8726016040782
2015-01-09,2015-01-02,1216.0,1187.4338586271283,1144.6400080955395,1153.085323925573,1168.6105340347326,1187.4338586271283,1210.2930517136394,1227.7919721853718,1234.5350201164977
2015-01-12,2015-01-05,1232.699951171875,1209.1636584646785,1156.482561876643,1167.529695174637,1189.1354238662743,1209.1636584646785,1221.0718074881704,1235.819730980576,1248.7297661024734
2015-01-13,2015-01-06,1234.300048828125,1222.560031742445,1181.1785088326933,1185.5884119177922,1201.2494037411227,1222.560031742445,1240.5823703856636,1257.321013254301,1266.9754512744935
2015-01-14,2015-01-07,1234.4000244140625,1213.7219072605012,1162.955941218497,1173.0038131061874,1192.4246028143143,1213.7219072605012,1231.8410653850501,1244.9447498545742,1260.222244536119
2015-01-15,2015-01-08,1264.699951171875,1211.0540901350923,1158.006372964285,1171.3227535589533,1191.1996660302616,1211.0540901350923,1229.6422125341892,1245.909599255101,1255.972603379579
2015-01-16,2015-01-09,1276.9000244140625,1220.2432851549574,1167.7540758998728,1181.3145823912487,1200.1368790094284,1220.2432851549574,1236.1189811084164,1254.173541562677,1261.3257977243295
2015-01-20,2015-01-12,1294.199951171875,1236.2684089984916,1191.7830979791486,1198.311500430313,1215.3993750873897,1236.2684089984916,1253.837701965383,1270.993176059919,1280.3653244093198
2015-01-21,2015-01-13,1293.699951171875,1237.9915842939076,1188.7533440760453,1197.3068239524491,1216.368685989793,1237.9915842939076,1255.2525024290026,1269.5089561309828,1283.697673596338
2015-01-22,2015-01-14,1300.699951171875,1237.1228309570452,1186.1961048034077,1196.7121523123888,1216.266259848366,1237.1228309570452,1256.0541532361315,1271.6360200992842,1283.7180255821747
2015-01-23,2015-01-15,1292.5999755859375,1268.1098640789278,1219.3761811783988,1226.3364897163044,1246.997786318775,1268.1098640789278,1283.3048166352824,1301.1166369856655,1311.547708698694
2015-01-26,2015-01-16,1279.4000244140625,1281.0481271087874,1232.3903990748677,1239.9601971265595,1257.8537560871962,1281.0481271087874,1297.0953890455278,1314.4375295640475,1325.177415553503
2015-01-27,2015-01-20,1291.699951171875,1295.7220944023338,1250.4100299108152,1253.7909436977736,1273.1222168870304,1295.7220944023338,1315.9152190437806,1332.2485231081616,1345.959884588871
2015-01-28,2015-01-21,1285.9000244140625,1297.5184103810625,1238.6702701261604,1252.5982617513077,1274.5379308407462,1297.5184103810625,1313.4843331250277,1330.1766010579543,1342.7376243903439
2015-01-29,2015-01-22,1254.5999755859375,1302.9435275357996,1251.413614664219,1262.6108006874078,1281.024273757981,1302.9435275357996,1323.7496749594447,1343.931685048992,1350.547376654308
2015-01-30,2015-01-23,1278.5,1297.0021006831068,1238.3048450791848,1254.8137128379449,1274.9067530256552,1297.0021006831068,1314.8455058083578,1332.771362103509,1342.1276383201969
2015-02-02,2015-01-26,1276.199951171875,1282.6863421064952,1228.1209313916056,1243.6081301814106,1261.7899195227571,1282.6863421064952,1304.6422887390665,1322.8082364531138,1330.7232553032914
2015-02-03,2015-01-27,1259.699951171875,1295.6046196086438,1242.262264465906,1254.387844873508,1275.2831174996572,1295.6046196086438,1312.7840102635478,1329.802135586264,1341.1363886421568
2015-02-04,2015-01-28,1263.800048828125,1291.0467134423832,1237.250294815966,1250.7572763368214,1269.6702416965254,1291.0467134423832,1308.481103398785,1324.7769692399695,1336.0082687898148
2015-02-05,2015-01-29,1262.0,1257.6657503646056,1202.393913293826,1219.022314021608,1237.2214418572935,1257.6657503646056,1281.8012761575399,1295.7089454215318,1308.506100554667
2015-02-06,2015-01-30,1233.9000244140625,1281.664532726189,1229.8930595150462,1240.258186421356,1262.492789090955,1281.664532726189,1298.062494224562,1314.8424041102303,1327.5442066547585
2015-02-09,2015-02-02,1240.800048828125,1282.6828893558409,1228.1400937236967,1242.5240145450473,1261.510130552869,1282.6828893558409,1296.4175189000985,1313.3763785632552,1323.6837846636065
2015-02-10,2015-02-03,1231.5999755859375,1262.5471006791227,1215.3559361709388,1224.139016313436,1240.9220238865892,1262.5471006791227,1286.9233813244207,1300.5866984399167,1314.830887045648
2015-02-11,2015-02-04,1219.0,1267.4138660597346,1209.3706904432129,1223.9531608987177,1248.0078355299247,1267.4138660597346,1283.5131077019128,1298.0046927418587,1313.236704223433
2015-02-12,2015-02-05,1220.0999755859375,1266.633106831866,1213.6047186392445,1228.4426912378885,1246.0950564405136,1266.633106831866,1284.535792194106,1302.2167859588637,1309.7229374952217
2015-02-13,2015-02-06,1226.5,1237.4420126145956,1183.8517621042351,1199.9527783289757,1217.3489149637426,1237.4420126145956,1260.0076624182852,1274.2539565634156,1286.1231038689064
2015-02-17,2015-02-09,1208.0999755859375,1243.7873394132657,1191.8824188490532,1204.221974740316,1225.092836108333,1243.7873394132657,1262.0517749411952,1277.4371629038947,1290.4676878536013
2015-02-18,2015-02-10,1199.699951171875,1237.0401351122484,1181.851156734715,1198.6822293794826,1217.6566126267796,1237.0401351122484,1252.311389472483,1268.4510367492508,1278.675886644706
2015-02-19,2015-02-11,1207.0999755859375,1222.2232426683681,1175.1965875391184,1185.9113789286557,1202.357937887838,1222.2232426683681,1244.110796016926,1258.5153205348356,1270.923255944795
2015-02-20,2015-02-12,1204.4000244140625,1224.1500369715518,1170.3825810944802,1183.5999832880852,1205.4424268842104,1224.1500369715518,1239.6144561846631,1253.6829038187739,1268.6524995298582
2015-02-23,2015-02-13,1200.300048828125,1231.038107712483,1182.516921605659,1192.995863816327,1211.0730916892603,1231.038107712483,1247.2005856678966,1263.3227001062285,1273.948818215949
2015-02-24,2015-02-17,1196.9000244140625,1212.187546756302,1160.593387662963,1173.965703312599,1192.1170774273235,1212.187546756302,1231.464880796093,1245.038094275927,1258.2118684434354
2015-02-25,2015-02-18,1201.0,1202.447113422591,1150.5603537943675,1164.3884024714507,1183.6791459859044,1202.447113422591,1222.5419597131547,1236.7130886746534,1249.0391131007989
2015-02-26,2015-02-19,1209.5999755859375,1211.4120125869276,1159.772825721895,1173.1971239776371,1192.7211013776403,1211.4120125869276,1226.3671517677567,1242.5665532054227,1252.6982489474756
2015-02-27,2015-02-20,1212.5999755859375,1208.9459506473947,1161.7465846638102,1172.0204329738785,1188.874319750521,1208.9459506473947,1226.175395581234,1241.333259366539,1252.4130556138905
2015-03-02,2015-02-23,1207.699951171875,1203.844598524292,1155.0067401101073,1164.8125568587504,1184.0370296440437,1203.844598524292,1222.070550111371,1235.3145986575607,1249.9486512316855
2015-03-03,2015-02-24,1204.0,1200.6309844671819,1148.080145529785,1161.6561664958708,1181.4175349647846,1200.6309844671819,1217.6945030361708,1232.18854224911,1244.0414009647584
2015-03-04,2015-02-25,1200.5999755859375,1204.761129220715,1156.1995501267154,1167.270744292363,1185.1718981470274,1204.761129220715,1222.1571770090643,1237.8479055407706,1247.7606134237676
2015-03-05,2015-02-26,1195.9000244140625,1213.5088729788736,1165.693370548562,1174.222139145707,1192.7565725429208,1213.5088729788736,1229.6803683085964,1243.8777316573228,1254.8298269270294
2015-03-06,2015-02-27,1164.0999755859375,1216.238698354043,1169.1624768429497,1176.984375624459,1195.66982194204,1216.238698354043,1233.3504392966684,1247.3908835858242,1258.4606674172546
2015-03-09,2015-03-02,1166.4000244140625,1210.7095721073165,1162.493981368642,1172.2054755347128,1191.1042952695627,1210.7095721073165,1229.1492622811766,1243.7624123652392,1253.885499497304
2015-03-10,2015-03-03,1160.0999755859375,1206.9905305057428,1157.3763142951962,1169.0593019887633,1187.6263840031509,1206.9905305057428,1225.518300588495,1240.8966658600677,1249.6769235963488
2015-03-11,2015-03-04,1150.699951171875,1204.2685060693268,1154.0097472974307,1166.7110006671874,1184.4769345334253,1204.2685060693268,1222.3904785535512,1237.6333858437752,1246.959710680133
2015-03-12,2015-03-05,1152.0999755859375,1199.5070930018928,1150.061650187414,1162.4895969315103,1179.7824007166055,1199.5070930018928,1217.9387949910713,1232.6739729750022,1243.3222588244703
2015-03-13,2015-03-06,1152.5999755859375,1167.6585394024578,1114.7976196359568,1132.884845843072,1149.7504301141748,1167.6585394024578,1188.0927613352296,1202.4335034201565,1214.9646010029444
2015-03-16,2015-03-09,1153.300048828125,1168.3785830033376,1119.0807323478575,1133.712940557742,1150.4354200354805,1168.3785830033376,1187.4716930620134,1203.070127646471,1212.4902172263146
2015-03-17,2015-03-10,1148.300048828125,1165.8912909204873,1111.5609139152875,1128.1680204503411,1145.8968735997253,1165.8912909204873,1180.0984094971514,1193.70877620404,1206.990281369677
2015-03-18,2015-03-11,1151.4000244140625,1153.7302985093797,1108.9463007639938,1120.528578992041,1134.7939100656095,1153.7302985093797,1174.051669343308,1187.3994526134102,1200.6362491185241
2015-03-19,2015-03-12,1169.0999755859375,1155.1743245773287,1105.1151482693626,1117.082036908978,1136.9039224348235,1155.1743245773287,1170.0067123273234,1183.311790699786,1196.434069483951
2015-03-20,2015-03-13,1184.800048828125,1156.723837112579,1108.964448868769,1120.2009957228051,1137.0900891958026,1156.723837112579,1172.9734146503936,1186.7872007438918,1197.599909606739
2015-03-23,2015-03-16,1188.0,1156.5640074558983,1111.0254169209225,1120.262736020594,1137.321486518692,1156.5640074558983,1173.7071973702284,1187.2049899919714,1198.4999150091037
2015-03-24,2015-03-17,1191.699951171875,1151.58720168116,1103.8573120053215,1114.7285443951073,1132.909841198425,1151.58720168116,1168.2958945842383,1181.9467415605943,1192.9555304251458
2015-03-25,2015-03-18,1197.300048828125,1154.3816121436687,1108.1892371380866,1118.0972008661897,1135.4312570993152,1154.3816121436687,1171.5038230207747,1185.841990321962,1195.005923430571
2015-03-26,2015-03-19,1205.0999755859375,1172.8854286338596,1127.397443307144,1134.141508576702,1152.498850167367,1172.8854286338596,1187.2813199171046,1201.2288348506304,1210.5939780939116
2015-03-27,2015-03-20,1199.800048828125,1188.8855963675048,1145.6762373341214,1149.2959108164573,1167.636960604078,1188.8855963675048,1203.6939156296833,1216.9400722466553,1227.163795042588
2015-03-30,2015-03-23,1184.800048828125,1190.8979736565166,1147.5262277564545,1151.7748363544192,1170.897763724851,1190.8979736565166,1208.0279351343636,1221.6140991135712,1231.3424815843355
2015-03-31,2015-03-24,1183.0999755859375,1194.045333539104,1148.2741183473022,1155.0686802766838,1174.747973993637,1194.045333539104,1211.628804228118,1226.6843760647712,1233.6717354063796
2015-04-01,2015-03-25,1208.0999755859375,1200.6901208653185,1153.244690172963,1161.9089314502437,1180.5552085569007,1200.6901208653185,1217.8130409068917,1233.363535187987,1239.6524428088708
2015-04-02,2015-03-26,1200.9000244140625,1208.6236907739462,1162.676993127239,1170.1805370934349,1187.9410036212678,1208.6236907739462,1226.1627271978098,1241.236779077154,1248.931860848402
2015-04-06,2015-03-27,1218.5999755859375,1203.2544350694081,1155.6809991577952,1164.7336651553512,1183.498905611082,1203.2544350694081,1220.9706682178364,1235.8187660161038,1245.7069467849888
2015-04-07,2015-03-30,1210.5999755859375,1187.3178453078408,1138.7048889418732,1150.3117461539882,1168.9550425238435,1187.3178453078408,1206.8432420051654,1222.7353499013134,1231.6020141394456
2015-04-08,2015-03-31,1203.0999755859375,1185.888403545619,1135.8929692754891,1148.1220185653183,1166.751850390187,1185.888403545619,1203.9589419777005,1220.2549109891875,1228.3885065425625
2015-04-09,2015-04-01,1193.5999755859375,1212.609754717868,1165.1526155863723,1173.4394176018955,1191.1778001020252,1212.609754717868,1227.7668979509544,1242.2610482994455,1252.1519369772527
2015-04-10,2015-04-02,1204.5999755859375,1206.1942938085945,1159.4883903408177,1169.4521249597792,1186.6436340517093,1206.1942938085945,1221.9344846177464,1234.8971854489123,1248.8662141088803
2015-04-13,2015-04-06,1199.300048828125,1220.1569496582606,1177.9920547696304,1180.350786507314,1201.9291364665305,1220.1569496582606,1239.2761327982194,1252.5036868287336,1263.5988254374918
2015-04-14,2015-04-07,1192.800048828125,1215.0496412360367,1162.3814257438548,1172.5872636929194,1193.3893612105096,1215.0496412360367,1229.1185213329677,1244.4764617632015,1254.2900460566693
2015-04-15,2015-04-08,1201.5,1205.0764072555369,1160.2819542126197,1169.6318473916563,1186.0601145516682,1205.0764072555369,1228.114212499503,1244.5231268630107,1251.1730360897232
2015-04-16,2015-04-09,1198.0,1196.8346407074523,1143.9833121830839,1157.1313172090781,1177.5855854536455,1196.8346407074523,1213.0626151846736,1229.145788205995,1238.8391691585045
2015-04-17,2015-04-10,1202.9000244140625,1208.182154458194,1160.6606359219302,1171.2137531770168,1187.8128678507294,1208.182154458194,1226.7279885272599,1242.533771392102,1250.8075439757363
2015-04-20,2015-04-13,1193.5,1204.1787669675437,1154.7333937244255,1166.763014687463,1184.8123354604254,1204.1787669675437,1219.5819828685114,1233.5650137486805,1246.643727310345
2015-04-21,2015-04-14,1202.9000244140625,1195.4647654468167,1149.4955712388382,1159.4565389247946,1178.0558427909582,1195.4647654468167,1214.91685275589,1229.2899993565356,1240.7859711614378
2015-04-22,2015-04-15,1186.9000244140625,1204.7857029454424,1155.06786550872,1164.3532940079617,1185.0516749822793,1204.7857029454424,1220.3322111488187,1235.2070905501957,1245.5406369668385
2015-04-23,2015-04-16,1194.4000244140625,1202.4572877897026,1153.9956503742253,1165.3347561549003,1182.13006695881,1202.4572877897026,1219.6011720728925,1234.6570477599091,1244.747697176473
2015-04-24,2015-04-17,1175.199951171875,1205.7761844378908,1160.2713308355749,1168.1766099593688,1187.2211180963316,1205.7761844378908,1224.214039734135,1238.3665418148203,1249.4180211440862
2015-04-27,2015-04-20,1203.300048828125,1197.297490088753,1146.8160766506605,1158.3499815530831,1177.9282783095891,1197.297490088753,1213.3964785807564,1228.3807713093386,1239.299211327566
2015-04-28,2015-04-21,1214.0,1205.605059935425,1159.6773036654004,1167.9253940677033,1186.0957324192182,1205.605059935425,1224.7569163457988,1240.0063930823217,1248.6491558983855
2015-04-29,2015-04-22,1209.800048828125,1191.3697798588319,1139.877486154938,1153.533263237482,1171.957157111406,1191.3697798588319,1207.1332031322604,1222.2344304348871,1233.5887498501102
2015-04-30,2015-04-23,1182.4000244140625,1196.5566143292776,1151.7700162885792,1160.3326494801572,1178.3200149371523,1196.5566143292776,1216.8732530319244,1231.950795961895,1241.0471258000803
2015-05-01,2015-04-24,1174.5,1179.8780599703255,1126.5383131689352,1141.8882540686768,1160.7559348643708,1179.8780599703255,1194.434307475352,1209.638247406327,1221.444496884244
2015-05-04,2015-04-27,1186.800048828125,1205.5433803328058,1163.3590485537052,1168.803690132047,1186.3837139378888,1205.5433803328058,1225.4621406918418,1239.936505926179,1248.6470706195878
2015-05-05,2015-04-28,1193.199951171875,1220.4540653927752,1169.4560485613379,1178.1986382984858,1198.7359088144465,1220.4540653927752,1230.1322860170553,1243.8439916750121,1257.614634193299
2015-05-06,2015-04-29,1190.300048828125,1211.4635151706393,1171.6525227573493,1177.3360142934011,1193.9789227575395,1211.4635151706393,1233.7019285380757,1247.7728271980454,1256.9038763844428
2015-05-07,2015-04-30,1182.4000244140625,1185.184724049716,1132.087217642785,1144.1065868514518,1164.6309786054358,1185.184724049716,1203.6391076307934,1218.551652077704,1228.7870520546203
2015-05-08,2015-05-01,1189.0999755859375,1176.1987322477046,1125.868887636321,1140.1903381227428,1157.7904332880353,1176.1987322477046,1197.2453482935475,1215.2983888328092,1218.5405765913647
2015-05-11,2015-05-04,1183.199951171875,1191.1970388971306,1140.7242024130753,1154.3716510539252,1172.6826093853126,1191.1970388971306,1205.3146881103771,1221.757783451783,1230.754964276548
2015-05-12,2015-05-05,1192.5999755859375,1197.512843677208,1153.2246654025055,1163.6612754353632,1180.6240728009043,1197.512843677208,1212.867111296803,1227.0105308380505,1240.1671776859564
2015-05-13,2015-05-06,1218.4000244140625,1193.2162386278767,1148.3400843423146,1155.9932161367237,1175.2864066172913,1193.2162386278767,1210.5475421534316,1223.217356599548,1237.948962166794
2015-05-14,2015-05-07,1225.4000244140625,1185.1569950464027,1136.2914162389893,1146.0945760628993,1165.6120587939167,1185.1569950464027,1203.0584727523883,1217.7719627211675,1227.4844094245973
2015-05-15,2015-05-08,1225.5,1191.8590177115814,1144.0695060582188,1153.7831832840463,1172.5108556137686,1191.8590177115814,1209.6189148913295,1225.4989009632059,1232.4305172643408
2015-05-18,2015-05-11,1227.800048828125,1187.2997912564447,1138.6608355301541,1150.8911567990062,1168.4965273958812,1187.2997912564447,1203.4616027931213,1219.06910159697,1228.257173787862
2015-05-19,2015-05-12,1206.9000244140625,1194.8341552585657,1150.6512141454002,1158.3341200271327,1176.97453993099,1194.8341552585657,1213.3999586094487,1227.684569860779,1238.0844864134517
2015-05-20,2015-05-13,1208.9000244140625,1222.51579106433,1175.6852903223544,1180.6136253473787,1201.5346722355157,1222.51579106433,1235.9261349277087,1249.5972147513378,1261.0315006200344
2015-05-21,2015-05-14,1204.4000244140625,1229.3538549907528,1185.6393083563048,1190.8416229748773,1209.059881470213,1229.3538549907528,1246.0365965691467,1260.125970126388,1269.7340915942787
2015-05-22,2015-05-15,1204.300048828125,1227.4183481956698,1182.7360444680467,1186.8815874968348,1206.9187388998405,1227.4183481956698,1247.5792556584784,1261.342169118048,1270.8254608651364
2015-05-26,2015-05-18,1187.199951171875,1230.611237919214,1180.3740292661398,1187.7524282709355,1208.3863072141548,1230.611237919214,1248.795851978166,1264.6522633945701,1270.7126539285298
2015-05-27,2015-05-19,1185.9000244140625,1210.242200985534,1159.3587772348335,1173.3945547397798,1190.445904579564,1210.242200985534,1230.055394029864,1247.6860681889216,1252.4123492507738
2015-05-28,2015-05-20,1188.0999755859375,1210.6456493098979,1162.5069395616183,1173.651593909376,1192.494324820673,1210.6456493098979,1231.0687267849762,1247.2830746834675,1255.2067171105518
2015-05-29,2015-05-21,1189.4000244140625,1209.276168619574,1156.3728660398585,1170.9808452819452,1189.7949716887395,1209.276168619574,1223.664212451908,1239.8754019219464,1250.3207846812688
2015-06-01,2015-05-22,1188.300048828125,1206.9625291457169,1161.9087829640293,1173.041107892322,1190.2452757911542,1206.9625291457169,1226.274042698006,1241.4769013379341,1252.202507491334
2015-06-02,2015-05-26,1194.0999755859375,1191.063600726552,1139.6619015310764,1153.4271385367554,1172.5803376674303,1191.063600726552,1207.3796137257978,1222.0964113252903,1235.2653285368651
2015-06-03,2015-05-27,1184.699951171875,1188.0345634106789,1140.478055808896,1152.3569722771458,1170.6088171987162,1188.0345634106789,1207.460203544633,1223.1610239683773,1232.2922850841821
2015-06-04,2015-05-28,1174.9000244140625,1192.5132763657912,1142.0564823589002,1154.6999876105092,1174.1106708030784,1192.5132763657912,1206.6893963844932,1222.5587615537718,1233.3697085531048
2015-06-05,2015-05-29,1167.800048828125,1192.6287614049456,1147.9200326467594,1158.425989097917,1175.5583267549928,1192.6287614049456,1210.2457223272977,1224.8868092961004,1235.9989053213196
2015-06-08,2015-06-01,1173.199951171875,1191.480184968309,1144.4565562781518,1154.322407557745,1173.011473379621,1191.480184968309,1207.5073109182335,1221.8212100515143,1234.6478242634014
2015-06-09,2015-06-02,1177.300048828125,1196.8728926268486,1150.4082046849608,1158.8622263546413,1177.865991046875,1196.8728926268486,1213.6464955715637,1228.6687605221302,1238.6469865648467
2015-06-10,2015-06-03,1186.0999755859375,1188.3349597229462,1139.945298872708,1151.3466096843058,1169.447848300349,1188.3349597229462,1205.4894578281128,1220.3959239549715,1230.058918380157
2015-06-11,2015-06-04,1179.9000244140625,1177.1159781674096,1130.3002457272828,1141.7183236523529,1159.6104787131262,1177.1159781674096,1196.8690470770835,1211.8329525250083,1221.0496499702454
2015-06-12,2015-06-05,1178.800048828125,1171.2145409859684,1120.8725957443216,1134.1250548446856,1153.2367584383037,1171.2145409859684,1187.8562668389077,1203.647312536314,1212.941999074191
2015-06-15,2015-06-08,1185.300048828125,1176.4190969156068,1129.9728584334716,1141.2729168237342,1159.386345760517,1176.4190969156068,1193.234177636954,1208.8427763075267,1218.1168115548344
2015-06-16,2015-06-09,1180.5,1181.2372044292906,1134.9894632497405,1145.4065591937197,1163.4389898160853,1181.2372044292906,1196.0125997294836,1210.5622640476354,1222.838539431324
2015-06-17,2015-06-10,1176.4000244140625,1188.8253175299587,1145.2069110089628,1152.406331692861,1170.4980511621893,1188.8253175299587,1205.1369510587872,1219.1542123232573,1231.2248986537497
2015-06-18,2015-06-11,1201.5,1183.307471945745,1135.9156011758614,1145.3738629294276,1163.8066209709655,1183.307471945745,1199.5298817077182,1213.754563401569,1224.7158780330208
2015-06-19,2015-06-12,1201.5,1180.6928837800447,1135.1879273027937,1143.7633475972198,1162.1298139055186,1180.6928837800447,1199.9303180318925,1214.8182767145859,1223.1379121428918
2015-06-22,2015-06-15,1183.699951171875,1188.6042009049545,1140.2586864334608,1149.461522325084,1169.0714911452544,1188.6042009049545,1204.1347078697977,1219.7543904477895,1228.4355030883326
2015-06-23,2015-06-16,1176.199951171875,1183.9622616652964,1137.6879752900463,1148.34885406803,1165.7109770614697,1183.9622616652964,1201.6135261510394,1216.4514459442944,1225.49044617044
2015-06-24,2015-06-17,1172.5999755859375,1178.7765988351684,1132.8116424676841,1142.711519281746,1160.8512688214446,1178.7765988351684,1197.0724821977294,1211.5800847282862,1222.2130055883667
2015-06-25,2015-06-18,1171.5,1204.1958203380582,1158.3269617101546,1163.9791711486298,1184.4347804895524,1204.1958203380582,1218.617279569728,1234.2056229448192,1243.9084056483043
2015-06-26,2015-06-19,1172.9000244140625,1206.2471638140553,1159.582130296349,1168.546334062468,1186.1727694722642,1206.2471638140553,1221.0405270268648,1235.4585600910216,1245.7197189896244
2015-06-29,2015-06-22,1178.5,1185.0889222440876,1141.387047826594,1150.527619904553,1167.1775029423056,1185.0889222440876,1207.150475792665,1220.5464439436114,1231.1497646108187
2015-06-30,2015-06-23,1171.5,1178.4936446837726,1126.741395333149,1138.1410580374145,1158.9097637050008,1178.4936446837726,1196.077782519013,1212.0870543670912,1220.321973287827
2015-07-01,2015-06-24,1169.0,1176.417864183817,1126.3441678797526,1140.1941599168508,1158.6203340717677,1176.417864183817,1193.9044486770117,1210.7369560885788,1216.3401737652378
2015-07-02,2015-06-25,1163.0,1174.9323968998685,1129.135872819419,1141.562771573719,1158.6956400002523,1174.9323968998685,1192.245049008598,1207.2580803229303,1218.08765301363
2015-07-06,2015-06-26,1172.9000244140625,1176.0865443046582,1129.6448481879931,1141.1067019925667,1158.9780000828082,1176.0865443046582,1192.0047798730625,1206.0620954907042,1219.2216977141325
2015-07-07,2015-06-29,1152.4000244140625,1181.467650243064,1135.8403900968412,1145.2201571125347,1163.4126399132601,1181.467650243064,1197.6865783764479,1211.9849726225784,1223.356518808996
2015-07-08,2015-06-30,1163.300048828125,1174.8161495226796,1127.979976566912,1138.9716967114102,1156.5532461098578,1174.8161495226796,1191.5490282727444,1206.0991353809331,1216.7204880392635
2015-07-09,2015-07-01,1159.0,1171.1468393565008,1125.1882313516342,1135.1621911164284,1153.2239044765936,1171.1468393565008,1189.5520802573883,1204.3954716626586,1213.8924344469228
2015-07-10,2015-07-02,1157.699951171875,1166.4800194154745,1117.3121798828622,1129.5640655100005,1148.0180502824107,1166.4800194154745,1182.461425950572,1198.1694555243294,1207.2728618290412
2015-07-13,2015-07-06,1155.199951171875,1175.3050610849386,1130.8022262493014,1139.7370731465676,1157.7437181477703,1175.3050610849386,1192.4467836037163,1207.8685442836886,1216.978521823348
2015-07-14,2015-07-07,1153.300048828125,1156.8764545298875,1107.4712606057965,1122.3786456942455,1139.1936555475395,1156.8764545298875,1172.2736741417991,1187.1998435024966,1198.5331228916968
2015-07-15,2015-07-08,1147.199951171875,1163.9302999807899,1121.5770055566159,1129.3249793931714,1147.3665677467468,1163.9302999807899,1183.9109931319226,1198.4950744894984,1208.081441096616
2015-07-16,2015-07-09,1143.800048828125,1164.3358891856042,1112.5341611716449,1125.8120435196638,1144.8748933467457,1164.3358891856042,1176.2257088047334,1191.5834275042102,1202.2931654962624
2015-07-17,2015-07-10,1131.800048828125,1159.295475149331,1118.4654875157325,1127.7727533629875,1143.3831184087342,1159.295475149331,1179.405254339258,1194.3730681925995,1203.3846117638302
2015-07-20,2015-07-13,1106.699951171875,1158.624530692716,1109.5628557657267,1120.9076964462424,1140.0479937508123,1158.624530692716,1173.5146220782428,1187.2743161597807,1199.5932722077118
2015-07-21,2015-07-14,1103.4000244140625,1156.0595772094248,1110.678267919819,1121.1749559370326,1138.4597579122174,1156.0595772094248,1173.4063731536796,1189.1062589820222,1197.112229572921
2015-07-22,2015-07-15,1091.4000244140625,1150.3271632360415,1103.4839951622162,1115.3737004349662,1132.898556284645,1150.3271632360415,1166.7742780483318,1181.5998180352003,1191.9037530227988
2015-07-23,2015-07-16,1094.0,1146.5324571512783,1100.4376445511086,1111.8884037525675,1129.3963903521412,1146.5324571512783,1163.4905506358577,1178.5425034870777,1188.2363288493304
2015-07-24,2015-07-17,1085.5999755859375,1135.2323096273658,1087.4305130130251,1101.1654488293816,1118.287296111519,1135.2323096273658,1151.4068242973622,1166.7145796365842,1176.6102901256886
2015-07-27,2015-07-20,1096.5,1109.7168558376047,1061.7068490469962,1078.3613067959873,1094.3208095660762,1109.7168558376047,1127.5594897050903,1143.3497388333708,1152.8153490226648
2015-07-28,2015-07-21,1096.300048828125,1105.7953191405286,1058.5028545085027,1072.963696750945,1090.5729057480512,1105.7953191405286,1122.3112828814183,1138.2085862845831,1147.7818887109045
2015-07-29,2015-07-22,1092.699951171875,1096.1629008203236,1047.405668206052,1064.6906104821019,1080.914553225758,1096.1629008203236,1109.164013437346,1125.2703597335408,1135.8189310691905
2015-07-30,2015-07-23,1088.4000244140625,1096.1767276956753,1055.1539007540568,1067.2172466308562,1082.5458066713354,1096.1767276956753,1112.975321206388,1126.9998316870488,1139.1796844896303
2015-07-31,2015-07-24,1094.9000244140625,1089.7874304876962,1042.9503859038653,1056.9919624029098,1073.775166320725,1089.7874304876962,1102.7528346929084,1116.008903261469,1129.546130868561
2015-08-03,2015-07-27,1089.4000244140625,1098.1868653974157,1058.256535420107,1066.1905563102666,1082.6316627361516,1098.1868653974157,1115.067884306966,1128.6787106919937,1138.7784666793552
2015-08-04,2015-07-28,1090.699951171875,1100.1730693627164,1053.783941175059,1064.0540529988318,1082.2062526431341,1100.1730693627164,1112.9928587309357,1126.2351112681426,1138.1235862101275
2015-08-05,2015-07-29,1085.699951171875,1094.1008056070013,1053.445679961672,1061.9895362457946,1077.8233087829253,1094.1008056070013,1112.4155319010902,1126.2715804426512,1135.7355017866419
2015-08-06,2015-07-30,1090.199951171875,1091.0243291149086,1044.6389474301907,1054.020472506783,1073.5623560087893,1091.0243291149086,1106.4511689007506,1119.9381547844637,1130.1587732696714
2015-08-07,2015-07-31,1094.0999755859375,1097.0848861992977,1053.666408425514,1062.8535232074971,1079.1633363929077,1097.0848861992977,1113.0437167389557,1128.2944803198682,1135.7659073811215
2015-08-10,2015-08-03,1104.199951171875,1092.557807568934,1047.574696942507,1058.8846011200797,1075.1354520315215,1092.557807568934,1107.501332969033,1121.7058262468756,1131.6211866829472
2015-08-11,2015-08-04,1107.5999755859375,1092.1114046806224,1050.2973200986262,1058.753884188696,1076.0319629955147,1092.1114046806224,1109.5650049394153,1123.2110535340926,1133.371879417803
2015-08-12,2015-08-05,1123.199951171875,1088.898525244781,1042.1720448194496,1052.9461377377945,1071.15335947957,1088.898525244781,1103.4130782812504,1117.3813209973582,1127.265415895111
2015-08-13,2015-08-06,1115.699951171875,1091.876502971656,1049.95734166381,1059.004677839818,1075.0535260055547,1091.876502971656,1108.8035975778566,1123.482215790903,1131.9530083930097
2015-08-14,2015-08-07,1112.9000244140625,1097.1339363748066,1052.5130750302478,1061.7583871903842,1079.4346178958276,1097.1339363748066,1111.2713113638515,1124.9782308217993,1135.5624711821617
2015-08-17,2015-08-10,1118.5999755859375,1106.1397536141958,1065.6210528058664,1072.254657653828,1088.6741188442636,1106.1397536141958,1122.2612506032265,1136.052900630306,1145.8416698942765
2015-08-18,2015-08-11,1117.0999755859375,1110.464731044681,1067.268131434173,1074.0252141840047,1092.0294215537447,1110.464731044681,1125.3961646497892,1138.5435893195247,1149.1567400302183
2015-08-19,2015-08-12,1128.0999755859375,1124.8384329553826,1084.8883685384924,1088.4059936757071,1106.0608557721728,1124.8384329553826,1141.4950833883952,1155.2595250771287,1164.108708669536
2015-08-20,2015-08-13,1153.0,1119.362936065649,1073.676835380356,1081.8874969961712,1099.4570397958216,1119.362936065649,1134.34986022992,1148.3075683760528,1157.2304355066863
2015-08-21,2015-08-14,1159.5999755859375,1113.8250206886057,1072.0696781371837,1078.9137262030854,1096.2545596331684,1113.8250206886057,1133.528982374809,1148.1060999862016,1155.4914879193616
2015-08-24,2015-08-17,1153.4000244140625,1121.7356600242306,1074.0177763499728,1082.7237805068487,1102.1370836952888,1121.7356600242306,1136.1183163374394,1151.0740318610096,1159.2656100412619
2015-08-25,2015-08-18,1138.199951171875,1119.8838771193425,1075.9463747890795,1086.8221913016491,1101.447001794336,1119.8838771193425,1136.2098069597182,1151.9450463985163,1159.4922145169699
2015-08-26,2015-08-19,1124.5999755859375,1129.7295768803137,1087.8046948821811,1094.3389986666807,1112.647926850328,1129.7295768803137,1146.4345440980098,1159.9190822002947,1171.1815402268332
2015-08-27,2015-08-20,1122.4000244140625,1155.9537316117026,1113.4169750605884,1117.1576482968603,1135.8775630963828,1155.9537316117026,1169.4932619839478,1183.2174043477112,1193.8622155282355
2015-08-28,2015-08-21,1133.0999755859375,1162.7049025054562,1121.749343489755,1126.2341193582647,1142.3528516503652,1162.7049025054562,1178.4974257575457,1192.1924352067194,1202.1397192782538
2015-08-31,2015-08-24,1131.5999755859375,1154.9618676125529,1112.5176249108972,1116.4946649928488,1135.965321114621,1154.9618676125529,1174.4166300121738,1187.4531701267551,1197.2812459589336
2015-09-01,2015-08-25,1138.699951171875,1140.8590499407983,1091.0617114570148,1100.366784760285,1120.6039363430223,1140.8590499407983,1158.8642758957274,1174.3221043255585,1180.6208068532367
2015-09-02,2015-08-26,1132.5,1126.8074900279385,1077.420338616808,1091.5315529458137,1108.1985789464718,1126.8074900279385,1145.5971455238812,1163.7499926007788,1167.109456689618
2015-09-03,2015-08-27,1123.699951171875,1124.9189493975773,1076.278277275172,1091.328075318022,1108.2141498726028,1124.9189493975773,1141.3210157137382,1157.6085878997858,1165.704922175231
2015-09-04,2015-08-28,1120.5999755859375,1135.9052742364315,1090.470702588968,1102.834450148815,1119.6143667969332,1135.9052742364315,1150.5251893848833,1164.5128533634725,1176.294999111392
2015-09-08,2015-08-31,1120.4000244140625,1134.6909070826136,1090.078324047371,1101.4951910567306,1118.4910663910857,1134.6909070826136,1149.8527776951328,1162.1689317638634,1175.873093727097
2015-09-09,2015-09-01,1102.199951171875,1140.0548024710238,1097.9775271638255,1104.5130123003416,1123.5647626693883,1140.0548024710238,1157.7258881904877,1169.4705473546637,1181.9367888783345
2015-09-10,2015-09-02,1109.5,1135.9009408813536,1087.9797388953489,1097.8931283730144,1116.7630766488317,1135.9009408813536,1151.1239526379577,1165.6535790288135,1174.610343418277
2015-09-11,2015-09-03,1103.5,1125.2665163181373,1080.7539103757863,1091.2963151170911,1107.9494336382725,1125.2665163181373,1144.6272542673487,1159.6091976502312,1166.761411197972
2015-09-14,2015-09-04,1107.699951171875,1123.0896907940628,1074.8508195812612,1086.577662556209,1105.5082331642927,1123.0896907940628,1139.3031287171007,1154.3718604251105,1163.0847101976296
2015-09-15,2015-09-08,1102.800048828125,1123.1256569150019,1076.889159598898,1089.3681924701323,1105.7120725112336,1123.1256569150019,1139.1694126500465,1154.5569361243872,1162.7912492208839
2015-09-16,2015-09-09,1119.199951171875,1104.9332716950917,1057.7284891483891,1072.7598392674356,1089.3391100495492,1104.9332716950917,1121.9190862143241,1135.9457481890802,1146.845400556921
2015-09-17,2015-09-10,1117.300048828125,1110.4512518635465,1066.449578852476,1076.3891723878992,1095.1760013297821,1110.4512518635465,1128.148375039404,1141.4099052126792,1152.2861112762293
2015-09-18,2015-09-11,1138.0999755859375,1107.8773296181432,1058.38952564719,1072.762349636087,1089.9137625364588,1107.8773296181432,1120.5795650528569,1135.7592955466343,1145.4382930325778
2015-09-21,2015-09-14,1133.0999755859375,1108.6238480016084,1068.6750225075343,1078.0827022516219,1093.649854581963,1108.6238480016084,1127.4356147808164,1140.102291503736,1150.8345656853708
2015-09-22,2015-09-15,1125.0,1106.1971913589507,1058.3053661071203,1069.4504051038448,1089.0410692874198,1106.1971913589507,1120.0424243370223,1133.0353172376253,1145.1402860858686
2015-09-23,2015-09-16,1131.5999755859375,1120.4949366367337,1080.290538330096,1086.4824522747645,1103.1118321272493,1120.4949366367337,1137.8002544852875,1151.4253633400313,1159.7700874942298
2015-09-24,2015-09-17,1153.800048828125,1121.3685268953352,1074.9871014886214,1084.6255210403103,1102.4529055257128,1121.3685268953352,1134.6563376831764,1148.280318428106,1158.6165468509707
2015-09-25,2015-09-18,1146.0,1138.6296753164634,1101.4208197583414,1103.7576658279238,1121.0248359074317,1138.6296753164634,1157.384417626879,1169.618704898622,1178.848893740099
2015-09-28,2015-09-21,1132.0,1137.6117361982715,1089.5192918360813,1097.683995191776,1116.923233357542,1137.6117361982715,1150.6469185244046,1164.695772157042,1173.9730561220795
2015-09-29,2015-09-22,1127.0999755859375,1125.5705959061206,1084.8207664607685,1092.0655113267921,1108.1111521463931,1125.5705959061206,1147.220644994012,1161.4921215824475,1167.6460483245648
2015-09-30,2015-09-23,1115.5,1134.2054339803653,1085.7857931550398,1093.8868107028375,1114.8006856811908,1134.2054339803653,1149.3309582845172,1164.4109119440404,1172.2044879814061
2015-10-01,2015-09-24,1114.199951171875,1156.8430894140674,1114.0658437588395,1120.9225725119106,1136.4707383099917,1156.8430894140674,1171.5027497148435,1187.3990960467995,1193.3073742605502
2015-10-02,2015-09-25,1137.0999755859375,1148.7980485121948,1105.5968437601896,1114.7707178036455,1130.910024754176,1148.7980485121948,1165.117310138006,1178.2367726272173,1189.1661482937832
2015-10-05,2015-09-28,1138.0999755859375,1132.102850704115,1088.8396453528421,1096.3780099085077,1115.611269309089,1132.102850704115,1153.4117180629783,1166.281130737752,1175.6986619043103
2015-10-06,2015-09-29,1146.800048828125,1129.6737741406205,1078.8183866511135,1089.8538288253612,1110.3233840257803,1129.6737741406205,1145.8973974420235,1162.534070197698,1168.14096784996
2015-10-07,2015-09-30,1149.0,1118.912324163201,1070.0765843328418,1086.027999203838,1101.1622463830336,1118.912324163201,1135.4878497580712,1153.165285705397,1158.532910348606
2015-10-08,2015-10-01,1144.699951171875,1115.587854861142,1070.7086710249218,1083.7817652299284,1101.420431198171,1115.587854861142,1133.1001690039614,1146.8695170187998,1158.0265783497794
2015-10-09,2015-10-02,1156.300048828125,1139.140062596804,1095.3410308289988,1103.5808349940264,1122.7330499841312,1139.140062596804,1152.6155137174344,1165.5397767891034,1177.9294201854746
2015-10-12,2015-10-05,1164.9000244140625,1141.3129699548647,1098.4345822349917,1107.828119497684,1123.5940333375756,1141.3129699548647,1155.795183383611,1168.9498969432652,1180.3024486034694
2015-10-13,2015-10-06,1165.800048828125,1146.477351372242,1108.4026507368856,1111.3644098938205,1129.7315374052114,1146.477351372242,1166.2230654404143,1177.443338839833,1188.8908733398998
2015-10-14,2015-10-07,1180.0999755859375,1151.927389239,1104.5216473700566,1110.6910465433766,1130.8821627083712,1151.927389239,1166.6431686727624,1181.3232750051798,1188.9032322905443
2015-10-15,2015-10-08,1187.9000244140625,1146.6476404561504,1103.060174365895,1111.4681064054093,1126.7493442524894,1146.6476404561504,1165.6481580223322,1181.8774801506156,1186.6517894423712
2015-10-16,2015-10-09,1183.5999755859375,1157.8223227832314,1113.2578032254378,1119.688657139376,1138.8759642490095,1157.8223227832314,1174.5704528413835,1189.0128169107747,1197.4075094505315
2015-10-19,2015-10-12,1173.300048828125,1168.031809822717,1122.6880836906043,1130.7717182759732,1147.7889579263551,1168.031809822717,1182.8790538472617,1198.2371313186898,1206.1030989416613
2015-10-20,2015-10-13,1178.0,1167.3328671927804,1125.1773537876102,1132.1860800845445,1148.9371470051838,1167.3328671927804,1185.7449709530397,1199.4882794649143,1208.8542739181096
2015-10-21,2015-10-14,1167.5999755859375,1181.321006635386,1137.7648845805304,1141.7364380500562,1161.6979480539594,1181.321006635386,1198.3944629137932,1211.9629935284124,1221.3774604254554
2015-10-22,2015-10-15,1166.5999755859375,1190.9870131904258,1145.3521082487878,1151.761555696895,1169.2202146818538,1190.9870131904258,1206.5139531199843,1222.1951339114285,1229.1490476729477
2015-10-23,2015-10-16,1163.300048828125,1185.2380796099615,1141.5732402812432,1148.7056711536618,1165.6163782321405,1185.2380796099615,1204.6665096559918,1219.4318892925492,1227.201931145584
2015-10-26,2015-10-19,1167.0,1175.1072875402365,1126.6613823307353,1135.9097209692245,1155.877122931688,1175.1072875402365,1193.999289734064,1209.3011387847173,1216.9553293741706
2015-10-27,2015-10-20,1166.800048828125,1180.1401781080156,1131.8872988422659,1141.8337439634615,1160.4078866243012,1180.1401781080156,1197.7104747977462,1214.6053917049426,1220.6608580177663
2015-10-28,2015-10-21,1177.0999755859375,1171.1966797018763,1121.2078198253798,1135.6207342795358,1152.7406756765238,1171.1966797018763,1187.3718777349318,1203.9116048501216,1212.0946041941033
2015-10-29,2015-10-22,1147.199951171875,1167.4485860040757,1122.6755296869237,1133.5914166366308,1151.7409417374497,1167.4485860040757,1187.0312045980738,1201.106823675947,1211.783271820978
2015-10-30,2015-10-23,1141.5,1166.2790530780085,1115.9820706883809,1128.4873288031224,1148.7149083760178,1166.2790530780085,1181.5191505309792,1196.388905647672,1207.0082580622884
2015-11-02,2015-10-26,1135.800048828125,1168.860533089748,1123.9401078711883,1134.8081042620913,1151.6461020963525,1168.860533089748,1186.7572618948645,1201.2700575679391,1208.0793335962476
2015-11-03,2015-10-27,1114.199951171875,1169.146419051539,1122.0840372408024,1133.6238122377008,1152.2071956752434,1169.146419051539,1185.1283340200848,1198.9373581642062,1207.430512752016
2015-11-04,2015-10-28,1106.5,1178.5083898113269,1134.9235375802523,1142.617729780773,1160.4930586086211,1178.5083898113269,1195.8295101464337,1209.784498929962,1217.65156249427
2015-11-05,2015-10-29,1104.4000244140625,1150.7080881878253,1099.7899584513611,1115.7668697766062,1133.1000150510977,1150.7080881878253,1168.6140628374078,1183.4622431313064,1190.6648553997493
2015-11-06,2015-10-30,1087.5999755859375,1141.300354565763,1095.8805912733765,1107.3576138804822,1125.5190606220044,1141.300354565763,1163.697250735559,1178.4657294575438,1184.749087842208
2015-11-09,2015-11-02,1087.9000244140625,1140.1085920564956,1085.2860104048482,1102.5024977467667,1122.3833724446265,1140.1085920564956,1153.092435612657,1169.8619931332187,1175.3903920073803
2015-11-10,2015-11-03,1088.199951171875,1116.9478666140512,1070.289041625544,1089.357550345342,1103.0623428280478,1116.9478666140512,1136.7061453500805,1151.1418216139787,1156.5029066573204
2015-11-11,2015-11-04,1084.699951171875,1107.3568436845005,1059.576118286353,1076.3626555688543,1096.0661998419669,1107.3568436845005,1124.9292674549188,1137.1918231622549,1146.6725048378712
2015-11-12,2015-11-05,1080.800048828125,1107.5577497528077,1058.092579652717,1074.6029720509716,1092.6642445721245,1107.5577497528077,1121.7207628337137,1136.3628663557045,1142.8721199332829
2015-11-13,2015-11-06,1080.800048828125,1090.2784219202345,1044.161814670959,1062.0777272639787,1077.2775384292559,1090.2784219202345,1107.5348587703702,1120.6608702958122,1127.6820534233875
2015-11-16,2015-11-09,1083.699951171875,1088.5844773245044,1044.4598597268764,1057.9016823660825,1076.316746700912,1088.5844773245044,1105.6812701939662,1117.6976888374256,1126.5895934845
2015-11-17,2015-11-10,1068.699951171875,1091.3259485715075,1044.1077569169895,1058.0156387805273,1075.7985842688845,1091.3259485715075,1104.6061658279373,1118.510419748713,1125.554462097882
2015-11-18,2015-11-11,1068.800048828125,1086.5602722479134,1044.6709649683967,1056.9470614372995,1072.0497708750854,1086.5602722479134,1103.6024217539157,1116.2659067692687,1123.4495482178822
2015-11-19,2015-11-12,1078.0,1082.300757703877,1038.2398978443748,1049.8767028453665,1067.8585672564095,1082.300757703877,1098.3361426673223,1110.6616331746402,1119.2472251916795
2015-11-20,2015-11-13,1076.4000244140625,1082.7870734819498,1038.7474591672872,1049.3931895244054,1066.3634287347945,1082.7870734819498,1098.7125309715634,1112.568038414584,1119.0427240945091
2015-11-23,2015-11-16,1066.800048828125,1085.8272619794463,1042.7205513694921,1052.9070823058173,1069.4229735553117,1085.8272619794463,1101.2319353998241,1114.7982131369904,1121.4713632776006
2015-11-24,2015-11-17,1074.300048828125,1071.127137112898,1026.457311235193,1039.756742069294,1055.7078400365435,1071.127137112898,1087.8705169126122,1101.1085722140856,1108.0388638512945
2015-11-25,2015-11-18,1070.5,1069.5452823942696,1026.9426368287734,1037.23725166252,1054.5569923767412,1069.5452823942696,1087.3304635347813,1100.533309428088,1107.4260836106414
2015-11-27,2015-11-19,1056.199951171875,1080.8673950657549,1035.690773948307,1046.1400698156376,1063.7811683542086,1080.8673950657549,1093.6582750387627,1107.9477818274584,1114.200011949468
2015-11-30,2015-11-20,1065.800048828125,1078.8157800850122,1037.9574544038164,1048.5697652732495,1062.9581212318708,1078.8157800850122,1094.6872245773,1107.488035563757,1114.2591282918188
2015-12-01,2015-11-23,1063.800048828125,1067.8765169943813,1025.6943468786865,1036.3272285758671,1053.4037493684643,1067.8765169943813,1085.3859072227776,1097.228277377468,1105.8388490909997
2015-12-02,2015-11-24,1054.199951171875,1075.2237219511626,1032.3341152598005,1040.7127246477557,1057.9056310050125,1075.2237219511626,1090.6529698632996,1104.9459185096462,1111.5048629992475
2015-12-03,2015-11-25,1061.699951171875,1073.3786095970167,1029.0824259209242,1040.4469454808745,1055.6268325380424,1073.3786095970167,1087.4350154613176,1101.9660824359614,1108.1022064572103
2015-12-04,2015-11-27,1084.5,1057.1570811507643,1015.3917886536275,1027.318051257962,1042.859735483988,1057.1570811507643,1075.931821844517,1087.5269788394003,1094.7838191337848
2015-12-07,2015-11-30,1076.4000244140625,1066.2228892758749,1023.5273239118754,1032.349201966093,1050.4185512478377,1066.2228892758749,1081.5182811384277,1094.9810223539928,1102.0661263919726
2015-12-08,2015-12-01,1076.300048828125,1066.9155657017295,1022.655043886615,1034.3918494906093,1049.4609530568782,1066.9155657017295,1079.9207463917046,1094.3992971595108,1100.631510349545
2015-12-09,2015-12-02,1077.5999755859375,1054.5067972411102,1015.3037349527516,1025.8063166925062,1040.8346419511345,1054.5067972411102,1073.3111350878075,1084.1467956304496,1092.1792279114666
2015-12-10,2015-12-03,1073.0999755859375,1062.2969861060865,1020.0175683992923,1027.9932407221554,1046.5254220169759,1062.2969861060865,1077.238520020045,1090.1146452594364,1097.5646666010916
2015-12-11,2015-12-04,1076.9000244140625,1085.719279517774,1047.113139983642,1052.6017721875523,1067.0739200066955,1085.719279517774,1097.9224229033027,1112.7816686652777,1120.1897534692957
2015-12-14,2015-12-07,1064.699951171875,1078.2026971049404,1039.9914865038027,1047.087612710348,1061.8035421645063,1078.2026971049404,1093.9815612624523,1105.1998527139447,1113.8840809462
2015-12-15,2015-12-08,1062.9000244140625,1075.417592838845,1037.4371928203082,1042.1206128414326,1059.6360850643032,1075.417592838845,1094.9165377194372,1106.1411412174552,1114.5229921897694
2015-12-16,2015-12-09,1078.0,1080.693947854452,1033.6010949340625,1042.5726030563603,1060.3465158252452,1080.693947854452,1093.8382451925966,1110.1614610957813,1115.2020067660253
2015-12-17,2015-12-10,1050.800048828125,1075.0024247833996,1032.8075474900238,1044.0505758010866,1057.2194959970632,1075.0024247833996,1091.884168720298,1106.5884071887451,1112.3696812975375
2015-12-18,2015-12-11,1066.199951171875,1077.4552848008054,1036.2882355817464,1044.787337534347,1061.8442520224914,1077.4552848008054,1093.593754052518,1106.1256051993698,1113.941850209218
2015-12-21,2015-12-14,1081.9000244140625,1067.383442066589,1022.0756819105704,1034.2445234405895,1050.7886508978386,1067.383442066589,1082.831927259795,1096.270182618515,1102.639763618418
2015-12-22,2015-12-15,1074.800048828125,1063.278011219353,1021.5905334992599,1032.3186286711264,1048.1663860863894,1063.278011219353,1081.2608692088238,1094.1024332410086,1100.9983825273644
2015-12-23,2015-12-16,1069.4000244140625,1079.3566603982288,1037.0379778026659,1045.2223109530787,1062.2646566765407,1079.3566603982288,1092.1089505576751,1106.368411284158,1113.6133649683297
2015-12-24,2015-12-17,1077.199951171875,1054.2234107073361,1009.6079825692404,1024.1090731559557,1038.7903714711938,1054.2234107073361,1070.7552534848896,1082.8826041350867,1089.4668772634932
2015-12-28,2015-12-18,1070.5,1063.608058269803,1026.9560198318727,1032.9371082851885,1050.1314209177067,1063.608058269803,1083.2526621911159,1094.5724777869123,1103.1406222716537
2015-12-29,2015-12-21,1077.5,1085.9014956849146,1039.9290932571612,1048.0097659321823,1065.7146026683408,1085.9014956849146,1093.7415909967021,1110.002356606347,1116.3179064398819
2015-12-30,2015-12-22,1060.0999755859375,1075.2007525587983,1040.6374050066293,1048.6213554518736,1059.8765079128643,1075.2007525587983,1094.3062500062674,1105.297704786839,1113.9051804913079
2015-12-31,2015-12-23,1060.300048828125,1069.3966486333134,1027.9965256376731,1034.1343358610181,1054.4300598563254,1069.3966486333134,1087.2044980276319,1097.8522541333027,1106.424166714105
2016-01-04,2015-12-24,1075.0999755859375,1079.2711403348658,1034.4913468715954,1042.7205147725022,1058.8786899960553,1079.2711403348658,1093.1110012445938,1109.4854678218658,1114.9302668333657
2016-01-05,2015-12-28,1078.4000244140625,1072.9672432853788,1029.9143782361814,1041.3972886341492,1055.084692451155,1072.9672432853788,1088.3249446873697,1102.7464821249541,1108.8912148738025
2016-01-06,2015-12-29,1091.9000244140625,1076.9154662070005,1038.6656747526395,1046.086179804232,1062.3601005216392,1076.9154662070005,1094.4509461788089,1106.2252902619198,1114.5574974094382
2016-01-07,2015-12-30,1107.699951171875,1063.7166228195217,1016.2768130975545,1029.5365230085742,1047.0165244500674,1063.7166228195217,1078.224964125422,1091.5698199917022,1097.4718628265807
2016-01-08,2015-12-31,1097.800048828125,1059.9636401834314,1019.4704824191999,1029.8462454081782,1044.9042162703986,1059.9636401834314,1079.1887826834864,1092.104442703113,1098.866350226801
2016-01-11,2016-01-04,1096.5,1077.1253574423663,1033.304982887607,1042.1334776277022,1060.2174256763396,1077.1253574423663,1088.212799937948,1103.1545098928623,1109.9878664601238
2016-01-12,2016-01-05,1085.5999755859375,1079.3797628125494,1042.0945611408065,1050.1320349078924,1063.0977503172671,1079.3797628125494,1094.7378091497399,1107.3926426114695,1115.5542267549265
2016-01-13,2016-01-06,1087.5,1090.749621435038,1055.7898385550197,1058.6486413388914,1075.6480126448055,1090.749621435038,1107.4441794735974,1118.0420386572446,1127.8953641793173
2016-01-14,2016-01-07,1073.9000244140625,1108.8833147579087,1069.7671255091586,1071.9535376789881,1088.3870831048334,1108.8833147579087,1121.8465752673621,1136.0508432091817,1144.1978028309181
2016-01-15,2016-01-08,1091.5,1099.614624495851,1059.1600335901862,1065.9187153038006,1079.411878357261,1099.614624495851,1117.1355600534175,1130.4492295503542,1137.6567904161616
2016-01-19,2016-01-11,1089.9000244140625,1096.6886618828557,1054.8171592090955,1061.5527966036461,1078.3703378437497,1096.6886618828557,1115.6897959989358,1128.8620314889172,1135.9693400590568
2016-01-20,2016-01-12,1107.0999755859375,1089.3681594341156,1039.6038227676036,1052.417072940978,1069.277915225225,1089.3681594341156,1103.9317841022125,1120.1725600505783,1124.8092488740476
2016-01-21,2016-01-13,1099.0999755859375,1088.0755792690372,1045.8516025168879,1057.1250768908071,1071.4996874820035,1088.0755792690372,1105.8940825994036,1120.360886146262,1126.8109771739237
2016-01-22,2016-01-14,1097.199951171875,1076.9488555726734,1029.489851517981,1044.1963417841039,1062.0962902181616,1076.9488555726734,1091.7809574153293,1104.9322338217817,1111.2848983352158
2016-01-25,2016-01-15,1106.199951171875,1090.252825333067,1052.4232100218132,1059.8733820714763,1075.7594975174977,1090.252825333067,1107.419418879932,1120.3635271938606,1128.6612972953744
2016-01-26,2016-01-19,1121.699951171875,1093.2266312918873,1048.4625865540338,1058.861054174804,1076.3756433225326,1093.2266312918873,1104.8456292939636,1118.476649410782,1125.8048737667493
2016-01-27,2016-01-20,1116.0999755859375,1104.8910809414729,1072.2463982827794,1075.3357562613187,1089.2167926226953,1104.8910809414729,1123.8990498955827,1135.3933105758742,1145.1302030099919
2016-01-28,2016-01-21,1115.5999755859375,1102.4446623679648,1056.7705297137481,1065.1086661744457,1083.8533256994053,1102.4446623679648,1115.5731149769445,1128.741055858945,1136.0379590069804
2016-01-29,2016-01-22,1116.4000244140625,1096.9145365152397,1057.4184458547643,1064.8778168927713,1078.6538848621562,1096.9145365152397,1117.3630221827634,1130.7253769136764,1137.8448856998045
2016-02-01,2016-01-25,1127.9000244140625,1108.2665207988562,1062.6627532657774,1070.6253166995057,1089.1318791430892,1108.2665207988562,1121.445040954535,1136.8394557631516,1143.4171893440807
2016-02-02,2016-01-26,1127.300048828125,1122.4001392793946,1083.850158542364,1089.6305016193453,1102.9909591836094,1122.4001392793946,1137.2216685267315,1152.3061061809126,1160.1271924048478
2016-02-03,2016-01-27,1141.300048828125,1117.4925664641455,1076.9003577836065,1086.0965157917,1101.1360730770712,1117.4925664641455,1134.0644112954021,1146.0115812463737,1155.2745072221182
2016-02-04,2016-01-28,1157.5999755859375,1115.7991965919357,1073.857881463609,1081.6914835279501,1098.8952090327075,1115.7991965919357,1134.444656975511,1147.6345422153424,1155.700968491582
2016-02-05,2016-01-29,1157.800048828125,1118.9742653986727,1072.1958043430157,1081.5619940448219,1099.4328998117458,1118.9742653986727,1133.7530514843074,1150.0834157549139,1155.5867271312559
2016-02-08,2016-02-01,1197.9000244140625,1128.8379021921173,1088.692888808489,1094.7843013664194,1110.8860404463333,1128.8379021921173,1144.598580358207,1159.505491720875,1165.704037131038
2016-02-09,2016-02-02,1198.699951171875,1129.0603144139395,1086.779536442556,1096.359041726661,1112.183963348562,1129.0603144139395,1144.460845089327,1157.649780754365,1166.0636679548084
2016-02-10,2016-02-03,1194.699951171875,1140.8436098629168,1102.7619348591697,1107.1119782483852,1124.0367533006965,1140.8436098629168,1157.985299144596,1171.218827948093,1179.5210530846216
2016-02-11,2016-02-04,1247.9000244140625,1158.9917231956083,1118.4578145995529,1121.8611025969756,1139.4689522032877,1158.9917231956083,1172.451701802574,1187.6478199163007,1195.006242399955
2016-02-12,2016-02-05,1239.0999755859375,1158.8619747604944,1119.1426375661952,1124.1099833887597,1139.6899162542034,1158.8619747604944,1176.51125336542,1190.3119139159126,1198.1658167174687
2016-02-16,2016-02-08,1207.9000244140625,1195.7251074278413,1157.2097540014872,1162.171372872773,1176.6934360470668,1195.7251074278413,1211.4906639555973,1226.1240154988227,1234.4645508112078
2016-02-17,2016-02-09,1211.0999755859375,1202.4888969000365,1158.7623576822025,1162.0782795610476,1178.7422947554878,1202.4888969000365,1215.529461131643,1232.2283080911761,1238.964805844701
2016-02-18,2016-02-10,1226.0999755859375,1193.3310456409658,1154.920870053828,1157.9589178199851,1174.3904680104513,1193.3310456409658,1217.3472276696825,1230.1410645937274,1239.0016787676564
2016-02-19,2016-02-11,1230.4000244140625,1247.0272413084085,1200.398188724528,1207.2087414271334,1224.012806810282,1247.0272413084085,1259.0855421568574,1278.0674050735793,1284.2938026842019
2016-02-22,2016-02-12,1209.5,1244.4691048466614,1199.1387364711807,1203.495311106622,1218.1410216684858,1244.4691048466614,1258.2305682839124,1276.5494189756032,1281.6484512584534
2016-02-23,2016-02-16,1222.300048828125,1206.5123235584524,1162.5446574049893,1174.168298212032,1190.2304426629125,1206.5123235584524,1235.6295591097887,1245.9815449791395,1257.3164742155195
2016-02-24,2016-02-17,1238.699951171875,1213.725025816265,1154.5436300204242,1166.9994286595133,1191.6378649107307,1213.725025816265,1230.104388158254,1250.2863613091467,1255.1594515572112
2016-02-25,2016-02-18,1238.199951171875,1230.3820865959128,1180.6888435313106,1189.0096156164957,1206.5074977079578,1230.3820865959128,1243.1678908207032,1264.7757007344217,1266.2029367983778
2016-02-26,2016-02-19,1219.800048828125,1230.866854946494,1191.1742569068556,1201.7596637413026,1216.1187626410865,1230.866854946494,1248.7576408467999,1260.2585920663505,1271.250522842915
2016-02-29,2016-02-22,1233.9000244140625,1210.8386261167998,1161.9064942444836,1178.3567481597634,1195.6265285797147,1210.8386261167998,1231.3658585934827,1242.6551830987687,1254.6879372665603
2016-03-01,2016-02-23,1230.300048828125,1222.482705803216,1174.691099786057,1182.766175162692,1203.4461228179389,1222.482705803216,1241.0775540625423,1257.75346800446,1264.6753860267715
2016-03-02,2016-02-24,1241.0999755859375,1242.0218727491247,1194.369658546827,1201.7581842677096,1220.2279358438573,1242.0218727491247,1254.2486995678432,1272.816768603077,1278.3369649172232
2016-03-03,2016-02-25,1257.4000244140625,1238.7482361033508,1198.3199897848244,1206.5325234336249,1221.455403799555,1238.7482361033508,1258.2553409819043,1270.8876982574845,1280.8583084597237
2016-03-04,2016-02-26,1269.9000244140625,1221.6860942467665,1170.7845607615918,1184.51541799335,1203.8185173346108,1221.6860942467665,1243.0073007812866,1255.8538798018335,1262.1345571311917
2016-03-07,2016-02-29,1263.199951171875,1235.7487641370144,1185.790675223006,1193.6365794181906,1215.353571235023,1235.7487641370144,1253.1992873687702,1271.7309627286866,1278.5365152665222
2016-03-08,2016-03-01,1262.0999755859375,1235.0357424337612,1183.2052087336074,1197.2098099965888,1213.5843745891802,1235.0357424337612,1248.9607856405553,1266.6616131220635,1276.7864255582444
2016-03-09,2016-03-02,1256.5999755859375,1240.4298908584733,1200.044522891079,1207.5829822994872,1224.620614156946,1240.4298908584733,1260.885102160381,1273.889177450604,1283.3438593125566
2016-03-10,2016-03-03,1272.0,1259.589428681779,1213.1051077816312,1219.5252192319706,1240.4876167522425,1259.589428681779,1272.7353219873037,1288.5063446768813,1295.8148273628583
2016-03-11,2016-03-04,1258.699951171875,1272.0222505361414,1229.5350703461384,1233.5353296444916,1250.773345767292,1272.0222505361414,1288.7151869388017,1304.8861573741053,1316.745796018573
2016-03-14,2016-03-07,1244.4000244140625,1265.883266824501,1217.4398428147022,1226.1417053036675,1244.9095215881507,1265.883266824501,1285.0093203080496,1299.9680291665509,1309.2805371083068
2016-03-15,2016-03-08,1230.4000244140625,1264.5897264143928,1213.451862779164,1222.3110327045813,1242.8429934687952,1264.5897264143928,1284.6628605053438,1302.0149417904813,1310.2859608899912
2016-03-16,2016-03-09,1229.300048828125,1260.7122217699994,1205.953256731541,1219.179466220956,1238.3985493197233,1260.7122217699994,1278.0564143712227,1296.5693165257467,1305.2044463920054
2016-03-17,2016-03-10,1264.5,1273.1877210151679,1227.1611476291014,1235.3906866066657,1254.1846295144128,1273.1877210151679,1290.8379158455025,1307.6480072958716,1317.0306142971733
2016-03-18,2016-03-11,1253.800048828125,1262.297698288855,1210.3780517782293,1225.897857110475,1242.8356082664586,1262.297698288855,1279.4059870396818,1294.1964438391674,1303.2624803860958
2016-03-21,2016-03-14,1243.800048828125,1245.188216200367,1195.2091252203907,1209.9973148542913,1228.0007825462185,1245.188216200367,1269.2343923281448,1282.7942870960528,1290.477396313765
2016-03-22,2016-03-15,1248.199951171875,1233.7988611686305,1175.5645923094307,1194.3613234517243,1214.7967147119223,1233.7988611686305,1252.2313672227692,1268.984654779269,1274.1269751169175
2016-03-23,2016-03-16,1223.699951171875,1231.267667032958,1180.1280086474862,1196.5197816334269,1213.6805956120304,1231.267667032958,1249.9776089295347,1266.4126525377515,1274.5885238085482
2016-03-24,2016-03-17,1221.4000244140625,1264.151318504089,1223.5988274767005,1229.654738926104,1249.1411223565651,1264.151318504089,1277.0782890562716,1292.1067456416913,1299.9858065701992
2016-03-28,2016-03-18,1219.9000244140625,1257.0222304622175,1211.36275111656,1224.3752229327965,1238.6719865623293,1257.0222304622175,1272.6103218464832,1285.0618587478036,1296.216500285831
2016-03-29,2016-03-21,1235.5999755859375,1243.076631146197,1198.1352375677554,1207.8197265452475,1226.7569615587793,1243.076631146197,1268.76894153575,1280.2992680556108,1287.7707155665748
2016-03-30,2016-03-22,1226.9000244140625,1252.1933821016573,1195.3915450390034,1206.523580023471,1229.998094494393,1252.1933821016573,1267.1019408329455,1286.5967814754426,1291.8226299649182
2016-03-31,2016-03-23,1234.199951171875,1228.5582441285114,1173.3859495475685,1192.6257645616993,1206.7505338420126,1228.5582441285114,1248.261304534154,1265.609390975934,1276.7733513244937
2016-04-01,2016-03-24,1222.199951171875,1220.9175193701376,1172.6076137537802,1187.7313805812921,1206.6894558553008,1220.9175193701376,1243.2546541206102,1256.4135322961824,1262.1333611855348
2016-04-04,2016-03-28,1218.0,1223.145984290412,1169.4297853038918,1186.4156544902505,1205.4492882792783,1223.145984290412,1237.43906444126,1253.650110938644,1259.7419893459464
2016-04-05,2016-03-29,1228.4000244140625,1234.9435222606403,1193.121167520092,1202.953692561095,1219.7731308605807,1234.9435222606403,1252.4783748786672,1267.1184422822964,1276.2803642233996
2016-04-06,2016-03-30,1222.5,1228.8720991655537,1181.4475914074437,1194.408498438101,1212.2447232761833,1228.8720991655537,1245.5137086005923,1258.0979028217484,1266.9380030862203
2016-04-07,2016-03-31,1236.199951171875,1233.6367302886224,1190.2935740461662,1198.7005464646904,1217.4396964881144,1233.6367302886224,1254.8141540202255,1268.6522346389652,1276.8058752441193
2016-04-08,2016-04-01,1242.5,1226.5152278646322,1172.316111242133,1186.5372678631843,1205.4950065089633,1226.5152278646322,1242.4366235215145,1258.9411755484361,1267.1640059235192
2016-04-11,2016-04-04,1256.699951171875,1218.8854534213033,1171.374037472342,1184.3588495368738,1201.2859662960423,1218.8854534213033,1240.432007752287,1255.6829816552063,1264.115867958581
2016-04-12,2016-04-05,1259.4000244140625,1230.2854504989582,1180.4727581526104,1191.785477751394,1212.2398583564145,1230.2854504989582,1245.0932629133415,1261.335323111727,1268.3869167557468
2016-04-13,2016-04-06,1246.800048828125,1224.7552064275255,1177.2473195440841,1190.424744639965,1206.391186838551,1224.7552064275255,1241.9937330288242,1257.1638344275611,1267.0113093904565
2016-04-14,2016-04-07,1225.0,1235.2234234685031,1193.0992182086889,1200.8805077583952,1220.1328197307575,1235.2234234685031,1254.5493518840715,1267.92068376209,1275.8317419801833
2016-04-15,2016-04-08,1233.0999755859375,1245.2598275065973,1196.9164278062563,1205.9443080662313,1225.2419568018697,1245.2598275065973,1259.5159691913636,1275.9252448749944,1284.9972229986724
2016-04-18,2016-04-11,1233.5999755859375,1256.5775126863227,1215.6278722152658,1221.0088067367883,1238.5322440232044,1256.5775126863227,1275.6336297707196,1290.9954475365455,1301.2837685056036
2016-04-19,2016-04-12,1253.0,1261.6355760633285,1214.4399494316235,1222.2055909049118,1241.5934720681735,1261.6355760633285,1278.4504701084575,1293.98475533018,1303.4576578811818
2016-04-20,2016-04-13,1253.199951171875,1249.1788086443235,1199.843506516889,1211.3819056484201,1228.7176731565764,1249.1788086443235,1270.73677265189,1286.3931054049635,1296.068592071659
2016-04-21,2016-04-14,1249.0,1228.4910545776186,1172.3449152795108,1189.3213493713185,1208.2092771835369,1228.4910545776186,1249.927669081082,1265.877071825109,1273.1056224415292
2016-04-22,2016-04-15,1228.699951171875,1234.9842351508526,1182.1925527104454,1196.008992762435,1216.0332475373514,1234.9842351508526,1252.5474252498677,1270.6827531320052,1277.2514397241412
2016-04-25,2016-04-18,1238.9000244140625,1236.5368412948885,1185.7240975977043,1200.772107736364,1218.0299854169966,1236.5368412948885,1250.4164677728413,1266.936303379459,1275.8771698827477
2016-04-26,2016-04-19,1242.199951171875,1250.9506316171032,1212.426714596272,1219.6996245446567,1237.515604584306,1250.9506316171032,1269.69338216024,1282.3083825400495,1291.347795169328
2016-04-27,2016-04-20,1249.199951171875,1255.3461369411273,1208.3416056134847,1217.8033879156615,1237.034358305158,1255.3461369411273,1270.8221918949125,1284.7674556937982,1293.9756623608878
2016-04-28,2016-04-21,1265.5,1249.760491123376,1204.413408742641,1213.7883477344433,1231.2602863156737,1249.760491123376,1271.9619129491857,1286.4740025962913,1296.051029208798
2016-04-29,2016-04-22,1289.199951171875,1232.7366093474138,1176.578334554846,1192.4706859236253,1211.8057292726257,1232.7366093474138,1252.3454103037216,1268.4041432912811,1275.9212768701634
2016-05-02,2016-04-25,1294.699951171875,1240.093921538382,1189.9759618679477,1201.7981332445709,1221.2073323448158,1240.093921538382,1258.9883387947807,1276.8823348157566,1284.195290996031
2016-05-03,2016-04-26,1290.699951171875,1245.3678346279069,1194.3559907263757,1207.8219005949695,1226.0451615635839,1245.3678346279069,1258.625363003644,1275.5585932384197,1284.4488863402462
2016-05-04,2016-04-27,1273.300048828125,1247.6327862594253,1207.2774232540876,1216.5202237806864,1233.1488102457738,1247.6327862594253,1267.6394628531486,1281.2295119133469,1289.3579473771777
2016-05-05,2016-04-28,1271.4000244140625,1265.3535573863176,1221.3416087646729,1227.57317876237,1248.2474431976798,1265.3535573863176,1281.4404298026282,1296.3923225152428,1304.1979774652843
2016-05-06,2016-04-29,1292.9000244140625,1289.6427412936264,1248.2419126499676,1250.7655896995211,1268.9465282305898,1289.6427412936264,1305.1212476307956,1322.8118705758827,1332.8882108863572
2016-05-09,2016-05-02,1265.5999755859375,1295.8734170535024,1252.787829883429,1257.4347229047794,1274.75151233612,1295.8734170535024,1313.8644609091666,1329.8285693755233,1340.601594726219
2016-05-10,2016-05-03,1263.9000244140625,1292.3823029564685,1244.7592047745677,1252.1041327202297,1270.3415994760726,1292.3823029564685,1313.7455717994608,1329.8933609270039,1339.290802078422
2016-05-11,2016-05-04,1274.5999755859375,1278.156664768765,1220.4953982780712,1234.7742584063712,1253.7339591401978,1278.156664768765,1298.2167072642983,1316.3189482898226,1324.781211665885
2016-05-12,2016-05-05,1270.300048828125,1274.4757859626661,1219.1999858567174,1233.713803910543,1252.7432624193068,1274.4757859626661,1293.8815182424983,1312.7741048432588,1320.0016204737667
2016-05-13,2016-05-06,1271.9000244140625,1294.101627347298,1244.8756480936743,1255.0843625385387,1275.342429807946,1294.101627347298,1308.3820211288992,1326.9251038370562,1334.619780280001
2016-05-16,2016-05-09,1273.4000244140625,1268.3192148991852,1217.624272166638,1235.4850966884833,1250.6868287685695,1268.3192148991852,1288.064286047707,1301.5981736421236,1311.3629170342997
2016-05-17,2016-05-10,1276.199951171875,1261.9611519247298,1215.373280423972,1227.8135819218487,1247.9136410739175,1261.9611519247298,1286.9105358018014,1299.7552534868169,1304.9889991830669
2016-05-18,2016-05-11,1273.699951171875,1278.8745755516356,1221.6011071137602,1234.6684099912159,1257.0605520189565,1278.8745755516356,1291.0011611671302,1310.4705277598187,1317.6628771307196
2016-05-19,2016-05-12,1254.199951171875,1271.6215452681347,1225.3054291741714,1238.7450642860067,1253.3698956433348,1271.6215452681347,1290.650596847485,1306.8627909814459,1316.5699180620118
2016-05-20,2016-05-13,1252.4000244140625,1270.6907073261054,1225.4271586433856,1236.4230970259737,1256.4100745932221,1270.6907073261054,1291.479807286157,1304.1976179911917,1310.9473453837609
2016-05-23,2016-05-16,1251.0999755859375,1275.8504238115947,1224.163171842204,1235.8491951104902,1255.7098265487666,1275.8504238115947,1292.783499698038,1309.66946698384,1317.6516590418405
2016-05-24,2016-05-17,1228.9000244140625,1277.621873198578,1229.3620099891843,1240.3938212561222,1258.1907976891575,1277.621873198578,1296.20851804185,1313.0057761849466,1321.571821925667
2016-05-25,2016-05-18,1223.5,1275.197690020062,1225.7173501803827,1237.8782071560368,1256.6704860613058,1275.197690020062,1293.8916225510031,1309.420406373829,1317.535525599063
2016-05-26,2016-05-19,1220.0999755859375,1256.978114075384,1203.4362355853827,1219.9849006665088,1237.7545200627897,1256.978114075384,1277.819497351893,1292.993656463415,1300.8205647103823
2016-05-27,2016-05-20,1213.800048828125,1253.8880545114876,1201.0885613282785,1215.9834144714487,1235.8561862944098,1253.8880545114876,1273.7663790872507,1290.0854739822244,1296.1829422420944
2016-05-31,2016-05-23,1214.800048828125,1254.0695781324634,1200.2731208080372,1216.1659111798524,1235.2558270989512,1254.0695781324634,1269.711850235988,1286.873737090435,1294.2648011573633
2016-06-01,2016-05-24,1211.9000244140625,1230.4895756880915,1179.804154899578,1198.7558423705202,1214.830934527567,1230.4895756880915,1251.641775054312,1265.0609486928174,1272.5758351655886
2016-06-02,2016-05-25,1209.800048828125,1223.6277536513935,1172.8417456937177,1189.1478738159162,1209.3788881162143,1223.6277536513935,1244.3149330502072,1257.8848847318034,1262.8204913666732
2016-06-03,2016-05-26,1240.0999755859375,1223.0907202106876,1168.7682406686033,1185.3166433658785,1205.169002424705,1223.0907202106876,1237.989410468459,1255.2281550594384,1261.9654100863145
2016-06-06,2016-05-27,1244.5999755859375,1214.5689610492395,1166.9627302640854,1182.72846053285,1199.4033103239983,1214.5689610492395,1232.9316456516526,1247.4659123400897,1255.8089250856783
2016-06-07,2016-05-31,1244.4000244140625,1214.4202971146292,1167.809226678685,1180.4584914616457,1200.395956149423,1214.4202971146292,1232.580756967686,1245.9406413023155,1252.2882828311087
2016-06-08,2016-06-01,1259.800048828125,1213.407726196347,1164.8812173384588,1178.2549268378925,1196.5419501032557,1213.407726196347,1230.2534480771396,1245.5026370259975,1253.437695774941
2016-06-09,2016-06-02,1270.199951171875,1210.516336165625,1163.8594722119828,1176.5771567384693,1194.1643182972116,1210.516336165625,1228.971402998499,1243.6157788898095,1251.7315618123594
2016-06-10,2016-06-03,1273.4000244140625,1239.2580766102526,1197.6792439991032,1202.214694238472,1221.6279712844623,1239.2580766102526,1253.4730572763542,1270.0808540557443,1277.9625863332908
2016-06-13,2016-06-06,1284.4000244140625,1246.6212601979782,1203.2370714330734,1211.030570416739,1226.9652565672754,1246.6212601979782,1260.3410494392067,1276.5596063743892,1288.3553620761375
2016-06-14,2016-06-07,1285.5999755859375,1243.0725527833554,1203.6144927745804,1210.6645465260049,1226.3536461184715,1243.0725527833554,1266.0040988897877,1278.6982558965417,1289.2281088113714
2016-06-15,2016-06-08,1285.800048828125,1261.3822062727452,1213.284456524709,1218.9577135268826,1239.8918626560967,1261.3822062727452,1277.7244809717001,1295.384092312095,1303.3577769839055
2016-06-16,2016-06-09,1296.0999755859375,1273.6925103168087,1226.2199064956058,1234.244691900039,1249.4580614251308,1273.6925103168087,1288.2388072361446,1308.3799702465417,1320.7749380175212
2016-06-17,2016-06-10,1292.5,1273.8921103671587,1230.3000856531596,1238.3151750710706,1254.6569011685858,1273.8921103671587,1293.3533380712956,1308.8031087073512,1319.8255133443292
2016-06-20,2016-06-13,1290.0,1285.1786155823456,1238.9589028926641,1245.6443384276133,1264.8096196675156,1285.1786155823456,1303.4515096748673,1320.1237049634901,1329.4771926012183
2016-06-21,2016-06-14,1270.5,1288.6087470231885,1238.7846181250748,1248.7802143527383,1266.0498373468608,1288.6087470231885,1305.703976541096,1324.0984530231644,1335.0711894032136
2016-06-22,2016-06-15,1268.0,1287.1957243065044,1239.1119923096348,1249.6836252941412,1266.9175909213245,1287.1957243065044,1307.1882714218561,1323.9138829370816,1334.1496398538115
2016-06-23,2016-06-16,1261.199951171875,1297.5800968156782,1248.3141176445306,1257.3562926538955,1276.9079135141362,1297.5800968156782,1314.8868505959026,1332.6523129245802,1341.6695075889243
2016-06-24,2016-06-17,1320.0,1295.2216193738072,1244.6333964260593,1256.938482091785,1274.197523764655,1295.2216193738072,1312.9043774480606,1330.5157869245388,1341.2458608094664
2016-06-27,2016-06-20,1322.5,1290.715023763441,1241.9804035291352,1253.9815960230085,1272.2186283358294,1290.715023763441,1311.770193338501,1327.3940033066842,1336.5898278774766
2016-06-28,2016-06-21,1315.300048828125,1273.9488130068576,1217.2570503862985,1234.759368912461,1254.4014297126807,1273.9488130068576,1293.8796507521402,1310.3342933243339,1318.4037246379032
2016-06-29,2016-06-22,1323.9000244140625,1269.6557115019853,1216.3053830034141,1232.1488792192774,1251.012639313408,1269.6557115019853,1289.8571530971956,1307.1011481685473,1314.6140711697337
2016-06-30,2016-06-23,1318.4000244140625,1264.143727186682,1208.7359111849623,1225.8776331000154,1245.965968180654,1264.143727186682,1280.2318898393603,1297.392581117207,1304.7465153945845
2016-07-01,2016-06-24,1336.699951171875,1316.2225792949735,1280.0909813519145,1280.6692773659736,1299.2018609948816,1316.2225792949735,1329.373102327078,1347.3014661954926,1356.202928675688
2016-07-05,2016-06-27,1356.4000244140625,1325.3916889696684,1286.2259714108243,1291.521746011731,1305.8970970943813,1325.3916889696684,1337.197552656845,1352.9152178042239,1365.626485003328
2016-07-06,2016-06-28,1364.9000244140625,1313.9180236584011,1274.7619205409992,1282.080885338925,1296.700138226978,1313.9180236584011,1342.9031248651659,1355.0383243376427,1365.5738687695075
2016-07-07,2016-06-29,1360.0999755859375,1327.2480497521406,1269.502045053851,1277.8565155954134,1302.405509225128,1327.2480497521406,1344.0286745769076,1364.6378200523618,1370.8331223119658
2016-07-08,2016-06-30,1356.5999755859375,1324.871799781204,1268.5599645222082,1281.5758993450968,1297.2274163227914,1324.871799781204,1341.999929420817,1365.696245706467,1376.3719871519706
2016-07-11,2016-07-01,1355.0,1336.5869777537464,1291.064891983776,1298.5366683099057,1318.06676842843,1336.5869777537464,1355.9754865830228,1372.89349434399,1381.9476930392586
2016-07-12,2016-07-05,1334.0999755859375,1358.1138468020745,1312.2733637613505,1317.4301070531176,1337.3302786862416,1358.1138468020745,1372.2399092444805,1390.6815390534937,1400.5151103233782
2016-07-13,2016-07-06,1342.4000244140625,1366.3293042248545,1323.452527947077,1329.1019757979063,1345.3290097337497,1366.3293042248545,1385.8688910563596,1403.2027112061703,1414.6123830415345
2016-07-14,2016-07-07,1331.300048828125,1361.9369748646395,1311.3115439730786,1321.5949307104715,1340.5621117315086,1361.9369748646395,1383.6930465262546,1400.5314624238026,1409.9875706318107
2016-07-15,2016-07-08,1326.5,1359.9712400962717,1303.4207724169958,1316.0546025990818,1335.9127570430328,1359.9712400962717,1380.9425149625754,1400.9966977194686,1409.744713233373
2016-07-18,2016-07-11,1328.4000244140625,1358.472877836183,1301.4984009137052,1315.6163725314177,1335.2990059128729,1358.472877836183,1377.6440446541478,1397.8631295514344,1406.828875328862
2016-07-19,2016-07-12,1331.5,1337.0814254618049,1278.9847155948778,1299.1638861129718,1316.968952163436,1337.0814254618049,1359.2653650285688,1376.3009297057988,1385.562581522866
2016-07-20,2016-07-13,1318.800048828125,1342.3758049941043,1288.8852304204997,1302.9483109715982,1324.7408441612797,1342.3758049941043,1363.3619704691923,1379.9790727150773,1387.5059319636143
2016-07-21,2016-07-14,1330.5,1334.4724812666445,1277.6225225935173,1295.812730262366,1314.8029234603903,1334.4724812666445,1351.7805683987604,1369.267408425647,1378.4414330079223
2016-07-22,2016-07-15,1323.0999755859375,1326.3461074741313,1276.0284713263666,1292.0430098633792,1310.1202933112586,1326.3461074741313,1349.9046634652493,1364.4359536161621,1373.4799129584417
2016-07-25,2016-07-18,1319.300048828125,1329.3595987714616,1275.1888477434215,1289.8438221803935,1311.6384716196815,1329.3595987714616,1347.539053769006,1363.644024070571,1371.2913494866605
2016-07-26,2016-07-19,1320.699951171875,1333.2362792039307,1282.7265321819773,1295.6188376787563,1313.8274901976429,1333.2362792039307,1351.9127909113029,1369.4338167182889,1379.0237268751266
2016-07-27,2016-07-20,1326.5999755859375,1320.0938087106692,1267.7967367753627,1284.4300892037659,1302.542594185717,1320.0938087106692,1341.4997988429366,1356.3242068236914,1365.4617095756964
2016-07-28,2016-07-21,1332.300048828125,1330.6697662090987,1280.3082534438172,1291.2119472486393,1312.3269468006802,1330.6697662090987,1350.5364155433933,1367.2960651685403,1375.220163748276
2016-07-29,2016-07-22,1349.0,1326.4115684526125,1272.1848732530118,1287.313194790791,1305.6652411695557,1326.4115684526125,1343.5735730494828,1361.5277862416951,1371.0042596962562
2016-08-01,2016-07-25,1351.4000244140625,1319.7665387075103,1270.0355314378364,1284.2332333648378,1302.0553185617916,1319.7665387075103,1342.7252760328922,1358.0878474415235,1367.2412104483183
2016-08-02,2016-07-26,1364.4000244140625,1322.2134324687984,1268.2205280586147,1282.0005257368077,1303.2309574781398,1322.2134324687984,1340.4781283994225,1357.3368037625296,1365.1418172989343
2016-08-03,2016-07-27,1356.0999755859375,1328.4943821733273,1278.357660532416,1289.9879828153644,1308.1887180621047,1328.4943821733273,1346.4532574901766,1364.7974368829634,1374.603167636961
2016-08-04,2016-07-28,1358.800048828125,1333.0774153938805,1285.2609793569206,1296.042011312457,1314.7025532859857,1333.0774153938805,1351.9181186552216,1368.6834913388502,1377.8603624855832
2016-08-05,2016-07-29,1336.4000244140625,1349.4772984241547,1303.9887769216123,1310.5877771959808,1329.8175961685404,1349.4772984241547,1367.8486715792392,1385.517007729818,1394.153905314615
2016-08-08,2016-08-01,1333.4000244140625,1353.5601582703405,1305.3477973844192,1314.5295192633214,1331.9737446026973,1353.5601582703405,1372.231369824755,1390.4948234522049,1400.104287434253
2016-08-09,2016-08-02,1339.0,1365.2431673361034,1318.613337382064,1325.0128323654562,1343.6077656185341,1365.2431673361034,1386.1752771749434,1404.3751958113246,1412.7519726955206
2016-08-10,2016-08-03,1344.300048828125,1359.6182338911865,1305.2414542327926,1318.0451579085602,1336.0954581973874,1359.6182338911865,1379.1392525581823,1398.1733902719131,1407.6727193794204
2016-08-11,2016-08-04,1342.5,1360.4865292030677,1308.2252816152259,1319.6024193406984,1338.2532037773112,1360.4865292030677,1382.863076775307,1401.3736634656198,1410.0909424538852
2016-08-12,2016-08-05,1335.800048828125,1340.3406233102837,1279.5855942023886,1299.5356508147502,1318.406632389858,1340.3406233102837,1360.719115974677,1378.8337438889885,1388.556443901951
2016-08-15,2016-08-08,1340.300048828125,1334.6016592902438,1278.6086385061094,1295.3637012789384,1315.1551816581673,1334.6016592902438,1357.3388466632236,1374.6005886878945,1383.3435046194195
2016-08-16,2016-08-09,1350.5,1340.9148181216142,1285.3743156580676,1300.299603865294,1322.0372639479892,1340.9148181216142,1356.7121987651951,1374.8442402661235,1384.1055903528174
2016-08-17,2016-08-10,1342.699951171875,1345.0863566212813,1297.5866799703094,1309.8921968169795,1327.4284280414838,1345.0863566212813,1363.583381990909,1380.6258322913131,1391.2075195240768
2016-08-18,2016-08-11,1351.199951171875,1342.5337727873725,1293.8146212362844,1306.8854580472057,1325.9523673491603,1342.5337727873725,1363.5303486685493,1378.6986817977775,1387.5249817621598
2016-08-19,2016-08-12,1340.4000244140625,1337.4495535277101,1283.9895261600961,1298.5339482095153,1317.519168383622,1337.4495535277101,1358.9987038683485,1375.9107585166275,1384.6363958893517
2016-08-22,2016-08-15,1337.699951171875,1342.1004803440965,1288.5672898018415,1301.1245562489426,1321.2202237506167,1342.1004803440965,1361.5204620047784,1379.8195952491085,1388.4912613098522
2016-08-23,2016-08-16,1340.5999755859375,1352.3296056934282,1302.0515842962852,1312.4546437336521,1331.7365853366837,1352.3296056934282,1369.3289470103018,1388.0869336438823,1397.7379869324766
2016-08-24,2016-08-17,1324.4000244140625,1344.3788526727267,1294.0951252758873,1308.1084049515107,1325.1641343059594,1344.3788526727267,1364.9721633123368,1381.7462065377981,1391.8196476524317
2016-08-25,2016-08-18,1320.0999755859375,1351.3547486389366,1301.538449015258,1311.9049688457408,1332.2385124987404,1351.3547486389366,1372.9202999749514,1389.6998518430541,1397.5211271677763
2016-08-26,2016-08-19,1321.5,1343.9723531618924,1287.5307391942636,1303.271467779302,1321.835177615093,1343.9723531618924,1362.4929057148215,1381.1901181808837,1391.0623331708953
2016-08-29,2016-08-22,1322.9000244140625,1338.8675631318893,1286.302894253412,1300.7520464936597,1319.1896110819748,1338.8675631318893,1361.4364675335842,1378.5468863157212,1387.6051261758362
2016-08-30,2016-08-23,1311.699951171875,1342.3839286565585,1287.7011150705853,1301.602496593715,1322.7242416483334,1342.3839286565585,1360.3039864361367,1378.122621722049,1386.8283274640585
2016-08-31,2016-08-24,1306.9000244140625,1327.0244202817219,1272.262729492321,1290.500894055368,1307.4020637273027,1327.0244202817219,1347.7510933263104,1364.9017968680728,1375.4613397862204
2016-09-01,2016-08-25,1312.199951171875,1320.0584469256078,1266.5219838166431,1282.9606889055253,1303.425453445688,1320.0584469256078,1342.9067927470453,1358.6996956533958,1366.3359160568434
2016-09-02,2016-08-26,1322.0999755859375,1323.3860822553747,1268.3894005041502,1283.6519876594027,1304.4511672095139,1323.3860822553747,1340.9717786826975,1358.938102584203,1367.8254984020443
2016-09-06,2016-08-29,1349.4000244140625,1323.4884837466388,1274.483204007612,1288.1716305366888,1306.0221948680362,1323.4884837466388,1343.4252725560502,1359.5219600640953,1370.0210968216522
2016-09-07,2016-08-30,1344.300048828125,1312.6025785061238,1260.8209512698947,1277.4402959626673,1295.9005083326158,1312.6025785061238,1334.1285488988615,1348.9092319882404,1357.9891504127854
2016-09-08,2016-08-31,1336.800048828125,1307.6827350950812,1254.2896493687672,1269.9253747682042,1289.5916118840587,1307.6827350950812,1329.451913833132,1345.9711250902726,1353.8998457209539
2016-09-09,2016-09-01,1330.0999755859375,1313.5929310662373,1261.0508261137868,1274.3857326535222,1294.5456299567377,1313.5929310662373,1331.5895593129658,1349.5590683257362,1358.2914939866607
2016-09-12,2016-09-02,1321.0,1322.5275606905802,1275.920219463256,1286.3712226715575,1304.5204081825814,1322.5275606905802,1340.843074977266,1357.5979462256962,1367.6799654220868
2016-09-13,2016-09-06,1319.0,1348.0430683894879,1308.044463784212,1311.4301184612714,1330.4200585723052,1348.0430683894879,1365.925365210649,1382.786374765046,1391.442066567586
2016-09-14,2016-09-07,1321.5,1346.4217014786188,1299.9847813619563,1309.6984067971487,1325.0908140599488,1346.4217014786188,1366.264551267568,1382.9133395005572,1393.3207827161114
2016-09-15,2016-09-08,1313.5,1337.371325103828,1287.1727999951195,1298.9107550544006,1315.951286452163,1337.371325103828,1363.3612489088887,1380.5125306261225,1387.9880657200763
2016-09-16,2016-09-09,1305.800048828125,1333.6503075709147,1273.9358800934494,1289.0994670471553,1309.6729100510659,1333.6503075709147,1353.3190407258548,1373.8726876729022,1381.1786163459592
2016-09-19,2016-09-12,1313.5,1323.8157590587302,1267.307981572853,1284.3632764261852,1302.064063649092,1323.8157590587302,1344.5957356898539,1363.4112589118708,1373.917719789169
2016-09-20,2016-09-13,1313.699951171875,1319.6572240667128,1266.49990005598,1282.6710964334634,1302.6303229495556,1319.6572240667128,1340.1326113029506,1356.3988941008977,1365.3644109919644
2016-09-21,2016-09-14,1326.9000244140625,1322.241699319368,1271.0065723349808,1285.2884226790886,1305.0669569530603,1322.241699319368,1341.1226705378754,1357.5401586695602,1366.820881661009
2016-09-22,2016-09-15,1340.4000244140625,1314.5888549141914,1263.4033613871143,1279.3403249944556,1297.30015877177,1314.5888549141914,1335.3351828616414,1350.7206357144935,1360.6096860506955
2016-09-23,2016-09-16,1337.199951171875,1306.4448630285067,1253.7724621860177,1270.017713201727,1289.2013532171297,1306.4448630285067,1328.5258352606734,1344.1542320806802,1352.4419252397602
2016-09-26,2016-09-19,1339.699951171875,1314.331073971742,1262.5334138229432,1275.1435193894724,1295.7457504780023,1314.331073971742,1332.8800194772684,1350.6685155786192,1358.7823565104804
2016-09-27,2016-09-20,1325.9000244140625,1315.272777862036,1265.5884037252715,1278.815488138922,1296.5224940275668,1315.272777862036,1333.6042489983986,1350.3671252397617,1360.8273809613574
2016-09-28,2016-09-21,1319.4000244140625,1325.9033661510211,1281.6942052236734,1290.2454141131857,1308.8807518771423,1325.9033661510211,1346.470242739713,1362.4414982000608,1370.9856210056662
2016-09-29,2016-09-22,1321.699951171875,1341.2987232822293,1295.2400715901067,1302.3874404285502,1321.2136211817426,1341.2987232822293,1358.700192932071,1376.578135996854,1385.3055141680074
2016-09-30,2016-09-23,1313.300048828125,1338.6727604987973,1291.3930132886085,1301.7033292799067,1317.3214250805186,1338.6727604987973,1360.4037199532875,1377.5220980116083,1387.544615456721
2016-10-03,2016-09-26,1309.0,1339.1745467151245,1290.092377414396,1299.909004232655,1317.938167359508,1339.1745467151245,1361.5552805539949,1380.842397494235,1388.5704016831437
2016-10-04,2016-09-27,1266.300048828125,1328.8082421392955,1272.4095230922799,1288.3061707096776,1305.9082457569114,1328.8082421392955,1348.8659797439059,1368.9496474395942,1377.687501594112
2016-10-05,2016-09-28,1265.199951171875,1320.232102989288,1266.377056708492,1281.7205844348387,1300.6893468325504,1320.232102989288,1342.7173014116431,1361.0178535652974,1369.4244431255388
2016-10-06,2016-09-29,1249.800048828125,1322.7957267900454,1269.07612571329,1283.8612564865132,1304.5673271216294,1322.7957267900454,1341.0798070616931,1359.221309036981,1367.775703848974
2016-10-07,2016-09-30,1248.9000244140625,1314.7442000762467,1263.050034801798,1279.5751201554249,1297.603835091239,1314.7442000762467,1334.7011393926473,1350.939394626822,1361.0115204647655
2016-10-11,2016-10-03,1253.0,1308.5272453153134,1258.1775986482432,1273.4610663380292,1293.2674869865564,1308.5272453153134,1330.5417566088713,1345.9852764247514,1354.2054460629329
2016-10-12,2016-10-04,1251.0999755859375,1270.391781310249,1208.3936854196854,1234.7684386645255,1253.708710894231,1270.391781310249,1292.562346049298,1307.8839142500133,1315.943069711145
2016-10-13,2016-10-05,1255.0,1264.4914551340632,1208.8879377143821,1226.6187753543097,1249.9428696647797,1264.4914551340632,1287.7116944981767,1304.0280011834748,1310.1613343874183
2016-10-14,2016-10-06,1253.0999755859375,1254.2955349043605,1194.165673761794,1217.5517637835637,1239.0896450746636,1254.2955349043605,1268.1072152510958,1284.1092908186097,1293.4300208272716
2016-10-17,2016-10-07,1254.4000244140625,1247.5691408947218,1201.9260987099433,1218.2980511114738,1237.3565056921107,1247.5691408947218,1269.632508964128,1281.4936704668455,1291.2440338904428
2016-10-18,2016-10-11,1260.800048828125,1252.3974660997096,1204.5750406735988,1219.4934703706251,1241.0591768177705,1252.3974660997096,1269.2361716035366,1282.6940093187836,1290.4341919957242
2016-10-19,2016-10-12,1267.9000244140625,1251.4071621154358,1205.768996566006,1218.990446321705,1235.661717327571,1251.4071621154358,1270.6969045270998,1285.7061211323858,1295.387413694092
2016-10-20,2016-10-13,1265.5999755859375,1254.0086832362135,1208.965451016385,1220.1584490290875,1238.4531818356177,1254.0086832362135,1273.9492502529952,1289.38035857946,1297.3004044882255
2016-10-21,2016-10-14,1265.9000244140625,1254.0632146793973,1205.918882645955,1218.3084567899066,1235.4408317198283,1254.0632146793973,1272.533025057868,1289.7337887917088,1298.2684126903127
2016-10-24,2016-10-17,1262.0,1254.4917838302194,1207.902629518736,1219.2021150673086,1236.222339768082,1254.4917838302194,1274.414644974159,1291.4095211559656,1299.90075678526
2016-10-25,2016-10-18,1271.9000244140625,1260.9632285639923,1214.4413799887993,1224.7572893346905,1242.479926775064,1260.9632285639923,1279.0865124528186,1296.5814813628574,1304.9814381222852
2016-10-26,2016-10-19,1264.800048828125,1268.0211017812044,1223.4157618164813,1232.668823579523,1249.035567713212,1268.0211017812044,1286.3547449580706,1303.8011262862333,1313.0620463483313
2016-10-27,2016-10-20,1267.9000244140625,1265.907140469852,1219.9545198785518,1231.1990805528585,1247.3337682535655,1265.907140469852,1285.8047432976307,1302.577962058875,1311.38402470511
2016-10-28,2016-10-21,1275.5,1265.9215381711126,1218.4671747848101,1229.409517038483,1246.6660178030259,1265.9215381711126,1286.426089731421,1304.125075107901,1312.011197647694
2016-10-31,2016-10-24,1271.5,1263.4554763425272,1213.0357327572701,1226.0891086946278,1243.4335675528655,1263.4554763425272,1282.337708930913,1300.581810173283,1308.9317736375217
2016-11-01,2016-10-25,1286.4000244140625,1271.6573484690066,1225.5420667351825,1235.1028411782845,1252.8358587661446,1271.6573484690066,1290.646830324899,1308.5052541056962,1317.1723225390488
2016-11-02,2016-10-26,1306.800048828125,1266.2736771693258,1217.0076226125295,1230.1490925750902,1247.9759727535888,1266.2736771693258,1284.3794481432544,1300.8471062379192,1309.7288959694963
2016-11-03,2016-10-27,1302.0999755859375,1266.9682428044307,1220.4352683912127,1232.0539748576803,1249.9115777882844,1266.9682428044307,1288.222955674231,1304.280277193742,1312.5712436734336
2016-11-04,2016-10-28,1303.300048828125,1276.03433022477,1227.568832148273,1237.0086712814018,1257.3548664528946,1276.03433022477,1292.5593644200867,1310.7159416860718,1318.6414827935096
2016-11-07,2016-10-31,1278.300048828125,1272.4952110221489,1225.2921813710202,1237.7031814560712,1253.3281718485819,1272.4952110221489,1291.5997490949899,1308.7002559328764,1318.8749842122838
2016-11-08,2016-11-01,1273.4000244140625,1284.7400934162038,1240.8076344994006,1248.2229197278511,1267.877883440372,1284.7400934162038,1304.3982294906014,1320.958091209642,1328.7650689791158
2016-11-09,2016-11-02,1272.5999755859375,1306.9168472690335,1264.4758312410477,1268.1567620957778,1286.6819811920773,1306.9168472690335,1321.714344432878,1341.1264929695446,1350.992895852605
2016-11-10,2016-11-03,1265.5,1302.8388966186114,1259.7113548062364,1268.9758405137036,1282.2631859393434,1302.8388966186114,1323.6213101843393,1339.8177944316196,1351.0778760082935
2016-11-14,2016-11-04,1221.199951171875,1302.2344620389995,1254.9358884044655,1264.3260876500706,1282.2819028410952,1302.2344620389995,1325.834993054592,1342.2112692703276,1349.8645654648083
2016-11-15,2016-11-07,1224.0,1282.105845499746,1222.08510961469,1240.3526218432726,1257.81987136841,1282.105845499746,1301.9795343755654,1321.6805921429586,1330.2453191878294
2016-11-16,2016-11-08,1223.4000244140625,1273.7987258507444,1217.961134776231,1235.7315215641993,1254.3552750840104,1273.7987258507444,1295.2253737195153,1314.448464949439,1322.7673758723295
2016-11-17,2016-11-09,1216.5,1274.3653108715635,1218.595303260889,1234.502872024494,1257.4971583579336,1274.3653108715635,1289.3525441938673,1307.9885670243514,1315.2794018582229
2016-11-18,2016-11-10,1208.5,1266.0537322399198,1216.6577010386477,1233.699553811805,1251.3968804313963,1266.0537322399198,1285.343689432,1300.6556209361038,1310.1078735435487
2016-11-21,2016-11-14,1209.5999755859375,1223.3938977496625,1163.374344986129,1189.9224167192797,1209.573515025505,1223.3938977496625,1247.9773126015025,1259.2074885297034,1264.8496017972348
2016-11-22,2016-11-15,1211.0,1222.6192745311641,1165.6158308034808,1184.3090661131782,1208.7513061797158,1222.6192745311641,1243.5594112053473,1260.6492865356277,1265.025182053706
2016-11-23,2016-11-16,1189.0999755859375,1226.7001869062399,1170.8517923474028,1187.7464928860463,1210.9084884749632,1226.7001869062399,1236.5851209598013,1255.9405471497944,1263.851544144425
2016-11-25,2016-11-17,1178.199951171875,1215.6215138430089,1172.337325461392,1189.6285897630512,1205.6049362283527,1215.6215138430089,1236.2950076866496,1247.9110138250094,1257.425366964956
2016-11-28,2016-11-18,1190.5999755859375,1207.3960155396994,1158.586077651115,1173.8031976603784,1197.031425428544,1207.3960155396994,1228.4826830940567,1239.2552718318377,1243.2799505943492
2016-11-29,2016-11-21,1187.9000244140625,1210.122477680054,1160.666324985716,1174.0266118086124,1193.2046556475752,1210.122477680054,1227.4229111622856,1244.6164870344692,1252.2003389767685
2016-11-30,2016-11-22,1170.800048828125,1211.624408697414,1164.7573533815478,1177.2706048275772,1195.6737389718387,1211.624408697414,1228.1007773142824,1244.3928849552206,1252.6983047689394
2016-12-01,2016-11-23,1166.9000244140625,1190.5224382495328,1140.1006500535468,1158.4478956308153,1175.1131310982346,1190.5224382495328,1211.200907087536,1224.56236337064,1232.28048486865
2016-12-02,2016-11-25,1175.0999755859375,1178.0692593877448,1125.4402231112654,1143.2584203179795,1163.3023477946335,1178.0692593877448,1199.435931465771,1214.0093041959335,1219.4879829251458
2016-12-05,2016-11-28,1174.0,1191.0334995289118,1140.537767665749,1152.3737583226712,1174.6455517084612,1191.0334995289118,1204.034703455458,1223.1532982556441,1229.916176046689
2016-12-06,2016-11-29,1167.5999755859375,1188.7703368764523,1143.5852270713604,1155.8795246951804,1173.2717011990633,1188.7703368764523,1204.2893417689002,1219.7522596052027,1229.1234030767064
2016-12-07,2016-11-30,1175.0,1169.322250358954,1123.7123847337748,1138.2950153768725,1157.5074772222733,1169.322250358954,1192.89545236795,1203.3214593135629,1210.141801479613
2016-12-08,2016-12-01,1169.800048828125,1166.5700722204958,1115.5244116447132,1129.3368494776182,1151.3130208840805,1166.5700722204958,1185.540322695666,1201.0838493399922,1206.485785722879
2016-12-09,2016-12-02,1159.4000244140625,1176.4542381617034,1127.7261066241533,1139.0317764595893,1158.1691512178522,1176.4542381617034,1189.453706764231,1208.7862525974856,1216.916183526313
2016-12-12,2016-12-05,1163.5,1174.0074262705007,1130.6107444026295,1141.8670323896577,1159.2623551337188,1174.0074262705007,1190.9785818451785,1205.4527987540596,1214.2027541693005
2016-12-13,2016-12-06,1156.699951171875,1166.3000858952746,1122.3975307627845,1134.2261711377814,1153.1666321504072,1166.3000858952746,1187.3354678354906,1199.459854156043,1206.3891013050734
2016-12-14,2016-12-07,1161.300048828125,1174.5284442860839,1129.143810556201,1138.7032343554022,1158.1987202886205,1174.5284442860839,1191.6592375062062,1207.9046478049659,1214.8088218759835
2016-12-15,2016-12-08,1127.800048828125,1171.6529124000122,1124.3371423475737,1136.21793495314,1152.9528698456334,1171.6529124000122,1187.4165673443995,1204.3618344834354,1213.09283140994
2016-12-16,2016-12-09,1135.300048828125,1159.2959817416215,1112.791453352198,1126.0707023962377,1143.7204948667918,1159.2959817416215,1179.8149888295047,1193.847727594294,1201.5331605959
2016-12-19,2016-12-12,1140.5,1163.1567576772575,1115.5384743436414,1126.9251328666141,1147.615414831748,1163.1567576772575,1180.1304589753747,1196.2631148298542,1202.552502061601
2016-12-20,2016-12-13,1131.5,1158.5595286129628,1109.956760991594,1123.2211199110125,1140.7839879998874,1158.5595286129628,1173.930343356334,1190.7858417670177,1199.1677934750255
2016-12-21,2016-12-14,1131.0999755859375,1159.819065137157,1117.1331576889654,1127.454094930766,1146.0700078619725,1159.819065137157,1178.685569699756,1192.8562410701315,1200.3361625720208
2016-12-22,2016-12-15,1128.800048828125,1130.4321127651888,1076.2767474190134,1095.272748602655,1114.228863325658,1130.4321127651888,1149.6229290923175,1163.0414294197276,1169.675706023038
2016-12-23,2016-12-16,1131.9000244140625,1133.2625059318684,1086.2113742521396,1098.5644910702442,1119.385180334011,1133.2625059318684,1152.8045929794866,1168.8705651321548,1174.859716695231
2016-12-27,2016-12-19,1137.300048828125,1142.5845986023924,1092.801622075559,1105.1391927763475,1126.5369326208631,1142.5845986023924,1152.3069523352524,1170.3353979690091,1177.0510583615378
2016-12-28,2016-12-20,1139.4000244140625,1131.024029208114,1090.311023054654,1102.6912795566632,1117.4432666318726,1131.024029208114,1150.6424557488328,1163.1777150776654,1172.7271937444325
2016-12-29,2016-12-21,1156.4000244140625,1128.5472209703862,1085.294220993644,1096.3820715388133,1118.2234656929209,1128.5472209703862,1149.1196567359825,1160.0348403611915,1164.6660527782135
2016-12-30,2016-12-22,1150.0,1130.4830271406045,1082.8069878181677,1094.634072184402,1112.2932307064946,1130.4830271406045,1145.284042020589,1162.5420083845972,1170.142833541529
2017-01-03,2016-12-23,1160.4000244140625,1131.8047904238133,1088.8703598481034,1099.1149720607955,1116.050428627163,1131.8047904238133,1148.4681623326924,1163.9780169396017,1172.0810275004937
2017-01-04,2016-12-27,1163.800048828125,1136.7375874210368,1094.9376400820493,1104.0313850307875,1122.269904026864,1136.7375874210368,1153.123941945336,1167.4618275386924,1174.6923552289334
2017-01-05,2016-12-28,1179.699951171875,1139.1248260996847,1098.410747689577,1107.671255796582,1122.6947228478211,1139.1248260996847,1156.2577680797845,1171.2863846265461,1179.3385793301463
2017-01-06,2016-12-29,1171.9000244140625,1155.0778442813094,1117.8621518181537,1124.086357308989,1139.4105793925135,1155.0778442813094,1171.4658663330663,1186.9051051685915,1194.8441117377988
2017-01-09,2016-12-30,1183.5,1151.549031522096,1109.2074457520005,1118.4774695408187,1132.4302929236987,1151.549031522096,1168.170019963717,1183.8550182173344,1192.500981046096
2017-01-10,2017-01-03,1184.199951171875,1158.5586104879044,1120.3636820625852,1127.3281336174987,1142.7677690177836,1158.5586104879044,1178.6352969456298,1193.8061560874544,1202.0459534931156
2017-01-11,2017-01-04,1195.5999755859375,1165.4948882144668,1121.2037713739135,1129.38611089528,1146.2822181415006,1165.4948882144668,1179.9242839659364,1197.4161983057456,1205.1718818481704
2017-01-12,2017-01-05,1198.9000244140625,1179.1669100882555,1141.70739799603,1147.751610882855,1160.4605751094177,1179.1669100882555,1195.9548139205867,1213.432635951171,1223.2095056702979
2017-01-13,2017-01-06,1195.300048828125,1172.8656234647294,1129.7426581562077,1139.3957997287227,1154.9016805117417,1172.8656234647294,1190.8500083809126,1205.5451735867318,1213.5762605473133
2017-01-17,2017-01-09,1212.0,1182.0168194624434,1142.3019412709195,1149.222575603529,1165.0924211720453,1182.0168194624434,1201.893733307805,1218.306399350566,1226.8483574766447
2017-01-18,2017-01-10,1211.300048828125,1186.251029495476,1140.2353781924712,1149.2007392579724,1166.3050440650654,1186.251029495476,1200.8589481251083,1218.8192007163898,1226.8163645843733
2017-01-19,2017-01-11,1200.9000244140625,1194.8887742774114,1155.464384884791,1162.8284656603068,1176.4089762910503,1194.8887742774114,1213.0858793326584,1230.3287186437333,1240.001743161382
2017-01-20,2017-01-12,1204.300048828125,1199.169649167885,1156.6496221429368,1165.0719140218157,1181.6950060663526,1199.169649167885,1216.1620213496192,1231.7523858008306,1239.6189598637222
2017-01-23,2017-01-13,1215.0,1195.5834058130686,1151.9849751417323,1161.5399988401691,1176.5693839895625,1195.5834058130686,1215.4237254133018,1231.9536288865002,1241.0626909579273
2017-01-24,2017-01-17,1210.300048828125,1211.065356496141,1169.2300251070042,1176.065176874019,1194.0857152975323,1211.065356496141,1228.1768570143422,1245.4159471779587,1253.2175907453552
2017-01-25,2017-01-18,1197.300048828125,1213.4813260258616,1168.4155452723298,1177.6444658901173,1192.1256458743806,1213.4813260258616,1228.7284133490498,1247.1108799749197,1256.586591802681
2017-01-26,2017-01-19,1189.5,1200.0952769718042,1155.8107487353118,1167.1742587049596,1183.0710473013557,1200.0952769718042,1222.877638585704,1237.437483985712,1246.078306121067
2017-01-27,2017-01-20,1188.0999755859375,1203.817393852527,1156.001283354677,1166.1915671432648,1187.3939508350693,1203.817393852527,1222.5037874020973,1239.3644807937983,1246.0106345697966
2017-01-30,2017-01-23,1193.199951171875,1216.4648878050298,1170.0639383533037,1179.2512163472936,1195.8063200797187,1216.4648878050298,1230.1029421168548,1250.3240145499674,1259.3679430943657
2017-01-31,2017-01-24,1208.5999755859375,1210.2990535530835,1166.5346881740825,1177.835545400966,1192.5930753166888,1210.2990535530835,1229.0054857047726,1244.3424554372223,1253.346803766292
2017-02-01,2017-01-25,1205.5999755859375,1196.1275126842474,1149.292331332464,1162.0661775507513,1181.0595320545917,1196.1275126842474,1219.0214126635035,1232.5706528995365,1239.7153045939872
2017-02-02,2017-01-26,1216.699951171875,1189.9565856822835,1137.8979265029684,1150.9754237611664,1172.569143088332,1189.9565856822835,1208.9468796996362,1226.4369214641683,1233.1728401201472
2017-02-03,2017-01-27,1218.5,1189.0201557939133,1138.042968110593,1151.156463315866,1170.5965747944088,1189.0201557939133,1204.838225543193,1223.7020166186865,1231.4311361691443
2017-02-06,2017-01-30,1230.0,1192.39258947674,1146.971913520187,1159.1091750525418,1176.8282731552547,1192.39258947674,1208.9818169439666,1224.9525984398608,1232.740814794918
2017-02-07,2017-01-31,1234.199951171875,1206.880476646027,1167.0379613122477,1175.9017415774606,1192.208490747375,1206.880476646027,1223.5336793369656,1238.1676410618036,1246.1241325441563
2017-02-08,2017-02-01,1237.5999755859375,1205.8902382338688,1163.7080951688083,1173.9396531222803,1188.7056433194407,1205.8902382338688,1224.3922676604764,1238.5756815525485,1247.2747673295394
2017-02-09,2017-02-02,1235.0999755859375,1214.9400934394916,1175.1453938065995,1183.3334751691427,1199.2309262889607,1214.9400934394916,1235.969373017898,1250.5578414266515,1258.836986293253
2017-02-10,2017-02-03,1234.4000244140625,1220.434631992178,1174.3560242050003,1183.4168338974855,1200.1476071153097,1220.434631992178,1236.786602134142,1254.313181939214,1262.809417796458
2017-02-13,2017-02-06,1224.4000244140625,1229.659789250373,1188.6279020133559,1196.8054451965263,1210.9052969664137,1229.659789250373,1248.5997518248103,1265.8891942666635,1275.6604380944764
2017-02-14,2017-02-07,1223.9000244140625,1234.934392711747,1191.1103406476873,1199.9096407291165,1216.2991974309857,1234.934392711747,1252.611003448455,1268.6592649079053,1277.134177671834
2017-02-15,2017-02-08,1231.699951171875,1237.789162045854,1194.595062731926,1203.9290564784576,1218.7671137590282,1237.789162045854,1257.7332829331435,1274.4214638789067,1283.9173581710743
2017-02-16,2017-02-09,1240.0,1235.8409991264061,1188.865722791783,1199.5846636444144,1217.1259343238007,1235.8409991264061,1255.4278619573465,1271.7860455013047,1280.0566215895265
2017-02-17,2017-02-10,1237.5999755859375,1235.0190138804455,1187.1505820212672,1198.4991205010483,1215.8825919518672,1235.0190138804455,1254.4390127066072,1272.0783016557655,1280.770623869019
2017-02-21,2017-02-13,1237.5,1225.5113774067188,1174.5728162658709,1188.140885107427,1206.8133614295443,1225.5113774067188,1244.7477264394786,1261.7201921035914,1269.7787072978897
2017-02-22,2017-02-14,1232.0,1223.3760132475225,1174.4144661232738,1187.4344026108067,1206.5726650909944,1223.3760132475225,1243.0416705775851,1259.8432471372862,1267.6216798302166
2017-02-23,2017-02-15,1250.199951171875,1231.6461828111999,1184.2577198021731,1195.4221402125024,1214.346678579833,1231.6461828111999,1247.8632974070654,1265.2044700354768,1272.9853779976331
2017-02-24,2017-02-16,1256.9000244140625,1239.5805068424231,1196.5585083362635,1206.6055505269874,1222.2063011991006,1239.5805068424231,1256.7673531151454,1273.0990672721678,1282.167247767471
2017-02-27,2017-02-17,1257.4000244140625,1237.0650992503342,1193.3441232484238,1204.3427289070378,1220.6063229427182,1237.0650992503342,1257.4551677132433,1271.562154552448,1279.9805070777145
2017-02-28,2017-02-21,1252.5999755859375,1237.0941630247419,1191.147676092476,1202.0546235884447,1219.8501297868343,1237.0941630247419,1258.0642842292168,1273.6949905536799,1281.7738885196154
2017-03-01,2017-02-22,1248.9000244140625,1233.3663452848139,1183.056728886184,1195.3253206610948,1213.821056191086,1233.3663452848139,1252.0026883200912,1269.7470653416262,1277.9870861977383
2017-03-02,2017-02-23,1231.9000244140625,1249.2117607845664,1205.3811914319465,1214.2898129792693,1231.59428489866,1249.2117607845664,1266.6305826961325,1284.7374657811088,1293.4338771914809
2017-03-03,2017-02-24,1225.5,1257.9830559041523,1213.899641314153,1223.0040700554728,1238.5989922018384,1257.9830559041523,1273.4483946181274,1290.4641683814039,1299.6836882223656
2017-03-06,2017-02-27,1224.5,1256.353283330187,1214.989674993614,1225.0487386390282,1239.2973630761703,1256.353283330187,1278.5753853338176,1293.0003866556099,1302.563981253321
2017-03-07,2017-02-28,1215.0999755859375,1252.8987016508895,1204.7817186177099,1215.9660543362727,1235.004905259927,1252.8987016508895,1274.1856868381892,1289.6520112125643,1297.2839347943902
2017-03-08,2017-03-01,1208.5,1250.2073117160908,1199.2471181702333,1211.481262937753,1229.3668706832727,1250.2073117160908,1268.9702219096944,1288.5961796146532,1297.4952602726808
2017-03-09,2017-03-02,1202.4000244140625,1233.416304925681,1179.0369699195035,1194.6722700020655,1214.13912516912,1233.416304925681,1253.087071863274,1270.6505360472524,1278.7303337306819
2017-03-10,2017-03-03,1200.699951171875,1225.073080856932,1172.2903164442591,1187.6752627636768,1208.6946571854262,1225.073080856932,1245.3247997001745,1262.0483320143167,1269.1650670753766
2017-03-13,2017-03-06,1202.4000244140625,1224.9053498977298,1172.4829470578475,1186.7078326718856,1207.8480619302952,1224.9053498977298,1241.3837645204474,1258.6936050258744,1265.7289828785265
2017-03-14,2017-03-07,1201.9000244140625,1215.3287191391305,1165.1549420285553,1180.370137800578,1198.7568004160926,1215.3287191391305,1234.1446964008687,1249.4097969840918,1257.5340981649758
2017-03-15,2017-03-08,1200.0999755859375,1207.5373642197733,1158.1847816910165,1172.9299088458465,1193.533349754016,1207.5373642197733,1228.0072947140102,1241.566772175157,1248.2016792451923
2017-03-16,2017-03-09,1226.5,1202.7023830999556,1151.4595197581223,1165.7753488730327,1186.2736150830865,1202.7023830999556,1220.759355297917,1236.7998790656022,1243.7146721321676
2017-03-17,2017-03-10,1229.800048828125,1200.6152070288142,1151.6910047717565,1165.2887519232218,1184.1322084534158,1200.6152070288142,1218.52402076194,1234.676721868159,1242.3337276514267
2017-03-20,2017-03-13,1233.5999755859375,1202.0950416411576,1155.204336711178,1167.645004241143,1186.4314749183973,1202.0950416411576,1219.5548856723353,1234.6504115461953,1242.0704612874392
2017-03-21,2017-03-14,1246.0999755859375,1201.8611880344245,1155.966251295346,1168.0184606100015,1185.6093704985014,1201.8611880344245,1219.8531048976893,1234.790227386698,1242.7088897888302
2017-03-22,2017-03-15,1249.300048828125,1200.0057565711809,1154.0019421714494,1165.9728507591692,1183.7801407313434,1200.0057565711809,1218.810804163918,1233.6880739173425,1241.4395794786083
2017-03-23,2017-03-16,1246.9000244140625,1225.2941229734895,1185.2981389641304,1191.8744151607839,1208.8044822239526,1225.2941229734895,1240.677922933377,1257.6780230770562,1265.8198403497158
2017-03-24,2017-03-17,1248.199951171875,1231.8077083435587,1189.9776900038214,1198.1561750284695,1211.4593845769982,1231.8077083435587,1246.722978793845,1263.1620593540758,1273.2339971321726
2017-03-27,2017-03-20,1255.4000244140625,1232.4842896962766,1193.6669752158543,1202.333248236449,1216.0609257172314,1232.4842896962766,1254.8516289938545,1268.4695402514317,1277.958925759191
2017-03-28,2017-03-21,1255.300048828125,1246.7569012487802,1202.6460450745724,1209.5782608304057,1227.752415111459,1246.7569012487802,1263.5833589986823,1281.3368651964931,1289.1363633082083
2017-03-29,2017-03-22,1253.4000244140625,1251.510370616967,1206.439269007465,1215.1042397600872,1228.3656461638893,1251.510370616967,1267.9871561539408,1288.216214603636,1299.0724160497816
2017-03-30,2017-03-23,1245.0,1247.215009052316,1202.0042072655385,1212.6810178012024,1228.768381450035,1247.215009052316,1267.7635058104465,1283.7191592710155,1292.77319008089
2017-03-31,2017-03-24,1247.300048828125,1248.7810885388128,1200.681376909547,1211.404451286609,1229.8891145639027,1248.7810885388128,1267.651183306541,1285.3183735938412,1293.4504972098343
2017-04-03,2017-03-27,1250.800048828125,1256.2705864836962,1209.010075451372,1219.0622456328845,1236.068672258068,1256.2705864836962,1273.0578612205868,1292.228722016261,1301.3400403705832
2017-04-04,2017-03-28,1255.0,1256.0746500721016,1209.4454238559929,1220.5924980894513,1237.0365095151865,1256.0746500721016,1274.279398101372,1291.1241672801584,1300.3236080690338
2017-04-05,2017-03-29,1245.4000244140625,1253.3675827551526,1206.444022720642,1218.18104566675,1235.8853785344618,1253.3675827551526,1273.667568611146,1289.370370629682,1297.8127207005803
2017-04-06,2017-03-30,1250.300048828125,1245.4823296318805,1194.844612560772,1207.3319339603972,1226.8469257953032,1245.4823296318805,1265.3449655476838,1282.4035998667011,1291.0398430045618
2017-04-07,2017-03-31,1254.300048828125,1246.9834281170292,1197.7536232626658,1209.2987984845972,1228.679052516435,1246.9834281170292,1265.8242343204251,1284.076616126909,1292.560589071757
2017-04-10,2017-04-03,1251.0999755859375,1251.2804963994624,1202.764647696897,1214.2054887425666,1232.7842108301425,1251.2804963994624,1268.031276382435,1285.8226435348295,1294.8513933102524
2017-04-11,2017-04-04,1271.199951171875,1254.5985192314631,1209.5302210413863,1220.293512327241,1237.2607081026458,1254.5985192314631,1273.5154636183602,1289.3399120280073,1299.0539259868647
2017-04-12,2017-04-05,1275.300048828125,1245.6170066168625,1197.2012718471,1209.7860925173234,1228.3964467393023,1245.6170066168625,1266.2098146031935,1280.949682426206,1290.3597036592282
2017-04-13,2017-04-06,1285.9000244140625,1249.4137957611456,1202.0659601399307,1212.5655876226217,1231.9913961025504,1249.4137957611456,1269.261976241265,1286.279710662347,1295.0950927250244
2017-04-17,2017-04-07,1289.4000244140625,1255.3996010697174,1206.5869814227594,1217.226120320303,1235.4974428476976,1255.3996010697174,1271.3257192958338,1290.1229512886619,1299.033942284991
2017-04-18,2017-04-10,1291.699951171875,1251.0059134212463,1204.7392671748767,1216.4475579845525,1232.8743833282156,1251.0059134212463,1271.1289181862774,1287.221335557515,1296.7050361756646
2017-04-19,2017-04-11,1281.4000244140625,1269.8982847597117,1227.2575763526588,1234.775802371753,1253.4434076116866,1269.8982847597117,1287.734017532367,1303.5551179937734,1313.4730259055925
2017-04-20,2017-04-12,1281.9000244140625,1277.2152465003498,1231.9985617594766,1240.7263257444954,1255.553227805651,1277.2152465003498,1293.103748239557,1311.2318266350514,1321.19359162053
2017-04-21,2017-04-13,1287.4000244140625,1284.690224940802,1244.5571675738306,1251.8636355473213,1266.51113206787,1284.690224940802,1306.2411568987739,1321.3572859994133,1331.8699525936474
2017-04-24,2017-04-17,1275.800048828125,1290.5239372430426,1244.1090110615924,1252.2873449501492,1269.9847086760901,1290.5239372430426,1308.7626737133514,1325.8402854827448,1335.6691741936563
2017-04-25,2017-04-18,1265.5999755859375,1292.1873266975172,1246.0210036480146,1254.7849150153788,1270.2808939280076,1292.1873266975172,1312.34458995273,1331.4904773186854,1340.82485500777
2017-04-26,2017-04-19,1262.0999755859375,1282.2829876252085,1231.1389597437606,1243.212170431294,1262.1532372030115,1282.2829876252085,1303.0100865233321,1320.5385478334206,1329.571799250239
2017-04-27,2017-04-20,1263.699951171875,1281.5262882734994,1230.9353872742608,1242.4892723513904,1262.2932840107287,1281.5262882734994,1301.8710997264564,1320.7184153429012,1329.3150076006118
2017-04-28,2017-04-21,1266.0999755859375,1288.0864205657601,1237.5603003244878,1248.826740982056,1268.291608561479,1288.0864205657601,1304.6861968111157,1324.0500887576486,1333.0466170201794
2017-05-01,2017-04-24,1253.300048828125,1276.2562968934521,1225.999914081337,1239.9670055764786,1257.6394726029657,1276.2562968934521,1296.9593213888074,1313.416983620105,1322.86946547037
2017-05-02,2017-04-25,1255.0999755859375,1264.4321679139614,1212.9577846483758,1227.276970736687,1249.0066382622042,1264.4321679139614,1287.4224687543954,1302.1365524819535,1311.1337948664711
2017-05-03,2017-04-26,1246.4000244140625,1262.3736691658785,1208.1264170660068,1221.8473429740843,1244.0749415459354,1262.3736691658785,1280.596429263095,1299.4762500934216,1307.5998841372532
2017-05-04,2017-04-27,1226.5,1263.7448370816587,1213.122165737702,1226.264948443514,1245.444673444384,1263.7448370816587,1281.3276409985285,1299.9590518297337,1308.72880094744
2017-05-05,2017-04-28,1224.800048828125,1265.53971531837,1218.0790492954652,1230.5526153335659,1249.5241496388246,1265.53971531837,1284.3145488696814,1299.5415917841121,1309.3128917655977
2017-05-08,2017-05-01,1225.300048828125,1253.6279113939875,1203.361139913287,1217.708683840665,1236.911616134355,1253.6279113939875,1274.5204214531736,1288.947084538344,1298.5061984076406
2017-05-09,2017-05-02,1214.300048828125,1253.9725735818652,1204.8500589441128,1216.6323038542478,1237.6046814640215,1253.9725735818652,1274.2725943089745,1290.4773624767633,1299.6787745753277
2017-05-10,2017-05-03,1217.300048828125,1247.3054394502703,1194.520612894413,1208.2993956340758,1228.127355803137,1247.3054394502703,1265.0484943175313,1283.1206893944977,1291.998603986525
2017-05-11,2017-05-04,1222.699951171875,1225.693399656584,1173.3908310462953,1189.067644451582,1209.5028463028339,1225.693399656584,1248.7685926154966,1264.166490748823,1272.7944417312724
2017-05-12,2017-05-05,1226.199951171875,1223.5223899586754,1170.790893396389,1184.716834184177,1208.7250386892615,1223.5223899586754,1242.8663317010783,1258.7416766176323,1267.2291428605358
2017-05-15,2017-05-08,1228.5999755859375,1225.6144394678265,1174.1276087542415,1188.0857855988095,1208.016117110093,1225.6144394678265,1241.3200530341196,1259.7799827908188,1268.5364628822801
2017-05-16,2017-05-09,1235.0,1214.00555532397,1165.2800387090067,1180.7492067404037,1199.3232252655403,1214.00555532397,1234.322946143715,1248.1847789430499,1257.4991780242253
2017-05-17,2017-05-10,1257.5,1216.2618551788664,1168.7766414061366,1181.4305365854416,1202.5822667848863,1216.2618551788664,1235.4321816664947,1248.9312566774524,1258.2561227955146
2017-05-18,2017-05-11,1251.699951171875,1223.3280472063802,1175.6952021743095,1187.2200596771745,1205.3956686717706,1223.3280472063802,1238.8133800623832,1256.1834309769647,1265.4284856541822
2017-05-19,2017-05-12,1252.699951171875,1226.18467532545,1182.3311247000333,1193.651359015516,1209.4804205199457,1226.18467532545,1244.4407167163558,1259.8624219625767,1269.6744931397411
2017-05-22,2017-05-15,1260.699951171875,1228.8243366436923,1184.2001434784493,1194.998502250252,1212.3751440096935,1228.8243366436923,1247.334931265375,1261.5293716755225,1271.3828254174935
2017-05-23,2017-05-16,1254.800048828125,1235.2031959702813,1190.66882662009,1200.0210831377153,1216.74368158603,1235.2031959702813,1252.9407573644703,1269.6858408554033,1279.2818255177267
2017-05-24,2017-05-17,1252.4000244140625,1257.7367623847053,1217.0115490556288,1223.9482348744957,1238.8097128932736,1257.7367623847053,1272.8468988846723,1290.6477579618097,1300.9329813795098
2017-05-25,2017-05-18,1255.800048828125,1253.6942265374223,1209.6211471283223,1220.136482552669,1233.3036875523642,1253.6942265374223,1271.9464386098712,1287.7817658975825,1298.066327448313
2017-05-26,2017-05-19,1267.5999755859375,1251.6389475233113,1208.3763580449017,1217.1926505312522,1234.363411512672,1251.6389475233113,1274.353731900725,1289.0330578219764,1298.8519293505512
2017-05-30,2017-05-22,1262.0999755859375,1261.666010186427,1213.2643005605435,1221.7694080133197,1240.3880662382169,1261.666010186427,1277.5522610113933,1297.1217082380822,1306.3482922470894
2017-05-31,2017-05-23,1272.0,1255.4339317208078,1207.8996471357157,1219.1769122797211,1234.4605143155304,1255.4339317208078,1274.7455278991454,1293.8652147263415,1303.179187776603
2017-06-01,2017-05-24,1267.0,1251.733650673245,1204.1750405400162,1215.9576507333136,1235.3077839886835,1251.733650673245,1272.807105087205,1287.7124230184452,1297.2578597262925
2017-06-02,2017-05-25,1276.800048828125,1256.0596832980646,1206.7146563390363,1217.7443376348228,1237.222865117003,1256.0596832980646,1273.4644926775522,1291.4423770309545,1300.678186717108
2017-06-05,2017-05-26,1279.300048828125,1267.6225711898185,1222.4471441063033,1232.5112397213368,1248.9841812259679,1267.6225711898185,1284.4070992670383,1302.5958350975964,1312.4916781634356
2017-06-06,2017-05-30,1294.4000244140625,1263.0891193988268,1216.3093560158102,1228.674918925806,1245.0506078153485,1263.0891193988268,1282.2841322550073,1297.2648956103653,1307.390824799863
2017-06-07,2017-05-31,1290.0999755859375,1271.062270317036,1226.7459084306918,1236.0423030405368,1253.843183459272,1271.062270317036,1291.1136361914491,1306.9661391611696,1316.6629773340424
2017-06-08,2017-06-01,1276.300048828125,1268.5363309599875,1218.7416690195596,1230.0450632538277,1247.683931313393,1268.5363309599875,1286.0864987449495,1303.9441513825084,1313.792844457852
2017-06-09,2017-06-02,1268.5,1275.69543670257,1231.2576679752274,1240.6763980927628,1257.1330300062223,1275.69543670257,1295.7905508161002,1313.5200327160173,1323.140741462616
2017-06-12,2017-06-05,1266.0999755859375,1280.5705216103065,1232.366180525726,1243.3327709289554,1261.0064910441326,1280.5705216103065,1297.3715548398404,1314.2432152939743,1324.405330544026
2017-06-13,2017-06-06,1265.800048828125,1293.8479919994757,1251.3247500744603,1259.841584695453,1274.640791161138,1293.8479919994757,1312.641353518107,1330.3360812274684,1340.5363197069557
2017-06-14,2017-06-07,1272.800048828125,1291.7531555866544,1244.0687352143718,1255.2438918913851,1271.5246477926437,1291.7531555866544,1310.3410912760287,1326.3434327482507,1336.7565575845647
2017-06-15,2017-06-08,1252.199951171875,1275.8907171298788,1226.4406962668231,1238.363189409184,1256.5080138627382,1275.8907171298788,1299.8249206361047,1316.379571430366,1325.6485105223314
2017-06-16,2017-06-09,1254.0,1268.112931393424,1213.8424938478258,1226.2407464313192,1249.3643137990157,1268.112931393424,1288.5984698394122,1306.8305530025211,1315.6200107643792
2017-06-19,2017-06-12,1244.199951171875,1265.764414757951,1212.6299220013593,1225.7223550878368,1246.14059507591,1265.764414757951,1284.03921563414,1304.1540206692368,1313.1127235830375
2017-06-20,2017-06-13,1241.0,1265.34177657412,1215.38378825261,1229.4424845798121,1248.4886562649795,1265.34177657412,1284.0267959812031,1300.4806728969454,1309.939666606038
2017-06-21,2017-06-14,1243.4000244140625,1272.3834672600985,1225.3084736389128,1237.8279721254955,1256.3536388580533,1272.3834672600985,1290.5288930739353,1305.617990980929,1315.4800446839586
2017-06-22,2017-06-15,1247.5999755859375,1253.1379718382827,1201.3710295193932,1216.5057942704175,1234.9443876674895,1253.1379718382827,1274.357501038445,1289.0413250505103,1298.5181830321492
2017-06-23,2017-06-16,1256.199951171875,1251.9587020793513,1202.8158423840832,1214.5879734799971,1236.3270506215497,1251.9587020793513,1273.8121318801914,1289.9183288395948,1298.6322897903524
2017-06-26,2017-06-19,1246.300048828125,1245.3862552909723,1190.6948650789252,1204.841217291535,1225.893586484651,1245.3862552909723,1262.002117345569,1280.385650258071,1289.5243950179554
2017-06-27,2017-06-20,1246.4000244140625,1239.4902763372638,1191.1019064400293,1204.733089536607,1222.9927415834923,1239.4902763372638,1260.6836033373154,1277.2251446921405,1286.1144312129477
2017-06-28,2017-06-21,1248.0,1243.3555987893822,1193.58035638936,1206.8524610494749,1227.8426621276012,1243.3555987893822,1260.5475933573694,1275.3795443683882,1284.7898071988184
2017-06-29,2017-06-22,1244.199951171875,1247.4765276829612,1201.044540955228,1212.9276591619027,1229.65624875454,1247.4765276829612,1265.3011733229828,1282.0499116560122,1291.6490123917201
2017-06-30,2017-06-23,1240.699951171875,1256.1678376403054,1211.816184346819,1222.6633723420446,1239.3276611761444,1256.1678376403054,1273.9467366469528,1288.9754353348615,1298.9448927610242
2017-07-03,2017-06-26,1217.9000244140625,1247.1989630310845,1199.4371581720757,1211.7394532334954,1228.43979104124,1247.1989630310845,1267.1418161957201,1282.3645401776007,1292.0605927133165
2017-07-05,2017-06-27,1220.4000244140625,1245.4334084599527,1198.0878525811906,1208.754439345808,1227.9889706771842,1245.4334084599527,1266.4232983958739,1282.7935350871585,1291.8521000612488
2017-07-06,2017-06-28,1222.199951171875,1248.5608768080601,1198.6706914656402,1209.8458105569728,1229.0925518649806,1248.5608768080601,1265.309707658002,1283.7565329354857,1293.1105992278478
2017-07-07,2017-06-29,1208.5999755859375,1244.018841077945,1196.433575489882,1208.8272802898955,1225.440617714004,1244.018841077945,1263.266419857129,1280.4340308971348,1289.4124185787168
2017-07-10,2017-06-30,1212.0999755859375,1240.2403367727202,1191.8690507784743,1204.5328553030542,1223.9681522500812,1240.2403367727202,1260.126773989472,1274.9129529623701,1284.0002664679898
2017-07-11,2017-07-03,1213.5999755859375,1218.179515265148,1164.5847225932328,1179.6277280802246,1200.1699264969725,1218.179515265148,1239.5792071467295,1255.7417362918009,1264.131870953065
2017-07-12,2017-07-05,1218.0999755859375,1218.2781351447506,1168.0658773941902,1180.5072661643555,1202.8741969217606,1218.2781351447506,1238.0171370608332,1255.1935918142776,1263.2217616198654
2017-07-13,2017-07-06,1216.300048828125,1222.6517093165935,1172.0008932366486,1185.5129947972587,1205.0468088624316,1222.6517093165935,1237.0183274855794,1255.4470162127145,1263.6099544418328
2017-07-14,2017-07-07,1226.5999755859375,1208.1091075514541,1160.57118223106,1175.7629364149018,1192.114879650721,1208.1091075514541,1229.0687676298528,1243.4315713185824,1251.803803913085
2017-07-17,2017-07-10,1232.800048828125,1210.6436425615543,1163.4580777856788,1175.7662836814116,1197.3535247450363,1210.6436425615543,1230.137689791928,1243.2367859081096,1251.9604103937768
2017-07-18,2017-07-11,1241.0999755859375,1214.1431326627226,1165.735760045105,1177.5113164940121,1195.6724754587917,1214.1431326627226,1229.5706622826324,1247.5954298622446,1256.2206872836625
2017-07-19,2017-07-12,1241.199951171875,1217.456115981577,1173.938531911525,1185.2893213188177,1200.6797082139035,1217.456115981577,1235.7777433915057,1251.341110994289,1260.3336527880322
2017-07-20,2017-07-13,1244.800048828125,1216.5929914106432,1170.8012830460734,1182.5688600058425,1200.2195408381183,1216.5929914106432,1234.974639955004,1248.8526593330064,1258.1765076025945
2017-07-21,2017-07-14,1254.300048828125,1226.0370724286556,1182.6579250647806,1191.7830479592842,1208.466150627939,1226.0370724286556,1243.726986689747,1259.9730985697129,1269.4066744360741
2017-07-24,2017-07-17,1253.9000244140625,1233.609836982269,1189.3992861534978,1199.1081861842565,1214.6079217254917,1233.609836982269,1249.7328056292392,1266.3231721468358,1275.9875661779029
2017-07-25,2017-07-18,1251.699951171875,1241.0129750507588,1199.4429505367502,1208.3680866750933,1222.6574406913237,1241.0129750507588,1259.4208184617798,1274.933430807689,1284.90406627075
2017-07-26,2017-07-19,1249.0,1241.965960702059,1197.1070732278915,1206.8725329024933,1223.1222499421424,1241.965960702059,1260.515089417217,1275.7467777174709,1285.774935554364
2017-07-27,2017-07-20,1259.5999755859375,1244.6753094188423,1199.846668484774,1208.884475323558,1225.3895978403316,1244.6753094188423,1263.8746440603954,1280.7043371322875,1290.4873872386663
2017-07-28,2017-07-21,1268.4000244140625,1254.5736506986914,1209.5102847804653,1218.3867264450996,1235.180963322879,1254.5736506986914,1271.3603690617153,1288.911758397648,1298.7094108572833
2017-07-31,2017-07-24,1266.5999755859375,1254.5564649582047,1209.1529309006132,1219.5855118472132,1234.6852467033098,1254.5564649582047,1272.9703536030433,1289.8524523031338,1299.6387697447562
2017-08-01,2017-07-25,1272.5999755859375,1251.4860054570008,1205.2313740463242,1216.0189743305696,1233.4984817942864,1251.4860054570008,1272.0696135267826,1287.297411253497,1297.014061872025
2017-08-02,2017-07-26,1271.800048828125,1249.1111776112984,1199.9850887922198,1211.0371462809762,1230.247968871905,1249.1111776112984,1268.1618152352396,1285.2684761233838,1294.6068535106242
2017-08-03,2017-07-27,1267.800048828125,1259.088360566056,1212.9106773283493,1222.7337673058419,1240.3191654874752,1259.088360566056,1276.2325939836328,1294.5928717201257,1303.9047413519859
2017-08-04,2017-07-28,1258.300048828125,1268.9480021775066,1224.213800322128,1234.6524661772253,1250.1275696862672,1268.9480021775066,1285.2178393456365,1302.0537242181374,1311.8438635766443
2017-08-07,2017-07-31,1258.199951171875,1266.4870840316053,1222.3103034435399,1233.6617884539835,1247.6916471363136,1266.4870840316053,1286.6337353958909,1300.9252609310008,1310.141364039867
2017-08-08,2017-08-01,1256.4000244140625,1271.710879548158,1226.6307488698374,1235.891001426831,1253.1901019968675,1271.710879548158,1291.4323476228014,1306.6007495421318,1316.0816559302807
2017-08-09,2017-08-02,1273.0,1272.1797658784521,1224.173796314135,1234.5629838327332,1250.6814694368004,1272.1797658784521,1290.288221460157,1307.7491253185137,1316.5077482226359
2017-08-10,2017-08-03,1283.699951171875,1267.294716085847,1219.600978940775,1231.2524527946139,1247.3215846115563,1267.294716085847,1287.7494872667805,1304.1775166965422,1312.8214227101926
2017-08-11,2017-08-04,1287.699951171875,1258.0411443950316,1206.873931008643,1220.2013203794918,1239.6463990622801,1258.0411443950316,1278.609755331939,1294.7883503069463,1302.8331597525448
2017-08-14,2017-08-07,1284.199951171875,1257.0144502806647,1207.0186331348964,1219.0447854229637,1238.542321684428,1257.0144502806647,1276.3296549787551,1293.8893874422624,1302.1842363706382
2017-08-15,2017-08-08,1273.699951171875,1255.9593388496187,1206.1500483913098,1219.352025728303,1238.0561216715073,1255.9593388496187,1274.0486414516013,1291.0845937138158,1299.310794437482
2017-08-16,2017-08-09,1276.9000244140625,1271.1356968249702,1227.9093976596914,1237.7157784481722,1254.5852705916168,1271.1356968249702,1288.5871313912687,1304.4897721763207,1314.230664153148
2017-08-17,2017-08-10,1286.4000244140625,1283.8413380108007,1241.0470690541902,1251.146579649887,1265.6877832550717,1283.8413380108007,1300.1860111874864,1315.1488257469157,1325.0228295139382
2017-08-18,2017-08-11,1285.699951171875,1287.3887976242822,1245.7118631191063,1255.3337161421214,1267.8368613614275,1287.3887976242822,1307.649859438749,1321.6655991105813,1331.6234603042644
2017-08-21,2017-08-14,1290.800048828125,1284.380890074859,1237.3741976980937,1247.6223045473134,1264.3148198112629,1284.380890074859,1305.135290051765,1320.1120252673718,1329.3126432604859
2017-08-22,2017-08-15,1285.0999755859375,1273.8122536389674,1222.5725476900893,1234.133671773563,1251.6139562040037,1273.8122536389674,1294.7922595693292,1312.6004804806953,1320.756223879212
2017-08-23,2017-08-16,1288.9000244140625,1275.664523723795,1225.5630212069316,1236.3738209335438,1255.9820779748463,1275.664523723795,1294.7708999841532,1313.1285026714245,1321.728789652764
2017-08-24,2017-08-17,1286.5,1285.7637695643068,1238.2373016796616,1249.1318277811295,1266.6567639332302,1285.7637695643068,1302.160114931412,1320.1369159204096,1329.2481420650706
2017-08-25,2017-08-18,1292.5,1285.472132452352,1239.682872032284,1252.3620770237467,1267.164483871898,1285.472132452352,1304.8409931808933,1320.0042032726615,1329.1502358440043
2017-08-28,2017-08-21,1309.699951171875,1289.688649308193,1244.4183675087454,1255.1375925083532,1272.6165375304727,1289.688649308193,1310.1358843091994,1324.4845366466059,1334.114291159199
2017-08-29,2017-08-22,1313.0999755859375,1285.536249655545,1235.792694661666,1247.6563474865025,1264.998566235673,1285.536249655545,1304.9339595442987,1321.6617398576084,1330.2944542148
2017-08-30,2017-08-23,1308.0999755859375,1287.6841901471466,1240.2570684192751,1250.6940339448483,1267.8812131205018,1287.6841901471466,1307.7119852552366,1324.8442359644582,1333.9615613534538
2017-08-31,2017-08-24,1316.199951171875,1286.5869470776006,1236.5920794371461,1248.9463011107375,1267.2451568655633,1286.5869470776006,1305.1811513028676,1322.114553676807,1330.7613833960002
2017-09-01,2017-08-25,1324.5,1291.251727712611,1244.844797303856,1255.6289870793685,1272.2845042527767,1291.251727712611,1310.7418383120225,1327.41642077708,1336.7297419582183
2017-09-05,2017-08-28,1339.199951171875,1308.8474515167327,1264.6844999223908,1273.5606159600015,1290.526497953148,1308.8474515167327,1325.4857373881623,1341.780886380012,1351.9597376198058
2017-09-06,2017-08-29,1333.9000244140625,1314.15122147206,1270.9817452569646,1280.2237824573804,1295.206815725236,1314.15122147206,1332.1785604313618,1347.8716191676651,1356.5880856117078
2017-09-07,2017-08-30,1345.0999755859375,1308.3076184280924,1263.1326116327573,1273.0766847895134,1290.2459091422365,1308.3076184280924,1330.328656024482,1344.5513544800256,1353.6912762341894
2017-09-08,2017-08-31,1346.0,1316.079103199536,1269.5835392232875,1279.5310767140368,1295.852903705385,1316.079103199536,1334.05314943742,1351.3607858517028,1361.1436013365014
2017-09-11,2017-09-01,1331.0,1324.7338485054913,1278.7096567736776,1288.5914801323297,1303.2412364082913,1324.7338485054913,1340.5422813939535,1359.656163011654,1368.8701203506362
2017-09-12,2017-09-05,1328.0,1339.308065563071,1297.3880830798453,1306.3689208448886,1321.158935208912,1339.308065563071,1356.9596791772665,1372.7161898308862,1382.3860910579833
2017-09-13,2017-09-06,1323.4000244140625,1335.4344073011055,1288.555904322721,1298.9562378254304,1316.2225332083592,1335.4344073011055,1355.6462513457745,1370.6915333377804,1379.439994592478
2017-09-14,2017-09-07,1324.699951171875,1344.2912777100046,1300.918334405962,1309.57849832936,1325.047965367593,1344.2912777100046,1364.2282965134073,1380.534919634921,1390.7020193587766
2017-09-15,2017-09-08,1320.4000244140625,1347.2915395803072,1298.216039677995,1308.8486643452966,1325.2038975410226,1347.2915395803072,1364.271436818939,1382.8797663683986,1391.8761566760495
2017-09-18,2017-09-11,1306.300048828125,1330.0932075847059,1280.1381333928912,1292.0011030006397,1309.7661677494034,1330.0932075847059,1352.9956098243356,1370.2822180223209,1379.3981254668859
2017-09-19,2017-09-12,1306.199951171875,1327.2171238631731,1273.7082923180424,1287.7256487152304,1308.2407943589815,1327.2171238631731,1347.692644262822,1364.48777758831,1374.659760987439
2017-09-20,2017-09-13,1312.0,1322.987504287225,1267.996856113808,1282.574511206723,1301.497270831236,1322.987504287225,1340.1066093693614,1360.1560853828921,1369.602813671992
2017-09-21,2017-09-14,1290.5999755859375,1323.6089898331293,1272.5056748833717,1286.7095964048513,1305.690122701676,1323.6089898331293,1342.4068566902317,1359.4862806131243,1369.3920343858022
2017-09-22,2017-09-15,1293.300048828125,1320.8715722418983,1267.8867398763218,1282.7669551750423,1303.402327793031,1320.8715722418983,1339.914405422604,1355.443500648324,1364.8972372887165
2017-09-25,2017-09-18,1306.800048828125,1305.747297799706,1251.993099458737,1266.7707545575788,1287.2976268948928,1305.747297799706,1327.2289635623647,1343.5220284895831,1352.828104147827
2017-09-26,2017-09-19,1297.0,1305.1567692822255,1251.9921122498545,1266.694177857697,1286.948694125147,1305.1567692822255,1324.138145522347,1341.1207313472958,1351.2279747678444
2017-09-27,2017-09-20,1283.4000244140625,1311.915105941156,1260.346480454912,1274.3115068118577,1292.6124339632245,1311.915105941156,1327.4870708819344,1345.815330086651,1355.423873288746
2017-09-28,2017-09-21,1285.5,1290.6189483569974,1236.6520586857978,1251.9935489789243,1272.5999834106024,1290.6189483569974,1312.302654703911,1328.0541560524084,1336.6446749539548
2017-09-29,2017-09-22,1281.5,1291.6906518034793,1240.6551085404258,1255.0475687119965,1275.8906540264848,1291.6906518034793,1312.408233877019,1327.0568975914362,1337.5947288320083
2017-10-02,2017-09-25,1272.699951171875,1307.538027077229,1256.7711256302314,1270.0104718452824,1287.4450968210585,1307.538027077229,1320.2581022292757,1339.2546589477274,1348.8117799366828
2017-10-03,2017-09-26,1271.5,1296.9757941009289,1248.9366372383301,1261.5376187405393,1278.8080652222802,1296.9757941009289,1316.8452922212891,1332.9356092106368,1341.4954964241037
2017-10-04,2017-09-27,1273.699951171875,1283.0518928652066,1231.4800165137071,1245.7626000854966,1267.4995877583954,1283.0518928652066,1306.729354964773,1319.4154544282046,1328.9306078939078
2017-10-05,2017-09-28,1269.9000244140625,1285.1321214483648,1233.1913630254905,1246.3141448680508,1265.037633817447,1285.1321214483648,1302.353859010766,1318.4126622425874,1330.127378329708
2017-10-06,2017-09-29,1271.5999755859375,1281.0640384743924,1230.9123969286463,1244.200659304216,1261.7596146382004,1281.0640384743924,1297.5214911141395,1314.9460057116898,1325.6943353133174
2017-10-09,2017-10-02,1281.800048828125,1271.6606392013578,1222.0879262159247,1237.1167291140068,1256.1273454730135,1271.6606392013578,1291.7398288351449,1306.5060760462748,1316.7034499381487
2017-10-10,2017-10-03,1290.5999755859375,1271.1105225837541,1220.5167864404941,1234.9980219397544,1254.3744629118028,1271.1105225837541,1289.3298221129103,1303.872224496578,1314.763789697103
2017-10-11,2017-10-04,1285.800048828125,1273.3995949167308,1224.9783581426152,1237.7691909314426,1255.3891781064626,1273.3995949167308,1289.8521504752082,1305.7265200215213,1316.5972404826152
2017-10-12,2017-10-05,1293.300048828125,1269.5995790267752,1221.981953357601,1235.1642780457887,1252.7960903904454,1269.5995790267752,1287.9506768602957,1303.106979533383,1313.0705267287165
2017-10-13,2017-10-06,1301.5,1271.2128476740418,1224.2706127807528,1236.8866441199107,1254.5998354018238,1271.2128476740418,1289.7255225183803,1304.0074671877796,1314.4375111715879
2017-10-16,2017-10-09,1299.9000244140625,1282.0299886827393,1236.9165154620187,1247.6248539913158,1264.0151017299659,1282.0299886827393,1298.0604072269493,1313.0486331655527,1323.7482439755408
2017-10-17,2017-10-10,1283.0,1291.0406101965546,1248.610764896377,1258.0815917465798,1273.135272518466,1291.0406101965546,1307.7953854077975,1322.8237737365828,1332.6747119532165
2017-10-18,2017-10-11,1279.9000244140625,1286.421494203551,1241.6684391019216,1252.276630594629,1268.1905508959055,1286.421494203551,1306.6249247393207,1321.1940238709574,1329.9072229689023
2017-10-19,2017-10-12,1286.9000244140625,1293.1062354361788,1248.6962689665409,1258.272762782174,1274.1179139752235,1293.1062354361788,1312.2058203410727,1326.6710100250768,1337.180701512109
2017-10-20,2017-10-13,1277.4000244140625,1302.4179349850613,1257.2842249678013,1266.3860113026644,1281.585346317851,1302.4179349850613,1318.44059017838,1334.6716292825372,1344.8917344217346
2017-10-23,2017-10-16,1277.699951171875,1299.8858347438431,1255.7137776331724,1265.7160896772252,1280.9441398031113,1299.8858347438431,1319.3928862149232,1335.0547661336918,1344.4502733443298
2017-10-24,2017-10-17,1275.0,1283.1696616023485,1232.467717481644,1245.7940383150587,1263.9578621591115,1283.1696616023485,1305.3711820063609,1320.5421781814362,1329.5095473524414
2017-10-25,2017-10-18,1275.4000244140625,1278.705501276057,1227.4495769087553,1240.5750558344657,1258.971002183605,1278.705501276057,1298.1658531889946,1314.1139856014192,1325.5961886647744
2017-10-26,2017-10-19,1266.300048828125,1286.6052894303784,1236.9411344245864,1249.648847816551,1267.4277808652996,1286.6052894303784,1301.2989458782624,1318.106052503787,1329.8421442738775
2017-10-27,2017-10-20,1268.5,1277.0720950836135,1228.4181672277214,1242.483033518519,1260.3677353859453,1277.0720950836135,1295.753643660877,1311.6158244069848,1321.209839234784
2017-10-30,2017-10-23,1274.0999755859375,1276.7743755071344,1228.976888020857,1242.7662642232842,1261.5307893227541,1276.7743755071344,1296.757357810087,1310.2399299362878,1320.9210999894133
2017-10-31,2017-10-24,1267.0,1275.5936280280034,1225.162342863272,1238.236839775947,1256.39289294404,1275.5936280280034,1292.5566225875168,1308.3909405071404,1318.6456088813216
2017-11-01,2017-10-25,1274.0999755859375,1274.3690574633542,1227.8808401150147,1239.9767440372445,1256.79543828943,1274.3690574633542,1292.7238103688285,1308.350106582348,1319.0278387383405
2017-11-02,2017-10-26,1274.9000244140625,1266.5254741863941,1216.221829277912,1230.3147147980067,1248.9349879652914,1266.5254741863941,1285.4516492140358,1300.5526990170852,1310.2089481498938
2017-11-03,2017-10-27,1266.5,1267.1943562721672,1219.8298200164095,1232.8010768885692,1250.0242380563157,1267.1943562721672,1285.4400041068927,1300.4473026624514,1310.0604763990873
2017-11-06,2017-10-30,1279.4000244140625,1274.2388749384484,1227.0261880183073,1239.2084553067384,1255.9257870292709,1274.2388749384484,1290.0272379593057,1305.0250090843483,1315.1210712339657
2017-11-07,2017-10-31,1273.699951171875,1266.6227561499265,1220.0625709521496,1232.800012519303,1249.3475323814423,1266.6227561499265,1285.7466958317627,1301.0585609572997,1310.5039669887017
2017-11-08,2017-11-01,1281.5999755859375,1273.1037607626672,1228.0267232991453,1240.064678904197,1257.044377894987,1273.1037607626672,1292.2232180133124,1305.4489393051715,1315.8905370825757
2017-11-09,2017-11-02,1285.5999755859375,1275.5232408123536,1228.4807025139614,1239.8745627542617,1255.7817918162796,1275.5232408123536,1292.0472707568229,1307.2757406909095,1317.0755935673606
2017-11-10,2017-11-03,1272.4000244140625,1265.5323402545077,1219.2296490260899,1231.7043109651995,1247.9473677900542,1265.5323402545077,1285.778726761073,1301.2783179259993,1310.3254549877242
2017-11-13,2017-11-06,1277.300048828125,1278.5933064993153,1233.4595847004762,1244.8886968477086,1261.5745281332402,1278.5933064993153,1296.158607331719,1309.5398389998797,1320.0833844387319
2017-11-14,2017-11-07,1281.5,1274.5961721631083,1226.8876696780485,1238.5324276168733,1254.1881570304256,1274.5961721631083,1291.1883309117125,1307.4132684628933,1316.740999749104
2017-11-15,2017-11-08,1276.5,1279.7400486562965,1237.650444128187,1248.5912250763172,1264.163321303575,1279.7400486562965,1299.725601881073,1313.873638573413,1323.5793338721792
2017-11-16,2017-11-09,1277.4000244140625,1286.746468200238,1239.9595600806006,1251.1779320414485,1267.5609042035862,1286.746468200238,1303.8004991339244,1317.4677213673394,1328.2220098964262
2017-11-17,2017-11-10,1295.800048828125,1271.6063008224075,1224.8928294984366,1236.9814624961143,1252.6220577606032,1271.6063008224075,1292.3227903834277,1308.6583164150325,1317.2228769901303
2017-11-20,2017-11-13,1274.5999755859375,1276.0745603063683,1228.715027796426,1241.3700114104881,1258.9120911372167,1276.0745603063683,1295.3642938794392,1309.0556413491759,1319.2854223185234
2017-11-21,2017-11-14,1281.0999755859375,1281.9581593426108,1233.9942433801082,1245.4631486725978,1261.331430859215,1281.9581593426108,1296.7754717241,1313.082531429603,1322.6042495473046
2017-11-22,2017-11-15,1291.5999755859375,1275.6250836301035,1230.0700630386173,1242.4555426090947,1258.6136834140902,1275.6250836301035,1295.004936220076,1310.6879602050626,1319.9347124179235
2017-11-24,2017-11-16,1286.699951171875,1276.8988969875659,1229.6529013093864,1242.6651782292956,1260.505065289834,1276.8988969875659,1296.6867557505745,1309.7887448868207,1320.4581821093716
2017-11-27,2017-11-17,1293.800048828125,1295.529512800773,1252.364555867263,1261.8053026633022,1276.5192410085674,1295.529512800773,1310.6409159128616,1325.5633437055408,1335.6167754822047
2017-11-28,2017-11-20,1294.699951171875,1275.5302265921966,1226.8351361498615,1239.7183066287794,1256.0051833799678,1275.5302265921966,1295.7335036377683,1311.8449167993153,1320.9979336723986
2017-11-29,2017-11-21,1282.0999755859375,1278.3340984529914,1233.7814052367635,1246.1422213896585,1263.402855378974,1278.3340984529914,1300.454165577245,1313.531782747284,1323.561340290123
2017-11-30,2017-11-22,1273.199951171875,1293.2149716788738,1244.1101755047916,1255.0646687358426,1271.221380672178,1293.2149716788738,1306.2343059512727,1321.592592991599,1332.0225146764465
2017-12-01,2017-11-24,1278.800048828125,1285.6063892310344,1242.335745663348,1253.2113026512802,1267.4929749163214,1285.6063892310344,1304.5435499948592,1321.8956459748983,1330.2182937151317
2017-12-04,2017-11-27,1274.300048828125,1293.2282137494328,1248.3526362678433,1260.5494333421843,1278.2292221638913,1293.2282137494328,1314.0760124634378,1325.680375256764,1337.1375931567281
2017-12-05,2017-11-28,1261.5999755859375,1295.4579175619642,1248.805431119718,1259.8916082803237,1275.5460143591297,1295.4579175619642,1312.8640998888557,1328.7099924181525,1337.792958943533
2017-12-06,2017-11-29,1262.800048828125,1281.6560641605527,1233.9475845206553,1246.6989815840684,1263.0727300184208,1281.6560641605527,1301.8710538853834,1318.0369727822863,1326.078403363158
2017-12-07,2017-11-30,1249.800048828125,1272.2654639643638,1220.9050620647968,1236.3283949663205,1255.6805165175033,1272.2654639643638,1292.4569207898157,1307.6952375135882,1317.1721294553768
2017-12-08,2017-12-01,1245.199951171875,1277.8090824373073,1228.4054029595868,1242.6749635295566,1259.6895475674703,1277.8090824373073,1293.0532621613331,1309.7729429014316,1318.7426793897594
2017-12-11,2017-12-04,1243.699951171875,1274.0402988082674,1225.4714218675533,1239.3494224069796,1256.5251075733304,1274.0402988082674,1290.4362257140378,1306.814919393802,1315.159029008097
2017-12-12,2017-12-05,1238.5,1260.5819874512536,1211.1859863349193,1226.4210122180507,1245.817080667118,1260.5819874512536,1281.4105307500479,1295.802121896961,1305.1459513485183
2017-12-13,2017-12-06,1245.4000244140625,1261.6726486000446,1212.0564462754767,1227.0830541547261,1245.9879464400356,1261.6726486000446,1279.7541485251675,1294.4539384190011,1304.522943725107
2017-12-14,2017-12-07,1253.800048828125,1249.8167525507945,1198.00353312792,1213.2041594234029,1231.2302351012631,1249.8167525507945,1266.3832359695602,1283.7048624870408,1291.1702442021356
2017-12-15,2017-12-08,1254.300048828125,1243.2113421163767,1194.5314784844334,1210.113352437856,1228.5953197597414,1243.2113421163767,1261.7316178120614,1276.7786360714304,1285.8482790658409
2017-12-18,2017-12-11,1262.199951171875,1243.274769492014,1192.8482821659043,1208.2862198665694,1227.5324085050404,1243.274769492014,1259.6995290178975,1274.7764958037474,1284.2911355058552
2017-12-19,2017-12-12,1260.699951171875,1237.5716288789943,1189.899158239894,1204.0917591397524,1221.2251689108175,1237.5716288789943,1254.4509142428274,1270.225807041773,1278.4798263159512
2017-12-20,2017-12-13,1266.0999755859375,1244.2364776667348,1199.0596148541727,1212.3932063329935,1229.9222414315122,1244.2364776667348,1261.5502094734125,1275.074022608893,1285.39850877646
2017-12-21,2017-12-14,1267.300048828125,1253.833794576487,1210.4524133964592,1221.5348334787955,1237.112952600051,1253.833794576487,1269.8199648857817,1284.0498895542062,1293.7532785701337
2017-12-22,2017-12-15,1275.4000244140625,1254.2045888488947,1212.1170955401735,1222.4632172964734,1237.563934927286,1254.2045888488947,1272.940508768786,1286.775133344022,1296.094333280927
2017-12-26,2017-12-18,1284.0999755859375,1261.8343963051996,1220.0855216893324,1230.201758378404,1245.6081328090472,1261.8343963051996,1281.010176359533,1293.932187720947,1304.4576843990685
2017-12-27,2017-12-19,1287.0,1261.3790181732495,1216.859339789376,1227.1966342799203,1242.1581090199516,1261.3790181732495,1279.4186271049837,1294.539691789324,1303.3214165291927
2017-12-28,2017-12-20,1294.0999755859375,1265.308914020176,1222.9787668515605,1233.3134356546188,1247.730969771283,1265.308914020176,1283.7806915083352,1298.2916869149274,1307.6307825858494
2017-12-29,2017-12-21,1306.300048828125,1267.7299492653,1222.4705729062089,1233.6040067448696,1249.4798713247546,1267.7299492653,1285.5748224240886,1300.328366250444,1309.7130930715764
2018-01-02,2017-12-22,1313.699951171875,1274.727503227235,1232.7395490607128,1242.8268095701571,1257.0245644407942,1274.727503227235,1292.4483770671834,1307.0762891560425,1316.5147832311234
2018-01-03,2017-12-26,1316.199951171875,1284.4210114532311,1241.91096212482,1251.6789379376323,1266.6349974042741,1284.4210114532311,1302.0646699239155,1316.0752558028062,1326.1737430697133
2018-01-04,2017-12-27,1319.4000244140625,1287.146089805075,1245.1524046686304,1254.5159835339452,1268.8131748883106,1287.146089805075,1306.1883009384064,1320.5734301151535,1329.9964167118378
2018-01-05,2017-12-28,1320.300048828125,1294.462678650559,1252.863839784776,1262.330385700098,1276.4014978407345,1294.462678650559,1314.1622110835845,1327.2157859741792,1337.2621691482927
2018-01-08,2017-12-29,1318.5999755859375,1307.044435117541,1265.816816028006,1273.8735286741899,1287.563999124153,1307.044435117541,1325.061863441235,1338.6946800786277,1348.3947652772174
2018-01-09,2018-01-02,1311.699951171875,1314.5637782592926,1274.0793800721294,1281.840949682567,1295.2131933372589,1314.5637782592926,1333.5463289753877,1347.4129048976708,1356.6511754955748
2018-01-10,2018-01-03,1317.4000244140625,1316.9704336083682,1275.1390733859273,1284.2568756785927,1298.2151857520985,1316.9704336083682,1337.9138939611194,1351.2892123396932,1360.985414827946
2018-01-11,2018-01-04,1320.5999755859375,1320.0751977505342,1276.123061202691,1285.9516584195658,1300.380933172439,1320.0751977505342,1340.2628474743701,1354.341942626913,1363.9138955827568
2018-01-12,2018-01-05,1333.4000244140625,1320.7402044442335,1275.3996984170392,1285.948823965578,1300.5773110060568,1320.7402044442335,1339.771167529338,1355.1393375926848,1364.029098622037
2018-01-16,2018-01-08,1335.4000244140625,1318.511703027709,1272.3779484724514,1284.4028320990994,1299.519883938013,1318.511703027709,1337.8258850497664,1353.3110650649546,1362.4359514262933
2018-01-17,2018-01-09,1338.0,1311.5198975928727,1262.9092759263644,1276.9806952663857,1292.932446723276,1311.5198975928727,1331.0035135429189,1346.809452680523,1356.0472247969722
2018-01-18,2018-01-10,1326.0,1316.3617982286062,1269.6239317393458,1282.84067746476,1298.5941182388751,1316.3617982286062,1334.210381943309,1349.5666435722746,1359.6009916616063
2018-01-19,2018-01-11,1331.9000244140625,1320.647812150819,1273.7445168472975,1286.4537303927852,1302.0703078407212,1320.647812150819,1337.5160651862582,1353.1353644439655,1362.8226893656035
2018-01-22,2018-01-12,1330.9000244140625,1332.610821880875,1291.118272597924,1301.4420221755436,1315.968132778215,1332.610821880875,1351.0566307021793,1364.8686725257726,1375.5204737858091
2018-01-23,2018-01-16,1335.699951171875,1336.6490874897943,1292.014516696131,1302.893475532128,1317.950604268924,1336.6490874897943,1356.3227856112564,1370.0130473187328,1380.4005908952581
2018-01-24,2018-01-17,1355.9000244140625,1337.9504351941332,1294.9991201691096,1305.0534614473559,1319.4290820648166,1337.9504351941332,1359.081678058427,1373.2499461485477,1382.9688083202
2018-01-25,2018-01-18,1362.4000244140625,1326.9910988303723,1276.9697652149,1290.6381800462127,1306.6799670823539,1326.9910988303723,1347.7666500512164,1363.5090622152663,1372.5383710133356
2018-01-26,2018-01-19,1351.5999755859375,1330.4125544003768,1283.9470939178639,1296.4683865032039,1311.8962037986544,1330.4125544003768,1349.0941843742003,1365.0099096787942,1374.5578078439094
2018-01-30,2018-01-22,1335.4000244140625,1331.362889357369,1281.4196991344347,1295.3060192198118,1311.6145388430855,1331.362889357369,1347.9774466913086,1364.4554214227178,1373.9012702535892
2018-01-31,2018-01-23,1339.0,1334.2682128965039,1290.3133667346451,1302.5564304096201,1317.6360527175402,1334.2682128965039,1353.1777375756255,1368.4374195093824,1378.3229792783343
2018-02-01,2018-01-24,1344.300048828125,1356.1259768616649,1313.120531777623,1323.4552902752223,1338.7604825032258,1356.1259768616649,1373.8877743655476,1386.5123477569011,1398.7172641592392
2018-02-02,2018-01-25,1333.699951171875,1363.7690383977167,1322.060707005502,1329.953958729399,1343.7419530203094,1363.7690383977167,1382.840120549901,1397.261496314531,1406.7539380617413
2018-02-05,2018-01-26,1333.0,1352.282688518499,1307.48618192819,1318.8367684437242,1333.697704676046,1352.282688518499,1376.4950579149763,1390.5482541729193,1400.121330470707
2018-02-06,2018-01-30,1326.0999755859375,1335.6960284224044,1282.9711276803955,1298.463880388615,1315.3389231848944,1335.6960284224044,1358.3597488842054,1374.4097437856763,1383.6277994103468
2018-02-07,2018-01-31,1311.5999755859375,1337.5816952741027,1285.302156930594,1300.5934975061978,1317.1339257010166,1337.5816952741027,1354.377689771025,1372.055820597831,1380.3030735635516
2018-02-08,2018-02-01,1316.9000244140625,1343.4800410370558,1294.4326511974393,1308.3550430603539,1324.7737742758059,1343.4800410370558,1358.1860112638178,1375.6779143015854,1385.0675277220773
2018-02-09,2018-02-02,1313.0999755859375,1332.8274418370522,1285.0094504987862,1300.477704404362,1317.178494310132,1332.8274418370522,1352.9843796811083,1368.0690573414045,1378.462782524647
2018-02-12,2018-02-05,1324.199951171875,1331.9520949501416,1283.002198257666,1299.056123810186,1316.4567887149624,1331.9520949501416,1352.6889691278573,1366.148334652441,1378.0975672436841
2018-02-13,2018-02-06,1328.0999755859375,1326.2408034145324,1273.8993450231803,1289.5417683189019,1306.4923038880645,1326.2408034145324,1344.0094815602488,1360.671087439711,1370.004969133727
2018-02-14,2018-02-07,1355.5,1310.07886919517,1258.837388996173,1275.890841679286,1292.7552457401548,1310.07886919517,1329.720856859819,1346.5128311845651,1355.0760797728162
2018-02-15,2018-02-08,1352.0999755859375,1315.1162551507273,1265.225470463511,1281.8302547165342,1299.5592249302201,1315.1162551507273,1332.4210098243927,1347.4118780327517,1358.9178956879987
2018-02-16,2018-02-09,1353.199951171875,1312.8823132636596,1262.7255328352453,1277.840073109278,1294.6278016766398,1312.8823132636596,1328.7814315993621,1345.6010410672886,1355.2124375816811
2018-02-20,2018-02-12,1328.800048828125,1322.2321604964159,1279.576386693044,1292.1929415842135,1307.7234686704687,1322.2321604964159,1340.367597758285,1354.1786665942368,1365.1297734395403
2018-02-21,2018-02-13,1330.0,1329.1945823969386,1282.9456925609009,1295.3531999898034,1311.4320401710422,1329.1945823969386,1347.2008246536113,1360.790394889866,1372.4306165726705
2018-02-22,2018-02-14,1330.5999755859375,1354.747228979334,1317.7495461279668,1324.486157624243,1337.4879046243057,1354.747228979334,1372.7127033270863,1385.2827907773312,1395.7087255721199
2018-02-23,2018-02-15,1328.199951171875,1355.2546861664878,1310.5526866527978,1319.761786991418,1334.048397435361,1355.2546861664878,1375.6035044365613,1389.0521803787294,1399.097220898856
2018-02-26,2018-02-16,1330.699951171875,1352.6848243811623,1310.7225280173893,1320.745662705399,1334.2213922568815,1352.6848243811623,1377.0611310118065,1389.7120734550667,1398.4808523585286
2018-02-27,2018-02-20,1315.5,1330.9866834934396,1274.1747351276515,1291.0041477830032,1308.2660111894072,1330.9866834934396,1353.0519795545963,1369.0790501818456,1377.9007853638384
2018-02-28,2018-02-21,1315.5,1327.0783757924864,1276.90531527204,1292.2878576544472,1308.1144904887663,1327.0783757924864,1345.8187535676873,1363.314404178639,1370.5213056779544
2018-03-01,2018-02-22,1302.9000244140625,1330.5582302631797,1277.2420768489822,1293.5524456513328,1311.492801449917,1330.5582302631797,1344.8691965063838,1362.3329105784974,1372.794735953593
2018-03-02,2018-02-23,1321.0999755859375,1326.150894658289,1280.2721075381874,1294.6903926878535,1310.627793948232,1326.150894658289,1344.3482718235246,1360.4118371059394,1369.7426772237593
2018-03-05,2018-02-26,1318.0999755859375,1330.2223220860792,1282.4555104377384,1297.7892618163114,1315.2654650375375,1330.2223220860792,1349.5703126046023,1362.6457497350548,1375.499633719533
2018-03-06,2018-02-27,1333.5999755859375,1315.6940526440753,1264.3061153807844,1280.1159636369553,1296.7429030975256,1315.6940526440753,1335.5415872584986,1351.6136112458362,1360.6362700954946
2018-03-07,2018-02-28,1326.0,1313.5595523250404,1264.7969008387258,1280.5484395883345,1297.199270277916,1313.5595523250404,1332.905710719369,1347.9989944955287,1357.9454642250264
2018-03-08,2018-03-01,1319.9000244140625,1303.0213423481505,1249.087675055603,1266.4005236661008,1284.1109780882402,1303.0213423481505,1320.2184238253776,1337.1957634629002,1346.7804388423206
2018-03-09,2018-03-02,1322.4000244140625,1318.0594703837098,1275.875993958066,1287.286706194002,1302.9631672358,1318.0594703837098,1334.3890712326706,1349.5618823918196,1359.5804223525663
2018-03-12,2018-03-05,1319.4000244140625,1319.4214495035708,1269.5948632050288,1284.831438349766,1300.9527862507284,1319.4214495035708,1335.9368982646874,1350.6963820441251,1362.327631784352
2018-03-13,2018-03-06,1325.9000244140625,1331.213377601066,1295.741991968323,1302.838741386387,1316.5865092561821,1331.213377601066,1351.6044666914613,1364.175582566482,1374.7154254412533
2018-03-14,2018-03-07,1324.4000244140625,1328.267588477945,1279.2976890254142,1293.3085828846813,1308.4323117620088,1328.267588477945,1348.0497034106404,1361.270825318268,1373.2441949267127
2018-03-15,2018-03-08,1316.800048828125,1318.590934812823,1275.6350233120818,1285.9342052709253,1300.479258458185,1318.590934812823,1340.2382217120612,1355.31502073056,1363.1816766573384
2018-03-16,2018-03-09,1311.300048828125,1322.524972566624,1272.3838135878532,1287.4587608364923,1303.5073356873825,1322.524972566624,1340.3551714466964,1355.1234634443097,1366.1890966395054
2018-03-19,2018-03-12,1316.800048828125,1318.9629021619442,1271.2291738638635,1283.9018619046296,1299.4346373334565,1318.9629021619442,1335.775166245182,1353.0538082660432,1360.896091359951
2018-03-20,2018-03-13,1311.0999755859375,1324.4904305612586,1279.7690402974292,1292.7812541226417,1308.6340157985187,1324.4904305612586,1343.0666004670234,1357.0601771926713,1368.248011173351
2018-03-21,2018-03-14,1320.699951171875,1324.7181210735419,1277.1020442256274,1290.8592194105606,1306.5333826031745,1324.7181210735419,1343.1272183170945,1357.6211612184545,1368.513893238426
2018-03-22,2018-03-15,1326.5999755859375,1316.1149136458484,1269.392045710277,1282.890317684793,1298.6318486221467,1316.1149136458484,1336.4976457533617,1351.27125924487,1360.8750990994754
2018-03-23,2018-03-16,1349.300048828125,1310.802060752712,1260.4003775772558,1276.4352037617523,1293.0191795815845,1310.802060752712,1330.0631614857912,1344.8936875446173,1355.4456298831847
2018-03-26,2018-03-19,1354.4000244140625,1315.8232034485886,1268.1661282418127,1281.6462579278582,1297.5130086997021,1315.8232034485886,1332.1977749677721,1348.3649568393298,1357.773023337442
2018-03-27,2018-03-20,1341.300048828125,1310.8618370164427,1261.83856443193,1276.7095040019992,1293.023393356263,1310.8618370164427,1328.4205536890377,1344.2202225314657,1353.9905960440187
2018-03-28,2018-03-21,1324.199951171875,1318.9540182269138,1276.0176994561166,1288.1476912584728,1303.6469343560798,1318.9540182269138,1337.825712779272,1351.2655919668516,1362.5792098495194
2018-03-29,2018-03-22,1322.800048828125,1327.242226071056,1281.6753962987711,1293.6611533197429,1308.543234767281,1327.242226071056,1344.4816260725029,1358.7376180364458,1369.8245984843004
2018-04-02,2018-03-23,1342.0999755859375,1348.150042019176,1313.602619799662,1318.4106842477327,1331.0527560964779,1348.150042019176,1366.3156195645581,1379.5802146232531,1389.7931124443407
2018-04-03,2018-03-26,1332.800048828125,1356.2292790895942,1315.945811342393,1323.6937051742343,1336.6955530128098,1356.2292790895942,1376.2022450431166,1388.7160073521914,1400.1874307793764
2018-04-04,2018-03-27,1335.800048828125,1341.635444205297,1299.5835264828468,1308.9265978343592,1322.7171167227407,1341.635444205297,1366.1463319247491,1379.4059874386157,1388.544188241451
2018-04-05,2018-03-28,1324.300048828125,1324.5747401027886,1271.51725523714,1288.126053175232,1304.5479806871867,1324.5747401027886,1346.9554606563152,1361.7991182416627,1371.6406735812238
2018-04-06,2018-03-29,1331.9000244140625,1321.6998362431264,1268.7310630398465,1284.371323641042,1301.1015369001332,1321.6998362431264,1337.7970057642237,1356.3507089462346,1363.8771905346593
2018-04-09,2018-04-02,1336.300048828125,1340.482354410034,1294.16084613735,1306.5825412943736,1322.6102402710374,1340.482354410034,1353.4280609049995,1370.6755075600925,1380.3474243869982
2018-04-10,2018-04-03,1342.0,1333.3819315681694,1285.2452407712792,1299.6721792461003,1316.446478964094,1333.3819315681694,1352.1815417852831,1367.212769283708,1377.0169252542385
2018-04-11,2018-04-04,1356.5,1334.6207259617172,1291.4412030369167,1304.3899012910524,1320.8731364650735,1334.6207259617172,1356.753870388944,1368.4916875810281,1380.1066942108023
2018-04-12,2018-04-05,1338.4000244140625,1325.5604488122506,1272.0998855477121,1289.037168779911,1305.70866983058,1325.5604488122506,1344.3997278008578,1359.9095111699194,1370.4192976479396
2018-04-13,2018-04-06,1344.800048828125,1329.5943564222873,1286.0874096472385,1296.6549892480168,1311.5613947035329,1329.5943564222873,1347.4507256979582,1364.254778603575,1372.7304156789357
2018-04-16,2018-04-09,1347.5,1336.5804544259781,1287.6269065079082,1302.3224528481805,1318.3692463705854,1336.5804544259781,1353.1429651875171,1368.66617025483,1379.8143294182642
2018-04-17,2018-04-10,1347.199951171875,1341.2504208228572,1299.5049501158771,1309.247185846852,1323.8842061534888,1341.2504208228572,1360.1793349940313,1374.9296576373772,1384.1993703874814
2018-04-18,2018-04-11,1351.199951171875,1356.9212418913523,1315.0944663131227,1325.241734446498,1339.4381267676756,1356.9212418913523,1375.5348233685127,1388.4077547112984,1400.0525644326049
2018-04-19,2018-04-12,1346.800048828125,1340.1810568219892,1291.835286868848,1304.4180218261415,1319.744982968346,1340.1810568219892,1361.3817374415617,1376.318970703389,1384.6604357815736
2018-04-20,2018-04-13,1336.699951171875,1343.0405174055757,1299.497502064795,1311.1468194208376,1326.6562066145148,1343.0405174055757,1364.0270415945645,1377.8651260939173,1388.255474903292
2018-04-23,2018-04-16,1322.5,1348.329713341012,1297.307658040545,1311.7055241690903,1327.0407394361935,1348.329713341012,1364.1756711814912,1381.2518100568502,1391.5712903720146
2018-04-24,2018-04-17,1331.4000244140625,1345.953221396623,1302.51342554075,1312.6408630792907,1327.684047691843,1345.953221396623,1364.9383278942519,1381.3654279890116,1389.3163553829695
2018-04-25,2018-04-18,1321.199951171875,1351.148651445961,1303.788661937038,1318.4456771456921,1335.018094859141,1351.148651445961,1370.7685304579243,1384.0451588485375,1396.202773313949
2018-04-26,2018-04-19,1316.300048828125,1347.0427346434785,1299.1806458386272,1312.0867981241854,1327.6367494574972,1347.0427346434785,1366.1734586150355,1381.899488741919,1391.2612016152384
2018-04-27,2018-04-20,1320.300048828125,1336.1151398180862,1286.3448123908552,1301.5036221656744,1318.499369150955,1336.1151398180862,1356.5766415971461,1372.030965680938,1381.635347259271
2018-04-30,2018-04-23,1316.199951171875,1321.6087995331593,1267.0709120850245,1285.8580524603826,1304.3140190577888,1321.6087995331593,1341.2890459839894,1357.606301055769,1367.8117492918773
2018-05-01,2018-04-24,1303.800048828125,1328.9399572044726,1279.7880162998144,1295.1433826432667,1312.0231551267009,1328.9399572044726,1345.1483179663733,1362.3830567732596,1372.9028877556839
2018-05-02,2018-04-25,1302.5999755859375,1321.0347799838546,1267.883260796351,1285.3259155355522,1303.0397974449684,1321.0347799838546,1337.953820041274,1355.1950985667247,1364.9767403048622
2018-05-03,2018-04-26,1310.699951171875,1314.222560359122,1266.546997282654,1282.3802722554215,1300.326884465245,1314.222560359122,1334.6607777728127,1349.107918844731,1359.5608788717796
2018-05-04,2018-04-27,1312.699951171875,1319.759172105989,1268.970265850007,1286.0178774669978,1303.1806272059375,1319.759172105989,1336.9457974705865,1351.9184310608705,1364.0064836345412
2018-05-07,2018-04-30,1312.199951171875,1315.532157227536,1267.8763077073318,1281.1756201196035,1297.0194666560355,1315.532157227536,1333.0097633064108,1349.856580706063,1358.4748330102768
2018-05-08,2018-05-01,1312.0,1303.0227464964091,1252.6140677718467,1269.7104866036293,1287.6844200574715,1303.0227464964091,1323.4314423275125,1337.9295503111302,1348.2786628325202
2018-05-09,2018-05-02,1311.300048828125,1301.2414313235631,1251.3774429593325,1269.0586685306464,1285.4964730002303,1301.2414313235631,1319.4932284242507,1334.928073186793,1345.7184243436996
2018-05-10,2018-05-03,1320.800048828125,1309.3033590942925,1262.4721639281788,1276.458253120099,1291.426495415719,1309.3033590942925,1324.8214699285534,1341.7172991942844,1351.6507891982146
2018-05-11,2018-05-04,1319.0,1312.2551497127313,1267.5075875667944,1280.5752821303872,1295.576517353877,1312.2551497127313,1329.624828400006,1344.897068998341,1354.587402768555
2018-05-14,2018-05-07,1316.5,1312.3093500399473,1267.6680128236733,1281.3938463705729,1296.9333693657802,1312.3093500399473,1332.025031153609,1345.1515895642233,1355.810636846535
2018-05-15,2018-05-08,1288.9000244140625,1312.1777190347734,1266.4439858997098,1279.8811881168538,1294.6251005881356,1312.1777190347734,1331.1453159394573,1345.4885621996705,1355.5604624289226
2018-05-16,2018-05-09,1290.199951171875,1310.9777220578217,1265.3016359830954,1278.4472250443,1292.5701692527093,1310.9777220578217,1329.173712104863,1344.8787509054036,1353.944315657132
2018-05-17,2018-05-10,1288.199951171875,1320.0342255007238,1276.801072178126,1288.3557975814574,1302.5846879079086,1320.0342255007238,1337.5028385109106,1352.4696109500585,1362.4800254910574
2018-05-18,2018-05-11,1290.199951171875,1319.5635692900466,1274.0604939233704,1286.74505317767,1301.2786143550181,1319.5635692900466,1337.8057647955839,1352.8371284773066,1362.3407299176881
2018-05-21,2018-05-14,1290.199951171875,1316.2786408279394,1271.7288720242032,1285.0786819860232,1299.727448385917,1316.2786408279394,1336.287352288058,1350.385211992788,1359.965915767279
2018-05-22,2018-05-15,1291.699951171875,1289.6170542498396,1234.481630593079,1255.4186924914206,1272.0685456605986,1289.6170542498396,1310.3223443178176,1326.2809773881513,1335.4112054363663
2018-05-23,2018-05-16,1289.300048828125,1286.9064565612405,1237.5310254410615,1255.8455152451422,1271.6395850089689,1286.9064565612405,1304.8255996986327,1321.628724039191,1331.4345424638925
2018-05-24,2018-05-17,1303.699951171875,1287.0206896669742,1233.2178916349878,1252.1672315919918,1268.9460306669341,1287.0206896669742,1301.1268142608963,1319.6469927507394,1329.9318557179308
2018-05-25,2018-05-18,1303.300048828125,1287.899266062154,1243.1115861793792,1258.1303473431255,1273.633553034802,1287.899266062154,1304.9603994851059,1320.890163003943,1330.2029124330957
2018-05-29,2018-05-21,1298.699951171875,1290.2613730395778,1242.174820155722,1258.9292145764225,1276.3326846753873,1290.2613730395778,1308.5637280806882,1321.523152190331,1333.7604866858815
2018-05-30,2018-05-22,1301.5,1291.215993019347,1247.0839580883094,1259.9927117221582,1274.348941745299,1291.215993019347,1309.2872837599166,1324.024983795719,1333.5000161999671
2018-05-31,2018-05-23,1300.0999755859375,1289.2903597104523,1243.3225220562772,1257.4195831935126,1272.2813186440776,1289.2903597104523,1307.587530246636,1322.2480536917644,1331.979710506931
2018-06-01,2018-05-24,1294.800048828125,1302.7193543717694,1261.9161468737434,1272.0611029498955,1285.7498545042172,1302.7193543717694,1319.8003032247539,1334.128829838232,1344.2086913973199
2018-06-04,2018-05-25,1293.0999755859375,1304.3580048583858,1260.2528170208343,1271.560617261053,1285.489003423529,1304.3580048583858,1321.935021469111,1336.7281342916037,1346.0175929137108
2018-06-05,2018-05-29,1297.5,1298.70855579803,1255.9523678508103,1268.384353301519,1282.406246551409,1298.70855579803,1319.2459634676538,1332.7574195717152,1341.7588167408667
2018-06-06,2018-05-30,1297.0999755859375,1301.5391371309456,1255.6238000311766,1269.2672263414768,1284.1110032649858,1301.5391371309456,1320.0988637793214,1334.200285717174,1344.7711377592814
2018-06-07,2018-05-31,1298.699951171875,1299.7587806690096,1254.1488697533277,1266.8369231832978,1280.3645399207107,1299.7587806690096,1316.9663838560289,1333.6208377182688,1341.9141074097006
2018-06-08,2018-06-01,1298.0999755859375,1294.1592408907413,1247.5986993512845,1262.8028322704033,1277.7221232912116,1294.1592408907413,1312.5404219179472,1327.6623474410062,1337.0726986529241
2018-06-11,2018-06-04,1298.9000244140625,1292.4950435743824,1244.7322505980774,1260.4328198886508,1276.0805923550288,1292.4950435743824,1310.223378966913,1325.068839233756,1334.9960289541543
2018-06-12,2018-06-05,1295.0999755859375,1296.551533352493,1250.8391543117013,1264.3657163684866,1279.0159275406922,1296.551533352493,1313.0812454207294,1328.6435753065257,1338.2859143361786
2018-06-13,2018-06-06,1296.9000244140625,1296.847688887239,1251.251504589699,1265.0101803657496,1279.581054269448,1296.847688887239,1314.0891261340666,1329.0456551052125,1338.827999587399
2018-06-14,2018-06-07,1304.0,1298.4787012522333,1253.9798273468289,1267.4134375445412,1282.285861131328,1298.4787012522333,1316.639544704175,1330.4719141974456,1340.3326218738127
2018-06-15,2018-06-08,1274.5999755859375,1298.2980911392028,1252.4011877359217,1266.0173487798686,1280.6014345415235,1298.2980911392028,1316.1673754868968,1330.7040543520125,1340.5784359899199
2018-06-18,2018-06-11,1276.199951171875,1298.3828718189302,1253.8538631536508,1266.7861054258676,1280.86560789127,1298.3828718189302,1316.3037431933972,1331.3756800766464,1340.6714006969314
2018-06-19,2018-06-12,1275.5999755859375,1295.0068558611226,1248.2084263498575,1262.8049047621428,1277.5283050875832,1295.0068558611226,1312.983970516867,1328.030202794835,1337.7063756196214
2018-06-20,2018-06-13,1271.199951171875,1296.0605098524434,1250.851156942321,1264.560633740411,1279.2296973299897,1296.0605098524434,1313.7535094365526,1328.741173063362,1338.2038054827099
2018-06-21,2018-06-14,1267.199951171875,1303.7049805178865,1259.2035467365886,1271.4781070587237,1285.9351675221883,1303.7049805178865,1320.3468874806704,1335.0187341782075,1345.011445373626
2018-06-22,2018-06-15,1267.4000244140625,1275.1900957329262,1223.1266240229374,1242.6336463000794,1257.584308156661,1275.1900957329262,1295.1585086421983,1311.6152962576202,1320.6984668310806
2018-06-25,2018-06-18,1265.5999755859375,1273.1482251974767,1225.7074895606543,1243.4463314150462,1260.426502705766,1273.1482251974767,1291.7727698144715,1306.5235865026873,1315.6419812226784
2018-06-26,2018-06-19,1256.5999755859375,1274.899705515958,1221.8494499409549,1239.1819715337626,1255.006361861484,1274.899705515958,1288.3276695082347,1306.2519116152462,1316.7430884756147
2018-06-27,2018-06-20,1252.800048828125,1268.6269728578898,1224.017312738591,1239.3369077077684,1253.7501988103793,1268.6269728578898,1285.5081557767337,1302.0819934628432,1310.4903362933078
2018-06-28,2018-06-21,1247.800048828125,1267.3795898537476,1217.483751395573,1236.0569807836744,1253.9463567390067,1267.3795898537476,1284.882178940104,1297.3004953282068,1308.6569538137728
2018-06-29,2018-06-22,1251.300048828125,1266.3910198024391,1220.1845316161666,1234.8440894732246,1249.6236589902371,1266.3910198024391,1283.0519570611305,1298.45290470116,1307.8534517080357
2018-07-02,2018-06-25,1239.800048828125,1264.8806798411006,1218.6965944659057,1233.476444619246,1248.214565519525,1264.8806798411006,1281.5502238850747,1296.777501961376,1306.2837465538898
2018-07-03,2018-06-26,1251.5999755859375,1256.0461950198767,1208.423703140444,1225.061537975274,1240.3347385539475,1256.0461950198767,1273.843206396412,1288.7525215731935,1298.2026625913668
2018-07-05,2018-06-27,1257.300048828125,1251.6168611735197,1204.0159930477284,1220.6408825165936,1236.3098038194787,1251.6168611735197,1268.8506463576864,1283.7941890405043,1293.2721969146837
2018-07-06,2018-06-28,1254.300048828125,1246.689846636634,1198.1413887403746,1214.8179950998165,1230.0788338359846,1246.689846636634,1262.801657361725,1278.8247850783046,1288.257346763471
2018-07-09,2018-06-29,1258.0999755859375,1249.657810210252,1204.7587005301893,1219.357052394506,1234.3976092678513,1249.657810210252,1265.5672667864208,1280.557908916855,1289.9421127239843
2018-07-10,2018-07-02,1253.800048828125,1239.2197081079207,1191.231974926904,1208.0655473429492,1223.4571698726404,1239.2197081079207,1256.1903821145613,1271.1856328657782,1281.4578461630667
2018-07-11,2018-07-03,1242.800048828125,1249.625881750324,1209.8660029223001,1221.1039000201959,1235.539938582906,1249.625881750324,1265.879238546271,1279.378009628413,1288.9885871672216
2018-07-12,2018-07-05,1245.0,1258.0983952225474,1214.0173559248826,1225.7139561282067,1239.1500476144522,1258.0983952225474,1272.9581296812653,1287.1470938885557,1297.6773906719664
2018-07-13,2018-07-06,1239.5999755859375,1254.155256956795,1215.4895672266834,1225.5821857271424,1238.3909990480302,1254.155256956795,1272.6041144869562,1286.45400111953,1294.9905045119992
2018-07-16,2018-07-09,1238.0999755859375,1258.8702518282616,1217.5588201460112,1228.9481702645044,1243.0970251870638,1258.8702518282616,1276.7108793641946,1288.9389915807633,1299.088472399528
2018-07-17,2018-07-10,1225.699951171875,1253.742224451099,1210.6455251782747,1221.8168627600335,1234.8270664123495,1253.742224451099,1271.1125803339055,1286.864906199549,1295.613338974791
2018-07-18,2018-07-11,1226.300048828125,1241.474624016989,1197.2025480244793,1211.3459187300198,1225.7955011243353,1241.474624016989,1259.9490852082947,1275.547986457269,1284.2895519958363
2018-07-19,2018-07-12,1222.4000244140625,1243.2431609540995,1198.4561280386724,1212.6837451381652,1227.9173106393155,1243.2431609540995,1259.6362582391089,1274.4086827128376,1284.3217454249093
2018-07-20,2018-07-13,1229.5,1238.2168561101814,1191.3514039001623,1206.320012045653,1220.88349561557,1238.2168561101814,1253.9657019695733,1270.2979105791082,1279.9509956492377
2018-07-23,2018-07-16,1224.0,1236.21512545906,1193.0517609602048,1207.2662308160784,1222.1860491095053,1236.21512545906,1253.0766551290858,1267.5452789303163,1277.0915758339731
2018-07-24,2018-07-17,1223.9000244140625,1224.999798167848,1176.3553716634901,1193.9396989780205,1209.750937643615,1224.999798167848,1242.089610527783,1256.873826952639,1267.2307900637236
2018-07-25,2018-07-18,1231.4000244140625,1223.6409905357884,1180.2471482884175,1194.3066238064687,1209.2715604851714,1223.6409905357884,1240.047550392182,1255.2864937799854,1264.488999954611
2018-07-26,2018-07-19,1225.300048828125,1221.2021146752127,1173.7119919840575,1189.7224259041777,1204.852514382338,1221.2021146752127,1236.3949308430128,1251.7517561824225,1262.0512115316521
2018-07-27,2018-07-20,1222.5999755859375,1227.6159431474139,1187.2937862048439,1199.1002881589625,1213.0935592717103,1227.6159431474139,1243.272944771939,1257.3453580902578,1266.7218988259838
2018-07-30,2018-07-23,1221.300048828125,1224.4674362335738,1179.262558920972,1193.8791461838778,1208.3489985066462,1224.4674362335738,1240.8569473820116,1254.4246881933639,1264.8088611911264
2018-07-31,2018-07-24,1223.699951171875,1222.7874578121234,1182.8173423736007,1194.409566100669,1208.1612493184866,1222.7874578121234,1240.3163798204566,1254.1043157408535,1262.9390387660515
2018-08-01,2018-07-25,1217.9000244140625,1231.3295555764248,1189.4441010600383,1200.6803419623852,1214.316065661088,1231.3295555764248,1246.8110827375126,1260.4020636916853,1270.3605840715936
2018-08-02,2018-07-26,1210.5999755859375,1225.0620133390662,1183.1176670803272,1194.8160258985408,1207.7429458793226,1225.0620133390662,1242.059107615636,1257.153967745672,1265.8491043615468
2018-08-03,2018-07-27,1214.199951171875,1221.872007045989,1180.5652678091346,1193.3771411718958,1207.6858436160994,1221.872007045989,1239.7597133111633,1253.0565910608316,1262.326934576226
2018-08-06,2018-07-30,1208.5999755859375,1220.7069311461432,1176.445210175822,1189.7101391912993,1203.881769387976,1220.7069311461432,1236.9342405946577,1251.6248340585016,1261.2258452523913
2018-08-07,2018-07-31,1209.5999755859375,1222.213150766707,1180.9847810818305,1192.4219462682731,1205.7941084535178,1222.213150766707,1238.1282200127662,1253.283331435866,1262.114942596501
2018-08-08,2018-08-01,1212.5999755859375,1217.408373266204,1173.3932976826616,1187.5927372996516,1201.9802581722608,1217.408373266204,1233.9747275434834,1248.0730744691239,1258.046639879155
2018-08-09,2018-08-02,1211.9000244140625,1209.2812410726879,1165.7455944916533,1180.2164038463889,1194.718901938426,1209.2812410726879,1226.2382118000342,1241.0146505050814,1250.4581179205636
2018-08-10,2018-08-03,1211.0999755859375,1212.6159070871245,1169.4942318065741,1182.6759036917974,1197.0531438889655,1212.6159070871245,1227.5420814650365,1242.4808571645265,1252.3664761612226
2018-08-13,2018-08-06,1191.300048828125,1207.4710785273999,1162.8820333188237,1176.9703853437259,1190.9669932427428,1207.4710785273999,1222.919628842642,1238.380033508105,1248.0502157283406
2018-08-14,2018-08-07,1193.0,1208.135271916211,1167.034877352655,1180.055361541119,1194.3103962628338,1208.135271916211,1224.3131787401812,1238.0064783786934,1247.5995470438468
2018-08-15,2018-08-08,1177.5,1212.338146672309,1169.4676101636649,1182.2082367097562,1196.3385989554495,1212.338146672309,1227.5946716894287,1241.1887028365586,1251.459061576588
2018-08-16,2018-08-09,1176.199951171875,1211.3138760022875,1170.856232756686,1182.0620459255483,1195.0009400087229,1211.3138760022875,1227.4887362928741,1241.8898068146068,1250.8691238873546
2018-08-17,2018-08-10,1176.5,1210.8609576032682,1169.7202716114657,1181.9258975177663,1195.6630726887236,1210.8609576032682,1227.5199538370123,1240.9017213000598,1250.4518876389643
2018-08-20,2018-08-13,1186.800048828125,1190.4666944738115,1144.0151685793135,1160.3544837488216,1174.8490690948438,1190.4666944738115,1208.1091478026112,1223.9459195828208,1233.1612283785857
2018-08-21,2018-08-14,1192.5999755859375,1189.7424831074732,1147.410968751092,1161.4374394662968,1176.1363665005329,1189.7424831074732,1204.8502617006616,1220.7288819547339,1229.8794125395393
2018-08-22,2018-08-15,1196.300048828125,1175.599515628618,1124.737936604703,1143.640722979532,1159.2892881660002,1175.599515628618,1189.9939472050157,1206.9259934388665,1217.5103045550031
2018-08-23,2018-08-16,1187.0,1172.2239375137472,1130.151947717518,1145.5034674003484,1160.5209299468338,1172.2239375137472,1187.2544577120711,1202.5247321982715,1211.7714375573012
2018-08-24,2018-08-17,1206.300048828125,1175.3517494796515,1128.0407882578152,1145.1801363210038,1161.2748398989584,1175.3517494796515,1188.9995351877642,1202.3348078067245,1214.0446869142186
2018-08-27,2018-08-20,1209.0,1185.1873626688175,1147.3586104925184,1157.4517563612783,1170.254762513857,1185.1873626688175,1199.3130847920065,1212.9153317379323,1222.0568396568037
2018-08-28,2018-08-21,1207.4000244140625,1193.820542845732,1154.500632979823,1165.2521649871276,1178.5024099259253,1193.820542845732,1209.4949716221802,1220.4107713569688,1230.7089528846561
2018-08-29,2018-08-22,1204.5,1197.3680042167966,1161.7670621751195,1169.6796186924423,1181.3508481061829,1197.3680042167966,1214.5406215201479,1226.5217822859472,1235.009249622146
2018-08-30,2018-08-23,1197.699951171875,1187.9872874246655,1147.4403007155793,1158.7699566244678,1171.3835549444752,1187.9872874246655,1205.8603401865666,1219.4978337184557,1228.1302337099064
2018-08-31,2018-08-24,1200.300048828125,1205.4035714061138,1171.516053046668,1177.2369073378495,1188.6557235919327,1205.4035714061138,1220.0469412164402,1233.9373043552569,1242.0501383631808
2018-09-04,2018-08-27,1192.699951171875,1210.685303362758,1170.2187532988542,1179.0153480240551,1190.5668798525876,1210.685303362758,1225.6959070436728,1239.5578186892794,1248.8769130107958
2018-09-05,2018-08-28,1194.9000244140625,1207.6617898286877,1173.154298814508,1181.2151288721275,1192.7397657310394,1207.6617898286877,1226.3177818148524,1238.9341645062075,1246.5613742931782
2018-09-06,2018-08-29,1197.9000244140625,1205.6173350373492,1163.7810136052212,1175.8145888153447,1189.5229227659022,1205.6173350373492,1222.949882918103,1235.7845722273992,1245.5046574954279
2018-09-07,2018-08-30,1193.5999755859375,1195.892544841876,1154.9774382610321,1166.3723544307218,1178.5459134964758,1195.892544841876,1211.5146027856345,1229.6159690170916,1237.3511535748116
2018-09-10,2018-08-31,1193.0,1198.2996733336226,1157.0056530570687,1169.3475863479077,1183.187435660264,1198.2996733336226,1213.1045569205166,1228.5984302275592,1236.7642202275597
2018-09-11,2018-09-04,1195.4000244140625,1191.5638093868674,1146.7800210916896,1161.6442479783855,1175.7688307602098,1191.5638093868674,1207.0811606570064,1222.296984572958,1230.8304594212002
2018-09-12,2018-09-05,1204.699951171875,1192.899297928563,1152.633459607458,1165.1591631040499,1179.3600642761999,1192.899297928563,1208.4690089913302,1222.712785011115,1230.963758677297
2018-09-13,2018-09-06,1202.0,1197.4017095387321,1154.7295639276974,1167.3816253953853,1181.3068616038527,1197.4017095387321,1212.1654491416493,1225.879678293677,1234.457168853539
2018-09-14,2018-09-07,1195.0,1192.5458750883913,1152.2494694824043,1164.225170914328,1177.2051581496494,1192.5458750883913,1209.0026689311524,1223.5385433749766,1231.8149857071803
2018-09-17,2018-09-10,1199.699951171875,1192.251710675183,1151.3410887071805,1163.8783666025613,1178.039043660424,1192.251710675183,1208.4294256954738,1221.9597855889629,1230.3445473162376
2018-09-18,2018-09-11,1196.800048828125,1194.455121425764,1153.5971521638926,1164.9607952189667,1178.0901380981309,1194.455121425764,1209.3902702297664,1224.3086341507478,1232.5150760566705
2018-09-19,2018-09-12,1202.199951171875,1203.81717357932,1166.3423468731157,1175.2348707339272,1187.5595873382106,1203.81717357932,1218.9354652593042,1232.701454281516,1240.895173782944
2018-09-20,2018-09-13,1206.199951171875,1202.5314272389512,1162.571860502842,1173.5186337044192,1186.2368868098667,1202.5314272389512,1219.545830599408,1232.4675430108996,1241.015946627385
2018-09-21,2018-09-14,1196.199951171875,1194.4939968087047,1154.8196330212231,1166.5873636263846,1179.8896504461584,1194.4939968087047,1212.0586147982813,1226.3930985683344,1234.5732451376136
2018-09-24,2018-09-17,1199.300048828125,1198.5640639339638,1158.1381132912343,1169.1031244362125,1182.505104398995,1198.5640639339638,1213.3226762070917,1228.6340854460818,1236.6991983673881
2018-09-25,2018-09-18,1200.0,1195.6032948587633,1153.6396590115512,1165.6413412342058,1178.2339612627986,1195.6032948587633,1210.6751409489088,1226.7570166047633,1234.9532491284795
2018-09-26,2018-09-19,1194.0,1200.902789145084,1162.6953308510217,1173.286126803989,1186.6836463924196,1200.902789145084,1216.8662696144188,1230.2260837803906,1238.5063528184355
2018-09-27,2018-09-20,1182.300048828125,1206.5431414331051,1165.9073803065783,1176.784373743841,1190.012144511885,1206.5431414331051,1222.2114105533474,1235.1197727731767,1243.702477652737
2018-09-28,2018-09-21,1191.5,1195.6629981798922,1155.1384509235515,1167.1675425541978,1179.8721826734422,1195.6629981798922,1213.1183100643425,1228.1313659476664,1236.3577469943643
2018-10-01,2018-09-24,1187.0999755859375,1198.0346353384484,1158.2931891179117,1169.7694290803267,1183.7590605352786,1198.0346353384484,1213.7837382983794,1228.1673937837518,1236.308281814712
2018-10-02,2018-09-25,1202.4000244140625,1199.1333682794634,1156.5605558652367,1168.4964050943731,1181.4465898286674,1199.1333682794634,1213.5874325834798,1229.331624261169,1237.6089259517967
2018-10-03,2018-09-26,1198.300048828125,1192.4615245171253,1151.7827838062449,1164.3882437861246,1177.6105357937881,1192.4615245171253,1209.012996474576,1224.0377470029205,1232.271820173921
2018-10-04,2018-09-27,1197.199951171875,1181.2367189932434,1136.1133812742821,1152.3503311086229,1167.6564764385473,1181.2367189932434,1197.776135265423,1212.3311778533337,1220.851571498685
2018-10-05,2018-09-28,1201.199951171875,1188.9716424902142,1148.3876524301866,1160.097821678169,1174.0531418653527,1188.9716424902142,1202.4479369950839,1218.0678052682995,1226.0589732654626
2018-10-08,2018-10-01,1184.4000244140625,1186.1750027870737,1141.971068995078,1155.87365864617,1169.3460722951315,1186.1750027870737,1200.7701711258533,1215.9150414670075,1224.4702257917934
2018-10-09,2018-10-02,1187.199951171875,1200.8726391376435,1166.7053269421758,1174.8070126532316,1187.834089445208,1200.8726391376435,1217.0645978397338,1228.4605139467317,1236.6768511012351
2018-10-10,2018-10-03,1189.300048828125,1200.183150645826,1157.6218618461835,1169.5325503797155,1182.5753380059145,1200.183150645826,1216.3835456513439,1228.9577201020552,1237.8297443035885
2018-10-11,2018-10-04,1223.5,1196.137755703414,1161.0986362274994,1169.5975134137354,1181.5262730535521,1196.137755703414,1213.244416140002,1228.3738894964222,1236.1362392300177
2018-10-12,2018-10-05,1218.0999755859375,1201.4086372884449,1160.2439367952552,1171.1708178773852,1184.5779534873982,1201.4086372884449,1216.3412752761585,1230.5887462864089,1238.9294283884878
2018-10-15,2018-10-08,1226.4000244140625,1183.1274505364463,1139.9110746010545,1153.6276618741022,1166.280887765635,1183.1274505364463,1198.8544150417601,1217.1984455410263,1225.20193788583
2018-10-16,2018-10-09,1227.300048828125,1184.6533182090986,1144.091750726444,1157.2485506426044,1172.2543179430957,1184.6533182090986,1199.7760456341664,1214.6248587788782,1222.6935494929803
2018-10-17,2018-10-10,1223.699951171875,1188.1909300201437,1143.3242504434024,1157.0491341658494,1171.023740247119,1188.1909300201437,1201.6138510963124,1216.8971462632978,1225.3828754680328
2018-10-18,2018-10-11,1226.5,1221.6846634007966,1192.6667172151879,1195.3166624665669,1206.1233595002082,1221.6846634007966,1236.6550143791756,1247.091351303418,1255.1206325790567
2018-10-19,2018-10-12,1225.300048828125,1222.324772226742,1182.6519628087076,1191.9150414407982,1203.337526825404,1222.324772226742,1240.776934599292,1250.5285037145281,1259.877322216454
2018-10-22,2018-10-15,1221.199951171875,1227.0891900311835,1199.7801992887298,1202.594418206008,1213.246985164421,1227.0891900311835,1246.725326320976,1258.771885262899,1266.4744248225031
2018-10-23,2018-10-16,1233.4000244140625,1229.9191302808981,1188.78977373832,1197.1792311054846,1208.846758160027,1229.9191302808981,1245.3343506097235,1260.7306286251878,1269.072286012894
2018-10-24,2018-10-17,1227.800048828125,1221.9114171219517,1186.5847643080444,1193.4325183388482,1203.3707558741264,1221.9114171219517,1238.1452227967484,1257.524770494697,1264.8751380096855
2018-10-25,2018-10-18,1229.0999755859375,1226.1378534631606,1184.8847190550819,1196.4218472255413,1210.4325820809577,1226.1378534631606,1242.014373803478,1256.304417226368,1264.8116132689793
2018-10-26,2018-10-19,1232.5,1224.3879468062491,1182.8201604058856,1194.1057102953837,1206.9187718770158,1224.3879468062491,1239.820985100445,1256.1466495867844,1264.4544772915378
2018-10-29,2018-10-22,1224.5,1220.0466297139037,1178.381310076465,1191.0135553204445,1204.8296090200938,1220.0466297139037,1236.369879972377,1251.769248174627,1260.2053128800494
2018-10-30,2018-10-23,1222.5999755859375,1232.3717196952553,1193.1771511747147,1203.037006876986,1216.6702550323337,1232.3717196952553,1247.6508461794251,1261.2162303432247,1269.6677177508961
2018-10-31,2018-10-24,1212.300048828125,1227.9771033221323,1185.2964951865777,1197.2479396042397,1209.9868474627117,1227.9771033221323,1244.1657550279026,1259.4245062184127,1268.0978200066888
2018-11-01,2018-10-25,1236.0,1228.0143772102263,1190.1064667742105,1200.4948871527524,1214.0191087815458,1228.0143772102263,1245.255647644176,1259.4194975853768,1267.7274958332696
2018-11-02,2018-10-26,1230.9000244140625,1232.6202656664113,1190.0059561182202,1201.5250796929424,1215.2384130304822,1232.6202656664113,1247.918023312464,1262.5110886569073,1271.1359260413276
2018-11-05,2018-10-29,1229.800048828125,1223.2752222187332,1181.737926296907,1193.6961471086556,1206.3946622134426,1223.2752222187332,1239.5371198611035,1256.6866775045146,1264.927231482101
2018-11-06,2018-10-30,1223.800048828125,1221.669019143692,1178.8470450466396,1192.3224429243376,1207.251980670192,1221.669019143692,1237.4412913231854,1252.249709040897,1260.861988172804
2018-11-07,2018-10-31,1226.199951171875,1211.1867273174107,1164.1641330656996,1179.9893257026433,1194.9447753268898,1211.1867273174107,1226.2254993615634,1243.3124946035716,1252.1272897562192
2018-11-08,2018-11-01,1222.9000244140625,1233.6775076903268,1197.0789021984338,1205.0411932661573,1218.4839211059616,1233.6775076903268,1247.3075402383238,1261.2908768064494,1269.4823659832405
2018-11-09,2018-11-02,1206.4000244140625,1232.5303420326702,1187.7936768262095,1200.548034873549,1214.0566387027668,1232.5303420326702,1249.5428234742708,1262.0698092170976,1272.1422015450612
2018-11-12,2018-11-05,1201.300048828125,1229.3147710908001,1194.1007626785688,1203.2616707573761,1216.1453698766857,1229.3147710908001,1247.8058276110344,1260.6332150551789,1269.0362245633946
2018-11-13,2018-11-06,1199.199951171875,1225.074036391307,1178.8226011742245,1192.859175957817,1207.8138410589477,1225.074036391307,1240.3032860270534,1255.3123249588712,1264.143647348965
2018-11-14,2018-11-07,1207.9000244140625,1223.5991169284748,1184.4443414757873,1194.1798124995348,1206.2228376913909,1223.5991169284748,1238.0620156832974,1256.867346426331,1264.7162497552347
2018-11-15,2018-11-08,1212.800048828125,1222.3558285292002,1177.389771359832,1191.62501690043,1206.4289328643845,1222.3558285292002,1237.9605960591834,1252.6794264890445,1261.8331237406048
2018-11-16,2018-11-09,1220.800048828125,1205.0209622422044,1159.161423936599,1175.6754032623585,1190.7954311347698,1205.0209622422044,1221.6647358444166,1238.0310932199507,1246.8937952723572
2018-11-19,2018-11-12,1223.0999755859375,1199.1147341447684,1152.6612948066966,1169.3580492789954,1185.7135753460188,1199.1147341447684,1213.41410533006,1229.8997673632675,1238.291667919276
2018-11-20,2018-11-13,1219.0,1196.7740331205662,1149.415404873815,1165.585427681814,1181.030725914666,1196.7740331205662,1210.1113702585726,1227.3192135395507,1236.0628495501255
2018-11-21,2018-11-14,1225.800048828125,1205.7589214035784,1164.5734655827882,1177.0578910993795,1191.6225096397736,1205.7589214035784,1220.5332429052569,1234.1225831617699,1243.0301214288222
2018-11-23,2018-11-15,1221.0,1213.4329266004002,1171.8972649817215,1183.9097791463405,1198.3699029954034,1213.4329266004002,1229.7895758302088,1240.5703769332554,1250.0792619082679
2018-11-26,2018-11-16,1220.199951171875,1221.464594456879,1185.3303488513225,1193.2811152636796,1205.7652680076603,1221.464594456879,1238.2892716313586,1249.924452743335,1258.6795727741555
2018-11-27,2018-11-19,1211.199951171875,1224.5708211695305,1186.325149540547,1194.8348130278437,1207.0494809845698,1224.5708211695305,1241.2089013643772,1254.193259833853,1262.9350616603037
2018-11-28,2018-11-20,1221.4000244140625,1219.180709511103,1180.7563656004768,1190.068831421471,1202.0013681512396,1219.180709511103,1235.7991858593225,1251.39292912474,1259.6789181709069
2018-11-29,2018-11-21,1224.0999755859375,1225.4573145977129,1186.825814714701,1195.799163500782,1208.5275568525713,1225.4573145977129,1240.4700039862273,1255.6680961006475,1263.830074300598
2018-11-30,2018-11-23,1220.199951171875,1220.788516634922,1178.4496548071518,1190.0354660367425,1202.8139958869967,1220.788516634922,1236.5188420920686,1252.7067351612804,1261.466948590378
2018-12-03,2018-11-26,1233.9000244140625,1219.0945171871729,1179.2167965451094,1190.6044180429985,1204.171743042923,1219.0945171871729,1235.2732581379687,1250.3039961420598,1258.7366648970824
2018-12-04,2018-11-27,1241.0999755859375,1210.8921683538726,1164.8575727378584,1179.9542177418375,1194.856995355376,1210.8921683538726,1226.3677980862608,1242.1308311462049,1251.005733354918
2018-12-06,2018-11-28,1238.0999755859375,1219.2696732913678,1180.1054967843716,1190.3370908848228,1203.8349897848907,1219.2696732913678,1233.5435735632475,1249.202140828643,1257.3574755881223
2018-12-07,2018-11-29,1246.800048828125,1224.3580637328737,1181.2192784393706,1193.59956856708,1207.078489167081,1224.3580637328737,1240.109193071373,1253.1664072487915,1262.6760732117914
2018-12-10,2018-11-30,1243.699951171875,1220.0749698002628,1180.7259546454961,1191.6464902346465,1204.9976418740148,1220.0749698002628,1237.1079038701387,1251.0031112309018,1259.7940188407788
2018-12-11,2018-12-03,1241.9000244140625,1234.2966093261116,1195.9779968847215,1204.9184355570233,1218.4326863945794,1234.2966093261116,1249.4444544156886,1261.8617132443767,1270.4874312311908
2018-12-12,2018-12-04,1244.4000244140625,1241.7162023288874,1203.716793348253,1211.1781055819638,1222.088737081014,1241.7162023288874,1257.7277205643843,1271.9998967426138,1280.970439146102
2018-12-13,2018-12-06,1242.699951171875,1238.908544214707,1201.6709516077572,1210.2333861752136,1222.3688524791132,1238.908544214707,1256.580729786523,1270.4994196405826,1279.2091133094052
2018-12-14,2018-12-07,1237.0,1247.6683539177097,1209.7012119500587,1218.0030134957249,1230.8840390189125,1247.6683539177097,1263.355705051317,1277.0536393719813,1285.4591839002062
2018-12-17,2018-12-10,1247.4000244140625,1244.0987398642658,1202.8245940971185,1212.7999688120335,1224.3667434583244,1244.0987398642658,1259.9003151410973,1276.7287772591872,1285.4138540634356
2018-12-18,2018-12-11,1249.199951171875,1241.2133411897983,1201.5950605884937,1211.9527290030871,1225.0641410738872,1241.2133411897983,1257.4360083713884,1273.455325052719,1281.867082991864
2018-12-19,2018-12-12,1252.0999755859375,1244.3869021978269,1201.1939439136916,1213.4469933139658,1227.457842756306,1244.3869021978269,1259.5831707883094,1274.5225058563367,1283.386593147653
2018-12-20,2018-12-13,1263.5999755859375,1241.9171575093803,1199.7516635413506,1211.4026680902275,1224.4863618877716,1241.9171575093803,1257.6819383388306,1273.894376617664,1282.739051444393
2018-12-21,2018-12-14,1253.800048828125,1236.5879425058122,1192.7045634444735,1206.4553372916585,1221.030252735768,1236.5879425058122,1252.7323264042707,1267.9447763728795,1276.8916141690106
2018-12-24,2018-12-17,1267.5,1246.4942712357201,1205.6615464200204,1216.438153633852,1230.471475619684,1246.4942712357201,1261.3981332742967,1275.7108782958023,1284.469884866714
2018-12-26,2018-12-18,1269.199951171875,1249.3344651218863,1207.1181150564971,1218.3134238645866,1231.184060909372,1249.3344651218863,1265.5433030439908,1279.830852026773,1289.2149727391457
2018-12-27,2018-12-19,1277.300048828125,1252.1286234123695,1213.7763909120708,1223.2214819336225,1236.4940588783138,1252.1286234123695,1269.2301655916885,1282.693907725974,1291.5827096208625
2018-12-28,2018-12-20,1279.9000244140625,1264.5665889456236,1225.6446044419545,1234.1566642616121,1247.100073130524,1264.5665889456236,1280.5590972532154,1293.3591593948336,1302.32855196726
2018-12-31,2018-12-21,1278.300048828125,1254.591545103313,1212.6895725129204,1223.5556747144783,1235.5524662530865,1254.591545103313,1271.7225360568689,1288.1839732599633,1297.1309832777413
2019-01-02,2018-12-24,1281.0,1266.8215687269123,1230.7514804344073,1238.0020023821717,1251.1783619373869,1266.8215687269123,1282.5382356406794,1296.8807144925045,1305.1134938554087
2019-01-03,2018-12-26,1291.800048828125,1270.4265188402069,1226.9152839952496,1237.7942971076063,1250.1356968448908,1270.4265188402069,1286.4388552341823,1301.320074734729,1310.7657405307941
2019-01-04,2018-12-27,1282.699951171875,1276.671814702155,1241.9092597746667,1248.023427147371,1259.852535072957,1276.671814702155,1293.9287909261245,1308.647555205525,1317.221049578783
2019-01-07,2018-12-28,1286.800048828125,1281.8635851513252,1239.7727596213772,1250.3137603985135,1263.718075133776,1281.8635851513252,1298.811844292752,1311.8508523534858,1321.2310326778445
2019-01-08,2018-12-31,1283.199951171875,1278.2789292934692,1239.0735453119735,1247.8031964699285,1259.8157164637707,1278.2789292934692,1295.061228945257,1311.9796600025543,1320.511226756531
2019-01-09,2019-01-02,1289.300048828125,1281.327444535367,1239.2896591413673,1250.0328319957962,1263.764070147503,1281.327444535367,1297.5189728088171,1312.8084016223424,1321.6161651051393
2019-01-10,2019-01-03,1284.699951171875,1291.5974022626901,1251.741217655704,1260.2135755802458,1273.0658952934882,1291.5974022626901,1307.2630956574126,1322.7122077699914,1331.5207810435704
2019-01-11,2019-01-04,1287.0999755859375,1283.653298355377,1239.5063826438418,1251.9986079960959,1265.387670827847,1283.653298355377,1301.4982502791222,1316.6482666584486,1326.1681817359915
2019-01-14,2019-01-07,1289.0999755859375,1286.4974002295469,1245.8854919731602,1256.3990632709706,1270.8831578263223,1286.4974002295469,1303.2293570309798,1317.924649335687,1326.5679065785978
2019-01-15,2019-01-08,1286.199951171875,1283.6353721641954,1236.5703361540764,1250.4652849486629,1264.5828557439322,1283.6353721641954,1299.2468470328402,1315.9550555679612,1325.143942147169
2019-01-16,2019-01-09,1291.5999755859375,1287.7204687897695,1247.6319039250902,1257.6010671821437,1271.0557791331273,1287.7204687897695,1303.8892903282872,1320.2432417467598,1328.8770944556238
2019-01-17,2019-01-10,1291.0,1285.6661593385336,1238.6548814928792,1253.0090003216533,1268.2311562469783,1285.6661593385336,1302.5195347057856,1316.7630198535835,1326.4371327324297
2019-01-18,2019-01-11,1281.300048828125,1286.2714891737724,1244.805153345333,1255.8818265028845,1269.967404164733,1286.2714891737724,1302.8472650158287,1318.5049802557573,1327.2760386412963
2019-01-22,2019-01-14,1282.5,1289.4916763382876,1244.342544064783,1257.0220025685987,1271.7105032992504,1289.4916763382876,1305.5044206829712,1320.4724837812391,1329.759160181734
2019-01-23,2019-01-15,1283.0999755859375,1285.7398699935961,1242.5366278251095,1254.6623277889214,1268.4201156976837,1285.7398699935961,1302.6045716697827,1318.712282903628,1327.7795068254006
2019-01-24,2019-01-16,1279.0999755859375,1291.5389548409175,1248.6743501580793,1260.1754300905145,1275.047306889238,1291.5389548409175,1307.8362986711002,1322.2291401854352,1331.2957918335662
2019-01-25,2019-01-17,1297.4000244140625,1291.2628879424617,1246.938520178169,1259.089694332092,1272.9868967112002,1291.2628879424617,1307.7312903199784,1323.3213556597093,1332.6048688765582
2019-01-28,2019-01-18,1302.4000244140625,1281.0745291615872,1236.0047923688442,1250.0496828988962,1264.5011703291004,1281.0745291615872,1298.4520215808936,1314.5913379882095,1323.7197275104745
2019-01-29,2019-01-22,1308.199951171875,1281.7057471419905,1236.289495690447,1250.1618432684481,1265.6572740104145,1281.7057471419905,1297.2478447653173,1313.3013483579577,1322.0756586729906
2019-01-30,2019-01-23,1309.9000244140625,1282.1367975848182,1235.970036058855,1249.7382861902975,1264.1738200551167,1282.1367975848182,1297.3699528716504,1314.3748320789398,1323.44665477965
2019-01-31,2019-01-24,1319.699951171875,1278.293988808703,1233.410995058859,1247.3132049703531,1262.2533252636204,1278.293988808703,1295.1621693564643,1310.579128316885,1319.8473419458496
2019-02-01,2019-01-25,1316.9000244140625,1297.18781253509,1256.9354789727622,1266.0358952212155,1281.2287072071772,1297.18781253509,1312.8159205701609,1325.4557473327623,1334.5092003701677
2019-02-04,2019-01-28,1314.300048828125,1303.9673495189863,1262.2815323634265,1271.339330872124,1284.0966359651366,1303.9673495189863,1321.1495972393855,1334.7097520756463,1344.5064863441803
2019-02-05,2019-01-29,1314.199951171875,1309.312473066825,1273.2834993404772,1279.668723014865,1292.3867326327631,1309.312473066825,1328.127330240152,1340.710337284638,1349.890796139121
2019-02-06,2019-01-30,1309.5,1312.2883108660965,1270.1923741217065,1279.7143924466668,1293.1214331317483,1312.2883108660965,1329.684465426942,1343.4986456769645,1352.8239338163685
2019-02-07,2019-01-31,1309.4000244140625,1319.6001959093164,1282.29625448741,1288.5003286931392,1299.9518579479013,1319.6001959093164,1336.0825514006126,1352.8495460558972,1361.3932132011773
2019-02-08,2019-02-01,1313.699951171875,1318.4516436607767,1274.8107941701348,1285.674939675503,1300.255094473046,1318.4516436607767,1335.7892380769545,1351.285343387709,1360.7423707530677
2019-02-11,2019-02-04,1307.0,1314.6907109034985,1272.0925026276627,1283.4906577248453,1297.9462581336563,1314.6907109034985,1331.7732468366487,1348.0486226611902,1356.9766142615715
2019-02-12,2019-02-05,1309.199951171875,1314.4711423032593,1268.231544587386,1281.60479362353,1297.023849933622,1314.4711423032593,1330.3000498073804,1346.9782122981037,1356.0676937103392
2019-02-13,2019-02-06,1310.800048828125,1308.7795584721039,1262.4773730937227,1276.581998496548,1291.2102998953992,1308.7795584721039,1324.8096964528422,1342.8462725565587,1351.9278664079843
2019-02-14,2019-02-07,1309.800048828125,1308.7840114804303,1262.5352495160034,1276.979539010583,1292.8784466794746,1308.7840114804303,1325.0396787739787,1340.8966663598421,1350.1299811566041
2019-02-15,2019-02-08,1318.0999755859375,1313.4133867569267,1267.6437289233206,1280.908763232156,1296.8188264581843,1313.4133867569267,1329.3720279218733,1344.767975526518,1354.1645585714969
2019-02-19,2019-02-11,1340.0999755859375,1307.1558679128216,1260.4380408847724,1274.988189252481,1290.4663049879002,1307.1558679128216,1324.3520962586776,1340.1775979604224,1349.7147187671583
2019-02-20,2019-02-12,1343.300048828125,1308.9424935309924,1264.3727452558096,1277.5789860347775,1293.4393092946466,1308.9424935309924,1325.3929429447953,1340.48816617004,1349.6070223152406
2019-02-21,2019-02-13,1323.5,1310.9118641825698,1264.4324435115213,1277.894324382164,1293.5488698458894,1310.9118641825698,1326.7848048105554,1342.7612844794567,1352.1403804267786
2019-02-22,2019-02-14,1329.199951171875,1309.4668597934156,1265.3726695841267,1277.945013177288,1292.8307358728498,1309.4668597934156,1326.2257105050226,1342.2759829958704,1351.5405394148993
2019-02-25,2019-02-15,1325.9000244140625,1318.488026359694,1275.2829545258635,1286.5036494603237,1302.5043755035365,1318.488026359694,1334.9929748570148,1348.8032985508037,1358.1876268249061
2019-02-26,2019-02-19,1325.0999755859375,1340.867545109815,1302.9855306952338,1308.416871837736,1323.2486642854296,1340.867545109815,1357.0104396554357,1370.1632087986939,1379.6468285566993
2019-02-27,2019-02-20,1317.699951171875,1346.2382341133953,1307.032852539682,1313.5805807555394,1328.0581702988852,1346.2382341133953,1365.5196485610638,1377.862905617607,1387.9846493487016
2019-02-28,2019-02-21,1312.800048828125,1326.3620618976097,1281.9432282640546,1294.8341791877042,1309.6487337859608,1326.3620618976097,1346.3446850237478,1361.407687534156,1370.7812643463562
2019-03-01,2019-02-22,1296.4000244140625,1328.742424484997,1284.4139893540412,1296.393031418849,1311.2064852933195,1328.742424484997,1343.1545118804786,1361.9941529722664,1370.117871324976
2019-03-04,2019-02-25,1284.800048828125,1324.5979017793788,1275.104896095659,1289.995745902213,1304.1175831036446,1324.5979017793788,1338.9100752259674,1360.0442489710163,1369.1788814813744
2019-03-05,2019-02-26,1282.0,1323.4619076004033,1279.0117033337142,1292.7810790875212,1308.0603295578496,1323.4619076004033,1340.5893063002757,1356.8375084427469,1366.1821567406166
2019-03-06,2019-02-27,1284.9000244140625,1318.6049521220136,1267.253852873342,1285.171432664908,1303.1305771814755,1318.6049521220136,1336.036346558575,1349.9405252929398,1359.907538138852
2019-03-07,2019-02-28,1283.800048828125,1311.5215686686593,1264.0827645351055,1279.6451598864387,1294.8926631415145,1311.5215686686593,1327.3971912797053,1345.5481362580463,1354.5161255218372
2019-03-08,2019-03-01,1297.0,1295.523487190388,1242.1953376485997,1262.6202891968567,1279.1301452456319,1295.523487190388,1311.7555218952161,1329.8718089847885,1339.2512451773723
2019-03-11,2019-03-04,1288.800048828125,1282.2126101888603,1230.2466932054606,1250.812615460204,1267.085051329462,1282.2126101888603,1297.3556858477718,1316.357585786796,1325.180906766876
2019-03-12,2019-03-05,1296.300048828125,1279.396651089477,1226.8995932099288,1247.038013344006,1264.2653710023642,1279.396651089477,1294.1052153081002,1311.6350856058607,1320.6803216652515
2019-03-13,2019-03-06,1307.5,1282.6215152776442,1234.6076954721361,1251.663256235454,1267.708316152357,1282.6215152776442,1298.2563755627546,1313.9329611351582,1323.2367362986502
2019-03-14,2019-03-07,1293.4000244140625,1283.7725362253377,1236.5711853193293,1253.5248005902442,1269.9068548827645,1283.7725362253377,1300.9258395746972,1313.7045127568113,1323.571573688111
2019-03-15,2019-03-08,1301.800048828125,1297.296544162494,1256.2524944842435,1267.8944822731244,1283.0744901166825,1297.296544162494,1313.6648458948973,1325.809473783932,1335.2461207718188
2019-03-18,2019-03-11,1300.300048828125,1290.5658439720364,1244.864848035213,1258.2753267245744,1273.494811044238,1290.5658439720364,1308.0274063059367,1322.6131936667316,1332.325512887048
2019-03-19,2019-03-12,1305.0,1296.1123883313153,1257.3650054377267,1266.4980270098777,1280.8945294593168,1296.1123883313153,1312.5904299705867,1327.316139194937,1336.0088862197483
2019-03-20,2019-03-13,1300.5,1308.600871998559,1265.9679090468317,1276.259806733964,1290.9012662351101,1308.600871998559,1323.9814178266024,1338.655903420517,1347.9884332033187
2019-03-21,2019-03-14,1306.0999755859375,1294.0800342778466,1250.6137914356386,1261.9347263525337,1276.17583665139,1294.0800342778466,1312.2450079600753,1329.1138623976851,1338.3522644788102
2019-03-22,2019-03-15,1311.5999755859375,1301.960121060678,1260.5138969634172,1272.0998010096891,1287.719866809568,1301.960121060678,1318.0488695088352,1332.0283071965341,1340.8814965788006
2019-03-25,2019-03-18,1321.9000244140625,1300.5647507649974,1253.4653732832471,1266.4434546164948,1281.446201386106,1300.5647507649974,1315.8555897539097,1333.6245235294248,1342.7838637808732
2019-03-26,2019-03-19,1314.300048828125,1303.8345103962106,1264.2058582335403,1273.6607683117588,1287.6332118029804,1303.8345103962106,1320.7090730187801,1336.6729324670825,1345.5094430559052
2019-03-27,2019-03-20,1309.9000244140625,1302.2010878644826,1254.5791034479737,1270.1201072946662,1286.5399175350008,1302.2010878644826,1319.278385523015,1332.9415938874527,1342.7707095366536
2019-03-28,2019-03-21,1289.800048828125,1305.368993438585,1264.2648471550756,1274.292367462001,1288.7200827166146,1305.368993438585,1321.429593036432,1337.848520576809,1346.5807803214443
2019-03-29,2019-03-22,1293.0,1312.2045249416917,1268.2502967658525,1280.1307223201816,1295.1956706420913,1312.2045249416917,1328.3914514470189,1343.298779379491,1352.7316576858111
2019-04-01,2019-03-25,1288.4000244140625,1322.275456703679,1283.3635335657123,1291.634625295593,1305.5985853702477,1322.275456703679,1339.2304705157196,1353.4811804777216,1362.770089239543
2019-04-02,2019-03-26,1290.0,1316.5516938806531,1271.6227966580282,1284.2590537627912,1299.7092656608233,1316.5516938806531,1334.6364908881123,1348.845621358679,1358.6567631521007
2019-04-03,2019-03-27,1289.9000244140625,1310.0146009466848,1266.5486665669946,1278.2041719671638,1293.4347929546198,1310.0146009466848,1326.7786780380059,1343.695743506117,1352.476239261188
2019-04-04,2019-03-28,1289.0,1289.3506144453804,1236.602117808163,1254.6662575578175,1271.3346436795432,1289.3506144453804,1305.2990387474517,1325.1994247048378,1334.1080404413378
2019-04-05,2019-03-29,1290.4000244140625,1289.3204630487176,1243.0276759730164,1257.8034727540219,1273.4358601158726,1289.3204630487176,1303.7560950057364,1323.13472182118,1331.2976839192468
2019-04-08,2019-04-01,1297.0999755859375,1287.195303281264,1234.7621773502983,1254.0849091526222,1270.8710758768084,1287.195303281264,1302.6916507226179,1319.2200763996075,1328.833138906955
2019-04-09,2019-04-02,1303.5,1288.4022068617758,1244.0678998119702,1258.8244228687718,1274.4074717893566,1288.4022068617758,1305.3480251405454,1319.8197769526623,1329.0934730996046
2019-04-10,2019-04-03,1309.0999755859375,1291.0417311939407,1246.6953472738358,1260.7859405618797,1276.589442084583,1291.0417311939407,1307.4798713715998,1320.27631127208,1329.9960064444606
2019-04-11,2019-04-04,1288.5999755859375,1288.8174405188433,1246.9722727451106,1258.5352591009878,1272.5333460388338,1288.8174405188433,1305.1631093698238,1320.9199050318498,1329.9396118358911
2019-04-12,2019-04-05,1290.5999755859375,1290.7676929103754,1248.3166822941193,1260.2495631773231,1274.8906031878669,1290.7676929103754,1306.8695481898224,1321.6592887889237,1330.81775811974
2019-04-15,2019-04-08,1286.800048828125,1297.2327334462666,1256.5901377849577,1266.3574920411684,1280.5230313864245,1297.2327334462666,1313.0545243135698,1328.0976769501283,1337.170649365489
2019-04-16,2019-04-09,1272.5999755859375,1304.4250583556372,1264.8040894845572,1273.7390459657893,1287.598830822637,1304.4250583556372,1320.944783145573,1334.9821661917372,1344.3534768516215
2019-04-17,2019-04-10,1272.199951171875,1310.5931848807327,1271.6064710078456,1279.9972795542933,1293.72988956142,1310.5931848807327,1327.5526426617305,1341.2095187142902,1350.6053121725918
2019-04-18,2019-04-11,1271.9000244140625,1290.2956590317424,1244.5058593892957,1260.1260623313742,1272.9512265341327,1290.2956590317424,1308.3312104731253,1324.9441958770162,1334.2784521018727
2019-04-22,2019-04-12,1273.5,1289.0320152423842,1245.3702283636492,1257.8268950964614,1272.8339269031776,1289.0320152423842,1303.7213056781443,1321.9936217137222,1330.0312290612928
2019-04-23,2019-04-15,1269.300048828125,1285.7126607037287,1238.1905389353742,1253.6411981965944,1267.6146174586668,1285.7126607037287,1300.4561334129817,1319.0155682721502,1327.981663739615
2019-04-24,2019-04-16,1275.5,1270.9760705124277,1226.3769059928863,1241.950935536287,1256.148040212682,1270.9760705124277,1288.0675972127149,1305.2484828169277,1314.220753845991
2019-04-25,2019-04-17,1275.800048828125,1271.606758786295,1225.5644587738632,1241.599854625733,1258.55950564156,1271.606758786295,1286.8638772740223,1301.1602107800895,1310.1941804886471
2019-04-26,2019-04-18,1284.9000244140625,1270.6041348535277,1225.7512381248064,1239.7958592541902,1254.2926637139835,1270.6041348535277,1285.5835083349843,1302.4147906283838,1311.3639257543248
2019-04-29,2019-04-22,1278.5999755859375,1272.8382100246351,1231.7640158021861,1243.514653744708,1258.354399375518,1272.8382100246351,1289.1280628963252,1303.3635215493498,1312.5521026068548
2019-04-30,2019-04-23,1282.800048828125,1270.2666374858059,1226.9192191896855,1240.7908571810485,1255.7642444025519,1270.2666374858059,1286.935129453905,1300.2734387483576,1309.7332124327343
2019-05-01,2019-04-24,1281.4000244140625,1275.2880419596104,1234.8203084450192,1245.0525793137047,1259.5336658735814,1275.2880419596104,1290.726023488793,1305.666074092495,1314.4417800384206
2019-05-02,2019-04-25,1269.699951171875,1276.4354514929796,1234.5499454745018,1246.0212564811982,1259.6681808523608,1276.4354514929796,1292.4975406813492,1307.4310281540224,1316.638421448934
2019-05-03,2019-04-26,1279.199951171875,1285.1714377045296,1247.2486058005834,1255.169758538726,1269.2002093313063,1285.1714377045296,1301.2279096395596,1315.235708120472,1324.1834740319562
2019-05-06,2019-04-29,1281.699951171875,1280.4094385506714,1237.6993035872279,1250.2231926813622,1263.5685871001856,1280.4094385506714,1297.425008408039,1311.8207415550446,1321.2766334745852
2019-05-07,2019-04-30,1283.5,1282.659941389857,1243.1130460950071,1252.4153502942647,1266.2701672183744,1282.659941389857,1298.4968720947509,1314.278772708043,1322.8219703089328
2019-05-08,2019-05-01,1279.4000244140625,1282.1268070719289,1238.4997027286422,1251.0253282633355,1264.669354438741,1282.1268070719289,1297.8651925357885,1313.7509831709874,1322.8525307352543
2019-05-09,2019-05-02,1283.5,1269.2266978971427,1225.8330816943817,1239.5540000626522,1252.7451236259813,1269.2266978971427,1285.9755010709741,1303.306658251407,1312.074174374131
2019-05-10,2019-05-03,1285.699951171875,1278.2909746338646,1236.5643372768213,1247.8445196962828,1263.7932268792074,1278.2909746338646,1292.5189282029546,1306.481204654801,1315.8838371236357
2019-05-13,2019-05-06,1300.0999755859375,1281.7228127058722,1239.4133871987538,1250.6496616985905,1264.1821539600305,1281.7228127058722,1297.1756064683816,1311.0775129222498,1320.6900073748834
2019-05-14,2019-05-07,1294.699951171875,1283.8753224610202,1246.0977042843367,1255.0162707727382,1268.912416420525,1283.8753224610202,1300.563649832723,1314.4375104608166,1321.9023240589104
2019-05-15,2019-05-08,1296.300048828125,1281.1185669752103,1238.5513681886748,1250.5784414986465,1265.9501210228746,1281.1185669752103,1298.107792173464,1311.4710517667374,1320.2431336058057
2019-05-16,2019-05-09,1285.0,1283.0839528314368,1242.75329373246,1252.92545825011,1266.1831464108159,1283.0839528314368,1298.1779445041686,1314.9865037028353,1325.1988802743822
2019-05-17,2019-05-10,1274.5,1286.0089470508478,1244.4154791432857,1255.2581940369696,1269.1188896295562,1286.0089470508478,1301.7795890215077,1316.435827997549,1325.9768580700397
2019-05-20,2019-05-13,1276.0999755859375,1300.4270948192059,1262.8246165310718,1269.9342713852193,1284.2936280758568,1300.4270948192059,1316.325566488092,1330.2647110099397,1338.4015735474136
2019-05-21,2019-05-14,1272.0,1297.2542809935667,1256.0477414868524,1266.4536531629446,1280.2783028318804,1297.2542809935667,1315.4909589115243,1329.1620984470553,1337.582059342661
2019-05-22,2019-05-15,1273.5999755859375,1296.979369594179,1258.3545692622424,1267.4297065319915,1281.117000681751,1296.979369594179,1313.5711906218344,1330.3854870918133,1339.5184384499532
2019-05-23,2019-05-16,1284.800048828125,1285.8839806371852,1240.3219228847233,1254.7064908041275,1268.3718791197782,1285.8839806371852,1302.1155887449627,1318.6455967395952,1329.890175202157
2019-05-24,2019-05-17,1283.0,1272.4504974858005,1229.650501120761,1243.7082994720543,1256.0639476573317,1272.4504974858005,1286.8832622422656,1305.6578548382522,1316.8979681922176
2019-05-28,2019-05-20,1276.5,1274.2968498327632,1229.2474203513266,1243.7011175164498,1259.4094367760836,1274.2968498327632,1287.9277927707078,1301.9204462804194,1312.209760122134
2019-05-29,2019-05-21,1280.5999755859375,1270.5201258770421,1227.2780310564217,1240.8358503217514,1254.6643254918872,1270.5201258770421,1285.214348317243,1299.142569185043,1308.588568225094
2019-05-30,2019-05-22,1287.0999755859375,1272.9564459067167,1232.2311522142638,1243.8496568025596,1259.477118610523,1272.9564459067167,1288.3867908803213,1300.595100278253,1308.2606331446038
2019-05-31,2019-05-23,1305.800048828125,1285.2603400201392,1244.4360212169029,1254.2377634621735,1270.2227299074534,1285.2603400201392,1300.7939910570246,1312.5034067914323,1320.635439665617
2019-06-03,2019-05-24,1322.699951171875,1284.254523830993,1244.5014163201206,1254.2685540666623,1267.4805197231299,1284.254523830993,1301.3881303042708,1315.4642883986342,1323.8358748756548
2019-06-04,2019-05-28,1323.4000244140625,1277.6208859411138,1237.3322269611288,1248.4742645133392,1262.6146375138992,1277.6208859411138,1294.6548685451085,1309.8189396753055,1318.4481570838536
2019-06-05,2019-05-29,1328.300048828125,1280.5493931133096,1238.1604235601685,1249.6448486156696,1264.1886180789527,1280.5493931133096,1295.4718073667727,1311.3165746203376,1321.8076569239843
2019-06-06,2019-05-30,1337.5999755859375,1286.5948852697852,1245.9171725508554,1255.8237088618112,1268.7796762334697,1286.5948852697852,1301.5963466684238,1317.2467678861535,1327.2727714526523
2019-06-07,2019-05-31,1341.199951171875,1306.6102672375985,1270.1134911536165,1275.8731664424697,1290.6745571323222,1306.6102672375985,1322.9536320428065,1335.4295618821202,1342.6281220550013
2019-06-10,2019-06-03,1324.699951171875,1326.2789721077927,1289.8364653402261,1294.244106307669,1309.1451987332107,1326.2789721077927,1344.9748202891765,1356.6030812798706,1363.2833183081163
2019-06-11,2019-06-04,1326.4000244140625,1327.6434462981529,1291.3111947512248,1296.8506953282763,1309.0676267994563,1327.6434462981529,1347.5662439657428,1363.5852832008477,1371.6530437994663
2019-06-12,2019-06-05,1331.9000244140625,1331.2998102505592,1292.4328458267819,1299.971776740048,1312.8962394290586,1331.2998102505592,1349.24615553177,1367.11214217915,1378.1457536797443
2019-06-13,2019-06-06,1339.199951171875,1339.0057845204997,1298.2488715338386,1306.6399616227725,1318.45597694523,1339.0057845204997,1355.6923843131958,1374.6599925541514,1386.94083787858
2019-06-14,2019-06-07,1340.0999755859375,1342.4957625415775,1302.7698285666004,1310.9137503253019,1322.7639664638568,1342.4957625415775,1359.6442389906224,1377.9274004907522,1387.7559328322416
2019-06-17,2019-06-10,1338.699951171875,1326.5482310593966,1282.1676302162932,1295.9368930202259,1309.4330372622815,1326.5482310593966,1344.5224997102623,1362.2487040909787,1370.9265526116392
2019-06-18,2019-06-11,1346.5999755859375,1325.7357392223244,1281.181519017455,1294.5181679956415,1309.2038031727884,1325.7357392223244,1340.1424393624793,1358.2004946769841,1369.7821330028717
2019-06-19,2019-06-12,1344.5999755859375,1330.8545257633948,1285.305881080134,1298.4761849239617,1312.3208254415479,1330.8545257633948,1345.8183253884708,1361.9357315157413,1372.6752526548366
2019-06-20,2019-06-13,1392.9000244140625,1339.1779413925797,1299.3997337114793,1308.0825168677336,1322.2758266671012,1339.1779413925797,1355.347848352413,1369.6934330670351,1377.0365620646332
2019-06-21,2019-06-14,1396.199951171875,1342.457691324979,1300.4610921398366,1310.9545489784439,1327.0337368583332,1342.457691324979,1361.0881363295287,1372.8840803257956,1379.9982975922067
2019-06-24,2019-06-17,1414.300048828125,1340.1264689249979,1297.7996863952833,1308.7556273169016,1322.784472481565,1340.1264689249979,1357.3523177636155,1373.9211663829158,1383.390148921387
2019-06-25,2019-06-18,1414.9000244140625,1347.1916853285838,1304.9302179545696,1315.0929127427373,1329.2188782070507,1347.1916853285838,1363.4012541044199,1379.8055691487943,1390.4117422280347
2019-06-26,2019-06-19,1411.5999755859375,1345.4966530793513,1302.2876650670564,1313.6857347631858,1326.9684974122656,1345.4966530793513,1362.6783744076997,1379.425943643329,1388.67775958222
2019-06-27,2019-06-20,1408.4000244140625,1393.8034446705578,1360.2900252883655,1361.0766144978659,1376.2606154302816,1393.8034446705578,1409.7178812307393,1421.0478740521519,1431.195702707636
2019-06-28,2019-06-21,1409.699951171875,1402.3102073506334,1363.365031726459,1368.2764958407388,1380.6633803962732,1402.3102073506334,1426.3016220114878,1438.4054296776305,1444.8666168846753
2019-07-01,2019-06-24,1385.5999755859375,1419.271615352532,1387.8309302066277,1389.9066795009708,1400.9307049934139,1419.271615352532,1439.5502339728846,1457.4339061203796,1465.8925262551943
2019-07-02,2019-06-25,1404.5999755859375,1420.7938502766103,1375.2731229656974,1385.5285684009518,1399.263510216879,1420.7938502766103,1443.1238041596575,1460.2140023200627,1473.2833759126647
2019-07-03,2019-06-26,1417.699951171875,1412.2075691565665,1371.8417282293603,1379.7808583349747,1388.3387642815628,1412.2075691565665,1428.7105677423624,1456.693419811698,1470.2072409935436
2019-07-05,2019-06-27,1396.699951171875,1409.5070210374956,1361.7547504247268,1375.8331269929597,1390.6544210014802,1409.5070210374956,1427.0791885020262,1445.6267090566066,1457.535872031967
2019-07-08,2019-06-28,1397.0,1408.85482197341,1362.7866585584723,1375.5221840105107,1388.9903353490622,1408.85482197341,1424.588568656769,1444.696854595897,1456.2819341970733
2019-07-09,2019-07-01,1397.5,1385.5543052337946,1334.8025259187366,1353.4578001505217,1368.1261936337842,1385.5543052337946,1402.950755384891,1421.4506865161643,1430.1646388637957
2019-07-10,2019-07-02,1410.0999755859375,1402.4473725559392,1357.90999677497,1369.4281908206813,1387.0641541480622,1402.4473725559392,1415.9801965274817,1431.2168040286394,1442.3373094842016
2019-07-11,2019-07-03,1404.300048828125,1418.606015405439,1371.6363108021937,1381.2066388636442,1398.5800555443407,1418.606015405439,1435.4865659918653,1448.3616819301017,1457.1781117017129
2019-07-12,2019-07-05,1409.9000244140625,1399.405933708115,1359.614591641236,1368.6322090040728,1381.9234600438326,1399.405933708115,1418.7364149109044,1436.8904895584271,1445.0981493058257
2019-07-15,2019-07-08,1411.4000244140625,1399.2114224353377,1354.4811872529035,1368.211651353277,1384.0832365881588,1399.2114224353377,1415.4264501441583,1429.7543622114797,1440.5098753480256
2019-07-16,2019-07-09,1409.199951171875,1395.733461642705,1350.1641902153613,1361.7962412268164,1375.7860219164597,1395.733461642705,1411.452922315423,1430.5194926115307,1443.0170742259174
2019-07-17,2019-07-10,1421.300048828125,1409.3564642286262,1367.2360378617204,1375.7195364569807,1391.2262180421221,1409.3564642286262,1424.944056669623,1441.770726936419,1452.1757060280731
2019-07-18,2019-07-11,1426.0999755859375,1407.797463852406,1363.0075766045177,1373.9362626003156,1390.2728580511102,1407.797463852406,1426.3153892102607,1439.247399026207,1446.9170875371333
2019-07-19,2019-07-12,1425.0999755859375,1411.397272972455,1369.4321885884383,1378.928219076899,1393.8437514186448,1411.397272972455,1428.4065590821256,1445.1212793308498,1455.9149914116517
2019-07-22,2019-07-15,1425.300048828125,1412.8291748473287,1368.1455665940753,1378.5031481243457,1393.5799229911343,1412.8291748473287,1430.4159215858626,1446.6847614108442,1457.2701565787272
2019-07-23,2019-07-16,1420.0999755859375,1409.6678507187353,1367.8242548008857,1377.156135940219,1390.9996533187323,1409.6678507187353,1426.9497977111134,1445.7573746488997,1456.7425339612878
2019-07-24,2019-07-17,1422.800048828125,1422.7802404494378,1378.4523722704794,1388.4478141063614,1404.7729263811068,1422.7802404494378,1439.4808119520285,1454.176278603741,1464.5506304973992
2019-07-25,2019-07-18,1413.9000244140625,1427.7979848185769,1384.2860893514821,1392.712012936563,1407.9129149531586,1427.7979848185769,1445.96132948102,1462.4152687369208,1472.4770943240937
2019-07-26,2019-07-19,1418.5,1427.4439810566437,1385.4709843306323,1394.2658991063279,1408.883406804294,1427.4439810566437,1445.9096808510913,1463.060349543964,1473.1242389062527
2019-07-29,2019-07-22,1419.5999755859375,1427.198535395478,1383.2078543594223,1393.7431676100525,1408.659697930293,1427.198535395478,1445.0423791196731,1461.8536060620177,1472.7643948765012
2019-07-30,2019-07-23,1429.699951171875,1420.2767132645824,1376.656465341122,1387.3391431975328,1401.11746142245,1420.2767132645824,1437.611835905138,1456.8813069654823,1468.5326653955854
2019-07-31,2019-07-24,1426.0999755859375,1422.7776113245595,1378.6888045201713,1389.6875004082253,1404.7554272130938,1422.7776113245595,1439.104892576616,1456.5366193794866,1467.7460690628448
2019-08-01,2019-07-25,1420.9000244140625,1414.5037826060613,1369.4351310082325,1381.5457286944509,1396.38947532034,1414.5037826060613,1431.6777677619496,1448.6999396933193,1458.8674384253977
2019-08-02,2019-07-26,1445.5999755859375,1418.4315358069573,1374.424333643503,1385.7697398566147,1401.313017658692,1418.4315358069573,1434.2374757428554,1450.8335256617133,1461.7209735301603
2019-08-05,2019-07-29,1464.5999755859375,1420.5162714288178,1374.6840903400703,1386.1197925386027,1402.14344697879,1420.5162714288178,1437.4446715523138,1452.6168511912324,1462.4456287187413
2019-08-06,2019-07-30,1472.4000244140625,1430.6297572829321,1387.5760919910585,1396.525497878815,1412.3832459783305,1430.6297572829321,1447.4702724813399,1463.4764933313597,1473.6697152941797
2019-08-07,2019-07-31,1507.300048828125,1428.872314006231,1384.3293319635723,1394.6159396297644,1410.2028769591584,1428.872314006231,1447.5105957886974,1462.7194867889762,1471.9037421546273
2019-08-08,2019-08-01,1497.699951171875,1422.0506858881738,1379.4641542327986,1389.9569065500175,1403.9866660378361,1422.0506858881738,1439.6572661826467,1458.1700388134202,1469.2869235653095
2019-08-09,2019-08-02,1496.5999755859375,1445.9607340343039,1400.9173858116903,1410.187297268506,1427.6738919253335,1445.9607340343039,1461.4056511021179,1476.7960484896457,1486.3591594575012
2019-08-12,2019-08-05,1505.300048828125,1467.0076306520016,1423.4065206377518,1428.613564201503,1445.165924954587,1467.0076306520016,1485.515591968439,1500.879385760501,1508.4015418884296
2019-08-13,2019-08-06,1502.199951171875,1477.8653025352876,1437.3296417356803,1442.2048851615182,1458.1003396873648,1477.8653025352876,1498.9785264140216,1514.923059513969,1520.7691672764472
2019-08-14,2019-08-07,1515.9000244140625,1512.5795510400121,1469.8423302773801,1474.0575453900865,1492.325748689965,1512.5795510400121,1532.5872785823906,1548.2494156595728,1555.2576241026907
2019-08-15,2019-08-08,1519.5999755859375,1503.0014342157988,1460.5370350496032,1465.0823039370403,1477.859646594798,1503.0014342157988,1525.7665074786235,1547.7515296017637,1559.2282045155255
2019-08-16,2019-08-09,1512.5,1499.6785864834135,1459.0929460985742,1466.5123970981433,1480.0898435735473,1499.6785864834135,1518.7599844348401,1542.2528610826892,1553.2007346636553
2019-08-19,2019-08-12,1500.4000244140625,1506.3966511877532,1458.2082038037033,1469.2964793314777,1485.5105383847233,1506.3966511877532,1523.990301047994,1543.0842611182645,1557.0307939833124
2019-08-20,2019-08-13,1504.5999755859375,1501.9871827486452,1457.656718309455,1465.8873413660874,1479.5290536815187,1501.9871827486452,1519.3157255860322,1541.7877227016631,1553.8557592259986
2019-08-21,2019-08-14,1504.5999755859375,1517.7210223042705,1471.7009882598757,1481.8893096965994,1499.8412580118627,1517.7210223042705,1535.4865146146633,1550.7776739112774,1559.2938606196926
2019-08-22,2019-08-15,1497.300048828125,1522.090998869543,1475.0212847791224,1484.6622932399855,1501.357495182265,1522.090998869543,1541.4758600764017,1557.9622209568897,1568.2773889420482
2019-08-23,2019-08-16,1526.5999755859375,1514.6871357327368,1470.291139399932,1479.9667412069398,1494.7959570893443,1514.6871357327368,1533.842953754888,1553.6776500242931,1564.2912807408165
2019-08-26,2019-08-19,1526.300048828125,1501.6544437564105,1454.2795423072978,1467.9965390696852,1483.3727351754706,1501.6544437564105,1519.7774084154,1538.5472877892662,1551.6106478935699
2019-08-27,2019-08-20,1541.0,1503.067195247379,1455.3273529670737,1467.9830627142073,1483.9521150278988,1503.067195247379,1518.3402163073458,1537.909733559685,1550.9669352359608
2019-08-28,2019-08-21,1537.800048828125,1504.1767494339103,1455.9956895236064,1468.141420156544,1484.6861786518316,1504.1767494339103,1520.9261356704978,1537.5188101736655,1548.6150756427962
2019-08-29,2019-08-22,1526.5,1498.3137175938089,1451.8636027272653,1464.3206255452762,1480.6028603161644,1498.3137175938089,1516.1494063174384,1532.3260979409376,1542.1545831268802
2019-08-30,2019-08-23,1519.0999755859375,1527.4299926204574,1479.7950546938928,1490.0393747056796,1509.7161274866492,1527.4299926204574,1543.7934652718427,1557.5268779648472,1565.8350567030348
2019-09-03,2019-08-26,1545.9000244140625,1529.3915984518815,1482.6470949114264,1490.6477443634371,1506.8446178464703,1529.3915984518815,1550.0118282877606,1566.3478697920161,1575.8469576063123
2019-09-04,2019-08-27,1550.300048828125,1544.6414278957707,1502.0598619711607,1508.7282295205114,1525.6977863513725,1544.6414278957707,1564.1832181329112,1582.143447826068,1589.1309985567093
2019-09-05,2019-08-28,1515.4000244140625,1541.9423909297861,1493.852325250735,1504.334995292213,1520.7552946766932,1541.9423909297861,1563.1576928893753,1580.41134560464,1592.3897940818113
2019-09-06,2019-08-29,1506.199951171875,1527.332785940125,1483.276010360318,1492.9018498332607,1506.0646110066587,1527.332785940125,1545.6574370715227,1570.0379984459378,1583.1905978662455
2019-09-09,2019-08-30,1502.199951171875,1519.1443721625774,1470.1960377145954,1484.7098205904617,1500.6862783438894,1519.1443721625774,1536.2387514106972,1555.1863975219069,1569.0127460901576
2019-09-10,2019-09-03,1490.300048828125,1544.1883491518468,1498.1297144149182,1505.2992098512955,1524.5930600137776,1544.1883491518468,1559.724930800884,1578.3826917241681,1589.4006810215756
2019-09-11,2019-09-04,1494.4000244140625,1553.3558852031451,1506.0513262881607,1514.4792856944528,1531.2908777718467,1553.3558852031451,1574.069984789969,1588.5865932312297,1596.231558824951
2019-09-12,2019-09-05,1498.699951171875,1520.3306547116756,1475.9285079065369,1489.7739150016948,1502.1036537716866,1520.3306547116756,1540.2028760476908,1558.8644590966771,1570.1293642856635
2019-09-13,2019-09-06,1490.9000244140625,1505.428308843925,1461.5422805334988,1475.1243394925973,1490.309553803382,1505.428308843925,1520.051349040059,1540.7800556298803,1558.2533439972838
2019-09-16,2019-09-09,1503.0999755859375,1497.551568765927,1451.9461297836033,1461.5383749336884,1478.0577438954006,1497.551568765927,1512.0059127078614,1533.7288116733362,1549.0205396420106
2019-09-17,2019-09-10,1505.0999755859375,1488.6553118946408,1442.539024459514,1454.6836175330234,1471.2849099889645,1488.6553118946408,1505.0606564042332,1521.6858295573668,1530.8532683530316
2019-09-18,2019-09-11,1507.5,1495.062382551551,1448.4400162081242,1462.127787429084,1480.0896403654367,1495.062382551551,1512.5384563179762,1523.2428506301737,1532.6198385416387
2019-09-19,2019-09-12,1498.4000244140625,1499.2640492135947,1453.2859988713392,1463.63854868836,1480.663084063278,1499.2640492135947,1517.137691988482,1531.522967976058,1541.544326807408
2019-09-20,2019-09-13,1507.300048828125,1492.7674317583503,1447.941035869556,1458.8599006618592,1474.26714024482,1492.7674317583503,1510.8771546499202,1527.3117937766876,1537.0175355656597
2019-09-23,2019-09-16,1523.699951171875,1504.5789633996649,1459.7845749334967,1469.9565035111382,1487.1715012290344,1504.5789633996649,1521.6338063626977,1537.0799735950395,1547.8456473225967
2019-09-24,2019-09-17,1532.0999755859375,1506.7018007674105,1461.6838574146354,1470.2342680508166,1486.0225529775093,1506.7018007674105,1525.084275945741,1542.4656429772338,1553.418036029813
2019-09-25,2019-09-18,1504.5999755859375,1509.7883442456416,1465.5995529499983,1474.7531054821163,1490.6057607510252,1509.7883442456416,1527.4484802864858,1545.7788811111643,1555.6483520489617
2019-09-26,2019-09-19,1507.5,1500.8691449720602,1456.4073440710176,1467.4457566690348,1482.0454566749,1500.8691449720602,1519.2196823443974,1536.620222105667,1549.186615454606
2019-09-27,2019-09-20,1499.0999755859375,1507.2548184908703,1463.2303253546618,1471.9044383015487,1488.5113104848442,1507.2548184908703,1523.0292234208064,1543.1473995494518,1555.3596322676262
2019-09-30,2019-09-23,1465.699951171875,1524.8113977017242,1479.0723056271274,1486.764302474145,1504.3223540032363,1524.8113977017242,1542.8176916535572,1559.0357516252834,1569.0766411510162
2019-10-01,2019-09-24,1482.0,1535.6580380150535,1490.3780041236746,1498.1780836807961,1514.5803263249577,1535.6580380150535,1555.065502998223,1571.8101112926504,1579.9479922654407
2019-10-02,2019-09-25,1501.0,1509.2850081120323,1465.272316889912,1477.631047787513,1490.0553078189535,1509.2850081120323,1529.0976193800168,1547.78005822652,1560.311960157991
2019-10-03,2019-09-26,1507.0999755859375,1506.811914045929,1463.5676633146122,1474.1117574072832,1490.0201725161746,1506.811914045929,1521.169658964615,1543.3341676367777,1558.866017671806
2019-10-04,2019-09-27,1506.199951171875,1497.1416688401591,1451.7148761848803,1461.3743511171929,1476.852959769179,1497.1416688401591,1513.6338243985315,1533.6703615180647,1547.8786797619994
2019-10-07,2019-09-30,1497.699951171875,1465.0307650774553,1420.7683661960616,1434.4973653343895,1448.2070255959482,1465.0307650774553,1481.2777786018546,1501.1135299283092,1512.662680944454
2019-10-08,2019-10-01,1497.199951171875,1479.914675295655,1434.2931537399718,1447.526912809635,1466.66077623233,1479.914675295655,1494.315568069246,1507.1760089525608,1519.3076762855362
2019-10-09,2019-10-02,1506.0999755859375,1500.4959951148112,1451.9483998479473,1459.9297984051311,1478.3399794713923,1500.4959951148112,1518.708556049215,1530.9441220364818,1540.4522362453356
2019-10-10,2019-10-03,1494.800048828125,1511.9968227118798,1468.559462273126,1475.115728526042,1491.1569646082,1511.9968227118798,1531.0387566326292,1544.0865460153705,1549.4633821952302
2019-10-11,2019-10-04,1482.699951171875,1513.36785196499,1471.1998335717117,1481.0861792005935,1495.8643455009274,1513.36785196499,1532.2446042206877,1545.1211719382145,1555.4607666786578
2019-10-14,2019-10-07,1491.699951171875,1498.9414463385665,1454.8590439376858,1464.8397723649057,1479.338823016873,1498.9414463385665,1516.3935174438818,1538.7386575984692,1553.412296449707
2019-10-15,2019-10-08,1477.5999755859375,1496.258119481192,1452.011661266628,1461.3558366245547,1477.3204140515336,1496.258119481192,1512.3450002830114,1533.942023734241,1548.024507229587
2019-10-16,2019-10-09,1488.0,1506.139819947972,1460.856787728584,1469.4561285917941,1486.5514617250572,1506.139819947972,1523.0228815496162,1540.141651527513,1551.842199444014
2019-10-17,2019-10-10,1492.300048828125,1496.6391127194097,1451.3594588392325,1462.19414195437,1476.8317195487284,1496.6391127194097,1514.6497985283086,1531.1814091528017,1542.66378595529
2019-10-18,2019-10-11,1488.199951171875,1483.9333861949128,1441.2457066650036,1452.9124132332845,1467.5528040817208,1483.9333861949128,1499.8384316461534,1517.5699988133142,1530.9674525285036
2019-10-21,2019-10-14,1482.4000244140625,1490.8634484383197,1446.4248005185166,1456.1010737467332,1473.3403307994356,1490.8634484383197,1506.4342296828222,1523.4279772773684,1536.8945234384043
2019-10-22,2019-10-15,1481.699951171875,1477.340378692309,1430.9616070491825,1442.4368824348205,1457.029900416663,1477.340378692309,1494.8605992584228,1512.190693406908,1524.6384945139075
2019-10-23,2019-10-16,1489.9000244140625,1489.117784391527,1447.386946193582,1455.7439119732978,1472.9089309945234,1489.117784391527,1504.3584980668988,1519.661672632273,1529.977065225346
2019-10-24,2019-10-17,1498.9000244140625,1494.6090027835378,1448.587901327314,1458.611810943204,1474.7853132957766,1494.6090027835378,1512.9180645895817,1526.164276983969,1537.5063746646529
2019-10-25,2019-10-18,1499.5,1489.9047896717252,1446.4908163789107,1455.1205181702583,1470.2663099607146,1489.9047896717252,1507.236470698893,1525.8160547476189,1536.2601009752832
2019-10-28,2019-10-21,1490.0,1484.9390373286888,1441.7459728503377,1452.8005451523443,1467.757141255129,1484.9390373286888,1501.8381967204891,1517.827777781829,1530.6932445983925
2019-10-29,2019-10-22,1487.0,1481.2633435470943,1437.061121123719,1446.801101734334,1462.6427409947985,1481.2633435470943,1497.464184478223,1516.7739444885212,1530.1849388114501
2019-10-30,2019-10-23,1493.199951171875,1490.1891032606868,1445.6948167165838,1454.163490234011,1471.0030680375994,1490.1891032606868,1506.8568081312753,1523.5351725919859,1534.7327707631807
2019-10-31,2019-10-24,1511.4000244140625,1501.3855670575283,1456.896429799205,1464.8577025513187,1481.463440768252,1501.3855670575283,1519.3171898617106,1534.061584631889,1543.5525334163185
2019-11-01,2019-10-25,1508.0,1503.2057733834338,1459.4080148193145,1468.1431863384494,1483.5421924641216,1503.2057733834338,1521.5641092615788,1537.448941526725,1547.5893335930623
2019-11-04,2019-10-28,1508.0,1492.5218777705525,1449.072271719543,1459.5412941552895,1473.9479942383334,1492.5218777705525,1510.0111704236144,1528.6456912636327,1541.539031596036
2019-11-05,2019-10-29,1480.800048828125,1486.91872142784,1443.2510928716495,1453.389854111747,1468.9518283345833,1486.91872142784,1502.9597991016442,1522.9670793007083,1537.0722178075225
2019-11-06,2019-10-30,1490.199951171875,1492.6184445178299,1447.5887760080068,1456.6007719909503,1473.3790654795841,1492.6184445178299,1509.0726104511489,1526.9713854182048,1539.4056215890607
2019-11-07,2019-10-31,1464.199951171875,1513.3526770554315,1468.2827032740795,1475.9933231436762,1493.8375647760067,1513.3526770554315,1530.1557271398733,1544.8198759333686,1553.1087165271058
2019-11-08,2019-11-01,1461.300048828125,1512.8679718502356,1468.5554830789629,1476.7321493031309,1492.1727948552777,1512.8679718502356,1531.68833891815,1547.5482889855505,1557.0449218049553
2019-11-11,2019-11-04,1455.5,1511.2674060934603,1470.1157680382305,1478.3376362886938,1493.0194415710453,1511.2674060934603,1528.2654978522123,1548.089800510794,1560.453042458212
2019-11-12,2019-11-05,1452.0999755859375,1481.479261195103,1436.4102587655543,1450.5124776293646,1462.2658500920734,1481.479261195103,1498.82182643905,1519.914063682312,1536.7450111325688
2019-11-13,2019-11-06,1461.699951171875,1487.072845248615,1443.1506142853975,1455.4743135126132,1471.4012218654248,1487.072845248615,1500.4903785232984,1520.317990081161,1533.4963665770956
2019-11-14,2019-11-07,1471.800048828125,1464.1714876722199,1415.724656261533,1430.670631527195,1444.5492551839534,1464.1714876722199,1481.022720062053,1494.8543766242706,1507.773465619513
2019-11-15,2019-11-08,1467.300048828125,1459.8497570778966,1417.0856081462641,1429.6707158039867,1445.8223765451453,1459.8497570778966,1472.6591773676982,1488.4570817427634,1497.641364774178
2019-11-18,2019-11-11,1470.9000244140625,1457.0919295147528,1414.418219242798,1423.6375637965543,1439.70626572578,1457.0919295147528,1472.0955903536205,1481.4225847510165,1493.2328335922048
2019-11-19,2019-11-12,1473.300048828125,1450.9264673842317,1404.7061549771304,1418.0215854221296,1433.9152615628159,1450.9264673842317,1465.7162715766892,1481.306752718886,1490.000782095853
2019-11-20,2019-11-13,1473.300048828125,1464.8327120328106,1424.400651725366,1430.5441402719584,1447.9577373433199,1464.8327120328106,1479.8486211092438,1489.947304299601,1498.5648706574843
2019-11-21,2019-11-14,1463.0999755859375,1474.3531476995765,1430.3535126461727,1438.3038663812163,1454.9226421220649,1474.3531476995765,1491.2876492915575,1505.6258226995344,1514.4046820512253
2019-11-22,2019-11-15,1463.0999755859375,1471.1300710500705,1428.4446178073076,1437.1970801465766,1451.9235790524908,1471.1300710500705,1488.722749851397,1505.457512296932,1515.4393736789593
2019-11-25,2019-11-18,1456.5999755859375,1473.5016641451707,1433.0617344679424,1440.9008812445534,1455.6745680375934,1473.5016641451707,1489.751209566821,1508.0688520606473,1520.488131923821
2019-11-26,2019-11-19,1459.800048828125,1474.2468427314018,1429.8983024202914,1440.0363013680806,1454.6744532547439,1474.2468427314018,1491.2331993457199,1510.033747672677,1523.1178328283138
2019-11-27,2019-11-20,1453.4000244140625,1474.2758002002975,1429.588157764828,1440.4556708924474,1455.365457492122,1474.2758002002975,1490.9916140224113,1509.698784849624,1520.8220622765357
2019-11-29,2019-11-21,1465.5999755859375,1465.144371602917,1422.3803649884403,1432.8956774503808,1446.9822828105307,1465.144371602917,1481.625441730829,1498.7702204003701,1511.1094938877795
2019-12-02,2019-11-22,1462.300048828125,1463.1970241091217,1420.4553118814724,1431.1242687118338,1446.046686701916,1463.1970241091217,1478.3582708493745,1496.0774037208064,1508.6127417908328
2019-12-03,2019-11-25,1478.199951171875,1456.8340664263462,1411.8882980599074,1423.6964458883103,1438.4529375348366,1456.8340664263462,1472.8028723812067,1488.8329525858583,1500.8619963442202
2019-12-04,2019-11-26,1474.0,1460.301562906182,1416.981953936692,1427.2169523977452,1443.2002380188344,1460.301562906182,1475.3827413935705,1490.865132678317,1500.757562191374
2019-12-05,2019-11-27,1476.9000244140625,1455.4954388490196,1412.274530715933,1422.1709982929071,1437.2363036539646,1455.4954388490196,1471.72424618635,1485.8081986687093,1496.7311166900556
2019-12-06,2019-11-29,1459.0999755859375,1466.6890861395766,1424.4897887414804,1432.882480967417,1449.421325810582,1466.6890861395766,1481.8938797114213,1497.6778991215765,1507.3396950927809
2019-12-09,2019-12-02,1459.300048828125,1465.6012243143398,1421.4277276022735,1430.534455008478,1445.66896684277,1465.6012243143398,1482.6742423244984,1498.17568030074,1508.2823265333693
2019-12-10,2019-12-03,1462.5999755859375,1480.201255629155,1437.4230974505206,1445.5912708099977,1462.6063132680765,1480.201255629155,1496.4265558340408,1512.7341745881217,1523.406129430413
2019-12-11,2019-12-04,1469.4000244140625,1478.0876159117756,1434.5460446413892,1443.0471088000809,1457.3911728822923,1478.0876159117756,1495.9167818396152,1513.165390651647,1524.2533580816662
2019-12-12,2019-12-05,1466.699951171875,1478.0657581204105,1434.3736003196495,1445.2789833381316,1460.1293754732244,1478.0657581204105,1494.505983115747,1514.2313914964197,1526.753035730711
2019-12-13,2019-12-06,1475.5999755859375,1461.2418170540261,1418.2237318544535,1429.5872721998346,1442.0710909621562,1461.2418170540261,1477.5204832945974,1496.5602306671447,1509.6835404571182
2019-12-16,2019-12-09,1475.0,1457.6725920383483,1413.2166175775124,1426.2223602006025,1441.2409153479146,1457.6725920383483,1472.0666591377003,1490.9270345923765,1503.9330171155514
2019-12-17,2019-12-10,1474.5999755859375,1463.6403497765205,1418.8879146369202,1428.5526957126685,1444.9771916359655,1463.6403497765205,1479.0738993724558,1493.229607854259,1503.4210858659828
2019-12-18,2019-12-11,1472.5999755859375,1471.0212579073411,1425.167535132754,1435.304742700609,1452.5305922117318,1471.0212579073411,1487.3362891044496,1501.568955390352,1510.4906724822574
2019-12-19,2019-12-12,1478.199951171875,1471.1102737622582,1429.4528683238766,1437.1258383144377,1452.5764660012137,1471.1102737622582,1487.6727083509527,1501.7307681813345,1511.5615380460983
2019-12-20,2019-12-13,1474.699951171875,1477.6683065671427,1435.3272680409643,1443.83610782081,1459.7148061214275,1477.6683065671427,1493.8097906598637,1510.888173617966,1522.4704715371481
2019-12-23,2019-12-16,1482.5,1477.3514383845238,1432.6814629492565,1442.539625316822,1457.3538870588204,1477.3514383845238,1494.5675835570262,1512.5502882991686,1524.024596127658
2019-12-24,2019-12-17,1499.0999755859375,1476.1820562752173,1432.1130748663534,1442.8804480590884,1457.7933415706887,1476.1820562752173,1492.6612717268702,1511.0686712197628,1522.9020899326836
2019-12-26,2019-12-18,1509.300048828125,1474.6559583737499,1431.814846192134,1441.4456482873256,1456.1262404841082,1474.6559583737499,1490.7794434398463,1508.2178490333379,1520.2821930898908
2019-12-27,2019-12-19,1513.800048828125,1478.903005443975,1433.9473822983198,1444.52440602376,1460.3585517736549,1478.903005443975,1495.0453553186237,1512.7220645474204,1524.3083670862814
2019-12-30,2019-12-20,1514.5,1476.9444282269321,1432.230264744053,1442.5467093457387,1457.678981692422,1476.9444282269321,1493.634793361376,1510.2519749198348,1521.1131022291422
2019-12-31,2019-12-23,1519.5,1484.354542821187,1441.2130935353152,1450.2287396494248,1466.5164735492535,1484.354542821187,1500.362576003306,1516.6710333541537,1527.7655593934592
2020-01-02,2019-12-24,1524.5,1502.02242810832,1457.9483804980025,1464.958861394417,1482.2514438457233,1502.02242810832,1519.2608548412072,1534.9247901345639,1545.2029790935462
2020-01-03,2019-12-26,1549.199951171875,1513.0208844650062,1467.212406495923,1475.6278126705142,1492.0833294194697,1513.0208844650062,1531.7632254040323,1549.3929267486053,1559.53981640994
2020-01-06,2019-12-27,1566.199951171875,1518.4366835144997,1476.0302446374872,1483.5286525631795,1498.5590128825008,1518.4366835144997,1536.7346676788798,1555.6236136998832,1567.5378971340315
2020-01-07,2019-12-30,1571.800048828125,1517.0379768659166,1473.4526608516278,1483.123566160705,1497.058200295832,1517.0379768659166,1534.8371026422017,1556.5703738241493,1570.5046198856958
2020-01-08,2019-12-31,1557.4000244140625,1520.3060470046082,1474.5605107106962,1485.560652332269,1500.463239405024,1520.3060470046082,1537.6592040409478,1559.1995382777814,1572.8438760688334
2020-01-09,2020-01-02,1551.699951171875,1525.6993414014273,1481.0189659719435,1490.941607366357,1505.9978879678358,1525.6993414014273,1543.5805150264907,1563.0127811592629,1575.133178979719
2020-01-10,2020-01-03,1557.5,1551.2427568140197,1506.4117478072483,1514.3129253457325,1532.051072537875,1551.2427568140197,1569.7145508732553,1586.7015761678165,1596.9062010899152
2020-01-13,2020-01-06,1548.4000244140625,1571.0284657707791,1524.7385317915503,1531.211324829148,1548.9159535620438,1571.0284657707791,1591.56273196885,1609.4130171349611,1619.2502978419116
2020-01-14,2020-01-07,1542.4000244140625,1576.9798699659275,1532.112535436289,1540.5363095099447,1555.5450823999017,1576.9798699659275,1597.0135395864245,1618.528082713114,1631.0721617947265
2020-01-15,2020-01-08,1552.0999755859375,1561.003350575059,1518.7287945718917,1529.252236158299,1540.2831100704254,1561.003350575059,1579.3145511637065,1604.007757711757,1620.9423525743523
2020-01-16,2020-01-09,1549.0,1549.8962817724391,1506.6186792148094,1520.0347730392339,1531.3960376677398,1549.8962817724391,1566.497291193973,1591.6000799683432,1608.909075604713
2020-01-17,2020-01-10,1558.800048828125,1555.615652670137,1509.4857259689677,1521.1383028575149,1536.5257753072767,1555.615652670137,1572.6669128847284,1592.2080490675773,1605.102228199093
2020-01-21,2020-01-13,1556.4000244140625,1549.4361149192835,1501.4517171223606,1513.1893450431946,1529.3623081338617,1549.4361149192835,1566.8659072946116,1583.8848930093393,1593.9885324649676
2020-01-22,2020-01-14,1555.300048828125,1544.8974740400693,1501.166143467622,1511.9268500800683,1527.4521879457282,1544.8974740400693,1560.5672501912263,1575.8999481823334,1587.139857771132
2020-01-23,2020-01-15,1564.5999755859375,1552.9550986843465,1508.7518166148848,1518.219432823049,1534.8420731247134,1552.9550986843465,1569.4709929558483,1585.1836856325392,1596.5447448009218
2020-01-24,2020-01-16,1571.0999755859375,1550.4824136435036,1502.8311508978038,1513.4934634067924,1529.9692758210065,1550.4824136435036,1568.5208735331234,1585.7522864745745,1595.85571318944
2020-01-27,2020-01-17,1576.800048828125,1561.706152453779,1517.2921166722765,1526.5335524940556,1543.6182425733398,1561.706152453779,1578.7301473157147,1594.1900298987537,1604.5056331593785
2020-01-28,2020-01-21,1569.199951171875,1559.6819564642701,1514.8063355797176,1523.7706623804293,1539.1775360171494,1559.6819564642701,1577.7873142301762,1595.6660469775898,1607.6340190283659
2020-01-29,2020-01-22,1569.800048828125,1556.4125651229533,1511.1126460260834,1522.6260786102443,1537.3318392310914,1556.4125651229533,1573.8007236336377,1593.8185266702376,1606.500151885187
2020-01-30,2020-01-23,1583.5,1566.371361285033,1522.209624013895,1531.3309199674982,1547.3824402661612,1566.371361285033,1583.7809810076023,1601.3015884140284,1613.4915980101753
2020-01-31,2020-01-24,1582.9000244140625,1572.6084110848255,1525.380616694142,1535.344449683454,1551.9323578195103,1572.6084110848255,1591.3570746715825,1610.0825958618236,1621.0984006984763
2020-02-03,2020-01-27,1577.199951171875,1580.1760430128245,1534.5722075183096,1543.7867670256849,1560.2315115195,1580.1760430128245,1598.55564099414,1616.395136149064,1627.5660201069227
2020-02-04,2020-01-28,1550.4000244140625,1572.3261846575672,1527.6607680074007,1537.8587620647675,1551.9850563482303,1572.3261846575672,1590.3535135022635,1610.5068210297177,1623.9780702573496
2020-02-05,2020-01-29,1557.800048828125,1570.1994857135219,1525.7159340298865,1537.2715748543694,1551.4628487434647,1570.1994857135219,1587.2719253638286,1608.0536894053243,1622.1393099224908
2020-02-06,2020-01-30,1565.0999755859375,1583.9536566245924,1537.8095255605137,1547.459380069827,1564.346533784727,1583.9536566245924,1601.9628189388955,1620.0136525541143,1631.755014798366
2020-02-07,2020-01-31,1568.5999755859375,1585.434003234279,1537.1639443925555,1547.3361054619234,1564.0950775199603,1585.434003234279,1604.4700625450755,1622.7080796830587,1633.1214846534194
2020-02-10,2020-02-03,1574.699951171875,1580.6580302099317,1536.2646311913775,1546.7088087508841,1561.5290977030677,1580.6580302099317,1597.9940781101545,1616.9521442499927,1627.986523910499
2020-02-11,2020-02-04,1565.5999755859375,1551.3761103432114,1507.886861471227,1520.843947696901,1532.3032664766374,1551.3761103432114,1567.7315868564433,1590.1366833622476,1606.3863385247714
2020-02-12,2020-02-05,1567.4000244140625,1555.0719355984684,1510.1589767312453,1523.6922992481798,1538.6062659806657,1555.0719355984684,1568.934816842431,1587.710522426347,1601.1006507704094
2020-02-13,2020-02-06,1575.0999755859375,1566.1035959354313,1516.8214473012597,1526.2783784352441,1545.440345342958,1566.1035959354313,1583.1296014886916,1595.445525942881,1605.478174280785
2020-02-14,2020-02-07,1582.699951171875,1571.9971812781284,1523.4998326456137,1533.4921891566385,1552.342734462893,1571.9971812781284,1589.76443884205,1602.845847975202,1608.4044127505608
2020-02-18,2020-02-10,1600.0,1580.4227189552305,1537.1812545301095,1544.2065853843362,1561.3415775633453,1580.4227189552305,1597.6310299970908,1612.0730153206732,1621.5616793975248
2020-02-19,2020-02-11,1607.5,1567.663326411432,1522.0531455459081,1533.2576270901613,1547.0244094427708,1567.663326411432,1585.7992335960928,1607.269292185751,1620.6633802681717
2020-02-20,2020-02-12,1616.5999755859375,1568.0508824950116,1523.3469091653192,1535.0892735650393,1549.5175769925404,1568.0508824950116,1584.3964348660813,1604.702833277964,1617.3725958284049
2020-02-21,2020-02-13,1644.5999755859375,1576.4724913435218,1529.9126123075362,1539.7966101717354,1556.357009761959,1576.4724913435218,1593.6824893306223,1611.0411788397914,1623.121326097372
2020-02-24,2020-02-14,1672.4000244140625,1584.9670772319319,1536.798103562892,1546.9221538146587,1564.345059066815,1584.9670772319319,1603.2211494920377,1620.1468160440531,1629.3110641708536
2020-02-25,2020-02-18,1646.9000244140625,1604.5654150883956,1558.5698568271223,1566.1391151328316,1584.2530978631105,1604.5654150883956,1622.9202877896985,1638.8028633205056,1647.5965502502022
2020-02-26,2020-02-19,1640.0,1612.008689430486,1565.040475182857,1573.4327010281652,1589.8015726575377,1612.008689430486,1631.9659846399154,1651.7258042351614,1662.6781025357473
2020-02-27,2020-02-20,1640.0,1620.085277104001,1574.0807310114508,1583.807696615667,1598.994995309768,1620.085277104001,1639.3809262728796,1661.5933565782784,1673.2469557952447
2020-02-28,2020-02-21,1564.0999755859375,1648.1117455732237,1601.4120032559113,1609.1182061752272,1626.3044446936606,1648.1117455732237,1667.6970342313991,1688.515182948377,1700.430736028057
2020-03-02,2020-02-24,1592.300048828125,1677.0534224224393,1626.438279313781,1633.8242763295432,1652.2894068374558,1677.0534224224393,1699.496524417011,1720.90747253548,1730.8958392234217
2020-03-03,2020-02-25,1642.0999755859375,1652.9219556510393,1605.6297227682317,1616.7175011852296,1628.7508338236157,1652.9219556510393,1675.3668246329432,1702.818666319644,1716.4846445346095
2020-03-04,2020-02-26,1641.0999755859375,1640.4660901212424,1599.3808059964613,1613.1109446056796,1622.8649687168497,1640.4660901212424,1656.615953871795,1685.8617346310157,1704.381201209527
2020-03-05,2020-02-27,1666.4000244140625,1637.1822585510508,1588.9157113128563,1602.2378780527115,1615.8591223281228,1637.1822585510508,1654.3693825943744,1678.9368360114759,1698.6033562335485
2020-03-06,2020-02-28,1670.800048828125,1561.400574762897,1510.8920838585864,1531.3331648785768,1540.6857376499163,1561.400574762897,1578.683587760296,1603.9442294531939,1620.429976011465
2020-03-09,2020-03-02,1674.5,1588.5224642448602,1548.4395103747524,1561.6135895452428,1579.4548544833494,1588.5224642448602,1596.0969984725011,1606.8676420056747,1617.6569937225875
2020-03-10,2020-03-03,1659.0999755859375,1643.6038962935522,1586.978942472297,1590.5195322903671,1618.9072869104782,1643.6038962935522,1662.410444853874,1663.982231958968,1671.2373662867599
2020-03-11,2020-03-04,1641.4000244140625,1647.902358371124,1591.6428471311697,1600.7905986723188,1625.4500992352118,1647.902358371124,1673.8094578339328,1678.795697461579,1683.417571698874
2020-03-12,2020-03-05,1589.300048828125,1679.981324945946,1643.4846980304724,1648.1766591773974,1661.5075339913321,1679.981324945946,1697.499278855453,1713.8449895022595,1718.6291652229684
2020-03-13,2020-03-06,1515.699951171875,1672.216665296074,1625.8674249490514,1633.7520658277053,1646.3767190948479,1672.216665296074,1696.8187736398145,1728.599387486944,1748.455823084233
2020-03-16,2020-03-09,1485.9000244140625,1672.3255206341798,1612.2800562747907,1635.3212687825105,1650.9641967016955,1672.3255206341798,1693.7812866255326,1726.0314024326567,1740.5027221458554
2020-03-17,2020-03-10,1524.9000244140625,1661.4237474692573,1617.2298096221693,1627.8054231721112,1640.006330172766,1661.4237474692573,1680.9728461048671,1705.8572245733124,1722.6756217139136
2020-03-18,2020-03-11,1477.300048828125,1638.8596828419772,1586.7567752786592,1606.5840514715471,1619.9756003671173,1638.8596828419772,1655.4739927446667,1682.029745720663,1699.4787349585315
2020-03-19,2020-03-12,1478.5999755859375,1587.1975106742648,1543.9232273664738,1558.844330914134,1569.3284530099393,1587.1975106742648,1601.9154349963433,1623.637115128572,1643.4253940903686
2020-03-20,2020-03-13,1484.0,1510.0356567833362,1466.2908843820078,1488.9768481892204,1497.39172468489,1510.0356567833362,1518.3422115846847,1538.5188643046067,1559.782776818599
2020-03-23,2020-03-16,1567.0,1479.5539522763465,1436.4310556777234,1454.0106169614874,1468.8237463492742,1479.5539522763465,1482.4625512760247,1491.1807843409517,1508.4067428946207
2020-03-24,2020-03-17,1660.199951171875,1522.5117644316774,1473.363955641331,1476.9877486040168,1506.6310679228498,1522.5117644316774,1523.808739636847,1526.5961366588383,1530.9136766550762
2020-03-25,2020-03-18,1632.300048828125,1484.3281939397934,1443.56615832533,1448.804096440422,1464.5698347190882,1484.3281939397934,1498.103875970541,1498.4324593578008,1503.6819691023513
2020-03-26,2020-03-19,1650.0999755859375,1485.070020740537,1444.3094812704592,1461.1452913920555,1475.755499883679,1485.070020740537,1491.7609335452075,1499.1299860520796,1501.2473383819831
2020-03-27,2020-03-20,1623.9000244140625,1487.210584549008,1451.5307178733967,1456.2690901077995,1466.6235701771623,1487.210584549008,1502.4066758167228,1512.2239946581842,1527.027488168767
2020-03-30,2020-03-23,1622.0,1566.1641328963506,1500.1434408395287,1515.559012117054,1546.432055131022,1566.1641328963506,1584.4817095548624,1592.3697391317512,1595.1589463834816
2020-03-31,2020-03-24,1583.4000244140625,1678.3164871964184,1617.578571973475,1637.4953880028906,1647.9623053698547,1678.3164871964184,1700.3247189503281,1710.1420176803747,1710.5664875126965
2020-04-01,2020-03-25,1578.199951171875,1646.0198173384165,1602.1026501787726,1608.3969299970317,1617.863827946325,1646.0198173384165,1682.575667886618,1716.9435273314134,1722.2215367619538
2020-04-02,2020-03-26,1625.699951171875,1654.495100452748,1606.8687550064756,1635.8060956657878,1636.9696297023675,1654.495100452748,1672.258524432299,1722.4892604706515,1744.840177278685
2020-04-03,2020-03-27,1633.699951171875,1616.7512541809647,1570.340406902645,1583.8797136066396,1589.3095338258167,1616.7512541809647,1641.5426096909246,1688.547641981274,1724.8720994328364
2020-04-06,2020-03-30,1677.0,1611.7033212925785,1541.404348667278,1577.520653096339,1594.2675878155987,1611.7033212925785,1628.1469020458337,1663.0038972857221,1679.9335847993063
2020-04-07,2020-03-31,1664.800048828125,1585.968884897956,1550.8505637603628,1554.3585346720333,1566.1829152894368,1585.968884897956,1602.124433646493,1617.1838062217314,1634.0984691606702
2020-04-08,2020-04-01,1665.4000244140625,1574.1076297222003,1519.2284771475636,1542.3587064917394,1559.4673268940546,1574.1076297222003,1585.2376473348259,1603.6396666523292,1616.0060074250857
2020-04-09,2020-04-02,1736.199951171875,1632.1508233179761,1578.6651504169413,1588.2330649441903,1609.9432811578854,1632.1508233179761,1646.934582908692,1661.168391317642,1671.6032747825902
2020-04-13,2020-04-03,1744.800048828125,1640.5187465094293,1586.639449429426,1592.0512190703523,1613.9618372233936,1640.5187465094293,1663.4412019868703,1675.712257621134,1679.4875312992078
2020-04-14,2020-04-06,1756.699951171875,1683.5943394226767,1629.4651347973795,1644.792979767675,1664.3737992257657,1683.5943394226767,1705.7857970644523,1715.4118970766299,1728.9645159068416
2020-04-15,2020-04-07,1727.199951171875,1667.978534481955,1609.2244620543297,1624.6981852342979,1639.3482703436464,1667.978534481955,1693.2083771416094,1708.8900078040263,1715.2796669376846
2020-04-16,2020-04-08,1720.4000244140625,1661.3442999355975,1607.2883632340702,1630.5184580158261,1642.3149188882348,1661.3442999355975,1679.5658693562514,1708.8105444520656,1719.5258141121974
2020-04-17,2020-04-09,1689.199951171875,1739.2671090014214,1670.9438724969077,1691.5289698357217,1712.129678438238,1739.2671090014214,1756.731862629967,1776.8110967298844,1780.9417596407038
2020-04-20,2020-04-13,1701.5999755859375,1748.5112771889242,1681.2391832986882,1692.684935352511,1714.343105807756,1748.5112771889242,1775.0939792975707,1788.7439188527087,1794.11374828847
2020-04-21,2020-04-14,1678.199951171875,1759.2415844388488,1704.3671564943402,1724.2309151165696,1739.875682936473,1759.2415844388488,1783.744102538214,1800.1916241755143,1814.9829807185206
2020-04-22,2020-04-15,1728.699951171875,1726.564811748995,1670.1833642875756,1690.8947997909052,1701.2082686857989,1726.564811748995,1749.2259492447618,1771.9476982526164,1785.1810740323288
2020-04-23,2020-04-16,1733.300048828125,1713.8804095584298,1659.3185403056523,1682.9526401327958,1694.3370085252557,1713.8804095584298,1728.6031802251055,1765.0309983724767,1776.3090390944117
2020-04-24,2020-04-17,1723.5,1689.1886165609296,1641.2216343366,1654.0358341441429,1667.455077511566,1689.1886165609296,1706.192531486647,1731.080613866289,1746.249240019293
2020-04-27,2020-04-20,1711.9000244140625,1702.079955945272,1654.233229119659,1668.3645238826136,1685.3907115237823,1702.079955945272,1715.8550115416333,1740.8962162221624,1757.283019643932
2020-04-28,2020-04-21,1710.5,1683.3111431268953,1636.9237254394611,1643.541669680453,1660.708540925121,1683.3111431268953,1702.8199320462268,1718.457471944914,1733.7824532029724
2020-04-29,2020-04-22,1703.4000244140625,1732.3276263603454,1679.0497718511765,1694.0379086420423,1714.926025129519,1732.3276263603454,1747.853161391576,1767.0633624410036,1781.356763676402
2020-04-30,2020-04-23,1684.199951171875,1741.6506106190973,1682.7510656027246,1690.0388893502277,1711.30847184849,1741.6506106190973,1766.5955310082684,1776.5697106036173,1782.892119906134
2020-05-01,2020-04-24,1694.5,1724.009453856726,1673.6327648669553,1690.3516901134735,1705.255128103292,1724.009453856726,1745.9538390320547,1767.466838378983,1781.586278169088
2020-05-04,2020-04-27,1706.9000244140625,1713.2271590644755,1661.7433911856783,1680.0970303040622,1692.3481682296228,1713.2271590644755,1732.8341264843518,1752.645805952208,1770.8325142100052
2020-05-05,2020-04-28,1704.4000244140625,1707.610769557752,1652.2789160133116,1670.7395554522955,1685.208917347304,1707.610769557752,1723.4999882809273,1754.2336089700602,1763.464823457447
2020-05-06,2020-04-29,1684.199951171875,1705.209003989289,1654.9627046591106,1667.267733287341,1683.7964119126875,1705.209003989289,1723.1828869503322,1745.0133693397343,1758.345230427119
2020-05-07,2020-04-30,1721.800048828125,1686.158879929573,1640.5110791006605,1652.3732591749015,1667.3378132139492,1686.158879929573,1704.3794635767715,1724.7588621903358,1742.1103734483422
2020-05-08,2020-05-01,1709.9000244140625,1696.775353427359,1647.4383729615809,1661.55964588534,1678.0892120815756,1696.775353427359,1712.8845327622828,1733.430862178587,1750.0260128296322
2020-05-11,2020-05-04,1695.300048828125,1710.9894685071254,1656.09826442181,1665.828258609832,1686.9597770090636,1710.9894685071254,1730.113675359599,1749.2576951647745,1760.985451234918
2020-05-12,2020-05-05,1704.4000244140625,1707.9339821490094,1656.8298808011991,1667.7720160864667,1685.8563948473982,1707.9339821490094,1729.4488288344303,1747.2201869473065,1763.9937094144718
2020-05-13,2020-05-06,1713.9000244140625,1685.9428861920555,1639.077420230744,1653.208606422992,1666.8368919967882,1685.9428861920555,1706.3937543709674,1725.0942194510342,1744.698488093651
2020-05-14,2020-05-07,1738.0999755859375,1722.6848429632682,1665.5872643324706,1684.1229858757683,1701.6184071714044,1722.6848429632682,1738.0231135992665,1763.156623598121,1774.5607998743626
2020-05-15,2020-05-08,1753.4000244140625,1713.9948015165135,1656.99261981123,1664.8501890946914,1685.306343614968,1713.9948015165135,1736.693894174064,1754.9650403547203,1761.99773253184
2020-05-18,2020-05-11,1731.800048828125,1695.9133015801076,1649.8636581458773,1666.9596175249487,1678.8907930221844,1695.9133015801076,1715.7516398227358,1737.0769987816943,1760.7554411500253
2020-05-19,2020-05-12,1744.199951171875,1706.1081540445198,1654.1132328974352,1669.7729143034314,1685.977184724897,1706.1081540445198,1723.4359819447473,1744.2701782653705,1758.3762738388734
2020-05-20,2020-05-13,1750.5999755859375,1715.5427003732498,1657.231089479292,1671.0585539015633,1689.6694851658542,1715.5427003732498,1733.366619391355,1758.3186108601778,1766.4749841361236
2020-05-21,2020-05-14,1720.5,1742.3340999961972,1687.1433546189432,1698.6652193909176,1719.416840565546,1742.3340999961972,1763.469079614352,1781.1333751669215,1795.383379712478
2020-05-22,2020-05-15,1734.5999755859375,1757.5062600535393,1699.861015388733,1711.4775749870391,1731.560274332439,1757.5062600535393,1781.2679644033524,1797.7313759639574,1807.6315599195557
2020-05-26,2020-05-18,1704.800048828125,1732.4639625832556,1679.3087636987493,1695.6326665654017,1708.5951732317003,1732.4639625832556,1755.3892731991336,1776.6347725979795,1790.3047664401815
2020-05-27,2020-05-19,1710.300048828125,1743.3588612067806,1688.7703486569665,1710.3460954525376,1723.2349273584696,1743.3588612067806,1760.4564982220875,1786.4961009970789,1800.8944437124924
2020-05-28,2020-05-20,1713.300048828125,1752.4030741469287,1692.442778279255,1706.4594460292587,1725.199345409664,1752.4030741469287,1771.4279911338385,1795.3972159287068,1801.5701026065267
2020-05-29,2020-05-21,1736.9000244140625,1721.739737948235,1672.424471808424,1686.2695274598002,1700.217204836751,1721.739737948235,1742.4251688219758,1764.5746226649903,1783.6343503730434
2020-06-01,2020-05-22,1737.800048828125,1735.953196857398,1686.471523166165,1703.9774853738215,1719.3647261404042,1735.953196857398,1752.4030362364256,1774.4385519764778,1795.3735442848497
2020-06-02,2020-05-26,1725.199951171875,1707.1355020585397,1655.0086772024583,1665.3909418859787,1682.4263615197258,1707.1355020585397,1726.537793791077,1748.065001719277,1760.4949573368701
2020-06-03,2020-05-27,1697.800048828125,1711.1269771932225,1663.4804314175099,1680.5375759714066,1695.2240854797672,1711.1269771932225,1726.6319744407183,1751.0955225654527,1774.944581166682
2020-06-04,2020-05-28,1718.9000244140625,1718.1469779403087,1666.3837782202952,1674.661546847297,1695.7785042355717,1718.1469779403087,1737.5309783496152,1754.0070126827718,1768.4587254029614
2020-06-05,2020-05-29,1676.199951171875,1739.91161247944,1683.844360310436,1697.0048291750343,1716.9769703470233,1739.91161247944,1758.8481061553225,1780.6437049382496,1794.6555621438702
2020-06-08,2020-06-01,1698.300048828125,1742.782062245094,1689.4033170671983,1698.3672759858882,1718.5422117597057,1742.782062245094,1766.7345982141,1780.946577623079,1794.827744046846
2020-06-09,2020-06-02,1714.699951171875,1725.76186962687,1674.2562345511262,1691.3478834331809,1704.4349376802888,1725.76186962687,1746.6100899099329,1768.6669648352693,1785.2546627131169
2020-06-10,2020-06-03,1713.300048828125,1697.7388417891316,1648.7405704224038,1666.2682735950732,1678.0211968356577,1697.7388417891316,1716.331264045266,1739.1088997847578,1756.8093864845227
2020-06-11,2020-06-04,1732.0,1719.1758172534896,1665.9443488654142,1683.0699863920177,1699.2109235647558,1719.1758172534896,1733.1646423913069,1760.2709740605778,1774.501672529064
2020-06-12,2020-06-05,1729.300048828125,1680.2173096757567,1631.8434435871068,1640.3565781201446,1656.4180282657178,1680.2173096757567,1701.7813620715133,1718.9537847229506,1735.1832448828925
2020-06-15,2020-06-08,1720.300048828125,1699.5157998597604,1655.5694545624447,1670.5132735602397,1686.6726328281966,1699.5157998597604,1714.232368137756,1737.1357690972086,1763.6525624451274
2020-06-16,2020-06-09,1729.5999755859375,1720.3742885635174,1663.0312524767558,1670.5962516057284,1694.6485563045276,1720.3742885635174,1742.0716935761993,1756.4681641932782,1763.9995612763155
2020-06-17,2020-06-10,1729.199951171875,1716.2348142330927,1665.3618421140197,1676.8645957085828,1692.367815452743,1716.2348142330927,1737.4122843823002,1758.0978963279426,1774.014908757818
2020-06-18,2020-06-11,1724.800048828125,1735.0450490019457,1683.1731313553216,1696.4958843617733,1715.605237752268,1735.0450490019457,1757.1227577859138,1772.6635154022445,1789.468076632362
2020-06-19,2020-06-12,1745.9000244140625,1730.6647613818225,1672.799580792715,1688.4475407179884,1703.5455958203904,1730.6647613818225,1751.7676030743974,1774.1150492298261,1781.1936794574194
2020-06-22,2020-06-15,1756.699951171875,1720.7519464453992,1669.4357018669302,1686.2729958575555,1698.9734992345939,1720.7519464453992,1740.208894268242,1763.6181970911534,1779.5426680587736
2020-06-23,2020-06-16,1772.0999755859375,1730.8412243147486,1677.0948233367033,1693.0684869384825,1709.5221883734425,1730.8412243147486,1749.308355980841,1771.4354001519023,1785.1002892346107
2020-06-24,2020-06-17,1765.800048828125,1731.3724578545816,1676.340221322728,1689.9171249392373,1706.4435549573245,1731.3724578545816,1750.9652897101514,1773.2112525268467,1784.315327186716
2020-06-25,2020-06-18,1762.0999755859375,1727.0683006412153,1676.9176435267875,1690.2662264045948,1706.1233909920893,1727.0683006412153,1747.2429667884521,1767.4053164577413,1785.2468434907435
2020-06-26,2020-06-19,1772.5,1748.276741814279,1693.741439083104,1707.8553346835915,1726.5971338657346,1748.276741814279,1767.5906086582881,1788.0830097477792,1801.740477278671
2020-06-29,2020-06-22,1774.800048828125,1759.921919689235,1702.0209725793945,1714.3682878999964,1733.0816048540044,1759.921919689235,1781.7013688834672,1801.7213509805904,1810.4388420187352
2020-06-30,2020-06-23,1793.0,1774.5832718126057,1719.1164999937553,1733.263663086062,1750.642895804573,1774.5832718126057,1796.623556183558,1816.7017170586282,1830.0267703697134
2020-07-01,2020-06-24,1773.199951171875,1767.6953262639927,1711.89325504307,1727.1809250212998,1742.8690137376557,1767.6953262639927,1790.7524207696852,1810.2401577797336,1822.1757181800856
2020-07-02,2020-06-25,1784.0,1761.8587741666352,1707.4977497713899,1726.3494582036315,1739.1399414344846,1761.8587741666352,1780.9325323482046,1806.2953568154971,1820.3350176302774
2020-07-06,2020-06-26,1788.5,1773.7414293955947,1716.9953168590264,1733.3160905677933,1750.1110276401582,1773.7414293955947,1792.557034721089,1816.252046660389,1827.8017582862412
2020-07-07,2020-06-29,1804.199951171875,1777.2538756598847,1721.1907054843455,1734.7650453908059,1751.9830332014726,1777.2538756598847,1797.7847399577615,1819.9289265605105,1831.9995123130461
2020-07-08,2020-06-30,1815.5,1795.7643808005234,1740.5739257454813,1754.2833634939177,1772.9967333924728,1795.7643808005234,1816.7462578335992,1837.1305186438913,1852.0745309438064
2020-07-09,2020-07-01,1799.199951171875,1775.7746128927788,1721.5609409757126,1735.0681920055295,1750.880713576426,1775.7746128927788,1799.123618167147,1818.0711893187945,1832.0715171848924
2020-07-10,2020-07-02,1798.199951171875,1783.7682637929288,1729.1735756473438,1749.8634524685212,1764.0512576033893,1783.7682637929288,1802.1494907310528,1826.8758595589502,1843.7413070197022
2020-07-13,2020-07-06,1811.0,1791.2259994514675,1733.4060685292034,1746.206786407069,1765.6526139933621,1791.2259994514675,1812.028028147662,1833.2132045195776,1842.2612012998336
2020-07-14,2020-07-07,1810.5999755859373,1806.6002606118104,1747.7511574029909,1764.23010903609,1782.1327943790573,1806.6002606118104,1827.0876384829035,1849.5118748032878,1862.3344641973804
2020-07-15,2020-07-08,1811.4000244140625,1819.2341368714824,1762.1924983885983,1774.2053629259694,1794.8955261836452,1819.2341368714824,1842.1486850957244,1859.129267515872,1871.5909701082564
2020-07-16,2020-07-09,1798.699951171875,1800.3958721785039,1744.9140224965117,1761.6107040517763,1775.9606861687566,1800.3958721785039,1823.0942350392606,1844.1404457351762,1856.9676872834302
2020-07-17,2020-07-10,1808.300048828125,1797.9371323289984,1744.0307824728152,1763.7438039186588,1777.7054165697823,1797.9371323289984,1817.2132506985547,1841.4203602324612,1857.661578658121
2020-07-20,2020-07-13,1815.9000244140625,1812.6413585027335,1753.3220953093482,1769.3460298740051,1787.7817970014098,1812.6413585027335,1831.8910430363555,1856.387886240372,1866.5108776763736
2020-07-21,2020-07-14,1842.4000244140625,1814.0163553746156,1756.5219858513237,1769.986619173494,1788.5523515739317,1814.0163553746156,1835.7542241765889,1856.7048076181693,1868.8537872217494
2020-07-22,2020-07-15,1864.0999755859373,1814.1561180733634,1760.6978607667377,1775.130825355453,1792.9809759047164,1814.1561180733634,1835.7595409323606,1854.8271391905114,1871.901081076157
2020-07-23,2020-07-16,1889.0999755859373,1800.2753289790653,1746.3799712400423,1761.750158016785,1777.6135375822498,1800.2753289790653,1821.4644164391425,1842.9970406844382,1857.0525810250315
2020-07-24,2020-07-17,1897.300048828125,1809.2932468985084,1752.8821850901093,1771.0398664146435,1787.4406948162173,1809.2932468985084,1828.0220896901492,1852.8525697474722,1867.5835519928423
2020-07-27,2020-07-20,1931.0,1819.4623953705204,1761.6233781681333,1774.0794367229632,1794.393024545474,1819.4623953705204,1840.601171155158,1861.2602488898199,1872.6540651186506
2020-07-28,2020-07-21,1944.699951171875,1845.8237532634812,1785.670460874332,1800.441240976668,1821.1860272692018,1845.8237532634812,1867.1902117591344,1887.5292295429883,1900.6381463008142
2020-07-29,2020-07-22,1953.5,1868.1838390809924,1806.2915441424325,1818.5459574888657,1840.7974266094525,1868.1838390809924,1892.4522596475977,1909.3107187911621,1919.0395839961736
2020-07-30,2020-07-23,1942.300048828125,1890.8891463869377,1826.1883092735184,1844.046711237197,1862.9495405315788,1890.8891463869377,1914.9261346010528,1935.1380246201002,1944.6375749704175
2020-07-31,2020-07-24,1962.800048828125,1898.3084528364138,1834.5422796345606,1852.4734615939378,1869.8084832283357,1898.3084528364138,1923.2910278879303,1943.5880272029979,1952.0425901200397
2020-08-03,2020-07-27,1966.0,1930.378741781606,1862.364625973991,1885.2713723677398,1902.3455133673433,1930.378741781606,1952.6591584744663,1977.9358281359314,1986.4659849615532
2020-08-04,2020-07-28,2001.199951171875,1946.2164838113242,1877.4820061066184,1894.8606482060127,1914.042772871572,1946.2164838113242,1971.6111341661247,1993.5797908902236,1998.12652297585
2020-08-05,2020-07-29,2031.0999755859373,1953.4346341115684,1888.1640088256977,1910.1475927139636,1925.5204630831417,1953.4346341115684,1977.6926017266787,2001.7075311187136,2012.9442885915587
2020-08-06,2020-07-30,2051.5,1942.1497450398626,1881.0296270673603,1900.7829466187832,1915.7912940406673,1942.1497450398626,1966.1933289366168,1989.7326550512996,2001.6130515938669
2020-08-07,2020-07-31,2010.0999755859373,1961.8007692201732,1896.257473509984,1920.0477155373037,1935.9812299044966,1961.8007692201732,1981.9070082699793,2011.3252728777431,2023.375623833037
2020-08-10,2020-08-03,2024.4000244140625,1969.6756689327967,1903.6473893321509,1918.687051910441,1939.3698455568453,1969.6756689327967,1993.8964180331477,2017.243844139848,2027.592011136213
2020-08-11,2020-08-04,1932.5999755859373,2004.3414749043666,1937.5901491988295,1956.223171536491,1977.8567447047324,2004.3414749043666,2027.3882860087137,2054.5189112380485,2070.301277048666
2020-08-12,2020-08-05,1934.9000244140625,2036.884222756486,1965.4241716429206,1978.7700420090814,2004.2382194315765,2036.884222756486,2064.652611018571,2086.685657440455,2094.795635591766
2020-08-13,2020-08-06,1956.699951171875,2054.4987956901714,1982.3183422143143,2002.3090974350473,2022.1198476529794,2054.4987956901714,2081.7894360981204,2108.4584162068318,2118.4952124712318
2020-08-14,2020-08-07,1937.0,2011.276722424615,1949.632536704787,1969.7728798437486,1982.3376929317344,2011.276722424615,2038.4256602329551,2060.5982151458566,2073.7989988690056
2020-08-17,2020-08-10,1985.0,2020.5030307216828,1957.0702905438905,1986.9592577844815,1998.483837442143,2020.5030307216828,2037.2798865597083,2072.6150208247586,2089.9255577015274
2020-08-18,2020-08-11,1999.4000244140625,1933.9544952761976,1879.193042930594,1894.0043411095655,1905.01402326282,1933.9544952761976,1957.367890808418,1976.605948150371,1990.1384209801151
2020-08-19,2020-08-12,1958.699951171875,1931.7130612575797,1884.754399227241,1911.7702372034435,1922.7829869544935,1931.7130612575797,1942.4752270860686,1975.9437774466196,2011.5787459350654
2020-08-20,2020-08-13,1933.800048828125,1964.9677321118513,1903.8834398488832,1907.0794635952166,1938.670242176735,1964.9677321118513,1986.0064466439271,2003.361772241397,2017.2389336634815
2020-08-21,2020-08-14,1934.5999755859373,1944.6177903584576,1887.5519946195072,1896.2488273172376,1918.8439337953419,1944.6177903584576,1970.172742936934,1988.3084941192724,2012.3189831585753
2020-08-24,2020-08-17,1927.699951171875,1992.2018557282909,1937.3613631480046,1947.8660725916227,1975.9793430842321,1992.2018557282909,2015.8396690220604,2034.0538699005651,2061.4967734139136
2020-08-25,2020-08-18,1911.800048828125,2005.6848803398843,1933.564611258469,1944.4803940434892,1969.920696914509,2005.6848803398843,2033.7640758493137,2054.1984683657233,2058.354780034694
2020-08-26,2020-08-19,1940.699951171875,1960.2471822964985,1902.1427527752169,1922.4941566541395,1934.1912189565705,1960.2471822964985,1986.1878355275878,2009.1322648441646,2028.4510931840316
2020-08-27,2020-08-20,1921.5999755859373,1932.1577279473306,1880.9310831909272,1903.923789670448,1914.7558186899578,1932.1577279473306,1950.8341874804182,1976.2060962907055,1998.3037519503348
2020-08-28,2020-08-21,1964.5999755859373,1933.5359770372359,1871.2212919693966,1892.5448591599716,1908.2233909437114,1933.5359770372359,1949.4318684477244,1980.172648859386,1993.149289478728
2020-08-31,2020-08-24,1967.5999755859373,1932.4617970058775,1874.103149127487,1886.1423851090483,1907.5719322758607,1932.4617970058775,1953.8125552602448,1975.813075139939,1995.302838154213
2020-09-01,2020-08-25,1968.199951171875,1917.636442619945,1866.9736179004042,1877.1406582736918,1898.1901213760498,1917.636442619945,1940.8719922434066,1957.7104407164047,1983.5392094022936
2020-09-02,2020-08-26,1934.4000244140625,1944.6909727412378,1885.88931486558,1900.3203373909869,1923.4515093298266,1944.6909727412378,1965.1381972768124,1988.522098618399,2008.37522535789
2020-09-03,2020-08-27,1927.5999755859373,1927.1951986898523,1866.2690535262168,1876.7723433985327,1897.802142237801,1927.1951986898523,1952.910475186633,1971.1827375121527,1984.2463224559026
2020-09-04,2020-08-28,1923.9000244140625,1967.1088365037515,1905.7162519754115,1925.2921260464202,1946.2944777889668,1967.1088365037515,1987.618248382801,2015.1717769743068,2036.5957447222536
2020-09-08,2020-08-31,1933.0,1974.089589313891,1906.699935871265,1916.3280115687014,1940.8978285877788,1974.089589313891,2002.0963827633236,2019.9759261320996,2026.6023634547437
2020-09-09,2020-09-01,1944.699951171875,1970.8556094513187,1908.2545923227235,1927.49849643277,1944.600157102861,1970.8556094513187,1992.8178011258406,2019.278449473738,2037.2067197784177
2020-09-10,2020-09-02,1954.199951171875,1935.2676140507976,1878.8829065540583,1897.5503652476646,1911.717304135012,1935.2676140507976,1960.264587014678,1984.8845117232825,1999.5137765397076
2020-09-11,2020-09-03,1937.800048828125,1928.2043931956791,1869.7807291195193,1892.272922032471,1904.6897848433605,1928.2043931956791,1944.9862556765586,1973.8988636281078,1992.0660234738036
2020-09-14,2020-09-04,1953.0999755859373,1928.0219108018202,1868.553743533538,1882.7832471718093,1902.5955383844635,1928.0219108018202,1948.9818894839825,1971.704914526505,1987.3781565330487
2020-09-15,2020-09-08,1956.300048828125,1938.6314757178586,1879.038015912746,1891.8120123966887,1914.7701384626428,1938.6314757178586,1959.6745429547511,1979.715199330411,2001.112693114388
2020-09-16,2020-09-09,1960.199951171875,1949.7125789092834,1888.6899937142027,1901.2640284110723,1926.3094176808668,1949.7125789092834,1974.7525289274904,1992.7026303164664,2011.600709114408
2020-09-17,2020-09-10,1940.0,1958.1370029586471,1894.775244676355,1909.9693144413145,1932.043828605711,1958.1370029586471,1982.4726258833364,2004.5325347569963,2019.9646035609192
2020-09-18,2020-09-11,1952.0999755859373,1940.700278914674,1881.3210507437138,1897.5762403327026,1915.1461588471486,1940.700278914674,1965.039643878852,1988.7891935061218,2004.1674727968318
2020-09-21,2020-09-14,1901.199951171875,1954.1882149544117,1891.3486053893912,1912.536168141335,1930.599260220319,1954.1882149544117,1974.97783401534,2000.4489606129898,2016.9990647736847
2020-09-22,2020-09-15,1898.5999755859373,1960.116178071312,1894.682063803038,1909.6748475352147,1930.1040103337168,1960.116178071312,1983.7888521238879,2008.9423366725284,2018.097133816782
2020-09-23,2020-09-16,1859.9000244140625,1964.0751548938774,1902.1431643092703,1918.2900397275362,1938.447255967851,1964.0751548938774,1986.5563714923433,2009.978831626899,2027.9879978555102
2020-09-24,2020-09-17,1868.300048828125,1942.7972576076286,1885.1461065265562,1901.1734882082549,1918.9048939755921,1942.7972576076286,1967.269394173812,1989.8282193649611,2006.8391239415164
2020-09-25,2020-09-18,1857.699951171875,1953.6969542482962,1891.8774242502736,1912.3794994486975,1930.1874263597713,1953.6969542482962,1973.475974500332,1998.9536446830298,2016.7755183855102
2020-09-28,2020-09-21,1872.800048828125,1905.7553796525863,1852.1120442272663,1863.9993885881427,1879.002680565893,1905.7553796525863,1929.2057148663157,1952.7536955141422,1967.9079039291591
2020-09-29,2020-09-22,1894.300048828125,1900.2238474333385,1848.6824103676147,1869.300106118597,1884.8411471594673,1900.2238474333385,1916.5575018446727,1938.4902596928055,1968.8718042802755
2020-09-30,2020-09-23,1887.5,1864.6052622931352,1813.0154930354354,1823.7320918700998,1841.179127848256,1864.6052622931352,1886.7717598661327,1906.9011110008587,1923.8114131699779
2020-10-01,2020-09-24,1908.4000244140625,1872.8129919970534,1820.0030207365912,1835.5056089450527,1855.1030575470563,1872.8129919970534,1888.5312241514698,1908.1542291159244,1937.828774529297
2020-10-02,2020-09-25,1900.199951171875,1863.9517539071526,1809.8328498629903,1817.8376356150384,1842.0901066310973,1863.9517539071526,1888.418444304583,1903.3006584217346,1922.5118672225976
2020-10-05,2020-09-28,1912.5,1877.7957900449157,1820.7484368347514,1834.5242509803802,1856.8980940731149,1877.7957900449157,1897.6589557401862,1916.41493744286,1940.4444725650903
2020-10-06,2020-09-29,1901.0999755859373,1898.7786167620964,1836.3191581947308,1848.8305185312279,1874.5680892080309,1898.7786167620964,1924.3162156150943,1941.963170966877,1956.236119783035
2020-10-07,2020-09-30,1883.5999755859373,1891.8529172211538,1831.3033250344188,1844.9458516494271,1864.2828731881805,1891.8529172211538,1915.7385516883862,1938.7008502607064,1952.157161108714
2020-10-08,2020-10-01,1888.5999755859373,1908.886234488899,1846.1981622796309,1866.9569889583572,1886.955831242507,1908.886234488899,1931.6943065453738,1954.4505001089105,1971.3530428721724
2020-10-09,2020-10-02,1919.5,1902.6208295845659,1838.5934933117128,1854.9901869635669,1872.414043372145,1902.6208295845659,1926.7846975121938,1953.4594950735423,1959.785106889327
2020-10-12,2020-10-05,1922.5,1914.2879045315913,1851.0169346988143,1871.5124663920224,1889.8521942979946,1914.2879045315913,1934.4691843238932,1959.6275165804323,1976.8354802856904
2020-10-13,2020-10-06,1888.5,1903.9523284290758,1842.8297384743182,1858.9780915614426,1877.2241752378766,1903.9523284290758,1928.250475407885,1951.9540043637114,1963.1776576367972
2020-10-14,2020-10-07,1901.300048828125,1886.5073582908317,1827.9281644391453,1847.7479229493447,1862.875262043085,1886.5073582908317,1905.939696602716,1930.6060525466435,1949.8698418456372
2020-10-15,2020-10-08,1903.199951171875,1890.9010549428574,1831.163370775215,1850.5518470400775,1868.8301853204073,1890.9010549428574,1911.3198212487214,1933.5696687586726,1951.3911112433059
2020-10-16,2020-10-09,1900.800048828125,1923.8714137922825,1857.7825632935294,1871.9122056773062,1895.7064130806134,1923.8714137922825,1944.9285336957112,1968.0968869290523,1980.2440208605951
2020-10-19,2020-10-12,1906.4000244140625,1928.4562771969913,1866.0224100672935,1875.6630973480596,1900.4963710759955,1928.4562771969913,1954.1055938604077,1974.3913333630737,1988.4106381385538
2020-10-20,2020-10-13,1910.4000244140625,1891.2031088989181,1835.926688853228,1854.1107208974017,1870.149467103751,1891.2031088989181,1915.2492829835373,1936.6285020616185,1957.9933946890974
2020-10-21,2020-10-14,1924.5999755859373,1900.24913913099,1838.5617819146078,1864.8295499933597,1879.5996280027596,1900.24913913099,1919.339784435408,1944.9685292450981,1962.4253549885666
2020-10-22,2020-10-15,1901.0999755859373,1907.6537023543942,1842.412761585319,1856.7355765528744,1875.7366204499465,1907.6537023543942,1928.7456739220577,1955.4129566402607,1961.8683443632774
2020-10-23,2020-10-16,1902.0,1906.4293459459104,1847.3547641849545,1861.1442798177054,1882.7361804314976,1906.4293459459104,1927.3847962286059,1947.802861515321,1969.7065203703037
2020-10-26,2020-10-19,1902.699951171875,1909.16642833481,1849.852263268541,1866.4940230584,1887.8965641470704,1909.16642833481,1933.1322015934766,1952.600663287986,1971.3569446826443
2020-10-27,2020-10-20,1908.800048828125,1913.5138208717035,1850.2367665915067,1867.0529018880197,1886.3232418054656,1913.5138208717035,1935.4960071326057,1960.1348737454514,1972.8418951962872
2020-10-28,2020-10-21,1876.199951171875,1927.6685898199316,1864.0937084114262,1880.7255127815856,1902.0847161361487,1927.6685898199316,1950.1782898287854,1973.2141242929847,1988.36486158097
2020-10-29,2020-10-22,1865.5999755859373,1904.8894742763514,1845.570505195018,1860.9501346987504,1878.6862522800425,1904.8894742763514,1928.9033385152024,1952.1249403549925,1966.523754491886
2020-10-30,2020-10-23,1877.4000244140625,1903.3164361337595,1843.6254029733573,1866.0860436919365,1882.4195716208665,1903.3164361337595,1922.8270410070518,1946.5771531653309,1967.537257600895
2020-11-02,2020-10-26,1890.4000244140625,1905.933303736603,1843.5614256946046,1860.1820495743261,1878.927878123119,1905.933303736603,1927.7503085029884,1951.9274083313492,1963.4469676307351
2020-11-03,2020-10-27,1908.5,1913.6361630700853,1851.8094980438202,1866.8103973812072,1887.8421046359892,1913.6361630700853,1934.0690565200057,1956.6889584866497,1974.41648785173
2020-11-04,2020-10-28,1894.5999755859373,1880.9272007115615,1826.036284057883,1840.3343623125852,1858.3456448760198,1880.9272007115615,1904.5881072113366,1924.4258339334485,1944.0488158006028
2020-11-05,2020-10-29,1945.300048828125,1867.6047289379508,1811.596347164163,1833.801169783629,1848.7178614537709,1867.6047289379508,1885.6876192904651,1908.043457022778,1931.8705143074114
2020-11-06,2020-10-30,1950.300048828125,1881.7696214581101,1820.7920035319253,1836.53897198627,1857.2763448104934,1881.7696214581101,1901.675478045507,1923.8267663547226,1938.047727907568
2020-11-09,2020-11-02,1853.199951171875,1896.7670080146443,1835.1544384977017,1846.0573707182286,1870.8020765094557,1896.7670080146443,1917.942153483311,1938.9003120180703,1955.7987294513694
2020-11-10,2020-11-03,1875.4000244140625,1913.101080777537,1852.2993339260136,1864.9175701610538,1890.1017990435107,1913.101080777537,1937.3075798485543,1955.5289810803356,1974.9984618956987
2020-11-11,2020-11-04,1860.699951171875,1897.6459073058436,1838.8703106808614,1853.1002797743627,1872.109910419505,1897.6459073058436,1922.2338188002727,1945.108634119601,1958.8609703277823
2020-11-12,2020-11-05,1872.5999755859373,1944.7124456243646,1875.7240967138969,1898.8080532810332,1919.0695029092813,1944.7124456243646,1964.4623510575339,1990.9379623782743,2005.4448771117145
2020-11-13,2020-11-06,1885.699951171875,1953.7904898539814,1884.907703355702,1895.759467886327,1918.1859571471362,1953.7904898539814,1980.3617144021782,2008.0387284376384,2008.7562881365184
2020-11-16,2020-11-09,1887.300048828125,1857.2373670085642,1812.8465509600405,1827.3826910994399,1837.0122712715206,1857.2373670085642,1880.0843155131506,1903.3820442043223,1928.5590731187785
2020-11-17,2020-11-10,1884.5,1872.8049809765698,1817.293974062989,1851.1319116831914,1861.6169275798402,1872.8049809765698,1886.797205088198,1908.4114562697328,1938.127478732289
2020-11-18,2020-11-11,1873.5,1868.505847612585,1804.438489981752,1812.8033258907124,1833.2276717875636,1868.505847612585,1888.5557053390908,1914.3837222441437,1916.7958224884942
2020-11-19,2020-11-12,1861.0999755859373,1881.4789269608777,1826.7618112751443,1837.2473925913155,1864.1880875036295,1881.4789269608777,1898.87537613705,1913.6574825825883,1949.9323537052987
2020-11-20,2020-11-13,1872.5999755859373,1891.4754273321564,1834.8647806563856,1845.0876814587375,1872.513537957035,1891.4754273321564,1919.186689963411,1930.6609403479893,1950.614774950393
2020-11-23,2020-11-16,1837.800048828125,1890.800298821999,1829.1935722984485,1843.7336721628376,1863.620896530173,1890.800298821999,1912.1534360436403,1937.191300108013,1951.2932428917318
2020-11-24,2020-11-17,1804.800048828125,1887.0108031166326,1828.6343553713282,1845.196156363313,1864.081423046973,1887.0108031166326,1909.9297692179289,1931.6614956990593,1948.7683684195772
2020-11-25,2020-11-18,1805.699951171875,1875.8233504532407,1817.12089932047,1834.6746515912973,1850.951178497693,1875.8233504532407,1896.8843111933147,1921.7847382293144,1935.8222594881754
2020-11-27,2020-11-19,1781.9000244140625,1864.3822235289776,1807.3974392645773,1824.5483530478364,1841.2054142198772,1864.3822235289776,1884.1823265560902,1907.6940296439575,1924.973050299181
2020-11-30,2020-11-20,1775.699951171875,1876.3624381945947,1816.4989915537767,1833.1484492996137,1853.381760811803,1876.3624381945947,1896.0452624860322,1917.8340603569882,1935.5359952895674
2020-12-01,2020-11-23,1814.0999755859373,1844.1395652429167,1790.9005195634538,1801.3114131824273,1820.3736868545002,1844.1395652429167,1866.5936608435693,1886.9693705776583,1903.8359492259613
2020-12-02,2020-11-24,1825.699951171875,1809.1661318471427,1761.714321834702,1779.2116188777322,1794.3174875071213,1809.1661318471427,1827.625593772787,1845.2422434757054,1874.77946971205
2020-12-03,2020-11-25,1836.800048828125,1809.9390905431683,1755.4438207577964,1772.9294852244177,1790.9876389768172,1809.9390905431683,1827.9398491473737,1846.9709084840122,1866.7287864013251
2020-12-04,2020-11-27,1835.9000244140625,1790.0546566118608,1737.5960487327993,1746.4829852920643,1767.1621018708302,1790.0546566118608,1809.1656810311283,1828.1855997777932,1846.6955361235105
2020-12-07,2020-11-30,1861.800048828125,1782.3467797140488,1733.4800601733616,1746.2821038477837,1768.0774506907987,1782.3467797140488,1801.4486598738667,1814.358859198009,1845.1273386969433
2020-12-08,2020-12-01,1870.800048828125,1817.1640108381243,1757.5892934788762,1771.52013493649,1797.6711267702817,1817.1640108381243,1839.156229360917,1857.9878346557275,1879.8677038917024
2020-12-09,2020-12-02,1834.5999755859373,1829.9255097194205,1770.8432496008536,1777.1482456845647,1801.5008098413018,1829.9255097194205,1855.0754090572548,1876.9213155597606,1887.405244133849
2020-12-10,2020-12-03,1833.5999755859373,1835.2980416862017,1779.0158733282078,1793.0629978016445,1815.1498228279588,1835.2980416862017,1862.5572609634028,1880.7644428920253,1904.257441242406
2020-12-11,2020-12-04,1839.800048828125,1834.0428602797124,1772.8671713581557,1791.2554717549137,1809.6681007082873,1834.0428602797124,1859.3843767142903,1883.4318118963286,1895.1473719160974
2020-12-14,2020-12-07,1828.699951171875,1860.7456888708139,1793.5319862613273,1814.1555033001416,1832.8128985977892,1860.7456888708139,1880.6478187865964,1909.4924974691864,1920.1445373153565
2020-12-15,2020-12-08,1852.300048828125,1871.8107224128444,1808.0514427798162,1821.589532933154,1842.8018424544468,1871.8107224128444,1896.4389096592813,1922.23715635784,1929.934094819648
2020-12-16,2020-12-09,1856.0999755859373,1836.6335305288635,1781.3272454785872,1798.1091056404534,1811.9257085037034,1836.6335305288635,1859.5332950301577,1882.2581545058545,1900.7727697634305
2020-12-17,2020-12-10,1887.199951171875,1833.745645218174,1774.39159125351,1800.2154189250405,1815.2055409838933,1833.745645218174,1852.1753633088636,1875.1086311334832,1900.7901543793278
2020-12-18,2020-12-11,1885.699951171875,1845.0437977809295,1781.1723807605395,1798.193887658063,1816.8611631753806,1845.0437977809295,1862.5274229286101,1889.8118522976729,1899.9763909142575
2020-12-21,2020-12-14,1879.199951171875,1835.0317776639101,1779.576125835788,1791.6492994248313,1810.506625871508,1835.0317776639101,1855.2121196766693,1876.1981168044954,1897.837142237966
2020-12-22,2020-12-15,1866.5999755859373,1853.3872961943102,1795.7166990371752,1812.1550424259112,1835.8881223802698,1853.3872961943102,1877.1499445249078,1894.8385716467576,1922.5861340275326
2020-12-23,2020-12-16,1874.699951171875,1858.96098615398,1797.7861405345056,1809.864396185945,1831.5832702153239,1858.96098615398,1883.282060727686,1906.9505082652545,1917.471936590743
2020-12-24,2020-12-17,1879.9000244140625,1886.5694502602842,1823.474620106922,1839.8131672581385,1862.6556337521763,1886.5694502602842,1910.1312525070202,1933.199479151092,1952.8421225514512
2020-12-28,2020-12-18,1877.199951171875,1885.7917733562163,1824.0722946813637,1837.0157628855382,1858.5890095866016,1885.7917733562163,1913.667850183535,1937.2373344346568,1946.422853584659
2020-12-29,2020-12-21,1879.699951171875,1878.7230241907967,1817.3982825134628,1837.80753054841,1853.5249437293076,1878.7230241907967,1900.638690790241,1926.0788358963991,1944.1275023691683
2020-12-30,2020-12-22,1891.0,1867.691346015177,1806.5873130452655,1827.6503883030323,1843.6182487648025,1867.691346015177,1889.1917659764865,1914.161469122375,1930.0759924010245
2020-12-31,2020-12-23,1893.0999755859373,1877.8318057816243,1814.0224507982612,1834.2790217011584,1851.7231290357204,1877.8318057816243,1895.3908339934967,1922.2276481460267,1939.1085023725334
2021-01-04,2020-12-24,1944.699951171875,1884.1319201545225,1823.5143787598233,1837.289276809409,1858.799766249951,1884.1319201545225,1906.3406279318713,1929.1134351950382,1946.11777603123
2021-01-05,2020-12-28,1952.699951171875,1880.3058351127418,1822.3090533440736,1836.8153855271241,1857.07083247829,1880.3058351127418,1903.5295428794166,1924.5318160222446,1946.2447243074428
2021-01-06,2020-12-29,1906.9000244140625,1881.1912376225735,1821.6068603963442,1839.105376749493,1859.1686569193125,1881.1912376225735,1904.4711649148062,1926.0655310469056,1947.2742694242484
2021-01-07,2020-12-30,1912.300048828125,1892.916912288565,1829.724663191738,1846.8413220447617,1867.3060354148377,1892.916912288565,1914.8434899382748,1939.5721180449564,1955.359848277488
2021-01-08,2020-12-31,1834.0999755859373,1895.1527950405134,1834.1832260215851,1849.6368184539983,1869.313942978832,1895.1527950405134,1918.1396501606494,1941.673256344401,1957.9529175991402
2021-01-11,2021-01-04,1849.5999755859373,1942.7127414514289,1875.1914356573968,1893.0764879601807,1917.687777917132,1942.7127414514289,1966.8980915692227,1991.5796908702414,2007.9246848616485
2021-01-12,2021-01-05,1842.9000244140625,1951.0331371825137,1887.1314401823818,1896.9670173370412,1919.3847967622605,1951.0331371825137,1978.346764884563,2006.2774606791618,2011.452670899081
2021-01-13,2021-01-06,1853.5999755859373,1905.7449410695701,1850.9067574925518,1872.208408477787,1882.551975045671,1905.7449410695701,1927.9542566085952,1949.142364293291,1976.6478854732854
2021-01-14,2021-01-07,1850.300048828125,1911.8485650851385,1845.9335604299556,1875.8387197298598,1892.46288584333,1911.8485650851385,1931.1903897213522,1953.897743857296,1975.0196848967603
2021-01-15,2021-01-08,1829.300048828125,1845.2515474863992,1787.8995946855885,1804.3038478589892,1815.1785623959072,1845.2515474863992,1863.355263399972,1889.0632056933484,1896.9589406806672
2021-01-19,2021-01-11,1839.5,1858.8736053640587,1799.711354117538,1827.1690491885374,1844.7129288867568,1858.8736053640587,1874.0572414629814,1889.1650023070508,1930.5335741245858
2021-01-20,2021-01-12,1865.9000244140625,1855.0618357663031,1797.120400130679,1801.9829246059383,1830.9475258431748,1855.0618357663031,1879.4160497012383,1900.100667317807,1908.7986584810583
2021-01-21,2021-01-13,1865.300048828125,1861.1189822493109,1806.2596323807084,1819.5783630767528,1839.5358653264807,1861.1189822493109,1881.8586066138528,1899.1912838475355,1932.9733496142399
2021-01-22,2021-01-14,1855.699951171875,1853.7119917986874,1800.7596358769351,1810.8572990616788,1836.8487835940473,1853.7119917986874,1880.0409320267208,1895.920152152174,1920.3497873680108
2021-01-25,2021-01-15,1854.9000244140625,1832.696728634737,1775.8848533440707,1794.4646079062093,1809.1938831178763,1832.696728634737,1852.9322972114683,1874.3735689137602,1895.6760157434012
2021-01-26,2021-01-19,1850.699951171875,1842.4476871422498,1781.8318720876973,1802.0831818863894,1821.9332437137928,1842.4476871422498,1862.9712491754872,1883.704363210034,1904.5708070523901
2021-01-27,2021-01-20,1844.9000244140625,1869.230203864258,1804.808048048877,1818.430194587568,1841.7078144133848,1869.230203864258,1891.7706771582593,1917.0401367286922,1926.5160727076718
2021-01-28,2021-01-21,1837.9000244140625,1867.5217340302459,1810.4189483764658,1821.5905605168666,1841.7841570342403,1867.5217340302459,1891.681300297215,1913.661395537291,1932.1855739179105
2021-01-29,2021-01-22,1847.300048828125,1855.535933770446,1799.5950995266355,1818.008882874352,1835.6422911386392,1855.535933770446,1878.4727092055418,1897.7622473227038,1923.0768221095555
2021-02-01,2021-01-25,1860.800048828125,1855.8970188025196,1793.5328853486374,1814.663855552527,1832.0378798354086,1855.8970188025196,1876.6728979160941,1900.5164712658666,1915.1870977955377
2021-02-02,2021-01-26,1830.5,1854.6197227486723,1792.8809507456554,1810.713064991135,1828.024015070903,1854.6197227486723,1874.9493366702618,1899.4714319932853,1913.0359503312934
2021-02-03,2021-01-27,1832.199951171875,1849.347050637794,1791.5275607995745,1808.0340894198982,1826.7327821103681,1849.347050637794,1870.5887695154227,1891.2774778812013,1912.6854945429047
2021-02-04,2021-01-28,1788.9000244140625,1842.2957141247925,1784.8713250660953,1801.3837289234607,1820.6665836966715,1842.2957141247925,1863.7707260803872,1883.9461245283762,1905.0844883457821
2021-02-05,2021-01-29,1810.9000244140625,1851.0675735756406,1790.8403840004312,1807.7786267795177,1828.2119467265295,1851.0675735756406,1872.3748949680676,1893.9136404509427,1912.9880325699046
2021-02-08,2021-02-01,1831.9000244140625,1863.7912030020457,1803.2309580088165,1816.9509982524837,1839.004274718641,1863.7912030020457,1886.7889113626343,1909.387829170817,1925.1554737977444
2021-02-09,2021-02-02,1835.300048828125,1834.332574329228,1779.9152833416247,1796.093241970737,1812.0580605675527,1834.332574329228,1856.8011174058076,1877.4716946767649,1897.9150856366036
2021-02-10,2021-02-03,1840.5999755859373,1834.8360376163882,1779.628681749206,1799.824249400195,1815.7850850013567,1834.8360376163882,1853.81588388191,1873.1814387394702,1900.4082961845093
2021-02-11,2021-02-04,1824.9000244140625,1797.875272208946,1743.2994603253771,1758.3417354274998,1777.3899070808718,1797.875272208946,1816.7352741583202,1841.5203800632457,1851.4658633000147
2021-02-12,2021-02-05,1821.5999755859373,1817.9500403701213,1764.128376127726,1781.7410234448755,1799.1008419097323,1817.9500403701213,1834.15984933957,1854.0323480108168,1882.8392467638178
2021-02-16,2021-02-08,1797.199951171875,1838.059790531906,1779.4575237137,1786.300438663076,1816.1254743759232,1838.059790531906,1862.1041059280226,1885.7632975544664,1892.4912279301975
2021-02-17,2021-02-09,1771.0999755859375,1837.3666085691355,1781.4628519560838,1795.7134142896116,1812.331326496144,1837.3666085691355,1861.3249483356785,1880.893600302893,1904.4081526914215
2021-02-18,2021-02-10,1773.4000244140625,1838.648515963989,1782.8015112328387,1799.6410093869913,1818.3899621322244,1838.648515963989,1863.174033329985,1880.5356777712625,1905.7243568122876
2021-02-19,2021-02-11,1775.800048828125,1825.6965516593195,1764.3196604279117,1784.6123772809317,1800.72189335059,1825.6965516593195,1846.901022460758,1871.7527878035287,1882.9319143548064
2021-02-22,2021-02-12,1806.699951171875,1824.569691223432,1765.9951687483342,1786.1110174254645,1801.9458624398937,1824.569691223432,1843.6187156286933,1866.5655837233755,1885.0622991349162
2021-02-23,2021-02-16,1804.4000244140625,1803.9797030018576,1749.1975634363434,1764.8434653832487,1783.4152050149146,1803.9797030018576,1823.4442701684172,1846.326780479878,1861.4189767035543
2021-02-24,2021-02-17,1796.4000244140625,1779.8765356232554,1729.9993927653377,1746.8042741125225,1762.0204430285264,1779.8765356232554,1796.7574962640424,1816.7211460087833,1841.8287109402431
2021-02-25,2021-02-18,1774.4000244140625,1782.2621424856604,1730.800832435717,1743.9568931857223,1765.6277584595496,1782.2621424856604,1799.8635259840335,1820.1560954201693,1841.267886585506
2021-02-26,2021-02-19,1728.0999755859375,1784.4211221130904,1730.8405628446887,1741.1956998563737,1763.848443241321,1784.4211221130904,1804.414656501465,1826.4509533262856,1841.5656500541713
2021-03-01,2021-02-22,1722.5,1809.6909645651974,1754.9699629993886,1766.4775305425449,1788.600617938079,1809.6909645651974,1832.4459585135764,1850.835386339296,1874.2927824175817
2021-03-02,2021-02-23,1733.0999755859375,1805.004566093338,1748.3724608414984,1760.7716317054524,1781.683845815264,1805.004566093338,1830.4695439882826,1850.8332199323795,1865.7414295108701
2021-03-03,2021-02-24,1715.300048828125,1795.4813939505693,1739.329429639276,1759.8653326615429,1772.8243380403208,1795.4813939505693,1817.0234718061802,1836.3997275507468,1860.5315327094936
2021-03-04,2021-02-25,1700.199951171875,1776.990432472419,1720.576808141146,1739.8521522507228,1756.2660911375606,1776.990432472419,1796.583143768664,1819.043753546565,1833.9767245023681
2021-03-05,2021-02-26,1698.0,1737.035325568668,1685.9162974805056,1705.160638143336,1717.8243800482257,1737.035325568668,1752.3915632425064,1775.0952598174308,1793.359220656177
2021-03-08,2021-03-01,1677.699951171875,1733.2912569568675,1685.0136732288906,1700.2538716367053,1718.7244562694846,1733.2912569568675,1747.5098710311636,1767.0970558004904,1791.8578075158225
2021-03-09,2021-03-02,1716.5999755859375,1744.2972798716944,1692.2485568056752,1700.0178145248826,1725.777555153811,1744.2972798716944,1762.6600423934688,1785.0863232151428,1797.3240401698783
2021-03-10,2021-03-03,1721.5,1724.3854870901698,1678.5357333894465,1687.3790153989585,1706.0424956030474,1724.3854870901698,1744.9808586528043,1762.1754003065848,1786.6187515285205
2021-03-11,2021-03-04,1722.300048828125,1706.903529311317,1657.2111931498134,1671.3300367464035,1692.1083647525866,1706.903529311317,1726.7479406173331,1739.9799664266031,1772.4965134917738
2021-03-12,2021-03-05,1719.5,1704.559640409497,1653.7815757333558,1666.6251129743468,1686.180827982513,1704.559640409497,1722.0335487464458,1742.359327395471,1759.212556098409
2021-03-15,2021-03-08,1728.9000244140625,1687.3348300916537,1635.5774988578562,1648.682307607441,1667.6862103442973,1687.3348300916537,1703.7872574197986,1724.5603648145884,1741.1627415700877
2021-03-16,2021-03-09,1730.5999755859375,1719.2306150797135,1663.5683531901261,1678.4503159211445,1700.01507222348,1719.2306150797135,1739.089859118002,1757.3316472332867,1782.0607962436868
2021-03-17,2021-03-10,1726.800048828125,1723.065359180686,1670.3902773349862,1676.0136076261438,1699.6069321173236,1723.065359180686,1748.7630412797594,1770.011608748293,1776.6334408525195
2021-03-18,2021-03-11,1732.199951171875,1720.69679950412,1662.500405882353,1681.8421115385745,1698.293254514497,1720.69679950412,1743.0481756069348,1760.8169269873363,1787.2111810133445
2021-03-19,2021-03-12,1741.4000244140625,1718.0163009296923,1667.0174030123653,1680.0118692811386,1698.1192844193915,1718.0163009296923,1740.7062096497114,1760.00201358384,1775.4353149690785
2021-03-22,2021-03-15,1737.800048828125,1729.4254117036496,1671.446094453959,1689.3939865870677,1704.5893732168863,1729.4254117036496,1747.4941089876631,1773.1666971838754,1782.9549902148974
2021-03-23,2021-03-16,1724.699951171875,1732.4626168827183,1677.5163495790227,1690.8185971117,1709.8244114747158,1732.4626168827183,1753.6821221755008,1775.5097337518864,1788.8301493917588
2021-03-24,2021-03-17,1732.9000244140625,1728.812538913869,1673.7471435666155,1689.3613673166328,1707.3079774704972,1728.812538913869,1749.39049334342,1769.515697211631,1788.413733839603
2021-03-25,2021-03-18,1724.9000244140625,1733.6192039319699,1679.2468009539264,1694.0331913655882,1712.5417425122798,1733.6192039319699,1754.1680040679787,1774.8185487758078,1791.9427644576672
2021-03-26,2021-03-19,1732.199951171875,1742.743976100519,1686.7575650440922,1700.8008238065995,1719.640531733644,1742.743976100519,1763.6240820368816,1786.261555060072,1799.1033572985014
2021-03-29,2021-03-22,1712.0999755859375,1739.6627455406085,1684.2833771764083,1698.636089166853,1717.3064675406636,1739.6627455406085,1761.1327922732642,1781.9297861666441,1798.4108485272504
2021-03-30,2021-03-23,1683.9000244140625,1727.72759838885,1674.2449793935095,1690.0156215405661,1707.5406046127187,1727.72759838885,1747.576539366982,1767.026809596698,1787.2035085212947
2021-03-31,2021-03-24,1713.800048828125,1735.7037864681147,1681.0487305683482,1696.8130654964127,1714.8763703579518,1735.7037864681147,1754.3577516690498,1775.993386862287,1792.878911717375
2021-04-01,2021-03-25,1726.5,1730.1128915216518,1676.344720786205,1688.6803645592652,1708.1313014045265,1730.1128915216518,1749.7158255553504,1772.0295887427985,1784.2918940186696
2021-04-05,2021-03-26,1727.0,1735.3268107332042,1679.4446504725613,1695.7284852599382,1714.7061251380146,1735.3268107332042,1755.137700605064,1774.4207405450538,1797.2002903296845
2021-04-06,2021-03-29,1741.5,1717.3114796814389,1666.6745224278989,1677.9202472160005,1697.767447495722,1717.3114796814389,1737.9517003460764,1757.3181709753085,1773.3340041721106
2021-04-07,2021-03-30,1740.0999755859375,1692.1052520625633,1639.964065499301,1658.0646766296154,1673.9917154467967,1692.1052520625633,1707.3003682704189,1726.3114492281209,1750.465920219445
2021-04-08,2021-03-31,1756.800048828125,1718.5949432345144,1665.4619000248736,1679.3517369730691,1700.0926985648975,1718.5949432345144,1736.0242455881255,1756.6169736617333,1775.4479060330386
2021-04-09,2021-04-01,1743.300048828125,1730.8420387260123,1675.6937530405232,1683.1646492365699,1706.3713874811233,1730.8420387260123,1753.485200885755,1777.0848114962946,1782.9099307923009
2021-04-12,2021-04-05,1731.199951171875,1727.2341947735827,1673.5535707841311,1688.0397526460588,1706.2519735179044,1727.2341947735827,1750.2952032844887,1766.9863080561138,1793.7405537526377
2021-04-13,2021-04-06,1746.199951171875,1738.5195959359676,1681.6901607330155,1698.525349069841,1717.9531027861149,1738.5195959359676,1761.263056715864,1780.0218144552284,1798.6374334696184
2021-04-14,2021-04-07,1734.9000244140625,1739.7645071350428,1682.4837968887568,1697.2372726991864,1713.4458294822525,1739.7645071350428,1760.9894523933044,1785.9824948944463,1793.4277220349652
2021-04-15,2021-04-08,1765.4000244140625,1755.92738028827,1697.378495839871,1714.7353930165527,1731.5206358141074,1755.92738028827,1776.5473537886392,1798.498703604766,1815.3481925580497
2021-04-16,2021-04-09,1779.0,1744.3700719026688,1689.5560442845701,1703.0171216730782,1721.7539630588135,1744.3700719026688,1766.8111201455918,1788.814760600093,1800.5900744048945
2021-04-19,2021-04-12,1769.4000244140625,1733.8247270832426,1679.4089059653988,1697.6902123653635,1712.832621710329,1733.8247270832426,1752.217451207569,1773.3900622186045,1793.428795323323
2021-04-20,2021-04-13,1777.300048828125,1749.211759838609,1691.4128271473671,1707.840672802614,1728.4328509074344,1749.211759838609,1768.1273762496305,1789.7336838683582,1803.6453359717839
2021-04-21,2021-04-14,1792.300048828125,1740.0303117027051,1685.2829956711662,1697.385361682015,1716.9434247600161,1740.0303117027051,1760.6263966244446,1783.3438476693698,1794.7727642909522
2021-04-22,2021-04-15,1781.199951171875,1765.9281623724326,1707.1373002587602,1724.8655104402326,1744.621839970378,1765.9281623724326,1786.336788379302,1804.8037335872702,1829.233013291849
2021-04-23,2021-04-16,1777.0,1777.9999740687474,1719.4001526827913,1730.7003076542455,1753.224821001955,1777.9999740687474,1803.1485591249746,1825.1426566063835,1834.031018215469
2021-04-26,2021-04-19,1779.199951171875,1768.1614344074,1712.249688004678,1728.4651277236983,1743.1554692331536,1768.1614344074,1790.7215524689734,1812.3403784356942,1831.6241229592642
2021-04-27,2021-04-20,1778.0,1775.5172534017788,1717.6239482621122,1736.4317626250731,1754.2438074598526,1775.5172534017788,1796.707562997702,1817.37758957694,1835.6488621152391
2021-04-28,2021-04-21,1773.199951171875,1792.6580846899328,1731.868213818569,1747.3194708735389,1765.6128705223387,1792.6580846899328,1813.509126553043,1839.4490736434552,1846.034989721516
2021-04-29,2021-04-22,1768.0999755859375,1783.1425919726325,1726.9683675840201,1741.215318764279,1758.9288521386634,1783.1425919726325,1805.2243646789789,1827.6866776737938,1842.9408776499536
2021-04-30,2021-04-23,1767.300048828125,1778.4741401437477,1722.484695660684,1740.583202537208,1758.4796746579007,1778.4741401437477,1798.8254763265359,1818.5687363221537,1840.6608815688146
2021-05-03,2021-04-26,1791.4000244140625,1782.2691229889394,1724.4166226088919,1740.3569973612161,1760.0526363330887,1782.2691229889394,1802.0969668088278,1825.1020608124754,1837.4987776280998
2021-05-04,2021-04-27,1775.800048828125,1782.2232053173757,1725.130832738135,1740.0142520253403,1759.1579512534938,1782.2232053173757,1802.2667322261013,1824.834209406406,1839.9053964288926
2021-05-05,2021-04-28,1784.0999755859375,1776.8426903481532,1721.2956021013727,1736.6036566297041,1756.7593774504517,1776.8426903481532,1797.7012989704344,1817.442102005235,1837.509821803647
2021-05-06,2021-04-29,1815.5,1771.8610844356008,1716.0710757296388,1731.9015458916047,1751.526071563447,1771.8610844356008,1791.9510274754207,1812.6274936326058,1830.7087763170798
2021-05-07,2021-04-30,1831.0999755859373,1771.4820600867304,1715.0477702459443,1730.7143923579565,1750.4522393784262,1771.4820600867304,1791.1428239939594,1812.4644997526716,1829.2843806400801
2021-05-10,2021-05-03,1837.5,1793.5204524155315,1733.7273413442085,1749.2037351708386,1770.4667580810074,1793.5204524155315,1814.391617218232,1835.7461886988754,1852.1929227283922
2021-05-11,2021-05-04,1835.9000244140625,1778.5302908117321,1723.5868058426051,1735.863436026433,1754.936167665229,1778.5302908117321,1801.8273662275424,1821.6229797183269,1834.7571291652923
2021-05-12,2021-05-05,1822.5999755859373,1784.825442575671,1727.0329065826954,1746.621866029539,1764.0247258454483,1784.825442575671,1804.3898987378927,1823.7426444567482,1846.201567567833
2021-05-13,2021-05-06,1823.800048828125,1814.91802773615,1752.3978630212314,1767.4758703768573,1791.1272410422987,1814.91802773615,1837.4283591223225,1860.1161323578963,1868.5341627588684
2021-05-14,2021-05-07,1837.9000244140625,1829.7589888797972,1768.510014766383,1782.6851821179698,1801.2888281755422,1829.7589888797972,1853.9128338899986,1877.3267877639835,1886.7154803732535
2021-05-17,2021-05-10,1867.5,1833.508928326454,1774.2560672046816,1791.540893304701,1809.6960330426734,1833.508928326454,1858.4132721340618,1876.5285102413602,1896.2525050547147
2021-05-18,2021-05-11,1867.800048828125,1832.6883883313844,1773.1645548032916,1791.4186925110416,1808.0197116136796,1832.6883883313844,1855.0352680095107,1877.9036654395622,1891.1444330918102
2021-05-19,2021-05-12,1881.300048828125,1823.6259956586737,1765.4677140196873,1783.645673332252,1798.4349446986064,1823.6259956586737,1843.0444172333575,1868.7413737814832,1880.4089987128457
2021-05-20,2021-05-13,1881.800048828125,1827.3452183913103,1768.182844457451,1786.3188755535202,1804.6502326582695,1827.3452183913103,1846.0065128922104,1869.8824595460874,1884.838800239352
2021-05-21,2021-05-14,1876.699951171875,1841.7616554039423,1780.9216330417153,1796.2163249599269,1818.2850372830349,1841.7616554039423,1862.6509605530307,1885.647613303935,1898.0013303584333
2021-05-24,2021-05-17,1884.5999755859373,1868.2442774397045,1805.0568951926066,1820.2005447882866,1843.2230761070934,1868.2442774397045,1891.9771139791314,1913.0807635627502,1927.5002007344465
2021-05-25,2021-05-18,1898.0999755859373,1866.2064595181441,1806.6123099133092,1820.7279378954368,1840.9566247978541,1866.2064595181441,1892.4526231162831,1911.6449883320847,1927.0661657540736
2021-05-26,2021-05-19,1901.300048828125,1877.5662951170666,1815.4538627986867,1835.5709738402961,1853.0676820846174,1877.5662951170666,1900.3969597890534,1921.7304702182507,1940.7653776497864
2021-05-27,2021-05-20,1895.699951171875,1880.060357120546,1818.5487541998345,1835.2107462248964,1853.8878854251225,1880.060357120546,1903.1716063068907,1927.914195914871,1937.1781213058048
2021-05-28,2021-05-21,1902.5,1877.622374194986,1817.1217122246842,1835.8166592119014,1851.4858435670294,1877.622374194986,1898.1146757304166,1923.3780441260712,1937.6997828834367
2021-06-01,2021-05-24,1902.9000244140625,1886.2017480963132,1824.6218590877525,1842.4391152286173,1863.0495982357334,1886.2017480963132,1907.5825125761216,1930.245356035952,1945.9431911952659
2021-06-02,2021-05-25,1907.5,1899.8672007532928,1836.8771149323575,1853.0523651798662,1874.1520922924988,1899.8672007532928,1922.1787437299351,1946.4121997721154,1958.2713972480465
2021-06-03,2021-05-26,1871.199951171875,1902.3987029085283,1841.1100281540546,1857.0365511710838,1877.2288077447922,1902.3987029085283,1926.1316038915127,1947.830204767046,1963.7060851655292
2021-06-04,2021-05-27,1889.800048828125,1896.455195232453,1836.4242049095014,1853.9724230976021,1872.8698198314178,1896.455195232453,1919.2634573903663,1940.4462430198023,1958.7837017773427
2021-06-07,2021-05-28,1896.800048828125,1903.6966716844413,1841.4301545464198,1859.9622306847996,1879.6593380103898,1903.6966716844413,1924.9065871353632,1948.6456702826176,1963.9612513014797
2021-06-08,2021-06-01,1892.199951171875,1905.6243115465113,1844.009783907591,1860.1084069139895,1880.2506042316081,1905.6243115465113,1927.6414012218977,1952.023987175568,1964.3178422354567
2021-06-09,2021-06-02,1893.199951171875,1909.9496172270094,1848.2903466204345,1865.6959253252749,1885.7741554567665,1909.9496172270094,1931.967980613972,1954.29325955237,1971.8259842915431
2021-06-10,2021-06-03,1894.199951171875,1876.2767107123095,1820.5635346061392,1835.0428296935459,1854.0720230122138,1876.2767107123095,1899.870862278906,1920.797718024815,1938.1889052551428
2021-06-11,2021-06-04,1877.4000244140625,1894.46585316766,1830.902757285322,1853.442440770924,1875.690392917588,1894.46585316766,1911.7705638101938,1935.3554239789744,1957.8062270010792
2021-06-14,2021-06-07,1864.0,1902.965479491855,1839.9919942763318,1852.6716506856305,1877.7652440272511,1902.965479491855,1925.7107794666458,1950.1878662859424,1958.2768009209567
2021-06-15,2021-06-08,1854.5,1897.927996183824,1836.392237275364,1851.9681773293632,1872.0990362919651,1897.927996183824,1919.7115361989377,1940.2199915576857,1963.3077143153726
2021-06-16,2021-06-09,1859.5,1895.3639279473239,1834.3717746882612,1852.1011455314474,1875.8141902579625,1895.3639279473239,1918.7038451763628,1936.3927977645744,1959.9389350399242
2021-06-17,2021-06-10,1773.800048828125,1897.566440934627,1835.21489726548,1852.8968710684042,1872.8615401511684,1897.566440934627,1918.7902994916997,1943.3937261359679,1956.3795898253534
2021-06-18,2021-06-11,1767.9000244140625,1882.5895824591266,1823.6348846921378,1839.5149464282476,1859.12640269624,1882.5895824591266,1904.4578578841358,1926.8989457986454,1943.9739041010273
2021-06-21,2021-06-14,1781.800048828125,1869.6977262304017,1811.4620651168593,1829.1713505129337,1850.0642321502141,1869.6977262304017,1890.1311637391882,1911.7006119355012,1932.4585585319107
2021-06-22,2021-06-15,1776.300048828125,1861.6417882310739,1803.144381317986,1819.411563776438,1841.6231829750204,1861.6417882310739,1881.5676122946602,1904.9291424073522,1921.1374678418615
2021-06-23,2021-06-16,1782.300048828125,1867.1953568256904,1806.2641591662946,1822.231592745254,1845.732913888041,1867.1953568256904,1886.6230317146858,1909.5560356466333,1927.5650071465257
2021-06-24,2021-06-17,1775.5999755859375,1784.742685610493,1739.739345473488,1748.3226664846939,1765.7530616807192,1784.742685610493,1808.4983300545543,1827.450231000337,1846.3376089372812
2021-06-25,2021-06-18,1776.5999755859375,1778.0667424050475,1723.969421103412,1747.890732003822,1770.2250582609474,1778.0667424050475,1790.5452964203523,1811.6911154578568,1844.2575555874919
2021-06-28,2021-06-21,1779.5999755859375,1794.5058694844784,1735.8256504769986,1746.2514862241926,1776.6747629208787,1794.5058694844784,1812.5185416530076,1839.0473189814284,1842.7756126117918
2021-06-29,2021-06-22,1762.800048828125,1789.4869756676821,1732.0515934126222,1741.0592634336108,1763.9505381892386,1789.4869756676821,1808.7182397837284,1829.1095300803236,1850.8174559922325
2021-06-30,2021-06-23,1770.800048828125,1786.875182172371,1729.886443686887,1744.2842909414608,1771.9024874631593,1786.875182172371,1809.9285723681037,1820.1318151072712,1854.3449257732948
2021-07-01,2021-06-24,1775.9000244140625,1778.631353516726,1721.737124339715,1736.7494525441368,1756.9491348027518,1778.631353516726,1800.3691539930132,1820.735992295018,1835.0822308906545
2021-07-02,2021-06-25,1782.5999755859375,1780.474963108199,1722.1758716193756,1739.5916543883413,1758.2370968798189,1780.474963108199,1799.631844959481,1821.5950199295482,1838.5381082335498
2021-07-06,2021-06-28,1793.5,1783.4275616196558,1725.1331849402623,1740.7206033187638,1762.079296740937,1783.4275616196558,1804.1095311105435,1824.768545403162,1840.3545723806988
2021-07-07,2021-06-29,1801.5,1767.8658497141932,1712.6176823436492,1727.0993201156716,1745.5476054278683,1767.8658497141932,1788.5929727223536,1809.5047805059908,1825.6022145420702
2021-07-08,2021-06-30,1799.5999755859375,1774.9345810097054,1716.6091502937388,1734.7683992491823,1756.019516508721,1774.9345810097054,1793.6773196148138,1813.8490229394297,1834.2956771389427
2021-07-09,2021-07-01,1810.0,1780.5198231012444,1721.811464618998,1735.9831352874453,1757.8171452915665,1780.5198231012444,1801.2330021617636,1823.1454606995394,1835.1531043183331
2021-07-12,2021-07-02,1805.5,1786.7355890898473,1726.6394895956582,1743.6833619068007,1763.2135064180932,1786.7355890898473,1806.6634889635534,1827.183299894376,1845.77371789883
2021-07-13,2021-07-06,1809.4000244140625,1795.6176594656868,1734.3753843605969,1752.388705027503,1773.5971775143103,1795.6176594656868,1816.9115408423577,1835.5699819572806,1854.1091461374162
2021-07-14,2021-07-07,1824.300048828125,1803.4837128252427,1740.7885768851995,1758.7226685438377,1778.414663924826,1803.4837128252427,1824.4524488030738,1845.4187507909262,1859.939280602478
2021-07-15,2021-07-08,1828.4000244140625,1801.5521470940819,1740.5751158471824,1758.7342507241285,1777.165796612302,1801.5521470940819,1822.869805686343,1843.3073750157969,1859.359358927309
2021-07-16,2021-07-09,1814.5,1811.9023664112344,1749.186014641533,1769.3281416955797,1789.0789782010108,1811.9023664112344,1832.0466019254025,1853.12907607302,1869.3969675660478
2021-07-19,2021-07-12,1808.699951171875,1808.6343864605901,1747.2953499661592,1763.9595775734806,1783.645396324617,1808.6343864605901,1830.018031293081,1852.0144956147742,1864.4713216003827
2021-07-20,2021-07-13,1810.9000244140625,1812.5755026921263,1751.5302395384301,1771.0785455464754,1789.9747078896091,1812.5755026921263,1832.4206462646002,1853.6508534996565,1871.9119815682322
2021-07-21,2021-07-14,1802.9000244140625,1827.1727713141067,1763.5405578633477,1781.8888197566207,1804.2693782492202,1827.1727713141067,1847.8815334697144,1869.1114055014234,1883.92077001666
2021-07-22,2021-07-15,1805.0,1831.539933447954,1768.5960350931575,1785.2577829873103,1805.2720292908803,1831.539933447954,1852.9313203361128,1874.6744637919765,1889.0380585379237
2021-07-23,2021-07-16,1801.4000244140625,1817.0474380249707,1758.1935035090978,1776.2986211352634,1793.8645980353817,1817.0474380249707,1839.0097740405322,1858.5721188005152,1877.9840465843915
2021-07-26,2021-07-19,1798.699951171875,1811.9064614345812,1752.239434677073,1772.6101115046113,1791.565741370162,1811.9064614345812,1831.920777334,1853.3398178205762,1870.8156867492394
2021-07-27,2021-07-20,1799.5,1816.1501781561128,1754.730714639793,1772.371813120038,1793.922088292678,1816.1501781561128,1835.6401145232035,1859.3872768552596,1871.9009274880132
2021-07-28,2021-07-21,1799.5,1808.94411649357,1750.2243935534489,1765.757640266164,1786.0226384561086,1808.94411649357,1829.3827763229358,1851.4127019165053,1867.8146410590612
2021-07-29,2021-07-22,1831.199951171875,1809.7321882467572,1750.80025067917,1769.0802881236516,1789.891982731969,1809.7321882467572,1829.834994144287,1849.6955722165674,1870.9694361082586
2021-07-30,2021-07-23,1812.5999755859373,1806.146427467313,1746.6388816965307,1762.9685889664252,1784.242822230547,1806.146427467313,1827.0975688423048,1848.1670237652138,1864.070394647363
2021-08-02,2021-07-26,1818.0999755859373,1803.496580060996,1744.3421765617684,1761.9501231595996,1781.5903781073225,1803.496580060996,1823.505525903695,1844.760195110576,1862.9836908364055
2021-08-03,2021-07-27,1810.0999755859373,1803.8758461436107,1744.246044080041,1761.7781390053842,1782.8904436208622,1803.8758461436107,1824.352672631976,1844.9492459305727,1862.6282328476022
2021-08-04,2021-07-28,1810.5,1804.0867503958953,1744.0434688657624,1761.0682928295614,1781.574108733185,1804.0867503958953,1824.408302601866,1845.8718107248674,1862.1652307332954
2021-08-05,2021-07-29,1805.0999755859373,1834.2553072408055,1769.03053338011,1788.5960085915472,1811.873804063551,1834.2553072408055,1853.7658783034944,1874.6490742652502,1892.5732866639348
2021-08-06,2021-07-30,1760.0,1815.7695255107776,1755.960673538135,1768.8363129878762,1788.0780514465675,1815.7695255107776,1839.8118500293967,1860.0538554348723,1872.9372395056116
2021-08-09,2021-08-02,1723.4000244140625,1819.5925259307066,1759.2043363582911,1782.7507074870653,1799.3339956416364,1819.5925259307066,1838.8741112053003,1858.1899391964755,1883.2401136338806
2021-08-10,2021-08-03,1728.800048828125,1812.842342558456,1753.9692362449446,1768.6142599721534,1791.9519790494392,1812.842342558456,1835.0569842146137,1857.4170874365839,1867.2109272517648
2021-08-11,2021-08-04,1750.4000244140625,1816.482531854183,1753.9382994875748,1774.6760345134971,1792.6831721710037,1816.482531854183,1833.9767637724276,1858.342200174535,1874.2032297646124
2021-08-12,2021-08-05,1749.0,1810.186570067676,1753.7546756086174,1767.4171857000943,1790.0879294969275,1810.186570067676,1831.8435700129257,1851.0857543059458,1869.0218891876739
2021-08-13,2021-08-06,1775.199951171875,1768.1940582341076,1715.4779147928546,1729.9332172238294,1747.593859318649,1768.1940582341076,1788.2639893339754,1808.9373523207914,1826.504386682987
2021-08-16,2021-08-09,1786.9000244140625,1734.2786145883078,1684.424738543545,1701.4797106390133,1721.6062169286158,1734.2786145883078,1749.7329832233013,1770.062899214011,1793.44037162807
2021-08-17,2021-08-10,1785.0,1741.467504784642,1686.019618111182,1700.6564857142973,1728.4515506404223,1741.467504784642,1755.2382974244808,1779.5176860321947,1794.5956885764283
2021-08-18,2021-08-11,1781.5999755859375,1762.1829845923003,1704.0025497823297,1714.05125332886,1740.860246179917,1762.1829845923003,1779.9646894897887,1801.8983636567289,1816.8539446611255
2021-08-19,2021-08-12,1780.199951171875,1755.5144855657495,1703.3023659301882,1711.729121043562,1732.494472301456,1755.5144855657495,1779.1256206021317,1792.67228761182,1817.6238241096062
2021-08-20,2021-08-13,1781.0,1775.111453855832,1717.619692865711,1734.8218188515289,1754.869577089564,1775.111453855832,1796.9418652901868,1811.6956335748687,1837.2634131005436
2021-08-23,2021-08-16,1803.199951171875,1785.49492093543,1723.6494416027729,1739.2668111890866,1759.675991426031,1785.49492093543,1809.2863228487265,1830.2693938360708,1839.352683917888
2021-08-24,2021-08-17,1805.5999755859373,1785.006243238892,1723.4003740445241,1743.9342192007873,1758.3900412160701,1785.006243238892,1806.290319231641,1827.2636743416344,1843.0068223842486
2021-08-25,2021-08-18,1788.199951171875,1781.7249488797697,1723.2550169588178,1742.028873753477,1760.5681986910677,1781.7249488797697,1803.1520482397027,1822.986812992044,1839.2409362062729
2021-08-26,2021-08-19,1792.199951171875,1783.2438249235042,1721.9230976733884,1741.5507475551965,1760.726262992988,1783.2438249235042,1802.19306006128,1826.2697880055146,1837.6073589605235
2021-08-27,2021-08-20,1816.5999755859373,1785.6942008565552,1725.9813177975088,1743.3120455837757,1763.5417324885257,1785.6942008565552,1805.036554762789,1827.303115143858,1841.9033646928356
2021-08-30,2021-08-23,1809.0,1806.525187876479,1745.0127167565943,1762.3733657121622,1784.2475730215815,1806.525187876479,1826.457323989106,1847.30128542903,1864.3016181651594
2021-08-31,2021-08-24,1815.0,1807.8069828394616,1748.0073296562136,1762.1167165942516,1782.3810951013375,1807.8069828394616,1831.1942888124818,1850.972181652423,1865.2343008457578
2021-09-01,2021-08-25,1813.0999755859373,1790.603609767225,1733.7375725995248,1751.5604754387539,1767.56969537479,1790.603609767225,1812.3318754091513,1831.006351310582,1851.166427000037
2021-09-02,2021-08-26,1808.699951171875,1794.808167153087,1735.5678710494121,1755.4490556130966,1776.1298633470528,1794.808167153087,1813.7545291706883,1835.116893269132,1852.370278870172
2021-09-03,2021-08-27,1830.9000244140625,1820.3951836642002,1755.4341207144623,1773.4403713664226,1796.7820349086887,1820.3951836642002,1839.4590627559278,1864.5524088848165,1874.0077528137367
2021-09-07,2021-08-30,1795.9000244140625,1813.0724269379289,1753.8544108307167,1767.5318344229247,1786.3673217412195,1813.0724269379289,1836.240495154846,1856.230759635264,1871.554217974558
2021-09-08,2021-08-31,1790.699951171875,1816.445921173583,1757.996539309262,1777.2820825728095,1795.4356283658954,1816.445921173583,1837.561230942565,1854.9388599831686,1879.3542278951197
2021-09-09,2021-09-01,1797.4000244140625,1815.354194863119,1754.2758760558113,1771.34138474332,1793.4589362823576,1815.354194863119,1836.0034750384254,1857.293591421118,1867.7493765807403
2021-09-10,2021-09-02,1789.5999755859375,1813.0708114354863,1751.4896160992555,1769.6083572701286,1789.7886506791972,1813.0708114354863,1831.9558108615563,1855.0909808836427,1869.70707848843
2021-09-13,2021-09-03,1792.0,1834.6397914916506,1772.0250931038895,1790.5648897081903,1813.3657084513602,1834.6397914916506,1853.9708471897038,1874.4214710272024,1890.6381168611542
2021-09-14,2021-09-07,1804.699951171875,1801.1734566323703,1744.6032107087096,1755.6542499486757,1776.5287618747732,1801.1734566323703,1824.0331588356769,1843.5894082299073,1857.4172559111103
2021-09-15,2021-09-08,1792.4000244140625,1795.2848981530797,1739.314954045888,1761.0490374665164,1778.694980458296,1795.2848981530797,1813.2830265980508,1833.7101541796803,1855.6445276658467
2021-09-16,2021-09-09,1754.5999755859375,1803.3918078863803,1743.8739428426231,1758.4215893082105,1785.2929225534458,1803.3918078863803,1822.6200462708207,1846.264199875473,1855.2939057856088
2021-09-17,2021-09-10,1749.4000244140625,1798.0495308510158,1738.1791070779313,1751.1256109200735,1773.4652271722332,1798.0495308510158,1817.1296239346464,1840.1807544455394,1857.1599679819556
2021-09-20,2021-09-13,1761.800048828125,1797.6381375310307,1742.4897039139355,1757.7342887485242,1778.6632354960257,1797.6381375310307,1818.6649016252568,1834.4468918914786,1857.5059526378432
2021-09-21,2021-09-14,1776.0,1808.8999879535736,1747.814604653201,1764.1435334536122,1787.2370961829322,1808.8999879535736,1828.710317389352,1849.160448199962,1863.5997717479704
2021-09-22,2021-09-15,1776.699951171875,1797.2032602126574,1738.2300754443124,1752.3592059010905,1772.9468216812702,1797.2032602126574,1818.216830787493,1838.0678212172884,1853.8504547037792
2021-09-23,2021-09-16,1747.699951171875,1759.5977628570936,1708.3379210770318,1723.8461992509133,1741.4862789809572,1759.5977628570936,1780.6832925905437,1798.8954659362782,1818.0531066538824
2021-09-24,2021-09-17,1749.699951171875,1755.7251815132488,1700.9504832653683,1720.0301071500653,1742.3223843659275,1755.7251815132488,1772.558815665444,1796.5979517711658,1810.8136534091923
2021-09-27,2021-09-20,1750.0,1771.2755318671561,1711.2735689220553,1723.9256878221047,1751.5678715331692,1771.2755318671561,1788.4630459677865,1814.2599637969738,1825.2494759908054
2021-09-28,2021-09-21,1735.800048828125,1784.6221337092418,1725.4981839346374,1736.738354170779,1760.2478278157546,1784.6221337092418,1804.5889987798332,1822.8716569878134,1844.522612347091
2021-09-29,2021-09-22,1721.5,1780.7044573506046,1724.9654536672206,1738.1379158240672,1757.9136288397951,1780.7044573506046,1803.5020255421455,1816.432502646151,1839.201985348006
2021-09-30,2021-09-23,1755.300048828125,1750.3181853195285,1696.5629472393566,1712.566222565763,1729.8790150459422,1750.3181853195285,1771.8411650963674,1789.2371119479965,1805.7504931005897
2021-10-01,2021-09-24,1757.0,1753.455212977357,1695.6807630767175,1716.8621273718381,1737.1124482668374,1753.455212977357,1770.2457912160494,1793.7388425710753,1807.2551690462947
2021-10-04,2021-09-27,1766.199951171875,1757.044564944256,1697.945686777035,1711.0764824107791,1736.4068627135484,1757.044564944256,1775.4493101326207,1799.7733286539465,1809.3100604419528
2021-10-05,2021-09-28,1759.5999755859375,1743.7652521414645,1689.0759219173322,1701.616930393498,1722.1089297548901,1743.7652521414645,1763.3835315407694,1782.8039642334033,1802.8879538384467
2021-10-06,2021-09-29,1760.5,1727.6059499431835,1676.81089367178,1691.0095591161908,1711.3442943415096,1727.6059499431835,1747.9045991915511,1764.6367888446302,1784.8491125272217
2021-10-07,2021-09-30,1757.9000244140625,1760.6876637870105,1698.9409132373025,1717.4004619341258,1741.7218394101208,1760.6876637870105,1777.0999009134841,1800.0396177940556,1813.9569175148843
2021-10-08,2021-10-01,1756.300048828125,1761.991374562013,1701.2302426123547,1712.0225410428197,1734.6587924639543,1761.991374562013,1783.6505203510972,1801.6087452283757,1816.547606686786
2021-10-11,2021-10-04,1754.5999755859375,1767.410388319934,1707.5534851227487,1726.8257409287544,1744.3471852018715,1767.410388319934,1788.414790118767,1804.1040658738573,1827.4147645819653
2021-10-12,2021-10-05,1758.300048828125,1759.2858997077699,1700.1802182710794,1718.0985318311482,1738.2885824309758,1759.2858997077699,1780.7621032012876,1798.2715395083214,1810.5494820205952
2021-10-13,2021-10-06,1793.699951171875,1762.3272241214158,1701.4315697481,1722.2217516244282,1739.834570664645,1762.3272241214158,1780.1793149279158,1803.0257239164728,1816.1224884120986
2021-10-14,2021-10-07,1796.699951171875,1761.3755482363151,1702.8902742268049,1719.1528478768396,1740.4253508252061,1761.3755482363151,1780.9231070112464,1801.4068576704367,1815.2639695574271
2021-10-15,2021-10-08,1767.199951171875,1760.6917311593782,1702.2411535973051,1718.805706390285,1739.1992943766154,1760.6917311593782,1779.6666812846506,1800.5017913784586,1816.877773478094
2021-10-18,2021-10-11,1764.800048828125,1758.914785167889,1701.402755773169,1717.0098886269675,1738.5107341801124,1758.914785167889,1778.6051555222516,1798.202732914658,1814.847817133608
2021-10-19,2021-10-12,1769.699951171875,1762.433787108515,1703.8083305381977,1720.1449424144043,1741.1866643433773,1762.433787108515,1781.678516367419,1801.9868145222763,1818.293509005689
2021-10-20,2021-10-13,1784.0999755859375,1795.9322763873588,1732.4534738748807,1750.727684586849,1771.9986749238383,1795.9322763873588,1815.2667636729313,1835.5627761279384,1851.2822351149794
2021-10-21,2021-10-14,1781.199951171875,1797.9786288404498,1734.456328206055,1749.243382993407,1769.547261887153,1797.9786288404498,1820.8692728473625,1837.40526844534,1852.6171760771692
2021-10-22,2021-10-15,1795.5,1767.6724753620085,1710.084297505005,1729.5327616146233,1745.9081260613043,1767.6724753620085,1789.4860632626671,1805.6567159485116,1825.5851127572066
2021-10-25,2021-10-18,1806.0,1765.8481419743284,1708.453071960664,1730.8612242569236,1750.4063722441938,1765.8481419743284,1783.5169579634185,1806.2710142983387,1818.4895794208899
2021-10-26,2021-10-19,1792.699951171875,1775.5211008357712,1715.068546446215,1730.7828377100072,1753.4608874243233,1775.5211008357712,1792.5847723390775,1818.5979729002172,1827.2971845514753
2021-10-27,2021-10-20,1797.9000244140625,1790.5615134038892,1730.2251897953788,1744.4498123880749,1766.4982868293218,1790.5615134038892,1809.9678163416013,1830.3313063218911,1850.176450817788
2021-10-28,2021-10-21,1801.5999755859373,1784.7946511098621,1726.374208652973,1740.1613327982564,1762.1839280736604,1784.7946511098621,1807.24885756504,1822.9097194307228,1842.9071114638473
2021-10-29,2021-10-22,1783.0,1796.504435260062,1734.871821538205,1755.1053359277332,1774.2807290031633,1796.504435260062,1816.4304549754183,1835.7288952586307,1852.9472162873553
2021-11-01,2021-10-25,1795.0999755859375,1806.8990808599208,1743.5378729966633,1761.4990800994997,1782.1344645507857,1806.8990808599208,1827.6783736258526,1847.5970670521792,1859.87186733584
2021-11-02,2021-10-26,1788.699951171875,1794.7707623946067,1733.9747712748913,1751.8273007271969,1770.3108517724713,1794.7707623946067,1815.6663854132269,1834.8794582867786,1851.2516330995904
2021-11-03,2021-10-27,1763.5999755859375,1799.402082583908,1739.5002026666343,1760.1709683599122,1779.8756050468703,1799.402082583908,1818.7891673218483,1839.2741260873472,1855.5168547621608
2021-11-04,2021-10-28,1793.0,1804.868316352526,1743.2121653788079,1760.1137118257905,1781.8849864688834,1804.868316352526,1824.335972056295,1846.7179070228474,1858.1740047109936
2021-11-05,2021-10-29,1816.4000244140625,1788.1686211068409,1729.985990220627,1745.2674677910334,1765.6133653192403,1788.1686211068409,1808.4101736193545,1828.487628322415,1846.5270767100424
2021-11-08,2021-11-01,1827.4000244140625,1799.5833601302281,1742.563777654578,1760.1541963631466,1781.3698048985011,1799.5833601302281,1818.0380382068333,1838.9521771651075,1857.1543155207069
2021-11-09,2021-11-02,1830.199951171875,1794.379523283963,1738.2635112100627,1748.7104212578834,1772.0313934824817,1794.379523283963,1814.6649010865995,1835.176787570829,1847.3598836541446
2021-11-10,2021-11-03,1847.5999755859373,1770.9402891185534,1716.8497525032255,1731.771965574719,1751.6516416353463,1770.9402891185534,1790.8543746746532,1810.0122269226738,1830.9369840027668
2021-11-11,2021-11-04,1863.199951171875,1797.5452418250836,1740.3364145765854,1757.7377178039203,1780.0885768755998,1797.5452418250836,1814.5148225415796,1837.0697109654468,1853.2370218986848
2021-11-12,2021-11-05,1867.9000244140625,1819.500231256236,1758.7327611579249,1768.9567858973705,1792.0410890464868,1819.500231256236,1840.3083606581768,1862.3190298399156,1872.1871084952545
2021-11-15,2021-11-08,1866.0999755859373,1826.5194032319032,1764.7615884492827,1782.9389444310273,1800.1183617093063,1826.5194032319032,1850.963194551482,1866.993412174098,1890.6122175479568
2021-11-16,2021-11-09,1853.5999755859373,1826.5533714427138,1765.943594708342,1785.3339666516413,1804.7726410371395,1826.5533714427138,1851.152624168314,1865.157546668031,1883.7954602657746
2021-11-17,2021-11-10,1869.699951171875,1845.3229353797146,1776.8492472284167,1801.7465203520505,1820.2009395220555,1845.3229353797146,1864.2792714200273,1887.3900068582188,1897.3403337711793
2021-11-18,2021-11-11,1861.0,1862.1422469902493,1795.333256643537,1815.3629299564598,1835.1861039675096,1862.1422469902493,1882.9973858980918,1904.9359170896612,1915.9331096431638
2021-11-19,2021-11-12,1851.199951171875,1866.9790986874718,1802.0368620490738,1822.3638722151877,1841.2154721455256,1866.9790986874718,1889.5460459222604,1908.797411327501,1925.3023111083576
2021-11-22,2021-11-15,1806.0,1865.8106806155338,1802.589484500736,1823.0574943444383,1842.8988553809327,1865.8106806155338,1887.84698379596,1906.8016311376073,1922.9057220800669
2021-11-23,2021-11-16,1783.5,1856.6019265326927,1794.610094483231,1813.7753542631287,1834.6645955579306,1856.6019265326927,1876.5730345213394,1898.1100761597763,1911.577459189879
2021-11-24,2021-11-17,1784.0999755859375,1873.6994564907766,1810.1400999971643,1830.3671837831964,1851.674567217115,1873.6994564907766,1891.3653090264606,1916.2812608567945,1930.043109277375
2021-11-26,2021-11-18,1785.300048828125,1866.3024988863085,1807.6914553751217,1819.0322141820998,1842.4321123958032,1866.3024988863085,1888.228693460952,1908.5973212869917,1922.99871937345
2021-11-29,2021-11-19,1782.300048828125,1856.5180711003895,1797.9047917364983,1815.8229434712625,1836.0373137610059,1856.5180711003895,1877.2214924154869,1897.2906908355264,1918.983101423852
2021-11-30,2021-11-22,1773.5999755859375,1815.0497412178502,1764.265793730461,1774.506628485266,1798.9682549792878,1815.0497412178502,1835.9962432236734,1854.0865756827168,1871.087959410706
2021-12-01,2021-11-23,1781.5999755859375,1796.9762759688895,1743.8228053651526,1759.9560909147344,1782.8709356074212,1796.9762759688895,1810.8173835244188,1837.1954162116174,1853.9261157392593
2021-12-02,2021-11-24,1760.699951171875,1798.7021698050442,1749.2396660775632,1754.943548453178,1782.5055299353883,1798.7021698050442,1814.2099075630244,1839.7317964892197,1853.2517588091696
2021-12-03,2021-11-26,1782.0,1797.815322205597,1747.1720782720708,1752.7835726141784,1777.1095751939035,1797.815322205597,1816.9278582426027,1838.994367903214,1859.4088831966255
2021-12-06,2021-11-29,1777.5,1789.7994000007795,1740.5091600872224,1748.3873567166197,1771.3515357027557,1789.7994000007795,1812.663691549858,1828.1727713126556,1853.6489966538547
2021-12-07,2021-11-30,1782.5999755859375,1779.0581133217725,1726.2183074150016,1738.4698435650098,1760.5385804754558,1779.0581133217725,1800.2491705009506,1817.5592238933168,1837.2691977495706
2021-12-08,2021-12-01,1783.4000244140625,1786.8412028017826,1726.3379796256384,1744.7212805938348,1766.6031101555063,1786.8412028017826,1805.4775410198988,1826.8484498169073,1843.6235563759292
2021-12-09,2021-12-02,1774.5999755859375,1767.0207119417698,1709.8380994319352,1723.4589375409882,1745.5674791018446,1767.0207119417698,1788.1144894742422,1807.0927408548548,1823.4603433081852
2021-12-10,2021-12-03,1782.9000244140625,1787.4984361454042,1725.6518876340006,1747.5388570120947,1768.2714220994953,1787.4984361454042,1804.4577561367196,1826.2474903180869,1848.1156561735863
2021-12-13,2021-12-06,1786.300048828125,1782.157109801684,1724.5932144953708,1734.8116397532694,1759.261224606437,1782.157109801684,1804.7172583345136,1824.393312271351,1834.5532148483653
2021-12-14,2021-12-07,1770.4000244140625,1786.8966465399203,1722.1085995745464,1745.3193673125663,1764.0814478148845,1786.8966465399203,1805.3793497143065,1824.7442152688084,1848.4303408894389
2021-12-15,2021-12-08,1762.5999755859375,1785.8958313362846,1728.33413748243,1742.81156659604,1765.3307115397606,1785.8958313362846,1808.3233107397887,1825.7485375374126,1840.4183163776872
2021-12-16,2021-12-09,1796.5999755859375,1779.0935638763171,1715.6607225208343,1736.1390632870462,1756.2406461822638,1779.0935638763171,1797.9686123578294,1818.528942003023,1834.463324854909
2021-12-17,2021-12-10,1803.800048828125,1787.2798940496573,1726.9284093147764,1745.6736451647112,1767.1855433699293,1787.2798940496573,1806.46070110633,1826.7753350861176,1844.3030741482173
2021-12-20,2021-12-13,1793.699951171875,1790.870016554112,1729.4447961340388,1745.4084087171457,1768.0897440444787,1790.870016554112,1810.9840447289002,1832.1421367837363,1844.9841430696665
2021-12-21,2021-12-14,1787.9000244140625,1775.4242081940847,1715.5303573968301,1733.3233907972688,1753.4702536430414,1775.4242081940847,1796.1444999509372,1813.927176706197,1834.7709281674925
2021-12-22,2021-12-15,1801.5999755859373,1767.8515086152784,1710.8197409155302,1729.0617316272696,1749.7592816903693,1767.8515086152784,1787.3486291597658,1805.9322370611733,1826.4705520095765
2021-12-23,2021-12-16,1811.199951171875,1801.6809070311454,1738.2261455141218,1756.6160983639722,1780.5447753897952,1801.6809070311454,1818.5718488825405,1844.1675094988811,1854.4637627436828
2021-12-27,2021-12-17,1808.0999755859373,1807.5368809214306,1743.3352158317707,1756.8996227430378,1780.2139449544904,1807.5368809214306,1829.7548483868723,1850.1043220526417,1862.1732587577935
2021-12-28,2021-12-20,1810.199951171875,1794.932350661089,1732.3216628404057,1753.9170256704772,1771.576874350168,1794.932350661089,1817.7156823491905,1831.0820865957794,1858.0985792002368
2021-12-29,2021-12-21,1805.0999755859373,1789.0633269444677,1729.488771725936,1749.4084590572695,1769.7523085085295,1789.0633269444677,1810.1845250012152,1827.3657747617606,1842.6681966251172
2021-12-30,2021-12-22,1812.699951171875,1805.9874503285466,1739.5685683900929,1761.07243444516,1783.272938858275,1805.9874503285466,1822.6312765078628,1848.1260767463739,1856.2418296673477
2021-12-31,2021-12-23,1827.5,1815.8137902260958,1751.8034298214736,1768.4663043700689,1791.2657439139261,1815.8137902260958,1835.9946257315066,1857.7666815507996,1871.6173430537701
2022-01-03,2021-12-27,1799.4000244140625,1811.0539109674312,1748.8537220222397,1767.252380611522,1787.6706568200282,1811.0539109674312,1833.135341564077,1850.0257786546085,1871.1927065262778
2022-01-04,2021-12-28,1814.0,1812.3147284378833,1750.1465511942047,1770.2846591545858,1790.9120961008502,1812.3147284378833,1833.219004675756,1851.4401643253805,1869.0268931356022
2022-01-05,2021-12-29,1824.5999755859373,1808.894109896606,1746.0287041395588,1764.745839242638,1786.406527463509,1808.894109896606,1828.8576988543969,1849.7240601572594,1862.5161083977428
2022-01-06,2021-12-30,1788.699951171875,1817.3895426442853,1753.5254052290393,1773.9262692162586,1795.3588012812788,1817.3895426442853,1836.101790411544,1857.8915274291348,1874.6724314058888
2022-01-07,2021-12-31,1797.0,1831.8539787637308,1768.5383241283785,1785.145671524264,1808.1265385023435,1831.8539787637308,1851.4517449260848,1872.9436885589478,1888.0170509910445
2022-01-10,2022-01-03,1798.4000244140625,1804.0832933431789,1743.7869677763856,1759.3283889255238,1780.337863156438,1804.0832933431789,1825.6535345275227,1841.6306328112044,1859.9449824942437
2022-01-11,2022-01-04,1818.5999755859373,1817.477517140761,1755.227126827115,1779.769361866797,1799.8290742391132,1817.477517140761,1835.3291287678085,1856.5912410621304,1881.2679935013998
2022-01-12,2022-01-05,1827.199951171875,1829.990364979959,1768.7922885848589,1780.6756540423285,1805.5955199854047,1829.990364979959,1849.0731778274417,1873.0140813817247,1879.534749064303
2022-01-13,2022-01-06,1821.199951171875,1794.9670823793158,1734.0332041947058,1751.465327675296,1771.7317325773647,1794.9670823793158,1815.760170543017,1832.2974313423522,1854.2605455515286
2022-01-14,2022-01-07,1816.5,1801.4053596310275,1745.8070712189392,1766.5065366926246,1787.0054890357992,1801.4053596310275,1820.1151209299355,1839.9530773476463,1867.9610243429731
2022-01-18,2022-01-10,1812.300048828125,1805.5701928355008,1747.8008953949372,1758.0090290500289,1783.1783702517448,1805.5701928355008,1823.7326657478964,1848.910007244197,1855.1661760292807
2022-01-19,2022-01-11,1843.0999755859373,1824.8100708319844,1758.2567110975738,1779.1727601037348,1801.1727775765353,1824.8100708319844,1842.9189541966837,1866.1107884375606,1887.6879357727787
2022-01-20,2022-01-12,1842.5,1830.4290885818232,1770.3551696346549,1782.8192370406487,1805.8345676657814,1830.4290885818232,1853.2453047287588,1869.5037428312298,1887.7581774604314
2022-01-21,2022-01-13,1831.800048828125,1823.1815459989712,1756.1148927151585,1778.6508998261804,1798.377710900104,1823.1815459989712,1843.6693515169698,1860.62743670617,1879.4199831544656
2022-01-24,2022-01-14,1841.699951171875,1818.9353830737668,1756.3427076791224,1777.245183645223,1797.6720095203832,1818.9353830737668,1838.6379612209444,1857.196045196612,1874.9548852982684
2022-01-25,2022-01-18,1852.699951171875,1817.040929582528,1754.5231645108088,1773.6392790905472,1795.446959609103,1817.040929582528,1835.1982384323333,1857.547403696253,1871.3006290243025
2022-01-26,2022-01-19,1829.9000244140625,1847.9887272888793,1781.6116794753464,1802.0984383691177,1825.1371987597233,1847.9887272888793,1865.548277314495,1890.7559958544534,1906.7742859104585
2022-01-27,2022-01-20,1793.300048828125,1846.8431768524263,1782.9117933736447,1795.800703980766,1819.292709579674,1846.8431768524263,1868.9062968903695,1887.2352049090794,1900.4930080424115
2022-01-28,2022-01-21,1784.9000244140625,1834.0749482632805,1768.69178955116,1792.3144695524545,1811.302323342596,1834.0749482632805,1855.2774856805936,1870.5928143818865,1896.0845856295016
2022-01-31,2022-01-24,1795.0,1844.0502955104157,1781.4585073987996,1801.7545514207138,1823.4142958094021,1844.0502955104157,1863.2628859449358,1884.1039655719778,1899.9346118810815
2022-02-01,2022-01-25,1800.300048828125,1857.352852439401,1789.0626667609579,1808.444907831146,1831.5948123341916,1857.352852439401,1875.3892704917705,1900.0582873180483,1909.4115691783938
2022-02-02,2022-01-26,1809.199951171875,1834.976312715724,1773.5516624846882,1790.1090590484505,1811.4378157776578,1834.976312715724,1856.577248977037,1873.3816521434462,1894.0033376331103
2022-02-03,2022-01-27,1803.0,1798.7965686721095,1745.2316792190493,1762.9849266891588,1782.8824159619141,1798.7965686721095,1819.2302212215338,1835.6351828017778,1861.6467081717406
2022-02-04,2022-01-28,1806.5999755859373,1793.3321488328083,1740.8954194788287,1756.7166315043814,1779.6270357717717,1793.3321488328083,1809.5693353950455,1835.3667812558554,1853.4898703236213
2022-02-07,2022-01-31,1820.5999755859373,1805.9622591630932,1750.9766734527566,1761.0944113214846,1787.0311506449066,1805.9622591630932,1822.5647326151848,1851.1372991170924,1865.12502600932
2022-02-08,2022-02-01,1826.5999755859373,1808.4492850749498,1754.113490414362,1763.0492456519623,1788.2189102198531,1808.4492850749498,1829.2897865573907,1850.146625372756,1874.9570532428224
2022-02-09,2022-02-02,1835.199951171875,1812.5769684224151,1756.1295500745957,1768.5267438579351,1791.8331030885533,1812.5769684224151,1833.874045296349,1852.3576433780424,1872.4458062590104
2022-02-10,2022-02-03,1836.199951171875,1805.074735066722,1746.5553387030648,1760.7443748131068,1782.5879179225385,1805.074735066722,1825.432875943532,1843.2551176794111,1857.480150486613
2022-02-11,2022-02-04,1840.800048828125,1809.1239511326537,1745.932854526798,1766.473678187242,1787.1874235903038,1809.1239511326537,1827.9228380723246,1847.8191705445493,1861.5831302574366
2022-02-14,2022-02-07,1868.0,1823.2758367329718,1761.1193923947394,1778.1212693147309,1799.7037937947284,1823.2758367329718,1842.4070072128943,1864.2049762642132,1875.571614126783
2022-02-15,2022-02-08,1854.800048828125,1828.5215332469943,1765.0496475883524,1781.8848827340157,1804.0298481019706,1828.5215332469943,1849.121835407222,1868.8820855679762,1883.9419989140238
2022-02-16,2022-02-09,1870.199951171875,1835.8400566240662,1772.51559606708,1790.765388164271,1812.3871311626779,1835.8400566240662,1856.5952769135836,1875.3978095829527,1890.1698655053613
2022-02-17,2022-02-10,1900.699951171875,1836.972239685398,1774.086657985569,1791.4800830681497,1812.8302318504498,1836.972239685398,1857.2380722502057,1876.2106701123435,1887.9936159096812
2022-02-18,2022-02-11,1898.5999755859373,1842.306739191481,1776.9742400458638,1797.5899910605085,1818.6366868959817,1842.306739191481,1861.9041716248798,1881.8990490900383,1894.8486884688082
2022-02-22,2022-02-14,1906.0999755859373,1868.5792640194754,1801.5658660419383,1821.7957986290219,1843.262131033087,1868.5792640194754,1888.4802908814017,1911.0503075644715,1921.6048250545462
2022-02-23,2022-02-15,1909.199951171875,1855.773744771791,1793.4074779484645,1807.1678462356551,1829.9326855565857,1855.773744771791,1877.8079377820866,1895.106216754481,1909.843088417664
2022-02-24,2022-02-16,1925.0999755859373,1870.4113606326337,1802.0697717502494,1827.4938677126065,1848.0302919986748,1870.4113606326337,1890.264649178657,1909.9942555087432,1925.0867701020484
2022-02-25,2022-02-17,1886.5,1900.1315678494734,1833.4636533679197,1850.5630878278585,1872.368615067281,1900.1315678494734,1920.4253233770846,1944.1151135795894,1949.1825978307788
2022-02-28,2022-02-18,1899.4000244140625,1897.599461456377,1827.3647539786703,1846.8025994235463,1869.3003806336692,1897.599461456377,1920.403230036332,1938.4314071797296,1954.1448755900553
2022-03-01,2022-02-22,1942.4000244140625,1904.5012358453641,1837.3581857847018,1859.6580996765058,1880.8606933070766,1904.5012358453641,1926.0845983904974,1943.7856651644056,1958.1127768739948
2022-03-02,2022-02-23,1920.9000244140625,1909.3262519585455,1842.7346870988408,1861.935761921217,1883.2006629633256,1909.3262519585455,1929.3595369601253,1950.299986619721,1957.3482359621737
2022-03-03,2022-02-24,1934.4000244140625,1926.1418161816696,1853.8835713940746,1878.270382088675,1899.9022577587018,1926.1418161816696,1946.3158589882853,1968.8019011311815,1981.531968762824
2022-03-04,2022-02-25,1965.0999755859373,1890.732085592264,1833.218376071532,1844.2780486066165,1868.02614426716,1890.732085592264,1912.5200236150108,1928.5932483592778,1946.312745216981
2022-03-07,2022-02-28,1993.9000244140625,1904.6051970769952,1837.3814785925983,1864.686765441466,1885.624478621973,1904.6051970769952,1922.1350280123524,1945.2232276680134,1961.8998650848116
2022-03-08,2022-03-01,2040.0999755859373,1946.3794815418166,1881.5306102994782,1895.0524207432036,1918.993067538072,1946.3794815418166,1965.9893645346472,1994.5615299644278,2001.0045552702372
2022-03-09,2022-03-02,1985.9000244140625,1923.1597963909742,1857.573990002195,1870.4681921941285,1895.7946693234069,1923.1597963909742,1947.9208725413957,1964.2427000895038,1988.2823334439381
2022-03-10,2022-03-03,1998.0999755859373,1934.9914300413682,1867.8515611218195,1896.6240736204716,1913.6729736490643,1934.9914300413682,1953.738050598416,1970.9639839507486,1990.2921871272365
2022-03-11,2022-03-04,1982.699951171875,1965.6339952905344,1895.161138560295,1910.8881715422126,1936.7650976949967,1965.6339952905344,1986.4245157844734,2009.8118593195,2014.7363523882768
2022-03-14,2022-03-07,1959.5999755859373,1994.7701587257825,1911.2283525560274,1934.6833687473659,1960.1316654451161,1994.7701587257825,2018.9386002201086,2040.6042854814864,2050.875304234733
2022-03-15,2022-03-08,1928.5,2036.2316989194385,1955.5943594123223,1980.6786550207137,2002.1562274666433,2036.2316989194385,2060.095552736785,2078.3812138473254,2087.978430430043
2022-03-16,2022-03-09,1908.0,1982.5822950099453,1913.995990034643,1930.28552061822,1951.3549890841523,1982.5822950099453,2008.2876936880284,2017.9761456878718,2029.3822537845163
2022-03-17,2022-03-10,1942.0999755859373,1997.7347647835288,1918.050966368375,1959.450034615495,1977.2240695496441,1997.7347647835288,2014.7891627609026,2034.1854858544675,2051.306123913372
2022-03-18,2022-03-11,1928.199951171875,1988.7338702956267,1929.3759519048162,1934.4367415901133,1963.9509772820272,1988.7338702956267,2009.5029511469438,2034.5639807561072,2042.0168881259158
2022-03-21,2022-03-14,1928.5999755859373,1969.8021284486485,1900.5319710316385,1923.1461310339728,1947.8251794270975,1969.8021284486485,1990.309070683011,2013.904794569233,2038.0697059467393
2022-03-22,2022-03-15,1920.699951171875,1938.740830737111,1893.4865302412863,1901.703768699987,1924.5765130886261,1938.740830737111,1956.5303268939547,1978.8835374427279,2002.1158960770556
2022-03-23,2022-03-16,1936.5999755859373,1920.3904211590311,1865.388059423653,1878.957004795905,1904.5523113827633,1920.3904211590311,1937.7250631676911,1964.213310690448,1986.2530980962938
2022-03-24,2022-03-17,1961.5999755859373,1954.0369994228427,1894.119456533532,1906.9168593840996,1934.2294552394865,1954.0369994228427,1971.74516188247,2002.965075871759,2021.8619504357941
2022-03-25,2022-03-18,1953.800048828125,1937.4463136409572,1881.9233124227028,1884.513286776172,1911.573232705688,1937.4463136409572,1960.5019672918763,1983.3171180559532,2001.4774163614277
2022-03-28,2022-03-21,1939.5999755859373,1933.5238005541096,1869.2895413782833,1893.0779495788265,1912.4203787515294,1933.5238005541096,1953.1850929112093,1972.3159233535516,1995.4281958249685
2022-03-29,2022-03-22,1912.0,1924.7918011490756,1867.962563745992,1879.618348619036,1903.0078081678512,1924.7918011490756,1944.3353890119874,1965.0209720435532,1978.3660250473706
2022-03-30,2022-03-23,1933.5,1942.160981844456,1869.8013894005605,1892.3646898090133,1917.0617027946373,1942.160981844456,1962.0188575034936,1986.4311084443198,2001.5126621755114
2022-03-31,2022-03-24,1949.199951171875,1965.7034197131911,1898.985459556172,1913.149516516306,1938.249995242857,1965.7034197131911,1987.1834498920427,2010.6213284025055,2023.4369534226187
2022-04-01,2022-03-25,1919.0999755859373,1956.0853123200534,1887.6167121059743,1904.7057027455644,1927.5804970056645,1956.0853123200534,1979.237631472159,1997.100996718846,2012.3048626735858
2022-04-04,2022-03-28,1929.199951171875,1941.4351410502154,1876.1459325427677,1898.9502434370988,1918.8535210296222,1941.4351410502154,1961.5470901347508,1978.5575882471858,1995.860792289113
2022-04-05,2022-03-29,1922.9000244140625,1917.3410013506516,1857.8783399249646,1874.2409179659055,1897.4248774439793,1917.3410013506516,1936.2090103846863,1956.587040120844,1972.2183912066757
2022-04-06,2022-03-30,1918.4000244140625,1941.8172347471298,1874.3565341496028,1895.5496722175199,1920.9752424482656,1941.8172347471298,1959.452987114768,1987.2304166667027,2003.7358544935266
2022-04-07,2022-03-31,1933.800048828125,1957.0244324960895,1895.0600679986997,1902.484984200423,1930.3249619062196,1957.0244324960895,1978.7431862460508,2004.704814767018,2018.5940206791624
2022-04-08,2022-04-01,1941.5999755859373,1924.267025630613,1862.6602907972028,1880.150485555074,1900.6905976488417,1924.267025630613,1948.5075846833954,1964.8577888730165,1991.0540350520155
2022-04-11,2022-04-04,1944.300048828125,1933.0832361414978,1870.3447987083712,1889.994411673567,1913.6245643184864,1933.0832361414978,1950.7356037590866,1971.977936484346,1994.2733082060176
2022-04-12,2022-04-05,1972.0999755859373,1928.6120261927415,1867.3021912464667,1875.6296331173385,1903.5637591717698,1928.6120261927415,1948.4029158669032,1972.914906948953,1982.3876375070304
2022-04-13,2022-04-06,1981.0,1925.1016666619691,1861.9782134872682,1881.8885505723858,1902.7571100934902,1925.1016666619691,1945.6627677490806,1967.9157731531445,1991.2213549097642
2022-04-14,2022-04-07,1970.9000244140625,1940.1889544047083,1878.5468072385281,1892.9230597628703,1917.5297444796674,1940.1889544047083,1959.1308969282256,1982.3880660271848,2000.0705058434526
2022-04-18,2022-04-08,1982.9000244140625,1946.076660170153,1879.6209567817975,1894.1472669323598,1919.0903620446156,1946.076660170153,1967.726641991264,1989.966713845576,2004.5242361950961
2022-04-19,2022-04-11,1955.699951171875,1947.264742456285,1880.2058846065784,1898.2269285370976,1921.670602874356,1947.264742456285,1969.430176500142,1988.6531193069793,2008.27289166719
2022-04-20,2022-04-12,1952.300048828125,1973.6793187817668,1902.8160928091702,1920.426177737456,1946.5141196599538,1973.6793187817668,1994.2179226352737,2015.945011092072,2030.11457702521
2022-04-21,2022-04-13,1944.9000244140625,1981.5571358952845,1909.3968395639995,1923.6719334664685,1950.85246368816,1981.5571358952845,2005.2370501821354,2025.0586655175819,2036.2196064500404
2022-04-22,2022-04-14,1931.0,1970.723083111082,1900.2529678463852,1919.7256277974077,1944.010199084029,1970.723083111082,1994.4120890289892,2010.9535826049432,2030.8532484618336
2022-04-25,2022-04-18,1893.199951171875,1983.9028050909756,1914.590719168271,1932.076212563724,1959.0027690680085,1983.9028050909756,2003.7625067839504,2025.057643050859,2040.3154955347272
2022-04-26,2022-04-19,1901.4000244140625,1959.3473279184598,1895.7389566028778,1907.087272030523,1934.0077755528525,1959.3473279184598,1981.5673732630535,2002.3578133405724,2016.4791060276293
2022-04-27,2022-04-20,1885.9000244140625,1958.5164224053399,1895.5995696538441,1916.6358516961623,1938.7149546246483,1958.5164224053399,1977.2323743037623,2000.3836496389445,2024.7327319139624
2022-04-28,2022-04-21,1888.699951171875,1953.4240812908351,1895.9428512365207,1905.6037713170654,1931.8784386497694,1953.4240812908351,1972.2106008533317,1997.3897700142568,2012.884256277203
2022-04-29,2022-04-22,1909.300048828125,1939.8010069216948,1880.2316803757685,1897.0523954568202,1918.7674752513667,1939.8010069216948,1959.8900814339174,1983.6190033888329,2006.5146260620022
2022-05-02,2022-04-25,1861.800048828125,1902.7825296860624,1851.2790622156563,1863.7501612799178,1885.9488486700566,1902.7825296860624,1922.1584500623399,1943.2952836978345,1968.5950347435019
2022-05-03,2022-04-26,1868.800048828125,1912.1102999370403,1856.206038342945,1873.4574268938054,1895.5834020913921,1912.1102999370403,1927.2732206511475,1955.1487861378027,1977.3774622233195
2022-05-04,2022-04-27,1867.0,1897.814698881254,1845.294187214258,1852.72932341592,1876.7878103621133,1897.814698881254,1916.9875607879455,1942.9390186930073,1959.3829648123124
2022-05-05,2022-04-28,1874.0,1898.5891736644173,1840.2712230464367,1860.6679659325973,1879.3581708623176,1898.5891736644173,1917.5030776873125,1940.984126414808,1968.2481482998078
2022-05-06,2022-04-29,1881.199951171875,1916.908429008729,1857.0721050863701,1869.1383860677506,1893.8028574092054,1916.908429008729,1935.6291920850856,1959.6944056293821,1975.546795841875
2022-05-09,2022-05-02,1857.0999755859373,1866.9329969384669,1809.3172322775306,1821.2703097165604,1843.8029678123353,1866.9329969384669,1890.5185477652776,1907.245486930325,1927.9860585509778
2022-05-10,2022-05-03,1839.9000244140625,1874.01827642371,1808.8691267008542,1837.7222692451824,1857.1854073568481,1874.01827642371,1889.726006796433,1912.9736415618777,1939.4949584261944
2022-05-11,2022-05-04,1852.5999755859373,1876.3894627215536,1812.0261217776538,1824.6874239230829,1851.5774329605586,1876.3894627215536,1893.3722062262923,1918.892645922217,1927.495888301794
2022-05-12,2022-05-05,1823.800048828125,1882.3109117884367,1824.8872532090782,1840.786203934048,1860.2735906897537,1882.3109117884367,1902.327190955314,1926.2670270788485,1949.381124034845
2022-05-13,2022-05-06,1807.4000244140625,1886.7477153237398,1829.25892994878,1841.1427004316624,1864.7629560490639,1886.7477153237398,1907.2068455934977,1927.3468773428046,1946.653908206676
2022-05-16,2022-05-09,1813.5,1859.9288534944199,1800.956326668003,1813.738061141404,1836.5970608186635,1859.9288534944199,1881.8813279915305,1899.9112695794906,1919.3436953327803
2022-05-17,2022-05-10,1818.199951171875,1844.507068286613,1784.0157753659728,1803.8647876099112,1824.9939872928119,1844.507068286613,1862.3882138718063,1883.22045490521,1905.5284748172699
2022-05-18,2022-05-11,1815.9000244140625,1861.2468941692432,1793.7857250820366,1815.7244892443664,1839.4764652461845,1861.2468941692432,1876.6005209716764,1902.9782284541157,1917.2283049793248
2022-05-19,2022-05-12,1841.199951171875,1833.0589724529746,1785.9840124753541,1789.477632846753,1810.5981733227056,1833.0589724529746,1853.4141561449314,1874.9923097194685,1894.6235363795893
2022-05-20,2022-05-13,1841.800048828125,1815.417852222737,1767.2991573067452,1781.731936467546,1799.0680344355414,1815.417852222737,1832.70259996081,1854.245638672993,1883.0255444752258
2022-05-23,2022-05-16,1847.800048828125,1823.3336211882502,1763.4352094548778,1780.180754456837,1803.1777374888015,1823.3336211882502,1838.1697382557595,1863.693713012647,1879.153863371495
2022-05-24,2022-05-17,1865.0999755859373,1827.8327896730725,1771.950870620395,1783.8012992653275,1805.184358619565,1827.8327896730725,1846.3850022951742,1870.7430037810536,1887.9346346118573
2022-05-25,2022-05-18,1846.199951171875,1822.2752920195549,1771.401386569208,1781.2346916522292,1801.6792395607974,1822.2752920195549,1842.6637248811228,1862.3758985106883,1884.959998719337
2022-05-26,2022-05-19,1847.4000244140625,1844.6797423194496,1776.055444386871,1798.433965661271,1822.1746269795979,1844.6797423194496,1863.6324346173135,1884.7843494489944,1900.9388340091036
2022-05-27,2022-05-20,1851.300048828125,1843.5602735476796,1777.5002924597422,1791.5849472936409,1817.2592163168117,1843.5602735476796,1866.0627400239925,1884.2081614751455,1896.5086250668537
2022-05-31,2022-05-23,1842.699951171875,1847.7228112348205,1779.2891347649331,1801.8100092691652,1824.5642151268994,1847.7228112348205,1869.4104879786694,1887.0971921289206,1906.3964220425871
2022-06-01,2022-05-24,1843.300048828125,1865.5875105712087,1789.7177819485912,1813.597270954183,1840.3740725068799,1865.5875105712087,1885.7916416070802,1905.347276674912,1916.7188525140382
2022-06-02,2022-05-25,1866.5,1847.05106801308,1782.0721743880417,1796.9386765683826,1821.3938652673337,1847.05106801308,1869.9035495890769,1887.1990995945407,1902.3796719645875
2022-06-03,2022-05-26,1845.4000244140625,1849.612063468478,1782.23490033601,1806.8044956345339,1828.7909374501392,1849.612063468478,1868.4460557027132,1888.5146116888286,1909.2435561360649
2022-06-06,2022-05-27,1839.199951171875,1856.3859000149528,1787.740164115849,1806.6047823785943,1832.2518650045233,1856.3859000149528,1874.655090745703,1897.1903744027354,1908.9478498314115
2022-06-07,2022-05-31,1847.5,1848.2223986229153,1789.012457024803,1803.4676852001612,1825.2302784161525,1848.2223986229153,1868.6622346812444,1889.7313839960145,1908.817257392667
2022-06-08,2022-06-01,1851.9000244140625,1848.513985726652,1788.8261879839915,1805.8689141787395,1827.7925424882949,1848.513985726652,1867.3999309919725,1888.2797177247655,1908.8152377030472
2022-06-09,2022-06-02,1848.800048828125,1870.797144568563,1807.2890920362258,1822.3705016722206,1846.1790190134511,1870.797144568563,1889.6349624183354,1913.0167445520096,1925.6398546357836
2022-06-10,2022-06-03,1871.5,1849.178904464872,1791.4511696390828,1801.0084121048685,1824.7485724507942,1849.178904464872,1870.7901191048982,1889.5643498918444,1904.832114430844
2022-06-13,2022-06-06,1828.0,1841.40187387911,1782.3993770867892,1801.6152634587488,1821.8112777301508,1841.40187387911,1860.2512823219574,1879.7346281658329,1898.8672921410828
2022-06-14,2022-06-07,1809.5,1852.4548349995803,1791.7579072198691,1804.7552959398204,1829.7291525098917,1852.4548349995803,1869.9954100848497,1893.2088750412531,1905.125102658488
2022-06-15,2022-06-08,1815.300048828125,1857.9572071674277,1797.7043158208273,1810.643244031014,1832.9904908775538,1857.9572071674277,1877.6541772404828,1900.9117485741892,1915.924502883655
2022-06-16,2022-06-09,1845.699951171875,1853.091628383855,1795.7233337143143,1809.0560257562872,1831.0478002185732,1853.091628383855,1873.1268041939152,1892.980188130559,1909.9575029840066
2022-06-17,2022-06-10,1835.5999755859373,1873.5483094429242,1808.6323686908536,1826.1109553947358,1849.4914986209608,1873.5483094429242,1892.953061942014,1914.6268101517117,1928.1084720709514
2022-06-21,2022-06-13,1834.5999755859373,1831.2105311913547,1775.7845115498535,1783.4286214272379,1808.0464859744236,1831.2105311913547,1852.7273305284389,1869.887983985785,1885.1752728533868
2022-06-22,2022-06-14,1834.300048828125,1813.76703531423,1758.7012149173347,1779.369950665599,1797.436397735958,1813.76703531423,1830.4786654809654,1851.2905055512367,1873.2605545780941
2022-06-23,2022-06-15,1825.699951171875,1825.4819819598245,1771.2159760662576,1781.1624921452635,1805.4285382298272,1825.4819819598245,1840.0674507996564,1866.5817967531889,1879.131859937545
2022-06-24,2022-06-16,1826.5,1856.3964396261877,1797.5450513890792,1810.0220272905622,1830.8218098182913,1856.3964396261877,1874.444778478383,1902.2833000811238,1917.2706393755775
2022-06-27,2022-06-17,1820.9000244140625,1841.2663262252595,1788.0043887284687,1795.5588652447925,1818.0425657289782,1841.2663262252595,1863.0715611057753,1881.2010425139956,1898.085510973422
2022-06-28,2022-06-21,1817.5,1834.2226622804128,1772.9452689770728,1792.326279354271,1813.3238011859862,1834.2226622804128,1854.4159725678378,1871.8097320927222,1889.5088049755354
2022-06-29,2022-06-22,1813.699951171875,1835.8543675872888,1773.1352984037567,1787.108361348813,1812.5712754882884,1835.8543675872888,1854.695789600128,1875.0637301178017,1886.4467238246896
2022-06-30,2022-06-23,1804.0999755859373,1830.014853922188,1770.2048977966424,1784.4404785096942,1806.5880821608714,1830.014853922188,1849.3275357078994,1870.9995317721314,1886.487664462416
2022-07-01,2022-06-24,1798.9000244140625,1831.9325122158825,1775.013977840854,1789.329398060954,1810.9822513271538,1831.9325122158825,1850.1083331294108,1871.8194936643617,1888.2862285089896
2022-07-05,2022-06-27,1761.800048828125,1826.6954841839074,1770.1331823382911,1781.9047726266995,1804.6523395102065,1826.6954841839074,1845.2852563765014,1866.9292981499157,1882.0729883838483
2022-07-06,2022-06-28,1734.9000244140625,1823.1251004686324,1766.59382275073,1780.5213550107765,1801.7691801808908,1823.1251004686324,1841.616988431327,1863.2458577490627,1880.078961754893
2022-07-07,2022-06-29,1737.9000244140625,1819.4649322684595,1763.5698086482653,1776.0542186091043,1798.2728193193602,1819.4649322684595,1837.708712728971,1859.1744472173193,1874.8933808021286
2022-07-08,2022-06-30,1740.5999755859375,1810.0406933695256,1754.8270411867875,1767.3622897836472,1788.9599852582912,1810.0406933695256,1828.382336079705,1849.7324163649553,1866.2346488417866
2022-07-11,2022-07-01,1730.0,1805.2558824136754,1750.576334553663,1763.7934140720936,1785.0028804686103,1805.2558824136754,1822.9005688694328,1844.7223435340813,1861.4697839797645
2022-07-12,2022-07-05,1723.300048828125,1770.1117847292248,1722.1030994109624,1730.2094741717083,1751.8271515143342,1770.1117847292248,1786.8551986494947,1805.5701092392478,1823.7876065183632
2022-07-13,2022-07-06,1734.199951171875,1745.246966581718,1699.167165211482,1712.64332074983,1730.5998759132842,1745.246966581718,1759.700252789201,1781.242240176207,1801.8288777159487
2022-07-14,2022-07-07,1704.5,1751.5125600544898,1704.9974166972215,1714.4184244223316,1733.6809749896152,1751.5125600544898,1764.00074343192,1789.548169789495,1805.0365592514297
2022-07-15,2022-07-08,1702.4000244140625,1754.1599613878052,1708.0027399340663,1714.2543087923993,1731.4868128010107,1754.1599613878052,1769.391786181701,1795.1980049796884,1812.2457472352753
2022-07-18,2022-07-11,1709.199951171875,1739.117581639953,1693.4147352970967,1702.4217218988529,1719.4745126376354,1739.117581639953,1755.9596465248717,1776.832576033605,1798.6940299018763
2022-07-19,2022-07-12,1710.0,1728.7941785044773,1677.7387635812672,1690.8700295973426,1710.9665910394433,1728.7941785044773,1745.106141605488,1764.0526780525481,1781.9392060672196
2022-07-20,2022-07-13,1699.5,1739.4690156112251,1682.9443432193666,1697.0446497788912,1718.276044236875,1739.4690156112251,1755.7919456749953,1777.1430695104762,1789.4912580685361
2022-07-21,2022-07-14,1712.699951171875,1711.174806270042,1662.3141231147542,1669.444692773618,1690.5726920481825,1711.174806270042,1728.7684473466907,1746.6630039891966,1762.8407590411753
2022-07-22,2022-07-15,1727.0999755859375,1708.1901800643018,1656.4782400399706,1674.4925669476274,1691.8257795868474,1708.1901800643018,1723.847123470684,1744.4983536321054,1763.3025208303031
2022-07-25,2022-07-18,1719.0,1717.0357426167052,1664.8388120079026,1673.735176478266,1696.356618023665,1717.0357426167052,1731.7868297944683,1753.1843381811257,1764.2741659634917
2022-07-26,2022-07-19,1717.699951171875,1717.0361988085813,1664.4560563537552,1676.0688431085282,1693.9559945111898,1717.0361988085813,1734.6762576809442,1756.6516903500783,1772.2264398065486
2022-07-27,2022-07-20,1719.0999755859375,1704.2933213353183,1654.244638030378,1665.7087629189473,1685.5714528600724,1704.2933213353183,1721.4044239587424,1739.1406171645415,1757.395704068957
2022-07-28,2022-07-21,1750.300048828125,1715.7872964996084,1658.077139058149,1674.8540578848522,1695.6215524925458,1715.7872964996084,1732.4283813910124,1752.4547604577756,1765.3859051576524
2022-07-29,2022-07-22,1762.9000244140625,1730.6103950842257,1671.8943842223123,1684.0128194014458,1706.4011125935463,1730.6103950842257,1748.3881946830043,1768.6609087788597,1778.8404738208624
2022-08-01,2022-07-25,1769.0,1720.9956728383338,1664.8544096747667,1677.9121931193154,1698.4850741047196,1720.9956728383338,1740.470978667742,1757.898488678714,1773.2932653073974
2022-08-02,2022-07-26,1771.0999755859375,1718.3722486845497,1660.6284763537926,1677.8962320010205,1699.484691617151,1718.3722486845497,1736.220858227087,1753.1227782723809,1768.0334795576334
2022-08-03,2022-07-27,1758.0,1721.7102772533067,1663.1119548043523,1677.085755250484,1700.4646133126864,1721.7102772533067,1738.8790231504279,1757.5298420101162,1767.8376870596164
2022-08-04,2022-07-28,1788.5,1753.2270830961143,1690.7261241550755,1708.3350211337522,1728.591048314158,1753.2270830961143,1771.1625923930028,1793.8289557108487,1804.452642530149
2022-08-05,2022-07-29,1772.9000244140625,1764.005363106145,1703.446828899399,1714.6426038357063,1737.8499403628011,1764.005363106145,1784.045644794801,1802.3319324554798,1813.9708757085948
2022-08-08,2022-08-01,1786.800048828125,1765.7619183605646,1701.216978393443,1720.580710809502,1742.4157121350645,1765.7619183605646,1787.1073566520165,1803.201317834607,1817.6476853042902
2022-08-09,2022-08-02,1794.0,1767.7046603219633,1702.2627450886469,1719.9662441710875,1745.9473069722014,1767.7046603219633,1787.4645632532965,1802.40833580348,1812.7367152998936
2022-08-10,2022-08-03,1795.5999755859375,1758.3502089304202,1692.0838630291385,1711.1773107848423,1735.0439946917627,1758.3502089304202,1777.4778046995834,1794.178515720257,1804.6248568593342
2022-08-11,2022-08-04,1789.699951171875,1790.465171141717,1720.647016223668,1745.997578088979,1769.3748093506806,1790.465171141717,1808.0322721150471,1830.229050383643,1841.002638553971
2022-08-12,2022-08-05,1798.5999755859375,1776.9729640480818,1716.42474400932,1725.8917749382126,1749.8728090018144,1776.9729640480818,1795.908994202849,1814.035624237762,1825.3084469290827
2022-08-15,2022-08-08,1781.4000244140625,1788.2935604946579,1722.4179563818116,1746.7357746239586,1767.9563461548382,1788.2935604946579,1807.3171112762316,1827.2935045481488,1845.0765439277525
2022-08-16,2022-08-09,1773.199951171875,1795.7460484422356,1729.8712282132337,1746.7466469434253,1772.9379667403332,1795.7460484422356,1813.3994766427686,1831.781684822853,1841.1352656897122
2022-08-17,2022-08-10,1760.300048828125,1797.7736257868294,1731.0533892318563,1749.4420090546182,1772.0141928398677,1797.7736257868294,1817.7161791702729,1837.5411678711712,1850.5972755881087
2022-08-18,2022-08-11,1755.300048828125,1791.5481743728217,1728.8696299470216,1746.9484697050957,1770.5653328914093,1791.5481743728217,1809.9660676063152,1827.354785775207,1842.6105608066946
2022-08-19,2022-08-12,1747.5999755859375,1800.8105367017454,1733.619021042083,1755.2283594591956,1778.6671954847002,1800.8105367017454,1819.071772558841,1839.3369525698306,1851.1831957583822
2022-08-22,2022-08-15,1734.0,1785.7322907704597,1725.424763462399,1739.3368975259573,1761.8530952538686,1785.7322907704597,1804.203167670154,1822.9312647431766,1836.6497171551116
2022-08-23,2022-08-16,1746.800048828125,1777.7362398930768,1717.7767409882256,1737.778764408034,1758.0155546405067,1777.7362398930768,1795.526075567329,1815.5687605440294,1833.081671163354
2022-08-24,2022-08-17,1747.800048828125,1766.6167749297083,1709.2671586167592,1725.2279737153765,1746.395098775477,1766.6167749297083,1783.122804298327,1803.5068417406906,1817.9960540370612
2022-08-25,2022-08-18,1757.699951171875,1763.0193952169564,1705.8631998850933,1722.7585675043574,1741.7112054241975,1763.0193952169564,1779.9033502290154,1802.699139669936,1818.9330480194183
2022-08-26,2022-08-19,1736.0999755859375,1755.564534296004,1701.2433196484878,1715.3374501343344,1734.925837466751,1755.564534296004,1771.9856719266943,1793.6600165304008,1810.8702679719827
2022-08-29,2022-08-22,1736.5999755859375,1741.3757872460765,1687.2561030200525,1701.8370870682909,1720.7989543032652,1741.3757872460765,1758.2342338476294,1779.1002438454377,1797.0169477912414
2022-08-30,2022-08-23,1723.199951171875,1753.2401131473337,1694.293117666203,1713.5305728200904,1733.7096974626902,1753.2401131473337,1769.4093063975204,1792.1763145494913,1807.803332409252
2022-08-31,2022-08-24,1712.800048828125,1754.0442978864196,1695.6972424636438,1708.3610044508025,1729.9491225598874,1754.0442978864196,1771.40958933476,1792.6029524217647,1806.1148881973431
2022-09-01,2022-08-25,1696.5999755859375,1761.377235797415,1699.8457850601976,1717.951377768382,1739.1733319044113,1761.377235797415,1779.6755756688901,1800.0239777080533,1816.5510126522315
2022-09-02,2022-08-26,1709.800048828125,1738.8664457669329,1680.9070328974967,1694.41853510812,1717.1994258247487,1738.8664457669329,1756.9783740434843,1772.96326352737,1787.979514368676
2022-09-06,2022-08-29,1700.4000244140625,1739.510317161547,1676.9226430973972,1699.7991106989484,1720.5160724056248,1739.510317161547,1756.9422627041968,1776.6375820791752,1791.4546392807745
2022-09-07,2022-08-30,1715.300048828125,1729.188232947905,1672.2161258341384,1686.2335894926732,1707.7212708225277,1729.188232947905,1745.6175622808694,1765.3787043887298,1777.7307244771782
2022-09-08,2022-08-31,1708.0,1719.9085600055923,1664.6519645378341,1681.1102596199614,1699.1475539406597,1719.9085600055923,1736.9157589401168,1758.3689222442968,1775.732766316309
2022-09-09,2022-09-01,1716.199951171875,1703.64069966193,1652.5543930485583,1666.7827763423284,1684.4767843788463,1703.64069966193,1719.6974477527228,1740.029718420889,1757.322097937693
2022-09-12,2022-09-02,1728.0999755859375,1716.7202388850035,1659.3340938421943,1678.4828258312727,1696.1514434020107,1716.7202388850035,1732.903810959976,1756.7487566930706,1771.609104009944
2022-09-13,2022-09-06,1705.0,1707.4732175168733,1654.8815700563705,1664.2265948726,1684.5560028549517,1707.4732175168733,1724.5820503695354,1745.1839504745133,1760.2195931922515
2022-09-14,2022-09-07,1696.5,1719.551651689206,1659.9301343276597,1680.2974502398267,1700.2592109748261,1719.551651689206,1737.0016116057914,1758.0136225361734,1775.3203350745418
2022-09-15,2022-09-08,1665.4000244140625,1711.7072123319613,1653.526645887991,1666.3764905132848,1689.849077673003,1711.7072123319613,1728.9041014898946,1746.3233609194383,1758.817405045736
2022-09-16,2022-09-09,1671.699951171875,1718.8880956095034,1655.4920738225298,1676.2160747487624,1698.6125452382357,1718.8880956095034,1736.763535967365,1756.2998877862647,1770.5791027711125
2022-09-19,2022-09-12,1666.199951171875,1730.932710211516,1667.4551150047992,1685.1792359004908,1709.0520172860447,1730.932710211516,1748.0025770018879,1766.8757776117732,1777.5495441958808
2022-09-20,2022-09-13,1659.699951171875,1708.286518650606,1650.0202570656004,1662.0040817246088,1686.1402167584838,1708.286518650606,1726.8619849653542,1743.5579401811342,1757.9581810776635
2022-09-21,2022-09-14,1664.5999755859375,1699.5155490664536,1640.9097105358614,1663.0318618075341,1682.9132294172107,1699.5155490664536,1716.1098807674728,1734.048437857429,1750.7929375358412
2022-09-22,2022-09-15,1670.800048828125,1671.8190753508961,1619.5626416677517,1632.0393543494606,1651.3281565418856,1671.8190753508961,1687.581953572612,1706.4690495555283,1719.3562486539156
2022-09-23,2022-09-16,1645.300048828125,1679.7852122719773,1625.7300397231434,1645.8791132656254,1660.7463322574374,1679.7852122719773,1695.3668917024415,1720.1508194521205,1736.6739165945341
2022-09-26,2022-09-19,1623.300048828125,1675.3260773902432,1626.7518200771551,1635.7370352056423,1653.0067168307091,1675.3260773902432,1690.9886876592975,1713.4940025679673,1728.3533279861208
2022-09-27,2022-09-20,1626.699951171875,1666.6167201965586,1615.892863850408,1629.4195342366297,1646.9202877985967,1666.6167201965586,1683.7914483748498,1704.9200177146606,1724.5351664943826
2022-09-28,2022-09-21,1660.4000244140625,1669.508796078977,1614.7516217852792,1632.2536711844077,1651.1280588589648,1669.508796078977,1685.3350632057304,1704.8134873503222,1720.5115764523644
2022-09-29,2022-09-22,1658.5,1675.400153008515,1616.5447189541856,1631.770700085493,1653.3086531075055,1675.400153008515,1692.2870824061329,1712.4622416966176,1724.4009072948386
2022-09-30,2022-09-23,1662.4000244140625,1649.7316122475747,1597.522009647187,1608.7066986699078,1629.8148253034756,1649.7316122475747,1667.102002576415,1683.690849973545,1700.270182795479
2022-10-03,2022-09-26,1692.9000244140625,1627.6776518007957,1575.4636493733092,1594.3164405226546,1611.9218516926553,1627.6776518007957,1643.3828416965905,1660.8525211124552,1678.3473086238064
2022-10-04,2022-09-27,1721.0999755859375,1633.6519316658514,1579.2796223720452,1597.8273368518303,1614.2782000468353,1633.6519316658514,1648.0246212834738,1670.4579779398089,1682.0797768013426
2022-10-05,2022-09-28,1711.4000244140625,1668.351366477692,1610.9134598756048,1626.018561645549,1644.2417635462798,1668.351366477692,1684.3531168941531,1710.2532172674005,1721.3630239920487
2022-10-06,2022-09-29,1711.699951171875,1663.4955683757512,1610.8355712500131,1617.506585985868,1640.262976382851,1663.4955683757512,1681.8461556078717,1699.8563673937347,1716.3166437346517
2022-10-07,2022-09-30,1700.5,1662.1770106481708,1601.0321196614896,1622.2926025330555,1645.6168271265453,1662.1770106481708,1680.034718053494,1694.6795866203909,1711.9927576087352
2022-10-10,2022-10-03,1667.300048828125,1692.1934646409882,1621.6110714162612,1644.970120308987,1671.5865592821922,1692.1934646409882,1708.3010125237527,1725.8131431608338,1731.2787065136931
2022-10-11,2022-10-04,1678.699951171875,1721.3033736061452,1645.2678336045144,1665.389325950534,1693.6164693808869,1721.3033736061452,1740.131529796476,1759.2297760052336,1764.0561518873003
2022-10-12,2022-10-05,1670.300048828125,1709.7501032317862,1643.8951826019047,1659.6314686463688,1686.9272790969012,1709.7501032317862,1729.7194798928533,1742.3655585318093,1756.04780678674
2022-10-13,2022-10-06,1670.0,1708.9005164240975,1643.9880282170702,1666.4600623287647,1692.4719386847155,1708.9005164240975,1726.6731785128802,1739.987934408728,1751.9276647211404
2022-10-14,2022-10-07,1641.699951171875,1701.931750588123,1640.4109709103675,1656.7896876106988,1681.4246797524706,1701.931750588123,1718.751756798698,1735.5950560038225,1742.3374078531097
2022-10-17,2022-10-10,1657.0,1672.4895554407708,1624.6097742575841,1633.9893813349902,1653.4028078162648,1672.4895554407708,1689.9322489086862,1708.303882368126,1723.677034197464
2022-10-18,2022-10-11,1649.0,1685.3876052591895,1636.165147019333,1651.7332199187329,1669.2518683524943,1685.3876052591895,1700.1285418980287,1723.1379901235687,1739.0632126079895
2022-10-19,2022-10-12,1627.5,1679.1731330082162,1629.285173147343,1635.699256976381,1655.0365601820322,1679.1731330082162,1695.2079791874112,1717.896289074667,1730.2313130951288
2022-10-20,2022-10-13,1630.800048828125,1676.4239000393636,1627.2670621977704,1638.3161270625742,1656.5393404539552,1676.4239000393636,1693.8832779968018,1715.1160161217265,1735.710115708686
2022-10-21,2022-10-14,1651.0,1647.0528550250622,1602.6579319444004,1609.959960182753,1629.3080768500163,1647.0528550250622,1663.0669768554565,1679.4586812962582,1696.9165467251769
2022-10-24,2022-10-17,1648.699951171875,1662.1556128367238,1608.6924060211195,1626.1038624042576,1644.8077213389379,1662.1556128367238,1677.733371407713,1700.1113812087747,1714.4712752614046
2022-10-25,2022-10-18,1652.800048828125,1656.1625613870717,1604.830398603898,1612.3780322967311,1632.81984423767,1656.1625613870717,1672.0796354222641,1692.5892254192165,1704.2611125688045
2022-10-26,2022-10-19,1664.0,1633.0120830195174,1587.5038149581414,1596.3320258384128,1614.3558946211479,1633.0120830195174,1650.6468052841694,1669.0688109767634,1689.4592134426125
2022-10-27,2022-10-20,1660.699951171875,1635.6720675262527,1587.2194225285798,1601.5758009367662,1620.252634166484,1635.6720675262527,1650.2115770519194,1669.4285055687176,1684.9856764699714
2022-10-28,2022-10-21,1639.5999755859375,1657.1751335976821,1598.5507281851305,1612.8100617858863,1633.7617784662657,1657.1751335976821,1672.9029614934245,1696.1303350597611,1705.1181858946686
2022-10-31,2022-10-24,1635.9000244140625,1653.5751182374847,1598.5406685548426,1608.2954544483475,1629.8226100506095,1653.5751182374847,1671.4766244842285,1690.3613323883746,1705.8894818658
2022-11-01,2022-10-25,1645.0,1654.1603574083065,1597.6512590842826,1614.0019959918109,1636.235225098891,1654.1603574083065,1671.3171465753856,1687.4107622836602,1703.9449823728526
2022-11-02,2022-10-26,1645.699951171875,1665.2812903701595,1602.594099578787,1620.6335874425667,1644.8653903847344,1665.2812903701595,1681.6393003497271,1699.0433592400639,1707.8148109443578
2022-11-03,2022-10-27,1627.300048828125,1663.035813411515,1602.8194638043924,1617.1076566571262,1640.5987494945443,1663.035813411515,1680.7919857861532,1698.381404822507,1709.1561510475365
2022-11-04,2022-10-28,1672.5,1642.1702167016058,1590.9997381856417,1603.0861175685632,1624.2329426378874,1642.1702167016058,1659.3618200072094,1674.884109652055,1690.661607444816
2022-11-07,2022-10-31,1676.5,1639.7635085234908,1588.4109276603265,1603.6186029214857,1623.3327180763292,1639.7635085234908,1655.1924557289672,1673.9739744947362,1687.2653625706553
2022-11-08,2022-11-01,1712.0999755859375,1650.7210203978077,1596.94513644346,1609.493046598212,1630.043196503479,1650.7210203978077,1666.9168224562272,1689.7074373450657,1700.850583741716
2022-11-09,2022-11-02,1710.0999755859375,1651.7665323042509,1598.6363406197522,1608.4678682440222,1629.0340179143586,1651.7665323042509,1668.909560243599,1690.0242268414609,1705.2088334185378
2022-11-10,2022-11-03,1750.300048828125,1631.8615584059764,1584.6055952569584,1593.6524286507495,1612.691250446396,1631.8615584059764,1648.2912672669422,1664.7177426290586,1683.1348478757643
2022-11-11,2022-11-04,1766.0,1673.4810903274517,1609.9627395217706,1634.355528697747,1653.380776699016,1673.4810903274517,1690.35119350291,1712.7524294251616,1722.480476985406
2022-11-14,2022-11-07,1773.5999755859375,1679.1593333947935,1609.3608628074735,1624.9480391642192,1651.0062373268495,1679.1593333947935,1697.839547698447,1716.8822367190344,1721.4360448252469
2022-11-15,2022-11-08,1773.800048828125,1709.8411806555716,1639.9743284610258,1663.2732153120899,1684.8924443024853,1709.8411806555716,1730.2530076830415,1748.1263585046072,1762.3107102246072
2022-11-16,2022-11-09,1773.0,1706.4523003075287,1632.6556471283693,1656.6879402625852,1682.0520638842388,1706.4523003075287,1725.1536889544739,1736.6425906113257,1740.9389048054802
2022-11-17,2022-11-10,1760.800048828125,1744.5776180386545,1667.2462550826172,1695.0150024138604,1720.0354351923206,1744.5776180386545,1765.7779697537007,1783.5276512871699,1790.0985013917925
2022-11-18,2022-11-11,1751.9000244140625,1762.1586270578828,1680.2485334305309,1706.8657172303551,1734.5196349119476,1762.1586270578828,1782.2067316618825,1797.1814081429131,1797.9288918773454
2022-11-21,2022-11-14,1737.4000244140625,1769.3981405419397,1696.4173975359906,1717.3032089832814,1743.6108677612515,1769.3981405419397,1791.1568115592215,1805.8303968941432,1816.2173711555754
2022-11-22,2022-11-15,1738.300048828125,1770.1516549256287,1700.7027334993486,1724.333051611432,1748.5698825967627,1770.1516549256287,1789.2476939098237,1802.410245625159,1810.9032691506422
2022-11-23,2022-11-16,1744.9000244140625,1772.0246934297525,1706.6465541805178,1724.647149458026,1749.889798178495,1772.0246934297525,1791.5249628869535,1808.9335994098742,1817.8538254261791
2022-11-25,2022-11-17,1753.300048828125,1763.535311577241,1706.490995498164,1719.3665801755985,1742.4618067300564,1763.535311577241,1781.8015894516752,1800.1975295986613,1813.6880650753287
2022-11-28,2022-11-18,1740.0999755859375,1756.4404720412135,1704.4219075326516,1715.788793224397,1736.8581415198187,1756.4404720412135,1773.9414406065628,1794.1032279549015,1810.522902101818
2022-11-29,2022-11-21,1748.4000244140625,1743.901461194712,1694.9529874667378,1703.793404576893,1724.4395008201445,1743.901461194712,1760.6496184936354,1781.6274916604364,1798.3523406006934
2022-11-30,2022-11-22,1746.0,1745.2822286563085,1695.3644631067266,1705.6573600431652,1725.3427865686833,1745.2822286563085,1762.1443264339243,1785.4184680331794,1802.955635389979
2022-12-01,2022-11-23,1801.0999755859375,1751.5806890006324,1695.9911018276798,1708.5132572768434,1729.231046381084,1751.5806890006324,1768.7252409144403,1791.95468326572,1806.8547572642012
2022-12-02,2022-11-25,1795.9000244140625,1758.1794934955637,1698.972906904331,1712.8409440144933,1734.3980042584112,1758.1794934955637,1776.471325429513,1798.1894098195964,1813.4772120794232
2022-12-05,2022-11-28,1767.4000244140625,1743.6702563027084,1687.7247595304239,1699.965813485081,1721.7247861389885,1743.6702563027084,1761.693527661434,1779.127699333921,1795.3252078953733
2022-12-06,2022-11-29,1769.300048828125,1750.4040201253258,1692.4290693727744,1709.6086537602116,1730.4048530712469,1750.4040201253258,1768.276273205162,1787.785143553393,1802.3676117112911
2022-12-07,2022-11-30,1785.5,1749.680894824334,1689.587552704642,1703.884536317627,1727.0902898331221,1749.680894824334,1767.501572630291,1787.5494720113759,1798.366590662526
2022-12-08,2022-12-01,1788.699951171875,1802.142656994366,1732.0935953897595,1755.160374124578,1774.8307698556914,1802.142656994366,1822.343260540759,1847.5177688561362,1861.491285569738
2022-12-09,2022-12-02,1798.0999755859375,1795.9443684175421,1726.3146244950592,1740.6643237542944,1768.2209236584554,1795.9443684175421,1819.516578144914,1835.1695142042138,1851.215451177803
2022-12-12,2022-12-05,1780.5,1763.2192640749936,1707.0031936644373,1721.933446317971,1744.6223478844643,1763.2192640749936,1785.9967107949435,1797.191154015127,1808.7786280711935
2022-12-13,2022-12-06,1813.9000244140625,1769.3408315593867,1710.7749109206334,1727.4361672327045,1752.7468604400333,1769.3408315593867,1787.3620722159403,1801.6408582551153,1819.397513203651
2022-12-14,2022-12-07,1807.5,1789.7953078607736,1728.6067874381683,1743.8536406395224,1766.089176106426,1789.7953078607736,1807.6780519064964,1833.7679670051589,1839.6215966558682
2022-12-15,2022-12-08,1777.199951171875,1795.2910028572692,1736.828668783481,1748.644685197086,1770.5746874484403,1795.2910028572692,1814.8687929246255,1838.420121304509,1855.4136528752701
2022-12-16,2022-12-09,1790.0,1800.7090723655285,1738.8822667284264,1754.5669025167288,1777.7725718909683,1800.7090723655285,1821.2361453578847,1839.3948794805588,1860.8770804908322
2022-12-19,2022-12-12,1787.699951171875,1781.7967477404018,1723.1006380805213,1735.6764941452418,1761.1716548125887,1781.7967477404018,1802.224271298138,1817.764897845288,1832.779940321473
2022-12-20,2022-12-13,1815.9000244140625,1814.332425901952,1749.3680767345943,1770.244493788061,1791.2555560993728,1814.332425901952,1833.9091525490135,1855.9966509168514,1869.1459682344882
2022-12-21,2022-12-14,1815.9000244140625,1810.7569410995945,1746.5409415611045,1759.0932699814698,1785.7329874895067,1810.7569410995945,1831.6504718902293,1850.722298791621,1865.5366047436964
2022-12-22,2022-12-15,1787.0,1779.1373671681972,1727.7257310214138,1738.4353222147865,1760.4861593090668,1779.1373671681972,1799.5556736808326,1816.1129723536687,1829.3566975117308
2022-12-23,2022-12-16,1795.9000244140625,1794.1447082483091,1736.809345209622,1752.4814321742074,1776.0238921193195,1794.1447082483091,1811.2353244541314,1830.0002597815305,1851.824268503803
2022-12-27,2022-12-19,1814.800048828125,1794.368256806726,1736.4005322152414,1747.3968358347167,1771.1953833988928,1794.368256806726,1812.3366034873197,1836.9124105104836,1847.3072104689668
2022-12-28,2022-12-20,1807.9000244140625,1821.2251800315241,1759.4448778428225,1776.133754772439,1795.932276305214,1821.2251800315241,1840.73251733053,1866.165982470839,1883.9301407744729
2022-12-29,2022-12-21,1819.5,1818.876359545145,1753.6998756568833,1767.538987874082,1793.9850553627994,1818.876359545145,1840.3216065491733,1857.460747896615,1879.0202529879793
2022-12-30,2022-12-22,1819.699951171875,1786.8810893117052,1731.73620424804,1743.968753502726,1767.6317453307324,1786.8810893117052,1808.1045680695165,1822.9098103272388,1835.091011440889
2023-01-03,2022-12-23,1839.699951171875,1798.4262196816696,1740.64847988708,1756.8651814699492,1780.1414109372554,1798.4262196816696,1816.284623420244,1834.6992919600666,1852.8588297934277
2023-01-04,2022-12-27,1852.800048828125,1820.0742541333873,1756.553929397123,1771.6927940048604,1795.2055244537078,1820.0742541333873,1838.5282104521473,1863.9416999847344,1875.4730075633265
2023-01-05,2022-12-28,1834.800048828125,1813.1913741785866,1754.7834445679387,1766.210514268281,1788.7905775818197,1813.1913741785866,1833.7345636557961,1855.749168905666,1871.271938723142
2023-01-06,2022-12-29,1864.199951171875,1821.5024082489563,1759.4695760305008,1776.2447615919523,1799.5150039775258,1821.5024082489563,1841.911040490634,1859.6259434354267,1881.6930932386665
2023-01-09,2022-12-30,1872.699951171875,1820.785402658079,1756.70314102693,1772.1079618176823,1797.8173997705971,1820.785402658079,1841.4348924609537,1859.4612198209636,1873.5366888707204
2023-01-10,2023-01-03,1871.5999755859373,1839.642113537355,1774.6291440208706,1794.1732820915483,1815.5441395346907,1839.642113537355,1859.650750850083,1882.3185803788074,1894.6802540476767
2023-01-11,2023-01-04,1874.5999755859373,1852.5836223988426,1784.9949728779538,1802.5628818894293,1827.851522082321,1852.5836223988426,1872.773668063037,1893.100178795011,1909.165589391507
2023-01-12,2023-01-05,1895.5,1835.161211315925,1772.8926031027904,1787.3866949447106,1812.0601364996742,1835.161211315925,1855.4912571138295,1871.1744734991616,1884.8419304461918
2023-01-13,2023-01-06,1918.4000244140625,1862.4078151131685,1796.0706474862543,1818.3404884461615,1840.6364564363453,1862.4078151131685,1881.947219417323,1905.631392494242,1919.8920162066302
2023-01-17,2023-01-09,1907.199951171875,1873.6837553779778,1804.00002916438,1819.8267311497798,1846.949355842427,1873.6837553779778,1893.3527235152444,1912.3991683225418,1925.6123112989417
2023-01-18,2023-01-10,1904.4000244140625,1871.349993001948,1807.375183218772,1825.1153176605744,1847.074013621389,1871.349993001948,1892.7848915384661,1912.5706893696627,1926.0089534373647
2023-01-19,2023-01-11,1922.0999755859373,1874.4176985724637,1809.4869326500375,1826.8168063871708,1852.892408622411,1874.4176985724637,1894.0944350156724,1913.2413829948532,1930.7633320915802
2023-01-20,2023-01-12,1926.4000244140625,1894.9323574384084,1825.7288560691811,1845.6984151465554,1869.675613521532,1894.9323574384084,1914.8277972015028,1936.8253183724082,1948.1379533278932
2023-01-23,2023-01-13,1927.0999755859373,1917.5065503529654,1846.21558430476,1866.2056004654332,1890.5809952823356,1917.5065503529654,1938.7954929976818,1961.4777356420575,1975.7837148694657
2023-01-24,2023-01-17,1933.9000244140625,1906.1983803973976,1838.9649207588418,1855.2981611198145,1881.3648000816252,1906.1983803973976,1927.8769138428127,1944.6652075309482,1960.2075482948355
2023-01-25,2023-01-18,1941.199951171875,1903.1712419722598,1838.2639904431542,1856.8275525430577,1881.6908139569698,1903.1712419722598,1923.4357937291143,1941.9487392058425,1956.5082547450415
2023-01-26,2023-01-19,1929.0999755859373,1923.0182417873905,1854.378921464417,1873.0440654047513,1898.791836949222,1923.0182417873905,1942.2419712408428,1964.2294228360593,1977.3590248001942
2023-01-27,2023-01-20,1928.5999755859373,1929.336879630509,1862.5758421947676,1878.254899265884,1902.9132434678306,1929.336879630509,1949.9795649237105,1971.3865962878544,1985.174869755948
2023-01-30,2023-01-23,1922.9000244140625,1928.8238116911807,1864.5791936136616,1881.3145776351648,1905.4073683734866,1928.8238116911807,1949.9593640816493,1971.3086732462434,1988.9981320974323
2023-01-31,2023-01-24,1929.5,1934.7362681883615,1867.8106784801935,1885.522314569922,1911.346403911442,1934.7362681883615,1954.988960135754,1975.9509136321972,1992.2996448527401
2023-02-01,2023-01-25,1927.800048828125,1942.619282723827,1874.8495191201096,1892.2751512752343,1917.4740195867048,1942.619282723827,1963.0817040286938,1984.3678601478525,1998.3390761031217
2023-02-02,2023-01-26,1916.300048828125,1932.4957092822435,1869.2429918081712,1883.1593278262915,1908.8659367565779,1932.4957092822435,1952.9225534313837,1972.087774868022,1988.4156713757297
2023-02-03,2023-01-27,1862.9000244140625,1932.1599591698587,1870.1507473759384,1885.9265928596258,1910.2393044150567,1932.1599591698587,1951.9123763675975,1973.6758688240075,1990.2979747113654
2023-02-06,2023-01-30,1866.199951171875,1928.9390211572993,1867.2574057704305,1879.9346959247944,1905.9184855859671,1928.9390211572993,1947.9798673094501,1969.042658537875,1985.8081698989458
2023-02-07,2023-01-31,1871.699951171875,1935.208066258976,1873.7101301266343,1888.7455690482025,1911.7001316501687,1935.208066258976,1955.0481355197176,1979.3631694750272,1995.886899062132
2023-02-08,2023-02-01,1877.4000244140625,1933.620487171038,1871.5789016681938,1884.7379697446117,1910.1581817980064,1933.620487171038,1953.5162894752386,1975.7681023942287,1994.9814232815609
2023-02-09,2023-02-02,1866.199951171875,1921.5060252028668,1861.5621108347784,1874.8346751954875,1899.0954628842633,1921.5060252028668,1942.0085196180082,1962.7966665565682,1980.3538486223138
2023-02-10,2023-02-03,1862.800048828125,1871.7860645359972,1822.1252625890202,1828.285270359645,1855.0156936020492,1871.7860645359972,1890.4811909866867,1906.6094596375208,1926.693971582153
2023-02-13,2023-02-06,1851.9000244140625,1877.0340067060326,1827.1329503718039,1839.54676759254,1860.4875455150475,1877.0340067060326,1892.5932906866274,1921.8531018546807,1938.5163373290743
2023-02-14,2023-02-07,1854.0,1886.72205547873,1832.6437835803001,1838.4561596571687,1863.126572736221,1886.72205547873,1902.1627708361418,1929.05421084523,1949.7341799219553
2023-02-15,2023-02-08,1834.199951171875,1887.778300672543,1832.3445950756654,1844.1295604491452,1863.1931678829915,1887.778300672543,1907.5184611215086,1935.172577692631,1956.1635146476738
2023-02-16,2023-02-09,1842.0,1872.2624283862478,1815.223335909125,1827.0048384290221,1851.7854074691465,1872.2624283862478,1892.9924773234375,1914.1043607394793,1937.4224490595734
2023-02-17,2023-02-10,1840.4000244140625,1866.723129643364,1807.3018218507773,1821.932109182658,1845.566171124637,1866.723129643364,1886.1975950051624,1907.1707104999182,1922.64517104696
2023-02-21,2023-02-13,1833.0,1858.5299832964488,1801.1469480298765,1812.154882883519,1837.1201813971086,1858.5299832964488,1876.9308966814547,1897.0323411125864,1913.6534739470744
2023-02-22,2023-02-14,1832.0,1861.098668238581,1804.1488802835147,1817.1729203120503,1839.2490733388936,1861.098668238581,1879.537096651759,1903.4831259667908,1919.983442336522
2023-02-23,2023-02-15,1818.0,1842.786757737047,1788.7880014800844,1797.4204404336206,1822.1223901506478,1842.786757737047,1861.2720210354337,1881.2867201204897,1900.9878736147755
2023-02-24,2023-02-16,1808.800048828125,1848.8661221600194,1792.9697926686626,1807.2643470682867,1828.1845423393702,1848.8661221600194,1867.1768246038794,1892.8618356915244,1909.7602530612053
2023-02-27,2023-02-17,1817.0,1848.2234223293904,1790.254293022918,1800.5314395516523,1825.4273570764599,1848.2234223293904,1866.5383777421443,1888.0498509898823,1906.8610849754427
2023-02-28,2023-02-21,1828.9000244140625,1839.1243042294104,1782.708752816612,1795.3616599079592,1817.0447291270664,1839.1243042294104,1858.6664823861045,1880.3433380551687,1897.4593797805169
2023-03-01,2023-02-22,1837.699951171875,1837.5099227820626,1780.2287275431227,1793.320693040244,1817.0705104636274,1837.5099227820626,1856.453772469737,1878.3750607847246,1896.7289158477988
2023-03-02,2023-02-23,1833.5,1824.6625393405097,1768.7770463321735,1779.3135185478782,1803.3750105073382,1824.6625393405097,1843.0300526153871,1862.48437525696,1878.9204706529413
2023-03-03,2023-02-24,1847.699951171875,1816.2509288111414,1762.9621571122514,1774.384529526883,1796.5906181177888,1816.2509288111414,1834.2675170986831,1856.5386724434259,1873.8781960577128
2023-03-06,2023-02-27,1847.9000244140625,1824.7290631698274,1768.5358537394313,1780.7647510306667,1803.3840869370738,1824.7290631698274,1842.2470819964913,1866.6190704373064,1884.122375730158
2023-03-07,2023-02-28,1813.9000244140625,1835.3850931493987,1775.5569916177894,1788.6401363364243,1810.85639584959,1835.3850931493987,1854.2584286529798,1877.6798435240455,1894.6643523351427
2023-03-08,2023-03-01,1812.699951171875,1840.9778713614514,1778.833516752432,1794.1570422105103,1816.6367818075207,1840.9778713614514,1861.7298988965235,1883.1976540544736,1900.6066435634307
2023-03-09,2023-03-02,1829.300048828125,1834.824330168676,1772.4730164816597,1787.6499902306555,1812.068190452584,1834.824330168676,1855.7955912191533,1873.5751363185275,1889.6954349100563
2023-03-10,2023-03-03,1862.0,1848.1573591164918,1783.3258230099989,1801.454979718007,1824.7750845258124,1848.1573591164918,1868.295716205733,1888.9867524043452,1901.868949553969
2023-03-13,2023-03-06,1911.699951171875,1850.2468559723147,1784.4250863050188,1799.9475175751452,1825.2323834455192,1850.2468559723147,1869.4799305111085,1887.9036461187059,1902.142001851054
2023-03-14,2023-03-07,1906.199951171875,1818.4062736007018,1763.790459323515,1774.353352826359,1798.0087834010574,1818.4062736007018,1837.3368799020031,1853.592050905273,1869.0720865677022
2023-03-15,2023-03-08,1926.5999755859373,1818.3003316497816,1763.1622030156066,1780.6193915593096,1801.0161241478263,1818.3003316497816,1834.0861366410277,1859.3121002310559,1875.3665349532616
2023-03-16,2023-03-09,1919.0,1837.5044918411777,1776.9278008740507,1789.2623364837805,1813.4993710739577,1837.5044918411777,1853.4556265333556,1879.2539582088614,1895.0659088750594
2023-03-17,2023-03-10,1969.800048828125,1865.7975062519274,1802.1638560370875,1815.2640608631682,1838.7635329171244,1865.7975062519274,1887.4844361023113,1913.6137217973246,1930.8585935143813
2023-03-20,2023-03-13,1979.199951171875,1907.2668752290608,1830.4637666652657,1854.107933565799,1878.14420599173,1907.2668752290608,1931.5204173503525,1955.2561036066638,1974.2186141493921
2023-03-21,2023-03-14,1938.0,1899.166409969805,1821.199523526293,1842.2654920411758,1869.8632492856505,1899.166409969805,1924.332358809313,1934.0419666903122,1947.681461487342
2023-03-22,2023-03-15,1946.800048828125,1916.9699657710687,1836.7708538756706,1869.628196369143,1892.4857728073332,1916.9699657710687,1941.0198646555853,1957.1357864530316,1964.855239642193
2023-03-23,2023-03-16,1993.800048828125,1916.903456432366,1838.7898279490407,1861.321968245924,1889.6962096350132,1916.903456432366,1936.2420227544349,1948.5018608180524,1957.8330121211773
2023-03-24,2023-03-17,1982.0999755859373,1966.0637311581622,1886.5812208410161,1914.058406104038,1937.6504169346804,1966.0637311581622,1989.9887271425227,2014.1275836600603,2020.1492894745766
2023-03-27,2023-03-20,1952.4000244140625,1977.871314826395,1898.721199653448,1916.9152813761966,1946.5311730250273,1977.871314826395,2000.2455865650725,2016.2394410625175,2033.35990237707
2023-03-28,2023-03-21,1972.4000244140625,1936.3111310286304,1872.5864041285704,1888.0871378022036,1913.2651075420226,1936.3111310286304,1960.6012194461716,1972.0473521908536,1984.599125295094
2023-03-29,2023-03-22,1966.0999755859373,1947.2599735933509,1879.1764103462433,1907.4160459652269,1928.9477279051548,1947.2599735933509,1964.1866415605762,1989.045530045608,2003.4660066097308
2023-03-30,2023-03-23,1980.300048828125,1998.2562921550484,1919.570356102263,1939.334998769872,1967.1806756327392,1998.2562921550484,2017.0775486000953,2043.5362414587141,2053.492059509654
2023-03-31,2023-03-24,1969.0,1985.9484660463265,1920.5558392576863,1927.2317368286388,1955.7503193920136,1985.9484660463265,2010.731572251621,2028.1771851417138,2046.5927043267016
2023-04-03,2023-03-27,1983.9000244140625,1952.4418062869458,1893.5053623153708,1912.1501151349503,1934.188447750189,1952.4418062869458,1974.190112955826,1993.512598243959,2014.6297296425118
2023-04-04,2023-03-28,2022.199951171875,1974.53449938645,1902.7341983120398,1929.2307536966944,1952.8232048361874,1974.53449938645,1991.1435338697968,2017.0054600323538,2030.293528053298
2023-04-05,2023-03-29,2020.9000244140625,1974.1648179312751,1907.9931314650908,1916.614896327804,1945.5281565730647,1974.1648179312751,1993.3552405876667,2013.4667839135845,2026.734181373099
2023-04-06,2023-03-30,2011.9000244140625,1984.0335654296405,1922.436693045633,1937.8978902209594,1960.503779458797,1984.0335654296405,2006.5830787710179,2033.9372523159802,2053.1366065049488
2023-04-10,2023-03-31,1989.0999755859373,1973.0355208182275,1907.7620036811795,1922.9811658643275,1949.2158674463315,1973.0355208182275,1992.056951858997,2013.0742835776891,2034.8624497894875
2023-04-11,2023-04-03,2004.800048828125,1985.6285154248465,1917.4523680086093,1937.390440151412,1961.182936960236,1985.6285154248465,2007.268534149434,2031.4946963477819,2044.7032654020009
2023-04-12,2023-04-04,2010.9000244140625,2022.1102625960957,1945.7681167107482,1967.8344310796779,1994.0728583752702,2022.1102625960957,2044.5018557626408,2072.8875631235933,2092.2396719130047
2023-04-13,2023-04-05,2041.300048828125,2020.0817900044783,1946.342244239956,1961.5629382354668,1990.0082670814518,2020.0817900044783,2045.5029506157618,2064.8019320820413,2079.5793836796356
2023-04-14,2023-04-06,2002.199951171875,2011.398318262113,1939.2214107753277,1962.0596567023717,1986.312272001948,2011.398318262113,2034.5496261163905,2050.7361175554347,2066.129175562478
2023-04-17,2023-04-10,1994.199951171875,1993.966422263352,1923.8209770058575,1943.2807639520381,1969.6594478115896,1993.966422263352,2012.1667467882037,2030.8826733345095,2041.2954219313624
2023-04-18,2023-04-11,2007.4000244140625,2010.9302196486349,1943.2925899163208,1961.7055182155975,1986.2537928427782,2010.9302196486349,2029.912493548217,2057.675119773031,2071.4746327985313
2023-04-19,2023-04-12,1995.199951171875,2017.184808566715,1953.0632746535355,1964.1378989846892,1991.2470220952061,2017.184808566715,2037.6736056715013,2065.347305626898,2087.483273141944
2023-04-20,2023-04-13,2007.5999755859373,2042.081511644693,1972.6433882176357,1991.3453457914725,2015.5164476399084,2042.081511644693,2066.56013781507,2093.3073270759896,2116.6426441704534
2023-04-21,2023-04-14,1979.5,2005.9446879354355,1940.0515012282485,1951.984476959365,1980.24005239804,2005.9446879354355,2027.5227215823413,2043.161347884135,2061.6044824655933
2023-04-24,2023-04-17,1989.0999755859373,1998.8603768208554,1933.3390596759305,1955.1906468003258,1977.0986435623029,1998.8603768208554,2018.4937246113059,2038.4387099095952,2052.1859111976855
2023-04-25,2023-04-18,1994.0,2014.6435550889914,1945.9746092808139,1963.6359811504772,1990.139812386415,2014.6435550889914,2031.5189551311064,2061.154002782482,2078.7270147996014
2023-04-26,2023-04-19,1985.699951171875,2003.062436686414,1943.9425582932838,1949.9965671997952,1977.0693972302147,2003.062436686414,2024.3679851877866,2048.936540284773,2067.544307540219
2023-04-27,2023-04-20,1989.9000244140625,2011.9293591126766,1950.0712631926413,1967.7128223941588,1989.919644953133,2011.9293591126766,2033.1844999446243,2058.7087493192953,2086.097179532017
2023-04-28,2023-04-21,1990.0999755859373,1986.4400229674927,1923.929628009445,1935.025099143723,1962.2768015578056,1986.4400229674927,2005.420775735205,2025.8995772513322,2044.3006949857406
2023-05-01,2023-04-24,1983.4000244140625,1994.734076077295,1931.6665771210055,1949.811863216514,1972.1626939174025,1994.734076077295,2014.7076268297976,2039.9834525896188,2058.3312028061378
2023-05-02,2023-04-25,2014.300048828125,2000.3637840902427,1935.196395961185,1948.8604819705342,1975.5614909626843,2000.3637840902427,2019.2732431254594,2046.5791679810936,2068.279839897781
2023-05-03,2023-04-26,2028.5999755859373,1991.1612903072073,1930.0184669488417,1941.0182732159662,1966.2543939145137,1991.1612903072073,2013.0477396305034,2035.4780085433754,2054.709614167337
2023-05-04,2023-04-27,2048.0,1994.194817278514,1929.7142567978026,1947.9909994093998,1971.518266593476,1994.194817278514,2014.3064893633657,2038.1802623516173,2061.0999625558143
2023-05-05,2023-04-28,2017.4000244140625,1994.8717096800494,1927.7794176170983,1943.2100120587397,1969.4121681722593,1994.8717096800494,2015.0170046576823,2039.0580710768813,2055.8583559921667
2023-05-08,2023-05-01,2026.300048828125,1988.6213657728317,1925.2372215079986,1939.1069549292356,1964.244449228719,1988.6213657728317,2009.3388879863396,2031.8740710054003,2050.3794239407002
2023-05-09,2023-05-02,2036.199951171875,2016.4742305700775,1946.0101065548458,1967.4767285035837,1991.358167414539,2016.4742305700775,2037.8667653262264,2065.735538641114,2086.6883024146264
2023-05-10,2023-05-03,2030.5,2029.4116923656966,1955.7021349839208,1972.0288623286829,2000.213492838625,2029.4116923656966,2052.870582452031,2077.403477411093,2095.1934197922155
2023-05-11,2023-05-04,2014.699951171875,2045.1908812262582,1970.8239339876343,1995.408362728515,2019.503308700829,2045.1908812262582,2071.0260244808583,2091.940266687473,2108.795730352927
2023-05-12,2023-05-05,2014.5,2019.1658867596034,1947.2185824603953,1967.1809576725534,1994.1702538763798,2019.1658867596034,2040.4324837252577,2054.8921623690385,2070.2883772627592
2023-05-15,2023-05-08,2018.0,2028.9908091800935,1959.0728043746124,1983.5363265481428,2008.186883261531,2028.9908091800935,2049.1432827343997,2073.314014592556,2080.3509513645627
2023-05-16,2023-05-09,1988.4000244140625,2041.6398663298587,1973.8064077118643,1987.9060837305383,2015.828914290972,2041.6398663298587,2060.5424409660254,2089.3821620687463,2104.887030070177
2023-05-17,2023-05-10,1980.699951171875,2035.5615080049765,1971.8200802828721,1986.5028918310932,2010.6282390904462,2035.5615080049765,2058.5263978219964,2081.6298763393006,2099.4565126236116
2023-05-18,2023-05-11,1956.5,2020.1966480962283,1957.8002050977166,1973.4995954252777,1998.072629528379,2020.1966480962283,2039.9382619244657,2059.386463020536,2085.24003246361
2023-05-19,2023-05-12,1978.699951171875,2020.8550670413154,1957.0605355613634,1973.315728360128,1998.746879155835,2020.8550670413154,2039.4250443653402,2064.9077408693984,2081.2030212460118
2023-05-22,2023-05-15,1974.800048828125,2024.9041973801602,1962.519615732122,1975.2482713361605,2000.8113487220216,2024.9041973801602,2044.4488731506772,2071.7558554791694,2090.8772164680813
2023-05-23,2023-05-16,1972.4000244140625,1997.2116689649183,1939.698538677258,1949.8780446219953,1974.2337959167976,1997.2116689649183,2016.7917860577381,2036.9387202496373,2060.495211471854
2023-05-24,2023-05-17,1962.800048828125,1989.0876641209786,1932.1133892843984,1946.235463328322,1969.58644612767,1989.0876641209786,2006.6752433350719,2030.3157185775108,2053.99501952827
2023-05-25,2023-05-18,1943.0999755859373,1968.4121681238903,1913.905157626777,1920.723908412539,1946.440683088326,1968.4121681238903,1984.0554135316609,2009.0414934490968,2030.983818116351
2023-05-26,2023-05-19,1944.0999755859373,1986.7447075015166,1931.0655643818163,1943.2832336891965,1965.6968129783977,1986.7447075015166,2005.921758376492,2036.7679726183178,2060.0980836548697
2023-05-30,2023-05-22,1958.0,1982.0383667609642,1923.6709857283736,1931.201852053229,1956.5490012172118,1982.0383667609642,2001.6146041463226,2026.3866505928659,2056.9362229550597
2023-05-31,2023-05-23,1963.9000244140625,1976.500989557632,1915.612651277785,1932.0949768539058,1954.2938666166967,1976.500989557632,1998.633883627992,2019.4216823612835,2042.023462595505
2023-06-01,2023-05-24,1978.0,1968.0077068039327,1905.2563548061294,1920.4112684568706,1945.6832622937786,1968.0077068039327,1986.29646078543,2007.3117511027508,2030.1809713666185
2023-06-02,2023-05-25,1952.4000244140625,1951.0810356686607,1891.595449564231,1904.978135299542,1929.4149169836116,1951.0810356686607,1969.3416538445767,1991.5185576132822,2005.481206730914
2023-06-05,2023-05-26,1958.0,1952.2441658087184,1895.3288021228655,1907.8384123116848,1931.550165229733,1952.2441658087184,1969.662608128791,1995.718947292335,2017.154602095814
2023-06-06,2023-05-30,1965.5,1964.5606696147165,1905.2309292738692,1916.5020847394806,1940.9477277972162,1964.5606696147165,1983.6735347402137,2012.092100561655,2034.8362323985396
2023-06-07,2023-05-31,1942.699951171875,1967.9078018872651,1906.3033196034353,1919.7590805330356,1943.3395283773973,1967.9078018872651,1989.804772539926,2013.358135561784,2037.4987377707648
2023-06-08,2023-06-01,1963.5999755859373,1978.7416129440492,1911.9414559482339,1931.2792439647192,1955.0039491293194,1978.7416129440492,2001.0163930835733,2022.9740621732044,2045.5981309495269
2023-06-09,2023-06-02,1962.199951171875,1956.3925940745125,1890.7001185204708,1906.9051975773343,1932.4633802679073,1956.3925940745125,1976.5324674040476,1993.6418778869472,2009.7023721006287
2023-06-12,2023-06-05,1955.300048828125,1961.928521987583,1897.5807582484845,1915.933239646322,1941.7856024977182,1961.928521987583,1981.2855100903396,2004.9752844441118,2018.1745991624452
2023-06-13,2023-06-06,1944.5999755859373,1971.1981044389615,1906.9434839057556,1920.0729689618818,1946.767872608937,1971.1981044389615,1989.517570483212,2016.3631417812621,2034.2240740474767
2023-06-14,2023-06-07,1955.300048828125,1949.6864870931367,1892.3481019324533,1899.9916948452933,1926.2685081339846,1949.6864870931367,1970.352027885297,1990.1483155834119,2009.01758023103
2023-06-15,2023-06-08,1957.800048828125,1967.3362019966303,1904.7318457583438,1925.0463121251105,1946.914105638634,1967.3362019966303,1986.6664815871136,2012.4137342203676,2036.6538692646418
2023-06-16,2023-06-09,1958.4000244140625,1967.3034472992365,1902.9110261762908,1913.6790915754123,1941.3282598774122,1967.3034472992365,1986.8530174916034,2011.1160891345448,2029.7000778181562
2023-06-20,2023-06-12,1935.5,1959.2458368355651,1898.4197384530746,1911.1388358749832,1936.6770417377702,1959.2458368355651,1981.2593866164084,2001.546395203857,2020.0189785837556
2023-06-21,2023-06-13,1933.300048828125,1950.1241652131012,1887.43997834735,1903.940318752463,1928.6583127966455,1950.1241652131012,1967.9831310272987,1988.4203962945214,2010.782995522706
2023-06-22,2023-06-14,1912.699951171875,1960.5161236186302,1897.8174962023827,1911.9474985896097,1938.0883679319113,1960.5161236186302,1979.7340305462694,2006.578841187309,2020.8541137671427
2023-06-23,2023-06-15,1919.0999755859373,1963.0194179018545,1901.5261954821508,1912.9999376431128,1938.455228709147,1963.0194179018545,1983.2089818206093,2007.5510057950487,2028.9719924740884
2023-06-26,2023-06-16,1923.699951171875,1961.9837622870077,1899.7288986861881,1913.9318203311107,1938.8264821524929,1961.9837622870077,1983.3347428131785,2004.9468602523075,2026.3218839627568
2023-06-27,2023-06-20,1914.0,1941.4770533738815,1880.0522694252804,1893.4096851984903,1919.3787479074945,1941.4770533738815,1960.0334527126938,1978.3188942624902,1998.6524429871406
2023-06-28,2023-06-21,1912.300048828125,1940.0053488826975,1880.1211911756886,1894.9758552535227,1919.852319779577,1940.0053488826975,1957.8402585736876,1982.0251326303285,1997.9709365909835
2023-06-29,2023-06-22,1909.199951171875,1922.8117871624854,1867.4593173900985,1875.7545160657128,1900.6618148301543,1922.8117871624854,1939.2064116199724,1962.2978144211575,1983.1003022261784
2023-06-30,2023-06-23,1921.0999755859373,1927.072750951632,1872.9228474061586,1884.883702010759,1906.6421696056316,1927.072750951632,1945.619262113828,1972.1378211108258,1994.565874141633
2023-07-03,2023-06-26,1921.699951171875,1930.5903624837529,1872.8084374221753,1884.3967640384226,1907.0596407107728,1930.5903624837529,1948.9384866130292,1974.2469248470143,2001.4408749416898
2023-07-05,2023-06-27,1919.5999755859373,1919.6481897482786,1862.1755100414543,1872.5764500532687,1896.850797174809,1919.6481897482786,1940.1579537762213,1960.910003496954,1982.7522335188369
2023-07-06,2023-06-28,1908.699951171875,1917.235818578524,1856.91593931747,1873.0755305157732,1896.2799234638387,1917.235818578524,1935.8652732796859,1957.3043612885506,1980.1745738987242
2023-07-07,2023-06-29,1926.199951171875,1915.0929556386411,1854.4524817201118,1867.0601155050822,1892.6554245331104,1915.0929556386411,1933.3859007711524,1956.8002168496112,1974.1045198736042
2023-07-10,2023-06-30,1925.0,1925.4737494736485,1864.8027571063067,1878.459882875347,1902.8005937374753,1925.4737494736485,1945.5129244477507,1970.789884206428,1989.7046320914237
2023-07-11,2023-07-03,1931.300048828125,1925.5808661610931,1863.592208246951,1876.5627228023964,1901.5969101635378,1925.5808661610931,1945.85916875217,1967.8196651914677,1989.54045810399
2023-07-12,2023-07-05,1956.199951171875,1922.7484747930166,1860.1163982011903,1874.919490767833,1900.307093127385,1922.7484747930166,1943.3899284197657,1963.87812232717,1982.2722711169615
2023-07-13,2023-07-06,1959.199951171875,1913.5289096457827,1851.4415765791662,1866.629872998427,1891.7306966669892,1913.5289096457827,1931.7119542791158,1952.3088432085278,1970.3058003829578
2023-07-14,2023-07-07,1960.0999755859373,1929.8771311992316,1867.2503060704485,1883.098526602398,1907.9481641105322,1929.8771311992316,1948.8230924517227,1976.0038377161943,1991.0673213815885
2023-07-17,2023-07-10,1952.4000244140625,1929.3737811082733,1867.1333061281978,1879.2173550653397,1904.331268263907,1929.3737811082733,1948.462027624429,1972.16362098968,1992.2793133702692
2023-07-18,2023-07-11,1977.199951171875,1933.3277278027804,1870.7065352558745,1887.575011457052,1910.8470241318564,1933.3277278027804,1954.2506737814952,1976.6935653756627,1995.6398298225783
2023-07-19,2023-07-12,1977.5,1956.0369651608169,1886.4530199696703,1906.0184283944068,1932.1850279845175,1956.0369651608169,1975.5775279599852,2002.029182099096,2020.9537203186837
2023-07-20,2023-07-13,1968.300048828125,1959.4299867250961,1890.5632117868336,1905.7561846823278,1932.9085265631418,1959.4299867250961,1981.48240322216,2003.3321567177763,2016.7158554414004
2023-07-21,2023-07-14,1964.300048828125,1959.8619702459569,1891.3430191480356,1911.3323810658417,1936.9250300324695,1959.8619702459569,1981.5527418693127,2001.1174198847907,2016.831000573867
2023-07-24,2023-07-17,1960.300048828125,1955.1254610107562,1887.0160452979014,1904.6417059426185,1932.365686186001,1955.1254610107562,1974.2353727266777,1994.6675437787108,2008.102653368079
2023-07-25,2023-07-18,1962.0999755859373,1978.977041617527,1911.5664913062883,1928.9093860768555,1955.70241769819,1978.977041617527,1999.4174971656284,2027.7376475680385,2038.6070581151662
2023-07-26,2023-07-19,1968.9000244140625,1980.264374626115,1913.733545743115,1927.1144390848879,1953.6981823405526,1980.264374626115,2000.6535420144435,2024.159842451456,2043.2297552763557
2023-07-27,2023-07-20,1945.4000244140625,1970.630515189741,1906.3927035404995,1923.5826967305854,1947.9050661639662,1970.630515189741,1992.306388804011,2011.323580063338,2028.9621437346002
2023-07-28,2023-07-21,1960.4000244140625,1968.355255613445,1902.3240426768011,1920.4625278642575,1946.8983629224701,1968.355255613445,1986.419989048427,2008.5374018251737,2026.3066488243235
2023-07-31,2023-07-24,1970.5,1966.6492046883677,1904.6784345582487,1917.0156048683054,1943.4435438324076,1966.6492046883677,1985.544277631881,2010.2809702307854,2023.524055933422
2023-08-01,2023-07-25,1940.699951171875,1968.091838173728,1908.1749343106908,1921.4080353782638,1945.2784713430551,1968.091838173728,1987.095096543834,2012.4336485890653,2033.2632357413884
2023-08-02,2023-07-26,1937.4000244140625,1973.4327705149449,1911.2806210244228,1925.8987385957546,1949.9932291572652,1973.4327705149449,1992.5984129752524,2018.1407874638626,2040.7789589939698
2023-08-03,2023-07-27,1932.0,1951.8274371235045,1891.9398417118575,1904.2312094966749,1928.5903599579838,1951.8274371235045,1970.9838038468492,1990.1370869771156,2011.3096091820223
2023-08-04,2023-07-28,1939.5999755859373,1964.6161009216028,1902.5221611460909,1920.6797981147145,1944.4088330846105,1964.6161009216028,1983.4089158569554,2009.8763522598297,2028.7400906861735
2023-08-07,2023-07-31,1933.5,1975.155178155085,1910.4446775483386,1922.9882279268068,1949.5299369389645,1975.155178155085,1993.5279798914576,2021.172000910118,2041.130584708399
2023-08-08,2023-08-01,1924.0999755859373,1946.847620342378,1888.8717944453645,1899.871599417882,1923.146043913547,1946.847620342378,1967.8896636435609,1984.990679182048,2004.7167496268862
2023-08-09,2023-08-02,1915.4000244140625,1943.087087481501,1882.6572748362996,1901.7478963884903,1924.8627971797982,1943.087087481501,1960.3083856419985,1982.5037881289056,2004.8525220413485
2023-08-10,2023-08-03,1914.4000244140625,1940.813556586153,1881.4115332238775,1891.4875119073215,1917.86095830306,1940.813556586153,1957.0977146433431,1983.6056258276983,2000.2098630845408
2023-08-11,2023-08-04,1912.9000244140625,1946.201775931264,1890.4726427446426,1900.8059875792787,1922.8838595293732,1946.201775931264,1966.0976861154782,1993.2642890389554,2014.6908392981059
2023-08-14,2023-08-07,1910.5999755859373,1939.2272755930428,1880.1014140480397,1893.8010039012458,1916.2231181518168,1939.2272755930428,1957.3752763620496,1980.0136728626185,2007.2049596078896
2023-08-15,2023-08-08,1902.5,1929.3278282319366,1870.0863338931194,1884.1910680165927,1907.4242464463841,1929.3278282319366,1948.3284990869975,1969.9672918289245,1989.7338271859367
2023-08-16,2023-08-09,1896.0999755859373,1922.0686420468444,1862.8243198812088,1876.9642114235944,1900.7727428176956,1922.0686420468444,1939.10476864612,1962.188925253617,1981.8534980692143
2023-08-17,2023-08-10,1884.0999755859373,1921.454207989296,1863.9373524989255,1875.8550061737947,1899.3357236878549,1921.454207989296,1939.2201928801708,1964.7126980846704,1983.512062253935
2023-08-18,2023-08-11,1886.0999755859373,1919.5678571171288,1862.3472894382521,1874.2342163801816,1896.9256387321445,1919.5678571171288,1937.5847675268217,1962.3427969912677,1984.8399494719465
2023-08-21,2023-08-14,1893.300048828125,1916.1874877493688,1858.1612672377487,1871.2886239733077,1893.83013229861,1916.1874877493688,1934.8062039199726,1958.2549738367993,1980.7080802796918
2023-08-22,2023-08-15,1896.4000244140625,1908.300693479915,1849.6783745589664,1863.1849037716213,1886.3193614730906,1908.300693479915,1926.2511754079778,1948.5513447407018,1969.6011435833725
2023-08-23,2023-08-16,1918.5,1902.3538297211296,1844.4238922703546,1857.6958179713592,1880.865133434309,1902.3538297211296,1920.0888209345899,1943.17581388786,1962.5329029024188
2023-08-24,2023-08-17,1918.199951171875,1891.8107846614646,1835.6113546853867,1847.3643741581932,1870.304212893156,1891.8107846614646,1908.604662803898,1931.539890265177,1951.5413860724823
2023-08-25,2023-08-18,1911.0999755859373,1892.9722229502424,1837.0970482374078,1849.7881249915806,1871.8368362832862,1892.9722229502424,1910.5459037803234,1935.7964589331884,1956.9652313574047
2023-08-28,2023-08-21,1917.9000244140625,1898.8640169820374,1840.8234468096346,1853.2546691620885,1876.0166044299106,1898.8640169820374,1916.9515170190177,1942.7669605903245,1965.4026474446007
2023-08-29,2023-08-22,1936.5,1900.0513928438997,1840.685091281596,1853.7202953794867,1876.6120084874697,1900.0513928438997,1919.8550746687424,1943.1255007565296,1964.663135151281
2023-08-30,2023-08-23,1944.300048828125,1918.4437583504898,1853.5336631013909,1871.4223128369554,1895.338811020828,1918.4437583504898,1939.5001983341895,1964.2918047068151,1984.9602011459983
2023-08-31,2023-08-24,1938.199951171875,1918.6923122167404,1851.9724211121907,1866.6991823272556,1893.287661327749,1918.6923122167404,1939.3837449824928,1960.5359621028897,1976.5126786644655
2023-09-01,2023-08-25,1939.800048828125,1912.122966368874,1847.7159624649753,1864.3887750167519,1889.5799309356516,1912.122966368874,1933.0892099636483,1952.1881550797534,1966.1583481227108
2023-09-05,2023-08-28,1926.199951171875,1920.1474655276209,1854.4064037176945,1872.202581632034,1898.2944261449811,1920.1474655276209,1938.795989512237,1962.4523739669712,1977.0529225344253
2023-09-06,2023-08-29,1918.0999755859373,1938.3494276832928,1873.2564538620882,1886.9173477731763,1913.4095730262948,1938.3494276832928,1958.9751972267636,1986.1305008341315,1999.7676582281192
2023-09-07,2023-08-30,1917.5,1944.8801218433234,1879.6574372907673,1894.1095644649577,1919.3387738311212,1944.8801218433234,1966.72706682134,1989.6723115260443,2008.5179786886358
2023-09-08,2023-08-31,1918.4000244140625,1938.7709963599468,1872.6575788235923,1890.0391334266192,1915.382252728615,1938.7709963599468,1959.8026658784152,1978.9068537214907,1996.36764624438
2023-09-11,2023-09-01,1923.300048828125,1941.5232949432811,1874.8825112351249,1892.8294917399157,1919.2879344879962,1941.5232949432811,1961.1342432991448,1983.3708072586564,1996.9155145987397
2023-09-12,2023-09-05,1911.300048828125,1931.7515091058317,1869.8076310839087,1882.249932329628,1907.9283374934944,1931.7515091058317,1949.8574314268965,1972.0179252928428,1985.8597678852489
2023-09-13,2023-09-06,1909.0999755859373,1924.4771092726523,1867.9161527802887,1880.5975730859357,1902.8371762090155,1924.4771092726523,1942.9353155486197,1966.1268033693038,1985.3030195356712
2023-09-14,2023-09-07,1910.0,1924.2168260863932,1866.9964208916886,1879.8796036840959,1902.4119903568608,1924.2168260863932,1941.5248333677018,1967.1783745042499,1987.9220410819207
2023-09-15,2023-09-08,1923.699951171875,1924.492184409702,1867.647970365895,1879.2482704532774,1901.3508739221793,1924.492184409702,1943.2711232852405,1968.809474673981,1990.4950573028202
2023-09-18,2023-09-11,1931.5,1927.32256751217,1868.1427181928066,1882.6633264588977,1904.496570736036,1927.32256751217,1946.8405467517537,1971.2914633549492,1994.5351236950517
2023-09-19,2023-09-12,1932.0,1915.970631731252,1856.117963881923,1870.2518368522897,1893.1036555663209,1915.970631731252,1934.8504895201258,1955.8075615598868,1975.624919567123
2023-09-20,2023-09-13,1945.5999755859373,1913.6590331152872,1854.8241814712346,1869.613749725497,1892.1335387681959,1913.6590331152872,1932.413280832432,1955.3047155055501,1974.5662839878719
2023-09-21,2023-09-14,1919.199951171875,1915.4414082674957,1855.6672070404652,1868.825355010203,1892.6502163811517,1915.4414082674957,1933.1674418598882,1958.3151776457953,1976.721739107601
2023-09-22,2023-09-15,1925.4000244140625,1927.2235569299635,1866.9685349912202,1880.2254269617351,1903.2463921971491,1927.2235569299635,1947.2223708868696,1973.7948034376336,1994.7475637824045
2023-09-25,2023-09-18,1916.5999755859373,1933.2379944935653,1869.1522422236112,1884.8741142396088,1908.6214676261945,1933.2379944935653,1953.6500015239956,1977.3542042713761,1998.5693588484978
2023-09-26,2023-09-19,1900.4000244140625,1932.9704199465195,1867.7893249698668,1884.4944345561653,1908.7789154776285,1932.9704199465195,1953.9702329318911,1974.981415179795,1993.3899997125127
2023-09-27,2023-09-20,1871.5999755859373,1945.7838021718983,1877.8864836799603,1895.92306843549,1921.7555200442491,1945.7838021718983,1966.1795460353417,1990.0826358546196,2006.6098398790464
2023-09-28,2023-09-21,1860.4000244140625,1923.9748995665057,1860.6397280798967,1873.5788470221414,1899.4393982284957,1923.9748995665057,1942.7019041207877,1961.050490041439,1974.3892054324676
2023-09-29,2023-09-22,1848.0999755859373,1929.2276059590295,1870.1568923945997,1886.05081058113,1908.5069511332931,1929.2276059590295,1948.6200074600747,1972.7252211260236,1991.4454403896557
2023-10-02,2023-09-25,1830.0,1923.770764818167,1863.385874483267,1875.129278650481,1900.300351761938,1923.770764818167,1940.0146499028908,1964.9502357285944,1981.5800904689172
2023-10-03,2023-09-26,1824.5999755859373,1907.950374961976,1855.4120443468348,1865.4591287574485,1885.9209624519117,1907.950374961976,1927.1824387433037,1949.079318860901,1970.193551603488
2023-10-04,2023-09-27,1818.5,1881.1203500306692,1829.8189066137543,1842.889095734719,1862.6107492559418,1881.1203500306692,1896.5488601221996,1916.522192636236,1938.8995313251507
2023-10-05,2023-09-28,1816.5999755859373,1871.3160582125154,1823.3206117510188,1832.5765978856218,1852.404015505173,1871.3160582125154,1886.6584413358487,1912.3117882539777,1933.1329718800519
2023-10-06,2023-09-29,1830.199951171875,1859.7952189382327,1813.0645245591877,1820.7169138415488,1839.7340358429587,1859.7952189382327,1874.8071219282435,1901.1046254395033,1925.3298754801901
2023-10-09,2023-10-02,1849.5,1840.7615086832245,1796.18441035035,1804.72872254623,1821.4835354112533,1840.7615086832245,1857.218234298777,1880.3815862096092,1907.3361716009986
2023-10-10,2023-10-03,1861.0,1833.4593639294123,1785.8082531613045,1797.667280606097,1815.1235514187872,1833.4593639294123,1849.4040196876188,1873.8641869630706,1900.5365512479402
2023-10-11,2023-10-04,1872.800048828125,1827.8963834262368,1776.3740264920023,1787.5739553456413,1807.0155537360292,1827.8963834262368,1843.0512974541448,1867.9881624263132,1892.0170759083214
2023-10-12,2023-10-05,1869.300048828125,1823.9948155127252,1771.90754949337,1784.335653552756,1803.0921726290007,1823.9948155127252,1840.710149338996,1864.766820765253,1888.8730017831558
2023-10-13,2023-10-06,1927.4000244140625,1834.492334032856,1777.0591218179834,1793.0852800352527,1813.0017827271117,1834.492334032856,1851.952497770591,1877.6479249072863,1901.2800139875962
2023-10-16,2023-10-09,1921.0999755859373,1850.3995347233638,1787.722893253061,1803.8261708021691,1826.2779390661676,1850.3995347233638,1870.1976926007865,1895.729930067361,1915.592373261115
2023-10-17,2023-10-10,1922.699951171875,1859.3463405127293,1793.6827680757067,1810.2361394004442,1834.4577861557882,1859.3463405127293,1880.7000775987894,1902.277784883059,1920.270593543489
2023-10-18,2023-10-11,1955.300048828125,1869.587766663552,1799.9550320008566,1819.3207699137772,1845.6602792199317,1869.587766663552,1891.128952475427,1911.6726567028654,1926.0143650574737
2023-10-19,2023-10-12,1968.4000244140625,1868.3367477885583,1799.0755150909472,1815.6744919256462,1844.335983123616,1868.3367477885583,1888.6444635714706,1907.891068484444,1918.1423439197117
2023-10-20,2023-10-13,1982.5,1920.8128040129263,1844.5344273223925,1871.1252946218804,1897.1696474019489,1920.8128040129263,1944.7862621145568,1975.578684464972,1986.0606715042281
2023-10-23,2023-10-16,1976.300048828125,1918.6779238434106,1845.0865935676457,1856.479766448451,1888.0406391487686,1918.6779238434106,1940.4448481332217,1959.8827799513438,1972.0867010024565
2023-10-24,2023-10-17,1975.0,1917.3905322073067,1847.8334687191746,1868.6821011022655,1894.6274750424807,1917.3905322073067,1942.7773123656043,1958.8146748234367,1970.1073387561369
2023-10-25,2023-10-18,1984.0999755859373,1951.24070002515,1870.6626567884366,1897.0446918473556,1928.0693064369652,1951.24070002515,1970.6579814508273,1997.2241960760293,2008.1617551350948
2023-10-26,2023-10-19,1987.199951171875,1965.6620985763661,1890.5408174577751,1904.5469862833565,1936.2237507002455,1965.6620985763661,1990.2289514978766,2015.613808722568,2019.3278562590067
2023-10-27,2023-10-20,1988.5999755859373,1977.9625607200107,1905.7062408040542,1926.2073738471654,1952.3885662728826,1977.9625607200107,2002.2806341105984,2023.0510737974625,2040.2420649462347
2023-10-30,2023-10-23,1996.199951171875,1974.618532497899,1899.8250510750165,1918.5481565072605,1949.5090931391044,1974.618532497899,1995.435756683767,2014.2969473403807,2026.3645967057928
2023-10-31,2023-10-24,1985.199951171875,1975.4694913412707,1904.3628740103259,1922.5183122852209,1951.982760911464,1975.4694913412707,1997.0235965222714,2019.1800169957583,2026.9855573779319
2023-11-01,2023-10-25,1978.800048828125,1986.6345806811398,1917.322641637851,1935.401462511851,1962.8154719934776,1986.6345806811398,2006.2359579655372,2032.466151665622,2046.7103173727232
2023-11-02,2023-10-26,1985.5999755859373,1990.2204981264983,1924.0023243809087,1938.7483148070824,1964.7895207822899,1990.2204981264983,2010.9942438852563,2036.1862635273012,2052.64926555869
2023-11-03,2023-10-27,1991.5,1990.9799276525002,1925.360279351611,1942.1074313005274,1966.815901342036,1990.9799276525002,2011.5770083231741,2034.7623100964151,2054.900673518515
2023-11-06,2023-10-30,1981.5999755859373,1997.974362562449,1929.4294710821441,1947.7788927227652,1973.9097288654025,1997.974362562449,2018.2793633405272,2042.9736118131857,2060.8701682012725
2023-11-07,2023-10-31,1966.800048828125,1989.0700865805925,1923.0987354371496,1937.138995848185,1964.2436896019774,1989.0700865805925,2008.8738119296158,2030.988859692034,2047.160731111192
2023-11-08,2023-11-01,1951.5,1983.4100715262098,1919.9094407369778,1936.2941190437753,1961.1000151449102,1983.4100715262098,2002.810283738696,2025.6906511699221,2043.6226844261726
2023-11-09,2023-11-02,1964.199951171875,1990.8411181600159,1925.453308339972,1942.2861464941561,1967.7075738651358,1990.8411181600159,2010.0125269880243,2037.890833962667,2056.5616653819125
2023-11-10,2023-11-03,1932.5999755859373,1996.2082351166223,1932.9041988862334,1946.1610661122095,1971.2504902341702,1996.2082351166223,2017.25251454654,2044.994038016566,2064.294315374521
2023-11-13,2023-11-06,1945.5,1985.837321539494,1922.690175669541,1937.032603455105,1961.7972313539708,1985.837321539494,2006.616959320548,2030.8707616991596,2051.3553845116567
2023-11-14,2023-11-07,1961.800048828125,1972.0709163601796,1907.4717647164173,1924.8804062935806,1950.2013537832204,1972.0709163601796,1990.930104735147,2013.8449427769483,2032.9377950062567
2023-11-15,2023-11-08,1960.0999755859373,1959.20625447664,1897.232340449803,1912.9467550018876,1938.0874557119246,1959.20625447664,1976.5315008945095,2000.7334813906632,2019.5263856929337
2023-11-16,2023-11-09,1983.9000244140625,1971.0110704551582,1910.9790589400623,1926.7305035628588,1949.2370772355296,1971.0110704551582,1990.4918405779158,2020.442240557973,2041.6429694926774
2023-11-17,2023-11-10,1981.5999755859373,1941.3915790481672,1887.1072389057424,1894.4980655566042,1918.0286485595072,1941.3915790481672,1959.5750759204357,1983.1058169015132,2005.664214095616
2023-11-20,2023-11-13,1977.699951171875,1950.3386995888313,1890.5741402184353,1911.3876314488211,1931.0685687835976,1950.3386995888313,1971.2141301427619,1999.103619363402,2022.888279770678
2023-11-21,2023-11-14,1999.300048828125,1967.0455520058074,1904.2349986184797,1917.1170537887479,1941.9846039678387,1967.0455520058074,1985.739438246726,2017.2334245922643,2037.1909201241183
2023-11-22,2023-11-15,1991.4000244140625,1963.277062863447,1902.1525249114186,1913.1176943872779,1937.4742800454346,1963.277062863447,1986.44293750414,2010.9969454907928,2030.3368865477285
2023-11-24,2023-11-16,2002.199951171875,1983.4471617827855,1913.2715254371026,1935.304462998895,1959.5759592102131,1983.4471617827855,2005.6330261226135,2033.4922570429198,2053.270442232423
2023-11-27,2023-11-17,2011.800048828125,1983.5218533295615,1911.8510548843744,1925.9416282417797,1956.2503902639571,1983.5218533295615,2003.6899874347018,2027.3040008489652,2040.3306103165844
2023-11-28,2023-11-20,2039.699951171875,1979.5220383217693,1909.6714465419875,1928.1612008338832,1955.5190263976215,1979.5220383217693,2001.096596147043,2022.778880624884,2037.9916620877339
2023-11-29,2023-11-21,2047.0999755859373,2001.0258098471395,1928.3641642885982,1949.364411865723,1976.776729628485,2001.0258098471395,2021.1000760677646,2049.3230238228402,2065.0559177930727
2023-11-30,2023-11-22,2038.0999755859373,1995.3214128018126,1927.958178669093,1939.3071530978107,1968.3359363847724,1995.3214128018126,2015.9208964826817,2039.812946242671,2054.5953768447353
2023-12-01,2023-11-24,2071.0,2003.6513549309195,1934.864119783795,1955.1533233500522,1980.1472556491044,2003.6513549309195,2026.104924284247,2051.540392675472,2070.179692551356
2023-12-04,2023-11-27,2024.0999755859373,2014.3126304081372,1943.0176866245033,1960.0998974514835,1988.4714108525573,2014.3126304081372,2034.2246313958872,2061.4561850913087,2077.520375922699
2023-12-05,2023-11-28,2018.5,2039.8632638118438,1967.5098387099904,1985.1163092574063,2012.7026228383768,2039.8632638118438,2063.853038743638,2092.34360820785,2107.753387371453
2023-12-06,2023-11-29,2030.5,2046.8233883607438,1973.2201765499829,1989.0108452370157,2018.3135772165808,2046.8233883607438,2069.610049505318,2095.145634829043,2111.1712338094903
2023-12-07,2023-11-30,2029.9000244140625,2038.576300956063,1963.4714140772442,1982.6584011223586,2012.6991672859776,2038.576300956063,2060.659801519554,2081.2272393359544,2095.2056236452536
2023-12-08,2023-12-01,1998.300048828125,2070.742966444432,1991.1339934439766,2016.064161158967,2045.5389731795458,2070.742966444432,2092.398165732569,2121.3365739368996,2134.951827741509
2023-12-11,2023-12-04,1978.0,2030.419326698157,1962.8605672141957,1972.0691593004594,2003.84145678392,2030.419326698157,2050.951918178652,2067.443983458552,2081.040382327276
2023-12-12,2023-12-05,1977.800048828125,2023.572492793107,1956.8740898052442,1980.7651318294215,2005.0807093669578,2023.572492793107,2043.6154452704818,2067.626101621625,2088.160072388171
2023-12-13,2023-12-06,1982.300048828125,2039.2288567848182,1972.509130920457,1989.1758808383606,2016.2241548555262,2039.2288567848182,2055.4805564312433,2087.115958843456,2106.675107355804
2023-12-14,2023-12-07,2030.199951171875,2037.051756572295,1977.7384904321584,1987.0261424636346,2010.1869458226279,2037.051756572295,2060.2193529275755,2087.9093139741826,2108.7423623760233
2023-12-15,2023-12-08,2021.0999755859373,2004.0369531797323,1945.6546362405338,1960.329878233977,1982.4713194967972,2004.0369531797323,2024.5120714877999,2047.0038899430278,2072.923636338301
2023-12-18,2023-12-11,2026.300048828125,1986.1219357548634,1923.2331003561335,1942.416006993078,1967.38463757112,1986.1219357548634,2003.0367106723666,2026.537886807605,2047.2040996435035
2023-12-19,2023-12-12,2038.4000244140625,1988.3426876081608,1928.8000316707216,1943.4166756998186,1967.0207398171146,1988.3426876081608,2004.9871459487385,2034.4032220031509,2055.4569384953634
2023-12-20,2023-12-13,2034.5,1991.073433399625,1936.1142673267268,1946.762654136804,1966.9595166354409,1991.073433399625,2011.3614647128484,2042.1447326041075,2066.867372518554
2023-12-21,2023-12-14,2039.0999755859373,2032.002749530734,1967.8602364884332,1985.8936008917692,2006.2904657205293,2032.002749530734,2055.8466111000544,2092.14310267889,2117.3821969238056
2023-12-22,2023-12-15,2057.10009765625,2021.814143457123,1953.8825202139224,1965.3949423772713,1993.201325282079,2021.814143457123,2046.1183573769815,2068.848488655791,2087.1677744279605
2023-12-26,2023-12-18,2058.199951171875,2024.5256877235897,1948.5331647171379,1973.0625056237889,2001.7747585784432,2024.5256877235897,2048.380523359584,2069.784184822033,2085.351680959966
2023-12-27,2023-12-19,2081.89990234375,2040.247487530327,1960.8508538194565,1982.8741310029507,2016.0281883008156,2040.247487530327,2059.5348032258275,2084.5471274989263,2096.458041083738
2023-12-28,2023-12-20,2073.89990234375,2038.3258275744843,1966.7595101249083,1981.5717391658266,2011.9026455808105,2038.3258275744843,2060.7897343668646,2083.2380818945435,2095.903854030364
2023-12-29,2023-12-21,2062.39990234375,2041.8411795022428,1972.018051686934,1991.7941772998745,2018.4500362328263,2041.8411795022428,2063.4569850255903,2089.2498749746355,2108.4069590217646
2024-01-02,2023-12-22,2064.39990234375,2059.9391097563703,1986.981033440612,2006.0671692386218,2034.696398230436,2059.9391097563703,2081.3924366257634,2109.5639742071653,2126.1778869611544
2024-01-03,2023-12-26,2034.199951171875,2060.965029447611,1990.379598760587,2005.7464612152005,2034.2827264799853,2060.965029447611,2084.029786591453,2108.8226187033024,2125.4874549800206
2024-01-04,2023-12-27,2042.300048828125,2082.0571157755467,2006.9520343996678,2028.887838289132,2056.870661058529,2082.0571157755467,2105.6689950737637,2133.675182286023,2151.346838143193
2024-01-05,2023-12-28,2042.4000244140625,2076.1434250266357,2001.7371977036012,2018.06750899191,2049.482062118332,2076.1434250266357,2098.3137283218784,2120.8714527080874,2135.671283431585
2024-01-08,2023-12-29,2026.5999755859373,2065.447116034553,1992.9820578570016,2012.8767988169432,2042.1397207722016,2065.447116034553,2087.4398887259235,2108.8975735142594,2124.883601276639
2024-01-09,2024-01-02,2026.4000244140625,2069.7245291224413,1997.8689051291992,2018.1679794179536,2047.0564443197693,2069.7245291224413,2088.757244542035,2115.308798949138,2132.8210315512374
2024-01-10,2024-01-03,2021.699951171875,2043.0216762091718,1980.2093044256944,1991.9505744916316,2019.1101213237043,2043.0216762091718,2062.488422056232,2084.703938294795,2103.2253168363904
2024-01-11,2024-01-04,2014.300048828125,2049.787875843146,1986.998886898407,2005.9992980036984,2028.252752050652,2049.787875843146,2069.4342507935353,2099.068882399762,2123.0681456776365
2024-01-12,2024-01-05,2046.699951171875,2050.7167221032496,1988.195145205847,1999.9265918251147,2025.2530451144585,2050.7167221032496,2069.1471882293713,2099.4092825077196,2121.8151464511157
2024-01-16,2024-01-08,2026.0,2033.323157300441,1973.8623538775898,1987.040102871206,2009.3328116573175,2033.323157300441,2054.9163025104076,2079.6035740999473,2102.868889553698
2024-01-17,2024-01-09,2002.5999755859373,2032.8510268171667,1967.8232053782879,1985.45058994074,2010.1684241588148,2032.8510268171667,2051.210100396788,2078.7734236563465,2102.5631349999644
2024-01-18,2024-01-10,2018.5999755859373,2028.8051610692457,1964.5868196118247,1978.2486425360537,2004.546365293326,2028.8051610692457,2047.9347713916432,2074.9242710907392,2094.372247730329
2024-01-19,2024-01-11,2026.5,2021.0279302286478,1959.5754265533546,1973.9492032665842,1997.470896521496,2021.0279302286478,2041.359970919249,2067.4922598965773,2089.5699847620162
2024-01-22,2024-01-12,2019.800048828125,2049.847063495159,1982.163569911809,2001.2549623584578,2025.4331976296767,2049.847063495159,2071.535950414146,2104.2689381234118,2126.4572255934218
2024-01-23,2024-01-16,2023.699951171875,2030.629980866373,1966.038536340206,1975.6316417995765,2003.307725412503,2030.629980866373,2051.724947568241,2074.705048339895,2093.925545034459
2024-01-24,2024-01-17,2013.9000244140625,2007.4174330004216,1942.2467298813772,1960.8081938161433,1986.0032041731597,2007.4174330004216,2027.6873941518763,2047.53206657986,2068.482669601098
2024-01-25,2024-01-18,2016.9000244140625,2025.1340286242134,1955.046334672058,1974.454058756186,2002.8766751810572,2025.1340286242134,2041.7852121520814,2071.894448008164,2090.4290491211123
2024-01-26,2024-01-19,2016.800048828125,2032.4270804157684,1969.9700319254216,1981.1595409977685,2006.1628011083046,2032.4270804157684,2054.495143586752,2083.9429196024957,2101.9444098543495
2024-01-29,2024-01-22,2025.199951171875,2023.7814186327773,1962.2124718233122,1976.597163723336,1998.9558218964482,2023.7814186327773,2046.2697973041904,2071.4136580496943,2095.852094801641
2024-01-30,2024-01-23,2031.5,2026.9616288990906,1957.3856930034851,1976.0411581754663,2003.2898949408468,2026.9616288990906,2046.7005052112063,2072.5506002435327,2093.231424225193
2024-01-31,2024-01-24,2048.39990234375,2019.0505052972946,1951.3685763158678,1965.780031180361,1994.54925968272,2019.0505052972946,2038.6957402929006,2062.583956901411,2079.111960462472
2024-02-01,2024-01-25,2053.0,2021.7415385484733,1956.1838990337646,1973.2491831868847,1998.4633387432211,2021.7415385484733,2042.6106918242872,2068.974078677069,2088.602382149484
2024-02-02,2024-01-26,2036.0999755859373,2022.3694509020345,1957.0346147128225,1971.586395675924,1997.7928788221411,2022.3694509020345,2041.9310968736563,2069.044556055695,2089.4128946377236
2024-02-05,2024-01-29,2025.699951171875,2028.9256294433371,1963.1478870707388,1979.4877393510792,2004.4585240855345,2028.9256294433371,2050.886970369912,2078.232602623957,2098.2881086616844
2024-02-06,2024-01-30,2034.5,2034.5869843732435,1966.7607964471076,1982.5357855689022,2009.190940522884,2034.5869843732435,2055.890702950486,2082.8207020389964,2102.8841519933612
2024-02-07,2024-01-31,2035.199951171875,2049.239370922552,1978.3806123199547,1996.3986158834355,2023.664182312922,2049.239370922552,2072.4965031376155,2099.741631065518,2117.947128874296
2024-02-08,2024-02-01,2032.199951171875,2053.8605678056615,1981.8039072224178,1998.0014135166798,2027.3416329482068,2053.8605678056615,2076.4489119556106,2101.350735396488,2118.63553037876
2024-02-09,2024-02-02,2023.300048828125,2038.7670637274155,1968.2650703476347,1984.6499452119933,2014.148666949674,2038.7670637274155,2060.0682432460035,2080.59655995474,2097.394326790489
2024-02-12,2024-02-05,2018.199951171875,2030.824292038832,1961.4421125369072,1979.2929019190556,2008.549821005351,2030.824292038832,2049.577166697397,2072.907695658303,2090.287834099452
2024-02-13,2024-02-06,1992.9000244140625,2040.6636101577865,1974.1854413809988,1990.7389373196127,2016.9543708985088,2040.6636101577865,2060.1732112101163,2089.2958817237663,2107.5528375451217
2024-02-14,2024-02-07,1990.300048828125,2041.1201494374563,1978.9220674176017,1992.4242928997921,2016.0600718048493,2041.1201494374563,2062.3721220517045,2090.3458524863827,2112.2182922840198
2024-02-15,2024-02-08,2002.0999755859373,2036.7279624635244,1972.645479234188,1988.2832732287877,2012.6646240434764,2036.7279624635244,2057.9581325824106,2083.4964177158527,2106.8542416648106
2024-02-16,2024-02-09,2011.5,2028.4907891023263,1961.8133535871643,1977.3717266614178,2005.0620875119546,2028.4907891023263,2047.7332317134928,2072.153433061656,2092.5501787029348
2024-02-20,2024-02-12,2027.5,2024.0228991182698,1958.638392370578,1974.7361629900252,2000.9270818012287,2024.0228991182698,2043.6656957128075,2069.203103451667,2088.3834660250577
2024-02-21,2024-02-13,2022.300048828125,2001.3570456339583,1941.071456780326,1953.7889992090434,1979.0353491108042,2001.3570456339583,2019.3042721488516,2042.7414674443303,2063.9091041231427
2024-02-22,2024-02-14,2019.699951171875,1998.3534999117437,1938.6368768604666,1955.1635698177245,1977.0025350397664,1998.3534999117437,2017.0056993335852,2044.5491229262122,2067.4334177567375
2024-02-23,2024-02-15,2038.5999755859373,2009.577965193427,1949.066725624081,1962.9273149765172,1985.5954521099404,2009.577965193427,2028.5637714542347,2059.900816891466,2082.9990419622
2024-02-26,2024-02-16,2028.5,2015.9907121305248,1954.956281848696,1968.983729374238,1990.6538715952242,2015.9907121305248,2038.4437873656298,2067.034111293072,2090.4964691744844
2024-02-27,2024-02-20,2034.0,2028.8663895569327,1960.5286234439402,1977.5978379358219,2003.4077829641901,2028.8663895569327,2051.3174071223034,2078.473042333798,2100.921731181126
2024-02-28,2024-02-21,2033.0,2023.9513686391651,1952.4169342948164,1967.9734870260406,1998.6630424461096,2023.9513686391651,2045.1073456533395,2067.5428139485384,2084.762565782993
2024-02-29,2024-02-22,2045.699951171875,2021.8402632304208,1950.2475477891116,1968.7939015142615,1998.2718179307176,2021.8402632304208,2042.9430670606084,2065.524574207861,2081.6225753749363
2024-03-01,2024-02-23,2086.89990234375,2041.126976500378,1968.6435137534766,1987.0819136210398,2016.3259163132843,2041.126976500378,2061.862641844184,2090.0942296345784,2106.491457968927
2024-03-04,2024-02-26,2117.699951171875,2032.5069426277528,1965.6775746357312,1978.9775920987124,2006.9770086038466,2032.5069426277528,2053.9086448575663,2077.6539996672022,2095.34138609213
2024-03-05,2024-02-27,2133.5,2036.5865043757915,1967.9443232575977,1987.0590454139656,2013.063556824673,2036.5865043757915,2058.4358375570773,2083.5067040357435,2103.8674521105722
2024-03-06,2024-02-28,2150.300048828125,2037.4337517544293,1967.6260306383417,1982.7911751738536,2012.8102025141109,2037.4337517544293,2056.58493099502,2082.3874821570416,2100.3630955156295
2024-03-07,2024-02-29,2158.0,2048.4977380010696,1980.0474093917262,1997.989490449626,2023.6333749632672,2048.4977380010696,2071.2778549949935,2098.555143404329,2116.7774970340856
2024-03-08,2024-03-01,2178.60009765625,2086.661487106306,2012.4051684729595,2031.3796781754518,2059.1543482695915,2086.661487106306,2110.3934774854006,2142.4817429267255,2162.221372415137
2024-03-11,2024-03-04,2182.5,2114.0450368844004,2035.2834621477373,2052.659694010705,2083.8963530623705,2114.0450368844004,2140.768503669038,2168.3908388545256,2184.8753048944686
2024-03-12,2024-03-05,2160.39990234375,2127.611837661525,2043.016655035854,2063.6691156059724,2098.828691653208,2127.611837661525,2154.4069904562166,2176.0512140202136,2190.750800766077
2024-03-13,2024-03-06,2175.39990234375,2145.8112731324245,2054.728935189404,2078.070508598248,2119.332993894324,2145.8112731324245,2169.438209248421,2191.3579198073376,2202.560088005957
2024-03-14,2024-03-07,2163.0,2155.6835893546727,2068.6198115386605,2089.276018494822,2129.4979424409216,2155.6835893546727,2179.6120736438847,2201.8682757090746,2211.9805573936183
2024-03-15,2024-03-08,2157.300048828125,2177.1052343455704,2093.1005854607706,2114.972716392099,2150.637233975045,2177.1052343455704,2201.950124083218,2227.9166995576843,2241.0863332427225
2024-03-18,2024-03-11,2160.699951171875,2183.0282437344968,2102.095326450827,2120.101794526517,2156.1294016543543,2183.0282437344968,2206.460336970725,2231.2635045615375,2247.4393732656235
2024-03-19,2024-03-12,2156.300048828125,2163.289018484128,2087.439454535179,2105.0239748562867,2139.004839468539,2163.289018484128,2185.646133994702,2206.1761290083405,2224.6464778164877
2024-03-20,2024-03-13,2157.89990234375,2179.0833792708563,2101.437409918382,2123.6079706118217,2154.94897109923,2179.0833792708563,2200.2376325568835,2229.0229973102173,2247.929986039174
2024-03-21,2024-03-14,2182.39990234375,2169.603448658618,2099.8730197815535,2112.672589744972,2143.88374800614,2169.603448658618,2190.655448864398,2217.664156642545,2237.979992056433
2024-03-22,2024-03-15,2158.10009765625,2162.9385211340755,2096.070653240045,2114.0106059546947,2138.904621805075,2162.9385211340755,2186.052878570367,2212.5746649043567,2236.435245912475
2024-03-25,2024-03-18,2174.800048828125,2167.398775211731,2096.448434756773,2113.412863076093,2142.4057809946444,2167.398775211731,2186.78484718091,2216.5705313573135,2240.965027093863
2024-03-26,2024-03-19,2175.60009765625,2162.2071592460898,2094.3293212476574,2109.5685723254655,2137.0097851893447,2162.2071592460898,2184.7253155203075,2212.380409852624,2234.1830001481608
2024-03-27,2024-03-20,2190.60009765625,2163.433549702441,2094.23013380106,2111.6102634675062,2138.441338877748,2163.433549702441,2185.169239968771,2213.4756956436627,2237.6987562616605
2024-03-28,2024-03-21,2217.39990234375,2185.8367575823722,2111.4194615632823,2130.5014052841434,2159.198849451492,2185.8367575823722,2208.584796910631,2240.39894849637,2261.808837938971
2024-04-01,2024-03-22,2236.5,2163.0124286838827,2092.9320969889413,2105.606943915911,2137.0723042806085,2163.0124286838827,2185.1604644524455,2208.125131943558,2230.090630436077
2024-04-02,2024-03-25,2261.0,2177.4075510553143,2101.6485088399136,2125.1337084316824,2153.244056802721,2177.4075510553143,2200.396724962704,2228.468761081187,2249.659535322064
2024-04-03,2024-03-26,2294.39990234375,2180.845160985863,2105.760521864482,2120.3893150125027,2154.282009538345,2180.845160985863,2200.91121342057,2229.6020607702185,2249.6126771490335
2024-04-04,2024-03-27,2288.800048828125,2192.662890281503,2119.999448978764,2139.5588713729453,2166.500641590763,2192.662890281503,2218.8345085791584,2247.2512856592984,2266.754033749216
2024-04-05,2024-03-28,2325.699951171875,2218.902186622016,2138.9212646604547,2158.407428456826,2190.723978463892,2218.902186622016,2241.729106577336,2272.9057348071483,2294.456500567532
2024-04-08,2024-04-01,2331.699951171875,2235.2622767696184,2152.8559065919308,2172.1520008576426,2206.5318634106357,2235.2622767696184,2261.705459679492,2289.0449192075666,2305.5987038452404
2024-04-09,2024-04-02,2343.5,2258.280119699243,2170.6026032097434,2193.1171211831856,2229.6486990213484,2258.280119699243,2284.3048280598314,2311.221546266303,2327.870634403056
2024-04-10,2024-04-03,2329.60009765625,2290.324722411965,2197.389378439907,2220.6693082730244,2260.6549314197337,2290.324722411965,2316.826299944883,2344.8851901154408,2358.203257650324
2024-04-11,2024-04-04,2354.800048828125,2286.617814453908,2197.618680084328,2216.710396840764,2258.08810886079,2286.617814453908,2312.6078758808912,2334.0773461301674,2348.1015037823536
2024-04-12,2024-04-05,2356.199951171875,2324.6736660372117,2228.5912346803334,2256.730236150064,2295.087057336706,2324.6736660372117,2349.843015194793,2378.987805280763,2394.888935502486
2024-04-15,2024-04-08,2365.800048828125,2333.8180396755997,2242.1594174350594,2260.5881459310767,2302.5531641907205,2333.8180396755997,2358.8267240165806,2384.295206807159,2402.161869535322
2024-04-16,2024-04-09,2390.800048828125,2343.1638130600986,2255.072128970188,2279.0565803675277,2314.7031257938397,2343.1638130600986,2371.3887037197114,2397.349608655711,2417.321732484559
2024-04-17,2024-04-10,2371.699951171875,2333.6423750574104,2246.592720983408,2266.221490811633,2305.9149074866614,2333.6423750574104,2355.6410272950734,2380.414056387177,2401.2542094634737
2024-04-18,2024-04-11,2382.300048828125,2357.5418925266003,2270.7441540843083,2295.5193372317653,2329.4817681566783,2357.5418925266003,2383.490355290435,2413.6069082401173,2435.0828909694374
2024-04-19,2024-04-12,2398.39990234375,2361.6831427329307,2279.733774931754,2296.265225355927,2331.532247607751,2361.6831427329307,2386.1601458551577,2415.405284227568,2440.2739230484904
2024-04-22,2024-04-15,2332.199951171875,2368.3528949307747,2286.2944359167886,2308.3948070705446,2340.0368532072844,2368.3528949307747,2395.3173604845133,2424.689505121872,2449.6273048318344
2024-04-23,2024-04-16,2327.699951171875,2394.594687558999,2304.8411971786322,2327.0817764665844,2363.3638696017756,2394.594687558999,2417.8037285298496,2450.7491687605775,2473.347346261569
2024-04-24,2024-04-17,2324.5,2375.0691226588533,2292.324704016607,2309.6169034982086,2346.705495916771,2375.0691226588533,2401.9728541631603,2425.7298867928353,2449.2617280161157
2024-04-25,2024-04-18,2329.800048828125,2385.6171580087403,2299.6458704756537,2324.793317346515,2358.518363186323,2385.6171580087403,2409.7580519087633,2439.615562653139,2463.094182791209
2024-04-26,2024-04-19,2334.800048828125,2404.2045830749657,2317.5864273846705,2337.1843071494927,2373.602097138747,2404.2045830749657,2427.812068266343,2459.638183492005,2483.387885338598
2024-04-29,2024-04-22,2345.39990234375,2338.7154564736306,2269.7251676413216,2282.279357015179,2315.354461734786,2338.7154564736306,2365.091290143265,2383.509153158243,2412.5259208323696
2024-04-30,2024-04-23,2291.39990234375,2335.9776150957896,2261.5941261520784,2287.323745533101,2314.5234499450944,2335.9776150957896,2355.416392112317,2386.663920684442,2415.4504688157094
2024-05-01,2024-04-24,2299.89990234375,2337.599275762249,2268.7031726225723,2281.558196713156,2310.574373432079,2337.599275762249,2357.967962586717,2391.381211511679,2422.88567928061
2024-05-02,2024-04-25,2299.199951171875,2337.899684206762,2276.7768868866815,2292.1803698180465,2311.123251529554,2337.899684206762,2366.083422443168,2400.316781388965,2436.4050162007725
2024-05-03,2024-04-26,2299.0,2342.940021291648,2270.641849808896,2287.735610676379,2314.11157224663,2342.940021291648,2363.842031364837,2399.545270653234,2431.7918315448587
2024-05-06,2024-04-29,2321.60009765625,2350.207714117984,2270.4690088311568,2290.330367246623,2321.40267501109,2350.207714117984,2374.815489115023,2406.174081253639,2432.510470934528
2024-05-07,2024-04-30,2315.199951171875,2298.347794799308,2226.4366064469646,2240.4456216006233,2274.535736036618,2298.347794799308,2321.1471200197766,2341.898989982372,2369.2006115793465
2024-05-08,2024-05-01,2313.60009765625,2306.8518639441513,2231.0962710453373,2256.3174553923627,2283.9359874398842,2306.8518639441513,2328.189615681987,2359.500641199558,2386.2798930535737
2024-05-09,2024-05-02,2332.10009765625,2310.373940332206,2240.227588023292,2252.923826925734,2282.36096462931,2310.373940332206,2331.7059089585355,2364.3160245183526,2394.5162110908577
2024-05-10,2024-05-03,2367.300048828125,2305.3618118411455,2240.637620081341,2257.1942599918702,2279.0500745397444,2305.3618118411455,2332.858348238026,2364.2725561202665,2397.2113070639725
2024-05-13,2024-05-06,2336.10009765625,2327.694737546659,2249.6742854766117,2270.06336556075,2297.478600775369,2327.694737546659,2351.7810633902527,2387.3794100009786,2425.399817247472
2024-05-14,2024-05-07,2353.39990234375,2320.443812075241,2241.050046010382,2257.4716599004864,2291.8932478429033,2320.443812075241,2347.3132335741334,2374.0246173021355,2398.948226428116
2024-05-15,2024-05-08,2388.699951171875,2317.79558645406,2237.108805280436,2259.069165608251,2291.2024793930277,2317.79558645406,2342.982560823828,2370.965130659836,2397.7211116744525
2024-05-16,2024-05-09,2380.0,2338.002832219092,2252.6924933033297,2274.005795366593,2308.3856157422883,2338.002832219092,2362.309718540353,2393.541920281707,2419.8586540179226
2024-05-17,2024-05-10,2412.199951171875,2371.9879709824945,2285.153690277819,2305.8884269074933,2338.9134799293297,2371.9879709824945,2401.1179777052826,2433.2202633546503,2454.7110408422413
2024-05-20,2024-05-13,2433.89990234375,2339.509209065018,2259.9334368469326,2275.1256802261705,2312.7531070514606,2339.509209065018,2367.5221516253882,2391.2087961197485,2416.9520290720266
2024-05-21,2024-05-14,2421.699951171875,2356.4931474766054,2266.8980802254064,2295.561947662851,2329.6617571412626,2356.4931474766054,2380.3967195871924,2411.197218943436,2436.353864603666
2024-05-22,2024-05-15,2389.199951171875,2395.4576617105413,2303.286314993974,2322.964756988967,2361.8287794145717,2395.4576617105413,2421.5429018982663,2454.3777754354305,2476.0224037950466
2024-05-23,2024-05-16,2335.0,2383.5974986292345,2303.0010116150797,2319.5589131836064,2353.9411953456456,2383.5974986292345,2414.9348877682037,2439.878703746489,2459.998141555222
2024-05-24,2024-05-17,2332.5,2414.1589910119474,2320.905629145168,2348.8823717661267,2383.596384555387,2414.1589910119474,2440.825228827985,2475.7410957857924,2504.420407266206
2024-05-28,2024-05-20,2355.199951171875,2437.8276246271603,2340.248977229345,2360.4343436614563,2404.6455405474226,2437.8276246271603,2466.4710847562474,2496.690244552934,2514.887328053749
2024-05-29,2024-05-21,2340.300048828125,2423.807170015616,2334.9660693662154,2355.770927755345,2395.4935780940637,2423.807170015616,2454.1016987626513,2478.3175139775403,2495.785441050275
2024-05-30,2024-05-22,2342.89990234375,2393.8424069992125,2308.6108043859485,2330.369505713956,2369.985680437545,2393.8424069992125,2416.7238838187973,2441.6218373433553,2469.5462871828117
2024-05-31,2024-05-23,2322.89990234375,2344.697914872384,2272.2358629932082,2289.559847340769,2324.0447911951755,2344.697914872384,2363.854851764867,2384.776709540081,2413.3077792977156
2024-06-03,2024-05-24,2346.60009765625,2345.3952627564145,2280.837973569338,2300.3876845973123,2320.242301529145,2345.3952627564145,2364.251083926859,2394.9397521489404,2432.1971766022857
2024-06-04,2024-05-28,2325.5,2368.3177098297306,2306.4190422027727,2319.502211117503,2336.202298756394,2368.3177098297306,2392.1435111114424,2428.5495068840264,2471.1175414115432
2024-06-05,2024-05-29,2354.10009765625,2348.277695890726,2287.545511071721,2299.4568585361667,2319.4755116902747,2348.277695890726,2375.953944966213,2406.27501544015,2447.429714193231
2024-06-06,2024-05-30,2370.300048828125,2348.1331711275425,2272.3898985264063,2294.619324398823,2321.066972657686,2348.1331711275425,2371.8708749282478,2404.9041422931627,2444.1494328250865
2024-06-07,2024-05-31,2305.199951171875,2330.520138529366,2252.9783260600716,2269.3332418727346,2304.3001502045563,2330.520138529366,2353.1794036036113,2379.6755125176296,2409.2917084449164
2024-06-10,2024-06-03,2307.699951171875,2353.3972627489106,2274.60156238468,2297.6079291823667,2324.213240668026,2353.3972627489106,2378.590807886859,2410.2967839814037,2437.4126544390756
2024-06-11,2024-06-04,2307.5,2333.4194251319914,2261.1031892560914,2273.5888545536336,2305.540033383596,2333.4194251319914,2358.262441212155,2385.5746060802558,2418.5733186931393
2024-06-12,2024-06-05,2336.0,2359.551965328973,2278.3325160500563,2302.447195226596,2330.6939900733346,2359.551965328973,2385.6082641428084,2421.5913517501526,2445.803922958542
2024-06-13,2024-06-06,2300.199951171875,2376.346961412353,2291.6167140808457,2306.944402413894,2344.0228648478032,2376.346961412353,2402.70092252255,2434.7139786574244,2468.535848851897
2024-06-14,2024-06-07,2331.39990234375,2310.6284451830365,2238.6251492759307,2252.6172569467253,2286.609418866521,2310.6284451830365,2337.322119828815,2357.0395171204227,2375.7204965337805
2024-06-17,2024-06-10,2312.39990234375,2315.3102979315613,2235.7328289457246,2262.40727897122,2293.0299811893588,2315.3102979315613,2333.7979997163147,2366.0316304636085,2397.1843286327594
2024-06-18,2024-06-11,2330.39990234375,2319.558191420497,2248.3527258079566,2261.997554224248,2290.870423293076,2319.558191420497,2341.1753805141198,2365.1156555053994,2400.8184651735783
2024-06-20,2024-06-12,2353.800048828125,2344.0009606750946,2275.7741669364186,2294.26968589307,2313.2111276381916,2344.0009606750946,2372.4612053133774,2408.282810901702,2436.3557282957145
2024-06-21,2024-06-13,2316.39990234375,2306.6901770754102,2237.717485148176,2248.2072555811455,2279.86366849431,2306.6901770754102,2331.898431611118,2362.0675925926753,2403.248492866786
2024-06-24,2024-06-14,2330.0,2336.2841682298244,2250.9066982440354,2277.76828507388,2308.824441828956,2336.2841682298244,2360.375526666544,2395.79470734097,2418.0655236324415
2024-06-25,2024-06-17,2316.60009765625,2320.303456882785,2242.5104835519833,2254.0624957862283,2291.0924889438775,2320.303456882785,2344.6221056313134,2368.333312553148,2401.161235579898
2024-06-26,2024-06-18,2299.199951171875,2335.638751617871,2256.5453224418907,2280.289234566059,2307.565480810754,2335.638751617871,2362.598915402349,2395.174721439168,2412.963170521199
2024-06-27,2024-06-20,2324.5,2359.7984254158982,2274.810024449075,2291.628290119884,2328.147439609883,2359.7984254158982,2384.8352738422304,2419.149567097853,2455.7694856649623
2024-06-28,2024-06-21,2327.699951171875,2321.533306619735,2245.1229363127923,2259.937258355433,2294.4437525223334,2321.533306619735,2349.348477007182,2371.611112006594,2389.5053514932083
2024-07-01,2024-06-24,2327.60009765625,2335.473680033768,2251.54843902444,2276.7917488242956,2309.7475213698553,2335.473680033768,2357.719949101474,2391.7389574620324,2419.4027078823265
2024-07-02,2024-06-25,2323.0,2325.5340200785486,2248.408262464025,2262.422274649932,2297.1546887993527,2325.5340200785486,2348.82042630706,2372.16233397376,2402.8183317242842
2024-07-03,2024-06-26,2359.800048828125,2306.9437200471516,2238.1753914372753,2256.6051569462466,2281.5270042512457,2306.9437200471516,2332.1250418385634,2359.423474856482,2383.294704795398
2024-07-05,2024-06-27,2388.5,2332.4846678107206,2255.3717231142305,2275.445982338247,2304.0541490819296,2332.4846678107206,2354.910684278655,2391.175243503395,2430.1703309912305
2024-07-08,2024-06-28,2355.199951171875,2335.0120608492175,2259.478012989833,2273.6930274264414,2304.2246846496682,2335.0120608492175,2362.1604883705813,2390.6229734651774,2419.03528824954
2024-07-09,2024-07-01,2360.10009765625,2332.3323712390556,2254.4528565969877,2273.4459278302047,2304.191382866424,2332.3323712390556,2359.2495462761917,2391.8693929266374,2418.000046735756
2024-07-10,2024-07-02,2372.199951171875,2328.621521036414,2245.96944804739,2264.60835363828,2301.167852984361,2328.621521036414,2352.417507379072,2381.893591230942,2411.3367101793374
2024-07-11,2024-07-03,2415.0,2365.395330737638,2277.7090246717707,2300.4063321685085,2334.119245191257,2365.395330737638,2391.5906230576716,2424.133416859173,2445.7354261558776
2024-07-12,2024-07-05,2414.0,2392.8336953660073,2305.0961532096608,2321.884324171392,2358.434440378491,2392.8336953660073,2422.514547211411,2455.6823804061332,2481.234343944073
2024-07-15,2024-07-08,2422.89990234375,2358.8809906888637,2274.4614402570774,2290.6272562751024,2330.4212496944283,2358.8809906888637,2386.667801211067,2412.6667324081463,2431.8609379936543
2024-07-16,2024-07-09,2462.39990234375,2364.037881630611,2272.957585036107,2298.872274850375,2338.499983103943,2364.037881630611,2386.9850109337817,2417.249218163149,2439.6595151400843
2024-07-17,2024-07-10,2454.800048828125,2379.9214975224468,2294.1979379933096,2312.6102603412887,2350.448317069252,2379.9214975224468,2404.551429273415,2429.4589720568065,2455.4085256217268
2024-07-18,2024-07-11,2451.800048828125,2420.043898899022,2336.369808942795,2357.1017875902594,2386.678506843794,2420.043898899022,2450.9859547440283,2486.743749515306,2507.850241555838
2024-07-19,2024-07-12,2395.5,2417.3742686039595,2331.574485388164,2346.208047081964,2385.8772609817606,2417.3742686039595,2446.8806093716075,2480.840602369377,2510.575122991014
2024-07-22,2024-07-15,2392.0,2424.5876549067584,2329.7099575888324,2353.7890314845645,2395.1031101130134,2424.5876549067584,2452.8619078966676,2484.660562545616,2501.4327796023586
2024-07-23,2024-07-16,2404.60009765625,2464.6438770448704,2364.2666171236415,2387.600306653322,2432.562658990064,2464.6438770448704,2493.0863666704026,2525.625628598017,2547.8185875144763
2024-07-24,2024-07-17,2413.300048828125,2459.0061844939937,2367.4070935941636,2384.256558940692,2426.4806545784154,2459.0061844939937,2489.5433598872414,2514.079331104204,2529.916226906906
2024-07-25,2024-07-18,2351.89990234375,2455.237642371572,2363.65628520378,2387.1002821301636,2426.676829705218,2455.237642371572,2482.3310228180176,2513.8186351557315,2534.1963512793145
2024-07-26,2024-07-19,2380.0,2404.674921886253,2322.514529942715,2338.693441088571,2380.1305811462225,2404.674921886253,2425.5378894464075,2444.560569694546,2473.3060171695074
2024-07-29,2024-07-22,2377.300048828125,2403.0880180737267,2327.0368677461174,2351.711257114863,2378.2038614055136,2403.0880180737267,2424.054531810979,2451.1043757327693,2476.934310126075
2024-07-30,2024-07-23,2405.0,2417.147154968759,2347.8576769760125,2362.593869904138,2388.153173634205,2417.147154968759,2440.240236198184,2472.8993415432337,2516.367107937219
2024-07-31,2024-07-24,2426.5,2422.533346467588,2353.5261477197755,2368.942412924119,2391.436363861778,2422.533346467588,2451.0546361446345,2487.0896792367394,2519.6150733787017
2024-08-01,2024-07-25,2435.0,2361.159434349061,2292.4634468242475,2304.6341261539446,2336.818966110952,2361.159434349061,2383.289737500481,2411.728993131727,2450.4225926433323
2024-08-02,2024-07-26,2425.699951171875,2387.652682544704,2305.6366317390543,2333.5332538771595,2362.2528343294452,2387.652682544704,2409.2120779139955,2444.747180917181,2474.3397983917384
2024-08-05,2024-07-29,2401.699951171875,2388.5502558049748,2315.242586357624,2326.1600845190524,2358.347422116408,2388.5502558049748,2413.101801592686,2439.271354965099,2477.201528019621
2024-08-06,2024-07-30,2389.10009765625,2411.001208503431,2335.092723700587,2356.3435694099244,2379.615575997405,2411.001208503431,2441.1568734632565,2479.7885490900285,2502.8696498282543
2024-08-07,2024-07-31,2390.5,2430.011060598802,2342.649880519203,2359.2441027167515,2398.921625329133,2430.011060598802,2457.751439737372,2496.9496339457323,2535.0400189948514
2024-08-08,2024-08-01,2422.199951171875,2437.5509368633734,2344.415997709469,2365.1630064481196,2405.7457978105035,2437.5509368633734,2467.966029538855,2497.2315345894776,2512.1167519579294
2024-08-09,2024-08-02,2432.10009765625,2429.3103548917043,2337.0557185335074,2357.4112440437357,2400.616428664294,2429.3103548917043,2455.7751984647243,2484.256855245497,2506.8996306337685
2024-08-12,2024-08-05,2462.39990234375,2408.6185783982073,2321.991711806085,2342.4395735427197,2381.931546285758,2408.6185783982073,2432.3889050595926,2455.3311805510784,2476.725682276259
2024-08-13,2024-08-06,2466.699951171875,2399.125543176943,2319.0958639389323,2340.2403253430266,2372.4013439215405,2399.125543176943,2421.9212827436572,2447.1664511724966,2476.963380750467
2024-08-14,2024-08-07,2439.39990234375,2401.6503358992936,2327.3833001031508,2345.999125663938,2373.6244450222566,2401.6503358992936,2425.605321600854,2454.5777743782073,2489.245113097076
2024-08-15,2024-08-08,2453.10009765625,2431.2671566055915,2353.7522317465646,2373.1346039626046,2399.5985586686884,2431.2671566055915,2458.8986686648655,2495.67795315716,2528.449214087933
2024-08-16,2024-08-09,2498.60009765625,2438.7227633269868,2356.480764602192,2372.456248131501,2406.4147303330083,2438.7227633269868,2467.1106601210936,2505.1238180030696,2532.4792186039085
2024-08-19,2024-08-12,2501.800048828125,2465.7554991571806,2370.9025644970616,2394.4137648182796,2432.2541350217034,2465.7554991571806,2495.5607035456587,2534.602518504319,2553.8646749225254
2024-08-20,2024-08-13,2511.300048828125,2470.1304838641395,2372.9813902512606,2391.880273857517,2438.0638641015407,2470.1304838641395,2497.8537309649946,2530.9335875485517,2549.494964494074
2024-08-21,2024-08-14,2508.39990234375,2445.017449280368,2352.988392853427,2374.010131876051,2415.22202444224,2445.017449280368,2470.8647850966654,2497.4545337998825,2512.260970700034
2024-08-22,2024-08-15,2478.89990234375,2459.930057315499,2367.7678180668195,2393.3962613125163,2431.2405281453066,2459.930057315499,2484.7099807969325,2514.2833906789456,2541.162547103241
2024-08-23,2024-08-16,2508.39990234375,2505.7728555049252,2416.3500347452,2436.067353921592,2471.730126834305,2505.7728555049252,2534.5808835132757,2567.9393547161008,2594.077532611466
2024-08-26,2024-08-19,2517.699951171875,2507.6632660359232,2421.214032114939,2436.6161029683526,2472.633711571527,2507.6632660359232,2538.329964392587,2575.533262523331,2594.7948281814843
2024-08-27,2024-08-20,2516.0,2514.4271263728583,2416.1911020496364,2441.037518300849,2482.284381186781,2514.4271263728583,2543.3316398699917,2582.048409746722,2602.038872440263
2024-08-28,2024-08-21,2501.0,2513.2087390540223,2414.4228213986944,2435.710740500136,2482.7750031195633,2513.2087390540223,2539.207938643813,2568.451097357066,2589.6745679275205
2024-08-29,2024-08-22,2525.699951171875,2487.2510523909323,2399.685359386709,2419.8000889482673,2457.853461602021,2487.2510523909323,2512.31948150697,2536.5946051517435,2556.5051119182617
2024-08-30,2024-08-23,2493.800048828125,2516.708151758584,2427.959012629666,2453.8340469883588,2486.3784765906585,2516.708151758584,2543.0505456663186,2576.3900063857727,2607.983923910454
2024-09-03,2024-08-26,2489.89990234375,2526.584830196496,2443.391953076586,2458.338806387672,2493.9822403347744,2526.584830196496,2554.276710053151,2587.392932480155,2617.6631396202242
2024-09-04,2024-08-27,2493.39990234375,2523.076142066926,2437.2584077764104,2457.9445321216845,2490.2114952006787,2523.076142066926,2552.2882737121945,2588.7896080823034,2611.321976768315
2024-09-05,2024-08-28,2511.39990234375,2507.882351761507,2417.68958418822,2438.7881294756485,2479.417528604935,2507.882351761507,2532.8815495338768,2566.03762465499,2596.421160390459
2024-09-06,2024-08-29,2493.5,2533.0919330976135,2440.7934971787126,2465.237774802777,2501.279666045954,2533.0919330976135,2560.3825050249798,2591.3521886042445,2616.303355976697
2024-09-09,2024-08-30,2501.800048828125,2503.5035054826108,2422.8690093433165,2436.950679352138,2473.737511676305,2503.5035054826108,2528.882188051501,2557.63468011406,2586.4157443500917
2024-09-10,2024-09-03,2512.300048828125,2498.94954392885,2415.1046303656285,2440.334563549071,2469.774880144181,2498.94954392885,2524.862868427116,2557.3364785762888,2586.002375503596
2024-09-11,2024-09-04,2512.10009765625,2503.240685478593,2420.1999242298293,2439.0599809234836,2474.7787770716113,2503.240685478593,2527.4926532390214,2558.9998667407312,2597.1572440078958
2024-09-12,2024-09-05,2551.199951171875,2520.9086467105926,2438.7257738817143,2458.8360950811043,2487.644974186585,2520.9086467105926,2549.3127098320024,2583.9809771514274,2608.1311344893634
2024-09-13,2024-09-06,2581.300048828125,2501.68678985121,2419.9481222737645,2436.2586964173934,2471.1640985109207,2501.68678985121,2528.248382041751,2563.7002298577,2596.025263304576
2024-09-16,2024-09-09,2580.39990234375,2509.2362475356895,2419.5122411087586,2444.183795480685,2478.841120359473,2509.2362475356895,2536.0403539010817,2569.3629433748965,2596.1018947076204
2024-09-17,2024-09-10,2564.300048828125,2520.33830847087,2431.709769831797,2450.797863576902,2488.825780041314,2520.33830847087,2546.8456989235865,2579.9442624765416,2608.802384629337
2024-09-18,2024-09-11,2570.699951171875,2520.3742961740554,2434.2217076892966,2453.840997903091,2487.756825149482,2520.3742961740554,2549.0242726819224,2581.7939890098755,2603.3079449321654
2024-09-19,2024-09-12,2588.0,2556.6557266017894,2461.9109492773396,2486.542236926182,2522.858294689477,2556.6557266017894,2585.2614055338936,2625.109626314502,2653.1839531303544
2024-09-20,2024-09-13,2619.89990234375,2585.908349818178,2487.2872823752878,2506.6232798082146,2549.158584961171,2585.908349818178,2617.0712737542717,2655.0712628028614,2674.196164126179
2024-09-23,2024-09-16,2626.5,2584.418319355615,2483.73255753797,2505.443099116559,2549.0395234396674,2584.418319355615,2616.518554235403,2650.977352723196,2663.3498725773093
2024-09-24,2024-09-17,2651.199951171875,2569.3264362481514,2467.2268648554577,2491.3867599610403,2538.641680049967,2569.3264362481514,2597.4780483581744,2626.9300195409146,2646.887221541121
2024-09-25,2024-09-18,2659.199951171875,2578.5410573332383,2480.355185851262,2505.2566067500493,2547.4823084032105,2578.5410573332383,2605.854840073055,2633.2421252283793,2653.7641201625393
2024-09-26,2024-09-19,2669.89990234375,2596.988798047818,2506.795947540569,2527.22741007285,2563.3817299935386,2596.988798047818,2625.4398898988084,2658.475690201573,2682.9026444329043
2024-09-27,2024-09-20,2644.300048828125,2626.6460837440713,2534.2150712219795,2555.866743912871,2590.5070005835937,2626.6460837440713,2657.3387857597118,2697.77445610408,2722.7672970555095
2024-09-30,2024-09-23,2636.10009765625,2631.5647006393083,2534.132505586499,2554.001252829455,2596.237854978126,2631.5647006393083,2662.3942905420413,2700.9494763369385,2724.2374520563862
2024-10-01,2024-09-24,2667.300048828125,2655.1467526171905,2548.7310471047076,2575.398636709365,2619.616792617867,2655.1467526171905,2686.6296021837506,2723.1422788108666,2740.5387989943865
2024-10-02,2024-09-25,2647.10009765625,2664.265737030526,2559.218362323052,2580.8745404625065,2629.1272516036515,2664.265737030526,2694.997977065491,2728.1906066017027,2746.339540709312
2024-10-03,2024-09-26,2657.10009765625,2675.732640787861,2572.107550014729,2597.0681918629134,2640.3275311085295,2675.732640787861,2707.393780310993,2740.283071321108,2754.847690487697
2024-10-04,2024-09-27,2645.800048828125,2651.968717912934,2555.1338960504045,2575.2773359356243,2620.2941540642246,2651.968717912934,2680.3951109301725,2710.4258409782115,2734.5011209313793
2024-10-07,2024-09-30,2644.800048828125,2645.5941525678327,2551.781377890851,2577.1226884335665,2614.9485497393266,2645.5941525678327,2673.071369763404,2702.274461096926,2727.4096580238065
2024-10-08,2024-10-01,2615.0,2676.7877848939993,2584.872737935285,2607.644837708785,2643.294122124138,2676.7877848939993,2704.338736664756,2741.033892021956,2774.641804416345
2024-10-09,2024-10-02,2606.0,2657.353890157663,2573.4382101500432,2588.1956442554097,2623.2799542169005,2657.353890157663,2686.9606368488116,2721.4170301642052,2748.1338553381584
2024-10-10,2024-10-03,2620.60009765625,2664.6326826833465,2571.4291125045584,2598.1807879037024,2632.2027937538046,2664.6326826833465,2693.3612176580536,2732.0815266800128,2763.218686554108
2024-10-11,2024-10-04,2657.60009765625,2654.595275051355,2562.3460623216406,2580.530823636579,2623.8508757358113,2654.595275051355,2682.163689495147,2714.910022022909,2750.099162868144
2024-10-14,2024-10-07,2647.800048828125,2655.490118427061,2564.9062540800905,2588.2585855973716,2621.8512028089185,2655.490118427061,2683.986056319709,2716.954734887194,2739.60245727444
2024-10-15,2024-10-08,2661.39990234375,2625.6617463690886,2541.606381253375,2559.0115665532267,2596.534808348144,2625.6617463690886,2651.7974687255714,2684.158154397276,2722.155972722126
2024-10-16,2024-10-09,2674.0,2618.08040761114,2533.7731398869855,2556.8474948695234,2587.581972403692,2618.08040761114,2643.7678977230444,2676.3539895196554,2708.835082470779
2024-10-17,2024-10-10,2691.0,2632.071611728479,2548.8824749136948,2568.625339353529,2600.177062675831,2632.071611728479,2658.9107983555486,2695.0718746029697,2735.6888633813987
2024-10-18,2024-10-11,2713.699951171875,2667.3050336258602,2579.0766614791464,2599.491328797936,2630.2343676931455,2667.3050336258602,2698.4832743120683,2738.651438550045,2769.1350668043005
2024-10-21,2024-10-14,2723.10009765625,2654.8957552117886,2563.456630292696,2580.150029410147,2620.6217931225815,2654.8957552117886,2686.250815648314,2723.9601774977523,2753.293380599878
2024-10-22,2024-10-15,2744.199951171875,2667.173030807179,2563.51064599979,2591.0371347750797,2633.3037390943728,2667.173030807179,2697.2260871819435,2734.886670757506,2760.0994644163657
2024-10-23,2024-10-16,2714.39990234375,2680.6624374840103,2578.1769628898496,2599.985374061419,2647.045559394752,2680.6624374840103,2710.4065627795994,2744.117638554276,2770.549993385448
2024-10-24,2024-10-17,2734.89990234375,2698.893964132341,2598.67829248253,2622.18413126902,2662.114004414023,2698.893964132341,2730.545962353498,2765.4619874080295,2782.14929452832
2024-10-25,2024-10-18,2740.89990234375,2719.638810940168,2616.7635189058997,2639.9745029715305,2683.689767586525,2719.638810940168,2751.5252984873114,2790.605809076889,2818.084861173502
2024-10-28,2024-10-21,2742.89990234375,2729.0839427839533,2624.088376028052,2646.765625252422,2692.996666969883,2729.0839427839533,2761.2889730276693,2797.2245678717672,2817.5067454386
2024-10-29,2024-10-22,2768.39990234375,2749.8392438617097,2641.4571197905966,2667.4084339689734,2713.3787663053104,2749.8392438617097,2782.0185916576665,2819.3818686510954,2840.434307530102
2024-10-30,2024-10-23,2788.5,2721.959971703651,2621.5213668115557,2640.963104189433,2689.3808042657806,2721.959971703651,2751.8436070884277,2782.628632909652,2804.747343982476
2024-10-31,2024-10-24,2738.300048828125,2743.416673164769,2639.9295052683683,2669.7974787138046,2708.909910831934,2743.416673164769,2772.6587943321624,2808.7340320883495,2833.5527373596983
2024-11-01,2024-10-25,2738.60009765625,2750.1535010812586,2654.500752383856,2672.74102143701,2716.008336010236,2750.1535010812586,2780.037015043455,2814.5671124971705,2847.0693621869395
2024-11-04,2024-10-28,2736.10009765625,2752.6461788683646,2657.645090694374,2680.550544002496,2716.183129384481,2752.6461788683646,2784.0715153865663,2820.4125025408075,2841.7835072391144
2024-11-05,2024-10-29,2740.300048828125,2775.2839995429085,2673.2381962003337,2697.803098700352,2740.144722974492,2775.2839995429085,2806.2750993761456,2847.4889074862513,2884.0410449604988
2024-11-06,2024-10-30,2667.60009765625,2795.693451756755,2691.2468637731104,2713.361835883718,2757.9642969183924,2795.693451756755,2828.707502587567,2865.9040933877745,2888.153270268862
2024-11-07,2024-10-31,2698.39990234375,2746.8915497295666,2650.4024008167717,2669.043681720338,2714.618428104287,2746.8915497295666,2776.884067279148,2808.0762020310963,2830.5303975750103
2024-11-08,2024-11-01,2687.5,2748.0886308850777,2647.224627857137,2677.6318680583217,2717.0858882767016,2748.0886308850777,2774.713421417259,2809.6213925937845,2842.8630921733466
2024-11-11,2024-11-04,2611.199951171875,2749.033116220525,2661.211750687956,2677.1432843668636,2716.2017615224995,2749.033116220525,2777.099219942077,2806.841268378623,2843.330180567451
2024-11-12,2024-11-05,2600.0,2752.9250354753713,2666.6530777469466,2689.1738958895876,2717.411248208633,2752.9250354753713,2784.3557647010266,2820.322356517081,2847.8676879680665
2024-11-13,2024-11-06,2580.800048828125,2679.205862289109,2598.047283834674,2615.2518010000827,2652.4726117284445,2679.205862289109,2705.275005055638,2737.3183038505094,2780.8675256570423
2024-11-14,2024-11-07,2568.199951171875,2710.5851963730474,2621.6864332852174,2651.6938749202495,2678.712209993168,2710.5851963730474,2735.575548077977,2774.11842200697,2814.1559879663546
2024-11-15,2024-11-08,2565.699951171875,2701.768034095524,2622.8302744484886,2633.160601421284,2668.561187974188,2701.768034095524,2730.0886025813534,2760.3901492235836,2804.5812753875534
2024-11-18,2024-11-11,2610.60009765625,2623.9163957778815,2550.2736462139546,2572.0443219216677,2596.875836924213,2623.9163957778815,2652.7262408110846,2682.744223358519,2708.554961174321
2024-11-19,2024-11-12,2627.10009765625,2612.5174636386437,2533.0344720160256,2559.0226363911947,2587.1479628111733,2612.5174636386437,2631.9814683279546,2669.8419638815567,2730.199795935935
2024-11-20,2024-11-13,2648.199951171875,2597.0438780037534,2529.359819585767,2542.0856661847647,2568.186859174428,2597.0438780037534,2622.3066748269275,2647.6965130141134,2689.9618807820684
2024-11-21,2024-11-14,2672.10009765625,2583.187416260176,2515.755308865978,2536.984251180262,2552.298362659952,2583.187416260176,2610.574962126714,2645.746116718988,2684.872420263662
2024-11-22,2024-11-15,2709.89990234375,2578.1842382521127,2501.755120407743,2521.699154351867,2547.7711527961646,2578.1842382521127,2602.4864288055005,2642.1531618171493,2696.5472966308366
2024-11-25,2024-11-18,2616.800048828125,2621.682302670659,2533.8128298230417,2555.8229236533266,2585.109092216604,2621.682302670659,2650.4762531962724,2690.1596012988857,2725.7589470418034
2024-11-26,2024-11-19,2620.300048828125,2635.9611214670963,2542.093382450426,2559.3774179314723,2598.6638541439106,2635.9611214670963,2667.631627813247,2705.7356215896843,2734.2072623258773
2024-11-27,2024-11-20,2639.89990234375,2654.1148426592063,2548.7736507844375,2573.8781054348947,2617.344623223148,2654.1148426592063,2685.6864198673356,2726.0483584724475,2745.4412885325023
2024-11-29,2024-11-21,2657.0,2677.6319082467353,2567.365824184158,2588.76936195503,2641.4126490310564,2677.6319082467353,2707.886372926615,2744.6642536443396,2767.054346152862
2024-12-02,2024-11-22,2634.89990234375,2716.0038783985283,2604.4171130683008,2627.0297274167456,2676.89826707558,2716.0038783985283,2749.5437281789264,2784.7381425565695,2794.111567931988
2024-12-03,2024-11-25,2644.699951171875,2624.185651869056,2529.872241368781,2544.677246021017,2597.3143864376952,2624.185651869056,2653.8148133046943,2677.6421243769832,2693.363366149667
2024-12-04,2024-11-26,2653.800048828125,2629.689423676162,2535.1998977425783,2567.884125342358,2602.331714792492,2629.689423676162,2652.956678395407,2686.5191045111947,2715.410678117118
2024-12-05,2024-11-27,2626.60009765625,2654.234051404659,2573.4222986796535,2584.8198403981783,2621.4792013922006,2654.234051404659,2680.0057466913113,2708.0926398722017,2752.98965325415
2024-12-06,2024-11-29,2638.60009765625,2669.9658645337777,2589.1773237148163,2610.3171516460193,2631.8643127236755,2669.9658645337777,2704.0874703094814,2740.258795684224,2759.0657115428457
2024-12-09,2024-12-02,2664.89990234375,2643.503755583998,2552.6239902256925,2573.29477782281,2611.8052887198246,2643.503755583998,2670.643884229687,2712.490085842346,2758.312779924837
2024-12-10,2024-12-03,2697.60009765625,2653.1882567464145,2555.290024297405,2580.132501156678,2620.8221017485994,2653.1882567464145,2680.651696570439,2715.9699880281432,2743.778944639676
2024-12-11,2024-12-04,2733.800048828125,2663.1872322529134,2566.9900276877092,2588.1684954166617,2628.7131685880977,2663.1872322529134,2692.6746076473164,2724.679798589137,2753.117957276524
2024-12-12,2024-12-05,2687.5,2636.327067259413,2548.1770752135544,2568.1836757691517,2604.6533017534884,2636.327067259413,2666.435269107256,2700.4940615129467,2719.5746460726705
2024-12-13,2024-12-06,2656.0,2647.687791303494,2550.4832016690084,2580.372548526622,2616.0358083745878,2647.687791303494,2674.6456941046417,2714.03719082666,2749.880975653031
2024-12-16,2024-12-09,2651.39990234375,2674.3718687932674,2578.9785888769484,2600.313414746759,2638.3877422915675,2674.3718687932674,2704.955988773079,2739.565641901814,2772.5389066908438
2024-12-17,2024-12-10,2644.39990234375,2704.6482045543094,2607.7296749122843,2628.5247872904656,2665.980933913859,2704.6482045543094,2739.995897927435,2779.861223898052,2801.1912275060004
2024-12-18,2024-12-11,2636.5,2737.7746703456146,2627.390214560345,2652.0963951225517,2698.6518090014824,2737.7746703456146,2772.706389464526,2814.4062845348617,2843.3032878088848
2024-12-19,2024-12-12,2592.199951171875,2692.9238951751267,2587.299826468936,2607.2888767845834,2660.2467700837587,2692.9238951751267,2724.09084737686,2754.6552290211102,2767.5164977791414
2024-12-20,2024-12-13,2628.699951171875,2664.489098666966,2560.6230191366694,2592.3127734069612,2636.2820174333083,2664.489098666966,2688.7508617318363,2720.6827217367577,2736.643734597052
2024-12-23,2024-12-16,2612.300048828125,2664.382856639413,2571.7944242179096,2597.02568767875,2634.0806254810354,2664.382856639413,2688.213422219473,2716.7889140700363,2751.381686170246
2024-12-24,2024-12-17,2620.0,2658.308305121045,2581.1889671013705,2599.506708960769,2625.7729398827014,2658.308305121045,2688.025980849379,2722.142409109403,2748.244935980282
2024-12-26,2024-12-18,2638.800048828125,2648.0437815150963,2564.8687856558313,2589.1717740198574,2617.110407014349,2648.0437815150963,2676.7404220728886,2718.9805411463904,2761.9954478427235
2024-12-27,2024-12-19,2617.199951171875,2603.925030614422,2519.9483581727427,2542.9808991865893,2576.4932242427553,2603.925030614422,2629.5326432482098,2665.1232819747356,2703.4372383014916
2024-12-30,2024-12-20,2606.10009765625,2639.7615858826616,2548.047057497496,2578.7264072074395,2607.1756481382417,2639.7615858826616,2666.451226982751,2706.675743569201,2743.8379281258112
2024-12-31,2024-12-23,2629.199951171875,2623.8757707234563,2541.288847405041,2555.667245097469,2590.902611658228,2623.8757707234563,2654.036418763875,2686.4863538065974,2724.3813820237347
2025-01-02,2024-12-24,2658.89990234375,2628.6870020407587,2539.217834472866,2565.9912426685996,2595.9317745749763,2628.6870020407587,2659.4712853968476,2702.1031381916778,2724.366838988577
2025-01-03,2024-12-26,2645.0,2646.7814545395777,2546.0108240660156,2571.666092920188,2613.1081986398603,2646.7814545395777,2674.9298611265995,2712.635358742866,2759.104966959476
2025-01-06,2024-12-27,2638.39990234375,2626.0930777294398,2535.7469910349528,2553.8444366050308,2593.0866842876912,2626.0930777294398,2657.175165185413,2688.6813370314567,2701.8218634394793
2025-01-07,2024-12-30,2656.699951171875,2614.9107789645877,2519.5150916611287,2547.6581528660736,2584.93241698284,2614.9107789645877,2641.4898890741106,2678.7462757290627,2708.812506172537
2025-01-08,2024-12-31,2664.5,2639.0027901803733,2543.124432466154,2568.2545805009167,2605.3408725412783,2639.0027901803733,2666.7585417422233,2701.1384456102196,2735.1147697978804
2025-01-09,2025-01-02,2683.800048828125,2667.6589367640304,2575.523325507688,2594.6061156378373,2630.1207197147733,2667.6589367640304,2701.233248616206,2737.909153160473,2762.4590793132857
2025-01-10,2025-01-03,2708.5,2651.854645828894,2556.3069044271665,2577.069447839999,2618.055849515272,2651.854645828894,2684.143274093116,2722.3811961190095,2747.961505627244
2025-01-13,2025-01-06,2673.5,2645.332850477369,2540.5563783143093,2570.40309308552,2612.94158665085,2645.332850477369,2673.4626891121106,2708.4702524177737,2735.1835200834375
2025-01-14,2025-01-07,2677.5,2664.662581995654,2560.1522659628727,2588.699896024881,2629.6347321756753,2664.662581995654,2694.467850101284,2726.8749899302516,2753.2484133599655
2025-01-15,2025-01-08,2712.5,2672.560781330967,2578.911178532713,2599.65269522628,2636.4372110083887,2672.560781330967,2705.952849476604,2740.697641260761,2759.932938285793
2025-01-16,2025-01-09,2746.39990234375,2690.5819256737495,2590.733513035837,2615.9517637001595,2654.1511717057065,2690.5819256737495,2723.199098050919,2762.7287699367002,2791.374981339452
2025-01-17,2025-01-10,2744.300048828125,2714.0073269138143,2606.811091842854,2631.6921014381455,2676.07154915833,2714.0073269138143,2747.141719863514,2784.9527174738705,2812.8925204215243
2025-01-21,2025-01-13,2755.0,2680.363764009104,2581.5062813038735,2601.3796866977727,2647.119557673533,2680.363764009104,2711.288751283061,2744.0291305806954,2758.8894993007234
2025-01-22,2025-01-14,2767.60009765625,2685.5686927425472,2579.63010332098,2613.9921756709855,2652.959550107049,2685.5686927425472,2714.042133146777,2747.9852490257445,2773.4094008524244
2025-01-23,2025-01-15,2763.10009765625,2721.262137217463,2617.7539964098787,2644.3267312173734,2683.806228000833,2721.262137217463,2752.5644283022702,2787.412076685523,2819.719806619384
2025-01-24,2025-01-16,2777.300048828125,2752.567723589451,2656.4968766751717,2675.624453065293,2711.8235765777436,2752.567723589451,2791.429580857023,2830.812712499641,2848.413680083933
2025-01-27,2025-01-17,2737.5,2749.2351318465026,2644.292407590805,2665.425139705816,2712.165419556952,2749.2351318465026,2782.549994149297,2823.901648873376,2851.9491354396664
2025-01-28,2025-01-21,2766.800048828125,2759.53392736734,2643.0529899923026,2674.22398223483,2723.005790238578,2759.53392736734,2791.8645602975703,2827.0235948503714,2848.34158067704
2025-01-29,2025-01-22,2769.10009765625,2773.6746001077454,2661.4512859996817,2688.5754341683905,2736.1273608071224,2773.6746001077454,2806.873948397564,2839.2212247555353,2857.9265166547034
2025-01-30,2025-01-23,2823.0,2770.387718078019,2668.2635177914585,2692.0781938201135,2734.066850858191,2770.387718078019,2804.3058623630554,2838.4807629501847,2853.797285570692
2025-01-31,2025-01-24,2812.5,2784.894608751869,2678.2788846281333,2707.289161246238,2748.4705056114462,2784.894608751869,2816.814185506463,2854.713718084184,2883.541704603486
2025-02-03,2025-01-27,2833.89990234375,2747.401909057786,2650.527257609504,2671.45191200998,2715.0591126216186,2747.401909057786,2775.8639795598338,2809.5446834494533,2834.1911762355003
2025-02-04,2025-01-28,2853.300048828125,2776.0802086477343,2672.034959550161,2707.6257469645066,2740.586185016764,2776.0802086477343,2807.5294487404713,2844.890827334677,2873.5552613311934
2025-02-05,2025-01-29,2871.60009765625,2779.3780382894834,2682.3780258194265,2701.3930377677234,2742.8611466395223,2779.3780382894834,2809.7210679775735,2847.4701933798483,2884.712879617243
2025-02-06,2025-01-30,2856.0,2828.851892711252,2725.570312350734,2753.9452045510507,2787.2868010639713,2828.851892711252,2868.559417452932,2910.8739201141548,2931.2144068110747
2025-02-07,2025-01-31,2867.300048828125,2818.5577259094416,2710.825959371948,2728.166591717739,2780.7073485652772,2818.5577259094416,2850.5321316320737,2891.47100244134,2926.8849773716133
2025-02-10,2025-02-03,2914.300048828125,2837.9116442150275,2721.652996093645,2754.9110835042366,2799.2034294001223,2837.9116442150275,2874.9357541691775,2911.0940633852815,2921.8511407208907
2025-02-11,2025-02-04,2912.5,2859.2041727668447,2740.3221636739113,2767.339656131533,2819.9469412755866,2859.2041727668447,2891.8397052423243,2927.9625262752297,2958.713942082843
2025-02-12,2025-02-05,2909.0,2879.7212286393415,2770.47516324388,2792.29396791653,2836.114215318177,2879.7212286393415,2916.9243333058566,2952.1982668128194,2958.7393799348556
2025-02-13,2025-02-06,2925.89990234375,2863.8794819591853,2753.586263861672,2777.474036059668,2826.7971175386137,2863.8794819591853,2895.3113525593362,2933.4163781137822,2960.103049214332
2025-02-14,2025-02-07,2883.60009765625,2876.3225770339636,2764.4175553489413,2793.7443504728362,2837.61504444466,2876.3225770339636,2908.253582568999,2945.9197520357866,2965.9555645757537
2025-02-18,2025-02-10,2931.60009765625,2922.9050140689924,2811.5637507555784,2835.6163083672154,2879.3235367357456,2922.9050140689924,2958.3545521833466,2994.890097559889,3025.7927134297342
2025-02-19,2025-02-11,2919.39990234375,2920.6658079004064,2815.0902936014763,2832.276567816938,2878.4849137199612,2920.6658079004064,2957.582010429181,2995.229259793778,3013.948762331178
2025-02-20,2025-02-12,2940.0,2916.0687292737657,2800.75902907995,2830.178464020978,2878.109743589116,2916.0687292737657,2948.807871510985,2992.120946353838,3014.503801715378
2025-02-21,2025-02-13,2937.60009765625,2934.536820386287,2817.0199471371598,2845.084026436751,2894.5379169179146,2934.536820386287,2966.300326358995,3001.6910672673393,3031.404735050888
2025-02-24,2025-02-14,2947.89990234375,2895.648991802688,2795.4114626627947,2815.37001089861,2859.004363243286,2895.648991802688,2926.974512420582,2959.49021400028,2973.526902606197
2025-02-25,2025-02-18,2904.5,2941.3771962249084,2831.71011816589,2866.7534668975777,2901.767824215124,2941.3771962249084,2974.5914811789917,3020.723829784886,3051.6673702453145
2025-02-26,2025-02-19,2916.800048828125,2930.1700434217373,2829.2340276388704,2844.6546978416945,2891.3991681983243,2930.1700434217373,2962.461849066115,2996.4753409379973,3037.5739351519173
2025-02-27,2025-02-20,2883.199951171875,2948.8668224902667,2842.3727172921554,2871.5998376398393,2907.8315059428246,2948.8668224902667,2985.6900935129443,3032.532688418476,3045.0964280279422
2025-02-28,2025-02-21,2836.800048828125,2945.9488109424847,2832.4383602838448,2856.926723948818,2908.762090977994,2945.9488109424847,2976.161719215225,3015.1004822280966,3062.6471433484244
2025-03-03,2025-02-24,2890.199951171875,2957.8040125223424,2848.6697500725504,2874.703375047642,2916.023334745071,2957.8040125223424,2993.4849607898236,3031.690597871324,3042.129458223013
2025-03-04,2025-02-25,2909.60009765625,2915.5626234778156,2811.5243895540902,2835.20402527439,2881.897279716967,2915.5626234778156,2944.0998628201573,2981.6860558572585,3014.6591606895463
2025-03-05,2025-02-26,2915.300048828125,2928.659596730868,2823.4337704717436,2856.61658958822,2891.8441188925667,2928.659596730868,2959.5218965731383,3001.3969074120805,3025.606389049543
2025-03-06,2025-02-27,2916.60009765625,2896.8124675282234,2802.9437987792735,2823.2570354924037,2863.2985483472753,2896.8124675282234,2924.848684644499,2960.298033774138,3001.516051025723
2025-03-07,2025-02-28,2904.699951171875,2851.390753151106,2763.94927065019,2792.150338703268,2821.1654768044164,2851.390753151106,2879.162292590244,2922.5562784885506,2944.652033822621
2025-03-10,2025-03-03,2891.0,2902.1860033107578,2801.6750785671084,2835.889377634233,2866.438589496537,2902.1860033107578,2931.116632979183,2977.6709413605504,3036.1626376040617
2025-03-11,2025-03-04,2912.89990234375,2920.965408171818,2829.650206807414,2842.105294945669,2878.6634399889294,2920.965408171818,2957.7354731680753,2995.212619328321,3032.611828338411
2025-03-12,2025-03-05,2939.10009765625,2922.332189140889,2818.160315248542,2842.9851244271767,2882.920121623529,2922.332189140889,2959.0353308672466,3009.5577277304033,3033.5342761454194
2025-03-13,2025-03-06,2984.300048828125,2923.138782609589,2803.092171019738,2832.2135111514967,2886.136207223257,2923.138782609589,2953.3012522131826,2994.407317617447,3035.2501443014694
2025-03-14,2025-03-07,2994.5,2915.23605800683,2806.0990928152023,2829.9231528742553,2876.900509411713,2915.23605800683,2947.733915364851,2979.453974267849,2991.8469702124194
2025-03-17,2025-03-10,3000.0,2902.5597614606468,2800.193490972407,2826.0522487165995,2867.0751499492603,2902.5597614606468,2933.258517403257,2970.526222497102,2994.8697619515797
2025-03-18,2025-03-11,3035.10009765625,2924.0260438423866,2821.7311820094355,2848.6526219149455,2886.944020195936,2924.0260438423866,2955.142598104742,2997.004827147776,3030.7312196904622
2025-03-19,2025-03-12,3035.89990234375,2948.78697168473,2846.9308097826406,2868.2407819805626,2908.7881626356307,2948.78697168473,2983.8476361821877,3025.829823277012,3059.297538089185
2025-03-20,2025-03-13,3040.0,2990.6393056212864,2879.220066678449,2902.575782085136,2946.9976598185795,2990.6393056212864,3029.049123621322,3075.2617735685467,3103.9823666927678
2025-03-21,2025-03-14,3018.199951171875,2999.946373273394,2879.642817009818,2901.8375866028146,2957.050344084286,2999.946373273394,3037.796517129733,3077.2144076117183,3103.607335834369
2025-03-24,2025-03-17,3013.10009765625,3006.492977728077,2883.1440327253426,2910.091523024226,2964.1138288286475,3006.492977728077,3042.7070452285834,3080.082897827099,3092.5572024056005
2025-03-25,2025-03-18,3023.699951171875,3042.533156547959,2916.874812195531,2945.0707357588235,2999.3209907113655,3042.533156547959,3077.1190449642036,3114.246373228547,3137.086376473685
2025-03-26,2025-03-19,3020.89990234375,3044.8427038544846,2930.4022836692257,2950.4727152754604,3001.791707446505,3044.8427038544846,3082.4233566329726,3116.447706964564,3130.755450738867
2025-03-27,2025-03-20,3060.199951171875,3048.374411758352,2932.2007613073683,2959.6246400254036,3007.3844411702776,3048.374411758352,3084.1303208732006,3125.7044913607483,3145.1314146734408
2025-03-28,2025-03-21,3086.5,3028.7291945256707,2914.1410539643302,2940.7615994086314,2991.427383120442,3028.7291945256707,3060.568225379617,3096.7122317484805,3125.9662127495762
2025-03-31,2025-03-24,3122.800048828125,3025.3874411378397,2918.97486851115,2946.79354440315,2987.7494416145732,3025.3874411378397,3057.492262821893,3096.493693473369,3117.510700802363
2025-04-01,2025-03-25,3118.89990234375,3035.764215124388,2931.251241125135,2957.5188750314137,2998.158231149493,3035.764215124388,3067.755207502755,3109.8453528963923,3147.8959915314563
2025-04-02,2025-03-26,3139.89990234375,3032.416692358358,2931.936521347825,2954.5995487914975,2993.9087892247753,3032.416692358358,3067.2898023251346,3109.8813062789072,3140.3410189822853
2025-04-03,2025-03-27,3097.0,3068.972263326862,2957.3153084532278,2985.875969905819,3027.849656491083,3068.972263326862,3104.208927246742,3152.8673819137557,3190.3508575958012
2025-04-04,2025-03-28,3012.0,3094.3190315335296,2978.1153333419306,3000.1344741656835,3050.709030885056,3094.3190315335296,3132.2016458577696,3173.894618193645,3207.2762901618717
2025-04-07,2025-03-31,2951.300048828125,3128.7469332497035,3006.411219970302,3031.266333389965,3082.2102387266086,3128.7469332497035,3169.4079467319543,3213.6750619738627,3231.9469852866255
2025-04-08,2025-04-01,2968.39990234375,3125.4438003718615,2997.6528549239965,3022.5184075079364,3082.170755170926,3125.4438003718615,3162.929083093906,3200.714221028902,3225.4327483999705
2025-04-09,2025-04-02,3056.5,3147.7755339216947,3020.242636121202,3049.817685413682,3103.291433235932,3147.7755339216947,3184.6526440349826,3223.8003475834475,3236.2909305888757
2025-04-10,2025-04-03,3155.199951171875,3108.320832664586,2991.877659748056,3015.3453085872106,3069.820742199353,3108.320832664586,3141.9484630784837,3174.134046386236,3197.2580126409166
2025-04-11,2025-04-04,3222.199951171875,3027.612170865968,2927.824921073696,2956.965201168176,2996.5168849813963,3027.612170865968,3056.3906980399656,3091.779267583064,3106.381022686098
2025-04-14,2025-04-07,3204.800048828125,2971.9542497715374,2879.507584806048,2910.3740741263377,2942.6376655048825,2971.9542497715374,2994.7318373606095,3037.2256900849197,3078.3657949256744
2025-04-15,2025-04-08,3218.699951171875,2987.1118617234324,2911.971305475571,2938.926399241022,2954.656456544376,2987.1118617234324,3015.8756996143456,3065.5231590308963,3112.3450097082386
2025-04-16,2025-04-09,3326.60009765625,3066.2585835152913,2987.4425345136888,3009.4886543657003,3027.4167179183382,3066.2585835152913,3104.406078455816,3163.427812307541,3224.1737401153823
2025-04-17,2025-04-10,3308.699951171875,3156.0956090780032,3046.885212784474,3068.211376337449,3110.0593367678416,3156.0956090780032,3201.774509367356,3259.006973556322,3312.2351253232364
2025-04-21,2025-04-11,3406.199951171875,3219.9127633285198,3071.093492975402,3099.3743511148673,3169.622588389637,3219.9127633285198,3266.1193479964013,3311.823919773582,3340.8897797459676
2025-04-22,2025-04-14,3400.800048828125,3208.8725015890614,3044.354901436067,3075.790366335238,3160.443678606576,3208.8725015890614,3249.522378595107,3278.3696800049806,3279.40836651938
2025-04-23,2025-04-15,3276.300048828125,3227.757462700216,3068.4248558894305,3109.7941271171426,3180.865384947125,3227.757462700216,3264.475267028022,3288.852201734698,3294.4468109812874
2025-04-24,2025-04-16,3332.0,3333.434006152742,3187.642549744626,3225.8130674934146,3283.2725464309538,3333.434006152742,3374.0015688102867,3412.437207969314,3429.1659722501718
2025-04-25,2025-04-17,3282.39990234375,3318.9010258444923,3194.4738123261877,3209.286810541797,3269.500785903603,3318.9010258444923,3367.3125191608256,3400.233394767931,3401.669502415035
2025-04-28,2025-04-21,3332.5,3408.719830803272,3254.877831863143,3300.8213346128023,3358.2675223445103,3408.719830803272,3452.8685075693725,3507.2084145900176,3528.351703681519
2025-04-29,2025-04-22,3318.800048828125,3408.1908873057473,3253.6624327771606,3278.996021222994,3360.5220090507637,3408.1908873057473,3446.057636931486,3477.114688194792,3510.1163109415643
2025-04-30,2025-04-23,3305.0,3295.5517685243253,3168.904133063424,3193.582992656862,3251.3474147066845,3295.5517685243253,3336.2478135901074,3338.796356696953,3367.4119447161884
2025-05-01,2025-04-24,3210.0,3345.1440039649488,3205.9508524780927,3259.97677675002,3307.1673892210183,3345.1440039649488,3369.5614077786176,3422.6022210501496,3477.172136003782
2025-05-02,2025-04-25,3231.89990234375,3303.317802229845,3209.9943785970627,3221.755204235642,3263.01649109731,3303.317802229845,3340.1999546644047,3373.181850152561,3400.819030389343
2025-05-05,2025-04-28,3311.300048828125,3345.487776336314,3248.7269544361156,3281.807309470772,3301.6928472898326,3345.487776336314,3390.976986504018,3453.856236985238,3476.427754563048
2025-05-06,2025-04-29,3411.39990234375,3328.745364481846,3207.0155629014357,3232.012907349543,3290.9016010975006,3328.745364481846,3358.589076809814,3408.3338544729195,3488.980473074776
2025-05-07,2025-04-30,3381.39990234375,3319.7581546487536,3204.916918121174,3233.730039845802,3275.1123726594524,3319.7581546487536,3363.278433004398,3407.856128196602,3410.0429050557623
2025-05-08,2025-05-01,3296.60009765625,3227.6323183141376,3111.4886139401615,3138.363322844505,3193.2830597216,3227.6323183141376,3255.0060423938708,3295.5626019039305,3340.7580872027906
2025-05-09,2025-05-02,3335.39990234375,3249.7976721379,3144.082754100214,3183.0384099659905,3211.3969452107062,3249.7976721379,3282.5349664710284,3332.6717742799246,3359.871695902663
2025-05-12,2025-05-05,3220.0,3322.707960597642,3221.861095543224,3247.942027291976,3281.0860117684897,3322.707960597642,3359.0195819130086,3413.1113014326434,3478.1849738259248
2025-05-13,2025-05-06,3240.300048828125,3415.8085209629558,3304.205920087501,3326.2113248810538,3364.3336231301214,3415.8085209629558,3468.88553031247,3526.5841112568137,3558.4513918782177
2025-05-14,2025-05-07,3181.39990234375,3387.182337400038,3236.983055737474,3259.22060138888,3340.317213580165,3387.182337400038,3431.648495943616,3490.9784410636453,3509.4798778810646
2025-05-15,2025-05-08,3220.699951171875,3310.5298264606586,3155.028080576809,3191.9035174036203,3268.984012351321,3310.5298264606586,3343.32995235875,3370.9543099917514,3375.189394624217
2025-05-16,2025-05-09,3182.0,3350.0393639841277,3213.758286650878,3251.6468758818664,3305.9066815355754,3350.0393639841277,3377.956802123253,3409.319190734872,3449.852717501275
2025-05-19,2025-05-12,3228.89990234375,3243.873449969037,3155.282905232669,3171.9788823376566,3206.029614902284,3243.873449969037,3280.0732096822817,3306.2558736458013,3328.33997552741
2025-05-20,2025-05-13,3280.300048828125,3257.8074347426027,3162.9788871050164,3205.6024395323802,3220.649324371568,3257.8074347426027,3296.6834991312294,3360.2864588176935,3393.7073035717713
2025-05-21,2025-05-14,3309.300048828125,3200.2538530804413,3106.229038324195,3124.7746189334794,3167.3606717385433,3200.2538530804413,3227.6298694119846,3286.3712400596587,3353.7018123422954
2025-05-22,2025-05-15,3292.300048828125,3236.613356359786,3147.3290780587668,3182.069255331674,3194.4043666064626,3236.613356359786,3281.6997348002433,3336.5729082586863,3358.2325222899044
2025-05-23,2025-05-16,3363.60009765625,3196.485523237767,3092.5734515100194,3112.1127279786597,3160.9586315192564,3196.485523237767,3228.6768128410536,3293.9842480604507,3352.156688843715
2025-05-27,2025-05-19,3299.10009765625,3240.968348204677,3131.1038176522547,3165.3443712493495,3196.7069189518375,3240.968348204677,3284.1359385274454,3336.853450445204,3358.2209790898332
2025-05-28,2025-05-20,3293.60009765625,3288.258864205981,3164.045129818773,3185.569870715599,3243.31295141507,3288.258864205981,3325.1583000174323,3386.5383591385944,3439.0539442008308
2025-05-29,2025-05-21,3317.10009765625,3317.8868592336335,3191.1143757889463,3215.959660924852,3267.866707923329,3317.8868592336335,3366.0439625469116,3410.8444771829318,3419.307970219916
2025-05-30,2025-05-22,3288.89990234375,3301.5127279370627,3158.399434598764,3186.609371162849,3257.378114488924,3301.5127279370627,3339.023386846705,3387.2139047225955,3410.944407375394
2025-06-02,2025-05-23,3370.60009765625,3371.42362734431,3226.0664703960692,3259.7107779862913,3321.2725989440232,3371.42362734431,3410.032072919432,3450.962267295153,3476.8261214238382
2025-06-03,2025-05-27,3350.199951171875,3313.812640566389,3187.979235009249,3206.6155708423826,3269.3687767386123,3313.812640566389,3352.2931135200724,3383.3509763832217,3401.0866927483476
2025-06-04,2025-05-28,3373.5,3308.036440312652,3182.365481513744,3221.567854241039,3265.4182927146007,3308.036440312652,3347.250516918134,3390.414757584416,3403.878512305858
2025-06-05,2025-05-29,3350.699951171875,3330.197640802553,3207.0840749474,3233.574010371136,3288.061139534643,3330.197640802553,3360.931486487958,3411.6573367780343,3467.5092688543764
2025-06-06,2025-05-30,3322.699951171875,3305.6514304498555,3203.006461302531,3226.9680798423115,3261.4870068949213,3305.6514304498555,3349.989870884948,3389.1974147011992,3402.9846712686326
2025-06-09,2025-06-02,3332.10009765625,3378.938387786789,3253.2924771082608,3287.8478671633707,3333.3872715530424,3378.938387786789,3419.4262260715846,3488.705395243885,3533.8199972973994
2025-06-10,2025-06-03,3320.89990234375,3361.8939818568588,3236.540349564444,3254.2304102290004,3316.228627788567,3361.8939818568588,3401.920170860191,3448.7590495670443,3481.1452714539773
2025-06-11,2025-06-04,3321.300048828125,3384.1422885456927,3250.882315898508,3286.654240816847,3336.577092589887,3384.1422885456927,3429.0261191581276,3476.4090038065833,3486.205478445206
2025-06-12,2025-06-05,3380.89990234375,3363.1727359578385,3226.330408512724,3251.91542397365,3320.6022452281654,3363.1727359578385,3395.408495491212,3441.7980432340632,3483.762984082947
2025-06-13,2025-06-06,3431.199951171875,3339.689349507129,3219.30525329342,3254.922657906981,3295.196461033972,3339.689349507129,3380.3893724140694,3407.9847421452,3415.3712381441146
2025-06-16,2025-06-09,3396.39990234375,3346.363842957273,3227.6194517887425,3257.551694796978,3305.612237604972,3346.363842957273,3384.6636869537106,3434.602512606084,3478.284559530589
2025-06-17,2025-06-10,3386.60009765625,3336.889630400972,3225.710233532776,3255.0694250240385,3293.8520244842107,3336.889630400972,3377.6796059324033,3421.388457084898,3450.87649805084
2025-06-18,2025-06-11,3389.800048828125,3335.188335535194,3224.206831886829,3251.5997216950564,3293.6115307451305,3335.188335535194,3375.504644815396,3430.261418941391,3463.7002423232884
2025-06-20,2025-06-12,3368.10009765625,3390.192391188976,3258.1883051952896,3292.4518133193947,3343.138962867245,3390.192391188976,3430.141051552129,3491.4678892313236,3531.8806824146013
2025-06-23,2025-06-13,3377.699951171875,3438.6769338129834,3294.997471251276,3331.37971498702,3384.984368606548,3438.6769338129834,3481.2873570466536,3537.3242813215484,3561.6171701304065
2025-06-24,2025-06-16,3317.39990234375,3406.1340990681047,3265.8967507525813,3294.1184396668154,3357.997426548051,3406.1340990681047,3447.243769949938,3493.147995195289,3512.2938250596217
2025-06-25,2025-06-17,3327.10009765625,3397.9992828281606,3252.4307836558755,3287.263175588717,3353.530877624237,3397.9992828281606,3435.5905966423593,3474.0757064593454,3501.009193251858
2025-06-26,2025-06-18,3333.5,3404.6596958009195,3267.2605277388966,3305.527823344414,3358.2680934054692,3404.6596958009195,3443.6121348935976,3473.918554470273,3501.863417028704
2025-06-27,2025-06-20,3273.699951171875,3385.1559578050096,3272.0710981365446,3303.5842552499475,3340.864166559044,3385.1559578050096,3427.066019869073,3465.350351669286,3484.9393316483834
2025-06-30,2025-06-23,3294.39990234375,3391.318030768203,3275.6839010130025,3304.060337553612,3349.6611432395825,3391.318030768203,3431.3820653725743,3488.5573864083426,3528.3125982489973
2025-07-01,2025-06-24,3336.699951171875,3334.910667761709,3226.3379665615066,3248.9398803931017,3296.198636425598,3334.910667761709,3374.2338536046054,3415.05740773725,3453.192326663592
2025-07-02,2025-06-25,3348.0,3343.217649853493,3234.8948519928053,3266.521153433293,3303.3219994329106,3343.217649853493,3382.8487602984446,3431.8988743722402,3462.541843113195
2025-07-03,2025-06-26,3331.60009765625,3348.3045378427814,3235.4171404300105,3262.6306300694387,3306.7660354643413,3348.3045378427814,3387.696342763597,3440.185290085217,3488.9009672810244
2025-07-04,2025-06-27,3332.5,3291.90777262529,3195.9267962611093,3218.3246175539157,3252.9070906332554,3291.90777262529,3333.1857495014174,3376.092707566475,3399.302487737923
2025-07-07,2025-06-30,3332.199951171875,3307.832797606907,3196.473222591989,3224.119604235936,3270.132577258858,3307.832797606907,3345.390091643043,3405.2708236113403,3453.031996312064
2025-07-08,2025-07-01,3307.0,3349.093331659657,3225.454258312325,3259.1497636280983,3302.611499733528,3349.093331659657,3389.2214344564436,3440.738157577496,3480.607357493955
2025-07-09,2025-07-02,3311.60009765625,3359.2437804713845,3239.6909329366736,3269.7292266339878,3311.056763294878,3359.2437804713845,3402.2641005199944,3457.3610456620013,3476.1132402512576
2025-07-10,2025-07-03,3317.39990234375,3341.5004726880034,3210.5212393896954,3235.881640596497,3298.6909872889782,3341.5004726880034,3380.0689371590356,3435.08452120787,3472.495508989721
2025-07-11,2025-07-04,3356.0,3344.9068597827886,3207.7456080069596,3242.811180171372,3300.001306428237,3344.9068597827886,3383.013444799498,3420.6649980538396,3447.8998939058174
2025-07-14,2025-07-07,3351.5,3346.547483304087,3219.6860191720702,3254.16923688108,3301.146314036433,3346.547483304087,3386.2792301250247,3423.4055816659766,3448.3293073016725
2025-07-15,2025-07-08,3329.800048828125,3322.1740945557217,3210.0062188717025,3236.3939943344058,3280.124627826999,3322.1740945557217,3363.621810722445,3406.354997778176,3434.2674254895405
2025-07-16,2025-07-09,3352.5,3325.1613840512473,3209.985337623888,3239.394937939884,3283.5875544156365,3325.1613840512473,3365.4618919486234,3414.0759199780973,3452.21267252742
2025-07-17,2025-07-10,3340.10009765625,3330.904636209224,3212.835458368122,3242.8633255053323,3287.524664909954,3330.904636209224,3371.2333488541526,3417.5559407562987,3453.8121398400954
2025-07-18,2025-07-11,3353.0,3366.2876137597964,3241.8580428910464,3275.2234434354823,3319.581677280633,3366.2876137597964,3409.5128176403105,3462.7523657097845,3491.6910647428194
2025-07-21,2025-07-14,3401.89990234375,3361.7422674503237,3232.3497496049467,3260.8123232946245,3315.46406431533,3361.7422674503237,3400.3568022564705,3451.855935552133,3486.152069633614
2025-07-22,2025-07-15,3439.199951171875,3342.320917839417,3215.2402364563327,3244.7764600290757,3296.791712692961,3342.320917839417,3383.330713763429,3425.6147231037185,3449.325456710615
2025-07-23,2025-07-16,3394.10009765625,3364.299250644879,3229.6306620291202,3266.27077854277,3317.368638926265,3364.299250644879,3404.577183329805,3447.1533425993107,3482.678337412347
2025-07-24,2025-07-17,3371.0,3354.5705320941643,3231.8061878849817,3262.413110276798,3308.5143666538543,3354.5705320941643,3396.698249860413,3435.037130140949,3459.5182987941294
2025-07-25,2025-07-18,3334.0,3365.0073976669673,3245.042330627076,3275.6932249076526,3320.449187510999,3365.0073976669673,3407.910832685907,3458.489920695337,3486.762889521736
2025-07-28,2025-07-21,3309.10009765625,3410.4418879385707,3271.5162673373293,3308.275785138236,3361.5045837494845,3410.4418879385707,3450.3187238478286,3504.409146378336,3545.0382945876654
2025-07-29,2025-07-22,3323.39990234375,3447.0744706509945,3302.333661037535,3339.370108548732,3393.3538783324425,3447.0744706509945,3491.0879900144755,3540.5449393629847,3559.4504138656366
2025-07-30,2025-07-23,3295.800048828125,3405.177189126529,3269.263825975757,3296.126333131376,3357.3123113945003,3405.177189126529,3444.4405763511722,3489.1364524158603,3512.660924755903
2025-07-31,2025-07-24,3293.199951171875,3385.062164542567,3250.6945974079854,3284.4460205043824,3339.2120486027784,3385.062164542567,3425.6049873172947,3460.8640110699976,3489.219366519057
2025-08-01,2025-07-25,3347.699951171875,3352.9645889925537,3235.199972589949,3265.972869372412,3310.610069559713,3352.9645889925537,3393.504437545703,3421.6424404959776,3454.7297118664837
2025-08-04,2025-07-28,3374.39990234375,3328.7006705112053,3234.8301544217475,3260.1511121515814,3290.848036750961,3328.7006705112053,3373.3620121858853,3413.0969537205356,3441.0602919656767
2025-08-05,2025-07-29,3381.89990234375,3338.408943922299,3239.304190861979,3264.8330978289273,3301.3386207635185,3338.408943922299,3378.201821839635,3435.900946735991,3487.2969252109715
2025-08-06,2025-07-30,3380.0,3311.6375182981947,3213.1580833014964,3234.0907960454524,3273.6829164763426,3311.6375182981947,3351.3904613228524,3402.939992379893,3442.185702374441
2025-08-07,2025-07-31,3400.300048828125,3306.9152949658705,3201.7443363066764,3226.945831412854,3268.0629563631073,3306.9152949658705,3347.3698123920785,3401.75610266338,3440.6272913879698
2025-08-08,2025-08-01,3439.10009765625,3357.4971445153924,3228.9675115774107,3264.5411907337752,3311.7010140942098,3357.4971445153924,3397.213282158891,3452.1716031183914,3497.0420689490293
2025-08-11,2025-08-04,3353.10009765625,3383.598747309893,3251.420489935358,3284.1351513916575,3333.5039517147893,3383.598747309893,3426.5290665350594,3477.560204197183,3500.031139756464
2025-08-12,2025-08-05,3348.89990234375,3389.5628827241444,3251.3225533521068,3282.3605518334066,3340.3734897076156,3389.5628827241444,3430.1153615891762,3484.3711517961897,3509.972463681985
2025-08-13,2025-08-06,3358.699951171875,3388.5645448964133,3242.096921825903,3275.4714557689463,3335.2646723151915,3388.5645448964133,3426.750445536444,3467.5784889024426,3498.7023331531773
2025-08-14,2025-08-07,3335.199951171875,3410.541742942493,3267.364615260113,3305.3228978219577,3356.68167230206,3410.541742942493,3453.12210486321,3491.1414759571135,3509.425587429052
2025-08-15,2025-08-08,3336.0,3446.9868748197464,3305.9952756275925,3343.1322048976635,3393.853978229189,3446.9868748197464,3489.987932255076,3536.287048177628,3563.209610845389
2025-08-18,2025-08-11,3331.699951171875,3368.5752401431096,3251.045373323021,3272.5602037745925,3323.2025665117835,3368.5752401431096,3408.2785189282245,3443.812709216437,3468.1470022525605
2025-08-19,2025-08-12,3313.39990234375,3365.853501873698,3245.812289967708,3276.6008018282655,3321.383243182791,3365.853501873698,3405.96620487372,3449.4007437958503,3477.975421234491
2025-08-20,2025-08-13,3343.39990234375,3375.3230841913887,3254.6952336659765,3286.6805581492736,3333.0921068655657,3375.3230841913887,3412.1228085495572,3451.6633415631904,3500.999686022028
2025-08-21,2025-08-14,3336.89990234375,3352.31492720431,3256.6605036682886,3281.508404947238,3312.01889218744,3352.31492720431,3398.488735288841,3443.955896749092,3461.3874366716136
2025-08-22,2025-08-15,3374.39990234375,3349.20235701194,3239.9679391590016,3263.5379354688826,3309.6780965610074,3349.20235701194,3386.1296506677554,3443.530257862436,3498.0463366086706
2025-08-25,2025-08-18,3373.800048828125,3345.6803638634983,3226.9370208359232,3255.5740991146486,3302.0617731155935,3345.6803638634983,3384.2766917604804,3428.416653813191,3468.167318617957
2025-08-26,2025-08-19,3388.60009765625,3328.5715415012473,3217.9927989937905,3244.715985365137,3285.823560672776,3328.5715415012473,3369.9164349248117,3413.702020506113,3441.90356236207
2025-08-27,2025-08-20,3404.60009765625,3354.957721515678,3233.900051780065,3265.007393406403,3310.3433586654105,3354.957721515678,3394.6274035759398,3446.2980586925537,3487.52794213165
2025-08-28,2025-08-21,3431.800048828125,3348.776692624346,3227.9644383798272,3256.2745459686193,3303.3871512266246,3348.776692624346,3388.597670744811,3433.2825528048334,3468.791963759058
2025-08-29,2025-08-22,3473.699951171875,3382.9336051649207,3254.4005655895526,3287.9113589652566,3333.527808564441,3382.9336051649207,3426.1749720911507,3478.5472929128214,3505.400298737446
2025-09-02,2025-08-25,3549.39990234375,3382.5585126151036,3246.8868358763,3277.0948651283757,3333.1329861147237,3382.5585126151036,3420.436651089557,3465.70173527001,3506.2590865876628
2025-09-03,2025-08-26,3593.199951171875,3398.0651893193335,3263.2275369174986,3297.7013991805316,3345.7904097949167,3398.0651893193335,3442.109335747751,3486.277974587166,3502.3472742460244
2025-09-04,2025-08-27,3565.800048828125,3413.4337263327243,3272.7642157535265,3306.3727031606595,3362.2878010161535,3413.4337263327243,3452.2926574925777,3497.4193191871486,3534.9374955897233
2025-09-05,2025-08-28,3613.199951171875,3440.29849015962,3300.517343620097,3337.073213990971,3386.6789846870784,3440.29849015962,3484.4496386014935,3528.7602898351233,3548.2542608554813
2025-09-08,2025-08-29,3638.10009765625,3479.1513092311125,3332.1084840907683,3368.8792462942833,3424.1941116067483,3479.1513092311125,3521.4986182280786,3571.866534732147,3602.996929122254
2025-09-09,2025-09-02,3643.300048828125,3550.173039906849,3386.9839184474586,3429.7570467513488,3488.6401795385905,3550.173039906849,3595.157452569696,3647.9844275550768,3672.6789606316775
2025-09-10,2025-09-03,3643.60009765625,3592.6227868866617,3420.9485246990616,3461.8993192922117,3527.6702774183323,3592.6227868866617,3637.323620772128,3686.039614682447,3706.767528233291
2025-09-11,2025-09-04,3636.89990234375,3571.552443104744,3407.296352997447,3442.596737773566,3509.0161820002086,3571.552443104744,3615.08486996922,3652.9482712107656,3664.081536294817
2025-09-12,2025-09-05,3649.39990234375,3618.811286971883,3455.7124184371337,3492.150733460197,3557.6529058541078,3618.811286971883,3664.20771631328,3703.823352573561,3729.188324387498
2025-09-15,2025-09-08,3682.199951171875,3645.1546002370737,3496.603343978954,3526.854528728528,3586.5173336876296,3645.1546002370737,3691.382973584932,3729.0239925200694,3757.4294008046268
2025-09-16,2025-09-09,3688.89990234375,3651.4041901507007,3515.297081931678,3546.000848071716,3598.0459507639653,3651.4041901507007,3702.2568159484126,3749.2777831469057,3759.1143064003813
2025-09-17,2025-09-10,3681.800048828125,3653.6480357260875,3502.868459124599,3535.8926047671202,3602.3609881226485,3653.6480357260875,3695.404257680829,3744.4527771201188,3789.926742222873
2025-09-18,2025-09-11,3643.699951171875,3649.6774540394426,3508.173478741095,3541.4837646031974,3597.079571707828,3649.6774540394426,3695.245869404889,3735.079520535709,3760.2068392851115
2025-09-19,2025-09-12,3671.5,3662.2583472336346,3528.2024103343438,3560.317821121203,3611.2296752780685,3662.2583472336346,3708.3224794665807,3755.2086464567315,3787.4290457003867
2025-09-22,2025-09-15,3740.699951171875,3692.3557305047743,3557.9195682303207,3588.018985385737,3640.3656075619792,3692.3557305047743,3738.731742034083,3791.648948212165,3832.4154682736917
2025-09-23,2025-09-16,3780.60009765625,3698.519072547875,3561.4112085819197,3591.1297667621584,3647.513711230638,3698.519072547875,3745.235209778463,3797.422065986121,3832.2717952775015
2025-09-24,2025-09-17,3732.10009765625,3692.987167747015,3549.7613266854087,3582.408935530229,3642.3373682853316,3692.987167747015,3738.290359117502,3787.648915349983,3820.8368028494788
2025-09-25,2025-09-18,3736.89990234375,3659.9634183932935,3518.613064610063,3552.832879602494,3611.894306208924,3659.9634183932935,3702.3357229490935,3743.375241465963,3777.743418055699
2025-09-26,2025-09-19,3775.300048828125,3686.305463511727,3554.8292670124233,3588.6175698243906,3634.801981329154,3686.305463511727,3732.8414607941186,3779.7343369808673,3813.0329427600745
2025-09-29,2025-09-22,3820.89990234375,3748.8050695372185,3617.601859340257,3645.35023427201,3694.488972651621,3748.8050695372185,3796.4938805060847,3854.6243664823405,3905.06198686464
2025-09-30,2025-09-23,3840.800048828125,3784.028995400671,3645.959530522307,3672.58683345365,3729.2104043145328,3784.028995400671,3835.5048408527455,3897.0234739732296,3929.025935000751
2025-10-01,2025-09-24,3867.5,3741.3338708395613,3583.729250451033,3616.8351369314005,3691.059907992916,3741.3338708395613,3785.2601982073966,3834.821382194855,3867.732931425895
2025-10-02,2025-09-25,3839.699951171875,3749.5404814886424,3589.404843736337,3628.388528087188,3692.9733779146227,3749.5404814886424,3794.232533395988,3834.0122368770853,3863.1212021993797
2025-10-03,2025-09-26,3880.800048828125,3787.2593523060686,3643.280907806318,3676.0495158828057,3729.4100194808443,3787.2593523060686,3834.175610486357,3875.8297410549167,3913.899110863457
2025-10-06,2025-09-29,3948.5,3828.522392884559,3697.9913564483727,3726.458958964461,3772.9322590482952,3828.522392884559,3882.282702782639,3938.6600551955953,3962.4863141934675
2025-10-07,2025-09-30,3976.60009765625,3846.6141547519605,3695.32142161002,3725.586841430969,3792.85328246231,3846.6141547519605,3893.795602162771,3955.3678289550735,4001.7487932441427
2025-10-08,2025-10-01,4043.300048828125,3873.0779520849806,3709.3783511635115,3743.661221877243,3813.2668305018956,3873.0779520849806,3921.6419383199736,3972.730478326257,4005.8588665918987
2025-10-09,2025-10-02,3946.300048828125,3851.092554414846,3691.291434834358,3726.32933898223,3794.819640833196,3851.092554414846,3897.715403491746,3937.916440998758,3964.968779735661
2025-10-10,2025-10-03,3975.89990234375,3891.204889935541,3739.6728397440666,3775.9962636261776,3831.6997945879757,3891.204889935541,3942.235758641453,3990.140179872811,4015.1222349772097
2025-10-13,2025-10-06,4108.60009765625,3958.8633124722082,3804.991268041074,3834.62551168365,3897.934794141999,3958.8633124722082,4007.716428382594,4063.94831466863,4110.882665002173
2025-10-14,2025-10-07,4138.7001953125,3985.5245492091726,3833.7680707152463,3860.3111959274765,3924.1271053092005,3985.5245492091726,4039.604347678913,4094.850561255127,4114.254237667134
2025-10-15,2025-10-08,4176.89990234375,4048.848747688484,3869.175078476486,3901.8578117856864,3984.968696228142,4048.848747688484,4100.5637040665215,4160.517942396969,4199.375730498082
2025-10-16,2025-10-09,4280.2001953125,3961.4592041083397,3797.6242925046863,3823.1860327186737,3907.0954001518885,3961.4592041083397,4005.0792796280834,4045.1436002246855,4062.0467394449747
2025-10-17,2025-10-10,4189.89990234375,3993.3756548463034,3823.0681031680333,3878.730988697237,3935.9051703167397,3993.3756548463034,4046.9606903921285,4084.992284869764,4097.675723603532
2025-10-20,2025-10-13,4336.39990234375,4118.93845369759,3956.850014553318,3990.1087992709445,4052.9398951813637,4118.93845369759,4167.204429775109,4227.78337181769,4300.317696410172
2025-10-21,2025-10-14,4087.699951171875,4146.448292934117,4007.3195831046532,4026.032405332442,4080.0042693531577,4146.448292934117,4207.404859285949,4266.352308138697,4270.988158739918
2025-10-22,2025-10-15,4044.39990234375,4181.028080356068,3991.436223070841,4022.055476566132,4118.067263772672,4181.028080356068,4234.379187472119,4303.6747858762965,4344.144788898572
2025-10-23,2025-10-16,4125.5,4283.18738167792,4069.949462414329,4107.418647658592,4208.978140160321,4283.18738167792,4334.309420846595,4386.614440455654,4430.280569434707
2025-10-24,2025-10-17,4118.39990234375,4204.047421224055,4033.650114855378,4060.984890856967,4140.457919170377,4204.047421224055,4256.700544582071,4276.632314705845,4289.740649726473
2025-10-27,2025-10-20,4001.89990234375,4344.587791374907,4140.5153970027395,4200.410013431562,4272.761059242623,4344.587791374907,4406.89141025296,4460.457733762474,4486.841140980972
2025-10-28,2025-10-21,3966.199951171875,4113.349737044849,3971.4416869776237,3980.128172191272,4068.3720228566576,4113.349737044849,4146.23548046116,4185.664060678652,4222.404627412418
2025-10-29,2025-10-22,3983.699951171875,4076.211050236459,3928.4854807044767,4007.800659626534,4029.497805846562,4076.211050236459,4138.513441818116,4145.222111340204,4166.963998537536
2025-10-30,2025-10-23,4001.300048828125,4150.025492672067,4009.5099428141757,4043.4352115712327,4100.7901110024995,4150.025492672067,4182.158277386212,4254.7369652834495,4401.586525856284
2025-10-31,2025-10-24,3982.199951171875,4140.9617230579515,4060.2164583416893,4084.421526523373,4086.204417097649,4140.9617230579515,4207.389564707143,4252.922438218826,4261.867091194596
2025-11-03,2025-10-27,4000.300048828125,4022.709395422984,3892.982027983904,3914.0524235196126,3986.073153018887,4022.709395422984,4064.9934629875424,4147.908705475316,4223.158321375053
2025-11-04,2025-10-28,3947.699951171875,3991.2685215368147,3834.09699018342,3883.2459892924758,3946.2883348664654,3991.2685215368147,4032.4604465885905,4081.8267576525554,4142.9596868639
2025-11-05,2025-10-29,3980.300048828125,4009.036512765055,3885.5813517981014,3926.797887621018,3957.490710755333,4009.036512765055,4056.5778441093903,4103.342049750094,4152.1415192482555
2025-11-06,2025-10-30,3979.89990234375,4021.3487063134344,3913.231929458309,3942.2900658904664,3970.3539994758085,4021.3487063134344,4075.454460153265,4141.261066231928,4184.484831402664
2025-11-07,2025-10-31,3999.39990234375,3998.779056535718,3866.088522583465,3890.656735162221,3950.9784294391247,3998.779056535718,4045.557951098461,4118.357299140084,4181.426179333035
2025-11-10,2025-11-03,4111.7998046875,4015.8497445014864,3861.661718779593,3898.0065925221056,3961.9116844759656,4015.8497445014864,4064.080582285547,4122.884245691021,4172.3394336156
2025-11-11,2025-11-04,4106.7998046875,3967.218908239316,3822.2027720412766,3853.4660625500937,3916.9010414404815,3967.218908239316,4013.588695548032,4061.6933977661656,4099.858630736845
2025-11-12,2025-11-05,4204.39990234375,3999.0055713194547,3848.6502530052135,3896.2508217173704,3942.336371056803,3999.0055713194547,4055.12440633206,4104.968843514781,4139.317647554362
2025-11-13,2025-11-06,4186.89990234375,3996.768545417627,3854.789689107349,3883.481001898883,3944.6820223836667,3996.768545417627,4041.7731732987777,4105.266038691523,4164.237358086041
2025-11-14,2025-11-07,4087.60009765625,4015.2846036888986,3872.33122980697,3911.125055105031,3958.0813595622626,4015.2846036888986,4071.3655028407716,4126.595342785266,4151.059476015644
2025-11-17,2025-11-10,4068.300048828125,4120.716198810549,3948.234479022604,3990.049124377605,4055.684651381119,4120.716198810549,4172.476066523923,4251.808322788331,4314.485269217671
2025-11-18,2025-11-11,4061.300048828125,4117.435231901523,3953.6456954158216,3979.8165414691566,4054.061451193995,4117.435231901523,4166.942422446169,4227.52712276792,4249.960633949059
2025-11-19,2025-11-12,4077.699951171875,4211.935190107513,4012.6023002099773,4067.949961412033,4138.969621774333,4211.935190107513,4273.628250510289,4335.75870812072,4353.422985487922
2025-11-20,2025-11-13,4056.5,4198.674618491654,4002.5366467343765,4034.850591195727,4133.824748570822,4198.674618491654,4242.349745910267,4299.072958388416,4340.518491086468
2025-11-21,2025-11-14,4076.699951171875,4109.429077649343,3938.1261357956582,3984.900217713277,4051.1901512313216,4109.429077649343,4167.514339063622,4170.761196024771,4187.270188498674
2025-11-24,2025-11-17,4091.89990234375,4092.2200278860355,3918.554030331106,3971.8861261153193,4040.2614674380757,4092.2200278860355,4141.641818231639,4183.385983498965,4240.386342281791
2025-11-25,2025-11-18,4139.2001953125,4088.0237971799256,3952.6889727451444,3992.0484018190114,4032.510099473391,4088.0237971799256,4139.508559214999,4178.242400850813,4224.7345908555635
2025-11-26,2025-11-19,4165.2001953125,4096.746031060726,3981.453384317309,4013.0349457751777,4045.9311844633307,4096.746031060726,4152.203709362165,4218.881834498648,4263.659510654005
2025-11-28,2025-11-20,4218.2998046875,4071.83365817719,3942.2100112415123,3967.201869030395,4026.4597241964016,4071.83365817719,4118.819831681744,4196.063009807971,4257.134031310285
2025-12-01,2025-11-21,4239.2998046875,4093.323495170345,3940.73669178978,3981.9916583274708,4037.681284208571,4093.323495170345,4146.974242084964,4207.156817982644,4249.676464765655
2025-12-02,2025-11-24,4186.60009765625,4108.078737222887,3952.9390757761657,3988.2815877072103,4051.0764014167153,4108.078737222887,4157.593318372529,4219.369044187688,4269.381549101131
2025-12-03,2025-11-25,4199.2998046875,4153.455122214445,3993.7353454245294,4034.753198062437,4090.49489649015,4153.455122214445,4209.563089312624,4270.11080871991,4303.103115948312
2025-12-04,2025-11-26,4211.7998046875,4177.139320467415,4009.8522065679413,4044.541410378491,4116.129216959837,4177.139320467415,4227.928335926911,4295.995729979912,4339.272288264864
2025-12-05,2025-11-28,4212.89990234375,4230.119532897383,4047.9149301819143,4092.873808696464,4161.988548957032,4230.119532897383,4286.803013155781,4346.369480750259,4373.837334352572
2025-12-08,2025-12-01,4187.2001953125,4251.522207178965,4066.0387153379834,4105.32509411819,4185.364330844351,4251.522207178965,4303.460164994988,4363.22113614073,4397.172380274894
2025-12-09,2025-12-02,4206.7001953125,4204.127155812156,4028.7138698278904,4069.1263639985136,4144.324490768806,4204.127155812156,4257.636510206829,4300.094336124783,4314.120905225955
2025-12-10,2025-12-03,4196.39990234375,4218.975007870719,4037.5681054127167,4090.6600361360934,4157.733312010509,4218.975007870719,4274.297765521653,4319.821650312839,4357.446807737147
2025-12-11,2025-12-04,4285.5,4232.260436442445,4071.095617132929,4111.027998099451,4170.695279438804,4232.260436442445,4284.343344118254,4335.308972345882,4384.161571141535
2025-12-12,2025-12-05,4300.10009765625,4231.85905581036,4085.6273691721085,4122.214071762208,4174.055633704044,4231.85905581036,4288.732154881478,4349.471550015542,4378.2083829558205
2025-12-15,2025-12-08,4306.7001953125,4204.695267136134,4050.6899381290377,4085.031141019462,4151.52640897268,4204.695267136134,4257.048878792175,4323.064531288363,4370.558031944185
2025-12-16,2025-12-09,4304.5,4225.9050213841465,4061.303459649942,4106.812485709614,4165.625392488124,4225.9050213841465,4281.233850829128,4335.929568555052,4378.753716251612
2025-12-17,2025-12-10,4347.5,4215.6956593178475,4063.113711826623,4097.860120075075,4158.582200685221,4215.6956593178475,4267.949335897042,4326.505437971203,4371.546715274402
2025-12-18,2025-12-11,4339.5,4300.297444236657,4133.4763025013435,4181.0303911359115,4233.734295468767,4300.297444236657,4361.057152671637,4427.320795980248,4471.795745730924
2025-12-19,2025-12-12,4361.39990234375,4311.759828368597,4145.667888023226,4173.0755438091965,4247.676311927287,4311.759828368597,4363.531741728833,4437.561795480001,4489.196577216231
2025-12-22,2025-12-15,4444.60009765625,4320.693225902789,4140.851189732998,4185.766417117439,4252.640637042532,4320.693225902789,4379.874669292537,4438.562873366853,4448.805601457162
2025-12-23,2025-12-16,4482.7998046875,4319.83950054318,4128.58715896207,4172.756549521189,4254.037634667067,4319.83950054318,4371.559413525877,4427.878071664765,4475.407245735203
2025-12-24,2025-12-17,4480.60009765625,4366.136620767109,4181.875446186413,4233.510708304139,4293.9542921167085,4366.136620767109,4424.320762961099,4470.400572430083,4497.668712515399
2025-12-26,2025-12-18,4529.10009765625,4356.503244137249,4190.754136406147,4225.837866393379,4293.695222079328,4356.503244137249,4410.603896823256,4472.5814826296155,4511.210304085171
2025-12-29,2025-12-19,4325.10009765625,4378.147962491555,4203.619785177195,4249.746877098187,4312.97392269166,4378.147962491555,4437.117601184586,4497.576282224393,4528.781752217032
2025-12-30,2025-12-22,4370.10009765625,4457.7120239566775,4268.714153596397,4314.970931746136,4385.296385474535,4457.7120239566775,4515.2476000486595,4582.457054334556,4641.717888338068
2025-12-31,2025-12-23,4325.60009765625,4495.242672811267,4313.562868907144,4350.785534387338,4420.918087264688,4495.242672811267,4553.4991118629505,4619.866530815506,4648.197612033749
2026-01-02,2025-12-24,4314.39990234375,4492.990100749109,4301.057708334693,4343.284023785285,4422.413803649568,4492.990100749109,4551.471438470663,4617.190478803781,4637.932884150474
2026-01-05,2025-12-26,4436.89990234375,4543.181694470605,4330.385303406447,4385.220318909932,4466.141902306046,4543.181694470605,4601.359619421012,4657.048673977611,4697.711973338409
2026-01-06,2025-12-29,4482.2001953125,4352.276782774927,4192.983135054004,4219.793921490271,4300.068414994147,4352.276782774927,4398.2396031382295,4434.739893897042,4440.068628700183
2026-01-07,2025-12-30,4449.2998046875,4399.0258028594235,4222.198250633574,4298.59075629231,4339.434097418537,4399.0258028594235,4465.217822989902,4502.079679219003,4535.296508828352
2026-01-08,2025-12-31,4449.7001953125,4352.573782994199,4222.063943398635,4242.498380260283,4306.033000115139,4352.573782994199,4396.145189166329,4458.476957866686,4560.417229816267
2026-01-09,2026-01-02,4490.2998046875,4341.016690636968,4231.328627895166,4270.815224632335,4291.64456402389,4341.016690636968,4408.13540076624,4469.669476324743,4472.864844416323
2026-01-12,2026-01-05,4604.2998046875,4447.125169234055,4284.741075344636,4321.465135418977,4390.793597811126,4447.125169234055,4503.737189524601,4606.682624525342,4728.618925350254
2026-01-13,2026-01-06,4589.2001953125,4492.23859481312,4329.917993014727,4349.401073987015,4419.528566047915,4492.23859481312,4552.0372330386745,4628.277950730653,4658.524766115321
2026-01-14,2026-01-07,4626.2998046875,4460.383378344752,4279.858691685523,4317.511490353001,4393.2319025758725,4460.383378344752,4518.197168573641,4592.943883514925,4602.777219567762
2026-01-15,2026-01-08,4616.2998046875,4464.614249172814,4253.2973559322245,4308.945311659435,4392.499043778112,4464.614249172814,4519.510241832138,4572.934941519305,4618.52727205146
2026-01-16,2026-01-09,4588.39990234375,4508.720805969777,4317.95358073012,4362.614786575034,4432.339673511769,4508.720805969777,4570.102593679294,4611.568217383139,4644.290358590454
2026-01-20,2026-01-12,4759.60009765625,4615.674183745572,4436.709946721119,4475.000328366718,4536.94965409211,4615.674183745572,4681.794679431743,4754.327414202302,4794.990365473252
2026-01-21,2026-01-13,4831.7998046875,4598.937750414029,4421.901913600151,4446.546311120726,4529.409222100097,4598.937750414029,4655.189751314323,4738.587015510655,4771.025290802991
2026-01-22,2026-01-14,4908.7998046875,4637.449889702371,4425.117068038463,4480.213403351578,4557.750895054499,4637.449889702371,4701.002713885218,4764.692648141659,4783.564301412012
2026-01-23,2026-01-15,4976.2001953125,4631.558142450854,4423.659234533432,4465.910328170458,4556.104760661285,4631.558142450854,4686.843135602147,4741.0907582850805,4788.257001307952
2026-01-26,2026-01-16,5079.7001953125,4610.267533040668,4428.884080995915,4473.367554156015,4539.199425012389,4610.267533040668,4674.3717616995045,4716.716063308707,4719.955070531167
2026-01-27,2026-01-20,5079.89990234375,4770.803217401567,4566.913082542247,4623.446928786982,4688.051698247789,4770.803217401567,4838.050886578647,4915.449475379104,4992.128258877975
2026-01-28,2026-01-21,5301.60009765625,4837.660519023845,4651.801803068463,4668.581153177262,4754.237460955741,4837.660519023845,4899.689080605812,4987.90766075582,5031.9512859126935
2026-01-29,2026-01-22,5318.39990234375,4911.022718135365,4692.267397672877,4736.585836989703,4819.72686256469,4911.022718135365,4981.579343314548,5067.162611553839,5069.017981138035
2026-01-30,2026-01-23,4713.89990234375,4977.47569585883,4715.763020168015,4766.339870039372,4880.739951198286,4977.47569585883,5036.981346396833,5115.17819942272,5167.776668436117
2026-02-02,2026-01-26,4622.5,5085.194993017967,4826.891338560326,4877.705404234279,4975.521494727429,5085.194993017967,5158.635291851464,5204.798718952533,5208.058789524041
2026-02-03,2026-01-27,4903.7001953125,5088.553054228656,4851.760026126553,4891.040495177029,4995.537291637805,5088.553054228656,5153.192750640768,5218.471738284463,5231.308456079983
2026-02-04,2026-01-28,4920.39990234375,5303.252448980142,5029.905196338336,5098.828744128872,5187.573601825948,5303.252448980142,5383.776464087795,5455.733413695925,5485.61932258032
2026-02-05,2026-01-29,4861.39990234375,5320.889525763874,5076.472872657854,5097.119456509361,5220.370531318922,5320.889525763874,5383.083347661044,5466.058848074913,5500.532163603371
2026-02-06,2026-01-30,4951.2001953125,4723.878167754974,4593.814068496568,4622.95355101923,4720.256212965077,4723.878167754974,4757.8734509291135,4805.182189230655,4814.824712367407
2026-02-09,2026-02-02,5050.89990234375,4681.574107338723,4465.936291352798,4607.315490135132,4639.642254550627,4681.574107338723,4727.278445970109,4745.5503243031535,4805.803522376971
2026-02-10,2026-02-03,5003.7998046875,4948.034733601256,4831.743478321727,4872.626611194809,4887.158045749437,4948.034733601256,5015.966674178888,5058.325783649092,5274.264556005448
2026-02-11,2026-02-04,5071.60009765625,4957.9024936889955,4907.626180069732,4911.284421907962,4944.393046519997,4957.9024936889955,5022.255688965453,5163.714869254126,5168.675788707886
2026-02-12,2026-02-05,4923.7001953125,4868.459564940278,4777.718627866427,4811.989432252571,4839.380407541468,4868.459564940278,4921.804154927595,5126.840476307326,5186.493353940078
2026-02-13,2026-02-06,5022.0,4959.6348145138145,4679.001390882287,4748.404970958202,4863.116682836051,4959.6348145138145,5010.440605828434,5083.827209160885,5169.251771436731
2026-02-17,2026-02-09,4882.89990234375,5064.735032710965,4773.27052213479,4865.280381048267,4950.062288877784,5064.735032710965,5146.475762633567,5170.610133763277,5209.936389996251
2026-02-18,2026-02-10,4986.5,5018.615300404729,4824.137578762548,4862.210650278972,4938.685312128432,5018.615300404729,5090.298248507434,5173.409426807714,5199.0350749103
2026-02-19,2026-02-11,4975.89990234375,5083.636033228634,4845.79624417788,4905.498318411863,4992.33820199417,5083.636033228634,5148.422692126791,5231.776289162974,5285.715614353354
2026-02-20,2026-02-12,5059.2998046875,4949.473077002884,4741.067372026778,4783.664167819898,4878.644181253947,4949.473077002884,5006.4445335022,5049.206543063297,5096.552241699888
2026-02-23,2026-02-13,5204.7001953125,5046.94174552564,4837.325140379963,4911.872579205148,4961.148996725269,5046.94174552564,5123.099597760146,5171.963415091301,5215.6284307089245
2026-02-24,2026-02-17,5155.7998046875,4911.20620993287,4760.997608419074,4780.787766168081,4866.824994460962,4911.20620993287,4964.62217301877,5034.913856113408,5123.538179357128
2026-02-25,2026-02-18,5206.39990234375,5011.844072692709,4837.920805771531,4901.967311179874,4934.562216254491,5011.844072692709,5092.857211490527,5156.2765960757915,5193.818108276904
2026-02-26,2026-02-19,5176.5,4993.817958479011,4820.573366940589,4847.040403267699,4939.3884058808935,4993.817958479011,5049.740083651744,5148.240165593207,5260.788101035362
2026-02-27,2026-02-20,5230.5,5076.591083718609,4873.089173983447,4935.879950386233,4986.3908742468775,5076.591083718609,5160.687434173184,5230.181490630409,5254.580764579547
2026-03-02,2026-02-23,5294.39990234375,5207.50397732742,4961.912382738623,5015.834699965002,5116.028482793559,5207.50397732742,5274.992791951747,5389.216357031006,5484.627086215164
2026-03-03,2026-02-24,5107.39990234375,5167.361057997039,4922.854485250874,4975.430546844313,5068.803168610396,5167.361057997039,5241.904842353104,5310.223701720515,5325.698536824411
2026-03-04,2026-02-25,5120.2001953125,5218.324618378174,4960.972992487518,5026.9141581615095,5117.147273356249,5218.324618378174,5286.65220270077,5363.177283546188,5398.953627148672
2026-03-05,2026-02-26,5065.2998046875,5195.558436476863,4937.802593407932,5000.605876427908,5104.9369361331965,5195.558436476863,5258.359166766535,5307.859921612102,5369.906914221963
2026-03-06,2026-02-27,5146.10009765625,5252.005710628115,5019.242962887822,5091.609126414258,5157.119725565899,5252.005710628115,5332.288402692328,5382.997967093606,5417.731096487327
2026-03-09,2026-03-02,5091.5,5308.897301027155,5085.507132977396,5137.782027944889,5226.126547658609,5308.897301027155,5378.990347908368,5469.717264857541,5551.793661234884
2026-03-10,2026-03-03,5229.7001953125,5135.400080273476,4964.160752394464,4992.326518576891,5071.039111657243,5135.400080273476,5200.075462056432,5262.740025513081,5287.3828801219
2026-03-11,2026-03-04,5167.39990234375,5149.548529426782,4958.450558249538,5015.661922586936,5079.302061691866,5149.548529426782,5212.567932785439,5274.08994283405,5335.6501011130595
2026-03-12,2026-03-05,5115.7998046875,5098.101820350916,4920.656184613495,4965.765287102721,5042.583510487098,5098.101820350916,5159.249811737847,5207.6087713080315,5304.449278236461
2026-03-13,2026-03-06,5052.5,5173.421289040265,5017.251235618458,5071.068486490246,5104.8679676896045,5173.421289040265,5257.626753929477,5329.633304819783,5384.608036991282
2026-03-16,2026-03-09,4994.0,5112.538468264725,4959.333019104055,4981.971067065081,5064.7390365060355,5112.538468264725,5174.67935439652,5261.87565234669,5328.2885409937835
2026-03-17,2026-03-10,5001.0,5244.75718067961,5027.238378756886,5092.786917084619,5152.005884871683,5244.75718067961,5326.144160474873,5396.930099496491,5457.141396434552
2026-03-18,2026-03-11,4889.89990234375,5184.035968999902,4975.761932151929,5013.8386791482735,5112.283490943571,5184.035968999902,5252.69627083253,5343.87010794291,5387.878779697593
2026-03-19,2026-03-12,4600.7001953125,5142.5945753474025,4962.34287732156,4996.611821313089,5060.779445105373,5142.5945753474025,5213.928818519433,5281.3297186345335,5318.2007110184095
2026-03-20,2026-03-13,4570.39990234375,5081.351806120509,4904.269718155052,4940.341632158671,5022.300650473513,5081.351806120509,5137.565178233922,5213.091951320389,5279.132876309532
2026-03-23,2026-03-16,4404.10009765625,5030.909144137036,4885.355327863791,4918.8654422213895,4967.926708329911,5030.909144137036,5096.034777394029,5141.398440019824,5175.552706542271
2026-03-24,2026-03-17,4399.2998046875,5031.23052132143,4896.598526988002,4929.507497507844,4981.393348174826,5031.23052132143,5093.819989805867,5152.832173886665,5218.681492796368
2026-03-25,2026-03-18,4549.7998046875,4923.481252309847,4811.779230234419,4823.439282778933,4883.032124849019,4923.481252309847,4981.204144537272,5042.68953385486,5090.979227518907
2026-03-26,2026-03-19,4375.5,4650.225803309057,4584.344025756118,4610.746500390408,4636.102317785922,4650.225803309057,4689.011507796357,4741.164035689986,4788.263568759498
2026-03-27,2026-03-20,4492.0,4618.192903792179,4549.588203096361,4570.181629130358,4595.8403353565245,4618.192903792179,4659.050392977606,4691.662141333144,4778.366049975281
2026-03-30,2026-03-23,4526.0,4454.587055271209,4422.622639988656,4428.052284582514,4452.2508034944085,4454.587055271209,4496.196049646172,4521.738045678461,4564.402901942867
2026-03-31,2026-03-24,4647.60009765625,4440.714921992488,4424.471495298041,4426.028946470423,4427.756654311846,4440.714921992488,4492.537026103967,4519.773252764369,4588.724136880793
2026-04-01,2026-03-25,4783.2001953125,4565.88978767838,4443.1151065502545,4486.502164424537,4534.731809896777,4565.88978767838,4623.436724613101,4689.331825582179,4788.719599956292
2026-04-02,2026-03-26,4651.5,4401.670901300243,4305.805483118878,4312.4678198145575,4364.851384628783,4401.670901300243,4459.86160997117,4521.474570949972,4537.287998524834
2026-04-06,2026-03-27,4656.7998046875,4507.396714301082,4349.900520920344,4394.130202419474,4444.14431544961,4507.396714301082,4566.449160965091,4637.537185630647,4727.813032752712
2026-04-07,2026-03-30,4657.10009765625,4538.537009418366,4324.43019867017,4382.400516429868,4468.906686629916,4538.537009418366,4600.1346119241725,4673.371762848571,4718.051206671546
2026-04-08,2026-03-31,4749.5,4658.105455484585,4454.423066839953,4514.6302844958245,4559.172055209624,4658.105455484585,4743.38693089592,4797.667151297946,4815.264398548401
2026-04-09,2026-04-01,4792.2001953125,4777.220801719848,4521.593497373625,4587.838643940083,4688.4933574365905,4777.220801719848,4850.416778093057,4957.15636458711,5027.558703028719
2026-04-10,2026-04-02,4761.89990234375,4665.526877353862,4449.1532136193,4480.41523485305,4574.138796848428,4665.526877353862,4734.946291639012,4817.559089611377,4820.144391747687
2026-04-13,2026-04-06,4742.39990234375,4676.399118458163,4466.06322350556,4516.208399631174,4590.537496733032,4676.399118458163,4736.750741936656,4809.695479194329,4865.257101490619
2026-04-14,2026-04-07,4825.0,4680.71700241993,4472.999519190828,4530.664695062774,4604.6505748668205,4680.71700241993,4742.149043257863,4800.092770246684,4836.671063889581
2026-04-15,2026-04-08,4800.0,4764.765199804019,4589.838092969601,4645.26038573145,4688.742407459804,4764.765199804019,4836.765378679583,4884.908764402945,4919.133521657661
2026-04-16,2026-04-09,4785.39990234375,4806.371233656928,4630.80688693124,4664.103104162528,4741.780030825685,4806.371233656928,4870.039318338438,4961.144646529169,5018.231736124164
2026-04-17,2026-04-10,4857.60009765625,4780.1952025964265,4580.680310041677,4624.142280369415,4706.391922293381,4780.1952025964265,4844.144664038591,4917.7324827889715,4966.517824268774
2026-04-20,2026-04-13,4806.60009765625,4762.743545092434,4551.67072478845,4605.436363790983,4685.9224161435395,4762.743545092434,4823.491670929902,4893.518658733222,4942.84606525644
2026-04-21,2026-04-14,4698.39990234375,4840.66114829439,4625.842941099481,4687.940536880112,4754.375109107923,4840.66114829439,4909.222407963605,4963.548248145765,5001.8031938540225
2026-04-22,2026-04-15,4732.5,4819.923487067714,4641.41123675802,4675.2531032077495,4753.448001782621,4819.923487067714,4889.328533057365,4948.763486537658,4985.181544685214
2026-04-23,2026-04-16,4705.10009765625,4805.957195113027,4623.826181569011,4672.792427526912,4738.253488117608,4805.957195113027,4867.718881110572,4944.92265595555,4999.634801335527
2026-04-24,2026-04-17,4722.2998046875,4873.49423056255,4663.471478026142,4720.706036423171,4792.906270691523,4873.49423056255,4937.971411986694,5010.739633505411,5060.803679315407
2026-04-27,2026-04-20,4675.39990234375,4828.440578545937,4645.134981928343,4680.244367039487,4760.692443185777,4828.440578545937,4898.447814995482,4951.217865118011,4983.75264593386
2026-04-28,2026-04-21,4591.5,4726.138741246844,4563.037717147103,4604.175953237122,4670.743225063901,4726.138741246844,4785.204679091664,4855.116494120185,4905.816354836772
2026-04-29,2026-04-22,4545.2001953125,4754.897920175596,4572.014184062417,4632.318476664685,4686.298452999504,4754.897920175596,4815.249445643061,4879.575517600324,4928.500730474712
2026-04-30,2026-04-23,4614.7001953125,4729.197201748629,4578.905034775247,4612.133800738354,4673.123587690516,4729.197201748629,4798.529725753968,4843.599313140886,4872.275615067101
2026-05-01,2026-04-24,4629.89990234375,4743.061014854774,4599.733315919832,4643.185885341374,4687.525941570033,4743.061014854774,4805.922769341775,4880.873764835837,4934.206147517821
2026-05-04,2026-04-27,4519.5,4698.461706934625,4539.951249991054,4572.459472458977,4645.163766216184,4698.461706934625,4758.0627566725,4836.279345700095,4888.092283265809
2026-05-05,2026-04-28,4555.7998046875,4618.468633032859,4461.133125234681,4502.582595900515,4562.831127966334,4618.468633032859,4679.493234406209,4735.517146364194,4776.396840768219
2026-05-06,2026-04-29,4681.89990234375,4572.014983483447,4423.618100492214,4467.909133114882,4520.23029881778,4572.014983483447,4630.10056697826,4690.494358011698,4735.47429444247
2026-05-07,2026-04-30,4699.7998046875,4634.246999847763,4483.343000285988,4533.240151273597,4573.403353436562,4634.246999847763,4698.831025022277,4754.871794500806,4795.408038467391
2026-05-08,2026-05-01,4720.39990234375,4648.494169817059,4508.763114477046,4537.299473823037,4595.693177280704,4648.494169817059,4714.110459389638,4782.7243508901365,4825.891969792192
2026-05-11,2026-05-04,4718.7001953125,4544.766787226932,4402.446094465275,4429.888361245985,4498.262206107681,4544.766787226932,4602.000813957334,4678.725452859627,4730.680055444218
2026-05-12,2026-05-05,4677.60009765625,4575.733681893288,4391.656444714681,4452.713817943443,4506.674843702503,4575.733681893288,4631.546606663143,4703.710468472985,4758.547664428843
2026-05-13,2026-05-06,4697.7001953125,4694.341905315384,4502.709306874434,4554.469877367218,4615.257906693433,4694.341905315384,4764.284534305452,4815.734373900203,4848.57360207041
2026-05-14,2026-05-07,4678.10009765625,4716.315920777133,4543.23842607258,4576.009539646293,4649.771379859872,4716.315920777133,4788.086766636052,4852.3359106342605,4887.827157450435
2026-05-15,2026-05-08,4555.7998046875,4738.341631765475,4527.900887737855,4578.960131694632,4664.1425656828615,4738.341631765475,4795.971462774311,4892.247765640462,4956.7984198116255
2026-05-18,2026-05-11,4552.5,4738.871250808728,4507.91943075472,4563.793873337323,4651.747210198633,4738.871250808728,4799.382329396472,4868.727907166138,4915.535576947682
2026-05-19,2026-05-12,4506.2998046875,4702.151912077651,4500.532963198859,4549.076533948774,4622.426777662447,4702.151912077651,4766.851676774495,4813.729336221589,4847.40243487188
2026-05-20,2026-05-13,4531.2998046875,4717.879125393103,4532.141813161067,4581.575548473435,4646.58627768267,4717.879125393103,4781.486941202808,4844.951619262612,4891.949041683348
2026-05-21,2026-05-14,4539.7998046875,4697.9220580794245,4528.916327513966,4564.90499255518,4634.889694174286,4697.9220580794245,4763.433881286406,4824.3652843640275,4863.029205093259
2026-05-22,2026-05-15,4521.0,4581.537101030569,4438.42521936991,4463.0412108414475,4533.04801938466,4581.537101030569,4640.22362609353,4702.635519183492,4742.063866312368
2026-05-26,2026-05-18,4500.39990234375,4573.875357307216,4420.498860444723,4464.184383236802,4518.142825453531,4573.875357307216,4631.704980973753,4698.985732268963,4751.86496046655
2026-05-27,2026-05-19,4447.5,4526.076746488433,4396.061166571975,4419.7032863293125,4478.871722919127,4526.076746488433,4590.549899869867,4642.791957641208,4674.770892746259
2026-05-28,2026-05-20,4499.2998046875,4550.142126638307,4420.069383179146,4454.375464627868,4500.069803248258,4550.142126638307,4615.982975043594,4675.32443605707,4718.858081997357
2026-05-29,2026-05-21,4560.5,4554.593601006916,4410.030963725974,4438.123743145253,4506.332767950595,4554.593601006916,4615.714192772173,4698.114867636795,4748.632925364355
2026-06-01,2026-05-22,4475.2001953125,4541.048183861202,4379.939491192983,4415.732036333506,4481.412177721784,4541.048183861202,4603.4238946880005,4667.151434567842,4709.185505533549
2026-06-02,2026-05-26,4489.10009765625,4519.922597420905,4352.188426257593,4390.637501822387,4460.433244513123,4519.922597420905,4577.859006786593,4650.445212505978,4699.2803201573715
2026-06-03,2026-05-27,4436.7001953125,4469.434382263798,4309.8077336132,4344.6674888583275,4410.945417914914,4469.434382263798,4528.7938549268165,4586.122848799055,4624.650504367674
2026-06-04,2026-05-28,4475.7998046875,4517.028436583746,4353.203880188706,4399.908796754323,4452.651406715109,4517.028436583746,4580.472021465783,4639.288974385614,4684.4958922208825
2026-06-05,2026-05-29,4337.10009765625,4574.1004434829165,4407.86000692842,4446.0803899226585,4510.46626510204,4574.1004434829165,4641.579369013468,4707.188388649811,4748.351555799576
2026-06-08,2026-06-01,4335.89990234375,4496.863436426655,4340.566666723767,4365.691976524712,4442.974943030048,4496.863436426655,4556.751811181287,4625.107017425113,4664.225208242942
2026-06-09,2026-06-02,4260.0,4509.329896479203,4323.457070318599,4375.891166566535,4441.460753305939,4509.329896479203,4563.977889267487,4640.266626368869,4698.600886647586
2026-06-10,2026-06-03,4108.2001953125,4457.094605037756,4290.336792540048,4323.807345948852,4395.474592441417,4457.094605037756,4517.683581606278,4570.48752732812,4603.0003972354825
2026-06-11,2026-06-04,4090.300048828125,4495.7416707085395,4338.032493911887,4383.813435248795,4431.037651352901,4495.7416707085395,4561.443844878981,4609.602234295689,4648.779997986972
2026-06-12,2026-06-05,4215.0,4358.295371593052,4234.032657801211,4244.690633767275,4322.526198073427,4358.295371593052,4412.591487128981,4485.7996512450245,4524.747475162593
2026-06-15,2026-06-08,4328.0,4357.631241243618,4212.883687373336,4255.875962113543,4299.285613768778,4357.631241243618,4417.407747232973,4470.281275840126,4517.809664903337
2026-06-16,2026-06-09,4330.89990234375,4276.891343962868,4159.951754681201,4169.843265093681,4236.286256641241,4276.891343962868,4332.997696300568,4397.232938482509,4433.30919495865
2026-06-17,2026-06-10,4358.89990234375,4133.298420891408,4047.7965928112853,4062.2482111573922,4098.627874311531,4133.298420891408,4190.169086030977,4232.5943841060825,4261.148964472676
2026-06-18,2026-06-11,4224.10009765625,4107.982158908121,4011.628166206549,4030.388845079049,4075.6634109967868,4107.982158908121,4160.2234924949325,4229.076589128835,4282.521101686316
2026-06-22,2026-06-12,4181.89990234375,4221.941944436779,4109.28113344236,4138.688470515114,4178.035919577008,4221.941944436779,4293.669381863364,4340.519701521498,4375.554350100845
2026-06-23,2026-06-15,4129.89990234375,4334.4492382240815,4203.537466795527,4233.588107411814,4289.424720351593,4334.4492382240815,4405.519236342554,4475.643030450571,4514.545978069357
2026-06-24,2026-06-16,3990.300048828125,4346.798007097634,4162.498206127225,4198.324422292205,4286.144774628715,4346.798007097634,4398.474366963942,4497.643162946159,4554.041146290361
2026-06-25,2026-06-17,4030.5,4378.46624537698,4137.990951069121,4196.266481392795,4287.614372169941,4378.46624537698,4428.235427771927,4508.008174120293,4564.391661965778
2026-06-26,2026-06-18,4078.699951171875,4248.801251136285,4052.5582679599215,4087.2046829175997,4169.848411041999,4248.801251136285,4299.620152220986,4347.86330842999,4374.938822182577
2026-06-29,2026-06-22,4022.300048828125,4205.918815546943,4044.8367898105985,4090.2349819372507,4137.1343786594,4205.918815546943,4262.7783061533,4300.49578842958,4337.528623743926
2026-06-30,2026-06-23,4022.89990234375,4146.789713611277,4030.0428780074903,4046.617814148505,4102.607717275554,4146.789713611277,4203.896930085493,4255.376428784272,4288.427259271034
2026-07-01,2026-06-24,4068.300048828125,4012.685775042488,3938.1035560644755,3947.2206707067585,3983.109508040634,4012.685775042488,4069.429200164431,4110.960607835357,4136.568609525755
2026-07-02,2026-06-25,4112.7001953125,4045.283780676592,3946.762701188215,3972.2497020472974,4011.470433589603,4045.283780676592,4100.552772407698,4167.425116696764,4221.686819876522
2026-07-06,2026-06-26,4155.10009765625,4087.357060628321,3980.891646464501,3997.929348214352,4049.6103876696507,4087.357060628321,4151.494921022061,4207.822489598359,4240.417601765862
2026-07-07,2026-06-29,4145.2998046875,4039.6498012669117,3932.0248632482217,3951.3530442265883,4002.112272869505,4039.6498012669117,4096.51927765705,4158.903486223396,4193.872120074093
2026-07-08,2026-06-30,4070.89990234375,4040.347324062598,3887.9204496627153,3920.983376583496,3988.3847011910175,4040.347324062598,4086.76459711843,4169.485517400919,4227.702264149142
2026-07-09,2026-07-01,4130.60009765625,4081.668322543282,3913.8377190262127,3952.5042434969596,4015.80010454701,4081.668322543282,4140.098480781389,4191.537555830714,4227.524374761163
2026-07-10,2026-07-02,4104.10009765625,4126.150420158975,3968.831537689557,4007.9626882564817,4064.168016597852,4126.150420158975,4189.091872538922,4238.902573873837,4271.2305668012295
2026-07-13,2026-07-06,3997.0,4169.174679552615,3994.954662891423,4034.742222447649,4106.125951943712,4169.174679552615,4224.667838042358,4298.352437864754,4345.458288176944
2026-07-14,2026-07-07,4061.10009765625,4162.759662707236,3975.172317770091,4015.2784865935423,4092.2416157568764,4162.759662707236,4215.550873621327,4282.151673571959,4323.678393522885
2026-07-15,2026-07-08,4044.0,4092.8303825165085,3919.5407449642535,3955.835578776675,4025.1785069896014,4092.8303825165085,4143.143704576424,4198.746683673423,4235.340080603551
2026-07-16,2026-07-09,3985.60009765625,4145.409816921017,3969.663785941155,4013.152729947893,4073.996967303534,4145.409816921017,4206.469472121296,4255.531864561764,4291.885130721116
2026-07-17,2026-07-10,4012.699951171875,4118.763923916809,3979.842064116233,4003.0384765991284,4062.1837121276985,4118.763923916809,4178.36025345491,4228.105829955578,4254.284294572006
2026-07-20,2026-07-13,4010.300048828125,4017.5636511006805,3887.85685565666,3921.07592819862,3971.194794093088,4017.5636511006805,4072.0142254586303,4131.164404491831,4171.133564459613
2026-07-21,2026-07-14,4071.10009765625,4079.0756883198446,3911.206733958621,3952.7348602081597,4020.1629687138934,4079.0756883198446,4129.945817898814,4195.488743714739,4245.185190477087
2026-07-22,2026-07-15,4146.89990234375,4058.0876035066503,3934.018137057196,3953.694428353749,4005.183047065051,4058.0876035066503,4118.725666079232,4162.628854176433,4184.779238336216
2026-07-23,2026-07-16,4046.60009765625,4003.982510724983,3875.250287077977,3913.290002994542,3959.2403537912487,4003.982510724983,4061.101958462362,4120.215298851971,4163.696326830551
2026-07-24,2026-07-17,4067.60009765625,4030.722870258697,3862.25349234109,3899.0485627230137,3975.0676145674283,4030.722870258697,4077.530389501772,4150.468060521052,4201.202161015256
2026-07-27,2026-07-20,4074.5,4024.190104260123,3885.5227552266247,3913.3368129944733,3965.7454555165496,4024.190104260123,4085.1854626276486,4129.072665093632,4154.670119051732
2026-07-28,2026-07-21,4036.300048828125,4083.9199820542467,3925.6672257792247,3970.8550178801524,4025.748143170288,4083.9199820542467,4146.055157285054,4202.73185616473,4246.4514965944545
2026-07-29,2026-07-22,4034.699951171875,4157.555127192096,3968.6432978617204,4009.499858313725,4090.9342405219636,4157.555127192096,4215.098754375607,4283.686811997752,4328.691803545581
2026-07-30,2026-07-23,4100.10009765625,4062.0139056070047,3893.9377639420277,3925.2123386213043,3998.3623561405466,4062.0139056070047,4118.231986164826,4178.344618232353,4210.561760040177
2026-07-31,2026-07-24,4049.10009765625,4084.454408255916,3890.5961846052824,3940.199856950983,4011.5473304791544,4084.454408255916,4139.65475301769,4200.332878357888,4245.917280530771
2026-08-03,2026-07-27,4033.699951171875,4088.6253254805715,3929.1192210913828,3953.2693355897536,4021.471382053628,4088.6253254805715,4145.998264125177,4193.257192467754,4216.927563051089
2026-08-04,2026-07-28,4095.39990234375,4051.7692886565883,3923.0756975462446,3958.2846466002616,3997.815794761871,4051.7692886565883,4116.717939116494,4159.432537637068,4189.012725065122
2026-08-05,2026-07-29,4245.7998046875,4053.0582473496042,3892.965919734409,3929.63541264249,4000.8230262986385,4053.0582473496042,4101.845815639073,4174.343592785224,4224.6783739560315
2026-08-06,2026-07-30,4242.0,4112.708410552802,3949.7209617972076,3987.6849470586462,4048.2130108169786,4112.708410552802,4174.155022791935,4225.2976788342185,4260.48799058628
2026-08-07,2026-07-31,4340.7001953125,4064.17970362584,3919.4325916715584,3948.205229405422,4009.835040288768,4064.17970362584,4121.880831274702,4179.096192595101,4212.337411449183
2026-08-10,2026-08-03,4422.89990234375,4051.3028450054726,3883.5261996534014,3926.695947738915,3991.9691833981815,4051.3028450054726,4105.214967050501,4169.843036753956,4216.599507084295
