target_date,origin_date,actual,point,q10,q20,q30,q40,q50,q60,q70,q80,q90
2015-01-02,2014-12-24,1186.0,1175.6263427734375,1138.8096923828125,1153.164306640625,1162.289306640625,1168.0306396484375,1175.6263427734375,1182.013427734375,1188.6859130859375,1197.3861083984375,1210.1536865234375
2015-01-05,2014-12-26,1203.9,1195.8065185546875,1159.142578125,1173.330078125,1182.7239990234375,1188.580078125,1195.8065185546875,1201.7789306640625,1208.37890625,1216.491455078125,1228.5770263671875
2015-01-06,2014-12-29,1219.3,1187.6448974609375,1151.08154296875,1164.9876708984375,1174.399169921875,1180.562744140625,1187.6448974609375,1193.2110595703125,1200.182861328125,1208.609619140625,1221.160888671875
2015-01-07,2014-12-30,1210.6,1201.5477294921875,1163.956787109375,1178.659423828125,1188.12548828125,1194.6695556640625,1201.5477294921875,1207.3057861328125,1214.51904296875,1222.90966796875,1235.39208984375
2015-01-08,2014-12-31,1208.4,1192.3189697265625,1155.0604248046875,1169.063232421875,1178.59326171875,1185.1478271484375,1192.3189697265625,1198.357177734375,1204.9112548828125,1213.26416015625,1225.9317626953125
2015-01-09,2015-01-02,1216.0,1191.5777587890625,1153.8580322265625,1168.4583740234375,1178.0799560546875,1184.2767333984375,1191.5777587890625,1197.63330078125,1204.14453125,1212.3154296875,1224.2476806640625
2015-01-12,2015-01-05,1232.7,1209.921630859375,1170.0185546875,1184.9619140625,1195.3480224609375,1201.8907470703125,1209.921630859375,1216.8199462890625,1223.6669921875,1232.65185546875,1246.1019287109375
2015-01-13,2015-01-06,1234.3,1225.04248046875,1184.3751220703125,1199.515869140625,1210.291259765625,1217.1483154296875,1225.04248046875,1232.2401123046875,1239.55029296875,1248.9935302734375,1262.844970703125
2015-01-14,2015-01-07,1234.4,1219.9345703125,1181.635009765625,1196.407958984375,1206.6669921875,1212.533447265625,1219.9345703125,1226.9354248046875,1234.0985107421875,1243.3790283203125,1257.3709716796875
2015-01-15,2015-01-08,1264.7,1212.3934326171875,1175.0814208984375,1189.5023193359375,1199.94580078125,1205.5589599609375,1212.3934326171875,1218.7681884765625,1225.505126953125,1234.5130615234375,1248.4227294921875
2015-01-16,2015-01-09,1276.9,1216.1265869140625,1180.410888671875,1194.1331787109375,1204.001953125,1209.941650390625,1216.1265869140625,1221.9945068359375,1229.076416015625,1237.805908203125,1250.9459228515625
2015-01-20,2015-01-12,1294.2,1235.3621826171875,1195.581787109375,1210.9366455078125,1221.4932861328125,1228.1888427734375,1235.3621826171875,1242.10986328125,1249.9874267578125,1259.555908203125,1274.0587158203125
2015-01-21,2015-01-13,1293.7,1240.033203125,1203.388671875,1217.51416015625,1227.6851806640625,1233.7554931640625,1240.033203125,1246.5404052734375,1254.166748046875,1262.816162109375,1275.8505859375
2015-01-22,2015-01-14,1300.7,1240.8668212890625,1207.93017578125,1220.6224365234375,1229.830322265625,1235.3160400390625,1240.8668212890625,1246.72705078125,1253.474853515625,1261.9879150390625,1273.7408447265625
2015-01-23,2015-01-15,1292.6,1271.0325927734375,1224.8392333984375,1242.336181640625,1254.7593994140625,1262.7451171875,1271.0325927734375,1279.0654296875,1288.07568359375,1299.0675048828125,1314.45361328125
2015-01-26,2015-01-16,1279.4,1280.66943359375,1229.81591796875,1249.0140380859375,1262.7266845703125,1271.380859375,1280.66943359375,1289.7213134765625,1298.6507568359375,1310.1654052734375,1325.2740478515625
2015-01-27,2015-01-20,1291.7,1296.571533203125,1237.355224609375,1259.810791015625,1275.249267578125,1285.661376953125,1296.571533203125,1306.7674560546875,1317.2940673828125,1329.7852783203125,1347.2034912109375
2015-01-28,2015-01-21,1285.9,1296.3028564453125,1245.336669921875,1265.17724609375,1278.526123046875,1286.9122314453125,1296.3028564453125,1305.546142578125,1314.0343017578125,1324.254150390625,1338.6429443359375
2015-01-29,2015-01-22,1254.6,1302.3585205078125,1252.1544189453125,1270.941650390625,1284.4798583984375,1292.94873046875,1302.3585205078125,1311.6956787109375,1320.153076171875,1330.66015625,1346.13037109375
2015-01-30,2015-01-23,1278.5,1287.3994140625,1238.8304443359375,1256.744140625,1269.860107421875,1278.3880615234375,1287.3994140625,1296.4163818359375,1304.693115234375,1314.967529296875,1328.829833984375
2015-02-02,2015-01-26,1276.2,1271.718017578125,1227.8824462890625,1244.50927734375,1256.316650390625,1263.94189453125,1271.718017578125,1279.5064697265625,1287.098388671875,1296.171630859375,1307.6671142578125
2015-02-03,2015-01-27,1259.7,1281.57470703125,1234.011962890625,1252.211669921875,1264.560546875,1272.8397216796875,1281.57470703125,1289.9801025390625,1298.1998291015625,1307.5107421875,1320.0382080078125
2015-02-04,2015-01-28,1263.8,1275.53759765625,1230.6846923828125,1247.64208984375,1259.374267578125,1267.5849609375,1275.53759765625,1283.91015625,1291.02392578125,1299.557861328125,1310.888671875
2015-02-05,2015-01-29,1262.0,1241.420166015625,1199.8304443359375,1214.71728515625,1225.5604248046875,1234.0699462890625,1241.420166015625,1249.55224609375,1256.4517822265625,1264.549560546875,1275.9561767578125
2015-02-06,2015-01-30,1233.9,1260.2174072265625,1214.086181640625,1231.47314453125,1243.7667236328125,1252.6312255859375,1260.2174072265625,1268.53515625,1275.9403076171875,1285.345458984375,1297.4287109375
2015-02-09,2015-02-02,1240.8,1262.218505859375,1217.2000732421875,1234.4002685546875,1246.4298095703125,1254.8804931640625,1262.218505859375,1270.2886962890625,1278.322021484375,1286.57373046875,1297.313232421875
2015-02-10,2015-02-03,1231.6,1247.9517822265625,1206.2415771484375,1222.2703857421875,1233.7210693359375,1241.339111328125,1247.9517822265625,1255.3621826171875,1262.6148681640625,1270.40966796875,1279.9093017578125
2015-02-11,2015-02-04,1219.0,1252.2918701171875,1214.40234375,1229.2991943359375,1239.757568359375,1246.4676513671875,1252.2918701171875,1258.954833984375,1265.609619140625,1272.939208984375,1281.844970703125
2015-02-12,2015-02-05,1220.1,1250.9571533203125,1214.2159423828125,1228.1546630859375,1238.543212890625,1244.91259765625,1250.9571533203125,1257.74755859375,1264.722412109375,1272.7462158203125,1282.2974853515625
2015-02-13,2015-02-06,1226.5,1226.980224609375,1188.55029296875,1203.220947265625,1213.608642578125,1220.7650146484375,1226.980224609375,1234.1129150390625,1241.2808837890625,1250.0255126953125,1260.013671875
2015-02-17,2015-02-09,1208.1,1232.62109375,1196.35400390625,1210.193603515625,1220.185546875,1226.9620361328125,1232.62109375,1239.469970703125,1246.4556884765625,1254.6326904296875,1264.679931640625
2015-02-18,2015-02-10,1199.7,1225.1768798828125,1191.5291748046875,1204.47802734375,1213.28759765625,1219.724853515625,1225.1768798828125,1231.7353515625,1238.93310546875,1247.114501953125,1257.18701171875
2015-02-19,2015-02-11,1207.1,1214.01171875,1181.99951171875,1194.25146484375,1202.6898193359375,1208.800537109375,1214.01171875,1220.440185546875,1226.84375,1235.5284423828125,1245.7044677734375
2015-02-20,2015-02-12,1204.4,1214.5743408203125,1183.5487060546875,1195.201904296875,1203.514892578125,1209.4833984375,1214.5743408203125,1221.373046875,1227.535888671875,1236.281005859375,1246.456298828125
2015-02-23,2015-02-13,1200.3,1222.6348876953125,1191.405517578125,1202.9766845703125,1211.5623779296875,1217.4896240234375,1222.6348876953125,1229.1492919921875,1235.9727783203125,1244.55224609375,1255.287841796875
2015-02-24,2015-02-17,1196.9,1204.85302734375,1174.0452880859375,1185.2960205078125,1193.79296875,1199.6085205078125,1204.85302734375,1211.2235107421875,1218.063720703125,1226.8935546875,1237.6480712890625
2015-02-25,2015-02-18,1201.0,1196.88720703125,1164.98486328125,1176.7900390625,1185.402587890625,1191.1727294921875,1196.88720703125,1203.767333984375,1210.44970703125,1219.8140869140625,1231.996826171875
2015-02-26,2015-02-19,1209.6,1204.0672607421875,1173.8587646484375,1185.265869140625,1193.1373291015625,1198.825439453125,1204.0672607421875,1210.3759765625,1216.4449462890625,1225.2178955078125,1235.9527587890625
2015-02-27,2015-02-20,1212.6,1203.2298583984375,1172.725830078125,1183.805908203125,1191.8004150390625,1197.76416015625,1203.2298583984375,1209.6756591796875,1215.8009033203125,1224.866943359375,1235.8057861328125
2015-03-02,2015-02-23,1207.7,1197.150390625,1169.42919921875,1179.7840576171875,1186.858642578125,1192.298828125,1197.150390625,1202.935302734375,1208.718505859375,1217.3626708984375,1227.4609375
2015-03-03,2015-02-24,1204.0,1194.2493896484375,1167.23046875,1177.42041015625,1184.2437744140625,1189.7745361328125,1194.2493896484375,1199.99462890625,1205.968505859375,1214.2432861328125,1224.708740234375
2015-03-04,2015-02-25,1200.6,1198.3978271484375,1172.7352294921875,1182.0283203125,1188.8983154296875,1194.001953125,1198.3978271484375,1204.170654296875,1209.5933837890625,1217.89794921875,1227.4716796875
2015-03-05,2015-02-26,1195.9,1207.0338134765625,1179.25439453125,1189.546630859375,1196.7850341796875,1202.2529296875,1207.0338134765625,1212.8089599609375,1218.788330078125,1226.9967041015625,1236.6126708984375
2015-03-06,2015-02-27,1164.1,1211.7686767578125,1183.103515625,1194.1513671875,1201.16357421875,1206.7540283203125,1211.7686767578125,1217.5675048828125,1223.7833251953125,1231.94921875,1241.301025390625
2015-03-09,2015-03-02,1166.4,1207.2359619140625,1180.062744140625,1190.43017578125,1197.2906494140625,1202.349609375,1207.2359619140625,1212.77685546875,1218.86865234375,1226.390380859375,1235.4534912109375
2015-03-10,2015-03-03,1160.1,1204.6221923828125,1177.5911865234375,1187.905029296875,1195.06640625,1199.7794189453125,1204.6221923828125,1209.6790771484375,1215.4951171875,1222.513427734375,1231.073486328125
2015-03-11,2015-03-04,1150.7,1199.4295654296875,1173.8792724609375,1183.8868408203125,1190.31591796875,1194.971923828125,1199.4295654296875,1204.4019775390625,1210.09326171875,1216.8358154296875,1225.9166259765625
2015-03-12,2015-03-05,1152.1,1194.89013671875,1169.767578125,1179.453125,1185.751220703125,1189.8277587890625,1194.89013671875,1200.1627197265625,1205.1593017578125,1212.416015625,1222.3057861328125
2015-03-13,2015-03-06,1152.6,1171.1826171875,1136.042236328125,1149.6007080078125,1158.4384765625,1164.3045654296875,1171.1826171875,1178.046142578125,1185.1236572265625,1195.0443115234375,1207.87548828125
2015-03-16,2015-03-09,1153.3,1162.419677734375,1129.8900146484375,1141.78466796875,1150.073486328125,1155.58642578125,1162.419677734375,1169.048095703125,1175.515869140625,1184.717041015625,1197.4068603515625
2015-03-17,2015-03-10,1148.3,1153.4088134765625,1117.37548828125,1130.39013671875,1139.160400390625,1145.7265625,1153.4088134765625,1160.3975830078125,1167.096435546875,1177.248291015625,1191.1925048828125
2015-03-18,2015-03-11,1151.4,1152.540283203125,1115.061767578125,1128.396240234375,1137.7607421875,1144.6990966796875,1152.540283203125,1159.8505859375,1167.4610595703125,1178.725830078125,1194.35546875
2015-03-19,2015-03-12,1169.1,1153.6468505859375,1120.461669921875,1132.1031494140625,1140.45654296875,1146.604736328125,1153.6468505859375,1159.8525390625,1166.19189453125,1175.933349609375,1189.7197265625
2015-03-20,2015-03-13,1184.8,1155.627685546875,1124.4398193359375,1135.643798828125,1143.29736328125,1148.919921875,1155.627685546875,1161.279541015625,1166.9625244140625,1176.279052734375,1189.068359375
2015-03-23,2015-03-16,1188.0,1156.12890625,1127.37890625,1137.70703125,1144.8753662109375,1149.863037109375,1156.12890625,1161.257080078125,1166.3665771484375,1174.5780029296875,1186.3529052734375
2015-03-24,2015-03-17,1191.7,1154.957275390625,1125.30029296875,1136.01123046875,1143.07080078125,1148.079833984375,1154.957275390625,1160.7489013671875,1165.925048828125,1174.7532958984375,1188.057373046875
2015-03-25,2015-03-18,1197.3,1154.4251708984375,1127.7691650390625,1137.462890625,1143.6275634765625,1148.3582763671875,1154.4251708984375,1159.371337890625,1163.9166259765625,1171.3233642578125,1182.8406982421875
2015-03-26,2015-03-19,1205.1,1171.31640625,1143.3248291015625,1153.3594970703125,1160.26123046875,1165.1094970703125,1171.31640625,1176.5147705078125,1181.1407470703125,1188.1683349609375,1199.4947509765625
2015-03-27,2015-03-20,1199.8,1186.3619384765625,1153.0213623046875,1165.3072509765625,1174.4930419921875,1179.5975341796875,1186.3619384765625,1192.0841064453125,1197.013427734375,1204.340576171875,1215.4923095703125
2015-03-30,2015-03-23,1184.8,1197.0992431640625,1163.6759033203125,1176.01416015625,1185.1490478515625,1190.31591796875,1197.0992431640625,1202.6600341796875,1207.77001953125,1215.4473876953125,1226.960693359375
2015-03-31,2015-03-24,1183.1,1199.8592529296875,1166.2889404296875,1179.205810546875,1188.1240234375,1193.326416015625,1199.8592529296875,1205.475830078125,1210.65771484375,1218.0050048828125,1229.0906982421875
2015-04-01,2015-03-25,1208.1,1203.281494140625,1169.764404296875,1182.5321044921875,1191.5025634765625,1196.4017333984375,1203.281494140625,1208.7684326171875,1213.7630615234375,1220.8704833984375,1231.8536376953125
2015-04-02,2015-03-26,1200.9,1211.1424560546875,1177.781494140625,1190.536376953125,1199.34130859375,1204.2298583984375,1211.1424560546875,1216.6268310546875,1221.6781005859375,1228.9364013671875,1240.08837890625
2015-04-06,2015-03-27,1218.6,1202.96240234375,1172.6494140625,1184.0997314453125,1191.9783935546875,1196.5679931640625,1202.96240234375,1207.595947265625,1212.549560546875,1219.2337646484375,1229.5194091796875
2015-04-07,2015-03-30,1210.6,1181.674560546875,1150.4256591796875,1162.1903076171875,1170.057861328125,1174.946044921875,1181.674560546875,1186.5887451171875,1192.04541015625,1199.3507080078125,1211.1019287109375
2015-04-08,2015-03-31,1203.1,1179.2249755859375,1149.03955078125,1159.910400390625,1167.7535400390625,1172.88623046875,1179.2249755859375,1184.109619140625,1189.5028076171875,1197.4891357421875,1209.2730712890625
2015-04-09,2015-04-01,1193.6,1203.111328125,1168.8359375,1181.15966796875,1190.1651611328125,1195.710693359375,1203.111328125,1208.6876220703125,1214.4180908203125,1222.791748046875,1235.361083984375
2015-04-10,2015-04-02,1204.6,1197.4267578125,1163.102294921875,1175.6639404296875,1184.6231689453125,1189.701416015625,1197.4267578125,1203.153076171875,1209.096435546875,1217.548095703125,1230.463134765625
2015-04-13,2015-04-06,1199.3,1216.0107421875,1179.083984375,1192.7113037109375,1202.3289794921875,1208.1627197265625,1216.0107421875,1222.16259765625,1228.186279296875,1237.0313720703125,1250.1160888671875
2015-04-14,2015-04-07,1192.8,1207.247802734375,1174.170166015625,1186.218994140625,1194.67333984375,1200.23388671875,1207.247802734375,1212.7222900390625,1218.2705078125,1226.3150634765625,1238.51171875
2015-04-15,2015-04-08,1201.5,1199.2833251953125,1164.4853515625,1177.1031494140625,1185.831298828125,1191.9783935546875,1199.2833251953125,1204.78466796875,1210.5433349609375,1218.9827880859375,1231.312255859375
2015-04-16,2015-04-09,1198.0,1186.360107421875,1151.96337890625,1164.352294921875,1172.7149658203125,1178.75634765625,1186.360107421875,1191.798828125,1197.4468994140625,1205.8365478515625,1218.875732421875
2015-04-17,2015-04-10,1202.9,1197.7159423828125,1164.1256103515625,1176.23095703125,1184.5242919921875,1190.17138671875,1197.7159423828125,1203.5887451171875,1208.6063232421875,1217.0029296875,1230.141357421875
2015-04-20,2015-04-13,1193.5,1193.6436767578125,1158.94775390625,1171.3846435546875,1179.799072265625,1185.7169189453125,1193.6436767578125,1199.534912109375,1204.799560546875,1213.290283203125,1226.9039306640625
2015-04-21,2015-04-14,1202.9,1187.45361328125,1154.835205078125,1166.4833984375,1174.148681640625,1179.8697509765625,1187.45361328125,1193.0479736328125,1197.6640625,1205.9755859375,1219.107421875
2015-04-22,2015-04-15,1186.9,1198.9554443359375,1165.6031494140625,1177.9178466796875,1185.66455078125,1190.8521728515625,1198.9554443359375,1205.170654296875,1210.320556640625,1218.5540771484375,1231.7572021484375
2015-04-23,2015-04-16,1194.4,1196.316650390625,1163.662109375,1176.1685791015625,1183.4989013671875,1188.6505126953125,1196.316650390625,1202.2652587890625,1207.566650390625,1215.6611328125,1228.4866943359375
2015-04-24,2015-04-17,1175.2,1203.830078125,1173.666259765625,1184.716064453125,1192.1767578125,1197.38037109375,1203.830078125,1209.261962890625,1214.743896484375,1222.257568359375,1233.9462890625
2015-04-27,2015-04-20,1203.3,1195.4678955078125,1164.08447265625,1175.529296875,1183.600830078125,1189.211181640625,1195.4678955078125,1200.9127197265625,1206.4088134765625,1214.0406494140625,1225.1407470703125
2015-04-28,2015-04-21,1214.0,1203.6478271484375,1170.81884765625,1182.632568359375,1190.7830810546875,1196.7799072265625,1203.6478271484375,1209.4334716796875,1215.3173828125,1223.512451171875,1235.2552490234375
2015-04-29,2015-04-22,1209.8,1188.88818359375,1156.81005859375,1167.9576416015625,1175.89453125,1182.025390625,1188.88818359375,1194.420166015625,1200.2008056640625,1208.4493408203125,1220.9288330078125
2015-04-30,2015-04-23,1182.4,1195.6153564453125,1163.1741943359375,1175.019775390625,1183.1943359375,1189.21875,1195.6153564453125,1201.01708984375,1206.5631103515625,1213.9100341796875,1224.3182373046875
2015-05-01,2015-04-24,1174.5,1174.995849609375,1141.3797607421875,1153.9931640625,1162.25537109375,1168.3892822265625,1174.995849609375,1180.7562255859375,1186.855224609375,1194.5457763671875,1205.3671875
2015-05-04,2015-04-27,1186.8,1202.1636962890625,1168.564697265625,1181.126220703125,1189.388916015625,1195.704833984375,1202.1636962890625,1208.0191650390625,1214.1822509765625,1221.8173828125,1232.865478515625
2015-05-05,2015-04-28,1193.2,1219.6650390625,1184.5787353515625,1197.7347412109375,1206.28173828125,1212.9810791015625,1219.6650390625,1225.653564453125,1231.7696533203125,1239.3585205078125,1250.3270263671875
2015-05-06,2015-04-29,1190.3,1215.8084716796875,1182.428466796875,1194.43896484375,1202.810302734375,1209.16064453125,1215.8084716796875,1221.556884765625,1227.50341796875,1235.3720703125,1247.322021484375
2015-05-07,2015-04-30,1182.4,1190.3282470703125,1156.5150146484375,1168.293701171875,1176.8245849609375,1183.1356201171875,1190.3282470703125,1196.1634521484375,1202.2364501953125,1210.9239501953125,1223.5946044921875
2015-05-08,2015-05-01,1189.1,1175.64111328125,1139.8935546875,1152.1947021484375,1160.9366455078125,1167.629638671875,1175.64111328125,1181.8131103515625,1187.9954833984375,1197.5460205078125,1211.4989013671875
2015-05-11,2015-05-04,1183.2,1185.245849609375,1151.6658935546875,1163.0052490234375,1171.3240966796875,1177.985595703125,1185.245849609375,1191.0244140625,1196.6746826171875,1205.431640625,1218.2977294921875
2015-05-12,2015-05-05,1192.6,1191.4459228515625,1156.90673828125,1168.0335693359375,1176.6524658203125,1184.04248046875,1191.4459228515625,1197.9549560546875,1204.1580810546875,1213.71142578125,1227.723388671875
2015-05-13,2015-05-06,1218.4,1190.78173828125,1154.3255615234375,1167.0789794921875,1176.1427001953125,1183.013427734375,1190.78173828125,1196.942138671875,1202.955322265625,1212.068359375,1225.0450439453125
2015-05-14,2015-05-07,1225.4,1182.775390625,1149.0140380859375,1160.7293701171875,1168.8822021484375,1175.174560546875,1182.775390625,1188.6944580078125,1194.869873046875,1203.6934814453125,1216.6959228515625
2015-05-15,2015-05-08,1225.5,1190.950439453125,1156.0369873046875,1168.5057373046875,1177.281005859375,1183.7684326171875,1190.950439453125,1196.580810546875,1202.7088623046875,1211.010498046875,1222.66552734375
2015-05-18,2015-05-11,1227.8,1185.5869140625,1151.5892333984375,1163.5889892578125,1172.1527099609375,1178.443359375,1185.5869140625,1191.340087890625,1197.5152587890625,1205.8809814453125,1217.79541015625
2015-05-19,2015-05-12,1206.9,1195.493896484375,1162.3690185546875,1174.19140625,1182.534423828125,1188.60205078125,1195.493896484375,1200.9498291015625,1206.9678955078125,1214.822509765625,1226.268798828125
2015-05-20,2015-05-13,1208.9,1225.4361572265625,1186.9609375,1200.637451171875,1210.2279052734375,1217.5599365234375,1225.4361572265625,1231.8619384765625,1238.8978271484375,1247.56494140625,1260.66357421875
2015-05-21,2015-05-14,1204.4,1237.5050048828125,1198.5169677734375,1212.4945068359375,1222.1583251953125,1229.5830078125,1237.5050048828125,1244.0694580078125,1251.2679443359375,1260.169921875,1273.86474609375
2015-05-22,2015-05-15,1204.3,1237.090576171875,1201.165283203125,1214.1170654296875,1223.174560546875,1229.9464111328125,1237.090576171875,1243.130859375,1249.820068359375,1257.8253173828125,1270.2259521484375
2015-05-26,2015-05-18,1187.2,1236.5113525390625,1199.931396484375,1213.0057373046875,1222.13330078125,1229.2032470703125,1236.5113525390625,1242.6051025390625,1249.508544921875,1257.876708984375,1270.361572265625
2015-05-27,2015-05-19,1185.9,1212.5947265625,1172.963134765625,1187.20751953125,1197.0400390625,1204.84033203125,1212.5947265625,1219.348876953125,1226.5059814453125,1235.048095703125,1247.381591796875
2015-05-28,2015-05-20,1188.1,1208.0059814453125,1169.654296875,1183.561279296875,1192.9217529296875,1200.44384765625,1208.0059814453125,1214.684814453125,1221.8095703125,1230.363037109375,1242.2938232421875
2015-05-29,2015-05-21,1189.4,1202.8499755859375,1164.154052734375,1178.2423095703125,1187.4967041015625,1195.434814453125,1202.8499755859375,1209.4794921875,1216.66015625,1225.27880859375,1237.3126220703125
2015-06-01,2015-05-22,1188.3,1203.4171142578125,1165.535888671875,1179.334228515625,1188.3427734375,1196.0823974609375,1203.4171142578125,1210.0863037109375,1217.40869140625,1226.0316162109375,1238.330322265625
2015-06-02,2015-05-26,1194.1,1186.985107421875,1146.792724609375,1161.73193359375,1171.18701171875,1179.4110107421875,1186.985107421875,1194.17236328125,1202.18701171875,1211.0347900390625,1224.0394287109375
2015-06-03,2015-05-27,1184.7,1185.257080078125,1146.124267578125,1160.36328125,1169.90625,1177.725341796875,1185.257080078125,1192.2783203125,1200.051513671875,1209.0849609375,1222.379150390625
2015-06-04,2015-05-28,1174.9,1188.2933349609375,1149.0670166015625,1163.294677734375,1172.7763671875,1180.6558837890625,1188.2933349609375,1195.37841796875,1203.19287109375,1212.1309814453125,1225.28662109375
2015-06-05,2015-05-29,1167.8,1192.5908203125,1155.03662109375,1168.5499267578125,1177.6588134765625,1185.1883544921875,1192.5908203125,1199.44140625,1206.94140625,1215.787109375,1228.4488525390625
2015-06-08,2015-06-01,1173.2,1191.82666015625,1154.529541015625,1168.137939453125,1177.1495361328125,1184.5911865234375,1191.82666015625,1198.509765625,1205.8341064453125,1214.3055419921875,1226.9127197265625
2015-06-09,2015-06-02,1177.3,1199.854736328125,1163.134033203125,1176.604248046875,1185.4615478515625,1192.730712890625,1199.854736328125,1206.3043212890625,1213.448974609375,1221.5889892578125,1233.7381591796875
2015-06-10,2015-06-03,1186.1,1191.18798828125,1155.103515625,1168.2060546875,1177.0601806640625,1184.2510986328125,1191.18798828125,1197.516357421875,1204.7054443359375,1212.5279541015625,1224.37890625
2015-06-11,2015-06-04,1179.9,1179.126708984375,1141.260986328125,1155.0732421875,1164.3291015625,1171.81005859375,1179.126708984375,1185.60595703125,1193.001708984375,1201.06396484375,1213.1414794921875
2015-06-12,2015-06-05,1178.8,1167.375732421875,1130.0045166015625,1143.321044921875,1152.54150390625,1159.8424072265625,1167.375732421875,1174.03125,1181.4859619140625,1189.9261474609375,1202.851318359375
2015-06-15,2015-06-08,1185.3,1174.3861083984375,1138.302734375,1151.259033203125,1160.1951904296875,1167.2401123046875,1174.3861083984375,1180.738037109375,1187.711669921875,1195.600830078125,1207.787841796875
2015-06-16,2015-06-09,1180.5,1179.3388671875,1145.18212890625,1157.4588623046875,1165.962890625,1172.44677734375,1179.3388671875,1185.4957275390625,1192.0625,1199.542236328125,1211.151123046875
2015-06-17,2015-06-10,1176.4,1189.989013671875,1155.96240234375,1168.2794189453125,1176.7169189453125,1183.2392578125,1189.989013671875,1195.949951171875,1202.418701171875,1209.536376953125,1220.8187255859375
2015-06-18,2015-06-11,1201.5,1186.3067626953125,1151.857666015625,1164.2950439453125,1172.834228515625,1179.4375,1186.3067626953125,1192.41015625,1199.01416015625,1206.4271240234375,1218.0185546875
2015-06-19,2015-06-12,1201.5,1186.767578125,1152.3870849609375,1164.9422607421875,1173.2880859375,1180.00732421875,1186.767578125,1192.738037109375,1199.112548828125,1206.524169921875,1217.812744140625
2015-06-22,2015-06-15,1183.7,1192.248046875,1158.990234375,1171.0218505859375,1179.1220703125,1185.6246337890625,1192.248046875,1198.0408935546875,1204.49365234375,1211.968505859375,1223.15771484375
2015-06-23,2015-06-16,1176.2,1185.32763671875,1152.5445556640625,1164.41357421875,1172.4993896484375,1178.841552734375,1185.32763671875,1190.922119140625,1197.2783203125,1204.56591796875,1215.66552734375
2015-06-24,2015-06-17,1172.6,1178.1207275390625,1145.1231689453125,1157.2039794921875,1165.2408447265625,1171.5260009765625,1178.1207275390625,1183.6610107421875,1190.03759765625,1197.5096435546875,1208.7734375
2015-06-25,2015-06-18,1171.5,1203.2841796875,1167.7694091796875,1180.7576904296875,1189.4310302734375,1196.0941162109375,1203.2841796875,1209.527587890625,1216.7392578125,1224.9508056640625,1237.3697509765625
2015-06-26,2015-06-19,1172.9,1203.8748779296875,1170.450439453125,1182.721435546875,1190.8084716796875,1197.0235595703125,1203.8748779296875,1209.65576171875,1216.5537109375,1224.364990234375,1236.2452392578125
2015-06-29,2015-06-22,1178.5,1188.803955078125,1152.9168701171875,1166.1832275390625,1174.6737060546875,1181.4962158203125,1188.803955078125,1194.8214111328125,1202.1282958984375,1210.2855224609375,1222.457275390625
2015-06-30,2015-06-23,1171.5,1178.9375,1145.8072509765625,1157.990234375,1165.864013671875,1172.135498046875,1178.9375,1184.402587890625,1191.3287353515625,1199.0594482421875,1210.865966796875
2015-07-01,2015-06-24,1169.0,1173.3953857421875,1139.807861328125,1152.295166015625,1160.2188720703125,1166.6451416015625,1173.3953857421875,1178.941650390625,1185.6719970703125,1193.25390625,1204.678955078125
2015-07-02,2015-06-25,1163.0,1170.35107421875,1137.688232421875,1149.4674072265625,1157.2557373046875,1163.570556640625,1170.35107421875,1175.781494140625,1182.4071044921875,1190.1103515625,1201.60888671875
2015-07-06,2015-06-26,1172.9,1173.470947265625,1143.272705078125,1154.2813720703125,1161.4652099609375,1167.3162841796875,1173.470947265625,1178.5333251953125,1184.7286376953125,1191.933349609375,1202.6016845703125
2015-07-07,2015-06-29,1152.4,1181.6640625,1150.9468994140625,1161.95947265625,1169.3663330078125,1175.3575439453125,1181.6640625,1186.761474609375,1193.0400390625,1200.19482421875,1210.7325439453125
2015-07-08,2015-06-30,1163.3,1175.6646728515625,1142.9420166015625,1154.6998291015625,1162.53955078125,1169.05810546875,1175.6646728515625,1181.03564453125,1187.4853515625,1194.807861328125,1205.756103515625
2015-07-09,2015-07-01,1159.0,1172.9273681640625,1141.5947265625,1153.252685546875,1160.689208984375,1166.7445068359375,1172.9273681640625,1178.005126953125,1184.1939697265625,1191.001953125,1200.8726806640625
2015-07-10,2015-07-02,1157.7,1166.1788330078125,1134.18994140625,1146.0845947265625,1153.7313232421875,1159.970703125,1166.1788330078125,1171.4063720703125,1177.672607421875,1184.7384033203125,1194.909912109375
2015-07-13,2015-07-06,1155.2,1176.7718505859375,1145.60400390625,1157.047119140625,1164.66455078125,1170.8404541015625,1176.7718505859375,1181.9716796875,1188.1336669921875,1194.701171875,1204.6353759765625
2015-07-14,2015-07-07,1153.3,1157.5087890625,1122.5902099609375,1135.542724609375,1144.1002197265625,1150.80908203125,1157.5087890625,1163.2139892578125,1169.94580078125,1177.2816162109375,1188.153076171875
2015-07-15,2015-07-08,1147.2,1165.857666015625,1133.34619140625,1145.478515625,1153.3978271484375,1159.5360107421875,1165.857666015625,1171.22607421875,1177.57470703125,1184.5623779296875,1194.907470703125
2015-07-16,2015-07-09,1143.8,1161.5494384765625,1128.482421875,1141.0009765625,1149.0738525390625,1155.1678466796875,1161.5494384765625,1166.8359375,1173.1422119140625,1180.1590576171875,1190.5218505859375
2015-07-17,2015-07-10,1131.8,1162.9921875,1130.15283203125,1142.460693359375,1150.4937744140625,1156.682373046875,1162.9921875,1168.3646240234375,1174.6627197265625,1181.5439453125,1191.5364990234375
2015-07-20,2015-07-13,1106.7,1159.7781982421875,1128.2275390625,1140.03173828125,1147.887939453125,1153.6982421875,1159.7781982421875,1164.951416015625,1170.961669921875,1177.65087890625,1187.4586181640625
2015-07-21,2015-07-14,1103.4,1157.8338623046875,1126.8199462890625,1138.478515625,1146.1346435546875,1151.84912109375,1157.8338623046875,1162.934326171875,1168.946044921875,1175.652587890625,1185.3336181640625
2015-07-22,2015-07-15,1091.4,1150.838134765625,1118.8548583984375,1130.838134765625,1138.75341796875,1144.672607421875,1150.838134765625,1155.9251708984375,1161.962158203125,1168.7440185546875,1178.6907958984375
2015-07-23,2015-07-16,1094.0,1146.150634765625,1113.62744140625,1125.85791015625,1133.8399658203125,1139.82568359375,1146.150634765625,1151.36572265625,1157.572509765625,1164.52685546875,1174.777587890625
2015-07-24,2015-07-17,1085.6,1131.9090576171875,1097.34521484375,1110.4114990234375,1118.967041015625,1125.168212890625,1131.9090576171875,1137.5323486328125,1143.821533203125,1150.9429931640625,1161.431884765625
2015-07-27,2015-07-20,1096.5,1103.7950439453125,1061.120361328125,1077.5706787109375,1087.9796142578125,1095.5357666015625,1103.7950439453125,1110.7890625,1118.1490478515625,1126.479736328125,1138.647216796875
2015-07-28,2015-07-21,1096.3,1097.7091064453125,1058.1722412109375,1073.146728515625,1082.819091796875,1089.88134765625,1097.7091064453125,1104.33837890625,1111.3756103515625,1119.4039306640625,1131.4678955078125
2015-07-29,2015-07-22,1092.7,1081.434814453125,1041.7060546875,1056.7779541015625,1066.351318359375,1073.2337646484375,1081.434814453125,1088.3043212890625,1094.9984130859375,1103.1190185546875,1115.328125
2015-07-30,2015-07-23,1088.4,1091.1097412109375,1054.47216796875,1068.1064453125,1077.1136474609375,1083.595703125,1091.1097412109375,1097.472900390625,1103.7945556640625,1111.498046875,1123.0595703125
2015-07-31,2015-07-24,1094.9,1081.2886962890625,1045.2022705078125,1058.81982421875,1067.546142578125,1073.82470703125,1081.2886962890625,1087.671630859375,1093.84765625,1101.646728515625,1113.1131591796875
2015-08-03,2015-07-27,1089.4,1098.47607421875,1063.388427734375,1076.3526611328125,1084.90478515625,1091.0576171875,1098.47607421875,1104.88818359375,1111.1341552734375,1118.8702392578125,1130.3802490234375
2015-08-04,2015-07-28,1090.7,1102.8782958984375,1068.433349609375,1080.8707275390625,1089.481201171875,1095.6424560546875,1102.8782958984375,1109.191650390625,1115.40380859375,1123.060791015625,1134.39892578125
2015-08-05,2015-07-29,1085.7,1098.527099609375,1064.8018798828125,1076.931884765625,1085.47216796875,1091.44775390625,1098.527099609375,1104.801513671875,1110.9808349609375,1118.5029296875,1129.53857421875
2015-08-06,2015-07-30,1090.2,1092.74365234375,1061.6546630859375,1072.4625244140625,1080.2734375,1085.97705078125,1092.74365234375,1098.5316162109375,1104.37255859375,1111.6854248046875,1122.7659912109375
2015-08-07,2015-07-31,1094.1,1100.2027587890625,1068.613525390625,1079.583984375,1087.5792236328125,1093.3397216796875,1100.2027587890625,1106.0257568359375,1111.8172607421875,1118.7972412109375,1129.396728515625
2015-08-10,2015-08-03,1104.2,1094.410400390625,1064.2156982421875,1074.3343505859375,1082.1683349609375,1087.7181396484375,1094.410400390625,1100.1795654296875,1106.202392578125,1113.7591552734375,1125.292236328125
2015-08-11,2015-08-04,1107.6,1094.406005859375,1066.090576171875,1075.548583984375,1082.74609375,1087.767822265625,1094.406005859375,1099.9189453125,1105.2672119140625,1113.3538818359375,1125.577392578125
2015-08-12,2015-08-05,1123.2,1087.6375732421875,1058.7166748046875,1068.612060546875,1075.9305419921875,1080.9808349609375,1087.6375732421875,1093.0693359375,1098.3104248046875,1106.07275390625,1117.525390625
2015-08-13,2015-08-06,1115.7,1092.8416748046875,1064.451171875,1074.1064453125,1081.316162109375,1086.246826171875,1092.8416748046875,1098.3507080078125,1103.7760009765625,1111.2926025390625,1122.7108154296875
2015-08-14,2015-08-07,1112.9,1098.39599609375,1070.8753662109375,1079.9647216796875,1087.212646484375,1092.055908203125,1098.39599609375,1103.788330078125,1109.0855712890625,1116.4251708984375,1127.4217529296875
2015-08-17,2015-08-10,1118.6,1111.0013427734375,1082.074462890625,1091.4556884765625,1099.003662109375,1104.2733154296875,1111.0013427734375,1116.8978271484375,1122.93212890625,1131.1175537109375,1143.5821533203125
2015-08-18,2015-08-11,1117.1,1114.6695556640625,1084.91845703125,1094.7158203125,1102.4403076171875,1107.722900390625,1114.6695556640625,1120.678955078125,1126.99609375,1134.9283447265625,1147.14306640625
2015-08-19,2015-08-12,1128.1,1131.861572265625,1099.3004150390625,1109.9027099609375,1118.2967529296875,1124.41455078125,1131.861572265625,1138.296142578125,1144.993896484375,1153.53662109375,1166.437744140625
2015-08-20,2015-08-13,1153.0,1124.67529296875,1092.9884033203125,1103.8604736328125,1111.907958984375,1117.8343505859375,1124.67529296875,1130.5341796875,1136.829345703125,1144.591552734375,1155.7679443359375
2015-08-21,2015-08-14,1159.6,1119.2677001953125,1085.260009765625,1097.0504150390625,1105.6964111328125,1112.0263671875,1119.2677001953125,1125.252685546875,1131.5821533203125,1139.141357421875,1150.3564453125
2015-08-24,2015-08-17,1153.4,1122.2236328125,1091.60791015625,1102.029296875,1109.8226318359375,1115.5504150390625,1122.2236328125,1127.7784423828125,1133.6270751953125,1141.1773681640625,1152.4185791015625
2015-08-25,2015-08-18,1138.2,1118.73193359375,1088.82421875,1098.7593994140625,1106.3507080078125,1111.9891357421875,1118.73193359375,1124.381591796875,1130.1273193359375,1137.835693359375,1149.1815185546875
2015-08-26,2015-08-19,1124.6,1130.4541015625,1099.68017578125,1110.1727294921875,1118.0447998046875,1123.9017333984375,1130.4541015625,1136.2301025390625,1142.101806640625,1149.4659423828125,1160.05712890625
2015-08-27,2015-08-20,1122.4,1159.08154296875,1123.2716064453125,1135.144287109375,1144.302001953125,1151.1055908203125,1159.08154296875,1165.930908203125,1173.26025390625,1182.24462890625,1195.2786865234375
2015-08-28,2015-08-21,1133.1,1167.0225830078125,1130.466552734375,1143.4581298828125,1152.451416015625,1159.24365234375,1167.0225830078125,1173.7718505859375,1180.7274169921875,1189.843994140625,1203.3004150390625
2015-08-31,2015-08-24,1131.6,1158.78076171875,1123.6883544921875,1136.251953125,1144.917236328125,1151.38916015625,1158.78076171875,1165.263671875,1171.7548828125,1180.1591796875,1192.409912109375
2015-09-01,2015-08-25,1138.7,1140.674560546875,1104.2747802734375,1117.35546875,1126.3292236328125,1133.044677734375,1140.674560546875,1147.15185546875,1153.7628173828125,1161.9864501953125,1173.94970703125
2015-09-02,2015-08-26,1132.5,1122.0010986328125,1086.6572265625,1099.344482421875,1107.8570556640625,1114.4088134765625,1122.0010986328125,1128.2889404296875,1134.8720703125,1143.0369873046875,1154.6820068359375
2015-09-03,2015-08-27,1123.7,1117.43115234375,1082.2578125,1094.6923828125,1103.2103271484375,1109.5697021484375,1117.43115234375,1123.7965087890625,1130.16357421875,1138.3563232421875,1150.40185546875
2015-09-04,2015-08-28,1120.6,1129.197021484375,1092.6572265625,1105.5582275390625,1114.50146484375,1121.308349609375,1129.197021484375,1135.7081298828125,1142.2005615234375,1150.2822265625,1161.8778076171875
2015-09-08,2015-08-31,1120.4,1128.8907470703125,1092.68896484375,1105.90234375,1114.591064453125,1121.3006591796875,1128.8907470703125,1135.0040283203125,1141.41455078125,1148.9559326171875,1159.94140625
2015-09-09,2015-09-01,1102.2,1138.39111328125,1102.2630615234375,1115.6533203125,1124.4710693359375,1131.19580078125,1138.39111328125,1144.63134765625,1150.8187255859375,1158.0953369140625,1168.6552734375
2015-09-10,2015-09-02,1109.5,1134.005615234375,1099.0455322265625,1112.1051025390625,1120.639892578125,1127.216552734375,1134.005615234375,1140.017578125,1145.997802734375,1152.94580078125,1163.126953125
2015-09-11,2015-09-03,1103.5,1126.44287109375,1091.0545654296875,1104.13916015625,1112.871826171875,1119.5589599609375,1126.44287109375,1132.564208984375,1138.775390625,1146.0491943359375,1156.4715576171875
2015-09-14,2015-09-04,1107.7,1121.8699951171875,1088.1361083984375,1100.3292236328125,1108.6663818359375,1115.094482421875,1121.8699951171875,1127.7735595703125,1133.5306396484375,1140.3590087890625,1150.517822265625
2015-09-15,2015-09-08,1102.8,1120.82568359375,1088.1048583984375,1099.5760498046875,1107.712890625,1114.049560546875,1120.82568359375,1126.4918212890625,1132.2498779296875,1139.4404296875,1149.60595703125
2015-09-16,2015-09-09,1119.2,1099.1783447265625,1061.5609130859375,1074.69091796875,1084.1385498046875,1091.2742919921875,1099.1783447265625,1105.917724609375,1112.052001953125,1119.912353515625,1130.8165283203125
2015-09-17,2015-09-10,1117.3,1106.02197265625,1069.6746826171875,1082.758056640625,1091.7171630859375,1098.619140625,1106.02197265625,1112.39501953125,1118.47119140625,1126.039794921875,1136.618408203125
2015-09-18,2015-09-11,1138.1,1101.849609375,1065.7012939453125,1078.69677734375,1087.5677490234375,1094.4522705078125,1101.849609375,1108.0936279296875,1113.9847412109375,1121.5604248046875,1132.0927734375
2015-09-21,2015-09-14,1133.1,1107.717041015625,1071.3804931640625,1084.208251953125,1093.29541015625,1100.0980224609375,1107.717041015625,1114.1265869140625,1120.4439697265625,1128.3994140625,1139.951171875
2015-09-22,2015-09-15,1125.0,1103.7454833984375,1068.9010009765625,1081.2772216796875,1089.936767578125,1096.3128662109375,1103.7454833984375,1109.87255859375,1115.811767578125,1123.2904052734375,1134.3223876953125
2015-09-23,2015-09-16,1131.6,1123.658203125,1088.0709228515625,1100.436767578125,1109.3319091796875,1116.0628662109375,1123.658203125,1129.9866943359375,1136.3953857421875,1144.4884033203125,1156.3778076171875
2015-09-24,2015-09-17,1153.8,1124.6336669921875,1090.5543212890625,1102.2166748046875,1110.811279296875,1117.392578125,1124.6336669921875,1130.8271484375,1137.040283203125,1144.8106689453125,1156.664306640625
2015-09-25,2015-09-18,1146.0,1146.2147216796875,1108.9505615234375,1121.91943359375,1131.0692138671875,1138.5430908203125,1146.2147216796875,1153.1795654296875,1160.3460693359375,1169.1112060546875,1182.3836669921875
2015-09-28,2015-09-21,1132.0,1140.59228515625,1104.9150390625,1117.377197265625,1126.189208984375,1133.2064208984375,1140.59228515625,1147.043212890625,1153.6357421875,1161.825439453125,1174.28125
2015-09-29,2015-09-22,1127.1,1129.37548828125,1093.989990234375,1106.2799072265625,1114.927978515625,1121.8577880859375,1129.37548828125,1135.7996826171875,1142.283203125,1150.6512451171875,1163.4505615234375
2015-09-30,2015-09-23,1115.5,1135.58642578125,1101.2353515625,1113.072265625,1121.512451171875,1128.3232421875,1135.58642578125,1141.834228515625,1148.255126953125,1156.3603515625,1168.880615234375
2015-10-01,2015-09-24,1114.2,1159.157958984375,1122.946533203125,1135.5914306640625,1144.50537109375,1151.4095458984375,1159.157958984375,1165.956298828125,1173.0386962890625,1181.831298828125,1195.6343994140625
2015-10-02,2015-09-25,1137.1,1150.32421875,1115.3406982421875,1127.569091796875,1136.1558837890625,1142.9385986328125,1150.32421875,1156.611572265625,1163.121826171875,1171.1658935546875,1184.1734619140625
2015-10-05,2015-09-28,1138.1,1134.650146484375,1100.33642578125,1112.238037109375,1120.667724609375,1127.3565673828125,1134.650146484375,1140.86865234375,1147.105224609375,1155.12158203125,1167.7244873046875
2015-10-06,2015-09-29,1146.8,1128.19482421875,1092.1080322265625,1104.9541015625,1113.6976318359375,1120.8433837890625,1128.19482421875,1134.425048828125,1140.7998046875,1148.6220703125,1160.4730224609375
2015-10-07,2015-09-30,1149.0,1114.285888671875,1076.6907958984375,1090.2176513671875,1099.4034423828125,1106.58154296875,1114.285888671875,1120.7242431640625,1127.2249755859375,1135.2716064453125,1147.517822265625
2015-10-08,2015-10-01,1144.7,1111.8990478515625,1077.2840576171875,1089.485595703125,1097.8927001953125,1104.5919189453125,1111.8990478515625,1117.985107421875,1124.2550048828125,1131.9796142578125,1144.0189208984375
2015-10-09,2015-10-02,1156.3,1136.2607421875,1099.630859375,1112.5230712890625,1121.3787841796875,1128.6160888671875,1136.2607421875,1142.6890869140625,1149.568359375,1157.679931640625,1170.29833984375
2015-10-12,2015-10-05,1164.9,1139.2537841796875,1104.003662109375,1116.48193359375,1125.165283203125,1132.1046142578125,1139.2537841796875,1145.4261474609375,1152.0323486328125,1159.5791015625,1171.3995361328125
2015-10-13,2015-10-06,1165.8,1151.3985595703125,1114.416259765625,1127.5623779296875,1136.58642578125,1143.8236083984375,1151.3985595703125,1157.822509765625,1164.924560546875,1173.032958984375,1185.4093017578125
2015-10-14,2015-10-07,1180.1,1154.352783203125,1118.324951171875,1131.198486328125,1139.923095703125,1147.0189208984375,1154.352783203125,1160.42822265625,1167.3668212890625,1175.2529296875,1187.3294677734375
2015-10-15,2015-10-08,1187.9,1148.51513671875,1112.35888671875,1125.3006591796875,1134.0211181640625,1141.1820068359375,1148.51513671875,1154.5780029296875,1161.2684326171875,1169.1097412109375,1181.0755615234375
2015-10-16,2015-10-09,1183.6,1162.877685546875,1125.8070068359375,1139.129638671875,1148.31005859375,1155.4202880859375,1162.877685546875,1169.1343994140625,1175.92919921875,1183.7491455078125,1196.360107421875
2015-10-19,2015-10-12,1173.3,1171.406005859375,1135.0933837890625,1148.083251953125,1157.1163330078125,1164.1285400390625,1171.406005859375,1177.773193359375,1184.7781982421875,1192.6279296875,1205.2894287109375
2015-10-20,2015-10-13,1178.0,1170.6380615234375,1134.265869140625,1147.2452392578125,1156.338623046875,1163.2894287109375,1170.6380615234375,1176.8193359375,1183.7333984375,1191.474853515625,1203.58056640625
2015-10-21,2015-10-14,1167.6,1184.787841796875,1147.581298828125,1160.983642578125,1170.22412109375,1177.326904296875,1184.787841796875,1191.22705078125,1198.298828125,1206.421142578125,1218.7005615234375
2015-10-22,2015-10-15,1166.6,1193.604248046875,1156.6240234375,1169.893310546875,1179.0487060546875,1186.16259765625,1193.604248046875,1200.0509033203125,1207.2720947265625,1215.3134765625,1227.99267578125
2015-10-23,2015-10-16,1163.3,1187.319580078125,1151.9019775390625,1164.71826171875,1173.514892578125,1180.301513671875,1187.319580078125,1193.6759033203125,1200.5791015625,1208.077392578125,1220.115234375
2015-10-26,2015-10-19,1167.0,1175.546142578125,1139.15869140625,1152.3939208984375,1161.3800048828125,1168.4793701171875,1175.546142578125,1181.96630859375,1188.9876708984375,1196.7138671875,1208.9456787109375
2015-10-27,2015-10-20,1166.8,1177.009765625,1140.027587890625,1153.373779296875,1162.6502685546875,1169.7421875,1177.009765625,1183.529541015625,1190.6707763671875,1198.47021484375,1211.4019775390625
2015-10-28,2015-10-21,1177.1,1162.2630615234375,1125.3653564453125,1138.763427734375,1147.9510498046875,1155.0311279296875,1162.2630615234375,1168.675048828125,1175.7901611328125,1183.5543212890625,1196.5037841796875
2015-10-29,2015-10-22,1147.2,1159.467529296875,1122.924072265625,1136.136962890625,1145.2010498046875,1152.3194580078125,1159.467529296875,1165.7060546875,1172.774169921875,1180.7681884765625,1193.52880859375
2015-10-30,2015-10-23,1141.5,1155.0673828125,1118.4893798828125,1131.7998046875,1140.9384765625,1147.9644775390625,1155.0673828125,1161.3343505859375,1168.303466796875,1176.0775146484375,1188.840576171875
2015-11-02,2015-10-26,1135.8,1163.14013671875,1127.313720703125,1140.48486328125,1149.3157958984375,1156.278564453125,1163.14013671875,1169.38134765625,1176.12890625,1183.674072265625,1196.12939453125
2015-11-03,2015-10-27,1114.2,1165.1363525390625,1129.500244140625,1142.5244140625,1151.3167724609375,1158.323486328125,1165.1363525390625,1171.401611328125,1178.05859375,1185.487548828125,1197.63720703125
2015-11-04,2015-10-28,1106.5,1179.5552978515625,1144.8961181640625,1157.3707275390625,1166.01708984375,1172.6839599609375,1179.5552978515625,1185.8966064453125,1192.720947265625,1200.364501953125,1213.1114501953125
2015-11-05,2015-10-29,1104.4,1148.3175048828125,1111.26611328125,1124.374267578125,1133.7513427734375,1140.85498046875,1148.3175048828125,1154.9605712890625,1162.121337890625,1170.25537109375,1183.5186767578125
2015-11-06,2015-10-30,1087.6,1137.896728515625,1100.1732177734375,1113.382568359375,1122.952392578125,1130.1846923828125,1137.896728515625,1144.736572265625,1151.80810546875,1160.2396240234375,1173.387451171875
2015-11-09,2015-11-02,1087.9,1130.438720703125,1094.55810546875,1106.8258056640625,1115.8690185546875,1122.85888671875,1130.438720703125,1136.991943359375,1143.8892822265625,1152.40185546875,1165.6900634765625
2015-11-10,2015-11-03,1088.2,1105.8564453125,1067.6190185546875,1080.597412109375,1090.1707763671875,1097.7017822265625,1105.8564453125,1112.803955078125,1120.261474609375,1129.58740234375,1143.9190673828125
2015-11-11,2015-11-04,1084.7,1095.64599609375,1058.331787109375,1070.9871826171875,1080.31591796875,1087.696533203125,1095.64599609375,1102.2841796875,1109.636474609375,1118.7095947265625,1132.683349609375
2015-11-12,2015-11-05,1080.8,1095.605712890625,1059.4390869140625,1071.59130859375,1080.7579345703125,1087.7518310546875,1095.605712890625,1102.183837890625,1109.2064208984375,1117.8267822265625,1131.4693603515625
2015-11-13,2015-11-06,1080.8,1078.1697998046875,1039.0831298828125,1052.2633056640625,1062.2255859375,1069.689208984375,1078.1697998046875,1085.263671875,1092.7669677734375,1102.038818359375,1116.39013671875
2015-11-16,2015-11-09,1083.7,1082.3992919921875,1045.224365234375,1057.6131591796875,1067.0450439453125,1074.184326171875,1082.3992919921875,1089.3013916015625,1096.7257080078125,1105.9586181640625,1120.48974609375
2015-11-17,2015-11-10,1068.7,1086.0379638671875,1050.6092529296875,1062.4986572265625,1071.445556640625,1078.2237548828125,1086.0379638671875,1092.595703125,1099.478515625,1108.0174560546875,1121.6142578125
2015-11-18,2015-11-11,1068.8,1084.273193359375,1049.07421875,1060.8770751953125,1069.6988525390625,1076.6121826171875,1084.273193359375,1090.73388671875,1097.3916015625,1105.541748046875,1118.618896484375
2015-11-19,2015-11-12,1078.0,1081.2799072265625,1046.031005859375,1057.915771484375,1066.782470703125,1073.7103271484375,1081.2799072265625,1087.7166748046875,1094.2320556640625,1102.3367919921875,1115.1458740234375
2015-11-20,2015-11-13,1076.4,1082.67431640625,1047.1156005859375,1059.335205078125,1068.302490234375,1075.2120361328125,1082.67431640625,1089.042236328125,1095.46337890625,1103.1036376953125,1115.442626953125
2015-11-23,2015-11-16,1066.8,1087.811279296875,1054.47119140625,1065.6307373046875,1074.086181640625,1080.6298828125,1087.811279296875,1093.846923828125,1100.1363525390625,1107.96142578125,1120.289306640625
2015-11-24,2015-11-17,1074.3,1068.0496826171875,1032.1693115234375,1044.2940673828125,1053.466552734375,1060.2340087890625,1068.0496826171875,1074.4927978515625,1081.1280517578125,1089.41064453125,1102.1153564453125
2015-11-25,2015-11-18,1070.5,1067.09423828125,1031.537353515625,1043.87255859375,1052.91455078125,1059.5394287109375,1067.09423828125,1073.25537109375,1079.306640625,1086.983154296875,1098.72216796875
2015-11-27,2015-11-19,1056.2,1080.025390625,1044.2210693359375,1056.49462890625,1065.6810302734375,1072.36962890625,1080.025390625,1086.3612060546875,1092.912353515625,1100.925537109375,1113.2816162109375
2015-11-30,2015-11-20,1065.8,1078.4366455078125,1045.300537109375,1056.713623046875,1065.145751953125,1071.246826171875,1078.4366455078125,1084.312744140625,1090.22900390625,1097.890625,1109.5743408203125
2015-12-01,2015-11-23,1063.8,1066.702392578125,1033.2537841796875,1044.5791015625,1053.2689208984375,1059.281982421875,1066.702392578125,1072.73095703125,1078.8060302734375,1086.45458984375,1098.403564453125
2015-12-02,2015-11-24,1054.2,1075.669921875,1040.923095703125,1052.8153076171875,1061.7838134765625,1068.11279296875,1075.669921875,1081.716064453125,1087.79052734375,1095.32568359375,1107.4156494140625
2015-12-03,2015-11-25,1061.7,1073.417236328125,1038.8355712890625,1050.77734375,1059.5888671875,1065.8333740234375,1073.417236328125,1079.3387451171875,1085.392333984375,1092.6607666015625,1104.34765625
2015-12-04,2015-11-27,1084.5,1056.7425537109375,1020.829345703125,1033.42041015625,1042.51171875,1048.921630859375,1056.7425537109375,1062.8831787109375,1069.036865234375,1076.6434326171875,1088.676513671875
2015-12-07,2015-11-30,1076.4,1065.79541015625,1030.1707763671875,1042.814208984375,1051.7933349609375,1058.1243896484375,1065.79541015625,1071.790771484375,1077.926513671875,1085.2442626953125,1096.854736328125
2015-12-08,2015-12-01,1076.3,1063.408447265625,1028.4520263671875,1040.846923828125,1049.71826171875,1055.8240966796875,1063.408447265625,1069.2275390625,1075.33544921875,1082.640380859375,1094.3623046875
2015-12-09,2015-12-02,1077.6,1052.2548828125,1016.4122314453125,1029.1533203125,1038.36669921875,1044.5966796875,1052.2548828125,1058.14306640625,1064.18798828125,1071.31787109375,1082.573486328125
2015-12-10,2015-12-03,1073.1,1061.2471923828125,1026.1689453125,1038.6309814453125,1047.6051025390625,1053.798828125,1061.2471923828125,1067.16357421875,1073.16796875,1080.073486328125,1091.208740234375
2015-12-11,2015-12-04,1076.9,1087.7037353515625,1049.1688232421875,1063.0858154296875,1072.715087890625,1079.733642578125,1087.7037353515625,1094.1514892578125,1101.062255859375,1108.7047119140625,1121.039794921875
2015-12-14,2015-12-07,1064.7,1081.06396484375,1043.977294921875,1057.312255859375,1066.6337890625,1073.258544921875,1081.06396484375,1087.29248046875,1093.822021484375,1101.1427001953125,1113.251708984375
2015-12-15,2015-12-08,1062.9,1080.39599609375,1044.201171875,1057.173583984375,1066.3341064453125,1072.8443603515625,1080.39599609375,1086.349609375,1092.589599609375,1099.74365234375,1111.127197265625
2015-12-16,2015-12-09,1078.0,1080.5584716796875,1044.046875,1057.1282958984375,1066.276123046875,1072.9681396484375,1080.5584716796875,1086.4193115234375,1092.5274658203125,1099.4488525390625,1110.5604248046875
2015-12-17,2015-12-10,1050.8,1072.8642578125,1035.9403076171875,1049.314697265625,1058.6204833984375,1065.22509765625,1072.8642578125,1078.775390625,1085.0565185546875,1092.040283203125,1103.16796875
2015-12-18,2015-12-11,1066.2,1076.9219970703125,1039.734375,1053.1373291015625,1062.4749755859375,1069.316162109375,1076.9219970703125,1082.8773193359375,1089.2657470703125,1096.4464111328125,1107.489501953125
2015-12-21,2015-12-14,1081.9,1062.20166015625,1024.6031494140625,1038.208740234375,1047.735595703125,1054.569580078125,1062.20166015625,1068.250244140625,1074.739501953125,1081.9200439453125,1093.246826171875
2015-12-22,2015-12-15,1074.8,1058.517822265625,1022.6026611328125,1035.580810546875,1044.50390625,1050.9888916015625,1058.517822265625,1064.083251953125,1070.27490234375,1077.111328125,1088.09033203125
2015-12-23,2015-12-16,1069.4,1074.94140625,1037.879638671875,1051.09228515625,1060.387939453125,1067.201171875,1074.94140625,1081.016845703125,1087.579833984375,1094.938232421875,1106.4752197265625
2015-12-24,2015-12-17,1077.2,1049.63330078125,1012.339599609375,1025.6383056640625,1034.8905029296875,1041.6798095703125,1049.63330078125,1055.6181640625,1062.18798828125,1069.60302734375,1081.156494140625
2015-12-28,2015-12-18,1070.5,1061.285888671875,1024.6923828125,1037.3389892578125,1046.4962158203125,1053.2642822265625,1061.285888671875,1067.1300048828125,1073.6944580078125,1081.3251953125,1093.2894287109375
2015-12-29,2015-12-21,1077.5,1082.108642578125,1045.0655517578125,1057.915771484375,1067.2486572265625,1074.090576171875,1082.108642578125,1088.2635498046875,1095.2630615234375,1102.985107421875,1115.4683837890625
2015-12-30,2015-12-22,1060.1,1077.8619384765625,1040.7802734375,1053.7286376953125,1062.8271484375,1069.6729736328125,1077.8619384765625,1083.8653564453125,1090.7659912109375,1098.7801513671875,1111.3040771484375
2015-12-31,2015-12-23,1060.3,1070.33740234375,1034.36083984375,1046.711669921875,1055.6180419921875,1062.5030517578125,1070.33740234375,1076.3314208984375,1083.1524658203125,1090.712646484375,1102.7275390625
2016-01-04,2015-12-24,1075.1,1078.04931640625,1042.984375,1054.5927734375,1063.4285888671875,1070.2144775390625,1078.04931640625,1083.97216796875,1091.1153564453125,1099.3817138671875,1111.9075927734375
2016-01-05,2015-12-28,1078.4,1072.175048828125,1037.29736328125,1049.0916748046875,1057.753173828125,1064.276123046875,1072.175048828125,1077.80908203125,1084.491943359375,1092.286376953125,1104.1971435546875
2016-01-06,2015-12-29,1091.9,1078.1337890625,1044.6790771484375,1055.7569580078125,1064.295654296875,1070.61865234375,1078.1337890625,1083.644287109375,1090.1939697265625,1097.758544921875,1109.22802734375
2016-01-07,2015-12-30,1107.7,1061.9049072265625,1025.0091552734375,1037.566162109375,1046.706298828125,1053.7294921875,1061.9049072265625,1067.92626953125,1074.8897705078125,1082.9476318359375,1094.769775390625
2016-01-08,2015-12-31,1097.8,1058.2542724609375,1021.6193237304688,1034.46923828125,1043.3861083984375,1050.4263916015625,1058.2542724609375,1064.2261962890625,1070.8341064453125,1078.0692138671875,1089.0440673828125
2016-01-11,2016-01-04,1096.5,1075.582763671875,1043.0908203125,1053.81494140625,1062.05224609375,1068.181884765625,1075.582763671875,1081.145263671875,1087.771484375,1095.6480712890625,1107.3194580078125
2016-01-12,2016-01-05,1085.6,1079.93603515625,1048.90087890625,1059.1864013671875,1067.0352783203125,1072.78857421875,1079.93603515625,1085.1839599609375,1091.6336669921875,1099.4305419921875,1110.6156005859375
2016-01-13,2016-01-06,1087.5,1097.167724609375,1065.177978515625,1075.865966796875,1083.7442626953125,1089.9630126953125,1097.167724609375,1102.282470703125,1108.864013671875,1116.54736328125,1127.359375
2016-01-14,2016-01-07,1073.9,1117.5428466796875,1082.4075927734375,1094.330078125,1102.979248046875,1109.856689453125,1117.5428466796875,1123.56982421875,1130.8995361328125,1139.4503173828125,1151.58984375
2016-01-15,2016-01-08,1091.5,1103.7518310546875,1071.047119140625,1081.77294921875,1090.0302734375,1096.342529296875,1103.7518310546875,1109.36474609375,1116.58154296875,1124.9779052734375,1136.748779296875
2016-01-19,2016-01-11,1089.9,1101.859130859375,1069.312744140625,1080.158203125,1088.1788330078125,1094.6446533203125,1101.859130859375,1107.281494140625,1114.0650634765625,1121.9300537109375,1133.1556396484375
2016-01-20,2016-01-12,1107.1,1088.2896728515625,1055.2645263671875,1066.624755859375,1074.69287109375,1081.0458984375,1088.2896728515625,1093.471923828125,1099.898681640625,1107.556884765625,1118.8326416015625
2016-01-21,2016-01-13,1099.1,1088.5135498046875,1056.016845703125,1067.43994140625,1075.408935546875,1081.416259765625,1088.5135498046875,1093.873046875,1100.228271484375,1107.76220703125,1118.8001708984375
2016-01-22,2016-01-14,1097.2,1074.5887451171875,1041.9857177734375,1053.43994140625,1061.2957763671875,1067.3538818359375,1074.5887451171875,1080.0819091796875,1086.4837646484375,1094.5390625,1105.958251953125
2016-01-25,2016-01-15,1106.2,1092.5240478515625,1059.30908203125,1070.9322509765625,1079.047119140625,1085.3289794921875,1092.5240478515625,1098.1082763671875,1104.8258056640625,1113.008544921875,1124.5654296875
2016-01-26,2016-01-19,1121.7,1091.5982666015625,1059.620849609375,1070.808837890625,1078.712158203125,1084.783447265625,1091.5982666015625,1096.8084716796875,1103.3414306640625,1110.947265625,1122.0518798828125
2016-01-27,2016-01-20,1116.1,1110.462890625,1076.2059326171875,1088.35498046875,1096.7904052734375,1103.21435546875,1110.462890625,1116.37890625,1122.9876708984375,1130.98876953125,1142.431396484375
2016-01-28,2016-01-21,1115.6,1105.2640380859375,1071.0611572265625,1083.1712646484375,1091.7225341796875,1098.120361328125,1105.2640380859375,1110.903564453125,1117.4771728515625,1125.256103515625,1136.546630859375
2016-01-29,2016-01-22,1116.4,1101.806396484375,1068.0882568359375,1080.3284912109375,1088.60546875,1094.8009033203125,1101.806396484375,1107.35302734375,1113.94384765625,1121.4669189453125,1132.0562744140625
2016-02-01,2016-01-25,1127.9,1112.2056884765625,1077.5078125,1089.8798828125,1098.5687255859375,1105.0072021484375,1112.2056884765625,1117.877197265625,1124.5228271484375,1132.1712646484375,1143.248291015625
2016-02-02,2016-01-26,1127.3,1129.0247802734375,1091.961669921875,1105.196533203125,1114.360107421875,1121.2581787109375,1129.0247802734375,1135.326171875,1142.5045166015625,1151.1400146484375,1162.698974609375
2016-02-03,2016-01-27,1141.3,1123.5316162109375,1087.26953125,1100.224365234375,1108.9637451171875,1116.003173828125,1123.5316162109375,1129.5538330078125,1136.487060546875,1144.787353515625,1156.386962890625
2016-02-04,2016-01-28,1157.6,1120.4609375,1085.3853759765625,1097.86083984375,1106.47607421875,1113.1644287109375,1120.4609375,1126.5960693359375,1133.1680908203125,1141.264892578125,1152.1138916015625
2016-02-05,2016-01-29,1157.8,1120.8614501953125,1086.2747802734375,1098.65087890625,1107.3043212890625,1113.80322265625,1120.8614501953125,1126.8580322265625,1133.2479248046875,1141.253173828125,1152.14697265625
2016-02-08,2016-02-01,1197.9,1131.5352783203125,1097.02197265625,1109.3826904296875,1118.0701904296875,1124.565185546875,1131.5352783203125,1137.5589599609375,1144.1339111328125,1152.1270751953125,1163.3658447265625
2016-02-09,2016-02-02,1198.7,1131.2451171875,1096.2984619140625,1108.856689453125,1117.6329345703125,1124.123779296875,1131.2451171875,1136.757568359375,1143.15673828125,1151.0869140625,1161.982177734375
2016-02-10,2016-02-03,1194.7,1144.134521484375,1107.131103515625,1120.309814453125,1129.62548828125,1136.544677734375,1144.134521484375,1150.6346435546875,1157.603759765625,1166.419189453125,1177.7835693359375
2016-02-11,2016-02-04,1247.9,1165.85888671875,1126.086181640625,1139.9781494140625,1149.8460693359375,1157.642333984375,1165.85888671875,1173.0506591796875,1180.544677734375,1190.3048095703125,1204.2154541015625
2016-02-12,2016-02-05,1239.1,1160.898681640625,1122.334716796875,1135.5985107421875,1145.4696044921875,1152.725830078125,1160.898681640625,1168.0419921875,1175.326171875,1184.591552734375,1198.0496826171875
2016-02-16,2016-02-08,1207.9,1203.3636474609375,1154.6170654296875,1171.755859375,1184.21533203125,1193.2144775390625,1203.3636474609375,1212.98974609375,1222.6396484375,1234.8690185546875,1253.85546875
2016-02-17,2016-02-09,1211.1,1204.201904296875,1159.1949462890625,1175.044921875,1186.5076904296875,1194.6202392578125,1204.201904296875,1212.790283203125,1221.621337890625,1232.346923828125,1249.53662109375
2016-02-18,2016-02-10,1226.1,1198.184814453125,1155.701416015625,1170.6019287109375,1181.482421875,1189.3861083984375,1198.184814453125,1206.2236328125,1214.454833984375,1224.4552001953125,1239.9332275390625
2016-02-19,2016-02-11,1230.4,1247.7437744140625,1188.580078125,1209.6224365234375,1224.6204833984375,1236.0457763671875,1247.7437744140625,1259.1953125,1271.500244140625,1286.2991943359375,1308.7720947265625
2016-02-22,2016-02-12,1209.5,1241.285888671875,1184.9310302734375,1204.7177734375,1219.63720703125,1230.4219970703125,1241.285888671875,1251.4737548828125,1263.5484619140625,1277.1221923828125,1297.711669921875
2016-02-23,2016-02-16,1222.3,1201.281005859375,1148.94677734375,1166.9635009765625,1180.9515380859375,1191.0447998046875,1201.281005859375,1210.67041015625,1221.3013916015625,1233.7569580078125,1251.8714599609375
2016-02-24,2016-02-17,1238.7,1200.4892578125,1149.1004638671875,1166.822998046875,1180.5465087890625,1190.530029296875,1200.4892578125,1209.4898681640625,1219.34375,1230.8587646484375,1247.8038330078125
2016-02-25,2016-02-18,1238.2,1221.68603515625,1173.5247802734375,1190.517333984375,1202.9952392578125,1212.3907470703125,1221.68603515625,1230.732666015625,1240.2427978515625,1251.3167724609375,1268.7515869140625
2016-02-26,2016-02-19,1219.8,1228.8759765625,1179.0128173828125,1196.517822265625,1209.8272705078125,1219.5032958984375,1228.8759765625,1238.5836181640625,1248.82763671875,1260.54345703125,1278.16552734375
2016-02-29,2016-02-22,1233.9,1204.1131591796875,1156.0257568359375,1172.7176513671875,1185.3765869140625,1195.1072998046875,1204.1131591796875,1213.44580078125,1223.63427734375,1234.986328125,1252.6522216796875
2016-03-01,2016-02-23,1230.3,1217.8966064453125,1173.5126953125,1189.245849609375,1200.93017578125,1209.731201171875,1217.8966064453125,1226.5325927734375,1235.2061767578125,1245.1114501953125,1261.3387451171875
2016-03-02,2016-02-24,1241.1,1232.47119140625,1188.8731689453125,1204.3564453125,1215.4852294921875,1224.1500244140625,1232.47119140625,1241.313720703125,1249.9403076171875,1260.0914306640625,1276.063232421875
2016-03-03,2016-02-25,1257.4,1236.591064453125,1192.5528564453125,1208.177490234375,1220.244384765625,1228.6949462890625,1236.591064453125,1245.363037109375,1254.7330322265625,1264.166015625,1280.1280517578125
2016-03-04,2016-02-26,1269.9,1220.2498779296875,1176.679443359375,1191.9591064453125,1203.5638427734375,1211.9791259765625,1220.2498779296875,1229.014892578125,1238.3408203125,1248.1876220703125,1264.4737548828125
2016-03-07,2016-02-29,1263.2,1232.061279296875,1191.1806640625,1205.434814453125,1216.485107421875,1224.2808837890625,1232.061279296875,1240.397216796875,1249.07080078125,1258.308837890625,1273.75927734375
2016-03-08,2016-03-01,1262.1,1228.7398681640625,1189.222412109375,1203.0859375,1213.72998046875,1221.1539306640625,1228.7398681640625,1236.63134765625,1245.02587890625,1254.1531982421875,1269.06982421875
2016-03-09,2016-03-02,1256.6,1240.318603515625,1200.944091796875,1214.65478515625,1225.2955322265625,1232.7960205078125,1240.318603515625,1248.18017578125,1256.7471923828125,1265.9476318359375,1281.599853515625
2016-03-10,2016-03-03,1272.0,1257.464111328125,1215.6998291015625,1230.1710205078125,1241.3780517578125,1249.455810546875,1257.464111328125,1265.941650390625,1275.512939453125,1285.38525390625,1301.904296875
2016-03-11,2016-03-04,1258.7,1272.9921875,1230.700927734375,1245.2679443359375,1256.7874755859375,1265.0230712890625,1272.9921875,1282.01953125,1291.61865234375,1301.959228515625,1319.0738525390625
2016-03-14,2016-03-07,1244.4,1265.0064697265625,1224.6014404296875,1238.65869140625,1249.5521240234375,1257.344970703125,1265.0064697265625,1273.3802490234375,1282.3956298828125,1292.049072265625,1306.885986328125
2016-03-15,2016-03-08,1230.4,1264.9217529296875,1226.700927734375,1240.10595703125,1250.3974609375,1257.6942138671875,1264.9217529296875,1272.766357421875,1281.2071533203125,1290.4105224609375,1304.7081298828125
2016-03-16,2016-03-09,1229.3,1258.84619140625,1219.68359375,1233.5186767578125,1244.2000732421875,1251.7373046875,1258.84619140625,1266.9132080078125,1275.4154052734375,1284.606201171875,1298.8662109375
2016-03-17,2016-03-10,1264.5,1273.963134765625,1234.340087890625,1248.5028076171875,1259.1905517578125,1266.7947998046875,1273.963134765625,1282.040771484375,1290.66015625,1300.2296142578125,1314.8504638671875
2016-03-18,2016-03-11,1253.8,1259.2412109375,1219.116943359375,1233.3128662109375,1244.1376953125,1251.8402099609375,1259.2412109375,1267.5401611328125,1276.3006591796875,1285.6275634765625,1300.0628662109375
2016-03-21,2016-03-14,1243.8,1243.35400390625,1201.0977783203125,1215.8424072265625,1227.231201171875,1235.313720703125,1243.35400390625,1252.1075439453125,1261.3271484375,1271.1412353515625,1286.13037109375
2016-03-22,2016-03-15,1248.2,1224.6016845703125,1180.9532470703125,1196.197265625,1207.5831298828125,1216.1253662109375,1224.6016845703125,1233.668701171875,1243.0875244140625,1253.428466796875,1269.426513671875
2016-03-23,2016-03-16,1223.7,1222.9945068359375,1180.7928466796875,1195.533203125,1206.9515380859375,1214.8797607421875,1222.9945068359375,1231.8724365234375,1241.2591552734375,1251.31787109375,1267.357666015625
2016-03-24,2016-03-17,1221.4,1258.3907470703125,1214.8782958984375,1230.437255859375,1242.050048828125,1250.4034423828125,1258.3907470703125,1267.6324462890625,1277.2615966796875,1287.6263427734375,1304.447509765625
2016-03-28,2016-03-18,1219.9,1250.740966796875,1207.8128662109375,1222.9599609375,1234.4329833984375,1242.5413818359375,1250.740966796875,1259.638427734375,1269.3785400390625,1279.2864990234375,1295.292236328125
2016-03-29,2016-03-21,1235.6,1241.6881103515625,1200.4844970703125,1214.5179443359375,1225.8160400390625,1233.5093994140625,1241.6881103515625,1250.5673828125,1260.10205078125,1269.60009765625,1285.33935546875
2016-03-30,2016-03-22,1226.9,1247.5499267578125,1208.552001953125,1222.1748046875,1232.98095703125,1240.3326416015625,1247.5499267578125,1255.710693359375,1264.126708984375,1273.0736083984375,1287.9034423828125
2016-03-31,2016-03-23,1234.2,1221.6455078125,1174.197998046875,1190.4466552734375,1203.3160400390625,1212.4085693359375,1221.6455078125,1231.0272216796875,1241.418701171875,1251.780029296875,1268.250244140625
2016-04-01,2016-03-24,1222.2,1216.650146484375,1172.5682373046875,1187.7637939453125,1199.7177734375,1208.074462890625,1216.650146484375,1225.494873046875,1235.11767578125,1245.9852294921875,1262.4461669921875
2016-04-04,2016-03-28,1218.0,1214.922607421875,1173.52978515625,1187.7103271484375,1199.1282958984375,1207.0240478515625,1214.922607421875,1223.15673828125,1232.3565673828125,1242.6925048828125,1258.6444091796875
2016-04-05,2016-03-29,1228.4,1233.826416015625,1191.89794921875,1206.0894775390625,1217.7530517578125,1226.120361328125,1233.826416015625,1242.412353515625,1251.1376953125,1261.46630859375,1277.4249267578125
2016-04-06,2016-03-30,1222.5,1224.0595703125,1181.716064453125,1195.9697265625,1207.743896484375,1216.0606689453125,1224.0595703125,1232.685791015625,1241.7864990234375,1251.9208984375,1266.630126953125
2016-04-07,2016-03-31,1236.2,1233.095703125,1193.327880859375,1206.0975341796875,1217.665283203125,1225.640869140625,1233.095703125,1241.155029296875,1249.2467041015625,1258.589599609375,1272.3455810546875
2016-04-08,2016-04-01,1242.5,1222.284423828125,1182.34423828125,1195.4345703125,1206.653076171875,1214.6981201171875,1222.284423828125,1230.560302734375,1239.181396484375,1248.646728515625,1262.7198486328125
2016-04-11,2016-04-04,1256.7,1217.1673583984375,1179.2122802734375,1191.2738037109375,1201.955322265625,1209.629150390625,1217.1673583984375,1225.0948486328125,1233.8946533203125,1243.332275390625,1257.602294921875
2016-04-12,2016-04-05,1259.4,1226.987060546875,1189.234375,1201.5777587890625,1212.0157470703125,1219.73974609375,1226.987060546875,1234.729248046875,1243.277587890625,1252.63134765625,1266.48193359375
2016-04-13,2016-04-06,1246.8,1221.2679443359375,1182.5623779296875,1195.3782958984375,1205.8482666015625,1213.5572509765625,1221.2679443359375,1229.1236572265625,1237.6424560546875,1247.00341796875,1261.083251953125
2016-04-14,2016-04-07,1225.0,1233.60107421875,1194.9832763671875,1208.150146484375,1218.6708984375,1226.568603515625,1233.60107421875,1241.309326171875,1249.7786865234375,1258.971923828125,1272.880126953125
2016-04-15,2016-04-08,1233.1,1240.4671630859375,1203.0140380859375,1215.7086181640625,1225.6663818359375,1233.40478515625,1240.4671630859375,1247.978759765625,1256.0499267578125,1265.27587890625,1278.3602294921875
2016-04-18,2016-04-11,1233.6,1254.1724853515625,1212.6292724609375,1227.2947998046875,1237.897216796875,1246.3009033203125,1254.1724853515625,1262.4068603515625,1270.989990234375,1281.38671875,1295.196044921875
2016-04-19,2016-04-12,1253.0,1259.0120849609375,1217.262939453125,1232.436279296875,1243.457275390625,1250.9935302734375,1259.0120849609375,1267.2689208984375,1276.2122802734375,1285.6131591796875,1299.3936767578125
2016-04-20,2016-04-13,1253.2,1245.6121826171875,1205.5069580078125,1219.437255859375,1229.915771484375,1237.566650390625,1245.6121826171875,1253.5450439453125,1262.5357666015625,1271.98779296875,1286.1212158203125
2016-04-21,2016-04-14,1249.0,1225.1485595703125,1183.89208984375,1198.00341796875,1208.5135498046875,1216.6849365234375,1225.1485595703125,1233.09033203125,1242.22021484375,1252.1380615234375,1266.6580810546875
2016-04-22,2016-04-15,1228.7,1232.3839111328125,1193.067626953125,1206.6917724609375,1216.75927734375,1224.4688720703125,1232.3839111328125,1239.8404541015625,1248.213134765625,1257.5185546875,1271.373779296875
2016-04-25,2016-04-18,1238.9,1232.223388671875,1194.18310546875,1207.3675537109375,1217.28369140625,1224.5347900390625,1232.223388671875,1239.2711181640625,1247.4610595703125,1256.337646484375,1269.6607666015625
2016-04-26,2016-04-19,1242.2,1249.4945068359375,1210.5084228515625,1224.2744140625,1234.2791748046875,1241.7213134765625,1249.4945068359375,1256.9674072265625,1265.630859375,1274.699462890625,1289.183349609375
2016-04-27,2016-04-20,1249.2,1248.7401123046875,1209.501220703125,1223.6983642578125,1233.997802734375,1240.9527587890625,1248.7401123046875,1256.2431640625,1264.92138671875,1273.7978515625,1287.53564453125
2016-04-28,2016-04-21,1265.5,1246.414306640625,1207.6630859375,1221.314697265625,1231.544921875,1238.7452392578125,1246.414306640625,1253.736572265625,1261.9923095703125,1270.9732666015625,1283.8980712890625
2016-04-29,2016-04-22,1289.2,1228.5318603515625,1189.5313720703125,1203.0772705078125,1213.3367919921875,1220.6033935546875,1228.5318603515625,1235.7847900390625,1244.35498046875,1253.5650634765625,1267.0670166015625
2016-05-02,2016-04-25,1294.7,1237.0716552734375,1199.596435546875,1212.8331298828125,1222.5625,1229.758056640625,1237.0716552734375,1244.2423095703125,1252.07421875,1261.095703125,1275.1279296875
2016-05-03,2016-04-26,1290.7,1240.0947265625,1204.7884521484375,1217.6219482421875,1226.5548095703125,1233.365234375,1240.0947265625,1246.6654052734375,1253.9078369140625,1262.208251953125,1275.249267578125
2016-05-04,2016-04-27,1273.3,1247.10205078125,1212.079833984375,1225.089111328125,1233.890869140625,1240.697021484375,1247.10205078125,1253.765869140625,1261.0584716796875,1269.512939453125,1282.4412841796875
2016-05-05,2016-04-28,1271.4,1263.7974853515625,1225.41943359375,1239.5008544921875,1249.2310791015625,1256.8895263671875,1263.7974853515625,1270.961181640625,1279.439453125,1288.744873046875,1303.32373046875
2016-05-06,2016-04-29,1292.9,1291.333740234375,1249.1370849609375,1264.5823974609375,1274.8936767578125,1283.714111328125,1291.333740234375,1299.5927734375,1308.6500244140625,1319.23291015625,1336.0455322265625
2016-05-09,2016-05-02,1265.6,1300.72998046875,1258.5167236328125,1274.240966796875,1284.63720703125,1293.2391357421875,1300.72998046875,1308.8419189453125,1317.62255859375,1327.73193359375,1343.888916015625
2016-05-10,2016-05-03,1263.9,1292.4520263671875,1252.179443359375,1267.1776123046875,1277.239013671875,1285.2059326171875,1292.4520263671875,1299.859375,1308.3489990234375,1317.8387451171875,1332.44140625
2016-05-11,2016-05-04,1274.6,1271.1993408203125,1230.4281005859375,1245.37255859375,1255.794189453125,1263.4688720703125,1271.1993408203125,1278.652587890625,1287.4171142578125,1297.37255859375,1312.9459228515625
2016-05-12,2016-05-05,1270.3,1271.227294921875,1231.399169921875,1245.885986328125,1256.1973876953125,1263.865966796875,1271.227294921875,1278.6962890625,1286.975341796875,1296.380615234375,1311.0430908203125
2016-05-13,2016-05-06,1271.9,1295.7762451171875,1255.5113525390625,1270.806640625,1280.76123046875,1288.4559326171875,1295.7762451171875,1303.49658203125,1312.1954345703125,1322.1805419921875,1337.661376953125
2016-05-16,2016-05-09,1273.4,1265.9742431640625,1223.269287109375,1238.9742431640625,1249.6829833984375,1257.982421875,1265.9742431640625,1273.99365234375,1284.025634765625,1294.712158203125,1310.7935791015625
2016-05-17,2016-05-10,1276.2,1261.249267578125,1219.2857666015625,1234.4429931640625,1245.19140625,1253.2335205078125,1261.249267578125,1269.1727294921875,1278.96533203125,1289.8427734375,1305.5693359375
2016-05-18,2016-05-11,1273.7,1272.0135498046875,1231.4979248046875,1246.312255859375,1256.6688232421875,1264.5128173828125,1272.0135498046875,1279.6954345703125,1288.9342041015625,1299.31640625,1313.79833984375
2016-05-19,2016-05-12,1254.2,1267.2764892578125,1227.139404296875,1241.852294921875,1252.628173828125,1260.0157470703125,1267.2764892578125,1274.847412109375,1284.2508544921875,1294.322998046875,1308.5126953125
2016-05-20,2016-05-13,1252.4,1268.983154296875,1229.1229248046875,1243.9075927734375,1254.6024169921875,1261.8701171875,1268.983154296875,1276.658203125,1285.464599609375,1295.0203857421875,1308.184814453125
2016-05-23,2016-05-16,1251.1,1271.3341064453125,1234.8084716796875,1248.352783203125,1258.1893310546875,1264.89990234375,1271.3341064453125,1278.4949951171875,1286.3067626953125,1295.271484375,1308.255859375
2016-05-24,2016-05-17,1228.9,1276.0802001953125,1239.3409423828125,1253.36376953125,1262.78271484375,1269.5869140625,1276.0802001953125,1282.666748046875,1290.359619140625,1299.1051025390625,1311.3140869140625
2016-05-25,2016-05-18,1223.5,1274.0853271484375,1237.8031005859375,1251.670166015625,1260.6192626953125,1267.438720703125,1274.0853271484375,1280.821044921875,1289.0,1298.015625,1310.389404296875
2016-05-26,2016-05-19,1220.1,1255.345947265625,1215.8311767578125,1230.1016845703125,1240.0401611328125,1247.42529296875,1255.345947265625,1262.8975830078125,1271.974853515625,1282.11279296875,1296.043701171875
2016-05-27,2016-05-20,1213.8,1250.586669921875,1210.8358154296875,1225.5008544921875,1235.5784912109375,1242.94970703125,1250.586669921875,1258.090576171875,1267.192626953125,1276.93994140625,1291.0755615234375
2016-05-31,2016-05-23,1214.8,1247.8663330078125,1210.43359375,1224.31103515625,1233.5853271484375,1240.500732421875,1247.8663330078125,1254.9638671875,1263.1953125,1272.16552734375,1285.153076171875
2016-06-01,2016-05-24,1211.9,1223.5810546875,1181.3616943359375,1196.3953857421875,1207.110107421875,1214.8216552734375,1223.5810546875,1231.9130859375,1240.910400390625,1251.305908203125,1266.6439208984375
2016-06-02,2016-05-25,1209.8,1213.7379150390625,1172.9912109375,1187.4072265625,1197.8857421875,1205.047119140625,1213.7379150390625,1222.2423095703125,1231.038330078125,1241.3426513671875,1256.1917724609375
2016-06-03,2016-05-26,1240.1,1210.0028076171875,1170.9906005859375,1184.59423828125,1194.42431640625,1201.5753173828125,1210.0028076171875,1217.611572265625,1226.038818359375,1235.78125,1250.408935546875
2016-06-06,2016-05-27,1244.6,1205.5057373046875,1168.0087890625,1180.81884765625,1190.4931640625,1197.2779541015625,1205.5057373046875,1213.145263671875,1221.1949462890625,1231.10400390625,1245.652587890625
2016-06-07,2016-05-31,1244.4,1209.978271484375,1173.6710205078125,1186.1502685546875,1195.17578125,1202.1083984375,1209.978271484375,1217.372802734375,1225.1966552734375,1235.1280517578125,1249.42822265625
2016-06-08,2016-06-01,1259.8,1208.6505126953125,1172.7078857421875,1185.1405029296875,1194.19287109375,1201.0546875,1208.6505126953125,1216.153564453125,1223.8411865234375,1233.944580078125,1248.9759521484375
2016-06-09,2016-06-02,1270.2,1205.7689208984375,1169.9901123046875,1182.4677734375,1191.46826171875,1198.3985595703125,1205.7689208984375,1213.1640625,1221.0887451171875,1231.138427734375,1246.0252685546875
2016-06-10,2016-06-03,1273.4,1235.691650390625,1197.015869140625,1210.0968017578125,1220.148681640625,1227.8511962890625,1235.691650390625,1243.608154296875,1252.138671875,1262.6448974609375,1278.54931640625
2016-06-13,2016-06-06,1284.4,1241.157470703125,1204.3609619140625,1216.9779052734375,1226.5980224609375,1233.99462890625,1241.157470703125,1248.94775390625,1257.2835693359375,1267.30517578125,1282.7401123046875
2016-06-14,2016-06-07,1285.6,1243.0416259765625,1208.445068359375,1220.30712890625,1229.291015625,1236.055419921875,1243.0416259765625,1250.284423828125,1257.9278564453125,1267.494384765625,1281.1712646484375
2016-06-15,2016-06-08,1285.8,1259.936279296875,1223.6937255859375,1236.256103515625,1245.7327880859375,1252.9561767578125,1259.936279296875,1267.377685546875,1275.6456298828125,1285.6336669921875,1299.8167724609375
2016-06-16,2016-06-09,1296.1,1272.832275390625,1233.8370361328125,1247.832275390625,1257.9110107421875,1265.3974609375,1272.832275390625,1280.48876953125,1288.4801025390625,1298.638916015625,1313.81787109375
2016-06-17,2016-06-10,1292.5,1276.66552734375,1238.634521484375,1252.365966796875,1262.2071533203125,1269.437255859375,1276.66552734375,1284.086181640625,1291.8172607421875,1301.2952880859375,1314.997314453125
2016-06-20,2016-06-13,1290.0,1287.8504638671875,1250.068115234375,1263.5537109375,1273.6224365234375,1280.7850341796875,1287.8504638671875,1295.29931640625,1303.081298828125,1312.514404296875,1326.2008056640625
2016-06-21,2016-06-14,1270.5,1289.306884765625,1252.7783203125,1266.006103515625,1275.6488037109375,1282.483642578125,1289.306884765625,1296.4962158203125,1303.967529296875,1312.851806640625,1325.872802734375
2016-06-22,2016-06-15,1268.0,1288.150390625,1251.932861328125,1264.896728515625,1274.4068603515625,1281.3067626953125,1288.150390625,1295.0997314453125,1301.97314453125,1310.6163330078125,1322.8642578125
2016-06-23,2016-06-16,1261.2,1297.3504638671875,1260.87841796875,1273.7943115234375,1283.7237548828125,1290.5263671875,1297.3504638671875,1304.284912109375,1311.301513671875,1320.281982421875,1332.914306640625
2016-06-24,2016-06-17,1320.0,1292.1168212890625,1257.194091796875,1269.919677734375,1278.9365234375,1285.537353515625,1292.1168212890625,1298.78369140625,1305.5421142578125,1313.817626953125,1325.674560546875
2016-06-27,2016-06-20,1322.5,1288.16162109375,1252.8826904296875,1265.69091796875,1275.2655029296875,1281.56689453125,1288.16162109375,1294.5665283203125,1301.1363525390625,1309.3358154296875,1321.3692626953125
2016-06-28,2016-06-21,1315.3,1264.3094482421875,1225.494873046875,1239.26513671875,1249.48193359375,1256.942138671875,1264.3094482421875,1271.3870849609375,1278.4752197265625,1287.56494140625,1300.8935546875
2016-06-29,2016-06-22,1323.9,1261.49365234375,1224.2030029296875,1237.544189453125,1247.0972900390625,1254.423828125,1261.49365234375,1268.3040771484375,1275.1859130859375,1284.0714111328125,1296.682373046875
2016-06-30,2016-06-23,1318.4,1253.7392578125,1216.367431640625,1229.246826171875,1239.0672607421875,1246.4752197265625,1253.7392578125,1260.6126708984375,1267.724609375,1277.201904296875,1290.1920166015625
2016-07-01,2016-06-24,1336.7,1309.6270751953125,1266.663818359375,1281.257080078125,1293.0069580078125,1301.611328125,1309.6270751953125,1318.1102294921875,1326.9678955078125,1338.533203125,1355.867431640625
2016-07-05,2016-06-27,1356.4,1316.38427734375,1274.120849609375,1289.0909423828125,1300.3480224609375,1308.656005859375,1316.38427734375,1324.09375,1331.8675537109375,1342.23583984375,1357.125244140625
2016-07-06,2016-06-28,1364.9,1312.099365234375,1271.3494873046875,1286.020263671875,1296.943359375,1304.8211669921875,1312.099365234375,1319.2723388671875,1326.17822265625,1335.521484375,1348.7982177734375
2016-07-07,2016-06-29,1360.1,1321.635498046875,1281.7869873046875,1296.060546875,1307.002685546875,1314.6856689453125,1321.635498046875,1328.6943359375,1335.714599609375,1344.8104248046875,1358.14501953125
2016-07-08,2016-06-30,1356.6,1313.8839111328125,1275.61376953125,1289.2705078125,1299.9051513671875,1307.1717529296875,1313.8839111328125,1320.84326171875,1327.709716796875,1336.29150390625,1349.20361328125
2016-07-11,2016-07-01,1355.0,1333.9105224609375,1293.443603515625,1308.5570068359375,1319.32177734375,1327.0257568359375,1333.9105224609375,1341.1324462890625,1348.0982666015625,1357.4534912109375,1371.2978515625
2016-07-12,2016-07-05,1334.1,1353.073974609375,1310.962158203125,1327.060546875,1337.8968505859375,1346.0640869140625,1353.073974609375,1360.845703125,1368.2548828125,1378.469482421875,1393.9241943359375
2016-07-13,2016-07-06,1342.4,1365.133544921875,1324.4031982421875,1339.4918212890625,1349.92529296875,1358.2369384765625,1365.133544921875,1372.7086181640625,1380.181884765625,1389.9306640625,1404.681884765625
2016-07-14,2016-07-07,1331.3,1358.9208984375,1318.095947265625,1333.4959716796875,1343.9307861328125,1351.74169921875,1358.9208984375,1366.711669921875,1373.923828125,1383.628662109375,1398.58349609375
2016-07-15,2016-07-08,1326.5,1355.4873046875,1316.611083984375,1331.1302490234375,1341.2197265625,1348.5980224609375,1355.4873046875,1362.773681640625,1369.7919921875,1379.0145263671875,1392.621826171875
2016-07-18,2016-07-11,1328.4,1352.55126953125,1314.735107421875,1328.9232177734375,1338.8607177734375,1345.6094970703125,1352.55126953125,1359.86328125,1366.27880859375,1375.216796875,1388.0255126953125
2016-07-19,2016-07-12,1331.5,1328.047119140625,1284.4468994140625,1300.173583984375,1311.78466796875,1319.54931640625,1328.047119140625,1336.379638671875,1344.576904296875,1354.863037109375,1369.5159912109375
2016-07-20,2016-07-13,1318.8,1338.524169921875,1297.248779296875,1313.031982421875,1323.6600341796875,1331.1304931640625,1338.524169921875,1346.3023681640625,1353.7666015625,1363.7427978515625,1377.847412109375
2016-07-21,2016-07-14,1330.5,1325.4822998046875,1284.0662841796875,1299.664306640625,1309.98486328125,1317.6168212890625,1325.4822998046875,1333.4639892578125,1341.813720703125,1352.5528564453125,1367.524658203125
2016-07-22,2016-07-15,1323.1,1322.111083984375,1283.4276123046875,1297.38330078125,1306.748046875,1314.2647705078125,1322.111083984375,1329.8226318359375,1337.7451171875,1348.3870849609375,1363.0528564453125
2016-07-25,2016-07-18,1319.3,1323.1278076171875,1283.8916015625,1298.1466064453125,1307.7088623046875,1314.9576416015625,1323.1278076171875,1330.830078125,1339.022705078125,1349.850830078125,1365.3388671875
2016-07-26,2016-07-19,1320.7,1327.50146484375,1287.072998046875,1301.695068359375,1311.9769287109375,1319.3887939453125,1327.50146484375,1335.0125732421875,1342.79833984375,1353.232666015625,1368.540283203125
2016-07-27,2016-07-20,1326.6,1312.63525390625,1273.1875,1287.7794189453125,1297.21826171875,1304.734130859375,1312.63525390625,1320.0338134765625,1327.5621337890625,1338.137451171875,1352.860595703125
2016-07-28,2016-07-21,1332.3,1326.65966796875,1288.9521484375,1302.23388671875,1311.728515625,1318.86083984375,1326.65966796875,1333.85498046875,1341.889404296875,1352.385498046875,1367.6510009765625
2016-07-29,2016-07-22,1349.0,1321.0296630859375,1285.0638427734375,1297.31298828125,1306.532470703125,1313.6044921875,1321.0296630859375,1327.746337890625,1335.3985595703125,1345.048095703125,1358.689208984375
2016-08-01,2016-07-25,1351.4,1319.29443359375,1283.9041748046875,1295.320556640625,1304.340087890625,1311.602783203125,1319.29443359375,1325.832763671875,1333.603515625,1343.371337890625,1356.869873046875
2016-08-02,2016-07-26,1364.4,1320.2559814453125,1284.681640625,1297.3214111328125,1305.8157958984375,1312.9658203125,1320.2559814453125,1326.9913330078125,1334.031982421875,1343.451904296875,1356.8388671875
2016-08-03,2016-07-27,1356.1,1326.1475830078125,1292.143310546875,1304.0184326171875,1312.1822509765625,1318.982177734375,1326.1475830078125,1332.5960693359375,1339.928955078125,1349.1376953125,1362.650390625
2016-08-04,2016-07-28,1358.8,1333.192626953125,1299.3470458984375,1311.42919921875,1319.5615234375,1326.3245849609375,1333.192626953125,1339.6495361328125,1346.5062255859375,1355.5799560546875,1368.254150390625
2016-08-05,2016-07-29,1336.4,1353.655517578125,1319.39208984375,1331.584228515625,1339.57470703125,1346.7841796875,1353.655517578125,1360.3077392578125,1367.454345703125,1376.6063232421875,1389.20361328125
2016-08-08,2016-08-01,1333.4,1356.2080078125,1322.4703369140625,1334.2998046875,1342.33935546875,1349.1873779296875,1356.2080078125,1362.862548828125,1369.607421875,1378.43115234375,1390.8426513671875
2016-08-09,2016-08-02,1339.0,1370.1107177734375,1337.114013671875,1348.6260986328125,1356.6448974609375,1363.1875,1370.1107177734375,1376.5531005859375,1383.99462890625,1392.681640625,1405.123779296875
2016-08-10,2016-08-03,1344.3,1356.8411865234375,1323.1766357421875,1334.70263671875,1342.8958740234375,1349.6561279296875,1356.8411865234375,1363.357177734375,1370.7109375,1379.6920166015625,1392.3282470703125
2016-08-11,2016-08-04,1342.5,1361.4830322265625,1330.21337890625,1341.979248046875,1349.9525146484375,1355.3624267578125,1361.4830322265625,1367.77587890625,1374.7955322265625,1382.54248046875,1393.363037109375
2016-08-12,2016-08-05,1335.8,1334.542724609375,1298.5809326171875,1311.0484619140625,1319.896728515625,1326.6431884765625,1334.542724609375,1341.7166748046875,1349.0712890625,1358.64013671875,1372.1229248046875
2016-08-15,2016-08-08,1340.3,1327.712158203125,1292.6357421875,1304.948974609375,1313.399169921875,1320.2041015625,1327.712158203125,1334.6402587890625,1342.286376953125,1351.7833251953125,1365.1053466796875
2016-08-16,2016-08-09,1350.5,1337.2806396484375,1303.2279052734375,1315.2352294921875,1323.681884765625,1330.17333984375,1337.2806396484375,1343.84765625,1352.0010986328125,1361.49609375,1374.94140625
2016-08-17,2016-08-10,1342.7,1342.6287841796875,1309.378662109375,1321.413818359375,1330.029296875,1335.5191650390625,1342.6287841796875,1349.14453125,1356.827880859375,1366.015380859375,1378.9573974609375
2016-08-18,2016-08-11,1351.2,1342.5948486328125,1310.127685546875,1321.3505859375,1329.7208251953125,1335.6849365234375,1342.5948486328125,1349.0062255859375,1356.824951171875,1366.0572509765625,1379.177734375
2016-08-19,2016-08-12,1340.4,1334.93408203125,1300.984130859375,1312.82861328125,1321.806640625,1327.6278076171875,1334.93408203125,1341.46630859375,1348.9876708984375,1358.0064697265625,1371.2139892578125
2016-08-22,2016-08-15,1337.7,1339.5670166015625,1307.43310546875,1318.4239501953125,1326.7142333984375,1332.2945556640625,1339.5670166015625,1345.9754638671875,1353.990234375,1362.462646484375,1375.29150390625
2016-08-23,2016-08-16,1340.6,1350.7894287109375,1319.8135986328125,1330.7069091796875,1338.9306640625,1344.27392578125,1350.7894287109375,1356.996337890625,1364.1759033203125,1372.311279296875,1384.393798828125
2016-08-24,2016-08-17,1324.4,1343.219970703125,1312.3599853515625,1323.441162109375,1331.891357421875,1336.68994140625,1343.219970703125,1349.0228271484375,1355.9688720703125,1363.3013916015625,1374.321533203125
2016-08-25,2016-08-18,1320.1,1352.5677490234375,1322.659423828125,1333.081787109375,1341.1932373046875,1346.3023681640625,1352.5677490234375,1358.4061279296875,1365.7142333984375,1373.40771484375,1384.689697265625
2016-08-26,2016-08-19,1321.5,1340.227294921875,1308.145751953125,1319.0899658203125,1327.77587890625,1333.4053955078125,1340.227294921875,1346.5377197265625,1353.9234619140625,1361.721923828125,1373.490234375
2016-08-29,2016-08-22,1322.9,1335.373779296875,1302.624755859375,1313.88525390625,1322.6417236328125,1328.3072509765625,1335.373779296875,1341.7740478515625,1349.1343994140625,1357.1446533203125,1369.5052490234375
2016-08-30,2016-08-23,1311.7,1338.581298828125,1307.659912109375,1318.0958251953125,1326.6917724609375,1331.9150390625,1338.581298828125,1345.00439453125,1352.8712158203125,1360.67431640625,1372.48828125
2016-08-31,2016-08-24,1306.9,1321.2890625,1288.9404296875,1299.6849365234375,1308.47509765625,1313.94775390625,1321.2890625,1328.30029296875,1336.432861328125,1344.390869140625,1356.2320556640625
2016-09-01,2016-08-25,1312.2,1314.8504638671875,1280.0850830078125,1291.3883056640625,1300.7587890625,1306.9044189453125,1314.8504638671875,1322.181396484375,1330.6995849609375,1339.6025390625,1353.092529296875
2016-09-02,2016-08-26,1322.1,1318.1033935546875,1285.3795166015625,1296.370849609375,1304.86328125,1310.6806640625,1318.1033935546875,1325.0052490234375,1332.9815673828125,1341.172119140625,1353.8013916015625
2016-09-06,2016-08-29,1349.4,1320.388671875,1287.417724609375,1298.6243896484375,1307.2415771484375,1312.9276123046875,1320.388671875,1327.3619384765625,1335.59765625,1344.1221923828125,1357.21435546875
2016-09-07,2016-08-30,1344.3,1311.433837890625,1277.513427734375,1289.3372802734375,1297.8709716796875,1304.0701904296875,1311.433837890625,1318.4364013671875,1326.49462890625,1335.540771484375,1348.5064697265625
2016-09-08,2016-08-31,1336.8,1306.4637451171875,1272.222412109375,1284.3270263671875,1292.8355712890625,1299.1334228515625,1306.4637451171875,1313.1614990234375,1320.96630859375,1329.8353271484375,1342.688232421875
2016-09-09,2016-09-01,1330.1,1312.765869140625,1278.5450439453125,1290.5472412109375,1299.26708984375,1305.683349609375,1312.765869140625,1319.4622802734375,1327.247314453125,1336.209228515625,1349.2872314453125
2016-09-12,2016-09-02,1321.0,1322.81201171875,1289.462646484375,1301.332275390625,1309.8638916015625,1315.921630859375,1322.81201171875,1329.359375,1337.4246826171875,1346.21533203125,1359.5667724609375
2016-09-13,2016-09-06,1319.0,1347.642578125,1309.1932373046875,1322.6097412109375,1332.5001220703125,1339.662353515625,1347.642578125,1355.2972412109375,1364.7784423828125,1375.083740234375,1391.1414794921875
2016-09-14,2016-09-07,1321.5,1342.9776611328125,1309.2528076171875,1321.2913818359375,1329.8009033203125,1336.22412109375,1342.9776611328125,1349.450439453125,1357.1376953125,1366.228271484375,1379.1168212890625
2016-09-15,2016-09-08,1313.5,1337.865478515625,1302.5758056640625,1314.94580078125,1324.015869140625,1330.919677734375,1337.865478515625,1344.648193359375,1352.4053955078125,1361.60107421875,1374.8370361328125
2016-09-16,2016-09-09,1305.8,1329.88525390625,1293.6202392578125,1306.67138671875,1315.7720947265625,1322.7244873046875,1329.88525390625,1336.8428955078125,1345.0965576171875,1354.1375732421875,1367.416015625
2016-09-19,2016-09-12,1313.5,1318.010009765625,1283.1656494140625,1295.49853515625,1304.412109375,1310.9385986328125,1318.010009765625,1324.8489990234375,1332.869384765625,1341.8773193359375,1355.1783447265625
2016-09-20,2016-09-13,1313.7,1317.2178955078125,1283.2305908203125,1295.4495849609375,1304.1749267578125,1310.5462646484375,1317.2178955078125,1323.798583984375,1331.44482421875,1340.2435302734375,1353.113037109375
2016-09-21,2016-09-14,1326.9,1320.82666015625,1288.216552734375,1300.0986328125,1308.41064453125,1314.507568359375,1320.82666015625,1327.21435546875,1334.5020751953125,1342.72607421875,1355.081787109375
2016-09-22,2016-09-15,1340.4,1309.1304931640625,1275.4676513671875,1287.46923828125,1296.386962890625,1302.726318359375,1309.1304931640625,1315.451416015625,1322.65869140625,1331.0457763671875,1343.698486328125
2016-09-23,2016-09-16,1337.2,1301.5784912109375,1266.8109130859375,1278.9315185546875,1288.185302734375,1294.7862548828125,1301.5784912109375,1308.2593994140625,1316.06201171875,1325.133544921875,1338.882568359375
2016-09-26,2016-09-19,1339.7,1312.671630859375,1280.4613037109375,1291.977783203125,1300.6785888671875,1306.5675048828125,1312.671630859375,1319.0943603515625,1326.70849609375,1334.971435546875,1347.854248046875
2016-09-27,2016-09-20,1325.9,1312.4976806640625,1280.2215576171875,1291.9683837890625,1300.80029296875,1306.29541015625,1312.4976806640625,1319.138916015625,1326.66259765625,1335.006591796875,1347.7784423828125
2016-09-28,2016-09-21,1319.4,1327.24609375,1295.16357421875,1306.9866943359375,1315.9725341796875,1321.3466796875,1327.24609375,1333.7479248046875,1341.3045654296875,1349.51416015625,1362.4588623046875
2016-09-29,2016-09-22,1321.7,1340.30859375,1308.4058837890625,1320.0064697265625,1328.4171142578125,1334.3714599609375,1340.30859375,1346.737548828125,1354.3118896484375,1362.34912109375,1374.916748046875
2016-09-30,2016-09-23,1313.3,1336.25732421875,1304.47412109375,1316.3037109375,1324.7047119140625,1330.090576171875,1336.25732421875,1342.639404296875,1350.039794921875,1358.010498046875,1370.509765625
2016-10-03,2016-09-26,1309.0,1337.007568359375,1304.45068359375,1316.2437744140625,1324.940673828125,1330.7080078125,1337.007568359375,1343.565185546875,1350.763916015625,1358.7010498046875,1371.0665283203125
2016-10-04,2016-09-27,1266.3,1321.86474609375,1287.4427490234375,1299.5567626953125,1308.4285888671875,1315.078857421875,1321.86474609375,1328.67822265625,1336.47412109375,1345.3089599609375,1358.4552001953125
2016-10-05,2016-09-28,1265.2,1315.1136474609375,1280.277587890625,1292.322265625,1301.64404296875,1308.3203125,1315.1136474609375,1322.258544921875,1330.1336669921875,1338.9097900390625,1352.20263671875
2016-10-06,2016-09-29,1249.8,1319.1600341796875,1286.840576171875,1298.364990234375,1306.717041015625,1312.9654541015625,1319.1600341796875,1325.8868408203125,1333.7886962890625,1342.478515625,1355.1405029296875
2016-10-07,2016-09-30,1248.9,1310.4957275390625,1277.88525390625,1289.39697265625,1297.4486083984375,1303.9967041015625,1310.4957275390625,1317.390869140625,1325.3155517578125,1334.144775390625,1346.7308349609375
2016-10-11,2016-10-03,1253.0,1306.22705078125,1274.3411865234375,1285.8524169921875,1293.8499755859375,1300.0579833984375,1306.22705078125,1312.918212890625,1320.703369140625,1329.4835205078125,1342.0848388671875
2016-10-12,2016-10-04,1251.1,1264.268798828125,1221.511962890625,1236.161865234375,1246.855712890625,1255.3250732421875,1264.268798828125,1273.1107177734375,1283.123046875,1295.009521484375,1311.943603515625
2016-10-13,2016-10-05,1255.0,1264.46728515625,1225.6885986328125,1238.8477783203125,1248.756103515625,1256.52294921875,1264.46728515625,1272.5487060546875,1281.582275390625,1292.635498046875,1308.4520263671875
2016-10-14,2016-10-06,1253.1,1244.494384765625,1204.026123046875,1217.9874267578125,1228.1800537109375,1235.9818115234375,1244.494384765625,1252.681396484375,1262.14892578125,1272.9959716796875,1289.16015625
2016-10-17,2016-10-07,1254.4,1244.545166015625,1207.9619140625,1220.442626953125,1229.391357421875,1236.9305419921875,1244.545166015625,1252.2484130859375,1260.5457763671875,1270.6171875,1284.8988037109375
2016-10-18,2016-10-11,1260.8,1247.9063720703125,1208.87060546875,1222.1661376953125,1232.046630859375,1240.0660400390625,1247.9063720703125,1255.98095703125,1264.9171142578125,1275.4520263671875,1290.305908203125
2016-10-19,2016-10-12,1267.9,1245.443603515625,1208.7254638671875,1221.189208984375,1230.275390625,1238.0882568359375,1245.443603515625,1252.8184814453125,1260.9373779296875,1270.3975830078125,1283.985107421875
2016-10-20,2016-10-13,1265.6,1252.2379150390625,1214.4815673828125,1227.6103515625,1236.82568359375,1244.6766357421875,1252.2379150390625,1259.94091796875,1268.6134033203125,1278.6314697265625,1292.83984375
2016-10-21,2016-10-14,1265.9,1250.8853759765625,1215.388427734375,1227.426025390625,1236.089599609375,1243.640380859375,1250.8853759765625,1258.40673828125,1266.928955078125,1277.0218505859375,1291.3974609375
2016-10-24,2016-10-17,1262.0,1256.1688232421875,1221.810791015625,1233.4755859375,1241.9210205078125,1249.1910400390625,1256.1688232421875,1263.2314453125,1271.0198974609375,1280.194091796875,1293.3321533203125
2016-10-25,2016-10-18,1271.9,1265.341552734375,1231.7216796875,1243.247314453125,1251.404541015625,1258.6126708984375,1265.341552734375,1272.25,1280.007568359375,1288.9871826171875,1302.167724609375
2016-10-26,2016-10-19,1264.8,1273.7254638671875,1239.4373779296875,1251.236083984375,1259.7508544921875,1267.05126953125,1273.7254638671875,1280.668212890625,1288.592041015625,1297.6016845703125,1310.76953125
2016-10-27,2016-10-20,1267.9,1269.2725830078125,1235.237548828125,1247.014404296875,1255.407958984375,1262.4833984375,1269.2725830078125,1276.248779296875,1284.3026123046875,1293.27099609375,1306.6053466796875
2016-10-28,2016-10-21,1275.5,1269.8123779296875,1236.32080078125,1247.708251953125,1256.038818359375,1262.9942626953125,1269.8123779296875,1276.54443359375,1284.6480712890625,1294.2568359375,1307.9022216796875
2016-10-31,2016-10-24,1271.5,1265.56201171875,1232.470458984375,1243.8798828125,1252.0333251953125,1259.007080078125,1265.56201171875,1272.1343994140625,1279.6383056640625,1288.3538818359375,1300.730224609375
2016-11-01,2016-10-25,1286.4,1276.08251953125,1242.59716796875,1254.019775390625,1262.336669921875,1269.3809814453125,1276.08251953125,1282.8612060546875,1290.4078369140625,1299.431640625,1312.15087890625
2016-11-02,2016-10-26,1306.8,1267.8592529296875,1235.2542724609375,1246.4942626953125,1254.477294921875,1261.2618408203125,1267.8592529296875,1274.381103515625,1281.7598876953125,1290.2529296875,1302.8656005859375
2016-11-03,2016-10-27,1302.1,1271.274658203125,1241.12548828125,1251.4041748046875,1258.8564453125,1265.2032470703125,1271.274658203125,1277.351318359375,1284.411376953125,1292.799560546875,1305.027099609375
2016-11-04,2016-10-28,1303.3,1276.650146484375,1244.547119140625,1255.5245361328125,1263.61572265625,1270.2706298828125,1276.650146484375,1283.075439453125,1290.35693359375,1298.8876953125,1311.3499755859375
2016-11-07,2016-10-31,1278.3,1271.8955078125,1240.6546630859375,1251.4427490234375,1259.30419921875,1265.8021240234375,1271.8955078125,1278.0703125,1285.14111328125,1293.244384765625,1305.0775146484375
2016-11-08,2016-11-01,1273.4,1289.9735107421875,1256.865234375,1267.91064453125,1276.4385986328125,1283.43212890625,1289.9735107421875,1296.6259765625,1304.060546875,1312.8006591796875,1326.1204833984375
2016-11-09,2016-11-02,1272.6,1310.0946044921875,1274.3316650390625,1286.3009033203125,1295.51806640625,1303.036376953125,1310.0946044921875,1317.602294921875,1325.806396484375,1335.836669921875,1350.5921630859375
2016-11-10,2016-11-03,1265.5,1301.0120849609375,1267.3751220703125,1278.639404296875,1287.3299560546875,1294.287841796875,1301.0120849609375,1308.024658203125,1315.9049072265625,1325.1221923828125,1338.54638671875
2016-11-14,2016-11-04,1221.2,1302.3577880859375,1269.147216796875,1280.4443359375,1289.1658935546875,1295.937744140625,1302.3577880859375,1309.3375244140625,1316.8807373046875,1325.78515625,1338.88330078125
2016-11-15,2016-11-07,1224.0,1274.1888427734375,1238.8443603515625,1250.7674560546875,1260.1031494140625,1267.0841064453125,1274.1888427734375,1281.3970947265625,1289.1077880859375,1298.5660400390625,1311.8118896484375
2016-11-16,2016-11-08,1223.4,1271.700927734375,1238.2703857421875,1249.2276611328125,1257.978271484375,1265.05126953125,1271.700927734375,1278.511962890625,1285.6405029296875,1294.903076171875,1307.929443359375
2016-11-17,2016-11-09,1216.5,1273.0350341796875,1242.4112548828125,1252.772216796875,1260.754150390625,1266.9339599609375,1273.0350341796875,1279.58056640625,1286.53271484375,1295.2908935546875,1308.368896484375
2016-11-18,2016-11-10,1208.5,1263.545654296875,1231.36572265625,1242.06982421875,1250.2896728515625,1256.890625,1263.545654296875,1270.333984375,1277.7540283203125,1286.7972412109375,1299.84521484375
2016-11-21,2016-11-14,1209.6,1217.020263671875,1174.3323974609375,1189.3203125,1199.783203125,1208.249755859375,1217.020263671875,1225.2969970703125,1234.599853515625,1245.4803466796875,1260.9716796875
2016-11-22,2016-11-15,1211.0,1219.1947021484375,1182.264892578125,1195.0040283203125,1204.0894775390625,1211.730224609375,1219.1947021484375,1226.4556884765625,1234.314697265625,1244.067138671875,1257.6492919921875
2016-11-23,2016-11-16,1189.1,1217.560791015625,1182.0308837890625,1194.4512939453125,1202.957275390625,1210.22216796875,1217.560791015625,1224.6280517578125,1232.0904541015625,1241.5076904296875,1254.750244140625
2016-11-25,2016-11-17,1178.2,1210.570068359375,1175.241455078125,1187.7647705078125,1196.26123046875,1203.41064453125,1210.570068359375,1217.58642578125,1225.0450439453125,1234.1258544921875,1247.2701416015625
2016-11-28,2016-11-18,1190.6,1204.7777099609375,1169.03955078125,1181.86083984375,1190.4049072265625,1197.4971923828125,1204.7777099609375,1211.554443359375,1218.9974365234375,1228.188720703125,1241.328125
2016-11-29,2016-11-21,1187.9,1208.30078125,1173.4010009765625,1185.7093505859375,1194.139404296875,1201.33984375,1208.30078125,1215.0621337890625,1222.5511474609375,1231.874755859375,1245.306884765625
2016-11-30,2016-11-22,1170.8,1211.6357421875,1177.130615234375,1189.288330078125,1197.7061767578125,1204.77587890625,1211.6357421875,1218.346435546875,1225.7767333984375,1234.959716796875,1247.9013671875
2016-12-01,2016-11-23,1166.9,1188.9737548828125,1150.33837890625,1164.3455810546875,1173.636474609375,1181.281494140625,1188.9737548828125,1196.1319580078125,1204.3275146484375,1213.96484375,1227.93408203125
2016-12-02,2016-11-25,1175.1,1174.2247314453125,1135.852294921875,1149.70849609375,1159.001708984375,1166.6046142578125,1174.2247314453125,1181.3192138671875,1189.446533203125,1198.9703369140625,1213.33544921875
2016-12-05,2016-11-28,1174.0,1188.3297119140625,1149.4456787109375,1163.4425048828125,1172.8577880859375,1180.7200927734375,1188.3297119140625,1195.3489990234375,1203.383056640625,1213.212646484375,1227.464599609375
2016-12-06,2016-11-29,1167.6,1185.911376953125,1148.5697021484375,1161.733154296875,1170.927978515625,1178.38037109375,1185.911376953125,1192.800537109375,1200.69287109375,1210.321044921875,1224.347412109375
2016-12-07,2016-11-30,1175.0,1168.5579833984375,1129.42431640625,1143.21630859375,1152.7049560546875,1160.394287109375,1168.5579833984375,1175.619384765625,1184.030029296875,1194.0838623046875,1209.1715087890625
2016-12-08,2016-12-01,1169.8,1167.077392578125,1129.9384765625,1142.9412841796875,1151.857177734375,1159.3211669921875,1167.077392578125,1173.7850341796875,1181.8406982421875,1191.7366943359375,1206.4036865234375
2016-12-09,2016-12-02,1159.4,1176.9979248046875,1141.287841796875,1153.7020263671875,1162.2340087890625,1169.6280517578125,1176.9979248046875,1183.6806640625,1191.3470458984375,1200.7203369140625,1214.594970703125
2016-12-12,2016-12-05,1163.5,1176.222900390625,1142.2489013671875,1154.152587890625,1162.3067626953125,1169.2578125,1176.222900390625,1182.69970703125,1190.061767578125,1198.8515625,1212.045166015625
2016-12-13,2016-12-06,1156.7,1170.2933349609375,1136.0137939453125,1147.9801025390625,1156.3485107421875,1163.2926025390625,1170.2933349609375,1176.6533203125,1184.271728515625,1193.0408935546875,1206.4381103515625
2016-12-14,2016-12-07,1161.3,1178.98974609375,1143.7340087890625,1155.944091796875,1164.5087890625,1171.6654052734375,1178.98974609375,1185.5745849609375,1193.5340576171875,1203.0283203125,1217.66796875
2016-12-15,2016-12-08,1127.8,1170.7591552734375,1137.9696044921875,1149.3271484375,1157.130859375,1163.624755859375,1170.7591552734375,1177.025390625,1184.546142578125,1193.76806640625,1207.6484375
2016-12-16,2016-12-09,1135.3,1159.478515625,1125.5279541015625,1137.4794921875,1145.71435546875,1152.305908203125,1159.478515625,1165.7471923828125,1173.351806640625,1182.0732421875,1195.307373046875
2016-12-19,2016-12-12,1140.5,1161.0576171875,1128.379638671875,1139.746337890625,1147.7452392578125,1154.0167236328125,1161.0576171875,1167.2423095703125,1174.4593505859375,1183.0958251953125,1196.19140625
2016-12-20,2016-12-13,1131.5,1154.18310546875,1121.548095703125,1132.8167724609375,1140.9041748046875,1147.4031982421875,1154.18310546875,1160.2938232421875,1167.350830078125,1175.875244140625,1188.75
2016-12-21,2016-12-14,1131.1,1159.17041015625,1127.42724609375,1138.1500244140625,1146.110595703125,1152.2786865234375,1159.17041015625,1165.0950927734375,1172.291015625,1180.9847412109375,1193.9451904296875
2016-12-22,2016-12-15,1128.8,1126.0350341796875,1088.8167724609375,1101.821533203125,1110.9146728515625,1118.0985107421875,1126.0350341796875,1132.49755859375,1140.4384765625,1149.5069580078125,1163.56494140625
2016-12-23,2016-12-16,1131.9,1132.9366455078125,1098.523681640625,1110.1998291015625,1118.482666015625,1125.419921875,1132.9366455078125,1139.110595703125,1146.67822265625,1155.45068359375,1168.903076171875
2016-12-27,2016-12-19,1137.3,1137.4561767578125,1102.6787109375,1114.3682861328125,1122.856689453125,1129.9063720703125,1137.4561767578125,1143.5865478515625,1151.0234375,1159.4617919921875,1172.8555908203125
2016-12-28,2016-12-20,1139.4,1125.710205078125,1093.85693359375,1104.2288818359375,1112.0986328125,1118.3114013671875,1125.710205078125,1131.1512451171875,1138.30078125,1146.7822265625,1159.50048828125
2016-12-29,2016-12-21,1156.4,1125.636474609375,1093.7493896484375,1104.0938720703125,1111.9718017578125,1118.0416259765625,1125.636474609375,1130.7979736328125,1137.8680419921875,1146.2799072265625,1159.3494873046875
2016-12-30,2016-12-22,1150.0,1125.74462890625,1096.1688232421875,1105.7611083984375,1112.947265625,1118.64990234375,1125.74462890625,1130.6368408203125,1137.247314453125,1145.130615234375,1157.611572265625
2017-01-03,2016-12-23,1160.4,1131.10888671875,1101.302490234375,1111.0234375,1118.4677734375,1124.27783203125,1131.10888671875,1136.466552734375,1143.1966552734375,1151.19873046875,1163.8359375
2017-01-04,2016-12-27,1163.8,1138.2030029296875,1104.68310546875,1115.58251953125,1123.9578857421875,1130.778564453125,1138.2030029296875,1144.0611572265625,1151.2713623046875,1159.43505859375,1172.855224609375
2017-01-05,2016-12-28,1179.7,1140.287109375,1109.909423828125,1120.1324462890625,1127.4683837890625,1133.26416015625,1140.287109375,1145.486572265625,1151.9901123046875,1160.34375,1173.684814453125
2017-01-06,2016-12-29,1171.9,1159.8680419921875,1125.72509765625,1137.0849609375,1145.81884765625,1152.4439697265625,1159.8680419921875,1165.82275390625,1173.437255859375,1182.39599609375,1195.9808349609375
2017-01-09,2016-12-30,1183.5,1153.423828125,1118.1925048828125,1129.9654541015625,1139.103271484375,1145.898681640625,1153.423828125,1159.505615234375,1166.807861328125,1175.20654296875,1189.3240966796875
2017-01-10,2017-01-03,1184.2,1165.11669921875,1128.950927734375,1140.88232421875,1150.2774658203125,1157.322998046875,1165.11669921875,1171.6260986328125,1178.75830078125,1187.6412353515625,1201.2630615234375
2017-01-11,2017-01-04,1195.6,1167.6336669921875,1132.005859375,1144.1380615234375,1153.32763671875,1160.237060546875,1167.6336669921875,1174.032470703125,1181.3743896484375,1190.0810546875,1203.333251953125
2017-01-12,2017-01-05,1198.9,1187.4141845703125,1147.1036376953125,1160.992431640625,1171.33349609375,1179.298095703125,1187.4141845703125,1194.933349609375,1202.82470703125,1212.184814453125,1226.9549560546875
2017-01-13,2017-01-06,1195.3,1176.655517578125,1138.2576904296875,1151.79833984375,1161.3768310546875,1168.786376953125,1176.655517578125,1183.5557861328125,1190.9420166015625,1199.8983154296875,1213.8941650390625
2017-01-17,2017-01-09,1212.0,1189.498046875,1151.557373046875,1164.5804443359375,1174.2432861328125,1181.6724853515625,1189.498046875,1196.4779052734375,1203.740966796875,1212.591796875,1226.5740966796875
2017-01-18,2017-01-10,1211.3,1191.427001953125,1154.9322509765625,1167.6556396484375,1177.001953125,1183.7137451171875,1191.427001953125,1197.693603515625,1204.5653076171875,1213.2410888671875,1225.370361328125
2017-01-19,2017-01-11,1200.9,1206.645751953125,1168.212890625,1181.4825439453125,1191.40478515625,1198.636474609375,1206.645751953125,1213.43798828125,1220.594482421875,1229.3707275390625,1242.84814453125
2017-01-20,2017-01-12,1204.3,1207.984619140625,1171.4150390625,1183.8690185546875,1193.2681884765625,1200.154541015625,1207.984619140625,1214.321044921875,1221.1339111328125,1229.8543701171875,1242.34814453125
2017-01-23,2017-01-13,1215.0,1200.1336669921875,1165.215576171875,1177.1982421875,1185.9444580078125,1192.8223876953125,1200.1336669921875,1206.1417236328125,1212.6104736328125,1220.9346923828125,1233.2332763671875
2017-01-24,2017-01-17,1210.3,1216.674560546875,1179.2169189453125,1192.146240234375,1201.6123046875,1208.984130859375,1216.674560546875,1223.569580078125,1230.416015625,1238.900146484375,1252.2249755859375
2017-01-25,2017-01-18,1197.3,1215.4169921875,1179.4439697265625,1191.8575439453125,1201.04833984375,1208.0032958984375,1215.4169921875,1221.895263671875,1228.3663330078125,1236.01171875,1248.0206298828125
2017-01-26,2017-01-19,1189.5,1200.8935546875,1165.904541015625,1178.0848388671875,1186.7618408203125,1193.543212890625,1200.8935546875,1206.98291015625,1213.27685546875,1220.954345703125,1232.6883544921875
2017-01-27,2017-01-20,1188.1,1205.533935546875,1170.96728515625,1183.3988037109375,1191.831787109375,1198.5654296875,1205.533935546875,1211.7220458984375,1218.1561279296875,1225.7786865234375,1237.7994384765625
2017-01-30,2017-01-23,1193.2,1218.12744140625,1183.8212890625,1196.1737060546875,1204.6072998046875,1211.2738037109375,1218.12744140625,1224.49267578125,1231.0880126953125,1238.9072265625,1251.2501220703125
2017-01-31,2017-01-24,1208.6,1211.9903564453125,1178.782470703125,1190.72119140625,1198.920166015625,1205.3629150390625,1211.9903564453125,1217.855224609375,1224.0894775390625,1231.4400634765625,1243.509521484375
2017-02-01,2017-01-25,1205.6,1195.3204345703125,1161.5537109375,1173.8162841796875,1182.08544921875,1188.5596923828125,1195.3204345703125,1200.9564208984375,1207.500732421875,1214.657958984375,1227.22509765625
2017-02-02,2017-01-26,1216.7,1185.3487548828125,1152.4979248046875,1164.29541015625,1172.47607421875,1178.648681640625,1185.3487548828125,1191.205078125,1197.3970947265625,1204.7552490234375,1217.6248779296875
2017-02-03,2017-01-27,1218.5,1185.9539794921875,1152.078125,1164.183349609375,1172.3929443359375,1179.0030517578125,1185.9539794921875,1191.990234375,1198.3590087890625,1206.105712890625,1219.0830078125
2017-02-06,2017-01-30,1230.0,1191.736328125,1159.1370849609375,1170.5322265625,1178.8685302734375,1185.01220703125,1191.736328125,1197.60302734375,1203.3995361328125,1210.864990234375,1223.519775390625
2017-02-07,2017-01-31,1234.2,1208.82080078125,1174.036376953125,1186.1810302734375,1194.954833984375,1202.070068359375,1208.82080078125,1215.02734375,1221.2100830078125,1228.969970703125,1241.62744140625
2017-02-08,2017-02-01,1237.6,1207.4091796875,1173.66943359375,1185.4844970703125,1193.992431640625,1200.71240234375,1207.4091796875,1213.6590576171875,1219.476318359375,1227.23095703125,1239.7115478515625
2017-02-09,2017-02-02,1235.1,1219.437255859375,1185.933349609375,1197.72802734375,1206.28271484375,1212.9031982421875,1219.437255859375,1225.7630615234375,1231.408447265625,1239.2264404296875,1251.3099365234375
2017-02-10,2017-02-03,1234.4,1220.3839111328125,1187.6134033203125,1199.1630859375,1207.4302978515625,1213.97314453125,1220.3839111328125,1226.528564453125,1232.17578125,1239.6668701171875,1251.333251953125
2017-02-13,2017-02-06,1224.4,1234.2857666015625,1200.06689453125,1212.353515625,1220.980712890625,1227.6962890625,1234.2857666015625,1240.6248779296875,1246.57373046875,1254.048095703125,1265.903076171875
2017-02-14,2017-02-07,1223.9,1237.47607421875,1203.476318359375,1215.44775390625,1224.2353515625,1230.714111328125,1237.47607421875,1243.70361328125,1249.3731689453125,1257.1785888671875,1269.263671875
2017-02-15,2017-02-08,1231.7,1237.989501953125,1203.0811767578125,1215.6875,1224.5799560546875,1231.1505126953125,1237.989501953125,1244.3922119140625,1250.3243408203125,1258.2371826171875,1270.5526123046875
2017-02-16,2017-02-09,1240.0,1237.0191650390625,1203.982421875,1216.2115478515625,1224.559326171875,1230.579345703125,1237.0191650390625,1242.884765625,1248.277099609375,1255.505126953125,1267.1041259765625
2017-02-17,2017-02-10,1237.6,1235.745849609375,1204.020263671875,1215.5220947265625,1223.58837890625,1229.5133056640625,1235.745849609375,1241.2423095703125,1246.5166015625,1253.6048583984375,1264.8128662109375
2017-02-21,2017-02-13,1237.5,1223.4605712890625,1190.2891845703125,1202.3621826171875,1210.634033203125,1216.9979248046875,1223.4605712890625,1229.480224609375,1235.451416015625,1242.93896484375,1254.2010498046875
2017-02-22,2017-02-14,1232.0,1223.00927734375,1190.1085205078125,1202.0186767578125,1210.304443359375,1216.5743408203125,1223.00927734375,1229.0931396484375,1235.0631103515625,1242.8973388671875,1254.44677734375
2017-02-23,2017-02-15,1250.2,1231.53662109375,1198.76123046875,1210.5203857421875,1219.02197265625,1225.2000732421875,1231.53662109375,1237.607666015625,1243.7835693359375,1251.464111328125,1262.8409423828125
2017-02-24,2017-02-16,1256.9,1242.16357421875,1208.0074462890625,1220.3624267578125,1229.0648193359375,1235.580810546875,1242.16357421875,1248.259765625,1254.476806640625,1262.669677734375,1274.52001953125
2017-02-27,2017-02-17,1257.4,1239.4722900390625,1206.1572265625,1218.146728515625,1226.8392333984375,1233.1397705078125,1239.4722900390625,1245.250244140625,1251.1695556640625,1258.885986328125,1270.0
2017-02-28,2017-02-21,1252.6,1238.99951171875,1207.029541015625,1218.2796630859375,1226.790771484375,1232.560791015625,1238.99951171875,1244.7685546875,1250.5693359375,1258.162109375,1268.9920654296875
2017-03-01,2017-02-22,1248.9,1231.97412109375,1199.9857177734375,1211.2813720703125,1219.5396728515625,1225.5072021484375,1231.97412109375,1237.56591796875,1243.1265869140625,1250.6456298828125,1261.47802734375
2017-03-02,2017-02-23,1231.9,1252.822021484375,1219.5655517578125,1230.994873046875,1239.6812744140625,1245.969482421875,1252.822021484375,1258.720703125,1264.0211181640625,1271.888427734375,1283.5557861328125
2017-03-03,2017-02-24,1225.5,1262.194580078125,1226.2303466796875,1238.689453125,1248.0169677734375,1254.952880859375,1262.194580078125,1268.687255859375,1274.7303466796875,1283.469970703125,1296.09130859375
2017-03-06,2017-02-27,1224.5,1262.2236328125,1228.4193115234375,1240.0511474609375,1249.079345703125,1255.3626708984375,1262.2236328125,1268.080078125,1273.60400390625,1281.45166015625,1292.849853515625
2017-03-07,2017-02-28,1215.1,1253.585693359375,1221.192138671875,1232.4560546875,1240.9591064453125,1247.0863037109375,1253.585693359375,1258.9639892578125,1263.648193359375,1270.890380859375,1281.1500244140625
2017-03-08,2017-03-01,1208.5,1249.408447265625,1218.4185791015625,1229.0950927734375,1237.2354736328125,1243.2978515625,1249.408447265625,1254.3536376953125,1259.013671875,1266.0804443359375,1276.3192138671875
2017-03-09,2017-03-02,1202.4,1229.5648193359375,1196.6160888671875,1207.853271484375,1216.6385498046875,1223.11865234375,1229.5648193359375,1235.021240234375,1239.876708984375,1247.6683349609375,1258.90673828125
2017-03-10,2017-03-03,1200.7,1221.782470703125,1189.3094482421875,1200.3487548828125,1208.954833984375,1215.4097900390625,1221.782470703125,1227.1552734375,1232.663818359375,1240.5198974609375,1251.8699951171875
2017-03-13,2017-03-06,1202.4,1220.9803466796875,1189.246337890625,1200.1502685546875,1208.819091796875,1214.9105224609375,1220.9803466796875,1226.115966796875,1232.022216796875,1239.343994140625,1250.1517333984375
2017-03-14,2017-03-07,1201.9,1211.671875,1179.7960205078125,1190.8201904296875,1199.3221435546875,1205.629150390625,1211.671875,1216.870849609375,1223.310546875,1231.2501220703125,1243.0029296875
2017-03-15,2017-03-08,1200.1,1205.7855224609375,1173.1490478515625,1184.5743408203125,1193.045654296875,1199.5467529296875,1205.7855224609375,1211.27685546875,1217.8741455078125,1226.057861328125,1237.8726806640625
2017-03-16,2017-03-09,1226.5,1199.362060546875,1167.01953125,1178.4111328125,1186.7698974609375,1193.2269287109375,1199.362060546875,1204.765380859375,1211.194580078125,1218.7840576171875,1230.291259765625
2017-03-17,2017-03-10,1229.8,1196.7303466796875,1165.629150390625,1176.5013427734375,1184.53662109375,1190.8544921875,1196.7303466796875,1201.901611328125,1207.9783935546875,1215.24658203125,1225.8919677734375
2017-03-20,2017-03-13,1233.6,1200.7099609375,1170.994384765625,1181.3873291015625,1189.330078125,1195.27880859375,1200.7099609375,1205.712646484375,1211.45751953125,1218.2535400390625,1228.474609375
2017-03-21,2017-03-14,1246.1,1199.282958984375,1170.76806640625,1180.5596923828125,1187.998779296875,1193.810302734375,1199.282958984375,1204.239013671875,1209.75830078125,1216.647705078125,1227.0113525390625
2017-03-22,2017-03-15,1249.3,1197.16162109375,1168.1212158203125,1178.25048828125,1185.630859375,1191.5386962890625,1197.16162109375,1201.915283203125,1207.56591796875,1213.9932861328125,1224.494873046875
2017-03-23,2017-03-16,1246.9,1228.6968994140625,1195.4173583984375,1206.98876953125,1215.4334716796875,1222.351318359375,1228.6968994140625,1234.8155517578125,1241.552001953125,1249.51708984375,1261.7811279296875
2017-03-24,2017-03-17,1248.2,1233.88330078125,1200.4366455078125,1212.0501708984375,1220.476806640625,1227.4952392578125,1233.88330078125,1239.9810791015625,1246.3826904296875,1253.9398193359375,1265.7327880859375
2017-03-27,2017-03-20,1255.4,1238.8067626953125,1205.9210205078125,1217.436767578125,1225.81982421875,1232.71728515625,1238.8067626953125,1244.9432373046875,1251.342529296875,1258.880615234375,1270.6163330078125
2017-03-28,2017-03-21,1255.3,1253.930419921875,1219.1785888671875,1231.2261962890625,1240.2457275390625,1247.5423583984375,1253.930419921875,1260.94873046875,1267.8543701171875,1276.1875,1288.7901611328125
2017-03-29,2017-03-22,1253.4,1254.9527587890625,1220.601806640625,1232.5220947265625,1241.4261474609375,1248.5728759765625,1254.9527587890625,1261.6617431640625,1268.28759765625,1276.199462890625,1288.119384765625
2017-03-30,2017-03-23,1245.0,1248.1029052734375,1215.5335693359375,1226.689697265625,1235.253662109375,1241.9105224609375,1248.1029052734375,1254.5286865234375,1260.8792724609375,1268.5565185546875,1279.6754150390625
2017-03-31,2017-03-24,1247.3,1249.1068115234375,1216.5858154296875,1227.967529296875,1236.1602783203125,1242.8880615234375,1249.1068115234375,1255.189208984375,1261.249267578125,1268.9078369140625,1279.8076171875
2017-04-03,2017-03-27,1250.8,1256.899658203125,1224.088134765625,1235.7236328125,1243.942138671875,1250.655029296875,1256.899658203125,1263.223388671875,1269.4534912109375,1277.251708984375,1288.33251953125
2017-04-04,2017-03-28,1255.0,1256.715576171875,1224.7587890625,1236.1915283203125,1244.222900390625,1250.7164306640625,1256.715576171875,1262.6787109375,1268.5882568359375,1276.1824951171875,1286.96875
2017-04-05,2017-03-29,1245.4,1253.7855224609375,1223.7252197265625,1234.4500732421875,1241.990478515625,1248.1922607421875,1253.7855224609375,1259.268310546875,1264.685546875,1271.9510498046875,1282.19091796875
2017-04-06,2017-03-30,1250.3,1242.233642578125,1211.4815673828125,1222.4267578125,1230.078369140625,1236.383056640625,1242.233642578125,1248.276611328125,1254.4493408203125,1261.70458984375,1271.740966796875
2017-04-07,2017-03-31,1254.3,1247.562744140625,1217.564697265625,1228.44140625,1235.7806396484375,1242.0465087890625,1247.562744140625,1253.2618408203125,1259.3411865234375,1266.642333984375,1276.8160400390625
2017-04-10,2017-04-03,1251.1,1250.3746337890625,1221.2366943359375,1231.8238525390625,1238.9600830078125,1245.107666015625,1250.3746337890625,1255.960693359375,1261.9219970703125,1268.8515625,1278.842041015625
2017-04-11,2017-04-04,1271.2,1256.84765625,1227.4530029296875,1238.0048828125,1245.5865478515625,1251.6268310546875,1256.84765625,1262.3092041015625,1267.8460693359375,1274.6397705078125,1284.77685546875
2017-04-12,2017-04-05,1275.3,1243.576171875,1213.629150390625,1224.0423583984375,1231.643798828125,1238.0267333984375,1243.576171875,1249.0069580078125,1254.6148681640625,1261.5750732421875,1272.0079345703125
2017-04-13,2017-04-06,1285.9,1249.7401123046875,1221.601806640625,1231.6639404296875,1238.6495361328125,1244.7298583984375,1249.7401123046875,1254.49609375,1260.19921875,1266.8270263671875,1276.3033447265625
2017-04-17,2017-04-07,1289.4,1254.786865234375,1227.1280517578125,1237.074951171875,1243.992919921875,1249.7332763671875,1254.786865234375,1259.4573974609375,1265.1820068359375,1271.92333984375,1281.3350830078125
2017-04-18,2017-04-10,1291.7,1251.1995849609375,1225.808349609375,1235.052734375,1241.3309326171875,1246.655517578125,1251.1995849609375,1255.4158935546875,1260.4852294921875,1266.4078369140625,1274.612060546875
2017-04-19,2017-04-11,1281.4,1275.24267578125,1243.7431640625,1255.1297607421875,1262.7418212890625,1269.486083984375,1275.24267578125,1280.857177734375,1287.645263671875,1295.6971435546875,1307.066650390625
2017-04-20,2017-04-12,1281.9,1279.252197265625,1248.565673828125,1259.6773681640625,1267.0084228515625,1273.65087890625,1279.252197265625,1284.732421875,1291.36474609375,1299.14794921875,1310.3607177734375
2017-04-21,2017-04-13,1287.4,1292.802001953125,1259.3280029296875,1271.6478271484375,1279.801025390625,1286.8975830078125,1292.802001953125,1298.64697265625,1305.388427734375,1313.3909912109375,1324.9130859375
2017-04-24,2017-04-17,1275.8,1295.73046875,1263.539306640625,1275.3997802734375,1283.1329345703125,1289.9771728515625,1295.73046875,1301.47607421875,1307.7706298828125,1315.115478515625,1325.87353515625
2017-04-25,2017-04-18,1265.6,1295.515625,1263.892822265625,1275.5814208984375,1283.3175048828125,1290.02685546875,1295.515625,1300.6353759765625,1306.583740234375,1313.2821044921875,1323.080322265625
2017-04-26,2017-04-19,1262.1,1279.590087890625,1246.8868408203125,1259.0008544921875,1266.8267822265625,1273.75732421875,1279.590087890625,1284.9754638671875,1291.552734375,1298.9708251953125,1309.154052734375
2017-04-27,2017-04-20,1263.7,1281.568603515625,1250.1077880859375,1261.57861328125,1268.9984130859375,1275.822509765625,1281.568603515625,1286.9244384765625,1293.561767578125,1301.0966796875,1311.374267578125
2017-04-28,2017-04-21,1266.1,1290.0919189453125,1259.77880859375,1270.8106689453125,1277.860107421875,1284.430419921875,1290.0919189453125,1295.380615234375,1302.0709228515625,1309.487548828125,1319.861083984375
2017-05-01,2017-04-24,1253.3,1276.902099609375,1244.8013916015625,1256.508544921875,1263.9090576171875,1270.9483642578125,1276.902099609375,1282.616943359375,1289.5989990234375,1297.58642578125,1308.6485595703125
2017-05-02,2017-04-25,1255.1,1263.954345703125,1232.1190185546875,1243.5953369140625,1250.732177734375,1258.026123046875,1263.954345703125,1269.6341552734375,1276.7442626953125,1285.0123291015625,1295.9814453125
2017-05-03,2017-04-26,1246.4,1259.360595703125,1227.6905517578125,1239.080810546875,1246.476806640625,1253.4595947265625,1259.360595703125,1265.47509765625,1272.4205322265625,1280.437255859375,1291.67919921875
2017-05-04,2017-04-27,1226.5,1261.6357421875,1230.5308837890625,1242.077392578125,1249.2376708984375,1255.954833984375,1261.6357421875,1267.3345947265625,1273.9622802734375,1281.534912109375,1292.0682373046875
2017-05-05,2017-04-28,1224.8,1265.4337158203125,1236.20849609375,1246.8348388671875,1253.66357421875,1260.1192626953125,1265.4337158203125,1270.837158203125,1277.1004638671875,1284.597412109375,1295.1719970703125
2017-05-08,2017-05-01,1225.3,1247.52490234375,1217.2381591796875,1227.9888916015625,1235.07421875,1241.9117431640625,1247.52490234375,1253.3359375,1259.8251953125,1267.3206787109375,1278.392578125
2017-05-09,2017-05-02,1214.3,1252.3670654296875,1223.076416015625,1233.70556640625,1240.5555419921875,1247.1937255859375,1252.3670654296875,1257.8599853515625,1264.07861328125,1271.308837890625,1282.047119140625
2017-05-10,2017-05-03,1217.3,1240.65673828125,1211.19482421875,1221.69091796875,1228.50830078125,1235.263916015625,1240.65673828125,1246.3572998046875,1252.5733642578125,1259.9058837890625,1271.098876953125
2017-05-11,2017-05-04,1222.7,1214.860107421875,1182.001220703125,1193.5616455078125,1201.0814208984375,1208.6497802734375,1214.860107421875,1221.2684326171875,1228.341064453125,1236.7301025390625,1249.02685546875
2017-05-12,2017-05-05,1226.2,1217.629638671875,1186.34423828125,1197.3707275390625,1204.5635986328125,1211.71728515625,1217.629638671875,1223.70703125,1230.3154296875,1238.1046142578125,1249.9144287109375
2017-05-15,2017-05-08,1228.6,1219.4677734375,1189.2476806640625,1199.914794921875,1206.967529296875,1213.807373046875,1219.4677734375,1225.4066162109375,1231.799072265625,1239.3709716796875,1250.7109375
2017-05-16,2017-05-09,1235.0,1206.9107666015625,1175.433349609375,1186.38623046875,1193.8392333984375,1200.8319091796875,1206.9107666015625,1213.118896484375,1219.7366943359375,1227.4002685546875,1238.885986328125
2017-05-17,2017-05-10,1257.5,1215.087158203125,1186.1578369140625,1195.9398193359375,1202.8194580078125,1209.6783447265625,1215.087158203125,1220.63671875,1226.9571533203125,1234.4708251953125,1245.3597412109375
2017-05-18,2017-05-11,1251.7,1224.0693359375,1195.031494140625,1205.0794677734375,1211.9722900390625,1218.765869140625,1224.0693359375,1229.5947265625,1235.966064453125,1243.1610107421875,1254.1131591796875
2017-05-19,2017-05-12,1252.7,1229.12060546875,1201.4449462890625,1211.0001220703125,1217.8585205078125,1224.301513671875,1229.12060546875,1234.510498046875,1240.8070068359375,1247.7720947265625,1258.3370361328125
2017-05-22,2017-05-15,1260.7,1233.0206298828125,1205.2059326171875,1214.9498291015625,1221.8253173828125,1228.189697265625,1233.0206298828125,1238.4161376953125,1244.6173095703125,1251.439697265625,1261.9488525390625
2017-05-23,2017-05-16,1254.8,1240.16552734375,1213.286865234375,1222.620361328125,1229.3375244140625,1235.367431640625,1240.16552734375,1245.7705078125,1251.8126220703125,1257.994384765625,1268.3958740234375
2017-05-24,2017-05-17,1252.4,1267.121826171875,1234.3924560546875,1245.804931640625,1253.802734375,1261.2430419921875,1267.121826171875,1273.6873779296875,1280.6878662109375,1288.743896484375,1300.73779296875
2017-05-25,2017-05-18,1255.8,1255.345703125,1225.690185546875,1236.0885009765625,1243.569091796875,1250.118896484375,1255.345703125,1261.337646484375,1267.58984375,1274.1458740234375,1284.4266357421875
2017-05-26,2017-05-19,1267.6,1256.96435546875,1227.541015625,1237.6646728515625,1245.1943359375,1251.8663330078125,1256.96435546875,1262.63916015625,1268.7681884765625,1275.486572265625,1285.7484130859375
2017-05-30,2017-05-22,1262.1,1265.332763671875,1236.1763916015625,1246.160400390625,1253.883544921875,1260.3062744140625,1265.332763671875,1271.136474609375,1277.10498046875,1283.5340576171875,1293.9825439453125
2017-05-31,2017-05-23,1272.0,1255.1051025390625,1226.896728515625,1236.8306884765625,1243.744140625,1250.111328125,1255.1051025390625,1260.5074462890625,1266.4371337890625,1272.9033203125,1282.563232421875
2017-06-01,2017-05-24,1267.0,1251.9189453125,1223.013427734375,1233.2855224609375,1240.2073974609375,1246.628662109375,1251.9189453125,1257.4400634765625,1263.5223388671875,1270.3682861328125,1280.22509765625
2017-06-02,2017-05-25,1276.8,1256.2491455078125,1228.4197998046875,1238.21728515625,1245.2099609375,1251.272705078125,1256.2491455078125,1261.51025390625,1267.32080078125,1273.8509521484375,1283.8585205078125
2017-06-05,2017-05-26,1279.3,1273.9193115234375,1244.3336181640625,1254.9149169921875,1261.9462890625,1268.500244140625,1273.9193115234375,1279.565185546875,1285.5380859375,1292.6876220703125,1303.3385009765625
2017-06-06,2017-05-30,1294.4,1264.787841796875,1236.118408203125,1246.2784423828125,1253.0328369140625,1259.6070556640625,1264.787841796875,1270.145751953125,1276.106689453125,1283.0894775390625,1293.5595703125
2017-06-07,2017-05-31,1290.1,1277.30322265625,1247.1304931640625,1258.1046142578125,1265.4237060546875,1272.0721435546875,1277.30322265625,1282.6405029296875,1288.5399169921875,1295.4676513671875,1305.740966796875
2017-06-08,2017-06-01,1276.3,1268.3167724609375,1239.5888671875,1249.853759765625,1256.8665771484375,1263.2728271484375,1268.3167724609375,1273.4730224609375,1278.8822021484375,1285.742431640625,1295.608154296875
2017-06-09,2017-06-02,1268.5,1279.536865234375,1250.3377685546875,1260.87890625,1268.11328125,1274.2025146484375,1279.536865234375,1284.4969482421875,1289.51953125,1295.9881591796875,1305.1353759765625
2017-06-12,2017-06-05,1266.1,1281.0994873046875,1251.490966796875,1262.17041015625,1269.6258544921875,1275.8057861328125,1281.0994873046875,1285.9066162109375,1290.9150390625,1297.5364990234375,1306.6478271484375
2017-06-13,2017-06-06,1265.8,1299.572509765625,1266.4285888671875,1278.0709228515625,1286.34033203125,1293.6888427734375,1299.572509765625,1305.391357421875,1311.4852294921875,1318.9808349609375,1329.781005859375
2017-06-14,2017-06-07,1272.8,1292.2889404296875,1261.1195068359375,1272.145751953125,1279.768310546875,1286.74560546875,1292.2889404296875,1297.5997314453125,1303.35986328125,1310.4229736328125,1320.50927734375
2017-06-15,2017-06-08,1252.2,1274.405029296875,1244.1552734375,1254.5828857421875,1262.00048828125,1268.812255859375,1274.405029296875,1279.822265625,1285.814208984375,1292.697021484375,1302.916259765625
2017-06-16,2017-06-09,1254.0,1263.7923583984375,1233.6700439453125,1244.1319580078125,1251.4892578125,1258.322998046875,1263.7923583984375,1269.208251953125,1275.0537109375,1281.958984375,1292.095947265625
2017-06-19,2017-06-12,1244.2,1260.178466796875,1230.3302001953125,1240.8497314453125,1248.2371826171875,1254.7781982421875,1260.178466796875,1265.4061279296875,1270.939208984375,1277.6654052734375,1287.22412109375
2017-06-20,2017-06-13,1241.0,1263.0831298828125,1233.920654296875,1244.1422119140625,1251.643798828125,1257.8701171875,1263.0831298828125,1268.2528076171875,1273.578857421875,1279.98583984375,1289.0433349609375
2017-06-21,2017-06-14,1243.4,1275.360595703125,1245.4588623046875,1256.0162353515625,1263.61181640625,1270.0743408203125,1275.360595703125,1280.7529296875,1286.283447265625,1293.009033203125,1302.4027099609375
2017-06-22,2017-06-15,1247.6,1251.0250244140625,1218.3287353515625,1229.7125244140625,1238.0498046875,1245.0543212890625,1251.0250244140625,1256.94921875,1262.9283447265625,1270.40185546875,1280.4825439453125
2017-06-23,2017-06-16,1256.2,1254.18115234375,1224.3543701171875,1234.779052734375,1242.3560791015625,1248.8173828125,1254.18115234375,1259.68017578125,1265.182861328125,1271.8878173828125,1281.6015625
2017-06-26,2017-06-19,1246.3,1242.1656494140625,1211.6800537109375,1222.503173828125,1230.1826171875,1236.7254638671875,1242.1656494140625,1247.709228515625,1253.6004638671875,1260.6385498046875,1270.707275390625
2017-06-27,2017-06-20,1246.4,1238.8656005859375,1209.53759765625,1220.02197265625,1227.1405029296875,1233.5001220703125,1238.8656005859375,1244.353759765625,1250.4859619140625,1257.5235595703125,1267.9403076171875
2017-06-28,2017-06-21,1248.0,1241.04931640625,1211.262451171875,1221.9783935546875,1229.2191162109375,1235.7335205078125,1241.04931640625,1246.5369873046875,1252.4771728515625,1259.3729248046875,1269.5166015625
2017-06-29,2017-06-22,1244.2,1246.271484375,1217.4080810546875,1227.847900390625,1234.844970703125,1241.077392578125,1246.271484375,1251.8670654296875,1257.7796630859375,1264.6024169921875,1274.487060546875
2017-06-30,2017-06-23,1240.7,1257.7784423828125,1228.71142578125,1239.1453857421875,1246.41259765625,1252.6312255859375,1257.7784423828125,1263.4610595703125,1269.183837890625,1275.76416015625,1285.85498046875
2017-07-03,2017-06-26,1217.9,1244.8023681640625,1215.8194580078125,1226.061279296875,1233.328125,1239.530517578125,1244.8023681640625,1250.2847900390625,1255.9324951171875,1262.641357421875,1272.332275390625
2017-07-05,2017-06-27,1220.4,1246.21923828125,1218.7315673828125,1228.365966796875,1235.3604736328125,1241.20703125,1246.21923828125,1251.3770751953125,1256.690673828125,1263.02685546875,1272.2576904296875
2017-07-06,2017-06-28,1222.2,1249.763671875,1221.46630859375,1231.486572265625,1238.5523681640625,1244.643310546875,1249.763671875,1255.111328125,1260.7568359375,1267.3748779296875,1276.8475341796875
2017-07-07,2017-06-29,1208.6,1243.7261962890625,1215.6297607421875,1225.6427001953125,1232.44091796875,1238.4979248046875,1243.7261962890625,1248.876708984375,1254.6240234375,1261.112548828125,1270.677490234375
2017-07-10,2017-06-30,1212.1,1239.0242919921875,1211.4781494140625,1220.9757080078125,1227.8145751953125,1233.9810791015625,1239.0242919921875,1244.447509765625,1250.0484619140625,1256.8780517578125,1266.8721923828125
2017-07-11,2017-07-03,1213.6,1212.7291259765625,1181.1099853515625,1191.9486083984375,1199.441162109375,1206.4359130859375,1212.7291259765625,1218.7816162109375,1225.47607421875,1233.6727294921875,1245.1490478515625
2017-07-12,2017-07-05,1218.1,1217.6763916015625,1187.2767333984375,1197.956298828125,1205.27978515625,1211.8970947265625,1217.6763916015625,1223.3936767578125,1229.7144775390625,1237.2589111328125,1248.2237548828125
2017-07-13,2017-07-06,1216.3,1221.170654296875,1191.201904296875,1201.512451171875,1209.045654296875,1215.52587890625,1221.170654296875,1226.834228515625,1232.8172607421875,1240.121826171875,1251.080322265625
2017-07-14,2017-07-07,1226.6,1204.743896484375,1174.3941650390625,1184.885009765625,1192.2801513671875,1198.8734130859375,1204.743896484375,1210.2816162109375,1216.3575439453125,1223.9705810546875,1235.3408203125
2017-07-17,2017-07-10,1232.8,1211.2415771484375,1181.53369140625,1191.9208984375,1198.931396484375,1205.4586181640625,1211.2415771484375,1216.5274658203125,1222.585205078125,1230.240478515625,1241.54150390625
2017-07-18,2017-07-11,1241.1,1212.8084716796875,1184.2452392578125,1193.7744140625,1200.6036376953125,1207.102783203125,1212.8084716796875,1218.2962646484375,1224.306884765625,1231.8248291015625,1242.942138671875
2017-07-19,2017-07-12,1241.2,1219.9647216796875,1190.7125244140625,1200.6510009765625,1207.7598876953125,1214.3050537109375,1219.9647216796875,1225.426513671875,1231.63037109375,1239.3076171875,1250.5770263671875
2017-07-20,2017-07-13,1244.8,1218.9605712890625,1190.827880859375,1200.135498046875,1206.97509765625,1213.39599609375,1218.9605712890625,1224.2423095703125,1230.0643310546875,1237.515869140625,1248.36767578125
2017-07-21,2017-07-14,1254.3,1231.4141845703125,1203.397705078125,1212.617919921875,1219.5107421875,1225.9205322265625,1231.4141845703125,1236.801513671875,1242.5672607421875,1249.8995361328125,1260.9510498046875
2017-07-24,2017-07-17,1253.9,1237.5169677734375,1209.454833984375,1218.3814697265625,1225.9281005859375,1231.9293212890625,1237.5169677734375,1243.0836181640625,1248.590087890625,1255.6884765625,1266.843994140625
2017-07-25,2017-07-18,1251.7,1247.5628662109375,1218.240234375,1227.6102294921875,1235.6358642578125,1241.7515869140625,1247.5628662109375,1253.506103515625,1259.1580810546875,1266.9765625,1278.9671630859375
2017-07-26,2017-07-19,1249.0,1249.388427734375,1221.2928466796875,1230.9547119140625,1238.408935546875,1243.6661376953125,1249.388427734375,1254.6993408203125,1259.70849609375,1266.9708251953125,1278.070556640625
2017-07-27,2017-07-20,1259.6,1252.161376953125,1224.1314697265625,1233.4591064453125,1240.7408447265625,1246.576904296875,1252.161376953125,1257.3001708984375,1262.504638671875,1269.7452392578125,1280.6798095703125
2017-07-28,2017-07-21,1268.4,1262.3564453125,1232.4906005859375,1242.6898193359375,1250.4803466796875,1256.5228271484375,1262.3564453125,1267.5849609375,1272.85205078125,1280.0836181640625,1291.022705078125
2017-07-31,2017-07-24,1266.6,1261.23974609375,1233.23291015625,1242.76025390625,1249.93359375,1255.7979736328125,1261.23974609375,1266.282470703125,1271.728759765625,1278.59326171875,1288.680419921875
2017-08-01,2017-07-25,1272.6,1256.418701171875,1229.264892578125,1238.3582763671875,1245.261474609375,1251.0421142578125,1256.418701171875,1261.396728515625,1266.8682861328125,1273.6473388671875,1283.44482421875
2017-08-02,2017-07-26,1271.8,1250.501220703125,1224.339599609375,1233.12060546875,1239.79345703125,1245.3428955078125,1250.501220703125,1255.4462890625,1260.6336669921875,1267.2864990234375,1276.70458984375
2017-08-03,2017-07-27,1267.8,1263.255126953125,1234.90625,1244.5609130859375,1251.84619140625,1257.89599609375,1263.255126953125,1268.75146484375,1274.304443359375,1281.5185546875,1291.81787109375
2017-08-04,2017-07-28,1258.3,1271.7188720703125,1242.0841064453125,1252.1634521484375,1259.874755859375,1266.1409912109375,1271.7188720703125,1277.2152099609375,1283.024658203125,1290.61083984375,1301.1402587890625
2017-08-07,2017-07-31,1258.2,1268.18359375,1240.50634765625,1249.779296875,1257.1595458984375,1262.724609375,1268.18359375,1273.283447265625,1278.765380859375,1285.827392578125,1295.1807861328125
2017-08-08,2017-08-01,1256.4,1274.267822265625,1245.4803466796875,1255.25390625,1263.0084228515625,1268.90966796875,1274.267822265625,1279.8609619140625,1285.36083984375,1292.928955078125,1303.12744140625
2017-08-09,2017-08-02,1273.0,1270.0635986328125,1243.358642578125,1252.6231689453125,1259.7896728515625,1265.1087646484375,1270.0635986328125,1275.294921875,1280.45166015625,1287.582275390625,1296.620849609375
2017-08-10,2017-08-03,1283.7,1264.8955078125,1237.92578125,1247.2601318359375,1254.4876708984375,1259.700439453125,1264.8955078125,1270.1026611328125,1275.3955078125,1282.3936767578125,1291.7947998046875
2017-08-11,2017-08-04,1287.7,1252.1695556640625,1225.4630126953125,1234.9083251953125,1241.6163330078125,1246.7703857421875,1252.1695556640625,1257.2421875,1262.710205078125,1269.3863525390625,1278.6741943359375
2017-08-14,2017-08-07,1284.2,1253.2669677734375,1225.81396484375,1235.5203857421875,1242.489501953125,1248.0286865234375,1253.2669677734375,1258.522216796875,1263.9674072265625,1270.82177734375,1280.330322265625
2017-08-15,2017-08-08,1273.7,1250.1268310546875,1223.7484130859375,1233.4200439453125,1239.8201904296875,1245.1552734375,1250.1268310546875,1255.2242431640625,1260.646484375,1267.2515869140625,1276.5321044921875
2017-08-16,2017-08-09,1276.9,1270.99609375,1241.2392578125,1251.98779296875,1259.3944091796875,1265.5093994140625,1270.99609375,1276.9853515625,1282.87353515625,1290.553955078125,1300.719970703125
2017-08-17,2017-08-10,1286.4,1282.8563232421875,1250.3092041015625,1261.8807373046875,1270.3194580078125,1276.91845703125,1282.8563232421875,1288.936279296875,1295.1041259765625,1302.691162109375,1313.469482421875
2017-08-18,2017-08-11,1285.7,1288.266845703125,1255.61669921875,1267.2821044921875,1275.7591552734375,1282.293701171875,1288.266845703125,1294.1202392578125,1300.2244873046875,1307.4539794921875,1317.8521728515625
2017-08-21,2017-08-14,1290.8,1282.495849609375,1253.1014404296875,1263.6473388671875,1271.1053466796875,1277.01611328125,1282.495849609375,1287.7109375,1293.345458984375,1299.7945556640625,1309.299560546875
2017-08-22,2017-08-15,1285.1,1268.3485107421875,1240.1951904296875,1250.416015625,1257.5120849609375,1263.1812744140625,1268.3485107421875,1273.4600830078125,1279.1751708984375,1285.4437255859375,1294.4404296875
2017-08-23,2017-08-16,1288.9,1273.9613037109375,1247.62109375,1256.9619140625,1263.61865234375,1268.9739990234375,1273.9613037109375,1279.024169921875,1284.4525146484375,1290.3856201171875,1299.988037109375
2017-08-24,2017-08-17,1286.5,1286.5203857421875,1260.30712890625,1269.60205078125,1275.939697265625,1281.557861328125,1286.5203857421875,1291.88525390625,1297.7769775390625,1304.2752685546875,1314.9532470703125
2017-08-25,2017-08-18,1292.5,1284.04248046875,1257.516357421875,1266.8382568359375,1273.484619140625,1279.0528564453125,1284.04248046875,1289.376220703125,1294.746337890625,1300.810546875,1311.102783203125
2017-08-28,2017-08-21,1309.7,1291.60400390625,1265.5198974609375,1274.7745361328125,1281.158203125,1286.7047119140625,1291.60400390625,1297.0447998046875,1302.1531982421875,1308.183349609375,1318.658935546875
2017-08-29,2017-08-22,1313.1,1283.1600341796875,1257.355712890625,1266.6422119140625,1273.1011962890625,1278.2784423828125,1283.1600341796875,1288.648681640625,1293.4747314453125,1299.413818359375,1309.3583984375
2017-08-30,2017-08-23,1308.1,1289.594482421875,1264.16064453125,1273.1678466796875,1279.51318359375,1284.809814453125,1289.594482421875,1294.7618408203125,1299.886962890625,1306.1580810546875,1316.7623291015625
2017-08-31,2017-08-24,1316.2,1285.4796142578125,1262.0609130859375,1270.312255859375,1276.0435791015625,1280.934326171875,1285.4796142578125,1290.2664794921875,1295.3138427734375,1300.95654296875,1311.0841064453125
2017-09-01,2017-08-25,1324.5,1294.167236328125,1270.5601806640625,1278.9989013671875,1284.876220703125,1289.652099609375,1294.167236328125,1298.9957275390625,1304.0816650390625,1310.1085205078125,1320.170166015625
2017-09-05,2017-08-28,1339.2,1312.7322998046875,1286.75,1295.760009765625,1302.4622802734375,1307.6160888671875,1312.7322998046875,1318.2530517578125,1323.6761474609375,1330.1363525390625,1341.424560546875
2017-09-06,2017-08-29,1333.9,1315.787841796875,1290.47265625,1299.4940185546875,1305.7406005859375,1310.7376708984375,1315.787841796875,1321.102783203125,1326.58056640625,1332.794677734375,1344.08349609375
2017-09-07,2017-08-30,1345.1,1308.098388671875,1281.115966796875,1291.11767578125,1297.79296875,1303.1070556640625,1308.098388671875,1313.357421875,1318.277587890625,1324.4039306640625,1335.0106201171875
2017-09-08,2017-08-31,1346.0,1317.37255859375,1289.539306640625,1300.0086669921875,1307.0216064453125,1312.292724609375,1317.37255859375,1323.1953125,1327.947998046875,1334.419921875,1344.7340087890625
2017-09-11,2017-09-01,1331.0,1326.10693359375,1299.2164306640625,1309.3033447265625,1316.3448486328125,1321.142822265625,1326.10693359375,1331.854736328125,1336.19677734375,1342.216796875,1352.081787109375
2017-09-12,2017-09-05,1328.0,1342.7825927734375,1313.38330078125,1323.51318359375,1331.1876220703125,1337.083251953125,1342.7825927734375,1348.82861328125,1354.653564453125,1361.896240234375,1374.33544921875
2017-09-13,2017-09-06,1323.4,1334.565185546875,1306.96630859375,1316.6588134765625,1323.7691650390625,1329.1859130859375,1334.565185546875,1339.924560546875,1345.3056640625,1351.61181640625,1362.1812744140625
2017-09-14,2017-09-07,1324.7,1348.7935791015625,1320.833740234375,1330.310302734375,1337.9539794921875,1343.251953125,1348.7935791015625,1354.223876953125,1359.5177001953125,1365.924560546875,1376.796142578125
2017-09-15,2017-09-08,1320.4,1350.1890869140625,1323.5592041015625,1332.7640380859375,1339.8192138671875,1344.7039794921875,1350.1890869140625,1355.7596435546875,1361.1593017578125,1367.4342041015625,1377.9642333984375
2017-09-18,2017-09-11,1306.3,1331.734619140625,1303.7720947265625,1313.1746826171875,1320.44287109375,1325.82568359375,1331.734619140625,1337.377197265625,1343.2828369140625,1350.0455322265625,1361.0921630859375
2017-09-19,2017-09-12,1306.2,1325.4615478515625,1296.91015625,1306.53173828125,1313.979248046875,1319.4832763671875,1325.4615478515625,1331.595703125,1337.4361572265625,1344.404296875,1355.416748046875
2017-09-20,2017-09-13,1312.0,1318.6202392578125,1289.747802734375,1299.739013671875,1307.2677001953125,1312.6356201171875,1318.6202392578125,1324.3292236328125,1330.037353515625,1337.0584716796875,1348.1890869140625
2017-09-21,2017-09-14,1290.6,1319.309814453125,1289.69140625,1300.262939453125,1308.1104736328125,1313.0457763671875,1319.309814453125,1324.92041015625,1330.1026611328125,1336.5892333984375,1347.4320068359375
2017-09-22,2017-09-15,1293.3,1315.4722900390625,1286.2940673828125,1296.407958984375,1303.8594970703125,1309.0966796875,1315.4722900390625,1320.9881591796875,1326.74365234375,1333.48828125,1344.9923095703125
2017-09-25,2017-09-18,1306.8,1298.3125,1268.0804443359375,1278.6492919921875,1286.2623291015625,1291.6732177734375,1298.3125,1304.0987548828125,1310.01513671875,1317.1748046875,1328.846923828125
2017-09-26,2017-09-19,1297.0,1300.7939453125,1272.809326171875,1282.2471923828125,1289.214599609375,1294.509521484375,1300.7939453125,1306.4085693359375,1312.6182861328125,1319.537841796875,1331.0380859375
2017-09-27,2017-09-20,1283.4,1310.637939453125,1284.9229736328125,1293.5196533203125,1300.082763671875,1304.8447265625,1310.637939453125,1316.004150390625,1321.93994140625,1328.2109375,1339.2783203125
2017-09-28,2017-09-21,1285.5,1285.54931640625,1253.6866455078125,1264.6102294921875,1272.667236328125,1278.836181640625,1285.54931640625,1292.103759765625,1298.9190673828125,1306.7379150390625,1318.9486083984375
2017-09-29,2017-09-22,1281.5,1289.470703125,1259.8824462890625,1269.9779052734375,1277.3699951171875,1283.1656494140625,1289.470703125,1295.4600830078125,1301.84912109375,1308.8924560546875,1320.7989501953125
2017-10-02,2017-09-25,1272.7,1307.489501953125,1277.6121826171875,1287.9359130859375,1295.378173828125,1301.248779296875,1307.489501953125,1313.7388916015625,1319.97802734375,1327.07470703125,1338.8267822265625
2017-10-03,2017-09-26,1271.5,1294.92724609375,1264.2255859375,1274.9132080078125,1282.6085205078125,1288.4761962890625,1294.92724609375,1300.9775390625,1307.4947509765625,1314.7650146484375,1326.66064453125
2017-10-04,2017-09-27,1273.7,1279.8271484375,1247.3653564453125,1258.897216796875,1266.890625,1273.328857421875,1279.8271484375,1285.87158203125,1292.40771484375,1299.8653564453125,1311.3687744140625
2017-10-05,2017-09-28,1269.9,1281.66796875,1253.864990234375,1263.510986328125,1270.1959228515625,1275.79443359375,1281.66796875,1287.0811767578125,1293.3514404296875,1300.302978515625,1311.3203125
2017-10-06,2017-09-29,1271.6,1278.1483154296875,1249.9454345703125,1259.64404296875,1266.533447265625,1272.234130859375,1278.1483154296875,1283.520751953125,1289.9537353515625,1296.8492431640625,1308.182373046875
2017-10-09,2017-10-02,1281.8,1269.5994873046875,1242.2208251953125,1251.31298828125,1257.7735595703125,1263.270751953125,1269.5994873046875,1274.9290771484375,1281.2711181640625,1288.089111328125,1299.51025390625
2017-10-10,2017-10-03,1290.6,1268.8885498046875,1242.1839599609375,1251.2041015625,1257.21533203125,1262.728515625,1268.8885498046875,1274.311767578125,1280.5826416015625,1287.51708984375,1298.88818359375
2017-10-11,2017-10-04,1285.8,1272.76123046875,1246.1915283203125,1254.882568359375,1261.329345703125,1266.69091796875,1272.76123046875,1277.925048828125,1284.0699462890625,1290.7462158203125,1301.6824951171875
2017-10-12,2017-10-05,1293.3,1268.80419921875,1241.9930419921875,1250.9246826171875,1257.4085693359375,1262.9268798828125,1268.80419921875,1273.8504638671875,1279.6025390625,1286.4583740234375,1297.17822265625
2017-10-13,2017-10-06,1301.5,1272.2784423828125,1245.9195556640625,1254.6802978515625,1261.209716796875,1266.544677734375,1272.2784423828125,1277.417724609375,1283.2745361328125,1290.28173828125,1300.9906005859375
2017-10-16,2017-10-09,1299.9,1283.971435546875,1255.236572265625,1265.1990966796875,1272.417724609375,1277.9246826171875,1283.971435546875,1289.23486328125,1295.4483642578125,1302.553466796875,1313.6719970703125
2017-10-17,2017-10-10,1283.0,1294.9686279296875,1267.016845703125,1276.601806640625,1283.67578125,1289.0885009765625,1294.9686279296875,1300.2239990234375,1306.220458984375,1313.0103759765625,1324.0545654296875
2017-10-18,2017-10-11,1279.9,1287.757080078125,1260.940185546875,1270.2088623046875,1276.865966796875,1282.1402587890625,1287.757080078125,1292.5506591796875,1298.1954345703125,1304.9173583984375,1314.6376953125
2017-10-19,2017-10-12,1286.9,1294.956298828125,1268.6492919921875,1278.0810546875,1284.689208984375,1289.3212890625,1294.956298828125,1299.626220703125,1304.758056640625,1311.2822265625,1320.9853515625
2017-10-20,2017-10-13,1277.4,1302.7744140625,1276.4810791015625,1286.0340576171875,1292.583740234375,1297.1064453125,1302.7744140625,1307.583740234375,1312.6280517578125,1319.044677734375,1328.6015625
2017-10-23,2017-10-16,1277.7,1299.0133056640625,1272.1815185546875,1281.8157958984375,1288.6077880859375,1293.5257568359375,1299.0133056640625,1303.5782470703125,1308.728271484375,1315.0582275390625,1324.701171875
2017-10-24,2017-10-17,1275.0,1279.71484375,1251.8626708984375,1262.079833984375,1268.751953125,1273.876953125,1279.71484375,1284.7088623046875,1290.2178955078125,1297.6494140625,1307.7989501953125
2017-10-25,2017-10-18,1275.4,1273.80810546875,1246.457763671875,1256.616455078125,1263.4090576171875,1268.012451171875,1273.80810546875,1278.64453125,1283.560791015625,1290.503173828125,1299.8299560546875
2017-10-26,2017-10-19,1266.3,1284.4322509765625,1258.501220703125,1267.9288330078125,1274.31396484375,1278.9146728515625,1284.4322509765625,1289.086181640625,1294.287109375,1301.04833984375,1310.6192626953125
2017-10-27,2017-10-20,1268.5,1274.86572265625,1250.3917236328125,1259.272705078125,1265.0537109375,1269.5928955078125,1274.86572265625,1279.10791015625,1284.1298828125,1290.6011962890625,1299.79345703125
2017-10-30,2017-10-23,1274.1,1276.1552734375,1252.5810546875,1261.355224609375,1266.6807861328125,1271.1915283203125,1276.1552734375,1280.2564697265625,1285.2374267578125,1291.8438720703125,1300.5997314453125
2017-10-31,2017-10-24,1267.0,1272.8646240234375,1250.12451171875,1258.3604736328125,1263.4534912109375,1267.9271240234375,1272.8646240234375,1276.92822265625,1281.8743896484375,1288.0992431640625,1296.434326171875
2017-11-01,2017-10-25,1274.1,1274.532958984375,1250.8109130859375,1259.3138427734375,1264.704345703125,1269.4266357421875,1274.532958984375,1278.7462158203125,1283.925048828125,1290.20947265625,1299.108154296875
2017-11-02,2017-10-26,1274.9,1263.7257080078125,1239.1778564453125,1247.9798583984375,1253.324951171875,1258.3720703125,1263.7257080078125,1268.1492919921875,1273.5208740234375,1280.234375,1289.093017578125
2017-11-03,2017-10-27,1266.5,1266.1517333984375,1243.612548828125,1251.8397216796875,1256.70703125,1261.32861328125,1266.1517333984375,1270.1617431640625,1275.1842041015625,1281.14013671875,1289.3553466796875
2017-11-06,2017-10-30,1279.4,1272.3719482421875,1249.7357177734375,1257.94482421875,1263.00830078125,1267.3319091796875,1272.3719482421875,1276.34228515625,1281.0782470703125,1287.1719970703125,1295.663330078125
2017-11-07,2017-10-31,1273.7,1266.03271484375,1242.9671630859375,1251.3455810546875,1256.430419921875,1261.1175537109375,1266.03271484375,1269.9189453125,1274.7080078125,1280.9720458984375,1289.306884765625
2017-11-08,2017-11-01,1281.6,1274.6480712890625,1252.046875,1260.128662109375,1265.392822265625,1269.9224853515625,1274.6480712890625,1278.439697265625,1283.3695068359375,1289.7880859375,1298.17138671875
2017-11-09,2017-11-02,1285.6,1275.1605224609375,1253.079833984375,1261.09423828125,1266.218994140625,1270.54931640625,1275.1605224609375,1278.9305419921875,1283.50244140625,1288.9576416015625,1296.7213134765625
2017-11-10,2017-11-03,1272.4,1265.7650146484375,1243.9893798828125,1251.7696533203125,1256.752197265625,1261.2657470703125,1265.7650146484375,1269.4656982421875,1274.1226806640625,1279.8212890625,1287.5821533203125
2017-11-13,2017-11-06,1277.3,1281.153564453125,1258.35205078125,1266.4798583984375,1271.82275390625,1276.2984619140625,1281.153564453125,1285.3345947265625,1290.207763671875,1295.8704833984375,1304.43017578125
2017-11-14,2017-11-07,1281.5,1273.36669921875,1251.650634765625,1259.375,1264.48876953125,1268.8836669921875,1273.36669921875,1277.3084716796875,1281.938720703125,1287.447021484375,1295.4468994140625
2017-11-15,2017-11-08,1276.5,1281.821533203125,1259.3291015625,1267.5955810546875,1272.7781982421875,1277.2249755859375,1281.821533203125,1285.8448486328125,1290.564208984375,1296.134765625,1304.2667236328125
2017-11-16,2017-11-09,1277.4,1287.109130859375,1264.7115478515625,1272.7071533203125,1277.96435546875,1282.4150390625,1287.109130859375,1291.1885986328125,1296.1046142578125,1301.8292236328125,1310.257568359375
2017-11-17,2017-11-10,1295.8,1270.224365234375,1248.3892822265625,1256.21630859375,1261.1710205078125,1265.5970458984375,1270.224365234375,1274.3526611328125,1279.2496337890625,1285.307861328125,1293.792724609375
2017-11-20,2017-11-13,1274.6,1275.3232421875,1254.956787109375,1262.373779296875,1266.9962158203125,1271.0845947265625,1275.3232421875,1279.2205810546875,1283.7330322265625,1289.352294921875,1297.1517333984375
2017-11-21,2017-11-14,1281.1,1280.056396484375,1260.0262451171875,1267.25439453125,1271.9017333984375,1275.82666015625,1280.056396484375,1283.8238525390625,1288.3885498046875,1293.9052734375,1301.72900390625
2017-11-22,2017-11-15,1291.6,1275.2677001953125,1254.4530029296875,1261.90380859375,1266.7015380859375,1270.695068359375,1275.2677001953125,1279.118896484375,1283.870361328125,1289.5860595703125,1297.7872314453125
2017-11-24,2017-11-16,1286.7,1276.0185546875,1254.261962890625,1262.1385498046875,1267.0025634765625,1271.2633056640625,1276.0185546875,1280.281982421875,1284.809814453125,1290.4742431640625,1298.5234375
2017-11-27,2017-11-17,1293.8,1294.3729248046875,1270.7840576171875,1279.3521728515625,1284.8917236328125,1289.2413330078125,1294.3729248046875,1298.791748046875,1304.176025390625,1310.2138671875,1319.1865234375
2017-11-28,2017-11-20,1294.7,1272.8621826171875,1248.8916015625,1257.4024658203125,1262.93701171875,1267.6251220703125,1272.8621826171875,1277.093017578125,1282.499267578125,1288.966064453125,1298.1446533203125
2017-11-29,2017-11-21,1282.1,1279.2017822265625,1256.83544921875,1264.6444091796875,1269.9969482421875,1274.2900390625,1279.2017822265625,1283.2568359375,1288.47802734375,1294.5721435546875,1303.408447265625
2017-11-30,2017-11-22,1273.2,1287.2099609375,1264.599609375,1272.463134765625,1277.8861083984375,1282.2213134765625,1287.2099609375,1291.4033203125,1296.60888671875,1302.676513671875,1311.72900390625
2017-12-01,2017-11-24,1278.8,1283.9837646484375,1261.999755859375,1269.567138671875,1274.9688720703125,1279.1436767578125,1283.9837646484375,1288.04248046875,1293.03125,1299.107177734375,1308.001220703125
2017-12-04,2017-11-27,1274.3,1292.6849365234375,1269.9075927734375,1277.8267822265625,1283.140625,1287.7469482421875,1292.6849365234375,1296.9892578125,1302.265869140625,1308.691650390625,1317.7777099609375
2017-12-05,2017-11-28,1261.6,1292.541015625,1270.48046875,1278.332275390625,1283.541259765625,1287.68310546875,1292.541015625,1296.498291015625,1301.01318359375,1306.7176513671875,1315.2393798828125
2017-12-06,2017-11-29,1262.8,1279.12890625,1256.81494140625,1264.7225341796875,1269.80908203125,1274.16015625,1279.12890625,1283.2293701171875,1287.78662109375,1293.5838623046875,1302.057861328125
2017-12-07,2017-11-30,1249.8,1268.6307373046875,1245.159912109375,1253.3526611328125,1258.6837158203125,1263.3143310546875,1268.6307373046875,1272.9537353515625,1277.7626953125,1284.18701171875,1292.7906494140625
2017-12-08,2017-12-01,1245.2,1274.6126708984375,1252.7349853515625,1260.2650146484375,1265.33154296875,1269.7593994140625,1274.6126708984375,1278.771240234375,1283.285888671875,1289.2098388671875,1297.498291015625
2017-12-11,2017-12-04,1243.7,1271.1968994140625,1249.6243896484375,1256.9154052734375,1262.111572265625,1266.286865234375,1271.1968994140625,1275.359130859375,1279.8594970703125,1285.6939697265625,1293.96142578125
2017-12-12,2017-12-05,1238.5,1257.7064208984375,1234.0333251953125,1242.2578125,1247.84228515625,1252.5224609375,1257.7064208984375,1262.0875244140625,1266.84375,1273.110595703125,1281.44384765625
2017-12-13,2017-12-06,1245.4,1259.444580078125,1236.477294921875,1244.3067626953125,1249.7177734375,1254.3475341796875,1259.444580078125,1263.8726806640625,1268.7115478515625,1275.080322265625,1283.6766357421875
2017-12-14,2017-12-07,1253.8,1245.2884521484375,1221.357666015625,1229.6357421875,1235.2176513671875,1239.977783203125,1245.2884521484375,1249.782470703125,1254.6044921875,1260.96240234375,1269.280029296875
2017-12-15,2017-12-08,1254.3,1240.22265625,1217.2763671875,1225.179443359375,1230.5682373046875,1235.0882568359375,1240.22265625,1244.544921875,1249.04052734375,1255.1181640625,1262.9539794921875
2017-12-18,2017-12-11,1262.2,1239.8719482421875,1216.8826904296875,1224.4906005859375,1229.9510498046875,1234.762939453125,1239.8719482421875,1244.2955322265625,1249.029052734375,1255.49755859375,1263.5654296875
2017-12-19,2017-12-12,1260.7,1234.0003662109375,1211.76318359375,1219.26611328125,1224.64599609375,1229.1956787109375,1234.0003662109375,1238.0740966796875,1242.307861328125,1248.054443359375,1255.3870849609375
2017-12-20,2017-12-13,1266.1,1242.916748046875,1220.4420166015625,1228.04736328125,1233.3707275390625,1238.100341796875,1242.916748046875,1247.0897216796875,1251.59228515625,1257.6142578125,1265.546142578125
2017-12-21,2017-12-14,1267.3,1253.64794921875,1231.4896240234375,1238.8885498046875,1244.1710205078125,1248.82470703125,1253.64794921875,1257.7467041015625,1262.077392578125,1267.8016357421875,1275.8472900390625
2017-12-22,2017-12-15,1275.4,1257.20654296875,1235.0489501953125,1242.5316162109375,1247.759521484375,1252.388916015625,1257.20654296875,1261.4080810546875,1265.8343505859375,1271.6995849609375,1279.565673828125
2017-12-26,2017-12-18,1284.1,1265.878173828125,1244.268310546875,1251.716064453125,1256.7816162109375,1261.323974609375,1265.878173828125,1270.0721435546875,1274.2645263671875,1279.7548828125,1287.3411865234375
2017-12-27,2017-12-19,1287.0,1262.6622314453125,1242.16259765625,1249.2862548828125,1254.1971435546875,1258.4830322265625,1262.6622314453125,1266.5340576171875,1270.494140625,1275.565185546875,1282.59326171875
2017-12-28,2017-12-20,1294.1,1267.8621826171875,1247.408935546875,1254.5220947265625,1259.5057373046875,1263.707275390625,1267.8621826171875,1271.6514892578125,1275.613037109375,1280.40869140625,1287.4093017578125
2017-12-29,2017-12-21,1306.3,1268.9337158203125,1248.3216552734375,1255.60400390625,1260.39013671875,1264.64404296875,1268.9337158203125,1272.6346435546875,1276.6693115234375,1281.65185546875,1288.635986328125
2018-01-02,2017-12-22,1313.7,1276.3798828125,1255.49462890625,1262.787353515625,1267.6990966796875,1272.029541015625,1276.3798828125,1280.081787109375,1284.2191162109375,1289.3807373046875,1296.9842529296875
2018-01-03,2017-12-26,1316.2,1286.2373046875,1264.19873046875,1271.884521484375,1277.2357177734375,1281.646728515625,1286.2373046875,1290.419189453125,1294.8836669921875,1300.2891845703125,1308.207275390625
2018-01-04,2017-12-27,1319.4,1291.5972900390625,1270.42333984375,1277.809326171875,1282.9879150390625,1287.0660400390625,1291.5972900390625,1295.578369140625,1299.708251953125,1304.7021484375,1312.221435546875
2018-01-05,2017-12-28,1320.3,1298.74853515625,1277.3604736328125,1284.968994140625,1290.1141357421875,1294.06201171875,1298.74853515625,1302.94580078125,1307.16943359375,1312.01513671875,1319.7220458984375
2018-01-08,2017-12-29,1318.6,1312.656982421875,1289.889892578125,1297.8583984375,1303.3406982421875,1307.52734375,1312.656982421875,1317.1351318359375,1321.6043701171875,1326.7442626953125,1335.345947265625
2018-01-09,2018-01-02,1311.7,1321.33642578125,1299.4580078125,1307.331787109375,1312.65380859375,1316.4658203125,1321.33642578125,1325.6328125,1329.8563232421875,1334.964111328125,1343.1513671875
2018-01-10,2018-01-03,1317.4,1322.1021728515625,1299.6719970703125,1307.8602294921875,1313.1483154296875,1316.9219970703125,1322.1021728515625,1326.5692138671875,1331.0242919921875,1336.1964111328125,1344.5015869140625
2018-01-11,2018-01-04,1320.6,1322.4512939453125,1301.5093994140625,1308.912353515625,1313.922119140625,1317.5526123046875,1322.4512939453125,1326.8426513671875,1330.920654296875,1335.8980712890625,1343.9888916015625
2018-01-12,2018-01-05,1333.4,1321.78955078125,1301.383544921875,1308.874755859375,1313.8089599609375,1317.158935546875,1321.78955078125,1325.8482666015625,1329.9176025390625,1334.630615234375,1342.17578125
2018-01-16,2018-01-08,1335.4,1318.2552490234375,1298.305419921875,1305.48388671875,1310.2279052734375,1313.697265625,1318.2552490234375,1322.201416015625,1326.3023681640625,1330.884033203125,1338.251953125
2018-01-17,2018-01-09,1338.0,1307.3154296875,1286.6817626953125,1294.040283203125,1298.95849609375,1302.7005615234375,1307.3154296875,1311.3751220703125,1315.543701171875,1320.3277587890625,1327.64697265625
2018-01-18,2018-01-10,1326.0,1315.7230224609375,1295.61328125,1302.808837890625,1307.6695556640625,1311.000732421875,1315.7230224609375,1319.8751220703125,1324.149169921875,1329.0228271484375,1336.92138671875
2018-01-19,2018-01-11,1331.9,1320.6243896484375,1301.064697265625,1307.9293212890625,1312.7705078125,1316.0582275390625,1320.6243896484375,1324.52294921875,1328.5625,1333.148193359375,1340.5594482421875
2018-01-22,2018-01-12,1330.9,1337.8751220703125,1317.2303466796875,1324.4720458984375,1329.6256103515625,1333.2069091796875,1337.8751220703125,1342.1942138671875,1346.543212890625,1351.6793212890625,1360.0767822265625
2018-01-23,2018-01-16,1335.7,1339.9415283203125,1319.3695068359375,1326.6097412109375,1331.7386474609375,1335.1358642578125,1339.9415283203125,1344.232421875,1348.619384765625,1353.7747802734375,1362.1588134765625
2018-01-24,2018-01-17,1355.9,1342.123291015625,1322.891357421875,1329.5518798828125,1334.5118408203125,1337.4735107421875,1342.123291015625,1346.2618408203125,1350.4005126953125,1355.4228515625,1363.4588623046875
2018-01-25,2018-01-18,1362.4,1323.3897705078125,1302.0738525390625,1309.45361328125,1314.778076171875,1318.530029296875,1323.3897705078125,1327.769287109375,1332.485107421875,1337.88427734375,1346.3922119140625
2018-01-26,2018-01-19,1351.6,1329.7139892578125,1309.9490966796875,1316.731201171875,1321.6754150390625,1325.0960693359375,1329.7139892578125,1334.0257568359375,1338.6240234375,1343.759765625,1352.09814453125
2018-01-30,2018-01-22,1335.4,1327.568603515625,1308.5279541015625,1315.19580078125,1319.87646484375,1323.1209716796875,1327.568603515625,1331.714599609375,1336.1435546875,1341.2884521484375,1349.3277587890625
2018-01-31,2018-01-23,1339.0,1334.4097900390625,1316.6636962890625,1322.7247314453125,1327.3345947265625,1330.2052001953125,1334.4097900390625,1338.549072265625,1342.82275390625,1347.7109375,1355.4359130859375
2018-02-01,2018-01-24,1344.3,1357.0504150390625,1334.1517333984375,1341.761962890625,1347.52294921875,1351.6280517578125,1357.0504150390625,1362.482177734375,1367.8740234375,1374.1405029296875,1384.5245361328125
2018-02-02,2018-01-25,1333.7,1365.6959228515625,1341.4376220703125,1349.930908203125,1355.692626953125,1360.228759765625,1365.6959228515625,1371.19091796875,1376.9920654296875,1383.2191162109375,1394.141845703125
2018-02-05,2018-01-26,1333.0,1351.86376953125,1327.9368896484375,1336.35009765625,1342.1666259765625,1346.5814208984375,1351.86376953125,1357.191650390625,1362.824462890625,1368.758056640625,1378.7335205078125
2018-02-06,2018-01-30,1326.1,1329.912841796875,1305.9974365234375,1314.1734619140625,1320.078125,1324.67041015625,1329.912841796875,1335.3167724609375,1341.0797119140625,1347.4913330078125,1357.732177734375
2018-02-07,2018-01-31,1311.6,1333.8978271484375,1310.5833740234375,1318.515869140625,1324.37255859375,1328.8277587890625,1333.8978271484375,1339.2611083984375,1344.9532470703125,1351.242919921875,1361.7220458984375
2018-02-08,2018-02-01,1316.9,1341.532958984375,1318.650634765625,1326.571044921875,1332.1075439453125,1336.5140380859375,1341.532958984375,1346.7515869140625,1352.25732421875,1358.2904052734375,1368.27978515625
2018-02-09,2018-02-02,1313.1,1327.5185546875,1304.95263671875,1312.6402587890625,1318.32373046875,1322.5267333984375,1327.5185546875,1332.4605712890625,1337.9803466796875,1344.197265625,1354.24365234375
2018-02-12,2018-02-05,1324.2,1329.1689453125,1306.7344970703125,1314.2996826171875,1319.932373046875,1324.2069091796875,1329.1689453125,1334.1397705078125,1339.434814453125,1345.593017578125,1355.70361328125
2018-02-13,2018-02-06,1328.1,1320.270263671875,1298.4400634765625,1305.81787109375,1311.3275146484375,1315.51953125,1320.270263671875,1325.02490234375,1330.2874755859375,1336.3258056640625,1346.1905517578125
2018-02-14,2018-02-07,1355.5,1302.3831787109375,1279.6474609375,1287.2572021484375,1292.9952392578125,1297.576171875,1302.3831787109375,1307.272705078125,1313.06640625,1319.0745849609375,1329.4951171875
2018-02-15,2018-02-08,1352.1,1313.44873046875,1290.9097900390625,1298.398681640625,1304.1416015625,1308.5794677734375,1313.44873046875,1318.4810791015625,1324.25634765625,1330.2747802734375,1340.7978515625
2018-02-16,2018-02-09,1353.2,1308.0928955078125,1287.2515869140625,1294.2060546875,1299.4833984375,1303.6776123046875,1308.0928955078125,1312.6611328125,1317.8424072265625,1323.225341796875,1332.615478515625
2018-02-20,2018-02-12,1328.8,1323.1478271484375,1300.5152587890625,1307.85888671875,1313.8128662109375,1318.242919921875,1323.1478271484375,1328.1824951171875,1333.6373291015625,1339.612548828125,1350.1038818359375
2018-02-21,2018-02-13,1330.0,1328.0423583984375,1305.5501708984375,1313.04150390625,1318.8414306640625,1323.208251953125,1328.0423583984375,1333.177001953125,1338.537109375,1344.310302734375,1354.3380126953125
2018-02-22,2018-02-14,1330.6,1359.9354248046875,1332.0087890625,1341.084228515625,1348.482421875,1353.712890625,1359.9354248046875,1366.760498046875,1373.378662109375,1380.9129638671875,1393.6820068359375
2018-02-23,2018-02-15,1328.2,1353.1646728515625,1327.4571533203125,1336.0452880859375,1342.7142333984375,1347.499267578125,1353.1646728515625,1359.288330078125,1365.1478271484375,1371.9193115234375,1383.2342529296875
2018-02-26,2018-02-16,1330.7,1352.933837890625,1328.338623046875,1336.6671142578125,1343.1260986328125,1347.6015625,1352.933837890625,1358.7315673828125,1364.4217529296875,1370.8692626953125,1381.849365234375
2018-02-27,2018-02-20,1315.5,1321.753173828125,1295.8988037109375,1304.42138671875,1311.0155029296875,1316.2337646484375,1321.753173828125,1327.426513671875,1333.50732421875,1340.1925048828125,1351.598388671875
2018-02-28,2018-02-21,1315.5,1323.5738525390625,1297.7523193359375,1306.277587890625,1312.78857421875,1318.03759765625,1323.5738525390625,1329.22119140625,1335.36767578125,1342.210693359375,1353.7757568359375
2018-03-01,2018-02-22,1302.9,1323.95458984375,1299.119384765625,1307.3714599609375,1313.7442626953125,1318.7171630859375,1323.95458984375,1329.369384765625,1335.24365234375,1341.8397216796875,1352.9632568359375
2018-03-02,2018-02-23,1321.1,1321.551513671875,1297.085205078125,1305.19873046875,1311.4779052734375,1316.3834228515625,1321.551513671875,1326.8709716796875,1332.714111328125,1339.12841796875,1350.18701171875
2018-03-05,2018-02-26,1318.1,1325.561279296875,1301.8299560546875,1309.727783203125,1315.9603271484375,1320.6890869140625,1325.561279296875,1330.7003173828125,1336.38720703125,1342.4027099609375,1353.000732421875
2018-03-06,2018-02-27,1333.6,1307.6746826171875,1280.325927734375,1289.41943359375,1296.6195068359375,1302.3817138671875,1307.6746826171875,1313.191650390625,1319.5853271484375,1326.004150390625,1337.119140625
2018-03-07,2018-02-28,1326.0,1309.9781494140625,1283.8634033203125,1292.542236328125,1299.3974609375,1304.78466796875,1309.9781494140625,1315.3702392578125,1321.60595703125,1328.0921630859375,1339.2427978515625
2018-03-08,2018-03-01,1319.9,1296.1707763671875,1270.2176513671875,1278.913818359375,1285.5035400390625,1290.8360595703125,1296.1707763671875,1301.360107421875,1307.72802734375,1314.3397216796875,1325.648193359375
2018-03-09,2018-03-02,1322.4,1316.6763916015625,1290.398681640625,1299.2421875,1306.0250244140625,1311.283203125,1316.6763916015625,1322.1265869140625,1328.572265625,1335.3170166015625,1346.955810546875
2018-03-12,2018-03-05,1319.4,1313.3399658203125,1288.1361083984375,1296.7012939453125,1303.14599609375,1308.27587890625,1313.3399658203125,1318.4249267578125,1324.0926513671875,1330.19384765625,1341.050048828125
2018-03-13,2018-03-06,1325.9,1331.7001953125,1304.296630859375,1313.56689453125,1320.6182861328125,1326.2205810546875,1331.7001953125,1337.34130859375,1343.3858642578125,1350.218017578125,1362.048828125
2018-03-14,2018-03-07,1324.4,1321.66796875,1293.779296875,1303.3094482421875,1310.4093017578125,1316.226806640625,1321.66796875,1327.1219482421875,1333.310546875,1340.0533447265625,1351.4002685546875
2018-03-15,2018-03-08,1316.8,1313.551025390625,1286.3226318359375,1295.59228515625,1302.4625244140625,1308.1175537109375,1313.551025390625,1318.904052734375,1325.0252685546875,1331.5059814453125,1342.7479248046875
2018-03-16,2018-03-09,1311.3,1317.0775146484375,1290.025390625,1299.05810546875,1305.945068359375,1311.6787109375,1317.0775146484375,1322.362060546875,1328.4432373046875,1334.9937744140625,1346.1781005859375
2018-03-19,2018-03-12,1316.8,1314.4600830078125,1288.9425048828125,1297.4935302734375,1303.98193359375,1309.25439453125,1314.4600830078125,1319.4285888671875,1325.4544677734375,1331.8575439453125,1342.625
2018-03-20,2018-03-13,1311.1,1321.041015625,1294.875,1303.748046875,1310.36376953125,1315.7894287109375,1321.041015625,1326.1531982421875,1331.9892578125,1338.283447265625,1349.065185546875
2018-03-21,2018-03-14,1320.7,1320.443359375,1294.893310546875,1303.7269287109375,1309.9703369140625,1315.2978515625,1320.443359375,1325.442626953125,1330.8385009765625,1336.7904052734375,1346.9730224609375
2018-03-22,2018-03-15,1326.6,1312.339599609375,1286.3411865234375,1295.2655029296875,1301.6478271484375,1307.1336669921875,1312.339599609375,1317.345703125,1323.0772705078125,1329.12744140625,1339.564697265625
2018-03-23,2018-03-16,1349.3,1306.8819580078125,1280.1011962890625,1289.299560546875,1295.8970947265625,1301.55908203125,1306.8819580078125,1311.9818115234375,1317.946044921875,1324.133544921875,1334.7239990234375
2018-03-26,2018-03-19,1354.4,1312.8560791015625,1287.005126953125,1296.021728515625,1302.369384765625,1307.7777099609375,1312.8560791015625,1317.8807373046875,1323.5987548828125,1329.4361572265625,1339.5107421875
2018-03-27,2018-03-20,1341.3,1307.1263427734375,1281.6939697265625,1290.568359375,1296.81689453125,1302.1009521484375,1307.1263427734375,1311.941162109375,1317.6192626953125,1323.4947509765625,1333.4864501953125
2018-03-28,2018-03-21,1324.2,1317.3153076171875,1291.4415283203125,1300.348388671875,1306.76171875,1312.0826416015625,1317.3153076171875,1322.3607177734375,1328.0770263671875,1333.9354248046875,1344.0938720703125
2018-03-29,2018-03-22,1322.8,1324.068115234375,1298.1583251953125,1307.0726318359375,1313.4725341796875,1318.8563232421875,1324.068115234375,1329.3017578125,1334.9271240234375,1340.9439697265625,1351.313232421875
2018-04-02,2018-03-23,1342.1,1348.5682373046875,1318.3092041015625,1328.8887939453125,1336.3148193359375,1342.418701171875,1348.5682373046875,1354.872314453125,1361.326904296875,1368.7742919921875,1381.2861328125
2018-04-03,2018-03-26,1332.8,1355.87060546875,1326.3560791015625,1336.720703125,1344.03173828125,1349.87451171875,1355.87060546875,1362.2255859375,1368.537353515625,1375.885986328125,1388.32763671875
2018-04-04,2018-03-27,1335.8,1337.432373046875,1306.9263916015625,1317.512451171875,1324.9613037109375,1331.1038818359375,1337.432373046875,1343.7037353515625,1350.6202392578125,1358.423583984375,1371.481689453125
2018-04-05,2018-03-28,1324.3,1316.1409912109375,1286.5157470703125,1296.8629150390625,1303.9908447265625,1310.1795654296875,1316.1409912109375,1322.1195068359375,1328.593505859375,1335.74169921875,1347.64306640625
2018-04-06,2018-03-29,1331.9,1315.3800048828125,1286.8067626953125,1296.6466064453125,1303.6214599609375,1309.51904296875,1315.3800048828125,1321.099365234375,1327.392333984375,1334.4547119140625,1346.57861328125
2018-04-09,2018-04-02,1336.3,1337.90380859375,1307.3834228515625,1317.8978271484375,1325.3408203125,1331.6240234375,1337.90380859375,1344.154541015625,1350.9930419921875,1359.1580810546875,1372.6624755859375
2018-04-10,2018-04-03,1342.0,1325.0262451171875,1296.3353271484375,1306.281494140625,1313.291015625,1319.1182861328125,1325.0262451171875,1330.5791015625,1336.9344482421875,1343.9739990234375,1355.9478759765625
2018-04-11,2018-04-04,1356.5,1329.373779296875,1299.64208984375,1309.9764404296875,1317.16552734375,1323.380126953125,1329.373779296875,1335.2960205078125,1341.8184814453125,1349.4261474609375,1361.930419921875
2018-04-12,2018-04-05,1338.4,1317.87646484375,1288.26025390625,1298.578369140625,1305.7520751953125,1312.0379638671875,1317.87646484375,1323.7364501953125,1330.353515625,1337.946044921875,1350.5140380859375
2018-04-13,2018-04-06,1344.8,1328.2396240234375,1298.5418701171875,1308.946533203125,1316.246826171875,1322.3751220703125,1328.2396240234375,1334.2642822265625,1341.00927734375,1348.80224609375,1361.644775390625
2018-04-16,2018-04-09,1347.5,1332.9794921875,1303.31103515625,1313.696533203125,1321.01416015625,1327.1885986328125,1332.9794921875,1338.9351806640625,1345.62548828125,1353.5341796875,1366.228271484375
2018-04-17,2018-04-10,1347.2,1337.59521484375,1308.9178466796875,1318.7813720703125,1325.919921875,1331.8360595703125,1337.59521484375,1343.489990234375,1349.8837890625,1357.5572509765625,1370.3125
2018-04-18,2018-04-11,1351.2,1351.7945556640625,1321.46923828125,1331.8438720703125,1339.3427734375,1345.5543212890625,1351.7945556640625,1358.20458984375,1365.023681640625,1373.2236328125,1386.82421875
2018-04-19,2018-04-12,1346.8,1330.7181396484375,1301.4615478515625,1311.509033203125,1318.8173828125,1324.8575439453125,1330.7181396484375,1336.6175537109375,1343.1942138671875,1350.666259765625,1362.7763671875
2018-04-20,2018-04-13,1336.7,1339.121826171875,1309.07421875,1319.4302978515625,1327.201171875,1333.257568359375,1339.121826171875,1345.086669921875,1351.891845703125,1359.5118408203125,1371.946533203125
2018-04-23,2018-04-16,1322.5,1341.379638671875,1310.920654296875,1321.6522216796875,1329.3475341796875,1335.6341552734375,1341.379638671875,1347.319091796875,1354.07373046875,1361.6263427734375,1373.447998046875
2018-04-24,2018-04-17,1331.4,1341.9390869140625,1313.2344970703125,1323.426513671875,1330.7120361328125,1336.546142578125,1341.9390869140625,1347.4588623046875,1353.9715576171875,1361.078125,1372.1917724609375
2018-04-25,2018-04-18,1321.2,1345.5228271484375,1316.781494140625,1326.9876708984375,1334.159423828125,1340.032470703125,1345.5228271484375,1351.086181640625,1357.6029052734375,1364.9027099609375,1375.978271484375
2018-04-26,2018-04-19,1316.3,1341.4591064453125,1313.2257080078125,1323.367431640625,1330.4326171875,1336.099609375,1341.4591064453125,1347.0584716796875,1353.5140380859375,1360.5888671875,1371.850830078125
2018-04-27,2018-04-20,1320.3,1330.042724609375,1301.4786376953125,1311.55224609375,1318.6966552734375,1324.5897216796875,1330.042724609375,1335.671630859375,1342.08544921875,1349.37939453125,1360.7261962890625
2018-04-30,2018-04-23,1316.2,1315.4588623046875,1283.5240478515625,1294.97021484375,1302.83544921875,1309.4273681640625,1315.4588623046875,1321.7498779296875,1328.9281005859375,1337.172607421875,1349.9144287109375
2018-05-01,2018-04-24,1303.8,1326.2198486328125,1297.306396484375,1307.60791015625,1314.8350830078125,1320.8468017578125,1326.2198486328125,1331.9447021484375,1338.43310546875,1345.6915283203125,1357.504638671875
2018-05-02,2018-04-25,1302.6,1315.046142578125,1285.320068359375,1295.9915771484375,1303.4415283203125,1309.5999755859375,1315.046142578125,1320.79150390625,1327.365966796875,1334.8052978515625,1346.7630615234375
2018-05-03,2018-04-26,1310.7,1311.1219482421875,1280.8900146484375,1291.5457763671875,1299.104736328125,1305.4677734375,1311.1219482421875,1316.94482421875,1323.70361328125,1331.44140625,1343.68408203125
2018-05-04,2018-04-27,1312.7,1316.90869140625,1288.8394775390625,1298.7188720703125,1305.694091796875,1311.702880859375,1316.90869140625,1322.4716796875,1328.8206787109375,1336.2567138671875,1348.30322265625
2018-05-07,2018-04-30,1312.2,1311.9178466796875,1284.147216796875,1294.1370849609375,1300.9273681640625,1306.8131103515625,1311.9178466796875,1317.44482421875,1323.583251953125,1330.8255615234375,1342.4884033203125
2018-05-08,2018-05-01,1312.0,1298.96484375,1267.021484375,1278.6331787109375,1286.56884765625,1293.095703125,1298.96484375,1305.125244140625,1312.17919921875,1320.376953125,1333.1170654296875
2018-05-09,2018-05-02,1311.3,1298.4288330078125,1268.5347900390625,1279.1820068359375,1286.644775390625,1292.8260498046875,1298.4288330078125,1304.338623046875,1310.954345703125,1318.7982177734375,1331.277099609375
2018-05-10,2018-05-03,1320.8,1309.2271728515625,1279.6199951171875,1290.2003173828125,1297.5926513671875,1303.8343505859375,1309.2271728515625,1315.120849609375,1321.7276611328125,1329.685302734375,1341.9385986328125
2018-05-11,2018-05-04,1319.0,1311.412841796875,1282.61572265625,1292.9564208984375,1300.12646484375,1306.0789794921875,1311.412841796875,1317.0704345703125,1323.4656982421875,1331.0418701171875,1342.8837890625
2018-05-14,2018-05-07,1316.5,1311.5054931640625,1283.595703125,1293.44140625,1300.3408203125,1306.2537841796875,1311.5054931640625,1316.8878173828125,1322.859130859375,1329.8446044921875,1341.2275390625
2018-05-15,2018-05-08,1288.9,1312.2216796875,1284.9925537109375,1294.39208984375,1301.1778564453125,1307.078125,1312.2216796875,1317.7044677734375,1323.451171875,1330.2982177734375,1341.856689453125
2018-05-16,2018-05-09,1290.2,1310.864990234375,1285.309326171875,1294.2471923828125,1300.4677734375,1306.0234375,1310.864990234375,1315.8883056640625,1321.2291259765625,1327.587646484375,1338.1773681640625
2018-05-17,2018-05-10,1288.2,1323.931396484375,1297.2132568359375,1306.5072021484375,1313.092041015625,1318.7728271484375,1323.931396484375,1329.34716796875,1335.14208984375,1342.0933837890625,1353.409423828125
2018-05-18,2018-05-11,1290.2,1320.9510498046875,1294.4171142578125,1303.7821044921875,1310.35546875,1315.900634765625,1320.9510498046875,1326.212158203125,1331.966796875,1338.8851318359375,1349.794677734375
2018-05-21,2018-05-14,1290.2,1317.1767578125,1291.1829833984375,1300.5325927734375,1306.8551025390625,1312.316162109375,1317.1767578125,1322.2713623046875,1327.6143798828125,1333.771240234375,1343.868408203125
2018-05-22,2018-05-15,1291.7,1280.5855712890625,1246.6041259765625,1259.1014404296875,1267.5001220703125,1274.450439453125,1280.5855712890625,1286.81640625,1293.6470947265625,1301.4737548828125,1313.818603515625
2018-05-23,2018-05-16,1289.3,1282.55859375,1250.67822265625,1262.2896728515625,1270.1004638671875,1276.6920166015625,1282.55859375,1288.4393310546875,1295.0218505859375,1302.5322265625,1314.5770263671875
2018-05-24,2018-05-17,1303.7,1281.2259521484375,1251.766845703125,1262.5469970703125,1269.654296875,1275.721923828125,1281.2259521484375,1286.602783203125,1292.6002197265625,1299.5760498046875,1310.802978515625
2018-05-25,2018-05-18,1303.3,1287.144775390625,1257.4208984375,1268.2740478515625,1275.4217529296875,1281.6373291015625,1287.144775390625,1292.6671142578125,1298.69140625,1305.7041015625,1316.9617919921875
2018-05-29,2018-05-21,1298.7,1289.2646484375,1260.200927734375,1270.9454345703125,1277.8994140625,1284.086181640625,1289.2646484375,1294.6142578125,1300.43212890625,1307.2728271484375,1318.1529541015625
2018-05-30,2018-05-22,1301.5,1293.950927734375,1266.080322265625,1276.3172607421875,1283.0172119140625,1288.91064453125,1293.950927734375,1299.0096435546875,1304.7099609375,1311.49853515625,1321.8656005859375
2018-05-31,2018-05-23,1300.1,1291.763427734375,1264.6688232421875,1274.5919189453125,1281.18017578125,1286.8575439453125,1291.763427734375,1296.7294921875,1302.2435302734375,1308.68701171875,1318.7945556640625
2018-06-01,2018-05-24,1294.8,1307.6009521484375,1279.0150146484375,1289.267578125,1296.23583984375,1302.3076171875,1307.6009521484375,1312.990478515625,1318.8321533203125,1325.62841796875,1336.74560546875
2018-06-04,2018-05-25,1293.1,1304.9195556640625,1276.9505615234375,1287.190673828125,1293.9547119140625,1299.82470703125,1304.9195556640625,1309.9395751953125,1315.5120849609375,1322.0655517578125,1332.34130859375
2018-06-05,2018-05-29,1297.5,1298.6318359375,1271.0833740234375,1281.20703125,1287.9566650390625,1293.5513916015625,1298.6318359375,1303.5816650390625,1309.0340576171875,1315.1148681640625,1324.7874755859375
2018-06-06,2018-05-30,1297.1,1303.9451904296875,1275.553466796875,1285.693359375,1292.8515625,1298.783935546875,1303.9451904296875,1309.1441650390625,1314.8726806640625,1321.5010986328125,1331.665283203125
2018-06-07,2018-05-31,1298.7,1301.047607421875,1273.7193603515625,1283.607177734375,1290.4981689453125,1296.1337890625,1301.047607421875,1305.7154541015625,1311.06298828125,1317.3497314453125,1326.5020751953125
2018-06-08,2018-06-01,1298.1,1294.305419921875,1266.9580078125,1276.9393310546875,1283.736083984375,1289.3348388671875,1294.305419921875,1298.9918212890625,1304.4268798828125,1310.7325439453125,1319.8115234375
2018-06-11,2018-06-04,1298.9,1291.3143310546875,1264.3643798828125,1274.2138671875,1280.7918701171875,1286.3299560546875,1291.3143310546875,1295.7509765625,1301.038330078125,1306.974609375,1315.8387451171875
2018-06-12,2018-06-05,1295.1,1297.5963134765625,1271.326904296875,1280.714111328125,1287.25341796875,1292.7379150390625,1297.5963134765625,1302.018310546875,1307.216796875,1313.173828125,1322.195068359375
2018-06-13,2018-06-06,1296.9,1297.711669921875,1272.0701904296875,1281.057861328125,1287.5440673828125,1293.03369140625,1297.711669921875,1302.2041015625,1307.2652587890625,1313.2366943359375,1322.4049072265625
2018-06-14,2018-06-07,1304.0,1300.7293701171875,1274.654541015625,1283.8431396484375,1290.4322509765625,1296.014404296875,1300.7293701171875,1305.4044189453125,1310.646728515625,1316.8638916015625,1326.3304443359375
2018-06-15,2018-06-08,1274.6,1299.026123046875,1274.4041748046875,1283.104736328125,1289.205322265625,1294.42578125,1299.026123046875,1303.539794921875,1308.44775390625,1314.3548583984375,1323.40869140625
2018-06-18,2018-06-11,1276.2,1300.523193359375,1274.816162109375,1283.929931640625,1290.46240234375,1295.900146484375,1300.523193359375,1305.0430908203125,1310.0672607421875,1316.158203125,1325.323486328125
2018-06-19,2018-06-12,1275.6,1294.2449951171875,1269.399169921875,1278.299560546875,1284.3992919921875,1289.6688232421875,1294.2449951171875,1298.5380859375,1303.35693359375,1309.4088134765625,1317.91162109375
2018-06-20,2018-06-13,1271.2,1295.63330078125,1271.2681884765625,1280.0296630859375,1285.859375,1291.063720703125,1295.63330078125,1300.162353515625,1304.8397216796875,1310.80126953125,1319.6705322265625
2018-06-21,2018-06-14,1267.2,1304.3563232421875,1278.68212890625,1287.8497314453125,1294.088623046875,1299.5216064453125,1304.3563232421875,1309.1175537109375,1314.0965576171875,1320.3251953125,1329.7098388671875
2018-06-22,2018-06-15,1267.4,1269.533447265625,1236.240234375,1248.5087890625,1256.5819091796875,1263.3681640625,1269.533447265625,1275.3980712890625,1281.8922119140625,1289.3541259765625,1300.4708251953125
2018-06-25,2018-06-18,1265.6,1274.3453369140625,1245.2752685546875,1255.8365478515625,1262.8653564453125,1268.8837890625,1274.3453369140625,1279.734375,1285.5352783203125,1292.3037109375,1302.68896484375
2018-06-26,2018-06-19,1256.6,1273.923828125,1246.1663818359375,1256.34912109375,1263.0037841796875,1268.7415771484375,1273.923828125,1278.915771484375,1284.5433349609375,1291.1397705078125,1301.065673828125
2018-06-27,2018-06-20,1252.8,1268.3643798828125,1240.1041259765625,1250.3765869140625,1257.2506103515625,1262.9959716796875,1268.3643798828125,1273.464599609375,1279.3582763671875,1286.22509765625,1296.5067138671875
2018-06-28,2018-06-21,1247.8,1264.7696533203125,1237.4215087890625,1247.2802734375,1253.8193359375,1259.5028076171875,1264.7696533203125,1269.7706298828125,1275.3519287109375,1281.75927734375,1291.7091064453125
2018-06-29,2018-06-22,1251.3,1268.27880859375,1241.527099609375,1251.1309814453125,1257.523681640625,1263.205322265625,1268.27880859375,1273.3297119140625,1278.7977294921875,1285.2132568359375,1295.2584228515625
2018-07-02,2018-06-25,1239.8,1266.94580078125,1241.8153076171875,1250.769775390625,1256.685791015625,1262.1201171875,1266.94580078125,1271.7557373046875,1276.943603515625,1282.9776611328125,1292.616455078125
2018-07-03,2018-06-26,1251.6,1256.437255859375,1229.8436279296875,1239.3089599609375,1245.736328125,1251.2215576171875,1256.437255859375,1261.4310302734375,1266.9656982421875,1273.3046875,1283.1517333984375
2018-07-05,2018-06-27,1257.3,1251.41552734375,1224.505859375,1234.027587890625,1240.6064453125,1246.1270751953125,1251.41552734375,1256.496826171875,1261.987060546875,1268.373291015625,1278.2725830078125
2018-07-06,2018-06-28,1254.3,1244.3260498046875,1217.537109375,1227.2528076171875,1233.561279296875,1239.0814208984375,1244.3260498046875,1249.43798828125,1254.8533935546875,1261.197998046875,1271.083740234375
2018-07-09,2018-06-29,1258.1,1250.4478759765625,1223.7076416015625,1233.151611328125,1239.691162109375,1245.2310791015625,1250.4478759765625,1255.546142578125,1261.0172119140625,1267.535400390625,1277.6392822265625
2018-07-10,2018-07-02,1253.8,1236.517333984375,1206.930908203125,1217.5589599609375,1224.8125,1230.8138427734375,1236.517333984375,1241.9212646484375,1247.784423828125,1254.52197265625,1265.08251953125
2018-07-11,2018-07-03,1242.8,1251.880859375,1222.9678955078125,1233.1533203125,1240.1417236328125,1246.122314453125,1251.880859375,1257.3262939453125,1263.30078125,1270.28271484375,1281.2239990234375
2018-07-12,2018-07-05,1245.0,1260.274658203125,1231.9508056640625,1241.916748046875,1248.82275390625,1254.7706298828125,1260.274658203125,1265.544677734375,1271.218505859375,1277.9951171875,1288.4873046875
2018-07-13,2018-07-06,1239.6,1257.1885986328125,1229.0301513671875,1239.046142578125,1245.904052734375,1251.775146484375,1257.1885986328125,1262.45703125,1268.032958984375,1274.8067626953125,1285.4287109375
2018-07-16,2018-07-09,1238.1,1261.8770751953125,1233.25048828125,1243.2996826171875,1250.218994140625,1256.2884521484375,1261.8770751953125,1267.0115966796875,1272.6094970703125,1279.5501708984375,1289.9324951171875
2018-07-17,2018-07-10,1225.7,1255.6422119140625,1226.997314453125,1237.2945556640625,1244.2962646484375,1250.107666015625,1255.6422119140625,1260.852294921875,1266.54541015625,1273.270751953125,1283.634033203125
2018-07-18,2018-07-11,1226.3,1241.3216552734375,1213.118408203125,1223.11328125,1230.02099609375,1235.797607421875,1241.3216552734375,1246.518798828125,1252.117431640625,1258.799072265625,1269.03271484375
2018-07-19,2018-07-12,1222.4,1244.74755859375,1217.2989501953125,1227.1082763671875,1233.8480224609375,1239.466064453125,1244.74755859375,1249.9122314453125,1255.3387451171875,1262.1395263671875,1272.090087890625
2018-07-20,2018-07-13,1229.5,1238.107421875,1211.326171875,1220.930419921875,1227.55419921875,1233.0718994140625,1238.107421875,1243.1695556640625,1248.4317626953125,1255.189697265625,1265.0013427734375
2018-07-23,2018-07-16,1224.0,1238.260498046875,1213.1630859375,1221.8544921875,1228.239013671875,1233.625,1238.260498046875,1243.12841796875,1248.2286376953125,1254.9952392578125,1265.1654052734375
2018-07-24,2018-07-17,1223.9,1222.84814453125,1194.3863525390625,1204.5826416015625,1211.7137451171875,1217.68115234375,1222.84814453125,1228.125,1233.7271728515625,1241.0384521484375,1251.555908203125
2018-07-25,2018-07-18,1231.4,1224.4315185546875,1197.3228759765625,1206.9190673828125,1213.6492919921875,1219.4222412109375,1224.4315185546875,1229.415771484375,1234.9332275390625,1242.09130859375,1252.15234375
2018-07-26,2018-07-19,1225.3,1219.87646484375,1192.1256103515625,1202.0740966796875,1208.9013671875,1214.69287109375,1219.87646484375,1224.9454345703125,1230.5084228515625,1237.045166015625,1246.6475830078125
2018-07-27,2018-07-20,1222.6,1231.1397705078125,1203.2930908203125,1213.2901611328125,1219.990966796875,1225.994384765625,1231.1397705078125,1236.30810546875,1241.7574462890625,1248.6971435546875,1258.5716552734375
2018-07-30,2018-07-23,1221.3,1222.977783203125,1194.376953125,1204.7486572265625,1211.5452880859375,1217.6942138671875,1222.977783203125,1227.9005126953125,1233.3045654296875,1240.3123779296875,1250.3525390625
2018-07-31,2018-07-24,1223.7,1223.49267578125,1195.7330322265625,1205.857666015625,1212.46044921875,1218.232177734375,1223.49267578125,1228.6090087890625,1233.8848876953125,1240.554443359375,1250.32666015625
2018-08-01,2018-07-25,1217.9,1234.4456787109375,1206.6854248046875,1216.9447021484375,1223.5340576171875,1229.142822265625,1234.4456787109375,1239.656005859375,1244.79296875,1251.1837158203125,1260.5927734375
2018-08-02,2018-07-26,1210.6,1226.8555908203125,1198.199462890625,1208.6947021484375,1215.5302734375,1221.33251953125,1226.8555908203125,1232.1219482421875,1237.4405517578125,1244.1126708984375,1254.118408203125
2018-08-03,2018-07-27,1214.2,1222.312744140625,1193.255126953125,1203.840087890625,1210.89111328125,1216.7545166015625,1222.312744140625,1227.4730224609375,1232.80029296875,1239.4149169921875,1249.221435546875
2018-08-06,2018-07-30,1208.6,1220.6839599609375,1192.74609375,1202.9024658203125,1209.5921630859375,1215.1314697265625,1220.6839599609375,1225.93896484375,1231.0797119140625,1237.53564453125,1247.2034912109375
2018-08-07,2018-07-31,1209.6,1224.9329833984375,1197.235595703125,1207.175537109375,1213.787109375,1219.3121337890625,1224.9329833984375,1230.222900390625,1235.547607421875,1241.987548828125,1251.69189453125
2018-08-08,2018-08-01,1212.6,1218.6199951171875,1190.572509765625,1200.81201171875,1207.578857421875,1213.0938720703125,1218.6199951171875,1223.865478515625,1229.0111083984375,1235.4332275390625,1245.0960693359375
2018-08-09,2018-08-02,1211.9,1209.69091796875,1180.3917236328125,1191.099853515625,1198.1068115234375,1203.9444580078125,1209.69091796875,1215.144775390625,1220.43701171875,1227.094482421875,1236.938720703125
2018-08-10,2018-08-03,1211.1,1215.290771484375,1187.611572265625,1197.76123046875,1204.2445068359375,1209.81298828125,1215.290771484375,1220.585205078125,1225.74072265625,1232.224853515625,1241.890869140625
2018-08-13,2018-08-06,1191.3,1207.965087890625,1179.7698974609375,1190.0679931640625,1196.830322265625,1202.4219970703125,1207.965087890625,1213.170166015625,1218.302734375,1224.8460693359375,1234.547607421875
2018-08-14,2018-08-07,1193.0,1209.6541748046875,1182.1824951171875,1192.228515625,1198.83935546875,1204.135009765625,1209.6541748046875,1214.638916015625,1219.679443359375,1226.025390625,1235.33251953125
2018-08-15,2018-08-08,1177.5,1215.1134033203125,1187.597412109375,1197.758056640625,1204.1859130859375,1209.6239013671875,1215.1134033203125,1220.2069091796875,1225.1878662109375,1231.54150390625,1240.857421875
2018-08-16,2018-08-09,1176.2,1214.5096435546875,1187.9903564453125,1197.869384765625,1203.9681396484375,1209.1336669921875,1214.5096435546875,1219.394287109375,1224.1162109375,1230.3680419921875,1239.3682861328125
2018-08-17,2018-08-10,1176.5,1213.6890869140625,1188.1485595703125,1197.644775390625,1203.5516357421875,1208.412353515625,1213.6890869140625,1218.3369140625,1222.91455078125,1228.952392578125,1237.8673095703125
2018-08-20,2018-08-13,1186.8,1187.215576171875,1156.350830078125,1167.6494140625,1174.949462890625,1180.98046875,1187.215576171875,1192.6697998046875,1198.1851806640625,1205.3035888671875,1215.619873046875
2018-08-21,2018-08-14,1192.6,1190.282470703125,1162.6761474609375,1172.6356201171875,1179.150634765625,1184.757568359375,1190.282470703125,1195.5206298828125,1200.4952392578125,1207.1715087890625,1216.9576416015625
2018-08-22,2018-08-15,1196.3,1169.1904296875,1139.908447265625,1150.331298828125,1157.4571533203125,1163.3358154296875,1169.1904296875,1174.42138671875,1179.7208251953125,1186.9708251953125,1197.197998046875
2018-08-23,2018-08-16,1187.0,1169.957275390625,1141.53076171875,1151.70556640625,1158.54296875,1164.243896484375,1169.957275390625,1175.060302734375,1180.0389404296875,1186.9588623046875,1196.5458984375
2018-08-24,2018-08-17,1206.3,1172.6226806640625,1147.1392822265625,1155.2916259765625,1161.578369140625,1166.7457275390625,1172.6226806640625,1177.286865234375,1182.3883056640625,1189.63232421875,1199.5347900390625
2018-08-27,2018-08-20,1209.0,1188.6153564453125,1159.5460205078125,1169.171142578125,1176.3045654296875,1182.4384765625,1188.6153564453125,1194.0841064453125,1199.808349609375,1207.25341796875,1217.665771484375
2018-08-28,2018-08-21,1207.4,1197.082275390625,1167.959228515625,1178.0185546875,1185.06396484375,1191.246337890625,1197.082275390625,1202.585693359375,1208.104736328125,1215.1031494140625,1225.33203125
2018-08-29,2018-08-22,1204.5,1200.4971923828125,1170.636474609375,1181.0079345703125,1188.1546630859375,1194.24658203125,1200.4971923828125,1205.6060791015625,1211.1646728515625,1218.514404296875,1229.081298828125
2018-08-30,2018-08-23,1197.7,1186.0374755859375,1156.91748046875,1166.990234375,1173.983642578125,1180.0225830078125,1186.0374755859375,1191.2843017578125,1196.65087890625,1203.651123046875,1213.6143798828125
2018-08-31,2018-08-24,1200.3,1210.046142578125,1179.6353759765625,1190.105224609375,1197.4554443359375,1203.826171875,1210.046142578125,1215.682861328125,1221.3504638671875,1228.5076904296875,1239.2431640625
2018-09-04,2018-08-27,1192.7,1212.2073974609375,1183.0478515625,1193.0423583984375,1200.1033935546875,1206.162109375,1212.2073974609375,1217.5928955078125,1223.1455078125,1229.9901123046875,1240.345947265625
2018-09-05,2018-08-28,1194.9,1208.8177490234375,1179.73583984375,1189.7677001953125,1196.771240234375,1202.857421875,1208.8177490234375,1213.970947265625,1219.5078125,1226.398193359375,1236.8115234375
2018-09-06,2018-08-29,1197.9,1205.261474609375,1177.1556396484375,1187.056884765625,1193.882080078125,1199.7181396484375,1205.261474609375,1210.1971435546875,1215.6126708984375,1222.20849609375,1232.4598388671875
2018-09-07,2018-08-30,1193.6,1195.2298583984375,1167.8624267578125,1177.4080810546875,1183.942138671875,1189.6239013671875,1195.2298583984375,1199.9716796875,1204.89404296875,1211.5526123046875,1221.2828369140625
2018-09-10,2018-08-31,1193.0,1199.6741943359375,1171.89599609375,1181.6239013671875,1188.3482666015625,1194.10400390625,1199.6741943359375,1204.7230224609375,1210.0140380859375,1216.6778564453125,1226.6324462890625
2018-09-11,2018-09-04,1195.4,1191.0887451171875,1162.5863037109375,1172.5584716796875,1179.5816650390625,1185.2530517578125,1191.0887451171875,1196.285400390625,1201.7825927734375,1208.41162109375,1218.470458984375
2018-09-12,2018-09-05,1204.7,1194.769287109375,1166.9052734375,1176.36962890625,1183.1094970703125,1188.8621826171875,1194.769287109375,1199.8946533203125,1205.2362060546875,1212.0526123046875,1222.2200927734375
2018-09-13,2018-09-06,1202.0,1199.768798828125,1171.851806640625,1181.26513671875,1187.9803466796875,1193.8017578125,1199.768798828125,1204.967041015625,1210.4404296875,1217.498046875,1227.955810546875
2018-09-14,2018-09-07,1195.0,1194.63720703125,1166.5648193359375,1176.12060546875,1182.867919921875,1188.7232666015625,1194.63720703125,1199.9180908203125,1205.2703857421875,1212.2005615234375,1222.4844970703125
2018-09-17,2018-09-10,1199.7,1193.671875,1165.1783447265625,1175.2197265625,1181.95556640625,1187.8134765625,1193.671875,1198.9093017578125,1204.1380615234375,1210.8997802734375,1220.8935546875
2018-09-18,2018-09-11,1196.8,1197.49365234375,1169.3016357421875,1179.0040283203125,1185.69287109375,1191.6065673828125,1197.49365234375,1202.7022705078125,1207.8839111328125,1214.6591796875,1224.7362060546875
2018-09-19,2018-09-12,1202.2,1208.5631103515625,1179.8670654296875,1189.6015625,1196.527099609375,1202.5728759765625,1208.5631103515625,1213.8856201171875,1219.201904296875,1225.9947509765625,1236.25732421875
2018-09-20,2018-09-13,1206.2,1203.6153564453125,1175.7996826171875,1185.51025390625,1192.0389404296875,1197.894775390625,1203.6153564453125,1208.9417724609375,1214.0994873046875,1220.547607421875,1230.5743408203125
2018-09-21,2018-09-14,1196.2,1192.7982177734375,1163.96240234375,1174.024169921875,1180.75341796875,1186.7972412109375,1192.7982177734375,1198.233642578125,1203.741943359375,1210.495361328125,1220.9671630859375
2018-09-24,2018-09-17,1199.3,1200.4583740234375,1172.7786865234375,1182.2799072265625,1188.7867431640625,1194.696533203125,1200.4583740234375,1205.6480712890625,1210.81494140625,1217.3253173828125,1227.271240234375
2018-09-25,2018-09-18,1200.0,1196.791748046875,1168.231689453125,1178.329345703125,1185.0924072265625,1191.0198974609375,1196.791748046875,1202.0987548828125,1207.307861328125,1213.7386474609375,1223.7196044921875
2018-09-26,2018-09-19,1194.0,1205.048095703125,1176.9735107421875,1186.9774169921875,1193.496337890625,1199.3917236328125,1205.048095703125,1210.3487548828125,1215.524658203125,1221.8197021484375,1231.68994140625
2018-09-27,2018-09-20,1182.3,1210.1839599609375,1182.7686767578125,1192.355712890625,1198.862060546875,1204.6717529296875,1210.1839599609375,1215.2880859375,1220.4586181640625,1226.662109375,1236.3411865234375
2018-09-28,2018-09-21,1191.5,1196.4730224609375,1168.566650390625,1178.3472900390625,1184.99755859375,1190.7808837890625,1196.4730224609375,1201.5242919921875,1206.6446533203125,1212.903076171875,1222.6630859375
2018-10-01,2018-09-24,1187.1,1202.5179443359375,1175.4443359375,1185.059326171875,1191.3548583984375,1197.1378173828125,1202.5179443359375,1207.424560546875,1212.3717041015625,1218.54541015625,1228.0899658203125
2018-10-02,2018-09-25,1202.4,1201.64501953125,1175.4927978515625,1185.005859375,1191.0521240234375,1196.475830078125,1201.64501953125,1206.330810546875,1211.1754150390625,1217.1392822265625,1226.29541015625
2018-10-03,2018-09-26,1198.3,1193.4132080078125,1167.693603515625,1176.9803466796875,1182.926025390625,1188.338134765625,1193.4132080078125,1197.990966796875,1202.7008056640625,1208.4608154296875,1217.4652099609375
2018-10-04,2018-09-27,1197.2,1178.990478515625,1151.2479248046875,1161.28076171875,1167.7232666015625,1173.614501953125,1178.990478515625,1184.0372314453125,1189.0357666015625,1195.3223876953125,1204.9215087890625
2018-10-05,2018-09-28,1201.2,1191.4979248046875,1165.505615234375,1174.7576904296875,1180.6981201171875,1186.4095458984375,1191.4979248046875,1196.374755859375,1201.1605224609375,1207.1868896484375,1216.583251953125
2018-10-08,2018-10-01,1184.4,1186.5477294921875,1164.718994140625,1172.0848388671875,1177.1707763671875,1181.7099609375,1186.5477294921875,1190.328125,1194.4552001953125,1200.2359619140625,1208.5648193359375
2018-10-09,2018-10-02,1187.2,1206.0467529296875,1181.2178955078125,1189.7791748046875,1195.6865234375,1200.88525390625,1206.0467529296875,1210.794677734375,1215.7646484375,1222.0313720703125,1231.4326171875
2018-10-10,2018-10-03,1189.3,1202.4588623046875,1178.271728515625,1186.526611328125,1192.4312744140625,1197.342529296875,1202.4588623046875,1207.08203125,1211.99169921875,1218.1761474609375,1227.5269775390625
2018-10-11,2018-10-04,1223.5,1198.9346923828125,1173.0902099609375,1182.2620849609375,1188.4425048828125,1193.7454833984375,1198.9346923828125,1203.7655029296875,1208.6524658203125,1214.6827392578125,1223.949462890625
2018-10-12,2018-10-05,1218.1,1203.68115234375,1178.4359130859375,1187.29638671875,1193.375244140625,1198.6644287109375,1203.68115234375,1208.52001953125,1213.436767578125,1219.380859375,1228.6552734375
2018-10-15,2018-10-08,1226.4,1182.6402587890625,1157.34912109375,1166.056884765625,1172.2083740234375,1177.33642578125,1182.6402587890625,1187.2445068359375,1192.255126953125,1198.3341064453125,1207.2916259765625
2018-10-16,2018-10-09,1227.3,1186.26220703125,1160.855224609375,1169.5545654296875,1175.7894287109375,1181.009521484375,1186.26220703125,1191.010986328125,1195.7823486328125,1201.5484619140625,1210.5775146484375
2018-10-17,2018-10-10,1223.7,1189.29345703125,1163.6844482421875,1172.4832763671875,1178.6685791015625,1184.0260009765625,1189.29345703125,1194.0855712890625,1198.9576416015625,1204.96435546875,1214.0821533203125
2018-10-18,2018-10-11,1226.5,1224.428466796875,1193.7298583984375,1204.1153564453125,1211.6107177734375,1217.989501953125,1224.428466796875,1230.495361328125,1236.8414306640625,1244.6739501953125,1256.256591796875
2018-10-19,2018-10-12,1225.3,1221.324951171875,1192.2730712890625,1202.3671875,1209.3968505859375,1215.39990234375,1221.324951171875,1226.8885498046875,1232.70068359375,1239.528076171875,1249.8011474609375
2018-10-22,2018-10-15,1221.2,1230.740478515625,1202.0804443359375,1212.10400390625,1218.9232177734375,1224.9495849609375,1230.740478515625,1236.257080078125,1242.0880126953125,1249.1761474609375,1259.827392578125
2018-10-23,2018-10-16,1233.4,1230.0557861328125,1202.7147216796875,1212.389404296875,1218.9603271484375,1224.6485595703125,1230.0557861328125,1235.2137451171875,1240.5404052734375,1246.8900146484375,1256.4981689453125
2018-10-24,2018-10-17,1227.8,1223.9600830078125,1197.247802734375,1206.7078857421875,1213.153564453125,1218.642822265625,1223.9600830078125,1228.932373046875,1234.1739501953125,1240.332763671875,1249.35693359375
2018-10-25,2018-10-18,1229.1,1226.593505859375,1199.309326171875,1209.1912841796875,1215.7537841796875,1221.2525634765625,1226.593505859375,1231.5299072265625,1236.635498046875,1242.623779296875,1251.5540771484375
2018-10-26,2018-10-19,1232.5,1224.080322265625,1197.86572265625,1207.2032470703125,1213.4342041015625,1218.8001708984375,1224.080322265625,1228.8780517578125,1233.77978515625,1239.649658203125,1248.384521484375
2018-10-29,2018-10-22,1224.5,1219.1529541015625,1192.4564208984375,1202.04345703125,1208.451171875,1213.8870849609375,1219.1529541015625,1223.93408203125,1228.7850341796875,1234.7362060546875,1243.14794921875
2018-10-30,2018-10-23,1222.6,1235.0582275390625,1208.148681640625,1217.64794921875,1224.0567626953125,1229.7247314453125,1235.0582275390625,1240.2208251953125,1245.437255859375,1251.87841796875,1261.0284423828125
2018-10-31,2018-10-24,1212.3,1228.762451171875,1202.055908203125,1211.486083984375,1217.794189453125,1223.4183349609375,1228.762451171875,1233.890380859375,1239.1751708984375,1245.5845947265625,1254.7515869140625
2018-11-01,2018-10-25,1236.0,1230.0828857421875,1203.2509765625,1212.7086181640625,1219.0242919921875,1224.683837890625,1230.0828857421875,1235.0902099609375,1240.1346435546875,1246.4073486328125,1255.4049072265625
2018-11-02,2018-10-26,1230.9,1233.649169921875,1206.956298828125,1216.415283203125,1222.6337890625,1228.4095458984375,1233.649169921875,1238.6842041015625,1243.5665283203125,1249.7586669921875,1258.6142578125
2018-11-05,2018-10-29,1229.8,1223.557373046875,1196.0455322265625,1205.8455810546875,1212.20751953125,1218.0194091796875,1223.557373046875,1228.8251953125,1233.921875,1240.4024658203125,1249.6524658203125
2018-11-06,2018-10-30,1223.8,1220.684326171875,1193.06494140625,1203.0091552734375,1209.442138671875,1215.1131591796875,1220.684326171875,1225.9625244140625,1231.1591796875,1237.60986328125,1246.8258056640625
2018-11-07,2018-10-31,1226.2,1210.311279296875,1181.5379638671875,1191.91015625,1198.6103515625,1204.62548828125,1210.311279296875,1215.65380859375,1220.9820556640625,1227.5394287109375,1236.934814453125
2018-11-08,2018-11-01,1222.9,1237.4024658203125,1208.619140625,1219.02001953125,1225.7764892578125,1231.7740478515625,1237.4024658203125,1243.081787109375,1248.5257568359375,1255.252685546875,1265.015869140625
2018-11-09,2018-11-02,1206.4,1232.7044677734375,1204.3712158203125,1214.7042236328125,1221.3736572265625,1227.16552734375,1232.7044677734375,1238.1929931640625,1243.5277099609375,1250.0057373046875,1259.478515625
2018-11-12,2018-11-05,1201.3,1231.42431640625,1203.5260009765625,1213.646484375,1220.246337890625,1226.009033203125,1231.42431640625,1236.784912109375,1241.996826171875,1248.329345703125,1257.5556640625
2018-11-13,2018-11-06,1199.2,1224.5126953125,1196.363525390625,1206.6458740234375,1213.2587890625,1219.0291748046875,1224.5126953125,1229.9234619140625,1235.1888427734375,1241.5621337890625,1250.7667236328125
2018-11-14,2018-11-07,1207.9,1226.7490234375,1199.15283203125,1209.26953125,1215.738525390625,1221.388671875,1226.7490234375,1232.1246337890625,1237.3062744140625,1243.6015625,1252.802978515625
2018-11-15,2018-11-08,1212.8,1220.062744140625,1192.3052978515625,1202.5999755859375,1209.0888671875,1214.75146484375,1220.062744140625,1225.243408203125,1230.4627685546875,1236.691162109375,1245.8203125
2018-11-16,2018-11-09,1220.8,1203.268310546875,1173.229248046875,1184.3175048828125,1191.446044921875,1197.53076171875,1203.268310546875,1208.8818359375,1214.5986328125,1221.180419921875,1231.02099609375
2018-11-19,2018-11-12,1223.1,1199.005859375,1169.4091796875,1180.183837890625,1187.22216796875,1193.3529052734375,1199.005859375,1204.663330078125,1210.2816162109375,1216.7320556640625,1226.5836181640625
2018-11-20,2018-11-13,1219.0,1196.913818359375,1169.581787109375,1179.5126953125,1185.9757080078125,1191.63134765625,1196.913818359375,1202.229248046875,1207.2747802734375,1213.403076171875,1222.835693359375
2018-11-21,2018-11-14,1225.8,1208.2459716796875,1181.6883544921875,1191.2425537109375,1197.5787353515625,1203.1741943359375,1208.2459716796875,1213.4327392578125,1218.538818359375,1224.5806884765625,1233.96728515625
2018-11-23,2018-11-15,1221.0,1215.37353515625,1189.3028564453125,1198.7811279296875,1204.990966796875,1210.3399658203125,1215.37353515625,1220.386962890625,1225.4722900390625,1231.4697265625,1240.5791015625
2018-11-26,2018-11-16,1220.2,1224.3231201171875,1197.4183349609375,1207.0238037109375,1213.4920654296875,1219.0616455078125,1224.3231201171875,1229.5352783203125,1234.7908935546875,1241.060546875,1250.587890625
2018-11-27,2018-11-19,1211.2,1225.603271484375,1199.7198486328125,1209.08642578125,1215.228759765625,1220.5579833984375,1225.603271484375,1230.63427734375,1235.609375,1241.498291015625,1250.5904541015625
2018-11-28,2018-11-20,1221.4,1219.4093017578125,1193.767822265625,1203.0091552734375,1209.1634521484375,1214.37109375,1219.4093017578125,1224.3541259765625,1229.4876708984375,1235.444091796875,1244.4439697265625
2018-11-29,2018-11-21,1224.1,1227.7110595703125,1201.7357177734375,1210.9520263671875,1217.223876953125,1222.560546875,1227.7110595703125,1232.772705078125,1238.0604248046875,1244.1951904296875,1253.4901123046875
2018-11-30,2018-11-23,1220.2,1222.5614013671875,1197.427001953125,1206.3201904296875,1212.4010009765625,1217.6063232421875,1222.5614013671875,1227.3994140625,1232.5308837890625,1238.431884765625,1247.4483642578125
2018-12-03,2018-11-26,1233.9,1220.55126953125,1195.905517578125,1204.7049560546875,1210.5941162109375,1215.679443359375,1220.55126953125,1225.2740478515625,1230.1722412109375,1235.9193115234375,1244.6629638671875
2018-12-04,2018-11-27,1241.1,1208.7684326171875,1181.6839599609375,1191.2706298828125,1197.750244140625,1203.369873046875,1208.7684326171875,1213.6466064453125,1218.904052734375,1225.0804443359375,1234.058349609375
2018-12-06,2018-11-28,1238.1,1221.1126708984375,1194.3436279296875,1203.7996826171875,1210.22412109375,1215.76220703125,1221.1126708984375,1226.0438232421875,1231.4244384765625,1237.6285400390625,1246.7860107421875
2018-12-07,2018-11-29,1246.8,1224.9091796875,1199.27392578125,1208.37890625,1214.611328125,1219.901611328125,1224.9091796875,1229.632568359375,1234.676513671875,1240.6328125,1249.479248046875
2018-12-10,2018-11-30,1243.7,1220.147216796875,1196.21533203125,1204.6539306640625,1210.5245361328125,1215.5032958984375,1220.147216796875,1224.4600830078125,1229.1898193359375,1234.909423828125,1243.0545654296875
2018-12-11,2018-12-03,1241.9,1235.5042724609375,1209.4462890625,1218.7049560546875,1225.0242919921875,1230.4666748046875,1235.5042724609375,1240.2882080078125,1245.3621826171875,1251.442138671875,1260.123779296875
2018-12-12,2018-12-04,1244.4,1243.5726318359375,1217.0028076171875,1226.462158203125,1232.8450927734375,1238.39990234375,1243.5726318359375,1248.5565185546875,1253.7027587890625,1260.0050048828125,1269.04150390625
2018-12-13,2018-12-06,1242.7,1238.3863525390625,1211.9853515625,1221.51708984375,1227.7896728515625,1233.23095703125,1238.3863525390625,1243.2056884765625,1248.253173828125,1254.2955322265625,1262.9208984375
2018-12-14,2018-12-07,1237.0,1247.48828125,1221.655029296875,1230.8275146484375,1237.0025634765625,1242.3857421875,1247.48828125,1252.358642578125,1257.255615234375,1263.2161865234375,1271.694091796875
2018-12-17,2018-12-10,1247.4,1244.3863525390625,1218.0521240234375,1227.5091552734375,1233.8336181640625,1239.2095947265625,1244.3863525390625,1249.1494140625,1254.1065673828125,1260.058837890625,1268.1727294921875
2018-12-18,2018-12-11,1249.2,1241.19970703125,1215.4830322265625,1224.7073974609375,1230.895263671875,1236.0797119140625,1241.19970703125,1245.84912109375,1250.660400390625,1256.432373046875,1264.2032470703125
2018-12-19,2018-12-12,1252.1,1243.3935546875,1218.18896484375,1227.1854248046875,1233.2864990234375,1238.4002685546875,1243.3935546875,1248.0234375,1252.7322998046875,1258.544921875,1266.400146484375
2018-12-20,2018-12-13,1263.6,1241.5323486328125,1217.0535888671875,1225.803466796875,1231.7186279296875,1236.74365234375,1241.5323486328125,1246.0921630859375,1250.621337890625,1256.253173828125,1263.80224609375
2018-12-21,2018-12-14,1253.8,1234.1387939453125,1208.68115234375,1217.7540283203125,1223.843017578125,1229.0177001953125,1234.1387939453125,1238.9359130859375,1243.8629150390625,1249.8140869140625,1257.78564453125
2018-12-24,2018-12-17,1267.5,1246.8262939453125,1220.868896484375,1230.107421875,1236.33349609375,1241.621337890625,1246.8262939453125,1251.7962646484375,1256.82177734375,1262.8333740234375,1271.153076171875
2018-12-26,2018-12-18,1269.2,1250.0526123046875,1224.6702880859375,1233.7540283203125,1239.9041748046875,1245.109619140625,1250.0526123046875,1254.93212890625,1259.7041015625,1265.5682373046875,1273.65234375
2018-12-27,2018-12-19,1277.3,1254.6488037109375,1229.28515625,1238.3682861328125,1244.4588623046875,1249.754150390625,1254.6488037109375,1259.4752197265625,1264.0416259765625,1269.8140869140625,1277.6737060546875
2018-12-28,2018-12-20,1279.9,1266.974609375,1240.3187255859375,1249.8548583984375,1256.1719970703125,1261.781005859375,1266.974609375,1272.2471923828125,1277.2774658203125,1283.5321044921875,1292.1917724609375
2018-12-31,2018-12-21,1278.3,1254.566650390625,1228.1661376953125,1237.533935546875,1243.85107421875,1249.3319091796875,1254.566650390625,1259.62744140625,1264.6632080078125,1270.743408203125,1278.9532470703125
2019-01-02,2018-12-24,1281.0,1269.412353515625,1242.9512939453125,1252.2889404296875,1258.678955078125,1264.16845703125,1269.412353515625,1274.703369140625,1279.7333984375,1286.0225830078125,1294.5257568359375
2019-01-03,2018-12-26,1291.8,1270.2666015625,1244.792724609375,1253.8009033203125,1259.956787109375,1265.2779541015625,1270.2666015625,1275.3756103515625,1280.150390625,1286.2247314453125,1294.3485107421875
2019-01-04,2018-12-27,1282.7,1279.8515625,1254.3638916015625,1263.410400390625,1269.5703125,1274.860107421875,1279.8515625,1284.943115234375,1289.78076171875,1295.9049072265625,1304.16552734375
2019-01-07,2018-12-28,1286.8,1281.797607421875,1256.4384765625,1265.4573974609375,1271.6231689453125,1276.856201171875,1281.797607421875,1286.9298095703125,1291.7862548828125,1297.6790771484375,1305.74462890625
2019-01-08,2018-12-31,1283.2,1281.0970458984375,1256.4788818359375,1265.1297607421875,1271.18408203125,1276.2611083984375,1281.0970458984375,1286.14794921875,1290.8759765625,1296.6978759765625,1304.381591796875
2019-01-09,2019-01-02,1289.3,1283.4730224609375,1259.0740966796875,1267.8280029296875,1273.799560546875,1278.7860107421875,1283.4730224609375,1288.3961181640625,1292.9310302734375,1298.644287109375,1306.1571044921875
2019-01-10,2019-01-03,1284.7,1295.455322265625,1270.7138671875,1279.699462890625,1285.7547607421875,1290.7757568359375,1295.455322265625,1300.4732666015625,1305.0955810546875,1311.115478515625,1319.0992431640625
2019-01-11,2019-01-04,1287.1,1285.061767578125,1260.3016357421875,1269.2779541015625,1275.394775390625,1280.31103515625,1285.061767578125,1289.918212890625,1294.3023681640625,1299.983154296875,1307.369873046875
2019-01-14,2019-01-07,1289.1,1287.909423828125,1263.1041259765625,1271.908203125,1278.01318359375,1283.1107177734375,1287.909423828125,1292.8436279296875,1297.4136962890625,1303.2635498046875,1310.986083984375
2019-01-15,2019-01-08,1286.2,1283.8203125,1259.450927734375,1268.08740234375,1274.1044921875,1279.07470703125,1283.8203125,1288.7742919921875,1293.3297119140625,1299.148193359375,1306.83349609375
2019-01-16,2019-01-09,1291.6,1290.259765625,1265.6197509765625,1274.427978515625,1280.4781494140625,1285.4652099609375,1290.259765625,1295.13623046875,1299.6949462890625,1305.55029296875,1313.2545166015625
2019-01-17,2019-01-10,1291.0,1285.423583984375,1261.7998046875,1270.4091796875,1276.114990234375,1280.8211669921875,1285.423583984375,1290.1768798828125,1294.4661865234375,1300.1893310546875,1307.6871337890625
2019-01-18,2019-01-11,1281.3,1287.8900146484375,1264.2032470703125,1272.629638671875,1278.4500732421875,1283.2596435546875,1287.8900146484375,1292.66650390625,1297.1329345703125,1302.827392578125,1310.6412353515625
2019-01-22,2019-01-14,1282.5,1288.57958984375,1265.3597412109375,1273.796875,1279.4593505859375,1284.136474609375,1288.57958984375,1293.3128662109375,1297.509521484375,1303.1363525390625,1310.785888671875
2019-01-23,2019-01-15,1283.1,1284.7159423828125,1260.9091796875,1269.399169921875,1275.2652587890625,1280.1134033203125,1284.7159423828125,1289.484130859375,1293.8094482421875,1299.491455078125,1307.318359375
2019-01-24,2019-01-16,1279.1,1290.93701171875,1267.473876953125,1275.896240234375,1281.6871337890625,1286.4493408203125,1290.93701171875,1295.7174072265625,1299.864990234375,1305.5723876953125,1313.31103515625
2019-01-25,2019-01-17,1297.4,1291.028564453125,1268.7359619140625,1276.5306396484375,1282.2442626953125,1286.81494140625,1291.028564453125,1295.3658447265625,1298.9266357421875,1304.0535888671875,1311.50634765625
2019-01-28,2019-01-18,1302.4,1278.6175537109375,1252.29541015625,1261.3369140625,1267.64208984375,1272.9290771484375,1278.6175537109375,1282.93505859375,1285.656005859375,1291.2291259765625,1299.3643798828125
2019-01-29,2019-01-22,1308.2,1280.5418701171875,1256.9810791015625,1265.1094970703125,1270.898193359375,1275.7359619140625,1280.5418701171875,1285.1734619140625,1288.7481689453125,1294.185302734375,1301.965576171875
2019-01-30,2019-01-23,1309.9,1281.0159912109375,1258.0582275390625,1266.367919921875,1272.058837890625,1276.6402587890625,1281.0159912109375,1285.6380615234375,1289.4593505859375,1294.7880859375,1302.4361572265625
2019-01-31,2019-01-24,1319.7,1276.9102783203125,1253.861328125,1261.196533203125,1267.0068359375,1272.06591796875,1276.9102783203125,1281.327392578125,1284.6702880859375,1289.72021484375,1297.86474609375
2019-02-01,2019-01-25,1316.9,1295.72265625,1270.4180908203125,1279.3013916015625,1285.8138427734375,1290.9462890625,1295.72265625,1300.829833984375,1305.2095947265625,1311.0264892578125,1319.587158203125
2019-02-04,2019-01-28,1314.3,1302.547119140625,1277.114013671875,1285.96533203125,1292.6015625,1297.7528076171875,1302.547119140625,1307.575927734375,1311.887939453125,1317.6593017578125,1326.4000244140625
2019-02-05,2019-01-29,1314.2,1309.1466064453125,1283.7275390625,1292.545166015625,1299.1475830078125,1304.2523193359375,1309.1466064453125,1314.2510986328125,1318.712158203125,1324.46728515625,1333.48876953125
2019-02-06,2019-01-30,1309.5,1309.994384765625,1284.0767822265625,1293.1612548828125,1299.8551025390625,1305.0369873046875,1309.994384765625,1315.1351318359375,1319.3935546875,1324.958740234375,1333.7105712890625
2019-02-07,2019-01-31,1309.4,1319.6463623046875,1293.8406982421875,1303.197021484375,1309.758544921875,1314.836669921875,1319.6463623046875,1325.0335693359375,1329.7086181640625,1335.65576171875,1344.7938232421875
2019-02-08,2019-02-01,1313.7,1315.9437255859375,1291.406494140625,1300.3109130859375,1306.5606689453125,1311.380615234375,1315.9437255859375,1321.2105712890625,1325.68505859375,1331.40283203125,1339.9957275390625
2019-02-11,2019-02-04,1307.0,1312.40771484375,1288.200439453125,1296.844482421875,1302.90234375,1307.7861328125,1312.40771484375,1317.6790771484375,1322.4737548828125,1328.34765625,1337.1998291015625
2019-02-12,2019-02-05,1309.2,1312.6102294921875,1288.36181640625,1297.199462890625,1303.2669677734375,1308.050537109375,1312.6102294921875,1317.73876953125,1322.2030029296875,1327.7305908203125,1336.2843017578125
2019-02-13,2019-02-06,1310.8,1309.1160888671875,1284.4298095703125,1293.3084716796875,1299.4752197265625,1304.557373046875,1309.1160888671875,1314.1162109375,1318.621337890625,1324.287841796875,1332.950927734375
2019-02-14,2019-02-07,1309.8,1308.560791015625,1283.94091796875,1292.7830810546875,1298.8831787109375,1303.90576171875,1308.560791015625,1313.6683349609375,1318.2408447265625,1324.00048828125,1332.68017578125
2019-02-15,2019-02-08,1318.1,1314.029052734375,1289.3243408203125,1298.21240234375,1304.3719482421875,1309.38232421875,1314.029052734375,1319.10693359375,1323.59375,1329.3236083984375,1337.8353271484375
2019-02-19,2019-02-11,1340.1,1305.6463623046875,1281.301513671875,1289.9112548828125,1296.1673583984375,1301.1285400390625,1305.6463623046875,1310.607177734375,1314.9698486328125,1320.6270751953125,1329.0826416015625
2019-02-20,2019-02-12,1343.3,1308.60986328125,1285.1341552734375,1293.5360107421875,1299.5986328125,1304.3704833984375,1308.60986328125,1313.478271484375,1317.832763671875,1323.38427734375,1331.7769775390625
2019-02-21,2019-02-13,1323.5,1309.6866455078125,1287.4033203125,1295.246337890625,1301.1478271484375,1305.7637939453125,1309.6866455078125,1314.3341064453125,1318.504638671875,1323.7659912109375,1331.83935546875
2019-02-22,2019-02-14,1329.2,1308.7261962890625,1286.9268798828125,1294.798095703125,1300.636474609375,1304.8544921875,1308.7261962890625,1313.333984375,1317.468505859375,1322.548095703125,1330.007568359375
2019-02-25,2019-02-15,1325.9,1318.0426025390625,1295.561279296875,1303.7255859375,1309.436279296875,1313.91845703125,1318.0426025390625,1322.8822021484375,1327.3275146484375,1332.8265380859375,1340.9915771484375
2019-02-26,2019-02-19,1325.1,1341.0498046875,1315.9176025390625,1324.9898681640625,1331.3375244140625,1336.4371337890625,1341.0498046875,1346.5052490234375,1351.3509521484375,1357.5657958984375,1366.6240234375
2019-02-27,2019-02-20,1317.7,1345.4454345703125,1319.0279541015625,1328.68017578125,1335.4473876953125,1340.669921875,1345.4454345703125,1351.0701904296875,1355.968994140625,1362.32470703125,1371.6502685546875
2019-02-28,2019-02-21,1312.8,1322.53125,1296.764892578125,1306.165283203125,1312.546875,1317.684814453125,1322.53125,1327.9376220703125,1333.028564453125,1339.1590576171875,1348.273193359375
2019-03-01,2019-02-22,1296.4,1327.21435546875,1301.6641845703125,1311.045654296875,1317.296875,1322.3216552734375,1327.21435546875,1332.5667724609375,1337.50146484375,1343.61279296875,1352.7769775390625
2019-03-04,2019-02-25,1284.8,1324.5045166015625,1299.8389892578125,1309.05712890625,1315.14990234375,1319.968017578125,1324.5045166015625,1329.6175537109375,1334.4295654296875,1340.2431640625,1348.9366455078125
2019-03-05,2019-02-26,1282.0,1324.60400390625,1300.711669921875,1309.5218505859375,1315.5211181640625,1320.263916015625,1324.60400390625,1329.64599609375,1334.39013671875,1340.0970458984375,1348.40771484375
2019-03-06,2019-02-27,1284.9,1317.8851318359375,1293.7923583984375,1302.77490234375,1308.59423828125,1313.4005126953125,1317.8851318359375,1322.7305908203125,1327.4095458984375,1333.283203125,1341.9378662109375
2019-03-07,2019-02-28,1283.8,1313.0286865234375,1288.5360107421875,1297.4884033203125,1303.4517822265625,1308.404541015625,1313.0286865234375,1318.000244140625,1322.72119140625,1328.69775390625,1337.6214599609375
2019-03-08,2019-03-01,1297.0,1296.694091796875,1270.4278564453125,1280.1304931640625,1286.5994873046875,1291.929931640625,1296.694091796875,1301.980712890625,1307.295654296875,1313.575927734375,1322.939453125
2019-03-11,2019-03-04,1288.8,1283.6976318359375,1256.132568359375,1266.3629150390625,1273.0340576171875,1278.6937255859375,1283.6976318359375,1289.245361328125,1294.9993896484375,1301.77197265625,1311.8385009765625
2019-03-12,2019-03-05,1296.3,1278.895751953125,1251.745361328125,1261.8824462890625,1268.483642578125,1273.93701171875,1278.895751953125,1284.2457275390625,1289.8603515625,1296.4783935546875,1306.3812255859375
2019-03-13,2019-03-06,1307.5,1283.66015625,1258.3890380859375,1267.666748046875,1273.927734375,1279.0108642578125,1283.66015625,1288.68408203125,1294.024658203125,1300.3548583984375,1309.9527587890625
2019-03-14,2019-03-07,1293.4,1283.2506103515625,1259.0244140625,1267.78125,1273.880126953125,1278.9332275390625,1283.2506103515625,1288.162841796875,1293.19384765625,1299.3753662109375,1309.083251953125
2019-03-15,2019-03-08,1301.8,1297.536376953125,1272.2542724609375,1281.551513671875,1287.785888671875,1293.088134765625,1297.536376953125,1302.5618896484375,1307.697509765625,1313.99267578125,1323.8568115234375
2019-03-18,2019-03-11,1300.3,1288.191162109375,1262.9171142578125,1272.2760009765625,1278.4921875,1283.673583984375,1288.191162109375,1293.080322265625,1297.9019775390625,1304.0921630859375,1313.588623046875
2019-03-19,2019-03-12,1305.0,1296.368408203125,1273.015625,1281.33984375,1287.2685546875,1292.2333984375,1296.368408203125,1301.1053466796875,1305.9476318359375,1311.9368896484375,1321.4114990234375
2019-03-20,2019-03-13,1300.5,1307.9014892578125,1283.8470458984375,1292.353515625,1298.4722900390625,1303.565185546875,1307.9014892578125,1312.8399658203125,1317.7567138671875,1323.7384033203125,1332.8853759765625
2019-03-21,2019-03-14,1306.1,1294.0213623046875,1269.334228515625,1278.1009521484375,1284.2608642578125,1289.4365234375,1294.0213623046875,1298.979736328125,1304.0589599609375,1310.1773681640625,1319.43359375
2019-03-22,2019-03-15,1311.6,1300.5006103515625,1277.369873046875,1285.6412353515625,1291.3807373046875,1296.2127685546875,1300.5006103515625,1305.2191162109375,1309.963623046875,1315.8043212890625,1324.6728515625
2019-03-25,2019-03-18,1321.9,1301.0406494140625,1277.7584228515625,1286.170166015625,1291.962158203125,1296.7430419921875,1301.0406494140625,1305.8177490234375,1310.498046875,1316.4063720703125,1325.4793701171875
2019-03-26,2019-03-19,1314.3,1305.8839111328125,1282.866943359375,1291.1236572265625,1296.7918701171875,1301.6107177734375,1305.8839111328125,1310.630615234375,1315.4041748046875,1321.2667236328125,1330.20556640625
2019-03-27,2019-03-20,1309.9,1301.5966796875,1278.2255859375,1286.6551513671875,1292.393798828125,1297.293701171875,1301.5966796875,1306.35693359375,1311.1466064453125,1317.1259765625,1326.1160888671875
2019-03-28,2019-03-21,1289.8,1306.43701171875,1282.638916015625,1291.0792236328125,1296.91845703125,1301.8739013671875,1306.43701171875,1311.3726806640625,1316.274169921875,1322.3402099609375,1331.48291015625
2019-03-29,2019-03-22,1293.0,1312.982421875,1289.0638427734375,1297.618408203125,1303.453857421875,1308.496826171875,1312.982421875,1317.7686767578125,1322.497314453125,1328.3551025390625,1337.2410888671875
2019-04-01,2019-03-25,1288.4,1323.683837890625,1298.8187255859375,1307.7559814453125,1313.7850341796875,1319.0137939453125,1323.683837890625,1328.8773193359375,1333.9632568359375,1340.217041015625,1349.65380859375
2019-04-02,2019-03-26,1290.0,1315.9656982421875,1290.980712890625,1299.97607421875,1306.071533203125,1311.22314453125,1315.9656982421875,1321.167236328125,1326.3546142578125,1332.5611572265625,1341.9549560546875
2019-04-03,2019-03-27,1289.9,1311.10302734375,1286.604248046875,1295.34033203125,1301.3963623046875,1306.44482421875,1311.10302734375,1316.0377197265625,1321.015380859375,1326.9481201171875,1335.969970703125
2019-04-04,2019-03-28,1289.0,1289.3565673828125,1263.165283203125,1272.485595703125,1278.957275390625,1284.2667236328125,1289.3565673828125,1294.6036376953125,1299.856689453125,1306.0380859375,1315.6092529296875
2019-04-05,2019-03-29,1290.4,1292.2529296875,1268.0250244140625,1276.5753173828125,1282.603271484375,1287.61767578125,1292.2529296875,1297.1793212890625,1302.0396728515625,1307.8902587890625,1316.85693359375
2019-04-08,2019-04-01,1297.1,1286.8575439453125,1263.06298828125,1271.325927734375,1277.3387451171875,1282.2674560546875,1286.8575439453125,1291.586669921875,1296.4119873046875,1302.147216796875,1311.0833740234375
2019-04-09,2019-04-02,1303.5,1290.60400390625,1268.078369140625,1275.8134765625,1281.4906005859375,1286.1329345703125,1290.60400390625,1295.189208984375,1299.8116455078125,1305.58935546875,1314.5369873046875
2019-04-10,2019-04-03,1309.1,1291.80224609375,1268.344482421875,1276.5849609375,1282.4346923828125,1287.3499755859375,1291.80224609375,1296.6328125,1301.3255615234375,1307.216796875,1316.06396484375
2019-04-11,2019-04-04,1288.6,1290.481201171875,1267.8848876953125,1275.7432861328125,1281.3699951171875,1286.1627197265625,1290.481201171875,1295.0645751953125,1299.527099609375,1305.1822509765625,1313.643310546875
2019-04-12,2019-04-05,1290.6,1292.23583984375,1270.2010498046875,1277.620361328125,1283.2093505859375,1287.985107421875,1292.23583984375,1296.6907958984375,1301.0806884765625,1306.825439453125,1315.3878173828125
2019-04-15,2019-04-08,1286.8,1297.83984375,1274.8448486328125,1282.83544921875,1288.571533203125,1293.4569091796875,1297.83984375,1302.4317626953125,1306.9814453125,1312.8411865234375,1321.4320068359375
2019-04-16,2019-04-09,1272.6,1303.9541015625,1280.423583984375,1288.358642578125,1294.317138671875,1299.350830078125,1303.9541015625,1308.701904296875,1313.4415283203125,1319.45556640625,1328.441650390625
2019-04-17,2019-04-10,1272.2,1310.0513916015625,1286.520751953125,1294.570556640625,1300.5189208984375,1305.535400390625,1310.0513916015625,1314.6854248046875,1319.495361328125,1325.5570068359375,1334.4068603515625
2019-04-18,2019-04-11,1271.9,1287.6834716796875,1264.26220703125,1272.347412109375,1278.1005859375,1283.10205078125,1287.6834716796875,1292.2105712890625,1296.9898681640625,1302.999267578125,1311.716552734375
2019-04-22,2019-04-12,1273.5,1290.2413330078125,1268.49462890625,1275.8868408203125,1281.236328125,1286.0057373046875,1290.2413330078125,1294.4697265625,1299.091552734375,1304.9727783203125,1313.557373046875
2019-04-23,2019-04-15,1269.3,1287.369384765625,1265.877685546875,1273.0753173828125,1278.45166015625,1283.1156005859375,1287.369384765625,1291.5400390625,1296.0872802734375,1301.9305419921875,1310.3717041015625
2019-04-24,2019-04-16,1275.5,1273.7354736328125,1249.26806640625,1257.7667236328125,1263.7431640625,1269.0010986328125,1273.7354736328125,1278.30810546875,1283.1416015625,1289.0267333984375,1297.606689453125
2019-04-25,2019-04-17,1275.8,1272.4840087890625,1248.7587890625,1257.002197265625,1262.7943115234375,1267.9544677734375,1272.4840087890625,1276.9642333984375,1281.857666015625,1287.718505859375,1296.4007568359375
2019-04-26,2019-04-18,1284.9,1271.914794921875,1248.88330078125,1256.75439453125,1262.409423828125,1267.4423828125,1271.914794921875,1276.29638671875,1281.1617431640625,1287.0260009765625,1295.7447509765625
2019-04-29,2019-04-22,1278.6,1274.76513671875,1252.8419189453125,1260.2537841796875,1265.6947021484375,1270.5321044921875,1274.76513671875,1278.9481201171875,1283.646484375,1289.427734375,1298.1260986328125
2019-04-30,2019-04-23,1282.8,1271.668701171875,1249.669677734375,1256.9403076171875,1262.482421875,1267.44140625,1271.668701171875,1276.0328369140625,1280.675048828125,1286.56982421875,1295.52734375
2019-05-01,2019-04-24,1281.4,1276.989501953125,1254.6871337890625,1262.1458740234375,1267.7623291015625,1272.74951171875,1276.989501953125,1281.278564453125,1285.99072265625,1291.9520263671875,1300.8077392578125
2019-05-02,2019-04-25,1269.7,1276.7757568359375,1254.68212890625,1262.108154296875,1267.66455078125,1272.566650390625,1276.7757568359375,1280.837646484375,1285.3448486328125,1290.96875,1299.2969970703125
2019-05-03,2019-04-26,1279.2,1284.8221435546875,1262.5286865234375,1269.9476318359375,1275.5406494140625,1280.54541015625,1284.8221435546875,1289.086669921875,1293.7528076171875,1299.6824951171875,1308.3646240234375
2019-05-06,2019-04-29,1281.7,1277.9857177734375,1255.8797607421875,1263.3912353515625,1268.811767578125,1273.655029296875,1277.9857177734375,1282.108642578125,1286.542236328125,1292.212646484375,1300.4495849609375
2019-05-07,2019-04-30,1283.5,1282.221435546875,1259.1474609375,1267.026123046875,1272.7542724609375,1277.84033203125,1282.221435546875,1286.531982421875,1291.1380615234375,1296.8707275390625,1305.2408447265625
2019-05-08,2019-05-01,1279.4,1280.0697021484375,1259.339111328125,1266.31591796875,1271.4051513671875,1276.0301513671875,1280.0697021484375,1283.90966796875,1288.1641845703125,1293.61279296875,1301.459228515625
2019-05-09,2019-05-02,1283.5,1268.539794921875,1246.069580078125,1253.6575927734375,1259.1260986328125,1264.0947265625,1268.539794921875,1272.735107421875,1277.269775390625,1283.0023193359375,1291.213623046875
2019-05-10,2019-05-03,1285.7,1278.8018798828125,1256.429931640625,1263.94970703125,1269.4697265625,1274.4287109375,1278.8018798828125,1283.02490234375,1287.52099609375,1293.08251953125,1301.1064453125
2019-05-13,2019-05-06,1300.1,1282.01513671875,1260.0345458984375,1267.61328125,1273.0328369140625,1277.84912109375,1282.01513671875,1286.190673828125,1290.68212890625,1296.1307373046875,1303.935302734375
2019-05-14,2019-05-07,1294.7,1284.7117919921875,1261.6319580078125,1269.63427734375,1275.37744140625,1280.33935546875,1284.7117919921875,1289.1065673828125,1293.693359375,1299.16259765625,1307.102783203125
2019-05-15,2019-05-08,1296.3,1281.91455078125,1259.431396484375,1267.4093017578125,1272.8941650390625,1277.751953125,1281.91455078125,1286.10595703125,1290.4998779296875,1295.7618408203125,1303.494140625
2019-05-16,2019-05-09,1285.0,1285.845947265625,1263.21044921875,1271.15185546875,1276.736572265625,1281.6317138671875,1285.845947265625,1290.1683349609375,1294.6268310546875,1300.0438232421875,1308.052734375
2019-05-17,2019-05-10,1274.5,1286.6046142578125,1263.675537109375,1271.752685546875,1277.41943359375,1282.35986328125,1286.6046142578125,1290.8953857421875,1295.2977294921875,1300.665771484375,1308.478759765625
2019-05-20,2019-05-13,1276.1,1299.9649658203125,1275.774169921875,1284.1536865234375,1290.14892578125,1295.3966064453125,1299.9649658203125,1304.7720947265625,1309.568359375,1315.428955078125,1323.970458984375
2019-05-21,2019-05-14,1272.0,1292.7562255859375,1269.245361328125,1277.6129150390625,1283.3822021484375,1288.3590087890625,1292.7562255859375,1297.240966796875,1301.666259765625,1307.008544921875,1315.054931640625
2019-05-22,2019-05-15,1273.6,1294.34375,1272.3057861328125,1279.9078369140625,1285.4908447265625,1290.2135009765625,1294.34375,1298.58642578125,1302.8587646484375,1307.9857177734375,1315.7059326171875
2019-05-23,2019-05-16,1284.8,1282.8607177734375,1260.7734375,1268.30615234375,1273.8154296875,1278.6475830078125,1282.8607177734375,1287.100341796875,1291.44384765625,1296.6094970703125,1304.4271240234375
2019-05-24,2019-05-17,1283.0,1272.9072265625,1250.52978515625,1257.925537109375,1263.4857177734375,1268.3076171875,1272.9072265625,1277.3680419921875,1281.966796875,1287.2059326171875,1295.529052734375
2019-05-28,2019-05-20,1276.5,1275.8946533203125,1252.0399169921875,1260.3023681640625,1266.24755859375,1271.3253173828125,1275.8946533203125,1280.3958740234375,1284.9713134765625,1290.4119873046875,1298.324951171875
2019-05-29,2019-05-21,1280.6,1273.0750732421875,1249.5135498046875,1257.62890625,1263.530517578125,1268.4737548828125,1273.0750732421875,1277.4947509765625,1282.01220703125,1287.388671875,1295.208984375
2019-05-30,2019-05-22,1287.1,1275.36865234375,1253.1702880859375,1260.5032958984375,1266.128662109375,1270.8245849609375,1275.36865234375,1279.559326171875,1283.906005859375,1289.204345703125,1297.2725830078125
2019-05-31,2019-05-23,1305.8,1286.60302734375,1263.1107177734375,1271.075439453125,1276.9962158203125,1281.963134765625,1286.60302734375,1291.028076171875,1295.573486328125,1301.0423583984375,1309.02880859375
2019-06-03,2019-05-24,1322.7,1283.3701171875,1261.2762451171875,1268.6412353515625,1274.2041015625,1278.8353271484375,1283.3701171875,1287.454345703125,1291.824951171875,1297.1207275390625,1304.8375244140625
2019-06-04,2019-05-28,1323.4,1276.4390869140625,1254.6341552734375,1261.8673095703125,1267.29052734375,1271.9666748046875,1276.4390869140625,1280.3775634765625,1284.7479248046875,1290.011962890625,1297.5460205078125
2019-06-05,2019-05-29,1328.3,1279.8956298828125,1259.1829833984375,1265.9744873046875,1271.1063232421875,1275.613525390625,1279.8956298828125,1283.8106689453125,1288.154052734375,1293.233642578125,1300.65478515625
2019-06-06,2019-05-30,1337.6,1285.134033203125,1264.96240234375,1271.6290283203125,1276.593505859375,1280.8841552734375,1285.134033203125,1289.0545654296875,1293.476806640625,1298.6898193359375,1306.2354736328125
2019-06-07,2019-05-31,1341.2,1302.0853271484375,1278.533203125,1286.34765625,1292.06298828125,1297.0870361328125,1302.0853271484375,1306.7662353515625,1311.869384765625,1317.8414306640625,1326.7926025390625
2019-06-10,2019-06-03,1324.7,1320.0093994140625,1293.4547119140625,1302.701171875,1308.981201171875,1314.521240234375,1320.0093994140625,1325.3292236328125,1330.8797607421875,1337.2962646484375,1347.0982666015625
2019-06-11,2019-06-04,1326.4,1321.642578125,1296.0045166015625,1305.0888671875,1311.051513671875,1316.321044921875,1321.642578125,1326.7232666015625,1331.9073486328125,1337.681396484375,1346.358154296875
2019-06-12,2019-06-05,1331.9,1328.4581298828125,1303.307373046875,1312.1741943359375,1317.925048828125,1323.086181640625,1328.4581298828125,1333.439208984375,1338.650390625,1344.48681640625,1353.490478515625
2019-06-13,2019-06-06,1339.2,1340.103271484375,1312.84033203125,1322.269287109375,1328.717041015625,1334.2781982421875,1340.103271484375,1345.5128173828125,1351.026611328125,1357.427001953125,1367.75927734375
2019-06-14,2019-06-07,1340.1,1343.804443359375,1317.4085693359375,1326.6705322265625,1333.10693359375,1338.3604736328125,1343.804443359375,1348.829345703125,1353.680908203125,1359.54541015625,1368.759521484375
2019-06-17,2019-06-10,1338.7,1322.7437744140625,1296.7850341796875,1306.1068115234375,1312.1976318359375,1317.324951171875,1322.7437744140625,1327.6641845703125,1332.6436767578125,1338.484130859375,1347.228515625
2019-06-18,2019-06-11,1346.6,1326.056640625,1301.9073486328125,1310.5042724609375,1316.147216796875,1320.970458984375,1326.056640625,1330.7012939453125,1335.5150146484375,1341.1380615234375,1349.554931640625
2019-06-19,2019-06-12,1344.6,1333.9388427734375,1309.46533203125,1318.2454833984375,1323.9974365234375,1328.854248046875,1333.9388427734375,1338.8851318359375,1343.690673828125,1349.4954833984375,1358.3328857421875
2019-06-20,2019-06-13,1392.9,1342.1234130859375,1317.413818359375,1326.2388916015625,1332.00439453125,1336.9176025390625,1342.1234130859375,1347.387451171875,1352.29638671875,1358.27880859375,1367.624267578125
2019-06-21,2019-06-14,1396.2,1340.8856201171875,1315.9444580078125,1324.938720703125,1330.72607421875,1335.765625,1340.8856201171875,1346.18310546875,1350.8802490234375,1356.7706298828125,1365.4566650390625
2019-06-24,2019-06-17,1414.3,1337.6973876953125,1313.3948974609375,1322.3023681640625,1328.087890625,1332.7861328125,1337.6973876953125,1342.428466796875,1346.804931640625,1352.3636474609375,1360.6685791015625
2019-06-25,2019-06-18,1414.9,1346.73388671875,1322.0648193359375,1331.1566162109375,1336.9898681640625,1341.876708984375,1346.73388671875,1351.6207275390625,1356.0576171875,1361.719482421875,1370.2584228515625
2019-06-26,2019-06-19,1411.6,1343.3941650390625,1319.4471435546875,1328.35888671875,1333.870849609375,1338.582763671875,1343.3941650390625,1348.2132568359375,1352.615234375,1358.072265625,1366.298828125
2019-06-27,2019-06-20,1408.4,1380.4967041015625,1345.5382080078125,1357.5308837890625,1365.936279296875,1373.0133056640625,1380.4967041015625,1388.7080078125,1395.929931640625,1405.48828125,1422.0220947265625
2019-06-28,2019-06-21,1409.7,1389.2825927734375,1355.311279296875,1367.162353515625,1375.41748046875,1382.1273193359375,1389.2825927734375,1396.670654296875,1403.455322265625,1411.9088134765625,1426.2198486328125
2019-07-01,2019-06-24,1385.6,1413.296142578125,1375.864501953125,1388.70263671875,1397.89208984375,1405.591796875,1413.296142578125,1421.806640625,1429.783447265625,1439.786865234375,1457.4200439453125
2019-07-02,2019-06-25,1404.6,1414.485107421875,1378.518310546875,1390.8563232421875,1399.8055419921875,1407.1663818359375,1414.485107421875,1422.170654296875,1430.1318359375,1439.2869873046875,1454.8341064453125
2019-07-03,2019-06-26,1417.7,1407.7752685546875,1372.0355224609375,1384.4302978515625,1393.5540771484375,1400.6932373046875,1407.7752685546875,1415.17138671875,1422.4716796875,1431.091552734375,1445.61328125
2019-07-05,2019-06-27,1396.7,1403.639892578125,1370.09716796875,1381.915283203125,1390.3270263671875,1396.9639892578125,1403.639892578125,1410.11328125,1416.816162109375,1424.4263916015625,1437.114990234375
2019-07-08,2019-06-28,1397.0,1406.65869140625,1375.337646484375,1386.5015869140625,1394.6905517578125,1400.6466064453125,1406.65869140625,1412.86376953125,1418.9110107421875,1426.032470703125,1437.165283203125
2019-07-09,2019-07-01,1397.5,1377.2763671875,1344.0245361328125,1355.305419921875,1363.849609375,1370.4127197265625,1377.2763671875,1383.879638671875,1390.7545166015625,1398.9716796875,1413.01416015625
2019-07-10,2019-07-02,1410.1,1398.792724609375,1364.5556640625,1376.3331298828125,1385.2220458984375,1392.177001953125,1398.792724609375,1405.704345703125,1412.400390625,1420.9925537109375,1435.2054443359375
2019-07-11,2019-07-03,1404.3,1411.358642578125,1374.55908203125,1387.32177734375,1396.7230224609375,1404.2293701171875,1411.358642578125,1418.638671875,1425.7161865234375,1434.9359130859375,1450.700439453125
2019-07-12,2019-07-05,1409.9,1387.864501953125,1353.043212890625,1364.8333740234375,1373.957275390625,1380.9263916015625,1387.864501953125,1395.2222900390625,1402.171142578125,1410.891357421875,1425.2030029296875
2019-07-15,2019-07-08,1411.4,1390.265380859375,1356.4285888671875,1367.7919921875,1376.9136962890625,1383.629638671875,1390.265380859375,1397.4051513671875,1404.398193359375,1412.6322021484375,1426.3040771484375
2019-07-16,2019-07-09,1409.2,1391.957275390625,1358.8310546875,1370.010498046875,1378.8294677734375,1385.40380859375,1391.957275390625,1399.1202392578125,1406.0987548828125,1414.040283203125,1427.0582275390625
2019-07-17,2019-07-10,1421.3,1403.43310546875,1369.9915771484375,1381.0386962890625,1390.0203857421875,1396.8988037109375,1403.43310546875,1410.34716796875,1417.47607421875,1425.720458984375,1440.1055908203125
2019-07-18,2019-07-11,1426.1,1401.1168212890625,1368.920654296875,1379.82763671875,1388.023681640625,1394.7242431640625,1401.1168212890625,1407.25634765625,1413.9833984375,1421.9747314453125,1436.0804443359375
2019-07-19,2019-07-12,1425.1,1405.7352294921875,1374.68408203125,1385.0247802734375,1393.1766357421875,1399.5753173828125,1405.7352294921875,1412.001220703125,1418.640380859375,1425.9591064453125,1438.9202880859375
2019-07-22,2019-07-15,1425.3,1408.8172607421875,1377.6209716796875,1388.364990234375,1396.39404296875,1402.6343994140625,1408.8172607421875,1415.2332763671875,1422.0009765625,1429.24853515625,1442.1668701171875
2019-07-23,2019-07-16,1420.1,1407.92138671875,1375.8197021484375,1387.277587890625,1395.222412109375,1401.720947265625,1407.92138671875,1414.2099609375,1421.202880859375,1428.807373046875,1442.2200927734375
2019-07-24,2019-07-17,1422.8,1417.4002685546875,1383.284912109375,1394.96630859375,1403.742919921875,1410.708984375,1417.4002685546875,1424.37890625,1431.22900390625,1439.1204833984375,1452.769287109375
2019-07-25,2019-07-18,1413.9,1426.9635009765625,1393.835693359375,1405.433349609375,1413.8916015625,1420.5699462890625,1426.9635009765625,1434.3453369140625,1441.14208984375,1448.991943359375,1462.760498046875
2019-07-26,2019-07-19,1418.5,1426.402587890625,1392.814697265625,1404.876220703125,1413.3751220703125,1420.5667724609375,1426.402587890625,1433.4937744140625,1440.517578125,1448.341796875,1461.6734619140625
2019-07-29,2019-07-22,1419.6,1425.0858154296875,1391.8072509765625,1403.319580078125,1411.7882080078125,1418.707275390625,1425.0858154296875,1431.608154296875,1438.2662353515625,1445.66845703125,1458.7103271484375
2019-07-30,2019-07-23,1429.7,1418.7646484375,1385.7353515625,1396.90478515625,1405.3507080078125,1412.1961669921875,1418.7646484375,1425.417236328125,1432.898193359375,1440.81689453125,1455.0654296875
2019-07-31,2019-07-24,1426.1,1419.923828125,1386.62353515625,1398.1903076171875,1406.4041748046875,1413.5594482421875,1419.923828125,1426.0159912109375,1433.2828369140625,1441.0,1454.2391357421875
2019-08-01,2019-07-25,1420.9,1411.3319091796875,1377.496337890625,1389.2794189453125,1397.589599609375,1404.810302734375,1411.3319091796875,1417.8953857421875,1424.974365234375,1432.908935546875,1446.5447998046875
2019-08-02,2019-07-26,1445.6,1416.86962890625,1384.577392578125,1395.8184814453125,1403.8936767578125,1410.61083984375,1416.86962890625,1423.41455078125,1430.876953125,1439.3922119140625,1454.220947265625
2019-08-05,2019-07-29,1464.6,1416.0323486328125,1385.75341796875,1396.2911376953125,1403.7921142578125,1410.1964111328125,1416.0323486328125,1421.4840087890625,1428.8592529296875,1435.8551025390625,1447.921630859375
2019-08-06,2019-07-30,1472.4,1426.74609375,1396.72900390625,1407.6954345703125,1414.9066162109375,1421.0244140625,1426.74609375,1432.884765625,1439.5889892578125,1447.1334228515625,1459.79541015625
2019-08-07,2019-07-31,1507.3,1424.2677001953125,1394.5518798828125,1405.152099609375,1412.575927734375,1418.3843994140625,1424.2677001953125,1431.13916015625,1438.1619873046875,1445.7750244140625,1458.63720703125
2019-08-08,2019-08-01,1497.7,1418.7314453125,1386.5892333984375,1398.5064697265625,1406.46875,1412.5821533203125,1418.7314453125,1424.4832763671875,1431.9599609375,1438.6712646484375,1450.4986572265625
2019-08-09,2019-08-02,1496.6,1442.1898193359375,1409.548583984375,1421.185546875,1429.306640625,1435.76611328125,1442.1898193359375,1449.557373046875,1456.939697265625,1465.3426513671875,1480.8990478515625
2019-08-12,2019-08-05,1505.3,1463.7406005859375,1431.36962890625,1442.478271484375,1450.783447265625,1457.4971923828125,1463.7406005859375,1472.175537109375,1480.1129150390625,1489.4537353515625,1506.828125
2019-08-13,2019-08-06,1502.2,1471.82421875,1435.612060546875,1448.1544189453125,1457.421142578125,1464.7181396484375,1471.82421875,1481.0142822265625,1489.4263916015625,1499.2349853515625,1518.15576171875
2019-08-14,2019-08-07,1515.9,1505.561279296875,1457.660888671875,1473.6104736328125,1485.430908203125,1495.5394287109375,1505.561279296875,1517.81103515625,1529.255615234375,1542.5750732421875,1570.3887939453125
2019-08-15,2019-08-08,1519.6,1489.4383544921875,1445.368408203125,1460.6334228515625,1471.4815673828125,1479.96533203125,1489.4383544921875,1500.4483642578125,1511.0467529296875,1522.958984375,1547.1708984375
2019-08-16,2019-08-09,1512.5,1493.52392578125,1455.260498046875,1468.2237548828125,1477.737060546875,1485.330078125,1493.52392578125,1503.5771484375,1513.493408203125,1524.2891845703125,1545.9302978515625
2019-08-19,2019-08-12,1500.4,1505.2110595703125,1467.223876953125,1480.3062744140625,1489.596923828125,1497.4686279296875,1505.2110595703125,1514.927490234375,1524.488525390625,1535.341064453125,1556.005859375
2019-08-20,2019-08-13,1504.6,1502.189453125,1466.2376708984375,1478.342529296875,1487.02392578125,1494.7177734375,1502.189453125,1510.707763671875,1519.663818359375,1530.400390625,1549.45068359375
2019-08-21,2019-08-14,1504.6,1519.42138671875,1483.6485595703125,1495.662841796875,1504.4071044921875,1512.0650634765625,1519.42138671875,1528.50048828125,1538.0137939453125,1548.677734375,1567.7947998046875
2019-08-22,2019-08-15,1497.3,1522.5338134765625,1483.201416015625,1496.796630859375,1506.1070556640625,1514.6890869140625,1522.5338134765625,1531.2896728515625,1541.2877197265625,1552.5556640625,1573.4700927734375
2019-08-23,2019-08-16,1526.6,1511.67529296875,1471.429443359375,1486.2161865234375,1495.467041015625,1503.5726318359375,1511.67529296875,1520.51416015625,1530.4337158203125,1541.5711669921875,1561.3040771484375
2019-08-26,2019-08-19,1526.3,1498.4453125,1455.8304443359375,1470.5712890625,1480.302978515625,1489.4122314453125,1498.4453125,1508.1058349609375,1518.744384765625,1531.620849609375,1553.46826171875
2019-08-27,2019-08-20,1541.0,1504.2591552734375,1467.9317626953125,1480.13525390625,1488.6219482421875,1496.0653076171875,1504.2591552734375,1513.3140869140625,1522.83642578125,1534.2158203125,1552.910400390625
2019-08-28,2019-08-21,1537.8,1505.609130859375,1471.754638671875,1483.026611328125,1490.734375,1498.05224609375,1505.609130859375,1514.42431640625,1523.947021484375,1534.820068359375,1553.105224609375
2019-08-29,2019-08-22,1526.5,1494.228271484375,1459.103515625,1470.68896484375,1479.022705078125,1486.5538330078125,1494.228271484375,1502.951904296875,1512.5804443359375,1523.3668212890625,1541.3758544921875
2019-08-30,2019-08-23,1519.1,1527.33447265625,1490.6229248046875,1502.24853515625,1510.3790283203125,1518.7767333984375,1527.33447265625,1537.21826171875,1546.625,1558.0645751953125,1578.044677734375
2019-09-03,2019-08-26,1545.9,1528.547119140625,1491.2685546875,1504.0968017578125,1512.365478515625,1520.2811279296875,1528.547119140625,1537.7667236328125,1546.3248291015625,1556.793212890625,1574.4210205078125
2019-09-04,2019-08-27,1550.3,1546.016357421875,1505.846435546875,1519.346435546875,1528.5306396484375,1537.1923828125,1546.016357421875,1555.7467041015625,1564.3291015625,1575.3880615234375,1594.103759765625
2019-09-05,2019-08-28,1515.4,1542.1279296875,1503.320556640625,1517.487548828125,1526.2852783203125,1534.197021484375,1542.1279296875,1551.168701171875,1559.1510009765625,1568.697509765625,1584.3109130859375
2019-09-06,2019-08-29,1506.2,1528.296630859375,1491.292236328125,1505.156982421875,1513.6038818359375,1520.8265380859375,1528.296630859375,1537.294189453125,1545.306640625,1554.3641357421875,1569.1229248046875
2019-09-09,2019-08-30,1502.2,1518.26513671875,1480.339111328125,1494.107666015625,1502.493408203125,1510.4737548828125,1518.26513671875,1526.9771728515625,1535.382080078125,1545.0045166015625,1561.260498046875
2019-09-10,2019-09-03,1490.3,1547.0694580078125,1506.58251953125,1520.5172119140625,1529.165771484375,1538.265869140625,1547.0694580078125,1556.376708984375,1564.4879150390625,1576.021484375,1594.6480712890625
2019-09-11,2019-09-04,1494.4,1554.760498046875,1519.4652099609375,1532.4053955078125,1540.222900390625,1547.6033935546875,1554.760498046875,1563.7899169921875,1571.0859375,1581.289794921875,1598.173583984375
2019-09-12,2019-09-05,1498.7,1521.638916015625,1482.200927734375,1496.2926025390625,1504.5982666015625,1513.21435546875,1521.638916015625,1531.51171875,1540.44189453125,1553.2686767578125,1573.248046875
2019-09-13,2019-09-06,1490.9,1508.55517578125,1465.548095703125,1480.99560546875,1490.0977783203125,1499.7510986328125,1508.55517578125,1518.8809814453125,1528.805908203125,1541.869140625,1563.3570556640625
2019-09-16,2019-09-09,1503.1,1502.3822021484375,1462.0223388671875,1475.3394775390625,1484.33740234375,1493.0225830078125,1502.3822021484375,1512.0919189453125,1522.619140625,1537.2049560546875,1561.16455078125
2019-09-17,2019-09-10,1505.1,1491.52001953125,1450.7047119140625,1464.76513671875,1473.7080078125,1482.3765869140625,1491.52001953125,1501.81298828125,1511.774658203125,1524.9803466796875,1546.22900390625
2019-09-18,2019-09-11,1507.5,1494.745849609375,1455.2286376953125,1467.8741455078125,1476.92919921875,1485.643310546875,1494.745849609375,1504.75048828125,1514.389404296875,1528.106689453125,1550.334716796875
2019-09-19,2019-09-12,1498.4,1499.0501708984375,1462.168212890625,1474.5494384765625,1482.5435791015625,1490.5343017578125,1499.0501708984375,1508.394775390625,1517.28857421875,1529.21630859375,1548.6942138671875
2019-09-20,2019-09-13,1507.3,1488.3060302734375,1451.9576416015625,1464.1856689453125,1472.103759765625,1479.84814453125,1488.3060302734375,1497.462890625,1506.01708984375,1518.112548828125,1537.1456298828125
2019-09-23,2019-09-16,1523.7,1504.2965087890625,1469.18505859375,1481.03662109375,1488.855712890625,1496.429931640625,1504.2965087890625,1513.2572021484375,1521.9112548828125,1534.38525390625,1553.75732421875
2019-09-24,2019-09-17,1532.1,1506.8079833984375,1472.4976806640625,1484.5880126953125,1492.181884765625,1499.103759765625,1506.8079833984375,1515.21875,1523.4383544921875,1534.7510986328125,1551.593994140625
2019-09-25,2019-09-18,1504.6,1508.178955078125,1475.7349853515625,1486.594482421875,1493.965576171875,1500.927978515625,1508.178955078125,1516.46044921875,1524.068603515625,1535.086181640625,1550.5181884765625
2019-09-26,2019-09-19,1507.5,1497.16796875,1465.3455810546875,1475.278076171875,1482.535400390625,1489.5457763671875,1497.16796875,1504.85107421875,1512.345947265625,1523.234130859375,1538.2449951171875
2019-09-27,2019-09-20,1499.1,1507.3084716796875,1476.6751708984375,1485.9820556640625,1492.9833984375,1499.9725341796875,1507.3084716796875,1515.1292724609375,1522.2135009765625,1532.2535400390625,1546.993896484375
2019-09-30,2019-09-23,1465.7,1522.3902587890625,1489.9566650390625,1499.9349365234375,1507.3944091796875,1514.633056640625,1522.3902587890625,1530.3726806640625,1537.4647216796875,1547.9892578125,1564.219482421875
2019-10-01,2019-09-24,1482.0,1533.204833984375,1501.1729736328125,1511.581298828125,1518.770263671875,1525.462158203125,1533.204833984375,1540.8905029296875,1548.705078125,1559.3592529296875,1576.1973876953125
2019-10-02,2019-09-25,1501.0,1507.7171630859375,1475.25,1485.3492431640625,1492.629638671875,1499.837646484375,1507.7171630859375,1515.63134765625,1523.8055419921875,1535.1282958984375,1551.4300537109375
2019-10-03,2019-09-26,1507.1,1509.6182861328125,1480.021484375,1488.75537109375,1495.360107421875,1502.389892578125,1509.6182861328125,1517.000732421875,1524.2076416015625,1534.5872802734375,1549.841064453125
2019-10-04,2019-09-27,1506.2,1497.080322265625,1467.235595703125,1475.2584228515625,1482.1600341796875,1489.1068115234375,1497.080322265625,1504.3897705078125,1511.298828125,1521.5316162109375,1536.6021728515625
2019-10-07,2019-09-30,1497.7,1460.19677734375,1423.7354736328125,1433.7315673828125,1441.595703125,1451.091796875,1460.19677734375,1469.4705810546875,1479.044189453125,1491.6044921875,1508.717529296875
2019-10-08,2019-10-01,1497.2,1480.488037109375,1447.4832763671875,1456.722900390625,1463.659423828125,1472.39453125,1480.488037109375,1488.5087890625,1497.4189453125,1509.2554931640625,1526.718505859375
2019-10-09,2019-10-02,1506.1,1498.251953125,1466.797607421875,1475.84033203125,1481.87255859375,1490.131591796875,1498.251953125,1506.6375732421875,1515.617431640625,1526.675048828125,1543.45654296875
2019-10-10,2019-10-03,1494.8,1505.4833984375,1473.5703125,1482.76611328125,1489.263671875,1497.3670654296875,1505.4833984375,1514.034423828125,1522.4775390625,1533.7015380859375,1550.4566650390625
2019-10-11,2019-10-04,1482.7,1506.5157470703125,1472.9459228515625,1482.4351806640625,1490.0191650390625,1498.0501708984375,1506.5157470703125,1514.881103515625,1524.020263671875,1534.3927001953125,1551.031005859375
2019-10-14,2019-10-07,1491.7,1495.405517578125,1462.8978271484375,1471.578857421875,1478.9031982421875,1487.116943359375,1495.405517578125,1503.752685546875,1512.6875,1523.7318115234375,1540.3260498046875
2019-10-15,2019-10-08,1477.6,1497.0621337890625,1466.235107421875,1474.46435546875,1481.7713623046875,1489.539794921875,1497.0621337890625,1504.2481689453125,1512.017578125,1521.4583740234375,1535.0989990234375
2019-10-16,2019-10-09,1488.0,1505.626953125,1477.0430908203125,1484.9765625,1491.41015625,1499.020263671875,1505.626953125,1512.2716064453125,1520.1357421875,1529.343017578125,1543.029541015625
2019-10-17,2019-10-10,1492.3,1493.9715576171875,1463.35546875,1472.129150390625,1479.1572265625,1487.185791015625,1493.9715576171875,1501.020751953125,1509.1240234375,1518.7232666015625,1533.015625
2019-10-18,2019-10-11,1488.2,1478.965087890625,1447.0908203125,1455.4525146484375,1463.2364501953125,1471.4320068359375,1478.965087890625,1486.5380859375,1494.257080078125,1503.2784423828125,1517.343505859375
2019-10-21,2019-10-14,1482.4,1487.8094482421875,1459.4713134765625,1466.9820556640625,1473.5784912109375,1481.26611328125,1487.8094482421875,1494.063232421875,1501.798095703125,1509.8453369140625,1522.851318359375
2019-10-22,2019-10-15,1481.7,1477.718017578125,1448.8826904296875,1456.3939208984375,1463.6783447265625,1470.754638671875,1477.718017578125,1484.4764404296875,1492.472900390625,1501.8760986328125,1515.239990234375
2019-10-23,2019-10-16,1489.9,1486.46484375,1457.142822265625,1465.0233154296875,1472.1851806640625,1479.5694580078125,1486.46484375,1493.323974609375,1500.6480712890625,1509.7657470703125,1522.88525390625
2019-10-24,2019-10-17,1498.9,1489.1201171875,1459.0474853515625,1466.722900390625,1474.2906494140625,1481.81884765625,1489.1201171875,1495.501220703125,1503.0013427734375,1512.8511962890625,1527.3896484375
2019-10-25,2019-10-18,1499.5,1487.1422119140625,1458.88818359375,1467.185546875,1473.982177734375,1480.8731689453125,1487.1422119140625,1493.0946044921875,1499.5380859375,1508.307861328125,1520.438232421875
2019-10-28,2019-10-21,1490.0,1481.454833984375,1452.1390380859375,1460.5711669921875,1467.61474609375,1474.8974609375,1481.454833984375,1486.784912109375,1492.958251953125,1501.3876953125,1514.317138671875
2019-10-29,2019-10-22,1487.0,1478.485107421875,1447.418701171875,1455.852294921875,1463.7647705078125,1471.06298828125,1478.485107421875,1484.405517578125,1491.2850341796875,1499.865478515625,1513.8797607421875
2019-10-30,2019-10-23,1493.2,1487.833740234375,1455.6898193359375,1464.3497314453125,1472.901611328125,1480.1318359375,1487.833740234375,1493.5606689453125,1500.5709228515625,1509.3902587890625,1523.6201171875
2019-10-31,2019-10-24,1511.4,1498.0096435546875,1464.61767578125,1474.2637939453125,1482.6505126953125,1490.099853515625,1498.0096435546875,1504.07470703125,1511.868408203125,1521.0772705078125,1536.224609375
2019-11-01,2019-10-25,1508.0,1496.4442138671875,1463.9063720703125,1472.966796875,1481.0413818359375,1488.607666015625,1496.4442138671875,1502.517822265625,1509.93603515625,1518.7637939453125,1533.820556640625
2019-11-04,2019-10-28,1508.0,1488.143310546875,1457.58349609375,1465.728271484375,1473.748291015625,1480.528076171875,1488.143310546875,1493.9578857421875,1501.6986083984375,1510.421875,1524.8614501953125
2019-11-05,2019-10-29,1480.8,1486.2489013671875,1457.601806640625,1465.3692626953125,1472.573974609375,1479.1986083984375,1486.2489013671875,1491.4415283203125,1498.9405517578125,1507.3675537109375,1521.68798828125
2019-11-06,2019-10-30,1490.2,1493.155029296875,1465.1705322265625,1472.8355712890625,1479.5447998046875,1486.3145751953125,1493.155029296875,1498.66650390625,1506.1044921875,1514.4620361328125,1528.95556640625
2019-11-07,2019-10-31,1464.2,1510.82470703125,1483.13330078125,1491.0616455078125,1497.6617431640625,1504.1380615234375,1510.82470703125,1516.867431640625,1525.1292724609375,1534.030029296875,1548.573974609375
2019-11-08,2019-11-01,1461.3,1507.7633056640625,1480.317626953125,1488.7249755859375,1495.0391845703125,1501.6431884765625,1507.7633056640625,1513.1427001953125,1521.23388671875,1529.870849609375,1543.250244140625
2019-11-11,2019-11-04,1455.5,1508.6890869140625,1481.1427001953125,1489.7607421875,1496.0743408203125,1502.8740234375,1508.6890869140625,1513.7398681640625,1520.821533203125,1529.2730712890625,1541.4716796875
2019-11-12,2019-11-05,1452.1,1481.327392578125,1451.9599609375,1461.3310546875,1468.4410400390625,1475.3458251953125,1481.327392578125,1486.5828857421875,1495.3883056640625,1505.38037109375,1518.864990234375
2019-11-13,2019-11-06,1461.7,1491.9615478515625,1462.5084228515625,1471.9051513671875,1478.8521728515625,1485.541259765625,1491.9615478515625,1497.080078125,1505.3486328125,1515.7855224609375,1531.134521484375
2019-11-14,2019-11-07,1471.8,1465.23046875,1432.9525146484375,1443.6868896484375,1450.95458984375,1458.6441650390625,1465.23046875,1470.3582763671875,1478.1842041015625,1488.6549072265625,1503.035400390625
2019-11-15,2019-11-08,1467.3,1461.449951171875,1430.4400634765625,1440.887451171875,1448.0789794921875,1455.197265625,1461.449951171875,1466.8701171875,1475.1287841796875,1485.5870361328125,1499.651123046875
2019-11-18,2019-11-11,1470.9,1453.087646484375,1423.33349609375,1433.283447265625,1440.1424560546875,1446.938720703125,1453.087646484375,1458.43798828125,1465.70703125,1475.925048828125,1489.4456787109375
2019-11-19,2019-11-12,1473.3,1449.606689453125,1419.3477783203125,1428.859619140625,1436.3232421875,1442.959716796875,1449.606689453125,1454.796142578125,1461.22509765625,1471.0975341796875,1484.012451171875
2019-11-20,2019-11-13,1473.3,1460.10498046875,1427.130859375,1438.115234375,1446.1558837890625,1453.2559814453125,1460.10498046875,1465.953125,1473.0401611328125,1483.3575439453125,1496.078125
2019-11-21,2019-11-14,1463.1,1470.7943115234375,1438.0372314453125,1449.053955078125,1457.1788330078125,1464.47314453125,1470.7943115234375,1476.58642578125,1483.7611083984375,1493.2979736328125,1505.6275634765625
2019-11-22,2019-11-15,1463.1,1463.8275146484375,1432.45556640625,1443.208740234375,1450.8197021484375,1457.8948974609375,1463.8275146484375,1469.4443359375,1475.6953125,1484.9798583984375,1496.059814453125
2019-11-25,2019-11-18,1456.6,1467.83203125,1433.5150146484375,1445.07958984375,1453.62890625,1461.3863525390625,1467.83203125,1473.57861328125,1479.985595703125,1489.5941162109375,1502.331298828125
2019-11-26,2019-11-19,1459.8,1470.2529296875,1438.041259765625,1449.003173828125,1457.1358642578125,1463.8707275390625,1470.2529296875,1476.10009765625,1482.25244140625,1491.18798828125,1502.234375
2019-11-27,2019-11-20,1453.4,1469.526611328125,1437.942626953125,1448.729248046875,1456.495849609375,1463.470703125,1469.526611328125,1475.1671142578125,1481.965576171875,1490.8912353515625,1502.5950927734375
2019-11-29,2019-11-21,1465.6,1457.878662109375,1425.2237548828125,1436.3272705078125,1444.5557861328125,1451.445556640625,1457.878662109375,1463.462646484375,1470.413330078125,1479.31982421875,1491.26171875
2019-12-02,2019-11-22,1462.3,1454.8612060546875,1422.9334716796875,1434.122802734375,1442.082275390625,1448.7120361328125,1454.8612060546875,1460.246826171875,1467.17041015625,1475.9549560546875,1488.077392578125
2019-12-03,2019-11-25,1478.2,1449.474365234375,1418.943359375,1429.6739501953125,1437.314697265625,1443.62451171875,1449.474365234375,1454.9951171875,1461.73681640625,1470.2269287109375,1481.805419921875
2019-12-04,2019-11-26,1474.0,1454.6077880859375,1425.08740234375,1434.653564453125,1442.60009765625,1448.4617919921875,1454.6077880859375,1460.428955078125,1467.7398681640625,1476.271484375,1487.6539306640625
2019-12-05,2019-11-27,1476.9,1448.3258056640625,1419.549072265625,1428.888671875,1436.291015625,1442.246826171875,1448.3258056640625,1453.76904296875,1460.62841796875,1469.0936279296875,1481.008056640625
2019-12-06,2019-11-29,1459.1,1462.953125,1433.63134765625,1442.73388671875,1450.38818359375,1456.8011474609375,1462.953125,1468.6767578125,1476.0435791015625,1484.458740234375,1495.9296875
2019-12-09,2019-12-02,1459.3,1459.830810546875,1430.5491943359375,1439.3258056640625,1447.4107666015625,1453.72705078125,1459.830810546875,1464.9632568359375,1471.4815673828125,1479.980712890625,1491.514892578125
2019-12-10,2019-12-03,1462.6,1473.8619384765625,1441.050048828125,1450.7412109375,1459.524658203125,1466.8502197265625,1473.8619384765625,1480.0626220703125,1487.9385986328125,1497.040771484375,1508.816650390625
2019-12-11,2019-12-04,1469.4,1470.96142578125,1440.3148193359375,1450.2423095703125,1458.0963134765625,1465.066162109375,1470.96142578125,1477.19873046875,1484.6361083984375,1493.4111328125,1504.310546875
2019-12-12,2019-12-05,1466.7,1474.8450927734375,1443.427001953125,1453.796875,1461.675048828125,1468.412109375,1474.8450927734375,1480.7247314453125,1488.310302734375,1496.9754638671875,1508.287109375
2019-12-13,2019-12-06,1475.6,1454.1995849609375,1422.08056640625,1432.686767578125,1440.707275390625,1447.4244384765625,1454.1995849609375,1459.6636962890625,1467.243408203125,1475.920166015625,1488.1943359375
2019-12-16,2019-12-09,1475.0,1455.8905029296875,1424.0638427734375,1434.4090576171875,1442.6171875,1449.1611328125,1455.8905029296875,1460.8172607421875,1467.988525390625,1475.9449462890625,1487.46533203125
2019-12-17,2019-12-10,1474.6,1461.354736328125,1430.119384765625,1440.3616943359375,1448.26416015625,1454.81298828125,1461.354736328125,1466.0098876953125,1473.03515625,1480.8863525390625,1492.0384521484375
2019-12-18,2019-12-11,1472.6,1468.12890625,1434.1397705078125,1445.6678466796875,1454.247314453125,1461.3399658203125,1468.12890625,1472.9830322265625,1479.857666015625,1487.6376953125,1498.2984619140625
2019-12-19,2019-12-12,1478.2,1463.5240478515625,1432.268310546875,1443.37939453125,1451.3546142578125,1457.54736328125,1463.5240478515625,1468.4281005859375,1475.361328125,1482.9588623046875,1494.05712890625
2019-12-20,2019-12-13,1474.7,1471.7645263671875,1438.9991455078125,1450.187744140625,1458.6766357421875,1465.2269287109375,1471.7645263671875,1476.6513671875,1484.0531005859375,1492.01416015625,1502.6436767578125
2019-12-23,2019-12-16,1482.5,1473.573974609375,1441.498779296875,1452.690673828125,1460.85400390625,1467.703125,1473.573974609375,1478.576416015625,1485.3516845703125,1492.5146484375,1502.927490234375
2019-12-24,2019-12-17,1499.1,1475.367919921875,1446.4749755859375,1456.5277099609375,1463.337646484375,1469.81591796875,1475.367919921875,1480.5908203125,1487.26171875,1494.7857666015625,1506.0460205078125
2019-12-26,2019-12-18,1509.3,1472.453857421875,1443.33544921875,1452.7393798828125,1459.8861083984375,1466.567138671875,1472.453857421875,1477.6943359375,1484.3118896484375,1491.739990234375,1503.0042724609375
2019-12-27,2019-12-19,1513.8,1478.48095703125,1448.68310546875,1458.421875,1465.4049072265625,1472.605712890625,1478.48095703125,1483.3817138671875,1489.56689453125,1497.349365234375,1508.07958984375
2019-12-30,2019-12-20,1514.5,1472.25732421875,1444.942138671875,1453.7535400390625,1460.1517333984375,1466.414306640625,1472.25732421875,1477.372314453125,1483.9954833984375,1491.3658447265625,1501.483642578125
2019-12-31,2019-12-23,1519.5,1476.7496337890625,1447.2630615234375,1456.7674560546875,1463.9771728515625,1470.6993408203125,1476.7496337890625,1481.64501953125,1488.409912109375,1496.0850830078125,1506.7735595703125
2020-01-02,2019-12-24,1524.5,1498.1436767578125,1465.042236328125,1476.8062744140625,1485.059814453125,1491.7376708984375,1498.1436767578125,1504.18408203125,1510.936767578125,1519.735595703125,1531.4744873046875
2020-01-03,2019-12-26,1549.2,1511.467041015625,1477.5093994140625,1489.2926025390625,1497.706298828125,1504.898193359375,1511.467041015625,1518.0633544921875,1525.5147705078125,1534.4647216796875,1546.6328125
2020-01-06,2019-12-27,1566.2,1517.8428955078125,1484.927978515625,1496.1739501953125,1504.645751953125,1511.3365478515625,1517.8428955078125,1524.44677734375,1530.7574462890625,1539.7252197265625,1551.3984375
2020-01-07,2019-12-30,1571.8,1516.669921875,1483.8265380859375,1495.0543212890625,1503.1806640625,1510.341552734375,1516.669921875,1522.408203125,1528.96240234375,1537.2508544921875,1548.621826171875
2020-01-08,2019-12-31,1557.4,1525.468017578125,1491.539794921875,1503.760009765625,1511.91650390625,1519.361328125,1525.468017578125,1531.522216796875,1538.67138671875,1546.66455078125,1557.32177734375
2020-01-09,2020-01-02,1551.7,1529.777587890625,1497.60107421875,1509.2122802734375,1516.17626953125,1523.7177734375,1529.777587890625,1535.4195556640625,1542.8759765625,1550.7197265625,1561.81201171875
2020-01-10,2020-01-03,1557.5,1558.9344482421875,1523.6505126953125,1536.670166015625,1544.1785888671875,1552.3154296875,1558.9344482421875,1565.94189453125,1574.831298828125,1585.3001708984375,1599.123046875
2020-01-13,2020-01-06,1548.4,1582.662109375,1539.156005859375,1555.0413818359375,1564.3497314453125,1573.721435546875,1582.662109375,1591.0614013671875,1600.4619140625,1612.8603515625,1630.479736328125
2020-01-14,2020-01-07,1542.4,1588.8614501953125,1550.484619140625,1565.05029296875,1573.2142333984375,1581.093505859375,1588.8614501953125,1596.685302734375,1605.18603515625,1615.8779296875,1631.795166015625
2020-01-15,2020-01-08,1552.1,1563.267822265625,1523.3695068359375,1537.5484619140625,1546.5513916015625,1555.3626708984375,1563.267822265625,1570.38330078125,1578.656982421875,1588.195556640625,1602.69873046875
2020-01-16,2020-01-09,1549.0,1555.024658203125,1516.7960205078125,1530.9439697265625,1539.404296875,1547.9720458984375,1555.024658203125,1561.7335205078125,1569.875244140625,1579.2940673828125,1593.6842041015625
2020-01-17,2020-01-10,1558.8,1563.0172119140625,1527.434326171875,1540.0570068359375,1547.5496826171875,1555.731201171875,1563.0172119140625,1570.0380859375,1578.0853271484375,1587.23583984375,1601.1551513671875
2020-01-21,2020-01-13,1556.4,1551.025146484375,1516.3465576171875,1528.9581298828125,1536.2591552734375,1544.052978515625,1551.025146484375,1557.848876953125,1566.072998046875,1575.2119140625,1588.466552734375
2020-01-22,2020-01-14,1555.3,1543.6689453125,1510.537109375,1522.43408203125,1529.654296875,1536.9896240234375,1543.6689453125,1551.19580078125,1558.5653076171875,1568.0908203125,1581.1202392578125
2020-01-23,2020-01-15,1564.6,1555.4681396484375,1522.1474609375,1534.270751953125,1540.584228515625,1548.67138671875,1555.4681396484375,1561.6878662109375,1568.9056396484375,1578.1575927734375,1590.841064453125
2020-01-24,2020-01-16,1571.1,1553.6370849609375,1523.296630859375,1534.370849609375,1539.93212890625,1547.510986328125,1553.6370849609375,1559.531005859375,1565.596435546875,1573.6708984375,1585.0599365234375
2020-01-27,2020-01-17,1576.8,1565.1793212890625,1534.001220703125,1545.3115234375,1551.4571533203125,1559.3236083984375,1565.1793212890625,1571.052734375,1577.347900390625,1585.7838134765625,1597.7808837890625
2020-01-28,2020-01-21,1569.2,1558.14794921875,1527.0496826171875,1537.469482421875,1544.62548828125,1552.0496826171875,1558.14794921875,1564.4111328125,1570.685791015625,1579.27734375,1591.455810546875
2020-01-29,2020-01-22,1569.8,1557.16748046875,1529.3896484375,1539.249755859375,1544.623779296875,1551.984130859375,1557.16748046875,1562.484375,1568.030517578125,1576.254150390625,1587.2137451171875
2020-01-30,2020-01-23,1583.5,1567.7996826171875,1537.400634765625,1548.3515625,1554.2645263671875,1562.0198974609375,1567.7996826171875,1573.5711669921875,1579.080810546875,1587.738525390625,1598.904541015625
2020-01-31,2020-01-24,1582.9,1575.6307373046875,1541.67236328125,1554.1719970703125,1560.9112548828125,1569.004638671875,1575.6307373046875,1581.2603759765625,1586.9918212890625,1595.872314453125,1607.603271484375
2020-02-03,2020-01-27,1577.2,1580.709228515625,1547.030517578125,1559.47900390625,1566.0,1573.95751953125,1580.709228515625,1586.327880859375,1592.1531982421875,1601.0244140625,1613.1551513671875
2020-02-04,2020-01-28,1550.4,1570.48583984375,1538.976806640625,1550.597900390625,1556.4437255859375,1564.169189453125,1570.48583984375,1576.0303955078125,1582.0849609375,1590.822509765625,1602.06982421875
2020-02-05,2020-01-29,1557.8,1569.8209228515625,1539.8875732421875,1550.5701904296875,1556.2862548828125,1563.969970703125,1569.8209228515625,1574.978271484375,1580.37451171875,1588.0107421875,1599.259765625
2020-02-06,2020-01-30,1565.1,1585.6746826171875,1554.982421875,1566.6136474609375,1572.3094482421875,1579.69580078125,1585.6746826171875,1591.4295654296875,1597.27734375,1605.712646484375,1616.764892578125
2020-02-07,2020-01-31,1568.6,1585.9569091796875,1556.09326171875,1567.02734375,1571.8702392578125,1579.9442138671875,1585.9569091796875,1591.3941650390625,1597.62744140625,1606.3099365234375,1617.6707763671875
2020-02-10,2020-02-03,1574.7,1579.687255859375,1549.8992919921875,1560.4248046875,1566.209228515625,1573.967041015625,1579.687255859375,1585.0732421875,1590.8671875,1599.407958984375,1610.069580078125
2020-02-11,2020-02-04,1565.6,1553.6148681640625,1519.1136474609375,1531.2537841796875,1538.3895263671875,1546.9818115234375,1553.6148681640625,1560.0418701171875,1567.147705078125,1576.5972900390625,1588.586181640625
2020-02-12,2020-02-05,1567.4,1561.87939453125,1533.1893310546875,1542.88134765625,1548.6917724609375,1556.397705078125,1561.87939453125,1567.74609375,1574.2640380859375,1582.281982421875,1593.227783203125
2020-02-13,2020-02-06,1575.1,1570.136474609375,1542.403564453125,1551.6072998046875,1557.007080078125,1564.5379638671875,1570.136474609375,1576.0106201171875,1582.3681640625,1590.40478515625,1601.687255859375
2020-02-14,2020-02-07,1582.7,1573.8729248046875,1550.3814697265625,1558.224609375,1562.7021484375,1569.4068603515625,1573.8729248046875,1579.54541015625,1585.3089599609375,1592.1661376953125,1602.02490234375
2020-02-18,2020-02-10,1600.0,1577.443115234375,1550.2010498046875,1559.6474609375,1564.222900390625,1571.702880859375,1577.443115234375,1583.0390625,1589.48486328125,1597.4176025390625,1608.055908203125
2020-02-19,2020-02-11,1607.5,1567.94189453125,1540.193359375,1550.1419677734375,1554.7012939453125,1562.18603515625,1567.94189453125,1573.1253662109375,1579.3153076171875,1587.04296875,1597.265380859375
2020-02-20,2020-02-12,1616.6,1569.5252685546875,1541.6378173828125,1551.4970703125,1556.8077392578125,1564.110595703125,1569.5252685546875,1574.7802734375,1580.6890869140625,1587.66015625,1597.428955078125
2020-02-21,2020-02-13,1644.6,1577.4998779296875,1550.3046875,1559.727783203125,1565.06005859375,1572.169921875,1577.4998779296875,1582.7568359375,1588.32568359375,1594.9124755859375,1603.70361328125
2020-02-24,2020-02-14,1672.4,1584.9891357421875,1556.2919921875,1566.0792236328125,1571.88330078125,1578.9954833984375,1584.9891357421875,1590.1741943359375,1595.3515625,1602.0589599609375,1611.420166015625
2020-02-25,2020-02-18,1646.9,1605.565185546875,1573.47900390625,1584.394775390625,1591.0516357421875,1598.856201171875,1605.565185546875,1612.37353515625,1618.4530029296875,1626.4169921875,1637.59423828125
2020-02-26,2020-02-19,1640.0,1611.3135986328125,1583.873291015625,1593.64501953125,1599.1650390625,1605.857177734375,1611.3135986328125,1617.6236572265625,1623.3828125,1630.517578125,1640.63818359375
2020-02-27,2020-02-20,1640.0,1621.934326171875,1592.210205078125,1602.728759765625,1608.7120361328125,1615.901123046875,1621.934326171875,1628.6845703125,1634.41748046875,1641.7843017578125,1652.506591796875
2020-02-28,2020-02-21,1564.1,1649.9326171875,1606.855712890625,1622.1463623046875,1631.2335205078125,1641.05908203125,1649.9326171875,1659.13623046875,1667.234130859375,1677.719482421875,1694.039794921875
2020-03-02,2020-02-24,1592.3,1683.0357666015625,1634.1683349609375,1651.484619140625,1662.1541748046875,1673.1785888671875,1683.0357666015625,1694.095458984375,1704.3909912109375,1717.46533203125,1738.941650390625
2020-03-03,2020-02-25,1642.1,1648.1544189453125,1605.9671630859375,1621.1285400390625,1630.2799072265625,1639.6341552734375,1648.1544189453125,1658.3857421875,1667.22314453125,1677.792236328125,1696.240234375
2020-03-04,2020-02-26,1641.1,1636.9075927734375,1596.08544921875,1610.640380859375,1619.4356689453125,1628.658203125,1636.9075927734375,1645.9947509765625,1654.34521484375,1664.0548095703125,1680.17626953125
2020-03-05,2020-02-27,1666.4,1637.459716796875,1603.0096435546875,1615.551025390625,1622.4173583984375,1630.70751953125,1637.459716796875,1645.24462890625,1652.271728515625,1660.7601318359375,1674.234375
2020-03-06,2020-02-28,1670.8,1569.8062744140625,1518.1497802734375,1535.42236328125,1548.1553955078125,1559.8302001953125,1569.8062744140625,1581.60400390625,1593.4276123046875,1606.8726806640625,1627.5362548828125
2020-03-09,2020-03-02,1674.5,1596.474365234375,1554.67626953125,1568.578369140625,1577.8240966796875,1588.1744384765625,1596.474365234375,1606.2509765625,1615.943359375,1627.0108642578125,1646.3125
2020-03-10,2020-03-03,1659.1,1635.41552734375,1584.922119140625,1601.9693603515625,1613.53857421875,1625.336669921875,1635.41552734375,1647.588623046875,1659.2371826171875,1672.9200439453125,1693.535888671875
2020-03-11,2020-03-04,1641.4,1637.8665771484375,1596.2200927734375,1610.9505615234375,1620.5404052734375,1629.8917236328125,1637.8665771484375,1648.96484375,1657.5845947265625,1667.819091796875,1683.376220703125
2020-03-12,2020-03-05,1589.3,1664.5052490234375,1615.2967529296875,1632.328857421875,1643.4873046875,1655.179443359375,1664.5052490234375,1676.358154296875,1686.1937255859375,1697.882568359375,1716.4144287109375
2020-03-13,2020-03-06,1515.7,1665.1746826171875,1616.072509765625,1632.5096435546875,1644.021728515625,1655.5177001953125,1665.1746826171875,1676.6473388671875,1687.13525390625,1699.3487548828125,1719.1558837890625
2020-03-16,2020-03-09,1485.9,1674.0438232421875,1629.9742431640625,1645.5283203125,1655.41552734375,1665.25244140625,1674.0438232421875,1683.98095703125,1692.9482421875,1703.472412109375,1719.264404296875
2020-03-17,2020-03-10,1524.9,1656.71484375,1611.1337890625,1628.0469970703125,1637.8604736328125,1647.3221435546875,1656.71484375,1666.3070068359375,1674.33642578125,1685.09326171875,1700.210205078125
2020-03-18,2020-03-11,1477.3,1639.6796875,1588.8868408203125,1606.7799072265625,1617.895751953125,1628.871826171875,1639.6796875,1649.87060546875,1659.846435546875,1672.5506591796875,1690.5045166015625
2020-03-19,2020-03-12,1478.6,1589.395751953125,1532.9530029296875,1551.3348388671875,1563.627197265625,1576.8970947265625,1589.395751953125,1602.2308349609375,1615.724365234375,1630.9400634765625,1653.5338134765625
2020-03-20,2020-03-13,1484.0,1516.36083984375,1444.9700927734375,1466.885498046875,1484.7708740234375,1500.7696533203125,1516.36083984375,1534.3719482421875,1551.932861328125,1572.4635009765625,1601.514892578125
2020-03-23,2020-03-16,1567.0,1476.8797607421875,1409.6661376953125,1428.64013671875,1446.0406494140625,1461.588134765625,1476.8797607421875,1495.7861328125,1513.571044921875,1534.357177734375,1567.956787109375
2020-03-24,2020-03-17,1660.2,1543.386474609375,1478.7872314453125,1497.682861328125,1514.78857421875,1530.0860595703125,1543.386474609375,1559.4119873046875,1574.8087158203125,1592.3966064453125,1620.28271484375
2020-03-25,2020-03-18,1632.3,1469.730712890625,1408.5399169921875,1426.46484375,1442.9686279296875,1455.5994873046875,1469.730712890625,1485.70458984375,1501.1099853515625,1520.78173828125,1550.362548828125
2020-03-26,2020-03-19,1650.1,1471.107177734375,1417.6351318359375,1433.14013671875,1447.628173828125,1458.4989013671875,1471.107177734375,1486.330810546875,1499.83935546875,1517.7791748046875,1546.811767578125
2020-03-27,2020-03-20,1623.9,1481.3203125,1434.3489990234375,1448.57177734375,1460.897705078125,1470.6907958984375,1481.3203125,1493.831298828125,1505.1927490234375,1521.0179443359375,1546.1414794921875
2020-03-30,2020-03-23,1622.0,1557.5108642578125,1477.98291015625,1501.84130859375,1523.0054931640625,1540.4383544921875,1557.5108642578125,1577.3243408203125,1593.8321533203125,1616.82861328125,1652.4013671875
2020-03-31,2020-03-24,1583.4,1625.1822509765625,1523.720947265625,1555.283203125,1582.6712646484375,1604.1829833984375,1625.1822509765625,1648.84033203125,1667.103759765625,1692.1240234375,1730.8404541015625
2020-04-01,2020-03-25,1578.2,1613.0166015625,1528.8973388671875,1556.364013671875,1578.3870849609375,1596.914794921875,1613.0166015625,1631.9658203125,1646.4586181640625,1667.30517578125,1697.4532470703125
2020-04-02,2020-03-26,1625.7,1624.8082275390625,1544.57763671875,1571.95751953125,1592.7674560546875,1609.639892578125,1624.8082275390625,1641.7122802734375,1655.225341796875,1674.276123046875,1703.153564453125
2020-04-03,2020-03-27,1633.7,1606.4423828125,1531.13232421875,1556.304443359375,1575.91845703125,1592.5396728515625,1606.4423828125,1622.8934326171875,1636.345458984375,1654.99169921875,1682.6640625
2020-04-06,2020-03-30,1677.0,1613.2454833984375,1544.9327392578125,1568.19482421875,1585.4029541015625,1600.423095703125,1613.2454833984375,1628.8076171875,1640.500732421875,1657.2764892578125,1680.9473876953125
2020-04-07,2020-03-31,1664.8,1580.1903076171875,1512.953857421875,1534.2762451171875,1551.247802734375,1566.7073974609375,1580.1903076171875,1596.63525390625,1609.168212890625,1628.286865234375,1655.676025390625
2020-04-08,2020-04-01,1665.4,1578.062255859375,1518.9798583984375,1537.11181640625,1552.8414306640625,1565.739501953125,1578.062255859375,1593.169677734375,1605.3582763671875,1623.7296142578125,1650.6427001953125
2020-04-09,2020-04-02,1736.2,1624.958984375,1558.936279296875,1581.3050537109375,1597.64208984375,1611.945556640625,1624.958984375,1641.0828857421875,1652.86669921875,1672.2265625,1700.1749267578125
2020-04-13,2020-04-03,1744.8,1635.162841796875,1574.0242919921875,1595.2010498046875,1610.3707275390625,1623.794189453125,1635.162841796875,1650.2200927734375,1659.9632568359375,1677.0380859375,1700.806640625
2020-04-14,2020-04-06,1756.7,1664.9498291015625,1593.582275390625,1618.0426025390625,1636.258056640625,1651.238525390625,1664.9498291015625,1681.4852294921875,1692.771728515625,1711.100341796875,1737.02880859375
2020-04-15,2020-04-07,1727.2,1638.85107421875,1565.026611328125,1589.4990234375,1609.1981201171875,1623.7431640625,1638.85107421875,1655.5806884765625,1667.816162109375,1687.03857421875,1714.82470703125
2020-04-16,2020-04-08,1720.4,1646.3763427734375,1572.91650390625,1599.0916748046875,1617.84521484375,1632.03173828125,1646.3763427734375,1662.6575927734375,1673.5677490234375,1690.483642578125,1715.5555419921875
2020-04-17,2020-04-09,1689.2,1694.435791015625,1613.598876953125,1640.750244140625,1662.06005859375,1677.3125,1694.435791015625,1713.673095703125,1727.9024658203125,1749.199951171875,1781.1580810546875
2020-04-20,2020-04-13,1701.6,1706.19921875,1621.2960205078125,1649.6810302734375,1671.443603515625,1688.220947265625,1706.19921875,1726.270751953125,1741.3602294921875,1763.6768798828125,1796.3336181640625
2020-04-21,2020-04-14,1678.2,1721.3909912109375,1633.98193359375,1663.43994140625,1685.8272705078125,1703.597412109375,1721.3909912109375,1741.8221435546875,1756.1142578125,1777.43212890625,1806.9642333984375
2020-04-22,2020-04-15,1728.7,1697.779541015625,1606.368408203125,1637.4722900390625,1660.325439453125,1679.5665283203125,1697.779541015625,1718.157470703125,1733.770751953125,1753.9566650390625,1783.678466796875
2020-04-23,2020-04-16,1733.3,1702.1119384765625,1623.0440673828125,1650.065673828125,1669.498291015625,1685.470947265625,1702.1119384765625,1719.781982421875,1734.2799072265625,1752.9140625,1779.9652099609375
2020-04-24,2020-04-17,1723.5,1677.8907470703125,1597.5771484375,1626.281982421875,1645.70068359375,1662.078369140625,1677.8907470703125,1696.02490234375,1710.9144287109375,1730.407958984375,1758.89013671875
2020-04-27,2020-04-20,1711.9,1697.3309326171875,1623.660400390625,1649.3916015625,1667.8775634765625,1682.464599609375,1697.3309326171875,1713.81591796875,1726.9278564453125,1744.635986328125,1768.820068359375
2020-04-28,2020-04-21,1710.5,1673.4722900390625,1596.8798828125,1623.1673583984375,1642.447509765625,1658.2684326171875,1673.4722900390625,1689.7763671875,1703.8438720703125,1723.538330078125,1752.2115478515625
2020-04-29,2020-04-22,1703.4,1720.4052734375,1644.7786865234375,1671.4007568359375,1688.6776123046875,1704.7255859375,1720.4052734375,1737.2247314453125,1749.136962890625,1767.3917236328125,1792.7967529296875
2020-04-30,2020-04-23,1684.2,1727.8111572265625,1654.0760498046875,1681.66943359375,1699.27978515625,1713.9981689453125,1727.8111572265625,1743.133544921875,1754.1851806640625,1771.8406982421875,1794.1107177734375
2020-05-01,2020-04-24,1694.5,1715.9825439453125,1639.40185546875,1666.5281982421875,1684.0849609375,1700.301025390625,1715.9825439453125,1731.020751953125,1742.45068359375,1761.158935546875,1785.5592041015625
2020-05-04,2020-04-27,1706.9,1701.7490234375,1625.875732421875,1651.8817138671875,1670.0330810546875,1685.9559326171875,1701.7490234375,1718.167236328125,1730.803466796875,1750.31494140625,1776.2730712890625
2020-05-05,2020-04-28,1704.4,1701.302978515625,1626.120849609375,1652.0450439453125,1669.9036865234375,1685.172607421875,1701.302978515625,1717.11279296875,1728.4779052734375,1746.5709228515625,1769.5640869140625
2020-05-06,2020-04-29,1684.2,1697.4381103515625,1627.1395263671875,1652.686767578125,1668.5885009765625,1683.1427001953125,1697.4381103515625,1712.274658203125,1723.03466796875,1740.0150146484375,1761.134521484375
2020-05-07,2020-04-30,1721.8,1676.943115234375,1602.0498046875,1628.65673828125,1646.356201171875,1662.0450439453125,1676.943115234375,1692.80126953125,1703.7628173828125,1721.47998046875,1743.8179931640625
2020-05-08,2020-05-01,1709.9,1693.4970703125,1618.68994140625,1644.890625,1662.6673583984375,1678.668212890625,1693.4970703125,1708.715087890625,1718.993896484375,1736.589599609375,1759.181640625
2020-05-11,2020-05-04,1695.3,1703.8797607421875,1630.572509765625,1657.7840576171875,1674.4072265625,1688.8472900390625,1703.8797607421875,1718.57177734375,1728.2171630859375,1744.19482421875,1766.1201171875
2020-05-12,2020-05-05,1704.4,1704.2725830078125,1632.4306640625,1659.238037109375,1675.0804443359375,1689.8995361328125,1704.2725830078125,1718.7471923828125,1729.5318603515625,1745.60693359375,1767.415771484375
2020-05-13,2020-05-06,1713.9,1684.5435791015625,1613.9906005859375,1639.39013671875,1656.1181640625,1670.5601806640625,1684.5435791015625,1699.6182861328125,1711.5487060546875,1729.1273193359375,1753.077392578125
2020-05-14,2020-05-07,1738.1,1723.1802978515625,1651.140380859375,1677.6588134765625,1694.166259765625,1709.126708984375,1723.1802978515625,1738.388427734375,1751.2991943359375,1768.834716796875,1792.6036376953125
2020-05-15,2020-05-08,1753.4,1711.013916015625,1646.7459716796875,1670.6978759765625,1685.4696044921875,1698.3521728515625,1711.013916015625,1724.1251220703125,1735.67724609375,1750.6729736328125,1772.200927734375
2020-05-18,2020-05-11,1731.8,1696.1585693359375,1631.37548828125,1655.13037109375,1670.0506591796875,1683.496826171875,1696.1585693359375,1708.245849609375,1719.0201416015625,1733.382080078125,1754.32080078125
2020-05-19,2020-05-12,1744.2,1700.1380615234375,1640.423095703125,1663.0960693359375,1676.31103515625,1687.845703125,1700.1380615234375,1711.4383544921875,1721.218505859375,1736.109130859375,1757.615234375
2020-05-20,2020-05-13,1750.6,1709.3165283203125,1650.03271484375,1672.9798583984375,1685.8984375,1697.235595703125,1709.3165283203125,1720.4710693359375,1729.9302978515625,1743.8218994140625,1763.099853515625
2020-05-21,2020-05-14,1720.5,1727.108642578125,1661.1358642578125,1686.064697265625,1701.4537353515625,1714.2939453125,1727.108642578125,1740.437255859375,1751.825439453125,1768.571533203125,1789.6165771484375
2020-05-22,2020-05-15,1734.6,1744.2783203125,1675.529296875,1701.866455078125,1717.6339111328125,1730.7926025390625,1744.2783203125,1758.501708984375,1770.299560546875,1787.2672119140625,1810.049560546875
2020-05-26,2020-05-18,1704.8,1721.2630615234375,1647.1956787109375,1673.91064453125,1691.849365234375,1706.3521728515625,1721.2630615234375,1735.7799072265625,1748.4798583984375,1765.9000244140625,1789.8369140625
2020-05-27,2020-05-19,1710.3,1735.8226318359375,1664.513427734375,1691.849853515625,1707.644775390625,1721.7027587890625,1735.8226318359375,1750.4853515625,1760.4110107421875,1777.318603515625,1796.3331298828125
2020-05-28,2020-05-20,1713.3,1744.3255615234375,1673.0189208984375,1701.09619140625,1717.712890625,1730.5107421875,1744.3255615234375,1757.0787353515625,1766.7686767578125,1782.62109375,1801.382568359375
2020-05-29,2020-05-21,1736.9,1710.8677978515625,1635.848876953125,1663.923095703125,1682.22705078125,1695.853271484375,1710.8677978515625,1724.7373046875,1737.2012939453125,1754.6605224609375,1776.368896484375
2020-06-01,2020-05-22,1737.8,1732.216064453125,1662.31982421875,1689.486328125,1705.735107421875,1718.319580078125,1732.216064453125,1744.7991943359375,1755.912109375,1772.1826171875,1791.57177734375
2020-06-02,2020-05-26,1725.2,1700.793212890625,1623.600830078125,1651.968505859375,1670.818115234375,1685.474853515625,1700.793212890625,1714.8267822265625,1728.69775390625,1746.583984375,1770.1513671875
2020-06-03,2020-05-27,1697.8,1712.139892578125,1643.42138671875,1668.3712158203125,1685.5299072265625,1698.0654296875,1712.139892578125,1724.595458984375,1736.2930908203125,1752.0782470703125,1773.92919921875
2020-06-04,2020-05-28,1718.9,1715.9468994140625,1653.15234375,1676.49560546875,1691.2664794921875,1703.127685546875,1715.9468994140625,1726.774658203125,1737.439453125,1751.886474609375,1771.7421875
2020-06-05,2020-05-29,1676.2,1732.013671875,1663.9163818359375,1688.5762939453125,1705.9371337890625,1719.076416015625,1732.013671875,1743.0421142578125,1753.74560546875,1768.6087646484375,1788.30078125
2020-06-08,2020-06-01,1698.3,1735.1097412109375,1667.7197265625,1693.5712890625,1709.6856689453125,1722.83935546875,1735.1097412109375,1745.5732421875,1754.5382080078125,1768.6590576171875,1784.343017578125
2020-06-09,2020-06-02,1714.7,1717.2257080078125,1649.4454345703125,1673.560791015625,1690.1087646484375,1703.91650390625,1717.2257080078125,1728.353759765625,1739.2198486328125,1755.6011962890625,1775.273193359375
2020-06-10,2020-06-03,1713.3,1693.35205078125,1618.216552734375,1645.4498291015625,1663.8760986328125,1679.129638671875,1693.35205078125,1706.1553955078125,1718.431396484375,1736.11083984375,1757.24609375
2020-06-11,2020-06-04,1732.0,1716.73193359375,1650.63916015625,1673.701416015625,1689.6439208984375,1703.870849609375,1716.73193359375,1727.837646484375,1738.2547607421875,1754.228515625,1773.7620849609375
2020-06-12,2020-06-05,1729.3,1672.9022216796875,1600.7406005859375,1625.994873046875,1643.4630126953125,1658.820556640625,1672.9022216796875,1685.507080078125,1698.2972412109375,1715.93017578125,1738.642578125
2020-06-15,2020-06-08,1720.3,1690.9561767578125,1624.4725341796875,1646.8712158203125,1663.2520751953125,1677.5408935546875,1690.9561767578125,1703.219482421875,1714.472900390625,1731.9344482421875,1754.702880859375
2020-06-16,2020-06-09,1729.6,1708.1893310546875,1645.5697021484375,1667.30859375,1682.5908203125,1695.885009765625,1708.1893310546875,1719.084228515625,1729.274169921875,1744.5302734375,1764.498291015625
2020-06-17,2020-06-10,1729.2,1708.49560546875,1646.5230712890625,1667.8758544921875,1683.1888427734375,1696.3858642578125,1708.49560546875,1718.819091796875,1728.5560302734375,1743.4112548828125,1761.9033203125
2020-06-18,2020-06-11,1724.8,1726.80322265625,1665.7193603515625,1687.663818359375,1701.85400390625,1714.9205322265625,1726.80322265625,1737.194580078125,1746.9395751953125,1761.6826171875,1782.640869140625
2020-06-19,2020-06-12,1745.9,1727.0682373046875,1669.2333984375,1690.2591552734375,1703.28173828125,1715.609130859375,1727.0682373046875,1736.190673828125,1745.4808349609375,1759.2406005859375,1778.015625
2020-06-22,2020-06-15,1756.7,1719.778076171875,1664.1685791015625,1683.739013671875,1696.2193603515625,1708.0732421875,1719.778076171875,1728.7188720703125,1738.4051513671875,1752.135498046875,1770.840576171875
2020-06-23,2020-06-16,1772.1,1728.29931640625,1671.301025390625,1691.52978515625,1704.34912109375,1716.7393798828125,1728.29931640625,1736.849609375,1746.76416015625,1760.260986328125,1778.2852783203125
2020-06-24,2020-06-17,1765.8,1725.62353515625,1672.0185546875,1691.6260986328125,1703.635986328125,1715.6153564453125,1725.62353515625,1732.946044921875,1742.49609375,1754.8240966796875,1770.2666015625
2020-06-25,2020-06-18,1762.1,1721.4287109375,1672.2855224609375,1690.3592529296875,1700.69384765625,1711.8546142578125,1721.4287109375,1728.2459716796875,1736.999755859375,1748.7750244140625,1763.218505859375
2020-06-26,2020-06-19,1772.5,1737.9815673828125,1685.6668701171875,1704.84765625,1715.62158203125,1727.44384765625,1737.9815673828125,1745.81787109375,1755.636474609375,1769.18701171875,1786.404296875
2020-06-29,2020-06-22,1774.8,1746.948486328125,1690.9974365234375,1711.9075927734375,1723.42333984375,1735.5994873046875,1746.948486328125,1755.7989501953125,1766.1256103515625,1780.84619140625,1801.301513671875
2020-06-30,2020-06-23,1793.0,1758.3614501953125,1699.9462890625,1721.55419921875,1734.1524658203125,1746.479248046875,1758.3614501953125,1767.961669921875,1778.79443359375,1794.800537109375,1816.6290283203125
2020-07-01,2020-06-24,1773.2,1752.7608642578125,1701.169677734375,1720.632568359375,1731.763671875,1741.899658203125,1752.7608642578125,1760.9041748046875,1770.393310546875,1783.9481201171875,1802.3175048828125
2020-07-02,2020-06-25,1784.0,1752.9613037109375,1701.5244140625,1721.323974609375,1732.065185546875,1742.5498046875,1752.9613037109375,1760.7899169921875,1769.66259765625,1782.296142578125,1798.43896484375
2020-07-06,2020-06-26,1788.5,1764.16259765625,1712.28564453125,1732.5050048828125,1743.7215576171875,1753.740234375,1764.16259765625,1772.753173828125,1782.102783203125,1795.6693115234375,1811.22998046875
2020-07-07,2020-06-29,1804.2,1770.14697265625,1724.713623046875,1743.2520751953125,1752.5367431640625,1761.256591796875,1770.14697265625,1777.3079833984375,1785.4344482421875,1798.007568359375,1809.9842529296875
2020-07-08,2020-06-30,1815.5,1783.9368896484375,1734.116455078125,1753.812255859375,1764.69580078125,1774.1280517578125,1783.9368896484375,1792.7264404296875,1802.381591796875,1816.82470703125,1830.3463134765625
2020-07-09,2020-07-01,1799.2,1765.701416015625,1717.3089599609375,1736.539794921875,1747.325927734375,1756.0712890625,1765.701416015625,1773.6832275390625,1782.6795654296875,1795.8646240234375,1808.2213134765625
2020-07-10,2020-07-02,1798.2,1777.886962890625,1728.341552734375,1747.749267578125,1759.296142578125,1767.869873046875,1777.886962890625,1785.141845703125,1794.047119140625,1806.9681396484375,1821.1085205078125
2020-07-13,2020-07-06,1811.0,1779.51953125,1727.859619140625,1747.525390625,1759.4864501953125,1769.513427734375,1779.51953125,1786.77197265625,1795.3775634765625,1809.556640625,1821.8121337890625
2020-07-14,2020-07-07,1810.6,1790.94970703125,1740.8626708984375,1760.7232666015625,1772.05322265625,1781.391357421875,1790.94970703125,1798.48095703125,1806.7850341796875,1821.17822265625,1833.85546875
2020-07-15,2020-07-08,1811.4,1803.5904541015625,1748.7347412109375,1770.0411376953125,1783.0924072265625,1793.0767822265625,1803.5904541015625,1812.1240234375,1821.34521484375,1836.0537109375,1849.2252197265625
2020-07-16,2020-07-09,1798.7,1793.6865234375,1741.685302734375,1762.220703125,1773.66650390625,1783.603515625,1793.6865234375,1801.5313720703125,1810.1068115234375,1824.09912109375,1838.15625
2020-07-17,2020-07-10,1808.3,1792.5185546875,1740.30810546875,1761.1033935546875,1773.3121337890625,1782.7474365234375,1792.5185546875,1800.32080078125,1809.173828125,1822.0849609375,1834.2451171875
2020-07-20,2020-07-13,1815.9,1808.24951171875,1754.4686279296875,1776.7501220703125,1788.84375,1798.1671142578125,1808.24951171875,1816.9482421875,1825.5511474609375,1838.721435546875,1851.917236328125
2020-07-21,2020-07-14,1842.4,1812.594482421875,1764.5223388671875,1785.308837890625,1795.410400390625,1803.353759765625,1812.594482421875,1820.402587890625,1828.549072265625,1840.01611328125,1852.248779296875
2020-07-22,2020-07-15,1864.1,1809.0400390625,1760.8701171875,1781.3966064453125,1791.962890625,1800.592041015625,1809.0400390625,1815.6546630859375,1822.6097412109375,1833.2705078125,1845.000732421875
2020-07-23,2020-07-16,1889.1,1799.01220703125,1747.802978515625,1770.6522216796875,1781.396484375,1790.1541748046875,1799.01220703125,1806.7801513671875,1814.8648681640625,1825.6689453125,1837.030029296875
2020-07-24,2020-07-17,1897.3,1812.4290771484375,1759.744384765625,1784.15771484375,1795.134765625,1803.2109375,1812.4290771484375,1820.4951171875,1827.9398193359375,1838.705322265625,1850.071044921875
2020-07-27,2020-07-20,1931.0,1817.511962890625,1766.97900390625,1791.47021484375,1802.045654296875,1809.120361328125,1817.511962890625,1825.3851318359375,1831.1810302734375,1839.998291015625,1847.6173095703125
2020-07-28,2020-07-21,1944.7,1842.064697265625,1789.392333984375,1813.4801025390625,1825.46142578125,1832.8876953125,1842.064697265625,1850.7667236328125,1858.6402587890625,1869.241943359375,1881.1304931640625
2020-07-29,2020-07-22,1953.5,1859.131103515625,1798.41552734375,1824.056884765625,1838.320068359375,1848.27978515625,1859.131103515625,1869.396484375,1878.7596435546875,1892.5184326171875,1908.3408203125
2020-07-30,2020-07-23,1942.3,1879.0050048828125,1803.5472412109375,1833.8515625,1851.3524169921875,1864.9312744140625,1879.0050048828125,1891.8935546875,1903.6656494140625,1920.1246337890625,1941.909912109375
2020-07-31,2020-07-24,1962.8,1888.8260498046875,1816.8177490234375,1847.6116943359375,1865.045654296875,1875.2327880859375,1888.8260498046875,1901.912109375,1911.067138671875,1928.1785888671875,1949.59228515625
2020-08-03,2020-07-27,1966.0,1918.454833984375,1829.7408447265625,1865.7900390625,1886.979248046875,1900.681640625,1918.454833984375,1935.9830322265625,1949.89208984375,1972.482177734375,2004.673828125
2020-08-04,2020-07-28,2001.2,1942.5947265625,1843.7996826171875,1883.1865234375,1905.777099609375,1923.10986328125,1942.5947265625,1960.7733154296875,1976.288330078125,2000.762451171875,2034.05517578125
2020-08-05,2020-07-29,2031.1,1955.76904296875,1855.909912109375,1896.40625,1920.211181640625,1936.12109375,1955.76904296875,1974.0985107421875,1989.421630859375,2012.5858154296875,2044.567138671875
2020-08-06,2020-07-30,2051.5,1945.8125,1856.853271484375,1892.5335693359375,1914.0880126953125,1928.6536865234375,1945.8125,1962.911376953125,1974.80029296875,1996.210693359375,2023.6500244140625
2020-08-07,2020-07-31,2010.1,1975.85498046875,1881.7581787109375,1919.786376953125,1941.91064453125,1957.480712890625,1975.85498046875,1993.90185546875,2007.579833984375,2030.834716796875,2063.58251953125
2020-08-10,2020-08-03,2024.4,1976.463623046875,1898.070556640625,1932.632568359375,1950.109619140625,1962.148681640625,1976.463623046875,1991.6083984375,2001.167236328125,2018.794921875,2042.021240234375
2020-08-11,2020-08-04,1932.6,2010.725341796875,1928.341064453125,1964.37890625,1983.546142578125,1993.728759765625,2010.725341796875,2027.937744140625,2037.5380859375,2058.256591796875,2086.25439453125
2020-08-12,2020-08-05,1934.9,2045.781982421875,1958.206298828125,1996.367919921875,2015.8804931640625,2027.496337890625,2045.781982421875,2064.697265625,2075.475341796875,2097.4013671875,2128.645263671875
2020-08-13,2020-08-06,1956.7,2072.3759765625,1977.3251953125,2018.986083984375,2040.52783203125,2053.6416015625,2072.3759765625,2092.45947265625,2105.050048828125,2128.46875,2163.759033203125
2020-08-14,2020-08-07,1937.0,2011.4195556640625,1929.033203125,1964.745849609375,1984.0584716796875,1995.9168701171875,2011.4195556640625,2027.919921875,2039.0147705078125,2058.04833984375,2083.628662109375
2020-08-17,2020-08-10,1985.0,2034.18701171875,1957.297607421875,1990.6953125,2008.30908203125,2019.419677734375,2034.18701171875,2049.17626953125,2059.576416015625,2075.609375,2100.292236328125
2020-08-18,2020-08-11,1999.4,1914.12353515625,1803.9359130859375,1845.2796630859375,1871.50830078125,1892.1436767578125,1914.12353515625,1935.0821533203125,1954.435546875,1981.3636474609375,2018.7947998046875
2020-08-19,2020-08-12,1958.7,1932.17529296875,1839.193359375,1875.36669921875,1897.561767578125,1914.215087890625,1932.17529296875,1950.652099609375,1966.39990234375,1989.157470703125,2020.6160888671875
2020-08-20,2020-08-13,1933.8,1968.808349609375,1891.1826171875,1921.926025390625,1941.547119140625,1955.1566162109375,1968.808349609375,1984.8603515625,1998.9461669921875,2018.273681640625,2045.3759765625
2020-08-21,2020-08-14,1934.6,1940.046875,1865.405029296875,1894.5074462890625,1912.86572265625,1926.7135009765625,1940.046875,1955.3773193359375,1971.49755859375,1991.3779296875,2018.0894775390625
2020-08-24,2020-08-17,1927.7,1992.7022705078125,1915.621826171875,1945.86572265625,1965.34326171875,1979.309814453125,1992.7022705078125,2008.497802734375,2023.546875,2042.7689208984375,2071.48583984375
2020-08-25,2020-08-18,1911.8,2011.2216796875,1939.44287109375,1967.0721435546875,1984.52099609375,1998.30078125,2011.2216796875,2025.873046875,2040.4927978515625,2058.484130859375,2088.442626953125
2020-08-26,2020-08-19,1940.7,1966.734130859375,1884.96728515625,1914.499755859375,1933.6949462890625,1950.052734375,1966.734130859375,1983.17578125,1999.3887939453125,2019.788818359375,2052.266845703125
2020-08-27,2020-08-20,1921.6,1936.742919921875,1848.41845703125,1879.38818359375,1900.572021484375,1918.388427734375,1936.742919921875,1955.196533203125,1973.07275390625,1994.87353515625,2028.8070068359375
2020-08-28,2020-08-21,1964.6,1937.0975341796875,1857.678955078125,1885.108642578125,1904.6759033203125,1920.3319091796875,1937.0975341796875,1953.838623046875,1970.67041015625,1991.7493896484375,2025.745361328125
2020-08-31,2020-08-24,1967.6,1929.66015625,1855.04345703125,1881.167724609375,1899.62548828125,1914.2044677734375,1929.66015625,1945.84326171875,1961.208740234375,1981.132080078125,2012.947998046875
2020-09-01,2020-08-25,1968.2,1907.3402099609375,1830.3922119140625,1857.7972412109375,1876.726806640625,1891.5611572265625,1907.3402099609375,1924.0762939453125,1939.843505859375,1960.2645263671875,1989.90087890625
2020-09-02,2020-08-26,1934.4,1943.111328125,1861.19873046875,1889.3084716796875,1910.3170166015625,1926.7127685546875,1943.111328125,1960.2611083984375,1975.33203125,1995.738525390625,2025.748046875
2020-09-03,2020-08-27,1927.6,1918.56591796875,1841.798583984375,1868.7342529296875,1887.578369140625,1902.340087890625,1918.56591796875,1933.9111328125,1947.73583984375,1967.015625,1994.796630859375
2020-09-04,2020-08-28,1923.9,1956.221923828125,1872.850830078125,1901.6397705078125,1921.800048828125,1938.3695068359375,1956.221923828125,1972.86181640625,1987.561279296875,2008.2532958984375,2039.946044921875
2020-09-08,2020-08-31,1933.0,1967.43701171875,1893.6666259765625,1919.478759765625,1936.739501953125,1951.427490234375,1967.43701171875,1983.1966552734375,1995.9910888671875,2015.0960693359375,2045.754150390625
2020-09-09,2020-09-01,1944.7,1964.1708984375,1887.24658203125,1915.0853271484375,1934.07177734375,1948.652099609375,1964.1708984375,1979.9381103515625,1993.9814453125,2012.1173095703125,2041.696044921875
2020-09-10,2020-09-02,1954.2,1932.124267578125,1854.4312744140625,1881.79736328125,1900.724365234375,1915.5423583984375,1932.124267578125,1948.9100341796875,1964.348876953125,1982.9801025390625,2014.3531494140625
2020-09-11,2020-09-03,1937.8,1921.8006591796875,1845.416259765625,1871.2978515625,1890.303466796875,1904.638427734375,1921.8006591796875,1937.7030029296875,1954.6015625,1974.4111328125,2008.27734375
2020-09-14,2020-09-04,1953.1,1915.2095947265625,1851.80078125,1871.49267578125,1887.50830078125,1900.44775390625,1915.2095947265625,1929.3409423828125,1944.719970703125,1962.683837890625,1994.089111328125
2020-09-15,2020-09-08,1956.3,1927.118896484375,1865.34521484375,1886.227783203125,1902.02490234375,1913.727294921875,1927.118896484375,1939.2364501953125,1954.11083984375,1970.4639892578125,1999.3885498046875
2020-09-16,2020-09-09,1960.2,1940.91748046875,1881.5906982421875,1903.002685546875,1917.233642578125,1929.456787109375,1940.91748046875,1952.5687255859375,1966.401123046875,1981.9244384765625,2008.585693359375
2020-09-17,2020-09-10,1940.0,1950.7518310546875,1892.78076171875,1915.3143310546875,1928.3734130859375,1939.3564453125,1950.7518310546875,1961.7716064453125,1975.07275390625,1990.12646484375,2014.695556640625
2020-09-18,2020-09-11,1952.1,1927.880126953125,1871.9185791015625,1892.5858154296875,1905.451171875,1916.50537109375,1927.880126953125,1938.611328125,1951.726806640625,1966.835693359375,1991.295654296875
2020-09-21,2020-09-14,1901.2,1947.4033203125,1886.6993408203125,1908.7421875,1924.112548828125,1935.4635009765625,1947.4033203125,1958.27734375,1972.050048828125,1987.474609375,2011.8017578125
2020-09-22,2020-09-15,1898.6,1955.84765625,1902.875,1922.9542236328125,1936.4364013671875,1946.88525390625,1955.84765625,1965.8251953125,1977.4136962890625,1990.5479736328125,2011.10400390625
2020-09-23,2020-09-16,1859.9,1959.331298828125,1906.021240234375,1926.304931640625,1938.6025390625,1949.033203125,1959.331298828125,1969.4620361328125,1980.78173828125,1994.64501953125,2014.5809326171875
2020-09-24,2020-09-17,1868.3,1936.9095458984375,1880.144287109375,1902.134765625,1914.608642578125,1926.315673828125,1936.9095458984375,1945.502685546875,1956.75634765625,1970.3099365234375,1988.7576904296875
2020-09-25,2020-09-18,1857.7,1949.52392578125,1895.624267578125,1915.6397705078125,1927.6845703125,1939.057861328125,1949.52392578125,1957.6185302734375,1968.51611328125,1982.2528076171875,2001.75927734375
2020-09-28,2020-09-21,1872.8,1904.0780029296875,1845.025634765625,1865.80224609375,1879.10302734375,1891.0333251953125,1904.0780029296875,1912.98583984375,1926.6024169921875,1943.9451904296875,1967.264892578125
2020-09-29,2020-09-22,1894.3,1897.978759765625,1840.2613525390625,1861.0234375,1873.964111328125,1885.6546630859375,1897.978759765625,1907.2723388671875,1920.4925537109375,1938.605712890625,1962.701416015625
2020-09-30,2020-09-23,1887.5,1856.48974609375,1791.1549072265625,1814.972900390625,1829.298828125,1842.26123046875,1856.48974609375,1866.8819580078125,1880.5345458984375,1899.364990234375,1925.5887451171875
2020-10-01,2020-09-24,1908.4,1866.1942138671875,1806.537353515625,1829.151611328125,1841.6182861328125,1852.9986572265625,1866.1942138671875,1875.9886474609375,1888.8382568359375,1905.4937744140625,1927.7275390625
2020-10-02,2020-09-25,1900.2,1853.2269287109375,1793.206787109375,1816.315185546875,1829.310546875,1841.0028076171875,1853.2269287109375,1864.0728759765625,1875.769775390625,1892.302734375,1913.510498046875
2020-10-05,2020-09-28,1912.5,1861.7386474609375,1799.0589599609375,1823.179931640625,1836.76220703125,1849.0736083984375,1861.7386474609375,1872.0211181640625,1883.826904296875,1901.206787109375,1922.629638671875
2020-10-06,2020-09-29,1901.1,1889.66845703125,1827.1005859375,1851.56640625,1865.031494140625,1877.5010986328125,1889.66845703125,1899.900390625,1911.10986328125,1928.44091796875,1950.3731689453125
2020-10-07,2020-09-30,1883.6,1882.2061767578125,1822.673583984375,1845.0977783203125,1858.782470703125,1870.2486572265625,1882.2061767578125,1892.228271484375,1902.869873046875,1918.968994140625,1939.87109375
2020-10-08,2020-10-01,1888.6,1904.10791015625,1844.1195068359375,1865.9149169921875,1879.6055908203125,1891.5419921875,1904.10791015625,1914.5015869140625,1924.799072265625,1941.442626953125,1964.327880859375
2020-10-09,2020-10-02,1919.5,1893.3734130859375,1835.054931640625,1855.2705078125,1868.802734375,1880.719482421875,1893.3734130859375,1903.5950927734375,1913.953369140625,1929.9151611328125,1953.4090576171875
2020-10-12,2020-10-05,1922.5,1907.62353515625,1849.2933349609375,1869.896484375,1883.595703125,1895.438232421875,1907.62353515625,1917.158447265625,1926.3743896484375,1941.9381103515625,1962.5745849609375
2020-10-13,2020-10-06,1888.5,1896.349853515625,1840.3057861328125,1860.52197265625,1873.695068359375,1885.19091796875,1896.349853515625,1906.27099609375,1915.7125244140625,1930.1966552734375,1949.42724609375
2020-10-14,2020-10-07,1901.3,1875.106201171875,1822.3575439453125,1841.104736328125,1852.9912109375,1863.927490234375,1875.106201171875,1884.3955078125,1894.7215576171875,1908.9794921875,1929.48193359375
2020-10-15,2020-10-08,1903.2,1882.5830078125,1832.3935546875,1849.4285888671875,1861.0386962890625,1872.1593017578125,1882.5830078125,1890.72216796875,1901.24755859375,1914.7529296875,1933.628662109375
2020-10-16,2020-10-09,1900.8,1913.827392578125,1852.566162109375,1874.2843017578125,1888.501708984375,1901.7667236328125,1913.827392578125,1924.7041015625,1937.408447265625,1953.42236328125,1974.9605712890625
2020-10-19,2020-10-12,1906.4,1916.0206298828125,1856.6513671875,1878.3753662109375,1892.4217529296875,1904.485595703125,1916.0206298828125,1926.2054443359375,1938.127197265625,1953.373779296875,1975.128662109375
2020-10-20,2020-10-13,1910.4,1880.35986328125,1822.3226318359375,1843.985595703125,1857.10986328125,1868.84033203125,1880.35986328125,1889.580078125,1900.466064453125,1914.298583984375,1932.933837890625
2020-10-21,2020-10-14,1924.6,1892.2171630859375,1836.89990234375,1857.29052734375,1869.536865234375,1880.87109375,1892.2171630859375,1901.351806640625,1911.620361328125,1924.823486328125,1943.0264892578125
2020-10-22,2020-10-15,1901.1,1899.36572265625,1841.536376953125,1864.4970703125,1876.9195556640625,1888.206787109375,1899.36572265625,1908.8743896484375,1918.78466796875,1932.2197265625,1950.0106201171875
2020-10-23,2020-10-16,1902.0,1896.20751953125,1843.685546875,1864.223876953125,1875.89111328125,1885.9677734375,1896.20751953125,1903.804931640625,1912.5390625,1925.4219970703125,1942.3055419921875
2020-10-26,2020-10-19,1902.7,1898.5653076171875,1843.990478515625,1865.310302734375,1877.6988525390625,1887.989013671875,1898.5653076171875,1907.8687744140625,1916.2962646484375,1929.6473388671875,1945.705810546875
2020-10-27,2020-10-20,1908.8,1902.08642578125,1850.6259765625,1869.390380859375,1882.0330810546875,1892.094482421875,1902.08642578125,1910.4044189453125,1919.419921875,1932.98974609375,1949.797607421875
2020-10-28,2020-10-21,1876.2,1914.822265625,1860.0513916015625,1880.781982421875,1893.494873046875,1904.3885498046875,1914.822265625,1924.028076171875,1934.0548095703125,1949.0635986328125,1966.8843994140625
2020-10-29,2020-10-22,1865.6,1892.662109375,1845.2781982421875,1862.45556640625,1873.7257080078125,1883.297119140625,1892.662109375,1900.537109375,1909.369873046875,1922.3638916015625,1939.443359375
2020-10-30,2020-10-23,1877.4,1893.769287109375,1849.258056640625,1864.8289794921875,1874.736328125,1885.200439453125,1893.769287109375,1900.55126953125,1908.7666015625,1921.2772216796875,1937.898193359375
2020-11-02,2020-10-26,1890.4,1897.3851318359375,1853.37548828125,1869.09765625,1878.600830078125,1888.90234375,1897.3851318359375,1904.6009521484375,1913.4517822265625,1926.1524658203125,1943.0791015625
2020-11-03,2020-10-27,1908.5,1907.226806640625,1861.642578125,1879.156982421875,1888.442626953125,1898.7181396484375,1907.226806640625,1915.183837890625,1924.2469482421875,1936.470947265625,1952.825439453125
2020-11-04,2020-10-28,1894.6,1874.8486328125,1825.8427734375,1844.39501953125,1854.599853515625,1865.492919921875,1874.8486328125,1883.166259765625,1893.0997314453125,1906.212890625,1922.0390625
2020-11-05,2020-10-29,1945.3,1863.4306640625,1814.3321533203125,1832.1534423828125,1842.511962890625,1854.1815185546875,1863.4306640625,1871.553955078125,1881.612060546875,1894.9105224609375,1911.6358642578125
2020-11-06,2020-10-30,1950.3,1875.2091064453125,1828.1436767578125,1844.492919921875,1854.400146484375,1865.783935546875,1875.2091064453125,1883.27099609375,1892.5958251953125,1906.105712890625,1922.1546630859375
2020-11-09,2020-11-02,1853.2,1888.6761474609375,1844.7763671875,1860.90087890625,1869.2747802734375,1879.8541259765625,1888.6761474609375,1895.460693359375,1904.685546875,1917.271240234375,1932.679443359375
2020-11-10,2020-11-03,1875.4,1907.4676513671875,1862.40087890625,1879.33984375,1887.9857177734375,1898.6068115234375,1907.4676513671875,1914.70556640625,1923.825927734375,1937.544189453125,1952.2691650390625
2020-11-11,2020-11-04,1860.7,1891.5452880859375,1846.7410888671875,1863.9908447265625,1872.6693115234375,1882.831298828125,1891.5452880859375,1899.66943359375,1908.2745361328125,1921.705078125,1936.244140625
2020-11-12,2020-11-05,1872.6,1931.239990234375,1875.7025146484375,1896.1259765625,1908.060791015625,1920.7452392578125,1931.239990234375,1942.50537109375,1953.6630859375,1970.770751953125,1990.2742919921875
2020-11-13,2020-11-06,1885.7,1939.7476806640625,1881.9429931640625,1903.33935546875,1916.4132080078125,1928.93017578125,1939.7476806640625,1950.9716796875,1962.3980712890625,1978.1793212890625,1995.622314453125
2020-11-16,2020-11-09,1887.3,1858.284912109375,1783.6319580078125,1810.5517578125,1826.7640380859375,1843.535400390625,1858.284912109375,1871.8900146484375,1885.0870361328125,1904.144287109375,1925.608642578125
2020-11-17,2020-11-10,1884.5,1880.1163330078125,1823.5115966796875,1844.169189453125,1855.686767578125,1868.949951171875,1880.1163330078125,1890.793701171875,1900.91943359375,1915.6923828125,1933.84619140625
2020-11-18,2020-11-11,1873.5,1861.12158203125,1806.47607421875,1826.9437255859375,1837.8031005859375,1850.731689453125,1861.12158203125,1870.8740234375,1881.4586181640625,1896.926513671875,1915.311767578125
2020-11-19,2020-11-12,1861.1,1878.32666015625,1825.9293212890625,1845.881103515625,1855.7003173828125,1868.2982177734375,1878.32666015625,1887.9599609375,1898.722900390625,1913.849365234375,1931.767578125
2020-11-20,2020-11-13,1872.6,1888.1839599609375,1832.3988037109375,1853.077880859375,1864.2740478515625,1877.2333984375,1888.1839599609375,1896.953857421875,1908.5643310546875,1924.716796875,1943.0296630859375
2020-11-23,2020-11-16,1837.8,1889.9754638671875,1838.4013671875,1857.734375,1868.0946044921875,1880.108642578125,1889.9754638671875,1898.3243408203125,1908.563720703125,1924.07373046875,1942.4530029296875
2020-11-24,2020-11-17,1804.8,1882.0247802734375,1829.054443359375,1848.070068359375,1858.4820556640625,1871.4512939453125,1882.0247802734375,1890.970703125,1901.476806640625,1917.01953125,1936.4033203125
2020-11-25,2020-11-18,1805.7,1866.858642578125,1819.6767578125,1836.3660888671875,1846.076904296875,1857.060546875,1866.858642578125,1874.3026123046875,1884.0091552734375,1898.2347412109375,1914.0501708984375
2020-11-27,2020-11-19,1781.9,1852.673828125,1800.87841796875,1819.8118896484375,1830.245361328125,1842.23583984375,1852.673828125,1861.1043701171875,1871.21337890625,1886.704345703125,1903.004638671875
2020-11-30,2020-11-20,1775.7,1865.88720703125,1816.5208740234375,1834.240966796875,1844.25732421875,1855.5382080078125,1865.88720703125,1874.2366943359375,1884.1021728515625,1898.9609375,1915.7685546875
2020-12-01,2020-11-23,1814.1,1831.8974609375,1778.410400390625,1797.869873046875,1808.578125,1820.7991943359375,1831.8974609375,1841.0977783203125,1851.47021484375,1867.0986328125,1884.8115234375
2020-12-02,2020-11-24,1825.7,1798.333251953125,1729.204833984375,1753.82861328125,1768.309326171875,1783.34423828125,1798.333251953125,1810.7471923828125,1824.28466796875,1843.744140625,1865.0665283203125
2020-12-03,2020-11-25,1836.8,1793.794677734375,1724.7623291015625,1749.1961669921875,1763.698974609375,1779.447021484375,1793.794677734375,1805.91162109375,1818.724609375,1838.12548828125,1860.46435546875
2020-12-04,2020-11-27,1835.9,1772.7607421875,1701.6710205078125,1726.5260009765625,1742.30712890625,1758.606689453125,1772.7607421875,1785.773193359375,1798.509521484375,1818.9385986328125,1841.6337890625
2020-12-07,2020-11-30,1861.8,1762.7906494140625,1695.7423095703125,1720.043701171875,1735.147216796875,1749.7373046875,1762.7906494140625,1775.93505859375,1788.755859375,1807.4500732421875,1829.501708984375
2020-12-08,2020-12-01,1870.8,1809.94677734375,1742.67724609375,1766.88916015625,1782.105224609375,1797.388427734375,1809.94677734375,1823.1453857421875,1836.1802978515625,1855.55712890625,1878.1575927734375
2020-12-09,2020-12-02,1834.6,1818.696533203125,1751.283447265625,1775.459228515625,1790.468017578125,1805.6180419921875,1818.696533203125,1832.05810546875,1844.1396484375,1863.357177734375,1885.271484375
2020-12-10,2020-12-03,1833.6,1830.7314453125,1766.977294921875,1789.685791015625,1804.3074951171875,1818.998291015625,1830.7314453125,1843.28515625,1853.79541015625,1870.863037109375,1891.158203125
2020-12-11,2020-12-04,1839.8,1827.1552734375,1766.9083251953125,1787.8812255859375,1801.908203125,1816.146240234375,1827.1552734375,1839.0401611328125,1849.177734375,1865.3876953125,1884.8675537109375
2020-12-14,2020-12-07,1828.7,1852.0126953125,1787.43896484375,1810.89208984375,1825.82080078125,1840.495849609375,1852.0126953125,1865.2176513671875,1876.6837158203125,1893.718505859375,1915.58740234375
2020-12-15,2020-12-08,1852.3,1857.486328125,1794.362548828125,1817.501220703125,1833.08642578125,1847.233642578125,1857.486328125,1869.877197265625,1881.3507080078125,1896.98388671875,1917.748291015625
2020-12-16,2020-12-09,1856.1,1828.0108642578125,1762.2188720703125,1784.9393310546875,1802.17578125,1816.7177734375,1828.0108642578125,1840.5753173828125,1852.956298828125,1869.730712890625,1890.456787109375
2020-12-17,2020-12-10,1887.2,1826.969970703125,1767.5574951171875,1788.09228515625,1803.5462646484375,1816.572021484375,1826.969970703125,1838.8646240234375,1849.555419921875,1864.8787841796875,1884.678466796875
2020-12-18,2020-12-11,1885.7,1838.3759765625,1780.810546875,1801.4385986328125,1816.144287109375,1828.578369140625,1838.3759765625,1849.642333984375,1860.844482421875,1875.8890380859375,1895.3175048828125
2020-12-21,2020-12-14,1879.2,1826.7879638671875,1773.37451171875,1792.4210205078125,1806.1209716796875,1817.6856689453125,1826.7879638671875,1837.710693359375,1848.203369140625,1862.5281982421875,1880.0802001953125
2020-12-22,2020-12-15,1866.6,1855.0111083984375,1796.76171875,1817.0870361328125,1832.1907958984375,1845.4676513671875,1855.0111083984375,1867.5224609375,1878.134033203125,1893.417724609375,1911.765625
2020-12-23,2020-12-16,1874.7,1851.667236328125,1795.9407958984375,1815.3646240234375,1829.8739013671875,1842.0072021484375,1851.667236328125,1863.555419921875,1874.26904296875,1888.874755859375,1906.52587890625
2020-12-24,2020-12-17,1879.9,1874.7471923828125,1810.41162109375,1833.04638671875,1849.770263671875,1863.7193603515625,1874.7471923828125,1887.5894775390625,1899.5047607421875,1916.0316162109375,1934.366455078125
2020-12-28,2020-12-18,1877.2,1873.79541015625,1810.9013671875,1833.125732421875,1849.927490234375,1862.81103515625,1873.79541015625,1886.808349609375,1897.5858154296875,1913.2542724609375,1930.084228515625
2020-12-29,2020-12-21,1879.7,1865.9478759765625,1808.814208984375,1829.4306640625,1844.2943115234375,1856.023681640625,1865.9478759765625,1877.47021484375,1887.8497314453125,1902.5762939453125,1918.182861328125
2020-12-30,2020-12-22,1891.0,1854.1650390625,1798.5933837890625,1819.0615234375,1833.1275634765625,1844.50537109375,1854.1650390625,1865.345458984375,1874.405517578125,1889.2880859375,1904.9520263671875
2020-12-31,2020-12-23,1893.1,1866.7581787109375,1810.4437255859375,1831.2470703125,1845.903564453125,1856.9776611328125,1866.7581787109375,1877.306396484375,1887.303955078125,1901.2333984375,1915.5628662109375
2021-01-04,2020-12-24,1944.7,1870.547119140625,1817.400634765625,1836.6829833984375,1850.5628662109375,1860.5428466796875,1870.547119140625,1880.667724609375,1890.546142578125,1903.95556640625,1918.7467041015625
2021-01-05,2020-12-28,1952.7,1875.9986572265625,1824.6649169921875,1843.538818359375,1856.912353515625,1866.718017578125,1875.9986572265625,1885.407958984375,1894.1546630859375,1906.5303955078125,1918.94775390625
2021-01-06,2020-12-29,1906.9,1873.13623046875,1819.505615234375,1838.9652099609375,1854.3465576171875,1863.1512451171875,1873.13623046875,1882.828857421875,1891.59326171875,1904.377685546875,1917.3917236328125
2021-01-07,2020-12-30,1912.3,1885.15087890625,1831.707763671875,1850.6943359375,1865.65625,1874.671630859375,1885.15087890625,1895.321044921875,1904.833984375,1917.216552734375,1932.880859375
2021-01-08,2020-12-31,1834.1,1892.072509765625,1838.18505859375,1857.0240478515625,1872.5169677734375,1881.8203125,1892.072509765625,1901.961669921875,1910.72802734375,1923.13916015625,1937.5963134765625
2021-01-11,2021-01-04,1849.6,1937.5877685546875,1860.1683349609375,1886.3984375,1908.192138671875,1923.251953125,1937.5877685546875,1953.1796875,1967.3150634765625,1986.83056640625,2010.507568359375
2021-01-12,2021-01-05,1842.9,1948.72119140625,1866.287841796875,1894.1929931640625,1916.9405517578125,1933.603515625,1948.72119140625,1965.515869140625,1979.1231689453125,1997.923828125,2021.8857421875
2021-01-13,2021-01-06,1853.6,1899.4105224609375,1829.2882080078125,1852.6767578125,1872.193115234375,1885.661376953125,1899.4105224609375,1911.795654296875,1924.533203125,1941.068115234375,1959.2265625
2021-01-14,2021-01-07,1850.3,1908.7261962890625,1840.7235107421875,1863.732177734375,1882.3060302734375,1896.08984375,1908.7261962890625,1921.11279296875,1932.783447265625,1948.5726318359375,1967.096923828125
2021-01-15,2021-01-08,1829.3,1834.2041015625,1758.697021484375,1784.7073974609375,1804.262451171875,1819.1593017578125,1834.2041015625,1847.72265625,1861.33349609375,1879.4783935546875,1901.465576171875
2021-01-19,2021-01-11,1839.5,1846.95068359375,1781.026611328125,1803.7371826171875,1820.623779296875,1833.9892578125,1846.95068359375,1859.5338134765625,1871.8564453125,1888.677490234375,1907.591552734375
2021-01-20,2021-01-12,1865.9,1838.7994384765625,1777.4693603515625,1798.4312744140625,1813.777099609375,1826.615478515625,1838.7994384765625,1850.875732421875,1861.83984375,1877.751708984375,1896.4952392578125
2021-01-21,2021-01-13,1865.3,1852.832275390625,1791.0450439453125,1812.27099609375,1828.692138671875,1840.8538818359375,1852.832275390625,1864.5709228515625,1874.9520263671875,1890.66259765625,1909.11376953125
2021-01-22,2021-01-14,1855.7,1851.8206787109375,1795.2728271484375,1814.633544921875,1829.6536865234375,1841.1761474609375,1851.8206787109375,1862.7088623046875,1871.6439208984375,1886.2041015625,1902.8148193359375
2021-01-25,2021-01-15,1854.9,1824.5831298828125,1769.3358154296875,1787.7425537109375,1803.103515625,1814.2908935546875,1824.5831298828125,1835.2969970703125,1845.207275390625,1859.711181640625,1876.681396484375
2021-01-26,2021-01-19,1850.7,1838.267333984375,1783.233642578125,1801.4749755859375,1816.9927978515625,1828.6993408203125,1838.267333984375,1849.5645751953125,1858.422607421875,1873.647216796875,1891.19873046875
2021-01-27,2021-01-20,1844.9,1863.93896484375,1805.4482421875,1825.088134765625,1841.051513671875,1853.059326171875,1863.93896484375,1875.411865234375,1884.8282470703125,1900.218994140625,1919.151611328125
2021-01-28,2021-01-21,1837.9,1866.718994140625,1809.2938232421875,1829.1046142578125,1844.1754150390625,1856.292236328125,1866.718994140625,1877.84033203125,1885.9078369140625,1900.517578125,1918.2305908203125
2021-01-29,2021-01-22,1847.3,1853.236083984375,1797.0950927734375,1816.7772216796875,1831.4251708984375,1842.89208984375,1853.236083984375,1863.49072265625,1871.0946044921875,1885.1727294921875,1903.586669921875
2021-02-01,2021-01-25,1860.8,1851.642333984375,1797.1895751953125,1816.023681640625,1830.3997802734375,1841.350830078125,1851.642333984375,1861.984619140625,1870.1512451171875,1883.37890625,1901.784912109375
2021-02-02,2021-01-26,1830.5,1846.844970703125,1798.194091796875,1814.342529296875,1827.668212890625,1837.4747314453125,1846.844970703125,1855.50390625,1863.605712890625,1875.6802978515625,1893.592529296875
2021-02-03,2021-01-27,1832.2,1843.639892578125,1798.299560546875,1813.048583984375,1825.870361328125,1835.401611328125,1843.639892578125,1852.2225341796875,1860.352783203125,1872.7822265625,1890.0479736328125
2021-02-04,2021-01-28,1788.9,1834.4217529296875,1791.646484375,1804.7786865234375,1816.906494140625,1825.9381103515625,1834.4217529296875,1841.861328125,1849.234619140625,1861.8363037109375,1877.76904296875
2021-02-05,2021-01-29,1810.9,1846.7271728515625,1802.432861328125,1816.527099609375,1828.8917236328125,1838.4149169921875,1846.7271728515625,1854.6605224609375,1862.336669921875,1874.8858642578125,1891.6441650390625
2021-02-08,2021-02-01,1831.9,1859.2734375,1811.710693359375,1827.51025390625,1840.54296875,1850.445068359375,1859.2734375,1867.6085205078125,1875.9793701171875,1888.361328125,1905.29248046875
2021-02-09,2021-02-02,1835.3,1828.6895751953125,1784.366943359375,1799.1424560546875,1811.4033203125,1820.27783203125,1828.6895751953125,1836.24072265625,1844.012451171875,1856.003173828125,1871.3475341796875
2021-02-10,2021-02-03,1840.6,1829.3670654296875,1785.9443359375,1799.48486328125,1811.0830078125,1820.527099609375,1829.3670654296875,1836.49853515625,1843.870361328125,1855.369140625,1870.5518798828125
2021-02-11,2021-02-04,1824.9,1784.7548828125,1730.6978759765625,1748.994140625,1763.63818359375,1773.9061279296875,1784.7548828125,1794.3087158203125,1803.8685302734375,1818.224365234375,1837.69384765625
2021-02-12,2021-02-05,1821.6,1806.8773193359375,1759.0086669921875,1774.2257080078125,1787.524658203125,1796.64990234375,1806.8773193359375,1815.1126708984375,1823.779296875,1836.4285888671875,1852.85302734375
2021-02-16,2021-02-08,1797.2,1825.8363037109375,1781.69580078125,1795.565673828125,1807.474853515625,1816.8209228515625,1825.8363037109375,1834.175048828125,1843.096435546875,1855.3385009765625,1872.57666015625
2021-02-17,2021-02-09,1771.1,1828.4178466796875,1785.9852294921875,1799.30078125,1810.4310302734375,1819.884765625,1828.4178466796875,1836.35400390625,1844.96484375,1856.8427734375,1873.8587646484375
2021-02-18,2021-02-10,1773.4,1833.914306640625,1788.961181640625,1802.766357421875,1814.9156494140625,1825.1051025390625,1833.914306640625,1841.98095703125,1851.4541015625,1863.8638916015625,1880.7559814453125
2021-02-19,2021-02-11,1775.8,1820.53515625,1778.340087890625,1791.5985107421875,1802.810546875,1812.44580078125,1820.53515625,1827.970947265625,1836.6759033203125,1848.4705810546875,1865.396728515625
2021-02-22,2021-02-12,1806.7,1819.852783203125,1779.4512939453125,1792.367919921875,1803.041748046875,1811.5662841796875,1819.852783203125,1827.619140625,1836.9439697265625,1848.0946044921875,1864.2540283203125
2021-02-23,2021-02-16,1804.4,1797.44482421875,1754.158447265625,1768.1727294921875,1779.778076171875,1788.538330078125,1797.44482421875,1804.966064453125,1814.8209228515625,1827.0550537109375,1842.94384765625
2021-02-24,2021-02-17,1796.4,1768.2708740234375,1719.0557861328125,1735.087646484375,1748.3590087890625,1757.8067626953125,1768.2708740234375,1776.744873046875,1787.487548828125,1801.6673583984375,1820.30078125
2021-02-25,2021-02-18,1774.4,1769.672119140625,1723.2303466796875,1738.143798828125,1751.26953125,1759.891357421875,1769.672119140625,1777.614013671875,1787.787109375,1801.7552490234375,1819.8209228515625
2021-02-26,2021-02-19,1728.1,1771.270263671875,1726.1044921875,1741.21044921875,1753.49755859375,1762.1329345703125,1771.270263671875,1777.5723876953125,1785.9742431640625,1798.8680419921875,1814.3096923828125
2021-03-01,2021-02-22,1722.5,1800.5640869140625,1751.4957275390625,1766.5894775390625,1780.2481689453125,1790.828369140625,1800.5640869140625,1808.911865234375,1818.6795654296875,1832.2506103515625,1851.1346435546875
2021-03-02,2021-02-23,1733.1,1789.0126953125,1743.0743408203125,1757.2899169921875,1769.2939453125,1779.475341796875,1789.0126953125,1795.5184326171875,1803.7921142578125,1816.791015625,1831.704345703125
2021-03-03,2021-02-24,1715.3,1785.445068359375,1742.3701171875,1755.685791015625,1766.46044921875,1776.4794921875,1785.445068359375,1792.4654541015625,1800.5458984375,1812.217041015625,1826.4429931640625
2021-03-04,2021-02-25,1700.2,1768.4195556640625,1724.890380859375,1738.6953125,1749.53125,1760.021728515625,1768.4195556640625,1775.6064453125,1783.674560546875,1796.6109619140625,1812.876708984375
2021-03-05,2021-02-26,1698.0,1724.6065673828125,1672.221923828125,1689.16796875,1702.1068115234375,1714.05126953125,1724.6065673828125,1733.5888671875,1742.90283203125,1758.295166015625,1777.693359375
2021-03-08,2021-03-01,1677.7,1720.3511962890625,1670.6923828125,1686.4866943359375,1698.7633056640625,1710.527099609375,1720.3511962890625,1729.7432861328125,1739.022216796875,1755.011474609375,1773.8057861328125
2021-03-09,2021-03-02,1716.6,1731.15576171875,1682.879638671875,1699.1885986328125,1711.0115966796875,1721.942626953125,1731.15576171875,1739.7366943359375,1748.6492919921875,1762.7427978515625,1779.6580810546875
2021-03-10,2021-03-03,1721.5,1710.3642578125,1662.38916015625,1678.5595703125,1690.3988037109375,1700.98974609375,1710.3642578125,1718.9365234375,1728.3206787109375,1742.453125,1760.4423828125
2021-03-11,2021-03-04,1722.3,1692.9906005859375,1644.3814697265625,1660.277587890625,1672.6705322265625,1683.6055908203125,1692.9906005859375,1702.2381591796875,1712.8453369140625,1728.1171875,1747.512451171875
2021-03-12,2021-03-05,1719.5,1689.383544921875,1644.1739501953125,1658.7969970703125,1670.5426025390625,1680.707275390625,1689.383544921875,1697.735107421875,1706.775146484375,1720.28125,1737.3985595703125
2021-03-15,2021-03-08,1728.9,1664.3699951171875,1613.9932861328125,1632.359619140625,1644.1824951171875,1654.359375,1664.3699951171875,1673.02197265625,1683.578857421875,1698.1846923828125,1715.9512939453125
2021-03-16,2021-03-09,1730.6,1705.4434814453125,1649.5308837890625,1669.4420166015625,1681.879150390625,1694.431396484375,1705.4434814453125,1715.47021484375,1726.9456787109375,1743.0242919921875,1763.2069091796875
2021-03-17,2021-03-10,1726.8,1710.969970703125,1658.6259765625,1677.1920166015625,1689.1312255859375,1701.1090087890625,1710.969970703125,1720.2884521484375,1730.383544921875,1745.7274169921875,1764.37841796875
2021-03-18,2021-03-11,1732.2,1712.896484375,1666.039306640625,1682.128173828125,1693.184326171875,1703.215087890625,1712.896484375,1721.700439453125,1731.052734375,1745.2786865234375,1764.6220703125
2021-03-19,2021-03-12,1741.4,1709.1119384765625,1664.6893310546875,1679.121826171875,1690.4080810546875,1700.28466796875,1709.1119384765625,1717.5963134765625,1727.2803955078125,1741.4281005859375,1759.0762939453125
2021-03-22,2021-03-15,1737.8,1723.5115966796875,1675.92138671875,1691.4998779296875,1703.226318359375,1714.1571044921875,1723.5115966796875,1732.7235107421875,1743.211181640625,1758.433837890625,1776.78076171875
2021-03-23,2021-03-16,1724.7,1722.31201171875,1677.162841796875,1693.0108642578125,1704.20751953125,1713.7125244140625,1722.31201171875,1730.3822021484375,1739.6944580078125,1753.6868896484375,1768.11474609375
2021-03-24,2021-03-17,1732.9,1721.59912109375,1678.1826171875,1693.5552978515625,1704.06494140625,1713.2186279296875,1721.59912109375,1730.0135498046875,1739.1199951171875,1753.242431640625,1769.5343017578125
2021-03-25,2021-03-18,1724.9,1727.85595703125,1684.109130859375,1699.8770751953125,1710.2476806640625,1719.3648681640625,1727.85595703125,1736.11181640625,1745.48388671875,1759.599853515625,1776.47607421875
2021-03-26,2021-03-19,1732.2,1738.70166015625,1695.48486328125,1710.85546875,1720.7750244140625,1729.85595703125,1738.70166015625,1747.00927734375,1756.00244140625,1769.781982421875,1785.1627197265625
2021-03-29,2021-03-22,1712.1,1734.371337890625,1692.6986083984375,1707.08935546875,1716.740966796875,1725.3175048828125,1734.371337890625,1741.7164306640625,1749.9345703125,1762.597412109375,1777.6121826171875
2021-03-30,2021-03-23,1683.9,1722.4881591796875,1680.3721923828125,1694.886962890625,1704.810302734375,1713.66552734375,1722.4881591796875,1730.1671142578125,1738.0611572265625,1750.55078125,1766.03076171875
2021-03-31,2021-03-24,1713.8,1729.5289306640625,1684.879638671875,1700.3741455078125,1711.07080078125,1720.13427734375,1729.5289306640625,1737.072265625,1744.4849853515625,1757.1253662109375,1772.5574951171875
2021-04-01,2021-03-25,1726.5,1721.9912109375,1679.961181640625,1695.2467041015625,1705.18212890625,1713.3338623046875,1721.9912109375,1729.2696533203125,1735.842041015625,1747.580810546875,1761.6983642578125
2021-04-05,2021-03-26,1727.0,1731.2642822265625,1687.42236328125,1703.2728271484375,1713.8045654296875,1722.5970458984375,1731.2642822265625,1739.48291015625,1745.72900390625,1758.0380859375,1773.0826416015625
2021-04-06,2021-03-29,1741.5,1707.3182373046875,1663.853515625,1679.9605712890625,1690.21142578125,1698.427490234375,1707.3182373046875,1714.4705810546875,1721.291259765625,1734.00830078125,1749.1748046875
2021-04-07,2021-03-30,1740.1,1680.4375,1635.045654296875,1651.316650390625,1661.5986328125,1670.79150390625,1680.4375,1688.427978515625,1696.7528076171875,1710.960205078125,1728.282958984375
2021-04-08,2021-03-31,1756.8,1711.5321044921875,1666.0721435546875,1683.4007568359375,1694.38525390625,1702.3201904296875,1711.5321044921875,1719.7265625,1728.445556640625,1742.4342041015625,1759.578857421875
2021-04-09,2021-04-01,1743.3,1720.9656982421875,1674.1839599609375,1691.369384765625,1702.786376953125,1711.598388671875,1720.9656982421875,1728.8538818359375,1736.429443359375,1749.7938232421875,1766.3643798828125
2021-04-12,2021-04-05,1731.2,1722.7518310546875,1678.3138427734375,1694.7054443359375,1705.6630859375,1714.1295166015625,1722.7518310546875,1730.193115234375,1737.7669677734375,1750.8133544921875,1765.704833984375
2021-04-13,2021-04-06,1746.2,1735.8785400390625,1689.3973388671875,1706.79345703125,1718.7354736328125,1727.2313232421875,1735.8785400390625,1743.66943359375,1752.107177734375,1765.511474609375,1780.947509765625
2021-04-14,2021-04-07,1734.9,1735.54248046875,1686.5595703125,1705.2025146484375,1717.60888671875,1726.660400390625,1735.54248046875,1743.7012939453125,1751.883544921875,1765.0330810546875,1780.636474609375
2021-04-15,2021-04-08,1765.4,1750.53662109375,1698.9554443359375,1716.439453125,1729.62158203125,1740.560791015625,1750.53662109375,1759.4324951171875,1768.5706787109375,1783.4384765625,1800.86083984375
2021-04-16,2021-04-09,1779.0,1734.752685546875,1688.514892578125,1705.1629638671875,1716.87060546875,1726.025146484375,1734.752685546875,1742.28369140625,1750.315185546875,1763.043701171875,1777.409423828125
2021-04-19,2021-04-12,1769.4,1726.655029296875,1684.162109375,1699.7042236328125,1709.7158203125,1718.3609619140625,1726.655029296875,1733.9683837890625,1741.676025390625,1753.37841796875,1766.698486328125
2021-04-20,2021-04-13,1777.3,1743.006103515625,1698.2911376953125,1714.090576171875,1724.746826171875,1733.96728515625,1743.006103515625,1751.33935546875,1760.13916015625,1772.2132568359375,1786.794189453125
2021-04-21,2021-04-14,1792.3,1733.3087158203125,1694.8509521484375,1708.489990234375,1717.3133544921875,1725.0281982421875,1733.3087158203125,1740.4169921875,1748.507080078125,1759.414794921875,1772.413330078125
2021-04-22,2021-04-15,1781.2,1758.7259521484375,1710.7900390625,1726.6611328125,1738.189697265625,1748.7408447265625,1758.7259521484375,1768.9443359375,1779.2423095703125,1792.53125,1809.472900390625
2021-04-23,2021-04-16,1777.0,1770.0081787109375,1719.83935546875,1737.0047607421875,1749.3367919921875,1760.00830078125,1770.0081787109375,1780.2740478515625,1790.9964599609375,1804.5216064453125,1821.239013671875
2021-04-26,2021-04-19,1779.2,1765.121337890625,1719.4761962890625,1734.81884765625,1745.876708984375,1755.556396484375,1765.121337890625,1774.587158203125,1784.1397705078125,1796.781982421875,1813.0728759765625
2021-04-27,2021-04-20,1778.0,1774.572998046875,1727.4344482421875,1743.632568359375,1755.384521484375,1765.3443603515625,1774.572998046875,1784.03857421875,1793.622802734375,1806.137451171875,1822.8760986328125
2021-04-28,2021-04-21,1773.2,1790.202392578125,1736.8360595703125,1755.072265625,1768.555419921875,1780.06298828125,1790.202392578125,1800.7880859375,1812.0081787109375,1826.4443359375,1845.353271484375
2021-04-29,2021-04-22,1768.1,1779.7716064453125,1731.4383544921875,1748.2655029296875,1760.284423828125,1769.9698486328125,1779.7716064453125,1788.9813232421875,1799.2357177734375,1812.194091796875,1828.6307373046875
2021-04-30,2021-04-23,1767.3,1777.5020751953125,1731.61181640625,1748.4620361328125,1759.3253173828125,1768.7469482421875,1777.5020751953125,1785.4976806640625,1794.7191162109375,1806.325439453125,1821.2994384765625
2021-05-03,2021-04-26,1791.4,1778.4849853515625,1733.8558349609375,1750.3377685546875,1761.3363037109375,1769.819091796875,1778.4849853515625,1786.5609130859375,1795.294677734375,1807.174560546875,1821.9329833984375
2021-05-04,2021-04-27,1775.8,1778.8236083984375,1738.150390625,1752.8079833984375,1762.1226806640625,1770.6915283203125,1778.8236083984375,1786.5418701171875,1794.649658203125,1805.6141357421875,1818.7681884765625
2021-05-05,2021-04-28,1784.1,1772.72705078125,1733.66650390625,1747.049560546875,1756.4327392578125,1764.2984619140625,1772.72705078125,1780.496337890625,1788.62548828125,1799.795166015625,1813.774658203125
2021-05-06,2021-04-29,1815.5,1768.676025390625,1731.214599609375,1744.55517578125,1753.31396484375,1761.2388916015625,1768.676025390625,1775.7603759765625,1783.102294921875,1793.7772216796875,1805.6265869140625
2021-05-07,2021-04-30,1831.1,1765.5882568359375,1729.8751220703125,1742.3206787109375,1751.365478515625,1758.3056640625,1765.5882568359375,1772.26904296875,1779.800537109375,1790.1123046875,1800.9171142578125
2021-05-10,2021-05-03,1837.5,1790.3109130859375,1750.8936767578125,1764.3311767578125,1774.4718017578125,1782.732421875,1790.3109130859375,1798.27685546875,1807.14794921875,1818.77294921875,1833.1011962890625
2021-05-11,2021-05-04,1835.9,1773.612548828125,1739.16162109375,1751.76220703125,1760.14013671875,1767.2913818359375,1773.612548828125,1780.6641845703125,1788.9466552734375,1799.1353759765625,1811.4635009765625
2021-05-12,2021-05-05,1822.6,1784.1181640625,1750.9990234375,1763.609130859375,1771.404296875,1778.4864501953125,1784.1181640625,1791.039794921875,1797.995361328125,1807.480712890625,1818.2740478515625
2021-05-13,2021-05-06,1823.8,1810.5596923828125,1771.8900146484375,1784.7484130859375,1794.6153564453125,1803.418701171875,1810.5596923828125,1818.8436279296875,1827.989990234375,1839.729736328125,1855.3087158203125
2021-05-14,2021-05-07,1837.9,1828.634033203125,1782.8218994140625,1798.77880859375,1810.477783203125,1820.698486328125,1828.634033203125,1838.502197265625,1848.03125,1860.4505615234375,1876.566650390625
2021-05-17,2021-05-10,1867.5,1838.43603515625,1794.26220703125,1809.326171875,1820.6798095703125,1830.9927978515625,1838.43603515625,1847.4735107421875,1856.490478515625,1868.46533203125,1885.2225341796875
2021-05-18,2021-05-11,1867.8,1839.742431640625,1797.4873046875,1812.251220703125,1822.9149169921875,1832.87060546875,1839.742431640625,1848.4873046875,1857.201904296875,1868.4285888671875,1884.5797119140625
2021-05-19,2021-05-12,1881.3,1828.931396484375,1789.23095703125,1802.7352294921875,1812.896728515625,1822.70703125,1828.931396484375,1837.6881103515625,1845.9580078125,1857.7265625,1874.9444580078125
2021-05-20,2021-05-13,1881.8,1829.4947509765625,1789.470703125,1803.531494140625,1814.0645751953125,1822.9156494140625,1829.4947509765625,1837.747314453125,1846.2723388671875,1858.5772705078125,1874.326416015625
2021-05-21,2021-05-14,1876.7,1845.907470703125,1805.28515625,1819.654296875,1830.3463134765625,1838.8212890625,1845.907470703125,1854.8125,1863.3299560546875,1875.2958984375,1890.65283203125
2021-05-24,2021-05-17,1884.6,1872.4212646484375,1818.864990234375,1838.6041259765625,1852.7587890625,1862.4781494140625,1872.4212646484375,1885.794189453125,1895.55908203125,1910.003662109375,1930.9984130859375
2021-05-25,2021-05-18,1898.1,1868.96728515625,1818.9615478515625,1836.843505859375,1850.09619140625,1859.8773193359375,1868.96728515625,1880.824951171875,1889.9927978515625,1903.085693359375,1920.7017822265625
2021-05-26,2021-05-19,1901.3,1881.7633056640625,1826.4373779296875,1846.84814453125,1861.1536865234375,1872.1102294921875,1881.7633056640625,1894.258544921875,1904.6605224609375,1919.0133056640625,1938.8267822265625
2021-05-27,2021-05-20,1895.7,1881.87451171875,1826.77587890625,1847.762451171875,1861.889404296875,1872.36962890625,1881.87451171875,1893.5916748046875,1903.462646484375,1917.304931640625,1935.0830078125
2021-05-28,2021-05-21,1902.5,1876.108642578125,1818.5528564453125,1840.832275390625,1855.11474609375,1866.0672607421875,1876.108642578125,1887.7044677734375,1898.4130859375,1912.9161376953125,1931.4178466796875
2021-06-01,2021-05-24,1902.9,1882.70751953125,1824.58203125,1847.0687255859375,1862.0010986328125,1872.4915771484375,1882.70751953125,1894.2000732421875,1904.62158203125,1918.343994140625,1935.591064453125
2021-06-02,2021-05-25,1907.5,1895.3970947265625,1832.214599609375,1856.5548095703125,1873.144775390625,1884.5074462890625,1895.3970947265625,1907.7255859375,1919.412841796875,1934.0164794921875,1952.5220947265625
2021-06-03,2021-05-26,1871.2,1903.96630859375,1842.8492431640625,1866.838623046875,1882.4913330078125,1893.4478759765625,1903.96630859375,1915.74853515625,1926.1248779296875,1939.901611328125,1957.8399658203125
2021-06-04,2021-05-27,1889.8,1899.16455078125,1841.070068359375,1864.082763671875,1879.2164306640625,1889.8748779296875,1899.16455078125,1910.1036376953125,1919.69580078125,1932.3076171875,1948.47998046875
2021-06-07,2021-05-28,1896.8,1908.5125732421875,1847.906982421875,1871.8475341796875,1887.7757568359375,1898.989990234375,1908.5125732421875,1919.5960693359375,1929.6741943359375,1942.5740966796875,1959.5316162109375
2021-06-08,2021-06-01,1892.2,1908.9678955078125,1853.17041015625,1875.8046875,1890.275146484375,1900.3607177734375,1908.9678955078125,1919.3310546875,1928.0394287109375,1939.9576416015625,1954.38818359375
2021-06-09,2021-06-02,1893.2,1913.825439453125,1849.875244140625,1875.5045166015625,1892.20458984375,1903.439208984375,1913.825439453125,1925.5506591796875,1935.6844482421875,1948.7869873046875,1965.567626953125
2021-06-10,2021-06-03,1894.2,1874.284423828125,1811.5189208984375,1835.7427978515625,1851.8521728515625,1863.8822021484375,1874.284423828125,1885.407470703125,1896.8251953125,1910.628173828125,1928.018310546875
2021-06-11,2021-06-04,1877.4,1894.893798828125,1837.08203125,1859.08984375,1874.2264404296875,1885.4005126953125,1894.893798828125,1905.4173583984375,1915.5980224609375,1928.498779296875,1944.590576171875
2021-06-14,2021-06-07,1864.0,1902.806640625,1845.91015625,1867.5980224609375,1882.73583984375,1893.812744140625,1902.806640625,1913.4522705078125,1923.28125,1935.9691162109375,1951.0
2021-06-15,2021-06-08,1854.5,1895.998291015625,1842.371337890625,1863.0616455078125,1877.114501953125,1887.4329833984375,1895.998291015625,1906.082763671875,1915.443115234375,1928.12158203125,1942.0640869140625
2021-06-16,2021-06-09,1859.5,1893.3990478515625,1841.9771728515625,1862.0609130859375,1875.738525390625,1885.6417236328125,1893.3990478515625,1902.8662109375,1911.46435546875,1922.662353515625,1935.280517578125
2021-06-17,2021-06-10,1773.8,1891.46337890625,1842.333740234375,1861.4273681640625,1874.6688232421875,1883.703857421875,1891.46337890625,1901.2425537109375,1909.3006591796875,1920.031982421875,1932.9964599609375
2021-06-18,2021-06-11,1767.9,1873.020751953125,1822.7572021484375,1841.701904296875,1854.940185546875,1864.4573974609375,1873.020751953125,1881.9630126953125,1890.39892578125,1900.8482666015625,1914.9114990234375
2021-06-21,2021-06-14,1781.8,1859.02587890625,1806.072021484375,1826.0941162109375,1839.9534912109375,1850.3671875,1859.02587890625,1868.354736328125,1877.2633056640625,1888.7861328125,1904.055908203125
2021-06-22,2021-06-15,1776.3,1849.3896484375,1800.543212890625,1819.19970703125,1831.9503173828125,1841.6783447265625,1849.3896484375,1858.0478515625,1866.3604736328125,1876.7464599609375,1890.672119140625
2021-06-23,2021-06-16,1782.3,1856.573974609375,1805.82373046875,1825.1585693359375,1838.4678955078125,1848.1416015625,1856.573974609375,1865.270263671875,1873.593017578125,1884.53271484375,1899.01220703125
2021-06-24,2021-06-17,1775.6,1770.5233154296875,1694.4373779296875,1723.38623046875,1742.15625,1757.5836181640625,1770.5233154296875,1783.611572265625,1798.6175537109375,1816.0723876953125,1841.0498046875
2021-06-25,2021-06-18,1776.6,1766.078857421875,1708.5242919921875,1729.8023681640625,1743.79443359375,1755.5260009765625,1766.078857421875,1776.78759765625,1788.112060546875,1801.6693115234375,1823.4439697265625
2021-06-28,2021-06-21,1779.6,1789.3038330078125,1735.7178955078125,1756.3956298828125,1768.96630859375,1780.71630859375,1789.3038330078125,1799.212890625,1810.3531494140625,1823.7137451171875,1843.64013671875
2021-06-29,2021-06-22,1762.8,1775.3157958984375,1725.1783447265625,1745.04833984375,1756.7861328125,1767.318603515625,1775.3157958984375,1784.1510009765625,1794.136962890625,1805.5863037109375,1824.5068359375
2021-06-30,2021-06-23,1770.8,1780.9599609375,1729.1300048828125,1749.7235107421875,1762.489013671875,1772.806884765625,1780.9599609375,1789.618896484375,1799.2677001953125,1810.6107177734375,1827.6064453125
2021-07-01,2021-06-24,1775.9,1768.374267578125,1717.76220703125,1738.0101318359375,1749.7802734375,1760.6212158203125,1768.374267578125,1776.708251953125,1786.374755859375,1798.119140625,1815.828857421875
2021-07-02,2021-06-25,1782.6,1770.5855712890625,1724.547607421875,1743.3406982421875,1754.229736328125,1764.06787109375,1770.5855712890625,1777.854248046875,1787.249267578125,1797.758544921875,1813.436279296875
2021-07-06,2021-06-28,1793.5,1772.569091796875,1729.5137939453125,1747.3106689453125,1757.0836181640625,1766.4884033203125,1772.569091796875,1779.4393310546875,1788.96337890625,1799.535888671875,1816.2833251953125
2021-07-07,2021-06-29,1801.5,1750.865478515625,1707.4127197265625,1725.07861328125,1735.4156494140625,1744.26416015625,1750.865478515625,1758.1553955078125,1768.4993896484375,1778.043701171875,1794.767578125
2021-07-08,2021-06-30,1799.6,1766.3603515625,1720.1571044921875,1739.600341796875,1749.8194580078125,1759.2037353515625,1766.3603515625,1773.830810546875,1784.9794921875,1796.364990234375,1814.5914306640625
2021-07-09,2021-07-01,1810.0,1770.8377685546875,1728.840087890625,1746.400390625,1756.43701171875,1764.741943359375,1770.8377685546875,1778.3345947265625,1788.771484375,1798.853515625,1815.9722900390625
2021-07-12,2021-07-02,1805.5,1778.330810546875,1734.032958984375,1752.2249755859375,1762.712158203125,1771.59765625,1778.330810546875,1786.8072509765625,1797.70068359375,1809.262939453125,1826.8515625
2021-07-13,2021-07-06,1809.4,1789.0203857421875,1742.2998046875,1761.66796875,1772.6002197265625,1782.1839599609375,1789.0203857421875,1798.1240234375,1809.577880859375,1821.249755859375,1839.813720703125
2021-07-14,2021-07-07,1824.3,1799.491943359375,1751.795166015625,1771.268310546875,1782.4749755859375,1792.4556884765625,1799.491943359375,1808.763427734375,1820.304931640625,1832.7127685546875,1851.1591796875
2021-07-15,2021-07-08,1828.4,1798.8736572265625,1752.7548828125,1772.020263671875,1782.9625244140625,1792.4930419921875,1798.8736572265625,1807.65234375,1817.904296875,1829.9310302734375,1847.5595703125
2021-07-16,2021-07-09,1814.5,1807.6217041015625,1756.0623779296875,1777.436279296875,1789.84228515625,1800.034912109375,1807.6217041015625,1817.036865234375,1828.0469970703125,1840.4349365234375,1857.9462890625
2021-07-19,2021-07-12,1808.7,1803.4786376953125,1755.3214111328125,1775.0908203125,1787.322509765625,1796.1634521484375,1803.4786376953125,1813.1336669921875,1823.0146484375,1834.07861328125,1851.6898193359375
2021-07-20,2021-07-13,1810.9,1808.285400390625,1759.3193359375,1779.6748046875,1792.2327880859375,1801.0771484375,1808.285400390625,1817.255126953125,1826.4080810546875,1836.779541015625,1853.1021728515625
2021-07-21,2021-07-14,1802.9,1827.029296875,1771.93994140625,1794.5362548828125,1808.710693359375,1818.738037109375,1827.029296875,1836.9180908203125,1847.36328125,1859.117919921875,1877.1622314453125
2021-07-22,2021-07-15,1805.0,1831.4501953125,1780.129150390625,1800.8070068359375,1813.909423828125,1823.5018310546875,1831.4501953125,1841.1441650390625,1851.8507080078125,1863.345458984375,1880.23583984375
2021-07-23,2021-07-16,1801.4,1813.1802978515625,1767.775390625,1786.2232666015625,1797.80419921875,1805.968994140625,1813.1802978515625,1822.078369140625,1831.4412841796875,1841.400634765625,1855.46728515625
2021-07-26,2021-07-19,1798.7,1802.573974609375,1756.0341796875,1775.5023193359375,1787.2061767578125,1795.23681640625,1802.573974609375,1810.8607177734375,1820.5152587890625,1831.1295166015625,1846.552978515625
2021-07-27,2021-07-20,1799.5,1810.498046875,1764.6976318359375,1783.83447265625,1795.3154296875,1803.439453125,1810.498046875,1818.817626953125,1828.1982421875,1838.1480712890625,1852.874267578125
2021-07-28,2021-07-21,1799.5,1798.066650390625,1752.0267333984375,1771.54248046875,1783.263671875,1791.083984375,1798.066650390625,1806.5267333984375,1815.429443359375,1825.328125,1839.5845947265625
2021-07-29,2021-07-22,1831.2,1800.5821533203125,1756.3333740234375,1775.4146728515625,1786.3182373046875,1793.7105712890625,1800.5821533203125,1808.16162109375,1817.1453857421875,1826.8046875,1840.186279296875
2021-07-30,2021-07-23,1812.6,1796.55078125,1756.9317626953125,1774.29931640625,1783.450927734375,1790.6416015625,1796.55078125,1803.108642578125,1811.6048583984375,1820.89697265625,1834.789794921875
2021-08-02,2021-07-26,1818.1,1793.2230224609375,1754.789794921875,1771.689697265625,1781.0810546875,1787.2425537109375,1793.2230224609375,1800.140380859375,1807.226806640625,1814.8302001953125,1827.56494140625
2021-08-03,2021-07-27,1810.1,1794.8558349609375,1759.05908203125,1774.9573974609375,1783.5191650390625,1789.750732421875,1794.8558349609375,1800.5594482421875,1807.810791015625,1815.2235107421875,1827.370361328125
2021-08-04,2021-07-28,1810.5,1794.536865234375,1760.5927734375,1775.477294921875,1783.927978515625,1789.7064208984375,1794.536865234375,1800.2420654296875,1807.195068359375,1814.3106689453125,1825.3509521484375
2021-08-05,2021-07-29,1805.1,1823.0740966796875,1771.8411865234375,1791.6397705078125,1804.50244140625,1814.883544921875,1823.0740966796875,1831.9962158203125,1843.031494140625,1854.7864990234375,1873.9210205078125
2021-08-06,2021-07-30,1760.0,1807.3236083984375,1759.7181396484375,1779.0997314453125,1791.1207275390625,1800.3702392578125,1807.3236083984375,1814.952880859375,1824.0411376953125,1833.923583984375,1850.0262451171875
2021-08-09,2021-08-02,1723.4,1816.2274169921875,1774.4569091796875,1791.33935546875,1801.85595703125,1809.1668701171875,1816.2274169921875,1823.567138671875,1832.2215576171875,1841.8685302734375,1857.273193359375
2021-08-10,2021-08-03,1728.8,1809.2401123046875,1773.2449951171875,1787.9661865234375,1796.62451171875,1803.2845458984375,1809.2401123046875,1815.7265625,1822.844482421875,1831.3419189453125,1845.614501953125
2021-08-11,2021-08-04,1750.4,1811.339599609375,1776.365966796875,1790.377685546875,1798.567626953125,1805.0374755859375,1811.339599609375,1817.03369140625,1824.0989990234375,1831.8848876953125,1846.242431640625
2021-08-12,2021-08-05,1749.0,1805.67578125,1771.76416015625,1785.16162109375,1792.635498046875,1799.9652099609375,1805.67578125,1811.410888671875,1818.265380859375,1826.4869384765625,1839.96630859375
2021-08-13,2021-08-06,1775.2,1762.2913818359375,1711.60205078125,1731.354736328125,1742.6826171875,1752.9566650390625,1762.2913818359375,1771.309814453125,1781.7166748046875,1794.783935546875,1814.676025390625
2021-08-16,2021-08-09,1786.9,1725.7197265625,1660.3980712890625,1686.05322265625,1700.5682373046875,1713.535888671875,1725.7197265625,1736.895263671875,1750.5926513671875,1766.7738037109375,1790.2152099609375
2021-08-17,2021-08-10,1785.0,1730.2529296875,1680.81298828125,1700.3828125,1710.4658203125,1721.050537109375,1730.2529296875,1739.1800537109375,1749.7421875,1763.614990234375,1783.9638671875
2021-08-18,2021-08-11,1781.6,1757.96923828125,1714.7401123046875,1732.3419189453125,1741.7589111328125,1750.5552978515625,1757.96923828125,1765.97021484375,1775.1976318359375,1787.0992431640625,1803.6180419921875
2021-08-19,2021-08-12,1780.2,1748.7388916015625,1708.3629150390625,1724.3946533203125,1733.273193359375,1741.821533203125,1748.7388916015625,1755.9974365234375,1764.423095703125,1775.79638671875,1791.3187255859375
2021-08-20,2021-08-13,1781.0,1776.8074951171875,1730.1412353515625,1748.0196533203125,1758.7191162109375,1768.9876708984375,1776.8074951171875,1784.7882080078125,1794.10888671875,1806.451904296875,1823.1480712890625
2021-08-23,2021-08-16,1803.2,1789.2518310546875,1740.3546142578125,1759.2349853515625,1770.378173828125,1781.0035400390625,1789.2518310546875,1797.90625,1807.2947998046875,1819.877685546875,1836.8616943359375
2021-08-24,2021-08-17,1805.6,1784.4024658203125,1739.9437255859375,1757.2105712890625,1767.653076171875,1776.855712890625,1784.4024658203125,1792.0921630859375,1800.6873779296875,1812.2413330078125,1827.4354248046875
2021-08-25,2021-08-18,1788.2,1781.2276611328125,1737.4638671875,1754.650146484375,1764.460205078125,1773.80517578125,1781.2276611328125,1788.9146728515625,1797.418701171875,1808.72705078125,1824.1207275390625
2021-08-26,2021-08-19,1792.2,1779.2840576171875,1739.4927978515625,1755.052001953125,1764.0296630859375,1772.6199951171875,1779.2840576171875,1786.44970703125,1794.7620849609375,1805.496337890625,1820.1956787109375
2021-08-27,2021-08-20,1816.6,1781.027587890625,1743.545654296875,1758.4010009765625,1766.9344482421875,1775.04248046875,1781.027587890625,1788.3028564453125,1796.614013671875,1806.970947265625,1820.6629638671875
2021-08-30,2021-08-23,1809.0,1804.288818359375,1760.263671875,1777.4129638671875,1787.8924560546875,1796.82666015625,1804.288818359375,1812.899658203125,1822.068359375,1833.5830078125,1848.3602294921875
2021-08-31,2021-08-24,1815.0,1807.014892578125,1761.86962890625,1778.84326171875,1790.146240234375,1799.4710693359375,1807.014892578125,1816.269287109375,1825.7574462890625,1837.8284912109375,1853.2763671875
2021-09-01,2021-08-25,1813.1,1788.4560546875,1748.9478759765625,1763.9822998046875,1773.65283203125,1781.47900390625,1788.4560546875,1796.0999755859375,1804.1141357421875,1815.182861328125,1829.1014404296875
2021-09-02,2021-08-26,1808.7,1796.4886474609375,1757.3988037109375,1772.032470703125,1781.417236328125,1789.673828125,1796.4886474609375,1804.2239990234375,1811.8648681640625,1822.7152099609375,1836.951904296875
2021-09-03,2021-08-27,1830.9,1820.057373046875,1774.3726806640625,1791.56884765625,1802.7667236328125,1812.029541015625,1820.057373046875,1829.3485107421875,1838.7470703125,1850.7945556640625,1866.9342041015625
2021-09-07,2021-08-30,1795.9,1810.5836181640625,1767.0831298828125,1783.6412353515625,1794.3699951171875,1802.6334228515625,1810.5836181640625,1819.3692626953125,1828.35400390625,1839.859619140625,1855.5242919921875
2021-09-08,2021-08-31,1790.7,1816.971435546875,1772.27001953125,1789.110107421875,1800.35009765625,1808.595703125,1816.971435546875,1825.864501953125,1835.119873046875,1846.4859619140625,1861.6728515625
2021-09-09,2021-09-01,1797.4,1813.171630859375,1770.2410888671875,1785.919189453125,1796.746826171875,1805.0565185546875,1813.171630859375,1821.615966796875,1830.7613525390625,1841.6448974609375,1856.9627685546875
2021-09-10,2021-09-02,1789.6,1812.583984375,1774.1748046875,1788.4901123046875,1798.3603515625,1805.4256591796875,1812.583984375,1819.8983154296875,1828.160888671875,1838.2025146484375,1851.5931396484375
2021-09-13,2021-09-03,1792.0,1829.155517578125,1783.6424560546875,1799.2081298828125,1811.7569580078125,1820.380859375,1829.155517578125,1838.19970703125,1847.61767578125,1859.591552734375,1876.8555908203125
2021-09-14,2021-09-07,1804.7,1798.573974609375,1755.3790283203125,1770.172119140625,1781.757568359375,1790.237548828125,1798.573974609375,1807.0537109375,1816.326416015625,1828.0189208984375,1845.254150390625
2021-09-15,2021-09-08,1792.4,1793.980712890625,1754.14697265625,1767.6435546875,1778.05517578125,1786.11572265625,1793.980712890625,1801.8441162109375,1810.3770751953125,1821.80078125,1838.601806640625
2021-09-16,2021-09-09,1754.6,1796.1329345703125,1756.1337890625,1769.9178466796875,1780.5126953125,1788.423095703125,1796.1329345703125,1803.7877197265625,1812.2957763671875,1823.011474609375,1838.48583984375
2021-09-17,2021-09-10,1749.4,1788.6339111328125,1751.2794189453125,1764.399169921875,1774.1265869140625,1781.2713623046875,1788.6339111328125,1795.9884033203125,1803.816162109375,1814.0894775390625,1828.7879638671875
2021-09-20,2021-09-13,1761.8,1789.962890625,1754.1514892578125,1766.20263671875,1776.1995849609375,1782.4666748046875,1789.962890625,1797.0550537109375,1804.7127685546875,1814.81103515625,1828.81591796875
2021-09-21,2021-09-14,1776.0,1801.6689453125,1763.6888427734375,1776.7080078125,1786.8892822265625,1794.08251953125,1801.6689453125,1809.81591796875,1817.6644287109375,1828.314453125,1843.05908203125
2021-09-22,2021-09-15,1776.7,1791.130615234375,1753.5728759765625,1766.6998291015625,1776.546142578125,1783.6806640625,1791.130615234375,1798.7945556640625,1806.5302734375,1817.405029296875,1832.4471435546875
2021-09-23,2021-09-16,1747.7,1757.4451904296875,1714.17822265625,1729.3621826171875,1740.51953125,1748.927001953125,1757.4451904296875,1766.7579345703125,1776.1571044921875,1789.3125,1806.8809814453125
2021-09-24,2021-09-17,1749.7,1754.2198486328125,1710.71630859375,1725.9788818359375,1737.06640625,1745.6435546875,1754.2198486328125,1763.32373046875,1772.30419921875,1785.282470703125,1802.4029541015625
2021-09-27,2021-09-20,1750.0,1766.0960693359375,1724.774658203125,1739.50537109375,1749.8255615234375,1758.093505859375,1766.0960693359375,1774.786376953125,1783.02587890625,1795.4644775390625,1811.2900390625
2021-09-28,2021-09-21,1735.8,1777.669189453125,1734.870361328125,1750.0880126953125,1760.8140869140625,1769.9700927734375,1777.669189453125,1786.1201171875,1794.7967529296875,1806.970703125,1822.52734375
2021-09-29,2021-09-22,1721.5,1776.4329833984375,1733.8634033203125,1748.780029296875,1759.3529052734375,1768.4749755859375,1776.4329833984375,1785.1932373046875,1794.1572265625,1806.476806640625,1822.45556640625
2021-09-30,2021-09-23,1755.3,1754.5733642578125,1708.69287109375,1724.4473876953125,1736.1387939453125,1745.74951171875,1754.5733642578125,1763.534912109375,1773.0426025390625,1785.8697509765625,1802.441650390625
2021-10-01,2021-09-24,1757.0,1753.9766845703125,1707.533203125,1723.554931640625,1734.8228759765625,1744.9505615234375,1753.9766845703125,1763.451416015625,1772.4447021484375,1785.742431640625,1802.6793212890625
2021-10-04,2021-09-27,1766.2,1753.547607421875,1710.392578125,1725.5445556640625,1736.124755859375,1745.2138671875,1753.547607421875,1762.3743896484375,1770.4561767578125,1783.15869140625,1798.4197998046875
2021-10-05,2021-09-28,1759.6,1740.9263916015625,1700.4884033203125,1714.63916015625,1724.3038330078125,1732.8731689453125,1740.9263916015625,1749.2161865234375,1757.3433837890625,1769.62841796875,1784.9420166015625
2021-10-06,2021-09-29,1760.5,1726.3330078125,1683.8828125,1699.17236328125,1709.380126953125,1717.960693359375,1726.3330078125,1735.0791015625,1743.6680908203125,1756.28564453125,1772.321044921875
2021-10-07,2021-09-30,1757.9,1759.7188720703125,1711.6961669921875,1728.1290283203125,1739.6710205078125,1750.4864501953125,1759.7188720703125,1769.748779296875,1780.0582275390625,1793.9576416015625,1812.781982421875
2021-10-08,2021-10-01,1756.3,1758.0198974609375,1714.464599609375,1730.11669921875,1740.75390625,1749.9888916015625,1758.0198974609375,1766.8798828125,1775.676025390625,1788.888427734375,1805.738037109375
2021-10-11,2021-10-04,1754.6,1770.5645751953125,1724.906005859375,1741.006103515625,1752.0908203125,1761.99072265625,1770.5645751953125,1779.2164306640625,1788.4002685546875,1801.4053955078125,1818.5181884765625
2021-10-12,2021-10-05,1758.3,1760.750732421875,1717.0987548828125,1732.7593994140625,1743.266357421875,1752.754638671875,1760.750732421875,1768.9368896484375,1777.6112060546875,1790.1053466796875,1805.996826171875
2021-10-13,2021-10-06,1793.7,1764.42236328125,1722.7410888671875,1738.0216064453125,1748.130859375,1756.9085693359375,1764.42236328125,1772.4942626953125,1780.7281494140625,1793.052001953125,1808.7388916015625
2021-10-14,2021-10-07,1796.7,1758.87158203125,1720.10498046875,1734.783447265625,1743.98388671875,1752.05859375,1758.87158203125,1766.072509765625,1773.854248046875,1785.701416015625,1800.3201904296875
2021-10-15,2021-10-08,1767.2,1756.41259765625,1717.753173828125,1732.282958984375,1741.7552490234375,1749.319091796875,1756.41259765625,1763.6368408203125,1771.498046875,1783.310302734375,1797.6385498046875
2021-10-18,2021-10-11,1764.8,1758.6546630859375,1723.15771484375,1736.685302734375,1745.3077392578125,1752.4512939453125,1758.6546630859375,1765.654296875,1772.5145263671875,1783.2989501953125,1797.5181884765625
2021-10-19,2021-10-12,1769.7,1759.1156005859375,1722.8785400390625,1736.7996826171875,1745.4970703125,1752.8980712890625,1759.1156005859375,1766.2808837890625,1773.18359375,1783.443115234375,1797.2567138671875
2021-10-20,2021-10-13,1784.1,1790.9149169921875,1747.0333251953125,1763.372802734375,1774.3023681640625,1782.6851806640625,1790.9149169921875,1799.9434814453125,1809.062255859375,1821.370849609375,1837.239501953125
2021-10-21,2021-10-14,1781.2,1791.145263671875,1746.3424072265625,1763.3966064453125,1774.2750244140625,1782.177490234375,1791.145263671875,1799.9591064453125,1808.874267578125,1820.5172119140625,1835.48095703125
2021-10-22,2021-10-15,1795.5,1768.068603515625,1723.9305419921875,1741.2132568359375,1751.5634765625,1758.9019775390625,1768.068603515625,1776.3956298828125,1784.7274169921875,1796.8861083984375,1812.0467529296875
2021-10-25,2021-10-18,1806.0,1767.8385009765625,1723.2921142578125,1740.53955078125,1750.9146728515625,1758.7801513671875,1767.8385009765625,1776.3482666015625,1784.8634033203125,1797.06787109375,1811.739990234375
2021-10-26,2021-10-19,1792.7,1774.412353515625,1733.8009033203125,1749.7301025390625,1759.4422607421875,1766.0318603515625,1774.412353515625,1782.3616943359375,1790.3751220703125,1802.200927734375,1816.1702880859375
2021-10-27,2021-10-20,1797.9,1785.64501953125,1743.9425048828125,1760.35546875,1770.5889892578125,1777.1298828125,1785.64501953125,1793.6798095703125,1801.2001953125,1812.659423828125,1826.6357421875
2021-10-28,2021-10-21,1801.6,1780.1370849609375,1737.3079833984375,1753.3916015625,1764.0845947265625,1771.938232421875,1780.1370849609375,1787.9288330078125,1796.11669921875,1807.2763671875,1821.533203125
2021-10-29,2021-10-22,1783.0,1794.696533203125,1752.583740234375,1768.16357421875,1778.5675048828125,1786.6256103515625,1794.696533203125,1802.9093017578125,1811.02587890625,1822.2451171875,1836.833984375
2021-11-01,2021-10-25,1795.1,1802.541259765625,1758.303955078125,1774.7491455078125,1785.766845703125,1794.2325439453125,1802.541259765625,1810.9552001953125,1819.6636962890625,1831.0260009765625,1845.4300537109375
2021-11-02,2021-10-26,1788.7,1792.910888671875,1749.9962158203125,1765.720947265625,1776.4903564453125,1784.8837890625,1792.910888671875,1801.0732421875,1809.6556396484375,1821.0987548828125,1835.5828857421875
2021-11-03,2021-10-27,1763.6,1801.432861328125,1758.5987548828125,1774.29541015625,1785.1170654296875,1793.2900390625,1801.432861328125,1809.5186767578125,1818.069580078125,1829.352294921875,1843.760498046875
2021-11-04,2021-10-28,1793.0,1805.1058349609375,1762.94482421875,1778.806884765625,1789.16650390625,1797.388427734375,1805.1058349609375,1813.38623046875,1821.7137451171875,1832.905517578125,1847.638427734375
2021-11-05,2021-10-29,1816.4,1786.04541015625,1742.5772705078125,1758.8446044921875,1769.398681640625,1777.9989013671875,1786.04541015625,1794.6708984375,1803.740234375,1815.0289306640625,1830.388427734375
2021-11-08,2021-11-01,1827.4,1797.806884765625,1754.2578125,1770.2423095703125,1780.718994140625,1789.4024658203125,1797.806884765625,1806.39453125,1815.75390625,1826.851806640625,1842.5513916015625
2021-11-09,2021-11-02,1830.2,1790.489990234375,1747.930908203125,1763.9266357421875,1774.097900390625,1782.320068359375,1790.489990234375,1798.6446533203125,1807.8048095703125,1819.1160888671875,1834.4549560546875
2021-11-10,2021-11-03,1847.6,1770.9212646484375,1725.0369873046875,1742.07275390625,1753.144775390625,1761.8961181640625,1770.9212646484375,1779.898681640625,1789.0654296875,1801.4561767578125,1817.712890625
2021-11-11,2021-11-04,1863.2,1791.5352783203125,1743.9805908203125,1761.6727294921875,1773.1932373046875,1782.826904296875,1791.5352783203125,1800.828369140625,1810.0950927734375,1822.7747802734375,1839.0224609375
2021-11-12,2021-11-05,1867.9,1807.123046875,1757.69140625,1776.0767822265625,1788.5849609375,1797.806884765625,1807.123046875,1817.1207275390625,1827.3323974609375,1840.714111328125,1857.2991943359375
2021-11-15,2021-11-08,1866.1,1820.24072265625,1769.142333984375,1788.075439453125,1801.001953125,1810.6824951171875,1820.24072265625,1830.3116455078125,1840.657470703125,1853.7647705078125,1871.0909423828125
2021-11-16,2021-11-09,1853.6,1821.7459716796875,1771.0001220703125,1789.9093017578125,1802.759521484375,1812.9820556640625,1821.7459716796875,1831.32275390625,1841.203369140625,1853.9407958984375,1870.3255615234375
2021-11-17,2021-11-10,1869.7,1832.26953125,1773.043701171875,1795.033935546875,1810.3934326171875,1821.9417724609375,1832.26953125,1843.89111328125,1855.5164794921875,1869.9102783203125,1887.7049560546875
2021-11-18,2021-11-11,1861.0,1848.424072265625,1784.5081787109375,1807.9840087890625,1824.257080078125,1837.2735595703125,1848.424072265625,1860.72607421875,1873.6185302734375,1889.235107421875,1910.641357421875
2021-11-19,2021-11-12,1851.2,1864.318115234375,1803.4954833984375,1826.6331787109375,1842.0499267578125,1854.5780029296875,1864.318115234375,1876.0357666015625,1887.9332275390625,1902.322998046875,1922.705322265625
2021-11-22,2021-11-15,1806.0,1869.0858154296875,1813.004150390625,1835.1868896484375,1849.0506591796875,1860.668701171875,1869.0858154296875,1879.696533203125,1890.8505859375,1904.849365234375,1923.5931396484375
2021-11-23,2021-11-16,1783.5,1854.571044921875,1803.0859375,1823.8570556640625,1836.7513427734375,1846.992919921875,1854.571044921875,1863.98828125,1873.6837158203125,1886.306640625,1902.4224853515625
2021-11-24,2021-11-17,1784.1,1874.9329833984375,1818.0223388671875,1840.448486328125,1854.6046142578125,1866.0068359375,1874.9329833984375,1885.626708984375,1896.155029296875,1909.7330322265625,1927.6549072265625
2021-11-26,2021-11-18,1785.3,1864.2958984375,1812.6416015625,1833.4268798828125,1846.3199462890625,1856.57666015625,1864.2958984375,1873.606689453125,1882.9912109375,1894.9205322265625,1910.181396484375
2021-11-29,2021-11-19,1782.3,1853.223388671875,1805.437255859375,1824.364501953125,1836.4141845703125,1845.8642578125,1853.223388671875,1862.5673828125,1871.5333251953125,1882.9268798828125,1897.2696533203125
2021-11-30,2021-11-22,1773.6,1810.000244140625,1758.1854248046875,1777.8741455078125,1790.6219482421875,1801.160400390625,1810.000244140625,1820.21728515625,1830.6494140625,1844.275634765625,1861.3944091796875
2021-12-01,2021-11-23,1781.6,1791.9281005859375,1739.174072265625,1759.1168212890625,1772.5118408203125,1782.945068359375,1791.9281005859375,1802.457763671875,1813.095458984375,1826.9560546875,1844.3341064453125
2021-12-02,2021-11-24,1760.7,1794.780029296875,1748.5706787109375,1766.1314697265625,1777.5250244140625,1786.8853759765625,1794.780029296875,1804.03173828125,1813.1552734375,1826.04833984375,1842.75048828125
2021-12-03,2021-11-26,1782.0,1792.4464111328125,1748.8880615234375,1765.3212890625,1776.20361328125,1785.1353759765625,1792.4464111328125,1801.2979736328125,1810.0068359375,1822.68505859375,1838.938232421875
2021-12-06,2021-11-29,1777.5,1786.1082763671875,1742.06103515625,1758.5743408203125,1769.0902099609375,1778.768310546875,1786.1082763671875,1794.75537109375,1803.6768798828125,1815.9693603515625,1832.0833740234375
2021-12-07,2021-11-30,1782.6,1772.2811279296875,1727.1939697265625,1743.8497314453125,1754.840087890625,1764.369384765625,1772.2811279296875,1780.823486328125,1789.6448974609375,1801.6541748046875,1817.64404296875
2021-12-08,2021-12-01,1783.4,1784.7083740234375,1742.1168212890625,1757.6207275390625,1768.1207275390625,1777.1590576171875,1784.7083740234375,1792.822021484375,1800.78076171875,1811.9891357421875,1826.5577392578125
2021-12-09,2021-12-02,1774.6,1761.5811767578125,1715.2020263671875,1732.512939453125,1743.6988525390625,1753.71435546875,1761.5811767578125,1769.8096923828125,1778.475830078125,1790.3514404296875,1805.6641845703125
2021-12-10,2021-12-03,1782.9,1786.5406494140625,1741.0213623046875,1757.879150390625,1769.1197509765625,1779.20166015625,1786.5406494140625,1794.9793701171875,1803.212158203125,1814.67919921875,1829.50732421875
2021-12-13,2021-12-06,1786.3,1779.872802734375,1739.112060546875,1753.8668212890625,1764.3253173828125,1773.0120849609375,1779.872802734375,1787.171630859375,1794.6103515625,1805.67333984375,1819.426513671875
2021-12-14,2021-12-07,1770.4,1786.46875,1745.22021484375,1760.40966796875,1770.67333984375,1779.7476806640625,1786.46875,1793.9476318359375,1801.58056640625,1812.6416015625,1827.0020751953125
2021-12-15,2021-12-08,1762.6,1786.0579833984375,1746.68798828125,1760.980224609375,1770.7813720703125,1779.5926513671875,1786.0579833984375,1793.57568359375,1800.96728515625,1811.6156005859375,1825.5635986328125
2021-12-16,2021-12-09,1796.6,1778.735595703125,1741.035888671875,1755.408935546875,1764.4383544921875,1772.96240234375,1778.735595703125,1786.06201171875,1793.2056884765625,1803.1910400390625,1816.3897705078125
2021-12-17,2021-12-10,1803.8,1787.497314453125,1748.947998046875,1763.033447265625,1772.73486328125,1781.775634765625,1787.497314453125,1794.629638671875,1802.1593017578125,1812.23974609375,1825.6646728515625
2021-12-20,2021-12-13,1793.7,1788.2330322265625,1749.78173828125,1764.12548828125,1773.685302734375,1782.513427734375,1788.2330322265625,1795.162841796875,1802.642333984375,1812.480712890625,1825.7945556640625
2021-12-21,2021-12-14,1787.9,1771.806640625,1734.0091552734375,1747.8621826171875,1757.190673828125,1765.84716796875,1771.806640625,1778.7891845703125,1786.7078857421875,1796.919677734375,1810.546142578125
2021-12-22,2021-12-15,1801.6,1766.8468017578125,1730.0494384765625,1743.872314453125,1752.566162109375,1761.106689453125,1766.8468017578125,1773.551513671875,1781.3199462890625,1791.435791015625,1805.665771484375
2021-12-23,2021-12-16,1811.2,1793.0096435546875,1751.334716796875,1766.6544189453125,1776.959228515625,1786.263671875,1793.0096435546875,1800.941162109375,1809.9866943359375,1821.4171142578125,1837.2999267578125
2021-12-27,2021-12-17,1808.1,1799.667724609375,1757.1383056640625,1773.4239501953125,1783.8822021484375,1792.809326171875,1799.667724609375,1807.45947265625,1815.97021484375,1826.838134765625,1841.3953857421875
2021-12-28,2021-12-20,1810.2,1790.7802734375,1750.2623291015625,1765.8900146484375,1776.0736083984375,1784.49658203125,1790.7802734375,1797.834716796875,1806.0184326171875,1816.1160888671875,1829.933349609375
2021-12-29,2021-12-21,1805.1,1785.0692138671875,1747.7352294921875,1762.3753662109375,1771.5146484375,1779.456298828125,1785.0692138671875,1791.786376953125,1799.9437255859375,1810.0732421875,1824.225830078125
2021-12-30,2021-12-22,1812.7,1797.60302734375,1756.903076171875,1772.7650146484375,1783.0208740234375,1791.383056640625,1797.60302734375,1805.153564453125,1814.0264892578125,1824.829345703125,1840.013427734375
2021-12-31,2021-12-23,1827.5,1806.2159423828125,1763.1571044921875,1779.5703125,1790.556640625,1799.4251708984375,1806.2159423828125,1814.212646484375,1823.3812255859375,1834.31298828125,1849.3570556640625
2022-01-03,2021-12-27,1799.4,1805.99267578125,1764.3056640625,1780.3544921875,1790.809326171875,1799.4156494140625,1805.99267578125,1813.5948486328125,1822.270751953125,1832.6253662109375,1846.5068359375
2022-01-04,2021-12-28,1814.0,1807.003173828125,1764.76806640625,1780.888671875,1791.461669921875,1800.3648681640625,1807.003173828125,1814.7509765625,1823.369873046875,1833.6337890625,1847.91552734375
2022-01-05,2021-12-29,1824.6,1802.706787109375,1764.1673583984375,1778.67138671875,1788.255615234375,1796.383544921875,1802.706787109375,1810.064697265625,1818.49755859375,1828.426025390625,1842.8802490234375
2022-01-06,2021-12-30,1788.7,1812.3328857421875,1771.9920654296875,1787.1009521484375,1797.1961669921875,1805.7919921875,1812.3328857421875,1819.921875,1828.2943115234375,1837.9241943359375,1852.0736083984375
2022-01-07,2021-12-31,1797.0,1826.94091796875,1780.578857421875,1797.7364501953125,1809.7938232421875,1819.4261474609375,1826.94091796875,1836.051513671875,1845.5560302734375,1856.3756103515625,1872.111572265625
2022-01-10,2022-01-03,1798.4,1798.3797607421875,1755.1929931640625,1771.4267578125,1782.1424560546875,1791.32763671875,1798.3797607421875,1806.4691162109375,1815.4246826171875,1826.0787353515625,1840.830322265625
2022-01-11,2022-01-04,1818.6,1814.126708984375,1770.88330078125,1787.107421875,1798.01025390625,1807.19384765625,1814.126708984375,1822.0518798828125,1830.9251708984375,1841.4600830078125,1855.961181640625
2022-01-12,2022-01-05,1827.2,1821.0194091796875,1775.822021484375,1793.067138671875,1804.4696044921875,1813.822998046875,1821.0194091796875,1829.29052734375,1838.2381591796875,1849.1356201171875,1863.6650390625
2022-01-13,2022-01-06,1821.2,1792.6312255859375,1744.5201416015625,1762.5753173828125,1774.465576171875,1784.380126953125,1792.6312255859375,1800.91552734375,1810.51513671875,1821.99560546875,1836.56640625
2022-01-14,2022-01-07,1816.5,1800.8922119140625,1757.246337890625,1773.4832763671875,1784.44921875,1793.7269287109375,1800.8922119140625,1808.9459228515625,1817.83154296875,1828.95263671875,1842.8638916015625
2022-01-18,2022-01-10,1812.3,1798.897705078125,1755.2435302734375,1771.7315673828125,1782.6163330078125,1791.63427734375,1798.897705078125,1806.3846435546875,1814.793701171875,1825.5489501953125,1839.064453125
2022-01-19,2022-01-11,1843.1,1815.4208984375,1770.6812744140625,1787.4034423828125,1798.688720703125,1807.8126220703125,1815.4208984375,1823.000732421875,1831.696044921875,1842.4068603515625,1856.894775390625
2022-01-20,2022-01-12,1842.5,1823.528076171875,1777.7625732421875,1795.1763916015625,1806.85595703125,1815.9232177734375,1823.528076171875,1831.0819091796875,1839.8892822265625,1850.6158447265625,1864.864990234375
2022-01-21,2022-01-13,1831.8,1821.6910400390625,1779.2071533203125,1795.3316650390625,1806.248291015625,1814.6668701171875,1821.6910400390625,1829.2799072265625,1837.1304931640625,1847.67529296875,1860.843017578125
2022-01-24,2022-01-14,1841.7,1817.030517578125,1774.79248046875,1790.6405029296875,1801.52197265625,1810.0535888671875,1817.030517578125,1824.4798583984375,1832.5526123046875,1842.836669921875,1856.3782958984375
2022-01-25,2022-01-18,1852.7,1815.7113037109375,1775.698486328125,1790.7196044921875,1800.87890625,1809.03271484375,1815.7113037109375,1822.824951171875,1830.5709228515625,1840.64892578125,1852.791748046875
2022-01-26,2022-01-19,1829.9,1839.7261962890625,1791.7264404296875,1809.50732421875,1822.0028076171875,1831.9947509765625,1839.7261962890625,1848.6661376953125,1858.4501953125,1870.4005126953125,1886.1629638671875
2022-01-27,2022-01-20,1793.3,1843.229248046875,1797.43896484375,1814.69580078125,1826.3189697265625,1835.78955078125,1843.229248046875,1852.01953125,1861.3541259765625,1872.7938232421875,1887.6893310546875
2022-01-28,2022-01-21,1784.9,1835.58544921875,1792.387451171875,1808.653076171875,1819.782470703125,1828.30322265625,1835.58544921875,1843.4710693359375,1852.0738525390625,1863.077880859375,1875.8211669921875
2022-01-31,2022-01-24,1795.0,1843.8460693359375,1800.04443359375,1816.5555419921875,1827.672607421875,1836.4351806640625,1843.8460693359375,1852.29052734375,1861.7423095703125,1873.0789794921875,1887.84619140625
2022-02-01,2022-01-25,1800.3,1853.52099609375,1808.8807373046875,1825.775390625,1836.85595703125,1845.9737548828125,1853.52099609375,1862.173828125,1871.754150390625,1883.4644775390625,1898.847900390625
2022-02-02,2022-01-26,1809.2,1836.9141845703125,1792.5863037109375,1809.380615234375,1820.26611328125,1829.1810302734375,1836.9141845703125,1845.0782470703125,1854.1895751953125,1865.6746826171875,1880.051025390625
2022-02-03,2022-01-27,1803.0,1810.552978515625,1761.689208984375,1780.0472412109375,1791.8656005859375,1801.8253173828125,1810.552978515625,1819.5311279296875,1829.4599609375,1842.236572265625,1857.72265625
2022-02-04,2022-01-28,1806.6,1800.6658935546875,1753.606689453125,1771.3822021484375,1782.7894287109375,1792.1295166015625,1800.6658935546875,1809.501220703125,1819.179443359375,1831.7890625,1847.911376953125
2022-02-07,2022-01-31,1820.6,1804.32275390625,1759.389404296875,1776.2431640625,1787.1065673828125,1796.3287353515625,1804.32275390625,1812.672607421875,1821.9420166015625,1834.14501953125,1850.1343994140625
2022-02-08,2022-02-01,1826.6,1806.4786376953125,1763.471923828125,1779.6962890625,1790.160888671875,1799.05712890625,1806.4786376953125,1814.5589599609375,1823.785400390625,1835.3809814453125,1850.888916015625
2022-02-09,2022-02-02,1835.2,1813.14208984375,1769.091064453125,1786.1533203125,1796.72705078125,1805.804931640625,1813.14208984375,1821.2744140625,1830.7509765625,1842.3519287109375,1857.730712890625
2022-02-10,2022-02-03,1836.2,1804.1119384765625,1760.2862548828125,1776.91650390625,1787.4371337890625,1796.6544189453125,1804.1119384765625,1812.0364990234375,1821.287109375,1833.071044921875,1848.5562744140625
2022-02-11,2022-02-04,1840.8,1807.159912109375,1762.317138671875,1779.5777587890625,1790.398193359375,1799.682373046875,1807.159912109375,1815.1141357421875,1824.37646484375,1835.8468017578125,1851.03564453125
2022-02-14,2022-02-07,1868.0,1819.4261474609375,1772.21923828125,1790.2503662109375,1801.6903076171875,1811.404052734375,1819.4261474609375,1828.197265625,1838.12890625,1850.6044921875,1868.161376953125
2022-02-15,2022-02-08,1854.8,1823.98095703125,1776.608154296875,1794.4940185546875,1806.0264892578125,1815.90087890625,1823.98095703125,1832.8067626953125,1843.0262451171875,1855.804931640625,1874.06884765625
2022-02-16,2022-02-09,1870.2,1833.6656494140625,1784.264404296875,1802.85546875,1814.83837890625,1825.01171875,1833.6656494140625,1842.9168701171875,1853.4246826171875,1866.24072265625,1884.297119140625
2022-02-17,2022-02-10,1900.7,1834.3824462890625,1785.356689453125,1803.6358642578125,1815.4407958984375,1825.49658203125,1834.3824462890625,1843.2879638671875,1853.3583984375,1866.242431640625,1884.8372802734375
2022-02-18,2022-02-11,1898.6,1839.4154052734375,1792.6685791015625,1809.8955078125,1821.28173828125,1831.0582275390625,1839.4154052734375,1848.2005615234375,1858.1121826171875,1870.64794921875,1889.034423828125
2022-02-22,2022-02-14,1906.1,1861.4183349609375,1806.953857421875,1826.8228759765625,1840.0225830078125,1851.4866943359375,1861.4183349609375,1871.9840087890625,1883.859375,1898.6055908203125,1920.7359619140625
2022-02-23,2022-02-15,1909.2,1854.3756103515625,1805.173095703125,1823.2921142578125,1835.57861328125,1845.81103515625,1854.3756103515625,1863.719482421875,1873.85595703125,1886.426513671875,1904.796875
2022-02-24,2022-02-16,1925.1,1871.5360107421875,1818.4412841796875,1837.901611328125,1851.273681640625,1862.1790771484375,1871.5360107421875,1881.6055908203125,1892.86767578125,1906.7691650390625,1926.843994140625
2022-02-25,2022-02-17,1886.5,1894.1097412109375,1830.8953857421875,1853.991943359375,1869.764404296875,1882.7608642578125,1894.1097412109375,1906.8031005859375,1920.27294921875,1936.704833984375,1961.0484619140625
2022-02-28,2022-02-18,1899.4,1895.8760986328125,1836.634033203125,1858.6546630859375,1873.542724609375,1885.7613525390625,1895.8760986328125,1907.241943359375,1919.3798828125,1934.3162841796875,1955.3663330078125
2022-03-01,2022-02-22,1942.4,1903.4156494140625,1845.32373046875,1866.5445556640625,1881.14111328125,1893.3292236328125,1903.4156494140625,1914.224609375,1925.857666015625,1940.236572265625,1959.7239990234375
2022-03-02,2022-02-23,1920.9,1906.66748046875,1851.485107421875,1871.5980224609375,1885.300048828125,1897.0194091796875,1906.66748046875,1916.9437255859375,1928.132080078125,1941.8941650390625,1960.63671875
2022-03-03,2022-02-24,1934.4,1920.609619140625,1860.0244140625,1882.264892578125,1897.4205322265625,1910.1038818359375,1920.609619140625,1931.9705810546875,1943.980224609375,1958.804931640625,1978.492431640625
2022-03-04,2022-02-25,1965.1,1883.21435546875,1828.755126953125,1848.6591796875,1861.94775390625,1873.5098876953125,1883.21435546875,1893.0081787109375,1904.4520263671875,1918.455322265625,1936.6639404296875
2022-03-07,2022-02-28,1993.9,1897.8753662109375,1843.52978515625,1863.64306640625,1877.068359375,1888.434326171875,1897.8753662109375,1908.2755126953125,1918.5789794921875,1932.507080078125,1951.0018310546875
2022-03-08,2022-03-01,2040.1,1933.203369140625,1867.2379150390625,1891.933837890625,1908.14892578125,1921.5609130859375,1933.203369140625,1945.9619140625,1958.2891845703125,1974.6146240234375,1997.276611328125
2022-03-09,2022-03-02,1985.9,1918.0032958984375,1858.541015625,1881.13916015625,1895.8590087890625,1907.8531494140625,1918.0032958984375,1928.969482421875,1939.9703369140625,1954.6204833984375,1973.9346923828125
2022-03-10,2022-03-03,1998.1,1931.337890625,1871.5338134765625,1894.2757568359375,1909.1875,1921.1712646484375,1931.337890625,1942.4329833984375,1953.1851806640625,1967.30322265625,1986.298828125
2022-03-11,2022-03-04,1982.7,1958.5313720703125,1895.034423828125,1919.00341796875,1934.726806640625,1947.5555419921875,1958.5313720703125,1970.90185546875,1982.65478515625,1998.233154296875,2020.1090087890625
2022-03-14,2022-03-07,1959.6,1984.9635009765625,1916.3609619140625,1942.2691650390625,1959.378662109375,1973.217041015625,1984.9635009765625,1998.3895263671875,2011.4322509765625,2028.5191650390625,2052.62939453125
2022-03-15,2022-03-08,1928.5,2033.0452880859375,1952.526123046875,1983.71484375,2003.06494140625,2019.2747802734375,2033.0452880859375,2049.41064453125,2065.427978515625,2086.01220703125,2116.77392578125
2022-03-16,2022-03-09,1908.0,1978.447265625,1903.312744140625,1932.2926025390625,1950.8570556640625,1965.5751953125,1978.447265625,1993.3592529296875,2007.511962890625,2026.184814453125,2051.4501953125
2022-03-17,2022-03-10,1942.1,1994.18017578125,1923.0430908203125,1950.2291259765625,1967.577880859375,1981.787109375,1994.18017578125,2008.5797119140625,2022.1693115234375,2040.1263427734375,2066.377197265625
2022-03-18,2022-03-11,1928.2,1979.16162109375,1912.0809326171875,1937.3836669921875,1954.34130859375,1967.896484375,1979.16162109375,1992.7320556640625,2005.7742919921875,2022.556884765625,2047.5509033203125
2022-03-21,2022-03-14,1928.6,1959.8724365234375,1890.632568359375,1917.6951904296875,1934.8427734375,1948.4227294921875,1959.8724365234375,1973.9473876953125,1987.05615234375,2003.5936279296875,2027.99267578125
2022-03-22,2022-03-15,1920.7,1930.7747802734375,1859.188232421875,1886.441650390625,1903.974609375,1918.531494140625,1930.7747802734375,1944.6995849609375,1958.815185546875,1976.6453857421875,2003.4267578125
2022-03-23,2022-03-16,1936.6,1913.5823974609375,1840.4017333984375,1868.2510986328125,1885.9127197265625,1901.0216064453125,1913.5823974609375,1927.495849609375,1941.19775390625,1958.857421875,1985.642578125
2022-03-24,2022-03-17,1961.6,1943.113037109375,1870.746337890625,1898.7740478515625,1916.2054443359375,1931.023193359375,1943.113037109375,1957.537841796875,1971.933349609375,1990.319580078125,2018.486083984375
2022-03-25,2022-03-18,1953.8,1925.595947265625,1855.1590576171875,1883.03759765625,1899.7451171875,1914.1201171875,1925.595947265625,1939.0499267578125,1953.042724609375,1970.5595703125,1996.27490234375
2022-03-28,2022-03-21,1939.6,1924.8819580078125,1857.365966796875,1883.99560546875,1899.985595703125,1913.834228515625,1924.8819580078125,1937.6846923828125,1950.9404296875,1968.0263671875,1992.2347412109375
2022-03-29,2022-03-22,1912.0,1916.4957275390625,1852.7913818359375,1877.4549560546875,1892.5703125,1906.138671875,1916.4957275390625,1928.8355712890625,1942.1295166015625,1958.9952392578125,1983.55615234375
2022-03-30,2022-03-23,1933.5,1932.422607421875,1869.425048828125,1893.9144287109375,1909.0787353515625,1922.2994384765625,1932.422607421875,1944.962158203125,1958.1051025390625,1974.507080078125,1997.9808349609375
2022-03-31,2022-03-24,1949.2,1956.54931640625,1888.2347412109375,1915.49853515625,1931.5653076171875,1945.5933837890625,1956.54931640625,1970.5928955078125,1984.5269775390625,2001.9903564453125,2027.8519287109375
2022-04-01,2022-03-25,1919.1,1952.6739501953125,1889.0462646484375,1914.2227783203125,1929.63134765625,1942.5257568359375,1952.6739501953125,1965.24658203125,1978.495849609375,1995.1712646484375,2018.8394775390625
2022-04-04,2022-03-28,1929.2,1941.74560546875,1877.8084716796875,1902.7158203125,1918.3126220703125,1931.3216552734375,1941.74560546875,1954.44091796875,1967.663330078125,1984.1839599609375,2007.4517822265625
2022-04-05,2022-03-29,1922.9,1915.8905029296875,1848.096923828125,1874.7677001953125,1890.888427734375,1904.65283203125,1915.8905029296875,1928.88720703125,1942.1103515625,1959.3634033203125,1983.541748046875
2022-04-06,2022-03-30,1918.4,1933.9591064453125,1867.9385986328125,1893.5731201171875,1909.332275390625,1922.9178466796875,1933.9591064453125,1947.1778564453125,1960.6949462890625,1977.696533203125,2002.2003173828125
2022-04-07,2022-03-31,1933.8,1943.9259033203125,1880.8330078125,1904.1190185546875,1919.7576904296875,1932.738037109375,1943.9259033203125,1957.2777099609375,1970.9132080078125,1988.049560546875,2013.25634765625
2022-04-08,2022-04-01,1941.6,1918.92138671875,1859.0537109375,1880.5330810546875,1895.2589111328125,1907.8148193359375,1918.92138671875,1931.5079345703125,1944.83154296875,1961.21923828125,1984.8743896484375
2022-04-11,2022-04-04,1944.3,1924.196044921875,1866.56298828125,1887.298583984375,1901.6944580078125,1913.863525390625,1924.196044921875,1936.0487060546875,1948.415771484375,1964.42333984375,1986.996826171875
2022-04-12,2022-04-05,1972.1,1919.2086181640625,1865.5040283203125,1885.305908203125,1898.3958740234375,1909.263427734375,1919.2086181640625,1930.74072265625,1943.0931396484375,1958.453369140625,1979.62841796875
2022-04-13,2022-04-06,1981.0,1916.0577392578125,1862.0101318359375,1881.8323974609375,1895.091552734375,1906.25048828125,1916.0577392578125,1927.8414306640625,1940.3134765625,1955.8017578125,1977.76953125
2022-04-14,2022-04-07,1970.9,1928.691162109375,1875.1995849609375,1894.8720703125,1908.1787109375,1919.4293212890625,1928.691162109375,1940.2396240234375,1952.2811279296875,1967.2100830078125,1989.2923583984375
2022-04-18,2022-04-08,1982.9,1933.38525390625,1877.33447265625,1898.158447265625,1911.84814453125,1923.3621826171875,1933.38525390625,1945.2386474609375,1957.617919921875,1972.90380859375,1995.3292236328125
2022-04-19,2022-04-11,1955.7,1933.4547119140625,1875.8289794921875,1897.3199462890625,1911.625732421875,1923.52099609375,1933.4547119140625,1945.6136474609375,1958.3084716796875,1974.1368408203125,1996.403564453125
2022-04-20,2022-04-12,1952.3,1954.17431640625,1892.68994140625,1915.4886474609375,1931.0487060546875,1943.44482421875,1954.17431640625,1967.4315185546875,1981.8245849609375,1998.8538818359375,2023.9429931640625
2022-04-21,2022-04-13,1944.9,1964.759521484375,1901.394287109375,1924.579345703125,1940.9185791015625,1954.055419921875,1964.759521484375,1978.527099609375,1993.6414794921875,2011.403564453125,2039.1676025390625
2022-04-22,2022-04-14,1931.0,1956.257568359375,1895.656494140625,1918.53466796875,1933.81787109375,1946.1075439453125,1956.257568359375,1968.638671875,1982.8428955078125,1999.044189453125,2023.6490478515625
2022-04-25,2022-04-18,1893.2,1968.275146484375,1905.583740234375,1928.708984375,1944.8486328125,1957.1217041015625,1968.275146484375,1981.2261962890625,1996.3177490234375,2013.7259521484375,2039.8826904296875
2022-04-26,2022-04-19,1901.4,1943.3125,1882.6007080078125,1904.9288330078125,1920.0888671875,1932.176513671875,1943.3125,1955.7664794921875,1970.0528564453125,1986.2501220703125,2011.178955078125
2022-04-27,2022-04-20,1885.9,1942.8228759765625,1885.53173828125,1906.1422119140625,1920.487060546875,1931.8724365234375,1942.8228759765625,1954.490234375,1968.23095703125,1983.9364013671875,2008.382568359375
2022-04-28,2022-04-21,1888.7,1936.24169921875,1881.4111328125,1901.51171875,1914.938232421875,1925.7039794921875,1936.24169921875,1947.472900390625,1960.6429443359375,1975.557373046875,1998.02783203125
2022-04-29,2022-04-22,1909.3,1924.3714599609375,1870.1817626953125,1889.9635009765625,1903.354736328125,1914.0301513671875,1924.3714599609375,1935.20703125,1948.3638916015625,1963.0537109375,1985.280517578125
2022-05-02,2022-04-25,1861.8,1892.981689453125,1832.0050048828125,1853.9034423828125,1869.028076171875,1881.220947265625,1892.981689453125,1905.146484375,1919.4857177734375,1935.70654296875,1959.8447265625
2022-05-03,2022-04-26,1868.8,1901.482666015625,1847.8453369140625,1866.9232177734375,1880.326416015625,1891.4229736328125,1901.482666015625,1912.6856689453125,1926.001708984375,1941.0902099609375,1963.71142578125
2022-05-04,2022-04-27,1867.0,1879.673828125,1825.8990478515625,1845.1197509765625,1858.5802001953125,1869.4317626953125,1879.673828125,1891.0469970703125,1904.544189453125,1919.4931640625,1941.417724609375
2022-05-05,2022-04-28,1874.0,1883.639892578125,1830.4573974609375,1849.3470458984375,1862.984130859375,1873.61083984375,1883.639892578125,1894.3280029296875,1908.113525390625,1922.8988037109375,1944.969482421875
2022-05-06,2022-04-29,1881.2,1901.3359375,1848.36962890625,1866.8895263671875,1880.493408203125,1891.1341552734375,1901.3359375,1912.330322265625,1926.594482421875,1941.934814453125,1965.5791015625
2022-05-09,2022-05-02,1857.1,1856.9735107421875,1798.681396484375,1818.778076171875,1833.6002197265625,1845.6251220703125,1856.9735107421875,1869.108154296875,1884.1658935546875,1900.3704833984375,1925.6251220703125
2022-05-10,2022-05-03,1839.9,1865.2384033203125,1815.33740234375,1832.572021484375,1845.0938720703125,1855.357666015625,1865.2384033203125,1876.2369384765625,1889.8477783203125,1905.0250244140625,1929.1165771484375
2022-05-11,2022-05-04,1852.6,1862.914306640625,1813.97802734375,1830.915771484375,1843.2218017578125,1853.3797607421875,1862.914306640625,1873.7919921875,1887.34375,1902.031005859375,1925.2235107421875
2022-05-12,2022-05-05,1823.8,1870.8306884765625,1820.9595947265625,1838.077392578125,1850.8564453125,1861.1939697265625,1870.8306884765625,1881.9425048828125,1895.595947265625,1910.7919921875,1933.726806640625
2022-05-13,2022-05-06,1807.4,1880.7738037109375,1830.18603515625,1847.6041259765625,1860.6934814453125,1871.2034912109375,1880.7738037109375,1891.9693603515625,1905.32373046875,1920.4718017578125,1942.994140625
2022-05-16,2022-05-09,1813.5,1857.281982421875,1808.4320068359375,1825.4254150390625,1837.8189697265625,1847.99658203125,1857.281982421875,1868.2254638671875,1881.4307861328125,1896.2044677734375,1917.6810302734375
2022-05-17,2022-05-10,1818.2,1843.10595703125,1792.4981689453125,1810.2998046875,1822.929443359375,1833.2235107421875,1843.10595703125,1854.087646484375,1867.5540771484375,1882.6700439453125,1904.60595703125
2022-05-18,2022-05-11,1815.9,1856.3988037109375,1807.5870361328125,1824.910400390625,1836.9378662109375,1846.9979248046875,1856.3988037109375,1867.003662109375,1879.761962890625,1894.1116943359375,1914.7156982421875
2022-05-19,2022-05-12,1841.2,1827.03369140625,1773.6820068359375,1792.333740234375,1805.3336181640625,1816.5355224609375,1827.03369140625,1837.732177734375,1850.2130126953125,1864.923828125,1885.5960693359375
2022-05-20,2022-05-13,1841.8,1810.920166015625,1755.8572998046875,1775.2379150390625,1788.54833984375,1800.159423828125,1810.920166015625,1822.041259765625,1834.92822265625,1850.6134033203125,1872.4239501953125
2022-05-23,2022-05-16,1847.8,1817.7352294921875,1768.2008056640625,1785.2423095703125,1797.258056640625,1807.867431640625,1817.7352294921875,1827.7855224609375,1840.0111083984375,1854.4765625,1874.900634765625
2022-05-24,2022-05-17,1865.1,1823.1019287109375,1773.9266357421875,1791.17724609375,1802.774169921875,1813.3984375,1823.1019287109375,1832.9439697265625,1844.60546875,1858.713134765625,1879.03662109375
2022-05-25,2022-05-18,1846.2,1816.54833984375,1769.017578125,1785.244384765625,1796.4881591796875,1806.94384765625,1816.54833984375,1825.607177734375,1836.8392333984375,1850.136962890625,1869.6507568359375
2022-05-26,2022-05-19,1847.4,1838.462890625,1785.9833984375,1804.335693359375,1816.9139404296875,1828.240234375,1838.462890625,1848.541015625,1860.647705078125,1874.959228515625,1895.4342041015625
2022-05-27,2022-05-20,1851.3,1839.5665283203125,1788.973876953125,1806.9669189453125,1819.0511474609375,1829.971435546875,1839.5665283203125,1849.066650390625,1860.8326416015625,1874.9989013671875,1895.1549072265625
2022-05-31,2022-05-23,1842.7,1845.0361328125,1794.820068359375,1812.5621337890625,1824.74755859375,1835.434326171875,1845.0361328125,1854.561767578125,1866.5919189453125,1880.724365234375,1901.498779296875
2022-06-01,2022-05-24,1843.3,1861.9237060546875,1809.752685546875,1828.0211181640625,1840.6944580078125,1852.08056640625,1861.9237060546875,1872.000732421875,1884.1656494140625,1899.4473876953125,1921.8280029296875
2022-06-02,2022-05-25,1866.5,1846.845458984375,1795.160888671875,1813.5509033203125,1826.1729736328125,1837.4615478515625,1846.845458984375,1856.3887939453125,1868.198486328125,1882.47314453125,1903.602783203125
2022-06-03,2022-05-26,1845.4,1847.9417724609375,1798.8358154296875,1816.315673828125,1828.254150390625,1839.0462646484375,1847.9417724609375,1856.702880859375,1868.123046875,1882.1080322265625,1902.5147705078125
2022-06-06,2022-05-27,1839.2,1852.5701904296875,1803.381103515625,1821.08251953125,1832.9833984375,1843.8280029296875,1852.5701904296875,1861.2301025390625,1873.0477294921875,1887.390380859375,1907.356201171875
2022-06-07,2022-05-31,1847.5,1846.443115234375,1799.8341064453125,1816.685302734375,1827.7884521484375,1838.14306640625,1846.443115234375,1854.4918212890625,1865.325439453125,1878.7833251953125,1898.142333984375
2022-06-08,2022-06-01,1851.9,1845.8814697265625,1798.7716064453125,1815.99755859375,1827.172607421875,1837.6502685546875,1845.8814697265625,1853.7164306640625,1864.1949462890625,1877.4912109375,1895.9383544921875
2022-06-09,2022-06-02,1848.8,1867.970947265625,1817.384521484375,1835.7928466796875,1848.029052734375,1859.2969970703125,1867.970947265625,1876.61376953125,1887.9451904296875,1902.1337890625,1921.9288330078125
2022-06-10,2022-06-03,1871.5,1847.63134765625,1800.75146484375,1817.619140625,1828.8970947265625,1839.3814697265625,1847.63134765625,1855.4896240234375,1866.0772705078125,1879.158447265625,1897.8193359375
2022-06-13,2022-06-06,1828.0,1841.0972900390625,1794.9913330078125,1811.5054931640625,1822.5509033203125,1832.8548583984375,1841.0972900390625,1849.0096435546875,1858.99365234375,1871.7890625,1889.61181640625
2022-06-14,2022-06-07,1809.5,1846.5013427734375,1801.354248046875,1817.780029296875,1828.487548828125,1838.4935302734375,1846.5013427734375,1854.465576171875,1864.203369140625,1876.73876953125,1894.942626953125
2022-06-15,2022-06-08,1815.3,1851.455322265625,1806.2515869140625,1822.3946533203125,1833.325439453125,1843.386474609375,1851.455322265625,1859.3714599609375,1868.93212890625,1881.7003173828125,1899.4420166015625
2022-06-16,2022-06-09,1845.7,1847.123779296875,1802.3052978515625,1818.3211669921875,1829.53662109375,1839.5191650390625,1847.123779296875,1854.7156982421875,1864.214599609375,1876.5244140625,1893.8804931640625
2022-06-17,2022-06-10,1835.6,1863.6202392578125,1814.7681884765625,1832.01513671875,1844.26123046875,1855.2642822265625,1863.6202392578125,1872.2880859375,1882.6004638671875,1895.75,1914.603759765625
2022-06-21,2022-06-13,1834.6,1834.44189453125,1787.144775390625,1803.8145751953125,1815.583984375,1826.1436767578125,1834.44189453125,1842.8214111328125,1852.5875244140625,1865.669921875,1884.0860595703125
2022-06-22,2022-06-14,1834.3,1817.905029296875,1768.2373046875,1786.327880859375,1798.5523681640625,1809.057373046875,1817.905029296875,1826.1297607421875,1836.360595703125,1849.5450439453125,1867.9656982421875
2022-06-23,2022-06-15,1825.7,1822.631591796875,1777.72216796875,1793.774169921875,1804.936767578125,1814.5706787109375,1822.631591796875,1830.6611328125,1840.284423828125,1853.48779296875,1871.6285400390625
2022-06-24,2022-06-16,1826.5,1845.9720458984375,1798.334228515625,1815.4708251953125,1827.369384765625,1837.3499755859375,1845.9720458984375,1854.3963623046875,1864.75048828125,1878.3927001953125,1897.5733642578125
2022-06-27,2022-06-17,1820.9,1838.399658203125,1792.4990234375,1809.0809326171875,1820.5255126953125,1830.25537109375,1838.399658203125,1846.6514892578125,1856.3203125,1869.2259521484375,1887.2236328125
2022-06-28,2022-06-21,1817.5,1837.4573974609375,1792.2259521484375,1808.742431640625,1820.0863037109375,1829.677978515625,1837.4573974609375,1845.2900390625,1854.880615234375,1867.3028564453125,1884.67236328125
2022-06-29,2022-06-22,1813.7,1835.8206787109375,1791.07958984375,1807.4678955078125,1818.6097412109375,1828.200927734375,1835.8206787109375,1843.4564208984375,1853.0252685546875,1865.1982421875,1882.762939453125
2022-06-30,2022-06-23,1804.1,1827.648681640625,1783.6995849609375,1799.843994140625,1810.775634765625,1819.8740234375,1827.648681640625,1835.62255859375,1844.928955078125,1857.018798828125,1873.97412109375
2022-07-01,2022-06-24,1798.9,1829.032958984375,1787.248779296875,1802.611572265625,1813.1292724609375,1821.9306640625,1829.032958984375,1836.36572265625,1845.037353515625,1856.794677734375,1873.0565185546875
2022-07-05,2022-06-27,1761.8,1822.0830078125,1780.552001953125,1796.159423828125,1806.516357421875,1815.306640625,1822.0830078125,1829.0687255859375,1837.62060546875,1849.010009765625,1864.809326171875
2022-07-06,2022-06-28,1734.9,1817.3681640625,1776.99169921875,1792.13916015625,1802.1318359375,1810.7650146484375,1817.3681640625,1824.2662353515625,1832.7525634765625,1844.037841796875,1859.774169921875
2022-07-07,2022-06-29,1737.9,1813.96240234375,1775.3798828125,1789.8687744140625,1799.5079345703125,1807.9588623046875,1813.96240234375,1820.5675048828125,1828.5975341796875,1839.2205810546875,1854.2454833984375
2022-07-08,2022-06-30,1740.6,1804.647705078125,1766.8974609375,1780.8133544921875,1790.3369140625,1798.5341796875,1804.647705078125,1811.4039306640625,1819.5948486328125,1830.2017822265625,1846.08935546875
2022-07-11,2022-07-01,1730.0,1801.9627685546875,1765.8194580078125,1779.17041015625,1788.31005859375,1796.09716796875,1801.9627685546875,1808.5009765625,1816.5064697265625,1827.041748046875,1842.37548828125
2022-07-12,2022-07-05,1723.3,1776.3739013671875,1727.46435546875,1746.216552734375,1758.3525390625,1768.1900634765625,1776.3739013671875,1785.4764404296875,1794.99072265625,1807.3323974609375,1824.974365234375
2022-07-13,2022-07-06,1734.2,1751.072998046875,1695.6558837890625,1717.3375244140625,1730.7459716796875,1741.35498046875,1751.072998046875,1761.1568603515625,1771.84912109375,1784.9365234375,1804.650146484375
2022-07-14,2022-07-07,1704.5,1754.28173828125,1704.8900146484375,1724.4468994140625,1736.37451171875,1746.263427734375,1754.28173828125,1763.26416015625,1772.19091796875,1784.238525390625,1801.5572509765625
2022-07-15,2022-07-08,1702.4,1753.400146484375,1705.3792724609375,1724.5252685546875,1735.94189453125,1745.680908203125,1753.400146484375,1762.470458984375,1771.4212646484375,1783.3128662109375,1800.9481201171875
2022-07-18,2022-07-11,1709.2,1738.9111328125,1692.3912353515625,1710.7816162109375,1721.9268798828125,1731.2890625,1738.9111328125,1747.5714111328125,1755.5335693359375,1767.019775390625,1783.9215087890625
2022-07-19,2022-07-12,1710.0,1733.593017578125,1686.437744140625,1705.0025634765625,1716.0323486328125,1725.6444091796875,1733.593017578125,1742.172607421875,1750.4056396484375,1762.019287109375,1779.7249755859375
2022-07-20,2022-07-13,1699.5,1743.4051513671875,1695.338134765625,1714.0654296875,1725.3900146484375,1735.5439453125,1743.4051513671875,1752.5484619140625,1761.4171142578125,1772.934814453125,1790.43994140625
2022-07-21,2022-07-14,1712.7,1711.2681884765625,1656.0616455078125,1677.9847412109375,1691.0887451171875,1701.9365234375,1711.2681884765625,1720.9810791015625,1731.0830078125,1743.3046875,1762.42822265625
2022-07-22,2022-07-15,1727.1,1709.650634765625,1657.2252197265625,1677.569091796875,1690.063720703125,1700.691650390625,1709.650634765625,1718.751953125,1729.1104736328125,1740.90625,1760.0450439453125
2022-07-25,2022-07-18,1719.0,1717.13916015625,1667.235107421875,1686.5601806640625,1698.5625,1708.725341796875,1717.13916015625,1725.6939697265625,1735.837646484375,1747.216796875,1766.0413818359375
2022-07-26,2022-07-19,1717.7,1716.1827392578125,1668.1351318359375,1686.5693359375,1698.0506591796875,1707.9510498046875,1716.1827392578125,1724.34521484375,1733.8189697265625,1745.1173095703125,1763.7449951171875
2022-07-27,2022-07-20,1719.1,1704.835205078125,1658.509521484375,1676.2091064453125,1687.2900390625,1696.8046875,1704.835205078125,1712.647216796875,1721.992431640625,1732.3890380859375,1749.976318359375
2022-07-28,2022-07-21,1750.3,1719.753662109375,1673.7569580078125,1691.312255859375,1702.2694091796875,1711.755859375,1719.753662109375,1727.575439453125,1736.969482421875,1747.88330078125,1765.7506103515625
2022-07-29,2022-07-22,1762.9,1734.6531982421875,1685.958251953125,1704.331298828125,1716.2548828125,1726.372314453125,1734.6531982421875,1743.031494140625,1752.662353515625,1764.12841796875,1781.788818359375
2022-08-01,2022-07-25,1769.0,1725.1949462890625,1678.064208984375,1695.9378662109375,1707.2288818359375,1717.183349609375,1725.1949462890625,1732.986083984375,1741.9310302734375,1752.783203125,1769.442138671875
2022-08-02,2022-07-26,1771.1,1725.2720947265625,1680.787109375,1697.41943359375,1708.2259521484375,1717.4078369140625,1725.2720947265625,1732.74169921875,1741.29052734375,1751.8521728515625,1768.638671875
2022-08-03,2022-07-27,1758.0,1725.782958984375,1679.675048828125,1697.1328125,1708.2457275390625,1717.758056640625,1725.782958984375,1733.4471435546875,1742.2171630859375,1752.8828125,1769.48388671875
2022-08-04,2022-07-28,1788.5,1758.6630859375,1703.6202392578125,1724.4427490234375,1737.6224365234375,1749.22705078125,1758.6630859375,1767.9049072265625,1778.013427734375,1790.4625244140625,1808.5947265625
2022-08-05,2022-07-29,1772.9,1772.223388671875,1717.1622314453125,1738.1865234375,1751.1925048828125,1762.859619140625,1772.223388671875,1781.486083984375,1791.3302001953125,1803.6309814453125,1821.497802734375
2022-08-08,2022-08-01,1786.8,1778.427978515625,1724.591064453125,1745.130126953125,1758.13232421875,1769.2236328125,1778.427978515625,1787.333251953125,1797.1376953125,1809.177978515625,1825.9688720703125
2022-08-09,2022-08-02,1794.0,1777.6448974609375,1727.04150390625,1746.5762939453125,1758.660888671875,1769.3330078125,1777.6448974609375,1785.7684326171875,1795.23876953125,1806.6865234375,1822.5531005859375
2022-08-10,2022-08-03,1795.6,1763.8583984375,1714.685302734375,1733.887939453125,1745.527587890625,1755.6517333984375,1763.8583984375,1771.413330078125,1780.5211181640625,1791.5684814453125,1807.18994140625
2022-08-11,2022-08-04,1789.7,1792.7437744140625,1739.0931396484375,1759.5989990234375,1772.223876953125,1783.71923828125,1792.7437744140625,1801.2625732421875,1811.0888671875,1823.0133056640625,1839.3975830078125
2022-08-12,2022-08-05,1798.6,1778.529296875,1726.6968994140625,1746.6314697265625,1758.578125,1769.688232421875,1778.529296875,1786.4466552734375,1796.0699462890625,1807.393310546875,1823.1927490234375
2022-08-15,2022-08-08,1781.4,1791.9515380859375,1738.8447265625,1759.495849609375,1771.7445068359375,1782.9967041015625,1791.9515380859375,1800.1226806640625,1809.9677734375,1821.2972412109375,1837.5633544921875
2022-08-16,2022-08-09,1773.2,1799.212158203125,1745.162841796875,1766.105712890625,1778.8101806640625,1790.0703125,1799.212158203125,1807.71923828125,1817.5360107421875,1828.6021728515625,1844.913818359375
2022-08-17,2022-08-10,1760.3,1801.31884765625,1750.48095703125,1770.3656005859375,1782.1142578125,1792.7132568359375,1801.31884765625,1809.1700439453125,1818.302734375,1829.1514892578125,1845.5445556640625
2022-08-18,2022-08-11,1755.3,1795.916015625,1744.9786376953125,1765.0177001953125,1776.8258056640625,1787.489013671875,1795.916015625,1803.4166259765625,1812.457763671875,1822.8812255859375,1838.127197265625
2022-08-19,2022-08-12,1747.6,1803.0863037109375,1750.1998291015625,1770.489990234375,1783.123779296875,1794.1942138671875,1803.0863037109375,1811.4588623046875,1820.7667236328125,1831.2728271484375,1846.5633544921875
2022-08-22,2022-08-15,1734.0,1784.9127197265625,1730.3592529296875,1751.3580322265625,1764.4176025390625,1775.70556640625,1784.9127197265625,1793.2528076171875,1803.0059814453125,1813.9217529296875,1829.79541015625
2022-08-23,2022-08-16,1746.8,1777.779052734375,1723.9542236328125,1744.7347412109375,1757.6383056640625,1768.4447021484375,1777.779052734375,1786.26123046875,1795.8179931640625,1806.6590576171875,1822.572998046875
2022-08-24,2022-08-17,1747.8,1766.3626708984375,1711.62255859375,1732.791015625,1745.7884521484375,1757.0430908203125,1766.3626708984375,1774.494140625,1784.342041015625,1795.518310546875,1812.0914306640625
2022-08-25,2022-08-18,1757.7,1763.0208740234375,1712.727783203125,1732.15283203125,1743.8046875,1754.273193359375,1763.0208740234375,1770.7852783203125,1780.03076171875,1790.832275390625,1806.9906005859375
2022-08-26,2022-08-19,1736.1,1752.786865234375,1702.385986328125,1721.6209716796875,1733.315673828125,1743.92431640625,1752.786865234375,1760.3975830078125,1769.3045654296875,1780.11767578125,1796.4256591796875
2022-08-29,2022-08-22,1736.6,1739.5013427734375,1690.5699462890625,1709.49462890625,1720.8101806640625,1731.0576171875,1739.5013427734375,1747.398193359375,1756.064697265625,1767.192626953125,1784.4149169921875
2022-08-30,2022-08-23,1723.2,1754.3961181640625,1705.5640869140625,1723.7718505859375,1735.40283203125,1745.8094482421875,1754.3961181640625,1763.068115234375,1772.3204345703125,1783.0643310546875,1799.4825439453125
2022-08-31,2022-08-24,1712.8,1754.4122314453125,1707.73779296875,1725.408447265625,1736.289794921875,1746.215576171875,1754.4122314453125,1762.4100341796875,1771.1148681640625,1781.6151123046875,1797.58056640625
2022-09-01,2022-08-25,1696.6,1765.8055419921875,1720.7928466796875,1737.7493896484375,1748.192626953125,1757.744140625,1765.8055419921875,1773.40283203125,1782.067626953125,1792.701904296875,1808.407470703125
2022-09-02,2022-08-26,1709.8,1743.6741943359375,1694.1524658203125,1712.7781982421875,1724.4061279296875,1734.80419921875,1743.6741943359375,1752.302978515625,1761.701171875,1772.864501953125,1788.981201171875
2022-09-06,2022-08-29,1700.4,1746.063232421875,1699.211669921875,1717.0206298828125,1728.10546875,1737.7308349609375,1746.063232421875,1754.1690673828125,1763.0018310546875,1773.745361328125,1789.291259765625
2022-09-07,2022-08-30,1715.3,1731.84375,1685.86767578125,1703.1353759765625,1714.064208984375,1723.6280517578125,1731.84375,1739.7889404296875,1748.574462890625,1759.5189208984375,1776.0648193359375
2022-09-08,2022-08-31,1708.0,1724.5682373046875,1682.634521484375,1698.3135986328125,1708.081787109375,1717.0015869140625,1724.5682373046875,1731.6319580078125,1740.133056640625,1751.1473388671875,1767.9910888671875
2022-09-09,2022-09-01,1716.2,1708.03857421875,1663.764404296875,1680.3731689453125,1690.8275146484375,1699.8563232421875,1708.03857421875,1715.50537109375,1723.9652099609375,1735.1614990234375,1752.5693359375
2022-09-12,2022-09-02,1728.1,1721.612060546875,1681.81787109375,1696.415771484375,1705.8023681640625,1714.202880859375,1721.612060546875,1728.8065185546875,1736.784423828125,1747.7349853515625,1764.7479248046875
2022-09-13,2022-09-06,1705.0,1709.353759765625,1671.8936767578125,1685.6754150390625,1694.458251953125,1702.220703125,1709.353759765625,1716.193603515625,1723.685302734375,1734.1451416015625,1750.692138671875
2022-09-14,2022-09-07,1696.5,1725.7314453125,1686.572021484375,1701.084228515625,1710.2099609375,1718.459228515625,1725.7314453125,1732.79638671875,1740.525634765625,1750.9378662109375,1766.706298828125
2022-09-15,2022-09-08,1665.4,1718.040283203125,1678.923828125,1693.6065673828125,1702.71533203125,1710.8447265625,1718.040283203125,1725.044189453125,1732.516845703125,1742.784423828125,1758.130126953125
2022-09-16,2022-09-09,1671.7,1723.964599609375,1685.2574462890625,1699.5809326171875,1708.506103515625,1716.77099609375,1723.964599609375,1730.923583984375,1738.147705078125,1748.5679931640625,1764.2476806640625
2022-09-19,2022-09-12,1666.2,1736.427490234375,1692.5635986328125,1709.2733154296875,1719.470458984375,1728.6341552734375,1736.427490234375,1744.510986328125,1751.8973388671875,1762.0411376953125,1777.33544921875
2022-09-20,2022-09-13,1659.7,1714.074951171875,1668.482666015625,1685.8359375,1696.3671875,1705.533447265625,1714.074951171875,1721.8448486328125,1730.089111328125,1740.4857177734375,1756.376953125
2022-09-21,2022-09-14,1664.6,1704.7490234375,1662.001220703125,1678.4541015625,1688.232666015625,1696.7791748046875,1704.7490234375,1711.950439453125,1719.6463623046875,1729.6405029296875,1745.68701171875
2022-09-22,2022-09-15,1670.8,1674.6248779296875,1624.5548095703125,1643.63134765625,1655.2835693359375,1665.265625,1674.6248779296875,1682.77099609375,1691.74072265625,1703.197509765625,1720.9942626953125
2022-09-23,2022-09-16,1645.3,1677.1981201171875,1632.461181640625,1649.529296875,1659.8905029296875,1669.037353515625,1677.1981201171875,1684.278564453125,1691.6829833984375,1702.523681640625,1719.4085693359375
2022-09-26,2022-09-19,1623.3,1670.1490478515625,1627.0802001953125,1643.6376953125,1653.3770751953125,1662.3243408203125,1670.1490478515625,1676.8770751953125,1684.3594970703125,1695.2362060546875,1712.4195556640625
2022-09-27,2022-09-20,1626.7,1662.581787109375,1620.9769287109375,1637.077880859375,1646.61181640625,1655.0531005859375,1662.581787109375,1668.73486328125,1676.14111328125,1686.8262939453125,1704.0660400390625
2022-09-28,2022-09-21,1660.4,1666.8602294921875,1627.0965576171875,1642.593505859375,1651.7109375,1659.7415771484375,1666.8602294921875,1672.740966796875,1679.7745361328125,1689.649658203125,1706.233642578125
2022-09-29,2022-09-22,1658.5,1674.7982177734375,1631.8203125,1648.2802734375,1658.40234375,1667.1163330078125,1674.7982177734375,1681.4677734375,1689.0758056640625,1699.1583251953125,1716.0172119140625
2022-09-30,2022-09-23,1662.4,1651.1435546875,1602.9483642578125,1621.423095703125,1632.5704345703125,1642.177734375,1651.1435546875,1658.026611328125,1665.9661865234375,1676.7850341796875,1694.80419921875
2022-10-03,2022-09-26,1692.9,1628.57666015625,1574.8861083984375,1595.375732421875,1607.7127685546875,1618.4957275390625,1628.57666015625,1636.649658203125,1646.30859375,1658.623291015625,1678.4100341796875
2022-10-04,2022-09-27,1721.1,1628.521484375,1579.05859375,1597.636962890625,1609.1634521484375,1619.0556640625,1628.521484375,1636.0,1644.912841796875,1657.0792236328125,1676.7802734375
2022-10-05,2022-09-28,1711.4,1662.5694580078125,1608.392578125,1628.7523193359375,1641.8814697265625,1652.592041015625,1662.5694580078125,1671.6444091796875,1681.455322265625,1693.3892822265625,1711.6036376953125
2022-10-06,2022-09-29,1711.7,1662.8717041015625,1608.94580078125,1629.2052001953125,1642.4017333984375,1653.1143798828125,1662.8717041015625,1671.5859375,1681.4288330078125,1693.248779296875,1711.218994140625
2022-10-07,2022-09-30,1700.5,1668.9022216796875,1615.3543701171875,1635.07763671875,1648.21484375,1658.820068359375,1668.9022216796875,1677.3929443359375,1687.2047119140625,1699.311767578125,1717.5418701171875
2022-10-10,2022-10-03,1667.3,1700.146484375,1644.296630859375,1664.72802734375,1678.6553955078125,1690.0928955078125,1700.146484375,1709.3702392578125,1719.9931640625,1732.6785888671875,1751.525390625
2022-10-11,2022-10-04,1678.7,1731.591796875,1671.0340576171875,1693.7811279296875,1708.6741943359375,1720.897705078125,1731.591796875,1741.466064453125,1752.85205078125,1765.4951171875,1784.538330078125
2022-10-12,2022-10-05,1670.3,1719.5775146484375,1663.4853515625,1684.6573486328125,1698.4569091796875,1709.586181640625,1719.5775146484375,1728.51806640625,1738.9327392578125,1750.4749755859375,1768.2960205078125
2022-10-13,2022-10-06,1670.0,1720.4725341796875,1667.388671875,1687.19482421875,1700.2991943359375,1711.0169677734375,1720.4725341796875,1728.7650146484375,1738.7247314453125,1750.1973876953125,1767.2310791015625
2022-10-14,2022-10-07,1641.7,1709.6827392578125,1657.0615234375,1676.8134765625,1689.3363037109375,1700.154296875,1709.6827392578125,1718.0810546875,1728.013427734375,1739.4686279296875,1756.66796875
2022-10-17,2022-10-10,1657.0,1678.9775390625,1623.3634033203125,1644.30029296875,1657.40771484375,1668.7769775390625,1678.9775390625,1687.693359375,1697.9647216796875,1710.232666015625,1728.0364990234375
2022-10-18,2022-10-11,1649.0,1689.5035400390625,1637.4803466796875,1656.5130615234375,1668.6561279296875,1679.83447265625,1689.5035400390625,1697.82177734375,1707.6636962890625,1719.69140625,1736.916259765625
2022-10-19,2022-10-12,1627.5,1676.9627685546875,1624.9913330078125,1644.01171875,1656.3448486328125,1667.3955078125,1676.9627685546875,1685.35107421875,1695.043701171875,1706.4022216796875,1723.15673828125
2022-10-20,2022-10-13,1630.8,1678.4613037109375,1629.7742919921875,1647.22265625,1658.9659423828125,1669.4078369140625,1678.4613037109375,1686.5343017578125,1695.8031005859375,1706.8682861328125,1723.444580078125
2022-10-21,2022-10-14,1651.0,1652.7701416015625,1600.8621826171875,1619.888671875,1632.228759765625,1643.0738525390625,1652.7701416015625,1661.64111328125,1671.348876953125,1682.554931640625,1699.956298828125
2022-10-24,2022-10-17,1648.7,1667.43017578125,1617.267578125,1635.6407470703125,1647.3841552734375,1657.96875,1667.43017578125,1675.7091064453125,1685.291748046875,1696.6597900390625,1714.2086181640625
2022-10-25,2022-10-18,1652.8,1655.453857421875,1607.203125,1625.045654296875,1636.174560546875,1646.259765625,1655.453857421875,1663.216796875,1671.755859375,1682.3587646484375,1698.50634765625
2022-10-26,2022-10-19,1664.0,1634.7406005859375,1584.0562744140625,1602.845703125,1614.5303955078125,1625.125244140625,1634.7406005859375,1642.9742431640625,1652.0347900390625,1662.7406005859375,1679.5538330078125
2022-10-27,2022-10-20,1660.7,1634.273193359375,1586.067626953125,1603.64013671875,1614.757568359375,1624.9970703125,1634.273193359375,1641.81787109375,1650.532470703125,1661.364013671875,1677.751953125
2022-10-28,2022-10-21,1639.6,1652.78759765625,1602.10107421875,1620.5443115234375,1632.4873046875,1643.098388671875,1652.78759765625,1661.1961669921875,1670.4168701171875,1681.113037109375,1697.3466796875
2022-10-31,2022-10-24,1635.9,1652.3387451171875,1603.339599609375,1621.0235595703125,1632.6007080078125,1642.732177734375,1652.3387451171875,1660.461669921875,1669.562744140625,1679.7449951171875,1695.1641845703125
2022-11-01,2022-10-25,1645.0,1658.273681640625,1610.6864013671875,1627.6849365234375,1638.9112548828125,1649.1776123046875,1658.273681640625,1666.1959228515625,1675.1119384765625,1685.11767578125,1700.49462890625
2022-11-02,2022-10-26,1645.7,1669.179443359375,1619.2093505859375,1637.39892578125,1649.072509765625,1659.656005859375,1669.179443359375,1677.505126953125,1686.6336669921875,1696.902587890625,1712.4725341796875
2022-11-03,2022-10-27,1627.3,1665.325927734375,1616.0009765625,1634.00537109375,1645.61279296875,1655.7164306640625,1665.325927734375,1673.4163818359375,1682.4371337890625,1692.40185546875,1707.4937744140625
2022-11-04,2022-10-28,1672.5,1646.9501953125,1596.30810546875,1614.6309814453125,1626.5045166015625,1636.8349609375,1646.9501953125,1655.365234375,1664.182373046875,1674.2528076171875,1690.08740234375
2022-11-07,2022-10-31,1676.5,1641.671875,1594.0631103515625,1611.0269775390625,1622.33349609375,1632.075439453125,1641.671875,1649.7545166015625,1658.2830810546875,1668.4110107421875,1683.366943359375
2022-11-08,2022-11-01,1712.1,1651.18310546875,1604.537353515625,1621.341552734375,1632.394287109375,1642.087158203125,1651.18310546875,1658.87841796875,1667.2979736328125,1677.2703857421875,1691.956787109375
2022-11-09,2022-11-02,1710.1,1651.4635009765625,1607.39990234375,1623.2882080078125,1633.4375,1642.568115234375,1651.4635009765625,1658.5706787109375,1666.696044921875,1676.59375,1690.8387451171875
2022-11-10,2022-11-03,1750.3,1634.509033203125,1594.0504150390625,1607.7919921875,1617.5245361328125,1626.010986328125,1634.509033203125,1641.1197509765625,1648.4957275390625,1658.1688232421875,1672.33740234375
2022-11-11,2022-11-04,1766.0,1676.2376708984375,1627.7833251953125,1644.62158203125,1656.2633056640625,1666.2833251953125,1676.2376708984375,1684.605224609375,1693.8905029296875,1705.039306640625,1721.620361328125
2022-11-14,2022-11-07,1773.6,1680.9017333984375,1631.274658203125,1648.967529296875,1660.8419189453125,1670.9127197265625,1680.9017333984375,1689.44970703125,1698.678955078125,1709.38671875,1725.40478515625
2022-11-15,2022-11-08,1773.8,1721.169921875,1664.7930908203125,1685.231689453125,1698.9075927734375,1710.2779541015625,1721.169921875,1730.8419189453125,1741.353759765625,1753.276123046875,1771.542724609375
2022-11-16,2022-11-09,1773.0,1716.6171875,1661.5179443359375,1681.451416015625,1694.886962890625,1705.9569091796875,1716.6171875,1725.58447265625,1735.7769775390625,1747.271484375,1765.0067138671875
2022-11-17,2022-11-10,1760.8,1760.6446533203125,1700.491943359375,1722.404296875,1736.649658203125,1748.9661865234375,1760.6446533203125,1771.386474609375,1783.5848388671875,1797.4681396484375,1819.0350341796875
2022-11-18,2022-11-11,1751.9,1775.9105224609375,1717.691650390625,1739.4329833984375,1753.35791015625,1765.033447265625,1775.9105224609375,1786.15966796875,1797.2767333984375,1809.6683349609375,1828.9971923828125
2022-11-21,2022-11-14,1737.4,1786.04150390625,1730.8406982421875,1751.4180908203125,1764.534912109375,1775.7147216796875,1786.04150390625,1796.042236328125,1806.772705078125,1818.6451416015625,1837.0582275390625
2022-11-22,2022-11-15,1738.3,1785.7574462890625,1729.3402099609375,1750.4248046875,1763.9371337890625,1775.090087890625,1785.7574462890625,1795.625244140625,1806.31298828125,1818.1397705078125,1836.194580078125
2022-11-23,2022-11-16,1744.9,1779.8729248046875,1724.205810546875,1744.8740234375,1758.1800537109375,1769.369140625,1779.8729248046875,1789.4652099609375,1799.919677734375,1811.5643310546875,1828.7430419921875
2022-11-25,2022-11-17,1753.3,1762.227294921875,1707.9302978515625,1728.0006103515625,1740.9083251953125,1752.010009765625,1762.227294921875,1771.7572021484375,1781.750244140625,1792.94384765625,1809.5245361328125
2022-11-28,2022-11-18,1740.1,1749.90673828125,1697.80908203125,1717.1007080078125,1729.604248046875,1740.0819091796875,1749.90673828125,1758.851318359375,1768.467041015625,1779.077880859375,1795.076904296875
2022-11-29,2022-11-21,1748.4,1733.72216796875,1678.63623046875,1699.14501953125,1712.142333984375,1723.406005859375,1733.72216796875,1742.87451171875,1752.642333984375,1764.0103759765625,1780.6363525390625
2022-11-30,2022-11-22,1746.0,1736.56103515625,1682.837646484375,1702.8707275390625,1715.5006103515625,1726.5445556640625,1736.56103515625,1745.5941162109375,1755.3848876953125,1766.3548583984375,1783.0128173828125
2022-12-01,2022-11-23,1801.1,1745.025390625,1693.2825927734375,1712.3868408203125,1724.86865234375,1735.408935546875,1745.025390625,1753.822021484375,1763.3880615234375,1773.7662353515625,1789.8284912109375
2022-12-02,2022-11-25,1795.9,1753.919677734375,1701.7635498046875,1721.03173828125,1733.5975341796875,1744.287353515625,1753.919677734375,1762.704345703125,1771.9915771484375,1782.37890625,1798.088623046875
2022-12-05,2022-11-28,1767.4,1737.60888671875,1684.902587890625,1704.378662109375,1717.0115966796875,1727.8515625,1737.60888671875,1746.8004150390625,1756.0960693359375,1766.6761474609375,1782.2327880859375
2022-12-06,2022-11-29,1769.3,1745.7227783203125,1694.96044921875,1713.830078125,1726.0191650390625,1736.5216064453125,1745.7227783203125,1754.4520263671875,1763.304931640625,1773.5032958984375,1788.9539794921875
2022-12-07,2022-11-30,1785.5,1741.332763671875,1692.214599609375,1710.5052490234375,1722.406005859375,1732.624267578125,1741.332763671875,1749.7734375,1758.26318359375,1767.986572265625,1782.7108154296875
2022-12-08,2022-12-01,1788.7,1798.0181884765625,1741.5748291015625,1762.8624267578125,1776.152587890625,1787.895263671875,1798.0181884765625,1808.2371826171875,1818.421142578125,1830.19873046875,1848.088623046875
2022-12-09,2022-12-02,1798.1,1798.2061767578125,1745.1373291015625,1765.08837890625,1777.632568359375,1788.75732421875,1798.2061767578125,1807.927734375,1817.4033203125,1828.298095703125,1844.610107421875
2022-12-12,2022-12-05,1780.5,1771.868896484375,1720.194091796875,1739.545654296875,1751.79541015625,1762.4432373046875,1771.868896484375,1781.5997314453125,1791.004638671875,1801.8218994140625,1817.9031982421875
2022-12-13,2022-12-06,1813.9,1772.7667236328125,1722.1549072265625,1741.1947021484375,1753.2374267578125,1763.5595703125,1772.7667236328125,1782.033203125,1791.3533935546875,1801.7425537109375,1817.528564453125
2022-12-14,2022-12-07,1807.5,1784.672119140625,1734.4075927734375,1753.0567626953125,1765.03662109375,1775.387451171875,1784.672119140625,1794.2691650390625,1803.8544921875,1814.73095703125,1830.9024658203125
2022-12-15,2022-12-08,1777.2,1788.10693359375,1738.3717041015625,1756.531494140625,1768.4986572265625,1778.875732421875,1788.10693359375,1797.662353515625,1807.2265625,1818.076416015625,1834.5400390625
2022-12-16,2022-12-09,1790.0,1800.30517578125,1751.4002685546875,1769.2093505859375,1780.9957275390625,1791.1995849609375,1800.30517578125,1809.84423828125,1819.4774169921875,1830.3768310546875,1847.3873291015625
2022-12-19,2022-12-12,1787.7,1784.19482421875,1735.0738525390625,1753.165283203125,1764.979248046875,1775.275634765625,1784.19482421875,1793.6934814453125,1803.513427734375,1814.660400390625,1831.4766845703125
2022-12-20,2022-12-13,1815.9,1815.193115234375,1764.329833984375,1783.081787109375,1795.2122802734375,1805.83544921875,1815.193115234375,1825.2108154296875,1835.5262451171875,1847.2637939453125,1865.103271484375
2022-12-21,2022-12-14,1815.9,1809.3515625,1758.8897705078125,1777.498291015625,1789.509033203125,1800.1275634765625,1809.3515625,1819.1961669921875,1829.287353515625,1840.855712890625,1857.81103515625
2022-12-22,2022-12-15,1787.0,1779.901123046875,1728.1490478515625,1747.05859375,1759.42822265625,1770.2705078125,1779.901123046875,1789.908935546875,1800.403076171875,1812.0531005859375,1829.42431640625
2022-12-23,2022-12-16,1795.9,1791.122802734375,1740.0968017578125,1758.7047119140625,1771.131103515625,1781.9415283203125,1791.122802734375,1800.8450927734375,1811.10546875,1822.355224609375,1839.0963134765625
2022-12-27,2022-12-19,1814.8,1788.839599609375,1738.656982421875,1756.8729248046875,1769.201904296875,1779.7401123046875,1788.839599609375,1798.389404296875,1808.80224609375,1820.1187744140625,1837.7379150390625
2022-12-28,2022-12-20,1807.9,1816.9366455078125,1765.8533935546875,1784.2843017578125,1796.6590576171875,1807.455810546875,1816.9366455078125,1826.8638916015625,1837.513916015625,1849.347900390625,1867.8109130859375
2022-12-29,2022-12-21,1819.5,1819.348876953125,1767.82373046875,1786.2874755859375,1798.9595947265625,1809.8731689453125,1819.348876953125,1829.38525390625,1840.1280517578125,1852.1251220703125,1870.7197265625
2022-12-30,2022-12-22,1819.7,1794.478515625,1742.41455078125,1760.9267578125,1773.6690673828125,1784.6279296875,1794.478515625,1804.62158203125,1815.6878662109375,1827.7391357421875,1846.84375
2023-01-03,2022-12-23,1839.7,1799.8193359375,1748.2432861328125,1766.6741943359375,1779.361083984375,1790.268798828125,1799.8193359375,1809.8424072265625,1820.855712890625,1832.7606201171875,1851.882568359375
2023-01-04,2022-12-27,1852.8,1818.0262451171875,1765.59130859375,1784.2235107421875,1797.31591796875,1808.497802734375,1818.0262451171875,1828.2127685546875,1839.6094970703125,1851.9095458984375,1871.6513671875
2023-01-05,2022-12-28,1834.8,1809.9136962890625,1758.958251953125,1777.0718994140625,1789.8748779296875,1800.7647705078125,1809.9136962890625,1819.392333984375,1830.220703125,1841.7984619140625,1860.292236328125
2023-01-06,2022-12-29,1864.2,1820.02734375,1768.056396484375,1786.6124267578125,1799.437255859375,1810.8125,1820.02734375,1829.8197021484375,1840.668212890625,1852.6103515625,1870.825439453125
2023-01-09,2022-12-30,1872.7,1820.555419921875,1768.147705078125,1787.1512451171875,1800.0064697265625,1811.2445068359375,1820.555419921875,1830.3095703125,1840.8509521484375,1852.57666015625,1871.1290283203125
2023-01-10,2023-01-03,1871.6,1840.134033203125,1786.83349609375,1806.0933837890625,1819.2794189453125,1830.5528564453125,1840.134033203125,1850.177001953125,1860.807373046875,1872.935302734375,1892.3900146484375
2023-01-11,2023-01-04,1874.6,1851.683349609375,1797.2301025390625,1816.896728515625,1830.362060546875,1842.0255126953125,1851.683349609375,1861.827392578125,1872.64501953125,1884.87744140625,1904.703125
2023-01-12,2023-01-05,1895.5,1833.0467529296875,1779.7244873046875,1798.7677001953125,1811.828369140625,1823.37939453125,1833.0467529296875,1843.16064453125,1853.952880859375,1865.8572998046875,1884.809326171875
2023-01-13,2023-01-06,1918.4,1862.63916015625,1808.1181640625,1827.7803955078125,1841.005615234375,1852.7884521484375,1862.63916015625,1872.950439453125,1883.96240234375,1896.29736328125,1915.9501953125
2023-01-17,2023-01-09,1907.2,1871.624755859375,1817.5531005859375,1836.9234619140625,1850.2818603515625,1862.06591796875,1871.624755859375,1881.7723388671875,1892.88037109375,1904.9949951171875,1924.5615234375
2023-01-18,2023-01-10,1904.4,1872.411865234375,1820.1468505859375,1838.8748779296875,1851.5770263671875,1862.8275146484375,1872.411865234375,1882.2840576171875,1892.9365234375,1904.7274169921875,1924.01806640625
2023-01-19,2023-01-11,1922.1,1875.4814453125,1822.9808349609375,1841.849853515625,1854.547607421875,1865.863525390625,1875.4814453125,1885.41455078125,1895.7349853515625,1907.63037109375,1926.5272216796875
2023-01-20,2023-01-12,1926.4,1897.083740234375,1841.7518310546875,1861.749267578125,1875.2027587890625,1887.0390625,1897.083740234375,1907.718017578125,1918.8751220703125,1931.6942138671875,1952.0582275390625
2023-01-23,2023-01-13,1927.1,1919.085693359375,1860.607421875,1881.719970703125,1895.718505859375,1908.195068359375,1919.085693359375,1930.82373046875,1942.6695556640625,1956.52783203125,1978.5030517578125
2023-01-24,2023-01-17,1933.9,1908.02587890625,1853.4886474609375,1873.17822265625,1886.405029296875,1897.7662353515625,1908.02587890625,1918.809326171875,1930.02001953125,1943.1220703125,1964.020751953125
2023-01-25,2023-01-18,1941.2,1904.43798828125,1851.048095703125,1870.41162109375,1883.17626953125,1894.445068359375,1904.43798828125,1914.956787109375,1925.8118896484375,1938.358642578125,1958.372802734375
2023-01-26,2023-01-19,1929.1,1919.0614013671875,1864.91162109375,1884.93603515625,1898.03271484375,1909.484375,1919.0614013671875,1929.1666259765625,1939.955322265625,1952.1424560546875,1971.5679931640625
2023-01-27,2023-01-20,1928.6,1920.91259765625,1868.1156005859375,1887.509521484375,1900.274169921875,1911.4326171875,1920.91259765625,1930.954833984375,1941.670654296875,1953.6063232421875,1972.2332763671875
2023-01-30,2023-01-23,1922.9,1924.448974609375,1873.33203125,1891.7999267578125,1903.934326171875,1914.682373046875,1924.448974609375,1934.58154296875,1944.955078125,1956.9910888671875,1975.8021240234375
2023-01-31,2023-01-24,1929.5,1933.1732177734375,1881.481689453125,1900.1119384765625,1912.716552734375,1923.5382080078125,1933.1732177734375,1943.3153076171875,1953.6485595703125,1965.5828857421875,1984.410888671875
2023-02-01,2023-01-25,1927.8,1937.3177490234375,1885.6123046875,1904.261474609375,1916.6885986328125,1927.5234375,1937.3177490234375,1947.693603515625,1958.179931640625,1970.5660400390625,1989.927490234375
2023-02-02,2023-01-26,1916.3,1921.5560302734375,1870.9058837890625,1889.0057373046875,1901.164794921875,1911.6522216796875,1921.5560302734375,1931.765380859375,1942.4156494140625,1954.895263671875,1974.20458984375
2023-02-03,2023-01-27,1862.9,1922.6556396484375,1872.6180419921875,1890.50146484375,1902.458740234375,1912.77490234375,1922.6556396484375,1932.8563232421875,1943.2025146484375,1955.47607421875,1974.5255126953125
2023-02-06,2023-01-30,1866.2,1914.3829345703125,1863.9542236328125,1882.0030517578125,1894.093017578125,1904.570068359375,1914.3829345703125,1924.6531982421875,1935.0465087890625,1947.431640625,1966.488525390625
2023-02-07,2023-01-31,1871.7,1921.3685302734375,1872.2923583984375,1889.98583984375,1901.632568359375,1911.87841796875,1921.3685302734375,1931.6104736328125,1941.7032470703125,1953.890869140625,1972.2890625
2023-02-08,2023-02-01,1877.4,1920.8275146484375,1870.725341796875,1888.8150634765625,1900.8543701171875,1911.3726806640625,1920.8275146484375,1931.0255126953125,1941.349365234375,1953.2889404296875,1971.061279296875
2023-02-09,2023-02-02,1866.2,1910.30908203125,1861.732177734375,1879.005126953125,1890.648193359375,1900.779052734375,1910.30908203125,1920.430908203125,1930.76318359375,1942.87939453125,1961.544921875
2023-02-10,2023-02-03,1862.8,1853.778564453125,1798.2154541015625,1818.212158203125,1831.563720703125,1843.41650390625,1853.778564453125,1864.9769287109375,1876.9332275390625,1890.5406494140625,1911.5865478515625
2023-02-13,2023-02-06,1851.9,1856.5283203125,1805.3912353515625,1823.739013671875,1835.823486328125,1846.8121337890625,1856.5283203125,1866.922119140625,1878.028564453125,1890.797119140625,1911.914794921875
2023-02-14,2023-02-07,1854.0,1858.099365234375,1807.1727294921875,1825.6483154296875,1837.667236328125,1848.4471435546875,1858.099365234375,1868.546142578125,1879.295166015625,1891.8551025390625,1911.87060546875
2023-02-15,2023-02-08,1834.2,1871.308349609375,1821.431640625,1839.2867431640625,1851.1416015625,1861.6446533203125,1871.308349609375,1881.891357421875,1892.5908203125,1905.4088134765625,1925.863525390625
2023-02-16,2023-02-09,1842.0,1861.74560546875,1811.9979248046875,1829.779052734375,1841.6046142578125,1852.219482421875,1861.74560546875,1872.2987060546875,1882.788330078125,1895.472412109375,1915.65771484375
2023-02-17,2023-02-10,1840.4,1853.8660888671875,1804.7684326171875,1822.4012451171875,1834.0753173828125,1844.6033935546875,1853.8660888671875,1864.3304443359375,1874.970703125,1887.49951171875,1907.603271484375
2023-02-21,2023-02-13,1833.0,1842.1622314453125,1792.7474365234375,1810.7559814453125,1822.5487060546875,1833.087158203125,1842.1622314453125,1852.386474609375,1863.274658203125,1875.5399169921875,1895.92578125
2023-02-22,2023-02-14,1832.0,1846.257568359375,1797.6961669921875,1815.228515625,1827.0487060546875,1837.1676025390625,1846.257568359375,1856.2491455078125,1866.7684326171875,1878.6737060546875,1898.757080078125
2023-02-23,2023-02-15,1818.0,1824.573486328125,1773.4305419921875,1792.08984375,1804.220947265625,1815.1007080078125,1824.573486328125,1834.9544677734375,1845.9193115234375,1858.367431640625,1878.6181640625
2023-02-24,2023-02-16,1808.8,1836.0550537109375,1786.002197265625,1804.2674560546875,1816.1282958984375,1826.82861328125,1836.0550537109375,1846.3724365234375,1857.0853271484375,1869.491455078125,1889.8529052734375
2023-02-27,2023-02-17,1817.0,1835.9520263671875,1786.1551513671875,1804.541748046875,1816.38623046875,1826.8082275390625,1835.9520263671875,1846.1357421875,1856.692626953125,1868.79443359375,1888.6143798828125
2023-02-28,2023-02-21,1828.9,1827.547607421875,1778.8157958984375,1796.4229736328125,1808.2537841796875,1818.3070068359375,1827.547607421875,1837.3253173828125,1847.865234375,1859.72802734375,1879.3837890625
2023-03-01,2023-02-22,1837.7,1829.102294921875,1779.2530517578125,1797.199462890625,1809.2110595703125,1819.7021484375,1829.102294921875,1839.255615234375,1849.9566650390625,1862.108154296875,1881.7164306640625
2023-03-02,2023-02-23,1833.5,1814.471435546875,1764.917724609375,1783.0244140625,1794.792236328125,1805.217529296875,1814.471435546875,1824.3695068359375,1835.0006103515625,1846.8038330078125,1866.112060546875
2023-03-03,2023-02-24,1847.7,1804.6064453125,1756.2655029296875,1774.0030517578125,1785.6285400390625,1795.570068359375,1804.6064453125,1814.2076416015625,1824.82421875,1836.261962890625,1855.0155029296875
2023-03-06,2023-02-27,1847.9,1813.986083984375,1765.5750732421875,1783.0478515625,1794.65673828125,1804.688232421875,1813.986083984375,1823.53076171875,1834.0728759765625,1845.74365234375,1864.7591552734375
2023-03-07,2023-02-28,1813.9,1827.3695068359375,1778.902099609375,1796.2618408203125,1808.007568359375,1818.041748046875,1827.3695068359375,1836.96435546875,1847.5152587890625,1859.2384033203125,1878.4183349609375
2023-03-08,2023-03-01,1812.7,1839.27001953125,1789.572021484375,1807.532470703125,1819.62109375,1829.8673095703125,1839.27001953125,1849.03955078125,1859.7930908203125,1871.8330078125,1891.084228515625
2023-03-09,2023-03-02,1829.3,1834.88330078125,1784.5057373046875,1802.706298828125,1814.791259765625,1825.272216796875,1834.88330078125,1844.8868408203125,1855.6082763671875,1868.0753173828125,1887.7291259765625
2023-03-10,2023-03-03,1862.0,1849.7403564453125,1798.9342041015625,1817.198974609375,1829.544921875,1840.1282958984375,1849.7403564453125,1859.70654296875,1870.44873046875,1882.99267578125,1903.1397705078125
2023-03-13,2023-03-06,1911.7,1846.151611328125,1794.5216064453125,1813.4801025390625,1825.950439453125,1836.6328125,1846.151611328125,1856.094970703125,1866.681396484375,1879.0869140625,1898.5987548828125
2023-03-14,2023-03-07,1906.2,1812.41357421875,1761.078369140625,1779.612060546875,1791.9718017578125,1802.7454833984375,1812.41357421875,1822.2010498046875,1832.86572265625,1844.882080078125,1864.1552734375
2023-03-15,2023-03-08,1926.6,1810.9356689453125,1761.61865234375,1779.44140625,1791.137451171875,1801.5267333984375,1810.9356689453125,1820.193115234375,1830.3348388671875,1841.7808837890625,1860.1915283203125
2023-03-16,2023-03-09,1919.0,1825.15380859375,1777.808349609375,1794.653076171875,1805.8409423828125,1815.850341796875,1825.15380859375,1834.386474609375,1844.470947265625,1855.95849609375,1874.278076171875
2023-03-17,2023-03-10,1969.8,1859.091796875,1809.18115234375,1827.02734375,1838.8345947265625,1849.391357421875,1859.091796875,1869.1214599609375,1879.8668212890625,1892.271484375,1911.9405517578125
2023-03-20,2023-03-13,1979.2,1912.791748046875,1855.464599609375,1875.9190673828125,1889.3447265625,1901.62646484375,1912.791748046875,1924.8818359375,1937.2291259765625,1952.097412109375,1975.701416015625
2023-03-21,2023-03-14,1938.0,1907.9886474609375,1854.0435791015625,1873.4156494140625,1885.94580078125,1897.4017333984375,1907.9886474609375,1919.1627197265625,1930.6513671875,1944.716796875,1966.2733154296875
2023-03-22,2023-03-15,1946.8,1935.060302734375,1879.4969482421875,1899.501953125,1912.618408203125,1924.311279296875,1935.060302734375,1946.486572265625,1958.33349609375,1972.8966064453125,1995.4232177734375
2023-03-23,2023-03-16,1993.8,1921.0860595703125,1866.922607421875,1886.470703125,1899.31103515625,1910.767333984375,1921.0860595703125,1931.878662109375,1943.2283935546875,1956.99462890625,1978.1968994140625
2023-03-24,2023-03-17,1982.1,1970.43017578125,1910.784423828125,1931.9912109375,1946.336669921875,1958.71142578125,1970.43017578125,1983.0943603515625,1996.09130859375,2012.1341552734375,2037.1346435546875
2023-03-27,2023-03-20,1952.4,1982.9244384765625,1925.79345703125,1946.234130859375,1959.8712158203125,1971.746337890625,1982.9244384765625,1995.230224609375,2007.4736328125,2022.554931640625,2046.2310791015625
2023-03-28,2023-03-21,1972.4,1937.109375,1881.8092041015625,1901.239013671875,1914.2247314453125,1925.8673095703125,1937.109375,1948.7254638671875,1961.233154296875,1976.298828125,1999.929931640625
2023-03-29,2023-03-22,1966.1,1943.060302734375,1889.5543212890625,1908.73291015625,1921.3900146484375,1932.601806640625,1943.060302734375,1954.3201904296875,1966.1826171875,1980.88916015625,2003.70458984375
2023-03-30,2023-03-23,1980.3,1987.7318115234375,1929.6507568359375,1950.3619384765625,1964.0919189453125,1976.1163330078125,1987.7318115234375,2000.23876953125,2012.8289794921875,2029.0880126953125,2054.656494140625
2023-03-31,2023-03-24,1969.0,1973.989990234375,1917.534423828125,1937.646484375,1950.9287109375,1962.67333984375,1973.989990234375,1985.78662109375,1998.027099609375,2013.71533203125,2037.8876953125
2023-04-03,2023-03-27,1983.9,1945.5499267578125,1889.3853759765625,1909.2999267578125,1922.51904296875,1934.26806640625,1945.5499267578125,1957.213623046875,1969.438720703125,1984.9166259765625,2008.7401123046875
2023-04-04,2023-03-28,2022.2,1965.98876953125,1910.3883056640625,1930.2020263671875,1943.251708984375,1954.8580322265625,1965.98876953125,1977.5958251953125,1989.705810546875,2005.3201904296875,2029.2999267578125
2023-04-05,2023-03-29,2020.9,1956.474609375,1901.0294189453125,1920.8870849609375,1933.7529296875,1945.462158203125,1956.474609375,1968.0531005859375,1980.128662109375,1995.4642333984375,2018.5457763671875
2023-04-06,2023-03-30,2011.9,1975.00830078125,1919.0635986328125,1939.287109375,1952.1812744140625,1964.0037841796875,1975.00830078125,1986.945556640625,1999.091796875,2014.8154296875,2038.03759765625
2023-04-10,2023-03-31,1989.1,1961.368408203125,1905.790283203125,1925.588623046875,1938.45263671875,1950.3138427734375,1961.368408203125,1972.9920654296875,1985.2271728515625,2000.6322021484375,2024.1148681640625
2023-04-11,2023-04-03,2004.8,1976.41455078125,1920.5968017578125,1940.560302734375,1953.4605712890625,1965.2821044921875,1976.41455078125,1988.521240234375,2000.7646484375,2016.7657470703125,2041.0831298828125
2023-04-12,2023-04-04,2010.9,2017.55908203125,1958.3724365234375,1979.9359130859375,1993.4285888671875,2006.1893310546875,2017.55908203125,2030.502685546875,2043.4254150390625,2060.40380859375,2086.013671875
2023-04-13,2023-04-05,2041.3,2019.560791015625,1962.580078125,1983.41162109375,1996.493896484375,2008.4493408203125,2019.560791015625,2032.096435546875,2044.665771484375,2060.76123046875,2084.88671875
2023-04-14,2023-04-06,2002.2,2009.299560546875,1952.434326171875,1973.1324462890625,1986.1702880859375,1997.844970703125,2009.299560546875,2021.84912109375,2034.23681640625,2049.89990234375,2073.766845703125
2023-04-17,2023-04-10,1994.2,1981.1356201171875,1921.5902099609375,1943.0595703125,1956.830322265625,1969.212890625,1981.1356201171875,1994.0125732421875,2006.67529296875,2023.398681640625,2048.18017578125
2023-04-18,2023-04-11,2007.4,1994.3079833984375,1935.8973388671875,1957.263671875,1970.599365234375,1982.73193359375,1994.3079833984375,2007.0946044921875,2019.7576904296875,2036.33642578125,2060.937744140625
2023-04-19,2023-04-12,1995.2,1999.0667724609375,1942.34814453125,1963.07958984375,1976.1806640625,1987.885986328125,1999.0667724609375,2011.49365234375,2024.06689453125,2039.6087646484375,2062.8369140625
2023-04-20,2023-04-13,2007.6,2035.350830078125,1976.8760986328125,1997.623046875,2011.680908203125,2023.875,2035.350830078125,2048.533447265625,2061.42138671875,2077.463623046875,2102.048095703125
2023-04-21,2023-04-14,1979.5,1999.0823974609375,1940.9351806640625,1961.445556640625,1975.2906494140625,1987.522705078125,1999.0823974609375,2011.9384765625,2024.8427734375,2040.75830078125,2064.572265625
2023-04-24,2023-04-17,1989.1,1990.5614013671875,1933.82666015625,1954.3115234375,1967.467529296875,1979.39892578125,1990.5614013671875,2002.8333740234375,2015.4114990234375,2031.238037109375,2054.392822265625
2023-04-25,2023-04-18,1994.0,2000.66162109375,1946.445068359375,1966.0096435546875,1978.7337646484375,1989.8955078125,2000.66162109375,2012.72265625,2025.056884765625,2040.283447265625,2062.629638671875
2023-04-26,2023-04-19,1985.7,1985.576904296875,1932.89453125,1951.5869140625,1963.99072265625,1975.0592041015625,1985.576904296875,1997.1837158203125,2009.521484375,2024.41357421875,2046.453369140625
2023-04-27,2023-04-20,1989.9,2003.598388671875,1951.413330078125,1970.1053466796875,1982.4111328125,1993.5592041015625,2003.598388671875,2015.123779296875,2027.0767822265625,2041.689453125,2062.84130859375
2023-04-28,2023-04-21,1990.1,1975.586669921875,1922.865234375,1941.6715087890625,1953.9931640625,1965.2366943359375,1975.586669921875,1987.02685546875,1999.322998046875,2014.240478515625,2036.3443603515625
2023-05-01,2023-04-24,1983.4,1982.44140625,1931.805419921875,1950.22119140625,1962.0628662109375,1972.70263671875,1982.44140625,1993.4722900390625,2005.3359375,2019.4317626953125,2040.5595703125
2023-05-02,2023-04-25,2014.3,1986.6392822265625,1936.38916015625,1954.329833984375,1966.0931396484375,1976.690185546875,1986.6392822265625,1997.6484375,2009.4964599609375,2023.5904541015625,2044.8909912109375
2023-05-03,2023-04-26,2028.6,1980.788818359375,1930.780517578125,1948.7200927734375,1960.34375,1970.860595703125,1980.788818359375,1991.54248046875,2003.39501953125,2017.5303955078125,2038.7578125
2023-05-04,2023-04-27,2048.0,1984.482177734375,1933.8607177734375,1952.1689453125,1963.86328125,1974.366455078125,1984.482177734375,1995.5272216796875,2007.2908935546875,2021.5032958984375,2042.64697265625
2023-05-05,2023-04-28,2017.4,1987.5733642578125,1938.81884765625,1956.483642578125,1967.7869873046875,1977.8985595703125,1987.5733642578125,1998.24951171875,2009.6683349609375,2023.2691650390625,2043.4532470703125
2023-05-08,2023-05-01,2026.3,1977.8780517578125,1929.4271240234375,1947.0093994140625,1958.1539306640625,1968.1912841796875,1977.8780517578125,1988.369140625,1999.684814453125,2012.8865966796875,2032.91943359375
2023-05-09,2023-05-02,2036.2,2009.937744140625,1958.079345703125,1977.106201171875,1989.1510009765625,2000.0018310546875,2009.937744140625,2021.22607421875,2032.956298828125,2046.61328125,2067.241455078125
2023-05-10,2023-05-03,2030.5,2024.225341796875,1972.343017578125,1991.0396728515625,2003.1416015625,2013.8629150390625,2024.225341796875,2035.9578857421875,2047.9625244140625,2061.795654296875,2083.2099609375
2023-05-11,2023-05-04,2014.7,2051.300048828125,1999.029541015625,2018.37158203125,2030.2333984375,2041.004150390625,2051.300048828125,2062.937744140625,2074.68603515625,2088.013916015625,2108.471435546875
2023-05-12,2023-05-05,2014.5,2023.3604736328125,1969.23486328125,1988.7896728515625,2001.2308349609375,2012.6837158203125,2023.3604736328125,2035.2962646484375,2047.75732421875,2061.935791015625,2082.7734375
2023-05-15,2023-05-08,2018.0,2025.37890625,1971.5888671875,1991.30322265625,2003.7369384765625,2015.2008056640625,2025.37890625,2036.8890380859375,2048.434326171875,2062.212890625,2082.20947265625
2023-05-16,2023-05-09,1988.4,2033.302001953125,1980.7947998046875,2000.05126953125,2012.0791015625,2023.2635498046875,2033.302001953125,2044.5643310546875,2055.981689453125,2069.607421875,2089.43310546875
2023-05-17,2023-05-10,1980.7,2027.1844482421875,1976.7655029296875,1994.8778076171875,2006.4385986328125,2017.232666015625,2027.1844482421875,2038.253662109375,2049.701904296875,2063.06884765625,2082.5751953125
2023-05-18,2023-05-11,1956.5,2011.1583251953125,1960.656005859375,1978.656494140625,1990.39013671875,2001.1754150390625,2011.1583251953125,2022.220947265625,2033.9180908203125,2047.5830078125,2067.595703125
2023-05-19,2023-05-12,1978.7,2009.8551025390625,1959.008056640625,1977.048828125,1988.8707275390625,1999.779296875,2009.8551025390625,2021.180419921875,2033.0303955078125,2046.82080078125,2067.4521484375
2023-05-22,2023-05-15,1974.8,2014.43603515625,1963.3828125,1981.40625,1993.3349609375,2004.427734375,2014.43603515625,2025.71533203125,2037.390869140625,2051.279541015625,2071.705322265625
2023-05-23,2023-05-16,1972.4,1984.642578125,1931.51025390625,1950.4552001953125,1962.66748046875,1974.2060546875,1984.642578125,1996.20166015625,2008.448486328125,2022.9573974609375,2044.0135498046875
2023-05-24,2023-05-17,1962.8,1972.87841796875,1920.208984375,1939.073486328125,1951.1580810546875,1962.5885009765625,1972.87841796875,1984.1279296875,1996.15087890625,2010.2564697265625,2031.177001953125
2023-05-25,2023-05-18,1943.1,1944.99462890625,1892.377685546875,1911.224853515625,1923.21142578125,1934.73974609375,1944.99462890625,1956.135498046875,1968.07958984375,1982.3572998046875,2003.5775146484375
2023-05-26,2023-05-19,1944.1,1967.0087890625,1914.9591064453125,1933.5145263671875,1945.34375,1956.7607421875,1967.0087890625,1978.1448974609375,1989.8123779296875,2004.174072265625,2025.5443115234375
2023-05-30,2023-05-22,1958.0,1967.363525390625,1917.1866455078125,1935.0291748046875,1946.6224365234375,1957.642578125,1967.363525390625,1978.1771240234375,1989.6544189453125,2003.4146728515625,2023.5306396484375
2023-05-31,2023-05-23,1963.9,1968.384765625,1918.7430419921875,1936.3309326171875,1947.9085693359375,1958.605224609375,1968.384765625,1979.203369140625,1990.9259033203125,2005.038330078125,2025.984619140625
2023-06-01,2023-05-24,1978.0,1962.3846435546875,1911.72265625,1929.802490234375,1941.582763671875,1952.6610107421875,1962.3846435546875,1973.3133544921875,1984.607177734375,1998.823486328125,2019.3387451171875
2023-06-02,2023-05-25,1952.4,1937.17041015625,1885.0606689453125,1903.82421875,1915.8819580078125,1927.08349609375,1937.17041015625,1948.1689453125,1959.75830078125,1973.99560546875,1994.43505859375
2023-06-05,2023-05-26,1958.0,1935.6658935546875,1885.0955810546875,1903.243408203125,1914.8931884765625,1925.8389892578125,1935.6658935546875,1946.35302734375,1957.954345703125,1971.71044921875,1991.6011962890625
2023-06-06,2023-05-30,1965.5,1951.510498046875,1899.8494873046875,1918.1162109375,1930.16455078125,1941.32568359375,1951.510498046875,1962.6187744140625,1974.43212890625,1988.5126953125,2008.891845703125
2023-06-07,2023-05-31,1942.7,1962.0843505859375,1912.142578125,1929.90625,1941.510986328125,1952.359375,1962.0843505859375,1972.759521484375,1984.4561767578125,1998.11181640625,2017.8197021484375
2023-06-08,2023-06-01,1963.6,1981.26220703125,1929.953369140625,1948.3994140625,1960.0992431640625,1971.4228515625,1981.26220703125,1991.9892578125,2003.9873046875,2017.883544921875,2037.767822265625
2023-06-09,2023-06-02,1962.2,1957.1455078125,1904.7965087890625,1923.351806640625,1935.6806640625,1946.8619384765625,1957.1455078125,1968.11083984375,1980.11083984375,1994.16845703125,2014.0216064453125
2023-06-12,2023-06-05,1955.3,1959.620849609375,1908.7691650390625,1926.896728515625,1938.8135986328125,1949.598876953125,1959.620849609375,1970.2611083984375,1981.987060546875,1995.6256103515625,2015.4456787109375
2023-06-13,2023-06-06,1944.6,1966.4581298828125,1914.7403564453125,1933.232666015625,1945.33056640625,1956.422119140625,1966.4581298828125,1977.119140625,1988.791015625,2002.6376953125,2022.1834716796875
2023-06-14,2023-06-07,1955.3,1942.485595703125,1891.3599853515625,1909.4234619140625,1921.518798828125,1932.49462890625,1942.485595703125,1953.106201171875,1965.0252685546875,1979.023681640625,1998.89990234375
2023-06-15,2023-06-08,1957.8,1962.261962890625,1910.466552734375,1928.8275146484375,1941.07958984375,1952.1883544921875,1962.261962890625,1973.1142578125,1985.17578125,1999.096923828125,2018.8873291015625
2023-06-16,2023-06-09,1958.4,1962.1219482421875,1912.90087890625,1930.100830078125,1941.8179931640625,1952.2547607421875,1962.1219482421875,1972.596923828125,1984.09765625,1997.3231201171875,2016.472900390625
2023-06-20,2023-06-12,1935.5,1956.448974609375,1907.535888671875,1924.5985107421875,1936.359375,1946.6673583984375,1956.448974609375,1966.864501953125,1978.352783203125,1991.67822265625,2011.0882568359375
2023-06-21,2023-06-13,1933.3,1945.1240234375,1894.9293212890625,1912.641357421875,1924.593505859375,1935.0926513671875,1945.1240234375,1955.709228515625,1967.475830078125,1980.817626953125,2000.2633056640625
2023-06-22,2023-06-14,1912.7,1956.333984375,1906.8232421875,1924.1669921875,1935.9688720703125,1946.3221435546875,1956.333984375,1966.9781494140625,1978.568359375,1991.8836669921875,2011.3828125
2023-06-23,2023-06-15,1919.1,1957.18798828125,1909.6998291015625,1926.578857421875,1937.9366455078125,1947.671630859375,1957.18798828125,1967.0675048828125,1978.082275390625,1990.5992431640625,2008.92333984375
2023-06-26,2023-06-16,1923.7,1959.77099609375,1913.1429443359375,1929.6217041015625,1940.8682861328125,1950.4588623046875,1959.77099609375,1969.185302734375,1980.019775390625,1992.1185302734375,2010.06640625
2023-06-27,2023-06-20,1914.0,1936.1571044921875,1887.413330078125,1904.5205078125,1916.2725830078125,1926.28173828125,1936.1571044921875,1946.2080078125,1957.2305908203125,1969.8558349609375,1988.87451171875
2023-06-28,2023-06-21,1912.3,1930.8560791015625,1884.3502197265625,1900.6824951171875,1911.766357421875,1921.382080078125,1930.8560791015625,1940.6361083984375,1951.0650634765625,1963.3626708984375,1981.283447265625
2023-06-29,2023-06-22,1909.2,1908.7144775390625,1861.0982666015625,1877.9884033203125,1889.5867919921875,1899.31689453125,1908.7144775390625,1918.3536376953125,1928.826171875,1941.16259765625,1959.4200439453125
2023-06-30,2023-06-23,1921.1,1912.520751953125,1864.6116943359375,1881.7498779296875,1893.275634765625,1903.2037353515625,1912.520751953125,1922.35009765625,1932.917724609375,1945.6619873046875,1964.2716064453125
2023-07-03,2023-06-26,1921.7,1918.0693359375,1870.271240234375,1887.2698974609375,1898.97412109375,1908.8702392578125,1918.0693359375,1927.671875,1937.9866943359375,1950.3250732421875,1968.4794921875
2023-07-05,2023-06-27,1919.6,1910.4405517578125,1863.78955078125,1879.92626953125,1891.427001953125,1901.11962890625,1910.4405517578125,1919.5869140625,1929.9019775390625,1941.60546875,1959.1102294921875
2023-07-06,2023-06-28,1908.7,1908.6800537109375,1861.74658203125,1878.2750244140625,1889.8486328125,1899.5025634765625,1908.6800537109375,1917.5396728515625,1927.814208984375,1939.5457763671875,1956.8626708984375
2023-07-07,2023-06-29,1926.2,1903.931640625,1859.53759765625,1875.3309326171875,1886.19189453125,1895.3887939453125,1903.931640625,1912.27001953125,1922.31591796875,1933.4063720703125,1949.737060546875
2023-07-10,2023-06-30,1925.0,1916.556396484375,1870.49658203125,1886.595458984375,1897.92626953125,1907.615966796875,1916.556396484375,1925.5137939453125,1936.208984375,1947.922607421875,1965.29296875
2023-07-11,2023-07-03,1931.3,1919.182861328125,1873.0965576171875,1889.299072265625,1900.5042724609375,1910.3924560546875,1919.182861328125,1928.27197265625,1938.81494140625,1950.7750244140625,1967.9791259765625
2023-07-12,2023-07-05,1956.2,1918.997314453125,1874.386474609375,1889.951904296875,1901.181640625,1910.6815185546875,1918.997314453125,1927.8031005859375,1938.0830078125,1949.846923828125,1966.5601806640625
2023-07-13,2023-07-06,1959.2,1909.00927734375,1863.66845703125,1879.42578125,1890.7476806640625,1900.3984375,1909.00927734375,1917.8927001953125,1927.9014892578125,1939.1754150390625,1955.619873046875
2023-07-14,2023-07-07,1960.1,1924.2545166015625,1877.5052490234375,1893.6180419921875,1905.4754638671875,1915.508544921875,1924.2545166015625,1933.3863525390625,1943.6673583984375,1955.2921142578125,1972.3035888671875
2023-07-17,2023-07-10,1952.4,1924.608154296875,1877.812255859375,1894.083740234375,1905.955078125,1915.8697509765625,1924.608154296875,1933.5767822265625,1943.905517578125,1955.2891845703125,1972.0521240234375
2023-07-18,2023-07-11,1977.2,1931.1778564453125,1886.2239990234375,1901.958740234375,1913.488037109375,1922.957275390625,1931.1778564453125,1939.691162109375,1949.8590087890625,1961.0673828125,1977.62841796875
2023-07-19,2023-07-12,1977.5,1959.3819580078125,1909.7523193359375,1927.1436767578125,1939.6595458984375,1950.231201171875,1959.3819580078125,1969.431884765625,1980.956787109375,1993.677978515625,2012.4622802734375
2023-07-20,2023-07-13,1968.3,1966.8135986328125,1917.9708251953125,1935.4227294921875,1947.5421142578125,1957.8057861328125,1966.8135986328125,1976.916015625,1988.564453125,2001.3096923828125,2020.5701904296875
2023-07-21,2023-07-14,1964.3,1965.998779296875,1917.8514404296875,1935.119384765625,1947.0816650390625,1957.08642578125,1965.998779296875,1975.7177734375,1987.032470703125,1999.29345703125,2017.55517578125
2023-07-24,2023-07-17,1960.3,1953.82421875,1906.478271484375,1923.22509765625,1935.095458984375,1944.7879638671875,1953.82421875,1963.0255126953125,1973.744873046875,1985.359375,2002.72314453125
2023-07-25,2023-07-18,1962.1,1977.95361328125,1927.99755859375,1945.819580078125,1958.33544921875,1968.656982421875,1977.95361328125,1987.900634765625,1999.1427001953125,2011.5023193359375,2029.5072021484375
2023-07-26,2023-07-19,1968.9,1975.694091796875,1926.9744873046875,1944.4561767578125,1956.5909423828125,1966.552001953125,1975.694091796875,1985.14501953125,1995.8955078125,2007.680908203125,2024.887451171875
2023-07-27,2023-07-20,1945.4,1966.445556640625,1919.2230224609375,1936.2850341796875,1947.98681640625,1957.575439453125,1966.445556640625,1975.8206787109375,1986.166748046875,1997.9659423828125,2015.1524658203125
2023-07-28,2023-07-21,1960.4,1961.971923828125,1917.1298828125,1933.16552734375,1944.252685546875,1953.435302734375,1961.971923828125,1970.845458984375,1980.6044921875,1991.791015625,2008.435546875
2023-07-31,2023-07-24,1970.5,1957.18212890625,1913.1751708984375,1929.038330078125,1939.8597412109375,1948.842529296875,1957.18212890625,1965.822509765625,1975.2225341796875,1986.1920166015625,2002.4395751953125
2023-08-01,2023-07-25,1940.7,1958.527587890625,1914.5205078125,1930.1839599609375,1941.34814453125,1950.260986328125,1958.527587890625,1967.2005615234375,1976.908447265625,1987.6898193359375,2003.618896484375
2023-08-02,2023-07-26,1937.4,1966.941162109375,1921.101806640625,1937.1551513671875,1948.75830078125,1958.1494140625,1966.941162109375,1976.052734375,1985.855224609375,1997.121337890625,2013.79443359375
2023-08-03,2023-07-27,1932.0,1941.6346435546875,1896.1531982421875,1912.1636962890625,1923.4287109375,1932.6824951171875,1941.6346435546875,1950.88623046875,1960.6973876953125,1972.280517578125,1989.1796875
2023-08-04,2023-07-28,1939.6,1958.461181640625,1913.0218505859375,1928.9127197265625,1940.218017578125,1949.562255859375,1958.461181640625,1967.642822265625,1977.385498046875,1988.8094482421875,2005.6180419921875
2023-08-07,2023-07-31,1933.5,1968.8709716796875,1923.5894775390625,1939.6619873046875,1950.804931640625,1959.9344482421875,1968.8709716796875,1977.98779296875,1988.0087890625,1999.422607421875,2016.662109375
2023-08-08,2023-08-01,1924.1,1940.1483154296875,1893.6419677734375,1909.79736328125,1921.3175048828125,1930.8399658203125,1940.1483154296875,1949.51953125,1959.6846923828125,1971.3828125,1988.6346435546875
2023-08-09,2023-08-02,1915.4,1935.3883056640625,1889.1168212890625,1905.1527099609375,1916.6329345703125,1926.1826171875,1935.3883056640625,1944.616455078125,1954.404296875,1966.0499267578125,1982.949462890625
2023-08-10,2023-08-03,1914.4,1928.3314208984375,1884.6307373046875,1899.75146484375,1910.589599609375,1919.6082763671875,1928.3314208984375,1937.03173828125,1946.3621826171875,1957.291748046875,1973.5054931640625
2023-08-11,2023-08-04,1912.9,1932.905029296875,1890.740966796875,1905.4173583984375,1915.9552001953125,1924.5362548828125,1932.905029296875,1941.29052734375,1950.416015625,1961.17724609375,1977.4803466796875
2023-08-14,2023-08-07,1910.6,1929.845947265625,1889.1380615234375,1903.7452392578125,1913.8206787109375,1922.04248046875,1929.845947265625,1937.9720458984375,1946.5997314453125,1956.984375,1972.0675048828125
2023-08-15,2023-08-08,1902.5,1923.8441162109375,1880.8062744140625,1896.173828125,1906.896484375,1915.6373291015625,1923.8441162109375,1932.301025390625,1941.2547607421875,1951.8985595703125,1967.660400390625
2023-08-16,2023-08-09,1896.1,1911.802490234375,1868.0576171875,1883.5189208984375,1894.3902587890625,1903.4364013671875,1911.802490234375,1920.437744140625,1929.767822265625,1940.7467041015625,1956.9053955078125
2023-08-17,2023-08-10,1884.1,1907.997314453125,1866.645751953125,1880.9378662109375,1891.494384765625,1900.0582275390625,1907.997314453125,1916.1904296875,1925.0860595703125,1935.5655517578125,1951.2666015625
2023-08-18,2023-08-11,1886.1,1907.480224609375,1867.5111083984375,1881.266357421875,1891.6744384765625,1899.796142578125,1907.480224609375,1915.4888916015625,1924.1815185546875,1934.2303466796875,1949.7701416015625
2023-08-21,2023-08-14,1893.3,1907.1046142578125,1867.9154052734375,1881.516845703125,1891.647216796875,1899.6767578125,1907.1046142578125,1914.933349609375,1923.6405029296875,1933.5926513671875,1949.1654052734375
2023-08-22,2023-08-15,1896.4,1899.4898681640625,1861.462890625,1874.64697265625,1884.5263671875,1892.306884765625,1899.4898681640625,1907.034423828125,1915.2366943359375,1924.783203125,1939.63037109375
2023-08-23,2023-08-16,1918.5,1892.3624267578125,1853.62109375,1866.890625,1876.90576171875,1884.8326416015625,1892.3624267578125,1899.9249267578125,1908.3365478515625,1918.13427734375,1933.3809814453125
2023-08-24,2023-08-17,1918.2,1876.7572021484375,1835.7408447265625,1849.989990234375,1860.2457275390625,1868.482666015625,1876.7572021484375,1884.5338134765625,1893.2894287109375,1903.5758056640625,1919.229736328125
2023-08-25,2023-08-18,1911.1,1879.3388671875,1839.25634765625,1853.2552490234375,1863.3583984375,1871.3277587890625,1879.3388671875,1886.908203125,1895.42333984375,1905.6810302734375,1921.2637939453125
2023-08-28,2023-08-21,1917.9,1887.6016845703125,1850.350341796875,1863.2861328125,1872.5604248046875,1880.15478515625,1887.6016845703125,1894.694580078125,1902.732177734375,1912.387939453125,1927.5201416015625
2023-08-29,2023-08-22,1936.5,1892.32080078125,1854.892578125,1867.550048828125,1877.283935546875,1884.936767578125,1892.32080078125,1899.210205078125,1907.32373046875,1916.9593505859375,1932.298095703125
2023-08-30,2023-08-23,1944.3,1919.618896484375,1876.7861328125,1891.5018310546875,1902.4835205078125,1911.23095703125,1919.618896484375,1927.8623046875,1937.44580078125,1948.495849609375,1965.4462890625
2023-08-31,2023-08-24,1938.2,1919.876953125,1880.5709228515625,1893.9737548828125,1904.1502685546875,1912.0242919921875,1919.876953125,1927.0030517578125,1935.6859130859375,1945.714599609375,1961.883056640625
2023-09-01,2023-08-25,1939.8,1914.318115234375,1875.0736083984375,1888.65673828125,1898.5662841796875,1906.6375732421875,1914.318115234375,1921.6319580078125,1930.1181640625,1940.2874755859375,1956.1708984375
2023-09-05,2023-08-28,1926.2,1921.1981201171875,1881.2479248046875,1895.2811279296875,1905.2587890625,1913.4173583984375,1921.1981201171875,1928.888671875,1937.899658203125,1948.352294921875,1964.69482421875
2023-09-06,2023-08-29,1918.1,1937.2354736328125,1897.2725830078125,1911.4036865234375,1921.2752685546875,1929.4071044921875,1937.2354736328125,1944.80224609375,1953.9306640625,1964.278564453125,1980.488525390625
2023-09-07,2023-08-30,1917.5,1943.4647216796875,1904.6611328125,1918.419677734375,1927.981201171875,1935.646728515625,1943.4647216796875,1950.870361328125,1959.767578125,1970.1099853515625,1986.5333251953125
2023-09-08,2023-08-31,1918.4,1938.595458984375,1902.4918212890625,1915.107421875,1924.0888671875,1931.213623046875,1938.595458984375,1945.3956298828125,1953.322021484375,1962.8026123046875,1977.76171875
2023-09-11,2023-09-01,1923.3,1939.3294677734375,1903.0679931640625,1915.7347412109375,1924.8514404296875,1931.9981689453125,1939.3294677734375,1946.1953125,1954.477294921875,1964.1717529296875,1979.182373046875
2023-09-12,2023-09-05,1911.3,1922.4129638671875,1886.194580078125,1898.819091796875,1907.8150634765625,1915.0682373046875,1922.4129638671875,1929.4400634765625,1937.881591796875,1947.6953125,1962.700927734375
2023-09-13,2023-09-06,1909.1,1911.61181640625,1875.8616943359375,1888.2855224609375,1897.2308349609375,1904.443359375,1911.61181640625,1918.614501953125,1926.7296142578125,1936.4263916015625,1951.1160888671875
2023-09-14,2023-09-07,1910.0,1908.285400390625,1872.4913330078125,1884.823974609375,1893.8056640625,1901.06982421875,1908.285400390625,1915.322509765625,1923.3258056640625,1933.0986328125,1947.8626708984375
2023-09-15,2023-09-08,1923.7,1912.5328369140625,1877.980224609375,1890.1553955078125,1898.59765625,1905.631591796875,1912.5328369140625,1919.0130615234375,1926.5703125,1935.5750732421875,1949.46875
2023-09-18,2023-09-11,1931.5,1919.5303955078125,1885.2308349609375,1897.52783203125,1905.7982177734375,1912.7027587890625,1919.5303955078125,1926.0535888671875,1933.592529296875,1942.69677734375,1956.42822265625
2023-09-19,2023-09-12,1932.0,1905.8209228515625,1870.989501953125,1883.39990234375,1891.8529052734375,1898.746337890625,1905.8209228515625,1912.6942138671875,1920.49365234375,1929.792724609375,1944.2784423828125
2023-09-20,2023-09-13,1945.6,1905.6553955078125,1871.4017333984375,1883.6715087890625,1891.885009765625,1898.8509521484375,1905.6553955078125,1912.4638671875,1919.7567138671875,1928.86376953125,1942.8775634765625
2023-09-21,2023-09-14,1919.2,1906.0501708984375,1875.3033447265625,1886.15966796875,1893.798095703125,1899.8427734375,1906.0501708984375,1911.974365234375,1918.925537109375,1927.149658203125,1939.7879638671875
2023-09-22,2023-09-15,1925.4,1920.573974609375,1887.5777587890625,1899.2757568359375,1907.5067138671875,1913.8427734375,1920.573974609375,1927.02490234375,1935.0155029296875,1943.9033203125,1957.7445068359375
2023-09-25,2023-09-18,1916.6,1931.3997802734375,1897.20361328125,1909.333740234375,1918.029296875,1924.6961669921875,1931.3997802734375,1938.07421875,1946.1494140625,1955.4710693359375,1969.9442138671875
2023-09-26,2023-09-19,1900.4,1931.718505859375,1901.96630859375,1912.3714599609375,1920.1546630859375,1926.0704345703125,1931.718505859375,1937.456298828125,1944.550048828125,1952.673095703125,1965.05908203125
2023-09-27,2023-09-20,1871.6,1944.578857421875,1913.2806396484375,1924.1854248046875,1932.1873779296875,1938.394287109375,1944.578857421875,1950.6787109375,1958.234375,1966.8038330078125,1980.0338134765625
2023-09-28,2023-09-21,1860.4,1916.3131103515625,1881.9737548828125,1894.13818359375,1902.5281982421875,1909.3917236328125,1916.3131103515625,1923.1785888671875,1931.09033203125,1940.4482421875,1954.60546875
2023-09-29,2023-09-22,1848.1,1921.8800048828125,1888.263671875,1899.9796142578125,1908.4591064453125,1915.1893310546875,1921.8800048828125,1928.541259765625,1936.17333984375,1945.2392578125,1959.0347900390625
2023-10-02,2023-09-25,1830.0,1908.3900146484375,1873.49755859375,1885.811767578125,1894.4495849609375,1901.4451904296875,1908.3900146484375,1915.1512451171875,1923.2650146484375,1932.673828125,1947.1868896484375
2023-10-03,2023-09-26,1824.6,1892.11474609375,1856.811279296875,1869.0863037109375,1877.8975830078125,1885.072021484375,1892.11474609375,1899.040283203125,1907.223876953125,1916.8720703125,1931.50439453125
2023-10-04,2023-09-27,1818.5,1860.6456298828125,1819.613525390625,1834.2100830078125,1844.24853515625,1852.5146484375,1860.6456298828125,1868.666015625,1877.838134765625,1889.0604248046875,1905.5535888671875
2023-10-05,2023-09-28,1816.6,1847.77099609375,1806.380615234375,1821.4127197265625,1831.166015625,1839.54296875,1847.77099609375,1855.8001708984375,1865.0396728515625,1876.0953369140625,1891.9993896484375
2023-10-06,2023-09-29,1830.2,1834.9459228515625,1794.065673828125,1808.8310546875,1818.5467529296875,1826.942138671875,1834.9459228515625,1842.78125,1851.6798095703125,1862.4539794921875,1878.0255126953125
2023-10-09,2023-10-02,1849.5,1817.717041015625,1777.7296142578125,1792.251220703125,1801.6590576171875,1809.673095703125,1817.717041015625,1825.3553466796875,1833.969482421875,1844.414306640625,1859.3607177734375
2023-10-10,2023-10-03,1861.0,1813.719482421875,1773.75439453125,1788.18212890625,1797.461669921875,1805.75146484375,1813.719482421875,1821.412109375,1830.2142333984375,1840.6864013671875,1856.38916015625
2023-10-11,2023-10-04,1872.8,1809.8653564453125,1770.08056640625,1784.4835205078125,1793.559814453125,1801.9910888671875,1809.8653564453125,1817.6187744140625,1826.1727294921875,1836.8138427734375,1852.3577880859375
2023-10-12,2023-10-05,1869.3,1810.529541015625,1773.77783203125,1786.903076171875,1794.968017578125,1803.025634765625,1810.529541015625,1817.81640625,1825.677978515625,1835.7723388671875,1851.037353515625
2023-10-13,2023-10-06,1927.4,1828.4991455078125,1789.55615234375,1803.093017578125,1812.0899658203125,1820.6849365234375,1828.4991455078125,1836.0113525390625,1844.49609375,1855.06787109375,1870.43701171875
2023-10-16,2023-10-09,1921.1,1856.36279296875,1815.47607421875,1829.7869873046875,1839.3424072265625,1848.3421630859375,1856.36279296875,1864.353759765625,1873.4520263671875,1884.3917236328125,1900.4619140625
2023-10-17,2023-10-10,1922.7,1870.00146484375,1831.233642578125,1844.9984130859375,1853.9947509765625,1862.3599853515625,1870.00146484375,1877.4232177734375,1885.8814697265625,1896.22119140625,1911.30712890625
2023-10-18,2023-10-11,1955.3,1884.91015625,1846.5743408203125,1860.1898193359375,1868.92138671875,1877.2427978515625,1884.91015625,1892.323486328125,1900.701904296875,1910.8651123046875,1926.344970703125
2023-10-19,2023-10-12,1968.4,1875.440185546875,1839.037109375,1852.08642578125,1860.4022216796875,1868.2235107421875,1875.440185546875,1882.427001953125,1890.4630126953125,1900.177978515625,1914.8624267578125
2023-10-20,2023-10-13,1982.5,1932.3653564453125,1886.0101318359375,1902.436279296875,1913.3511962890625,1923.25390625,1932.3653564453125,1941.72802734375,1952.3311767578125,1964.9049072265625,1984.281005859375
2023-10-23,2023-10-16,1976.3,1923.87451171875,1882.2593994140625,1897.1796875,1906.7265625,1915.4400634765625,1923.87451171875,1932.1776123046875,1941.496826171875,1952.7269287109375,1969.8892822265625
2023-10-24,2023-10-17,1975.0,1926.7763671875,1885.4783935546875,1900.2998046875,1909.96044921875,1918.5067138671875,1926.7763671875,1934.843017578125,1943.898681640625,1954.8634033203125,1971.6875
2023-10-25,2023-10-18,1984.1,1958.2269287109375,1913.5540771484375,1929.2310791015625,1940.1142578125,1949.33251953125,1958.2269287109375,1967.3656005859375,1977.1278076171875,1989.2279052734375,2007.6466064453125
2023-10-26,2023-10-19,1987.2,1974.04052734375,1928.53662109375,1944.6005859375,1955.953369140625,1964.89013671875,1974.04052734375,1983.3729248046875,1993.32958984375,2005.518798828125,2024.2252197265625
2023-10-27,2023-10-20,1988.6,1989.088134765625,1942.1083984375,1959.01513671875,1970.788330078125,1979.9161376953125,1989.088134765625,1998.7613525390625,2008.717529296875,2021.009033203125,2040.031982421875
2023-10-30,2023-10-23,1996.2,1978.9765625,1931.1270751953125,1947.9500732421875,1960.1527099609375,1969.7547607421875,1978.9765625,1988.80419921875,1998.6300048828125,2011.202392578125,2030.4371337890625
2023-10-31,2023-10-24,1985.2,1972.4833984375,1926.208251953125,1942.7694091796875,1954.3466796875,1963.4459228515625,1972.4833984375,1981.6700439453125,1990.9774169921875,2002.6805419921875,2020.6553955078125
2023-11-01,2023-10-25,1978.8,1981.848876953125,1937.693603515625,1953.6671142578125,1964.4481201171875,1973.034423828125,1981.848876953125,1990.893310546875,1999.931396484375,2011.4306640625,2029.0223388671875
2023-11-02,2023-10-26,1985.6,1985.44384765625,1941.9090576171875,1957.84423828125,1968.330322265625,1976.783935546875,1985.44384765625,1994.54248046875,2003.3974609375,2014.679931640625,2032.168701171875
2023-11-03,2023-10-27,1991.5,1987.6875,1943.704345703125,1959.9346923828125,1970.3604736328125,1978.991455078125,1987.6875,1996.72900390625,2005.5401611328125,2016.883056640625,2034.55859375
2023-11-06,2023-10-30,1981.6,1996.0091552734375,1954.578369140625,1969.970703125,1979.919189453125,1987.7764892578125,1996.0091552734375,2004.6785888671875,2013.126953125,2024.0147705078125,2040.9892578125
2023-11-07,2023-10-31,1966.8,1980.4329833984375,1938.6357421875,1953.958251953125,1964.062255859375,1972.040771484375,1980.4329833984375,1989.1588134765625,1997.734619140625,2008.634033203125,2025.4937744140625
2023-11-08,2023-11-01,1951.5,1970.367431640625,1928.7806396484375,1943.901123046875,1953.8370361328125,1961.990234375,1970.367431640625,1979.0152587890625,1987.587158203125,1998.4593505859375,2015.0032958984375
2023-11-09,2023-11-02,1964.2,1978.241455078125,1937.376220703125,1952.21923828125,1962.3341064453125,1970.2080078125,1978.241455078125,1986.740478515625,1994.9583740234375,2005.4444580078125,2021.5189208984375
2023-11-10,2023-11-03,1932.6,1983.6505126953125,1944.239013671875,1958.858154296875,1968.3604736328125,1975.696044921875,1983.6505126953125,1991.906005859375,1999.988525390625,2010.1663818359375,2026.302734375
2023-11-13,2023-11-06,1945.5,1972.7928466796875,1933.16162109375,1947.6614990234375,1957.0693359375,1964.7490234375,1972.7928466796875,1981.2445068359375,1989.6138916015625,1999.883544921875,2016.0626220703125
2023-11-14,2023-11-07,1961.8,1956.072509765625,1914.7900390625,1929.73046875,1939.65283203125,1947.8922119140625,1956.072509765625,1964.71044921875,1973.3583984375,1984.1871337890625,2000.9674072265625
2023-11-15,2023-11-08,1960.1,1933.916015625,1891.898193359375,1907.081787109375,1916.856201171875,1925.6368408203125,1933.916015625,1943.0916748046875,1952.22802734375,1963.797119140625,1981.2547607421875
2023-11-16,2023-11-09,1983.9,1950.484375,1907.8460693359375,1923.0,1933.4444580078125,1941.9910888671875,1950.484375,1959.3177490234375,1968.589599609375,1980.05810546875,1998.029052734375
2023-11-17,2023-11-10,1981.6,1916.4178466796875,1873.7431640625,1888.9881591796875,1899.1414794921875,1907.93798828125,1916.4178466796875,1925.3800048828125,1934.92333984375,1946.45458984375,1964.0885009765625
2023-11-20,2023-11-13,1977.7,1933.1834716796875,1891.2318115234375,1906.0870361328125,1916.4608154296875,1924.9346923828125,1933.1834716796875,1942.1248779296875,1951.7142333984375,1962.896484375,1980.5150146484375
2023-11-21,2023-11-14,1999.3,1955.6324462890625,1912.90478515625,1927.8597412109375,1938.4833984375,1947.175048828125,1955.6324462890625,1964.9697265625,1974.5166015625,1986.0369873046875,2004.006103515625
2023-11-22,2023-11-15,1991.4,1958.942626953125,1919.498291015625,1933.396728515625,1943.2823486328125,1950.8897705078125,1958.942626953125,1967.718994140625,1977.0728759765625,1987.844970703125,2004.89599609375
2023-11-24,2023-11-16,2002.2,1986.6839599609375,1945.6949462890625,1960.1641845703125,1970.3765869140625,1978.4119873046875,1986.6839599609375,1995.8299560546875,2005.7921142578125,2016.9676513671875,2035.2813720703125
2023-11-27,2023-11-17,2011.8,1985.9124755859375,1946.3795166015625,1960.33056640625,1970.250732421875,1977.9129638671875,1985.9124755859375,1994.7490234375,2004.343505859375,2015.113037109375,2032.9140625
2023-11-28,2023-11-20,2039.7,1980.215576171875,1941.8814697265625,1955.4068603515625,1965.0740966796875,1972.499267578125,1980.215576171875,1988.77587890625,1997.888916015625,2008.1337890625,2025.1015625
2023-11-29,2023-11-21,2047.1,1999.3031005859375,1958.341064453125,1972.51953125,1983.0357666015625,1991.187744140625,1999.3031005859375,2008.212158203125,2017.778564453125,2028.817138671875,2047.3621826171875
2023-11-30,2023-11-22,2038.1,1988.452880859375,1948.9912109375,1962.9727783203125,1973.068359375,1980.593994140625,1988.452880859375,1996.983642578125,2006.210693359375,2016.605224609375,2033.5228271484375
2023-12-01,2023-11-24,2071.0,2000.7115478515625,1963.16015625,1976.5072021484375,1985.824951171875,1992.986572265625,2000.7115478515625,2008.60400390625,2017.7166748046875,2027.6240234375,2044.7257080078125
2023-12-04,2023-11-27,2024.1,2012.605712890625,1972.7647705078125,1986.8433837890625,1996.6536865234375,2004.6151123046875,2012.605712890625,2021.23779296875,2030.7247314453125,2041.31201171875,2059.30126953125
2023-12-05,2023-11-28,2018.5,2043.8697509765625,1999.1346435546875,2015.1268310546875,2026.239990234375,2034.9195556640625,2043.8697509765625,2053.603759765625,2063.98388671875,2075.4580078125,2094.509033203125
2023-12-06,2023-11-29,2030.5,2054.32470703125,2009.3427734375,2025.600341796875,2036.412109375,2045.2120361328125,2054.32470703125,2064.1298828125,2074.919921875,2086.3828125,2105.75732421875
2023-12-07,2023-11-30,2029.9,2041.1239013671875,1999.1922607421875,2014.211669921875,2024.36865234375,2032.3785400390625,2041.1239013671875,2050.439697265625,2060.404296875,2071.31494140625,2089.2578125
2023-12-08,2023-12-01,1998.3,2077.13037109375,2028.932373046875,2046.0872802734375,2057.700439453125,2067.201904296875,2077.13037109375,2087.87744140625,2098.71484375,2111.520751953125,2132.088134765625
2023-12-11,2023-12-04,1978.0,2020.16455078125,1972.0523681640625,1989.2039794921875,2001.0494384765625,2010.3505859375,2020.16455078125,2030.95068359375,2041.032958984375,2053.720458984375,2072.316650390625
2023-12-12,2023-12-05,1977.8,2006.585205078125,1959.1676025390625,1975.921630859375,1987.8489990234375,1996.831298828125,2006.585205078125,2017.130126953125,2027.1319580078125,2039.7113037109375,2058.2509765625
2023-12-13,2023-12-06,1982.3,2018.458740234375,1972.152587890625,1988.8751220703125,2000.1263427734375,2009.0631103515625,2018.458740234375,2028.490478515625,2037.7564697265625,2049.82763671875,2067.385986328125
2023-12-14,2023-12-07,2030.2,2020.7281494140625,1975.322265625,1991.572021484375,2003.162841796875,2011.78515625,2020.7281494140625,2030.6541748046875,2039.5008544921875,2051.70654296875,2068.5478515625
2023-12-15,2023-12-08,2021.1,1992.856689453125,1945.124267578125,1962.35400390625,1974.11767578125,1983.357666015625,1992.856689453125,2003.4346923828125,2013.554443359375,2026.2720947265625,2044.822021484375
2023-12-18,2023-12-11,2026.3,1966.4622802734375,1918.946044921875,1935.767578125,1947.1300048828125,1956.405517578125,1966.4622802734375,1977.1627197265625,1987.870849609375,2000.7449951171875,2019.035888671875
2023-12-19,2023-12-12,2038.4,1968.406494140625,1922.03369140625,1938.314208984375,1949.3746337890625,1958.7254638671875,1968.406494140625,1978.7442626953125,1988.76416015625,2001.56005859375,2019.231201171875
2023-12-20,2023-12-13,2034.5,1976.1009521484375,1930.5244140625,1946.5615234375,1957.4803466796875,1966.7313232421875,1976.1009521484375,1986.5072021484375,1996.5882568359375,2009.10400390625,2027.197021484375
2023-12-21,2023-12-14,2039.1,2031.673095703125,1979.0040283203125,1997.248291015625,2010.2183837890625,2020.91748046875,2031.673095703125,2043.453369140625,2054.792724609375,2069.165283203125,2090.345703125
2023-12-22,2023-12-15,2057.1,2029.318359375,1980.217041015625,1997.27197265625,2008.8203125,2019.0692138671875,2029.318359375,2040.461181640625,2051.166015625,2064.492431640625,2084.02880859375
2023-12-26,2023-12-18,2058.2,2037.1878662109375,1988.56884765625,2005.7083740234375,2017.1304931640625,2027.3016357421875,2037.1878662109375,2048.308349609375,2058.758056640625,2071.94482421875,2092.019287109375
2023-12-27,2023-12-19,2081.9,2045.2540283203125,1995.73486328125,2012.93505859375,2025.0833740234375,2035.1964111328125,2045.2540283203125,2056.510009765625,2067.0244140625,2080.282470703125,2101.219970703125
2023-12-28,2023-12-20,2073.9,2036.2564697265625,1990.6015625,2006.6810302734375,2017.8206787109375,2026.838623046875,2036.2564697265625,2046.7833251953125,2056.8193359375,2069.373046875,2088.535888671875
2023-12-29,2023-12-21,2062.4,2035.417236328125,1991.066650390625,2006.768798828125,2017.34228515625,2026.0699462890625,2035.417236328125,2045.71240234375,2055.7783203125,2067.654541015625,2086.7705078125
2024-01-02,2023-12-22,2064.4,2057.05078125,2010.72509765625,2027.7037353515625,2038.34521484375,2047.7298583984375,2057.05078125,2067.76513671875,2078.182861328125,2090.28466796875,2110.11181640625
2024-01-03,2023-12-26,2034.2,2060.978759765625,2016.61572265625,2032.68359375,2043.1202392578125,2052.2763671875,2060.978759765625,2071.6708984375,2081.8173828125,2093.58984375,2112.10595703125
2024-01-04,2023-12-27,2042.3,2086.48828125,2039.7894287109375,2056.177001953125,2067.251220703125,2076.918212890625,2086.48828125,2097.879150390625,2109.07080078125,2122.275390625,2143.30029296875
2024-01-05,2023-12-28,2042.4,2078.049560546875,2033.860107421875,2049.65771484375,2059.83154296875,2068.86767578125,2078.049560546875,2088.72900390625,2099.44580078125,2111.763916015625,2130.710693359375
2024-01-08,2023-12-29,2026.6,2061.57861328125,2015.948974609375,2032.0985107421875,2042.74365234375,2052.179443359375,2061.57861328125,2072.46435546875,2083.6787109375,2096.6796875,2116.273681640625
2024-01-09,2024-01-02,2026.4,2062.233642578125,2016.3585205078125,2032.49462890625,2043.109619140625,2052.986083984375,2062.233642578125,2072.789794921875,2083.4169921875,2096.1640625,2114.611083984375
2024-01-10,2024-01-03,2021.7,2026.2835693359375,1978.749755859375,1995.207763671875,2006.1910400390625,2016.41748046875,2026.2835693359375,2037.338134765625,2048.59423828125,2061.98583984375,2081.5087890625
2024-01-11,2024-01-04,2014.3,2032.0645751953125,1985.307373046875,2001.757568359375,2012.656005859375,2022.361328125,2032.0645751953125,2043.15966796875,2054.41796875,2067.89306640625,2087.63037109375
2024-01-12,2024-01-05,2046.7,2032.8775634765625,1987.6353759765625,2003.7186279296875,2013.9754638671875,2023.65234375,2032.8775634765625,2043.1351318359375,2054.08056640625,2066.758544921875,2085.51611328125
2024-01-16,2024-01-08,2026.0,2018.8714599609375,1974.48486328125,1989.744873046875,2000.25341796875,2009.6263427734375,2018.8714599609375,2029.230712890625,2039.772705078125,2052.03955078125,2070.364990234375
2024-01-17,2024-01-09,2002.6,2018.928466796875,1972.5948486328125,1989.12744140625,2000.066162109375,2009.7247314453125,2018.928466796875,2029.247802734375,2039.660888671875,2052.335693359375,2070.45849609375
2024-01-18,2024-01-10,2018.6,2013.9156494140625,1969.25830078125,1984.96142578125,1995.7679443359375,2005.080322265625,2013.9156494140625,2023.9991455078125,2034.2264404296875,2046.4722900390625,2064.2548828125
2024-01-19,2024-01-11,2026.5,2005.5794677734375,1963.947021484375,1978.5343017578125,1988.5125732421875,1997.3475341796875,2005.5794677734375,2014.822265625,2024.54150390625,2036.0552978515625,2053.10546875
2024-01-22,2024-01-12,2019.8,2048.4189453125,2002.6988525390625,2018.385009765625,2029.3033447265625,2039.3526611328125,2048.4189453125,2058.484130859375,2069.09375,2081.7568359375,2100.823974609375
2024-01-23,2024-01-16,2023.7,2026.8824462890625,1981.989013671875,1997.638427734375,2008.51513671875,2018.146484375,2026.8824462890625,2036.9659423828125,2046.979736328125,2059.241943359375,2076.7939453125
2024-01-24,2024-01-17,2013.9,1999.3643798828125,1953.731201171875,1969.8145751953125,1980.75244140625,1990.3953857421875,1999.3643798828125,2009.5667724609375,2019.412109375,2031.8946533203125,2049.48583984375
2024-01-25,2024-01-18,2016.9,2016.3359375,1970.8931884765625,1986.82666015625,1998.0877685546875,2007.52099609375,2016.3359375,2026.37158203125,2035.877197265625,2048.034423828125,2065.67529296875
2024-01-26,2024-01-19,2016.8,2023.700439453125,1978.0390625,1994.150634765625,2005.35791015625,2014.9420166015625,2023.700439453125,2033.740478515625,2043.0556640625,2055.26171875,2072.247314453125
2024-01-29,2024-01-22,2025.2,2019.1104736328125,1973.8668212890625,1989.716064453125,2001.3118896484375,2010.4404296875,2019.1104736328125,2028.837158203125,2038.0205078125,2049.890625,2066.100830078125
2024-01-30,2024-01-23,2031.5,2027.0631103515625,1981.8443603515625,1997.79736328125,2009.7298583984375,2018.56494140625,2027.0631103515625,2037.14892578125,2046.4466552734375,2058.41259765625,2075.2021484375
2024-01-31,2024-01-24,2048.4,2015.956787109375,1969.900146484375,1986.234619140625,1997.783447265625,2007.187255859375,2015.956787109375,2025.8985595703125,2035.2794189453125,2047.4542236328125,2064.4052734375
2024-02-01,2024-01-25,2053.0,2017.470458984375,1973.214111328125,1988.7864990234375,2000.4017333984375,2009.4638671875,2017.470458984375,2027.07666015625,2036.1885986328125,2047.90625,2064.2724609375
2024-02-02,2024-01-26,2036.1,2018.3853759765625,1973.5968017578125,1989.633544921875,2001.1912841796875,2010.2080078125,2018.3853759765625,2028.3062744140625,2037.740478515625,2049.56298828125,2065.91845703125
2024-02-05,2024-01-29,2025.7,2026.9638671875,1982.993408203125,1998.744384765625,2009.5986328125,2018.70703125,2026.9638671875,2036.862548828125,2046.274169921875,2058.2861328125,2075.04052734375
2024-02-06,2024-01-30,2034.5,2035.8211669921875,1992.45751953125,2007.7237548828125,2018.636474609375,2027.58203125,2035.8211669921875,2045.46435546875,2054.74365234375,2066.484619140625,2083.535888671875
2024-02-07,2024-01-31,2035.2,2057.8408203125,2013.4454345703125,2029.142333984375,2040.088623046875,2049.421630859375,2057.8408203125,2068.18017578125,2078.2578125,2090.8525390625,2109.4091796875
2024-02-08,2024-02-01,2032.2,2066.028076171875,2020.8095703125,2036.737548828125,2047.8834228515625,2057.22412109375,2066.028076171875,2076.026611328125,2085.889892578125,2098.709716796875,2116.806396484375
2024-02-09,2024-02-02,2023.3,2041.6181640625,1996.7259521484375,2012.4730224609375,2023.2718505859375,2032.7509765625,2041.6181640625,2051.35400390625,2061.111328125,2073.56689453125,2091.328857421875
2024-02-12,2024-02-05,2018.2,2022.933349609375,1977.105712890625,1993.225341796875,2004.537841796875,2014.3558349609375,2022.933349609375,2032.8343505859375,2042.5721435546875,2054.812255859375,2072.086181640625
2024-02-13,2024-02-06,1992.9,2027.6322021484375,1982.49609375,1998.1195068359375,2009.6536865234375,2019.418212890625,2027.6322021484375,2037.558349609375,2047.12548828125,2059.396240234375,2076.951904296875
2024-02-14,2024-02-07,1990.3,2026.4365234375,1985.48486328125,1999.8463134765625,2010.02099609375,2018.599609375,2026.4365234375,2035.26513671875,2044.5260009765625,2055.7490234375,2072.161376953125
2024-02-15,2024-02-08,2002.1,2026.2752685546875,1986.42578125,2000.4560546875,2010.1490478515625,2018.562744140625,2026.2752685546875,2035.0615234375,2044.097900390625,2055.08544921875,2071.42724609375
2024-02-16,2024-02-09,2011.5,2019.059326171875,1980.249755859375,1993.8634033203125,2003.455810546875,2011.9307861328125,2019.059326171875,2027.866455078125,2036.7332763671875,2047.883056640625,2064.42822265625
2024-02-20,2024-02-12,2027.5,2012.1171875,1972.099609375,1986.360595703125,1995.96630859375,2004.775634765625,2012.1171875,2021.165283203125,2030.2293701171875,2041.5806884765625,2057.691650390625
2024-02-21,2024-02-13,2022.3,1979.33544921875,1935.487060546875,1950.878662109375,1961.37255859375,1970.984130859375,1979.33544921875,1988.7230224609375,1998.669921875,2011.1087646484375,2027.9351806640625
2024-02-22,2024-02-14,2019.7,1975.289306640625,1933.271728515625,1948.0889892578125,1958.24462890625,1967.3975830078125,1975.289306640625,1984.3331298828125,1993.603759765625,2005.02587890625,2021.222900390625
2024-02-23,2024-02-15,2038.6,1993.9554443359375,1952.322021484375,1966.9345703125,1977.07763671875,1986.2215576171875,1993.9554443359375,2002.913330078125,2012.494140625,2023.54541015625,2039.7493896484375
2024-02-26,2024-02-16,2028.5,2007.8148193359375,1966.285400390625,1980.85302734375,1990.721923828125,2000.2730712890625,2007.8148193359375,2016.968017578125,2026.4339599609375,2037.7833251953125,2054.08447265625
2024-02-27,2024-02-20,2034.0,2033.81201171875,1989.88916015625,2005.240234375,2015.5980224609375,2026.02099609375,2033.81201171875,2043.452392578125,2053.821533203125,2066.1435546875,2083.296630859375
2024-02-28,2024-02-21,2033.0,2032.182373046875,1989.4158935546875,2004.469970703125,2014.4951171875,2024.2962646484375,2032.182373046875,2041.658935546875,2051.79736328125,2063.859375,2080.794921875
2024-02-29,2024-02-22,2045.7,2025.684326171875,1982.485107421875,1997.58935546875,2007.5782470703125,2017.745849609375,2025.684326171875,2035.426025390625,2045.501220703125,2057.73876953125,2074.810302734375
2024-03-01,2024-02-23,2086.9,2047.5224609375,2004.500244140625,2019.5694580078125,2029.673583984375,2039.663818359375,2047.5224609375,2057.566162109375,2067.918212890625,2080.167724609375,2097.93701171875
2024-03-04,2024-02-26,2117.7,2028.3548583984375,1983.9163818359375,2000.57861328125,2011.1419677734375,2020.8128662109375,2028.3548583984375,2037.41943359375,2046.8372802734375,2057.9599609375,2073.693603515625
2024-03-05,2024-02-27,2133.5,2035.1944580078125,1993.1346435546875,2008.3714599609375,2018.565185546875,2027.6519775390625,2035.1944580078125,2044.264404296875,2053.645751953125,2064.6630859375,2080.868896484375
2024-03-06,2024-02-28,2150.3,2033.2564697265625,1993.945556640625,2008.1485595703125,2017.67822265625,2026.18310546875,2033.2564697265625,2041.9381103515625,2050.549072265625,2060.9150390625,2076.511474609375
2024-03-07,2024-02-29,2158.0,2046.72509765625,2007.2379150390625,2022.071533203125,2031.5301513671875,2040.131591796875,2046.72509765625,2055.32275390625,2063.714599609375,2074.103271484375,2088.563720703125
2024-03-08,2024-03-01,2178.6,2095.409912109375,2047.15478515625,2064.7861328125,2076.436279296875,2086.791259765625,2095.409912109375,2106.184814453125,2116.10986328125,2129.219970703125,2147.69677734375
2024-03-11,2024-03-04,2182.5,2141.062744140625,2090.416259765625,2108.66650390625,2120.931640625,2131.917236328125,2141.062744140625,2153.1630859375,2163.803955078125,2178.179931640625,2199.02685546875
2024-03-12,2024-03-05,2160.4,2160.74658203125,2108.763916015625,2127.36181640625,2140.12890625,2151.256591796875,2160.74658203125,2173.041748046875,2183.808837890625,2198.228271484375,2219.388916015625
2024-03-13,2024-03-06,2175.4,2174.911376953125,2122.26171875,2141.2470703125,2154.22705078125,2165.295166015625,2174.911376953125,2187.465087890625,2198.373046875,2212.970703125,2234.50146484375
2024-03-14,2024-03-07,2163.0,2174.513916015625,2122.92333984375,2141.71875,2154.4833984375,2164.948486328125,2174.513916015625,2186.193115234375,2196.34814453125,2210.222412109375,2229.996826171875
2024-03-15,2024-03-08,2157.3,2194.544921875,2141.302734375,2160.8828125,2174.033935546875,2184.598876953125,2194.544921875,2206.97216796875,2217.377197265625,2231.981689453125,2252.546875
2024-03-18,2024-03-11,2160.7,2190.142578125,2140.645263671875,2158.88232421875,2170.9013671875,2180.8095703125,2190.142578125,2201.223388671875,2210.68017578125,2223.845458984375,2242.4091796875
2024-03-19,2024-03-12,2156.3,2152.19384765625,2100.724609375,2119.336669921875,2131.82177734375,2142.246337890625,2152.19384765625,2163.34716796875,2173.497802734375,2187.053955078125,2205.25927734375
2024-03-20,2024-03-13,2157.9,2170.23095703125,2120.274658203125,2138.47509765625,2150.430419921875,2160.72900390625,2170.23095703125,2181.14794921875,2191.178955078125,2204.354248046875,2222.242919921875
2024-03-21,2024-03-14,2182.4,2154.98583984375,2104.732177734375,2122.78271484375,2134.59814453125,2144.962890625,2154.98583984375,2165.57177734375,2175.97021484375,2188.728759765625,2206.209716796875
2024-03-22,2024-03-15,2158.1,2150.029541015625,2101.80859375,2119.076171875,2130.59716796875,2140.491943359375,2150.029541015625,2160.060791015625,2169.7412109375,2182.0634765625,2198.498779296875
2024-03-25,2024-03-18,2174.8,2155.72021484375,2108.4423828125,2125.51513671875,2136.591064453125,2146.432373046875,2155.72021484375,2165.721923828125,2175.20458984375,2187.50244140625,2204.186279296875
2024-03-26,2024-03-19,2175.6,2151.270751953125,2105.267822265625,2121.58447265625,2132.797607421875,2142.18798828125,2151.270751953125,2161.127197265625,2170.46875,2182.669677734375,2198.92529296875
2024-03-27,2024-03-20,2190.6,2154.1484375,2108.588134765625,2124.629150390625,2135.90087890625,2145.559814453125,2154.1484375,2163.93603515625,2173.20849609375,2185.010498046875,2201.108642578125
2024-03-28,2024-03-21,2217.4,2186.425537109375,2140.1044921875,2156.4765625,2167.8701171875,2177.88427734375,2186.425537109375,2196.938720703125,2206.47216796875,2218.724609375,2236.043701171875
2024-04-01,2024-03-22,2236.5,2157.63916015625,2111.788818359375,2128.3125,2139.3408203125,2149.12548828125,2157.63916015625,2167.69775390625,2176.49267578125,2188.70166015625,2205.44287109375
2024-04-02,2024-03-25,2261.0,2171.853515625,2127.91015625,2143.339599609375,2153.8193359375,2163.53662109375,2171.853515625,2181.662109375,2190.817626953125,2202.683349609375,2219.72998046875
2024-04-03,2024-03-26,2294.4,2176.3642578125,2134.9208984375,2149.49755859375,2159.231201171875,2168.386474609375,2176.3642578125,2185.624755859375,2194.319580078125,2205.32861328125,2220.967529296875
2024-04-04,2024-03-27,2288.8,2193.08544921875,2150.840576171875,2166.076171875,2175.8701171875,2185.12548828125,2193.08544921875,2202.308837890625,2210.88525390625,2221.6494140625,2237.73193359375
2024-04-05,2024-03-28,2325.7,2226.666015625,2182.139404296875,2197.80029296875,2208.478515625,2218.19921875,2226.666015625,2237.1279296875,2246.31787109375,2258.29296875,2275.3515625
2024-04-08,2024-04-01,2331.7,2254.28466796875,2209.66796875,2225.375732421875,2236.005859375,2245.77734375,2254.28466796875,2264.611328125,2273.9091796875,2285.56103515625,2303.5908203125
2024-04-09,2024-04-02,2343.5,2287.853271484375,2243.623291015625,2258.83984375,2269.93115234375,2279.44482421875,2287.853271484375,2298.417724609375,2307.862060546875,2319.813720703125,2337.955810546875
2024-04-10,2024-04-03,2329.6,2327.494140625,2280.242919921875,2296.49658203125,2308.40283203125,2318.57861328125,2327.494140625,2339.186279296875,2349.23291015625,2362.318359375,2381.962890625
2024-04-11,2024-04-04,2354.8,2311.879638671875,2266.311279296875,2282.063232421875,2293.124755859375,2303.404052734375,2311.879638671875,2322.683837890625,2332.152099609375,2344.17626953125,2362.808349609375
2024-04-12,2024-04-05,2356.2,2352.4443359375,2304.3720703125,2320.923828125,2333.063720703125,2343.483154296875,2352.4443359375,2364.03662109375,2374.070068359375,2386.708740234375,2407.445068359375
2024-04-15,2024-04-08,2365.8,2351.798583984375,2306.29443359375,2321.959228515625,2333.03564453125,2343.10693359375,2351.798583984375,2362.7353515625,2372.07373046875,2384.31689453125,2403.353759765625
2024-04-16,2024-04-09,2390.8,2359.918701171875,2315.1240234375,2330.67041015625,2341.79541015625,2351.79736328125,2359.918701171875,2370.863525390625,2379.68798828125,2391.350341796875,2409.0341796875
2024-04-17,2024-04-10,2371.7,2332.4892578125,2285.464111328125,2301.813232421875,2313.06689453125,2323.564697265625,2332.4892578125,2343.83984375,2352.955322265625,2365.325439453125,2382.9873046875
2024-04-18,2024-04-11,2382.3,2359.172607421875,2312.557373046875,2328.840576171875,2340.393798828125,2350.532958984375,2359.172607421875,2370.71826171875,2379.5546875,2391.950439453125,2409.737548828125
2024-04-19,2024-04-12,2398.4,2362.25634765625,2316.58642578125,2332.75390625,2343.946533203125,2353.9638671875,2362.25634765625,2373.3427734375,2382.025390625,2393.510986328125,2409.388427734375
2024-04-22,2024-04-15,2332.2,2373.116943359375,2329.755859375,2344.281982421875,2355.236572265625,2365.4462890625,2373.116943359375,2384.2568359375,2392.938232421875,2404.25048828125,2421.220703125
2024-04-23,2024-04-16,2327.7,2404.400146484375,2358.664794921875,2374.01025390625,2385.3447265625,2395.93408203125,2404.400146484375,2416.533203125,2425.794921875,2438.38232421875,2457.591064453125
2024-04-24,2024-04-17,2324.5,2377.7197265625,2333.273681640625,2348.04052734375,2359.0234375,2369.075439453125,2377.7197265625,2389.0390625,2397.865234375,2409.544677734375,2426.779052734375
2024-04-25,2024-04-18,2329.8,2387.553466796875,2341.651611328125,2357.2060546875,2368.5615234375,2378.7197265625,2387.553466796875,2399.29248046875,2407.896240234375,2419.369384765625,2435.890380859375
2024-04-26,2024-04-19,2334.8,2408.41943359375,2362.98046875,2378.668701171875,2389.6845703125,2399.777587890625,2408.41943359375,2420.326416015625,2428.94189453125,2440.152587890625,2457.54052734375
2024-04-29,2024-04-22,2345.4,2328.078125,2276.1181640625,2293.267333984375,2305.6640625,2317.87744140625,2328.078125,2341.14892578125,2350.887939453125,2364.515869140625,2384.295654296875
2024-04-30,2024-04-23,2291.4,2314.864013671875,2262.682861328125,2279.968017578125,2292.705810546875,2304.533935546875,2314.864013671875,2328.17919921875,2338.1826171875,2352.302001953125,2372.465576171875
2024-05-01,2024-04-24,2299.9,2307.506103515625,2257.9833984375,2274.4169921875,2286.474853515625,2297.80078125,2307.506103515625,2320.72412109375,2330.766845703125,2344.972900390625,2366.352294921875
2024-05-02,2024-04-25,2299.2,2317.99365234375,2270.2890625,2286.251708984375,2297.780517578125,2308.847412109375,2317.99365234375,2330.701904296875,2340.04296875,2353.994140625,2374.542724609375
2024-05-03,2024-04-26,2299.0,2334.41650390625,2286.9111328125,2302.7724609375,2314.3193359375,2325.1875,2334.41650390625,2346.987060546875,2356.0712890625,2369.693603515625,2389.60107421875
2024-05-06,2024-04-29,2321.6,2352.448486328125,2304.162353515625,2320.844482421875,2332.308349609375,2343.252197265625,2352.448486328125,2365.38818359375,2374.578125,2387.582275390625,2407.962890625
2024-05-07,2024-04-30,2315.2,2295.239990234375,2240.6103515625,2259.435546875,2272.2607421875,2284.571533203125,2295.239990234375,2309.382080078125,2319.727294921875,2333.986083984375,2356.02587890625
2024-05-08,2024-05-01,2313.6,2303.34521484375,2251.819091796875,2269.407958984375,2281.60400390625,2293.20849609375,2303.34521484375,2316.192138671875,2325.77490234375,2340.3310546875,2361.086181640625
2024-05-09,2024-05-02,2332.1,2299.053955078125,2247.225341796875,2264.92236328125,2277.32421875,2288.798828125,2299.053955078125,2312.173095703125,2322.14208984375,2335.684326171875,2356.3583984375
2024-05-10,2024-05-03,2367.3,2296.746337890625,2245.021484375,2262.403564453125,2274.844970703125,2286.047607421875,2296.746337890625,2309.8056640625,2319.67626953125,2333.286376953125,2354.726806640625
2024-05-13,2024-05-06,2336.1,2327.10595703125,2270.0439453125,2289.505126953125,2303.140625,2315.25537109375,2327.10595703125,2341.606201171875,2352.57568359375,2366.93017578125,2389.57763671875
2024-05-14,2024-05-07,2353.4,2322.090576171875,2267.5927734375,2286.201904296875,2299.255615234375,2310.625732421875,2322.090576171875,2336.32666015625,2345.99560546875,2360.4853515625,2382.5244140625
2024-05-15,2024-05-08,2388.7,2318.07470703125,2260.10791015625,2280.932373046875,2294.517822265625,2306.30224609375,2318.07470703125,2332.513671875,2342.744140625,2357.658935546875,2378.798583984375
2024-05-16,2024-05-09,2380.0,2337.08154296875,2284.48681640625,2301.703369140625,2314.427490234375,2325.654052734375,2337.08154296875,2350.73095703125,2361.230224609375,2375.0849609375,2396.472900390625
2024-05-17,2024-05-10,2412.2,2381.157958984375,2329.59375,2346.437255859375,2358.8896484375,2370.29345703125,2381.157958984375,2394.884521484375,2405.1044921875,2418.93017578125,2440.639404296875
2024-05-20,2024-05-13,2433.9,2341.682373046875,2287.297607421875,2305.723388671875,2318.88525390625,2330.19775390625,2341.682373046875,2355.17822265625,2364.614501953125,2378.525146484375,2398.309814453125
2024-05-21,2024-05-14,2421.7,2355.2236328125,2302.433349609375,2320.98974609375,2332.834716796875,2344.00732421875,2355.2236328125,2368.262451171875,2377.879638671875,2391.73388671875,2411.26953125
2024-05-22,2024-05-15,2389.2,2385.9169921875,2330.84326171875,2349.95751953125,2362.38671875,2373.99609375,2385.9169921875,2399.440673828125,2409.53759765625,2424.244140625,2445.372802734375
2024-05-23,2024-05-16,2335.0,2381.287841796875,2330.99560546875,2348.12109375,2359.563232421875,2370.20556640625,2381.287841796875,2393.7177734375,2403.757080078125,2416.3505859375,2435.290283203125
2024-05-24,2024-05-17,2332.5,2412.820556640625,2356.423095703125,2375.371826171875,2388.532958984375,2401.048828125,2412.820556640625,2426.767333984375,2437.894287109375,2453.79443359375,2477.0693359375
2024-05-28,2024-05-20,2355.2,2443.024169921875,2384.82373046875,2404.6083984375,2417.921142578125,2430.771728515625,2443.024169921875,2458.0126953125,2469.45556640625,2486.25390625,2511.169189453125
2024-05-29,2024-05-21,2340.3,2424.8994140625,2368.88232421875,2387.90771484375,2400.936279296875,2412.654296875,2424.8994140625,2438.4775390625,2449.56982421875,2464.8271484375,2487.920166015625
2024-05-30,2024-05-22,2342.9,2381.727783203125,2321.457763671875,2341.77734375,2355.521728515625,2368.427978515625,2381.727783203125,2395.991455078125,2408.485595703125,2425.900146484375,2450.3779296875
2024-05-31,2024-05-23,2322.9,2311.851806640625,2244.53125,2266.845703125,2282.732421875,2296.916748046875,2311.851806640625,2327.23828125,2341.637939453125,2361.314453125,2388.65283203125
2024-06-03,2024-05-24,2346.6,2311.36279296875,2252.5927734375,2272.015869140625,2285.96044921875,2298.314697265625,2311.36279296875,2325.401611328125,2338.42431640625,2356.025146484375,2380.68359375
2024-06-04,2024-05-28,2325.5,2343.73974609375,2282.5615234375,2303.051025390625,2318.1572265625,2330.6875,2343.73974609375,2357.58251953125,2371.013671875,2388.39208984375,2412.48583984375
2024-06-05,2024-05-29,2354.1,2331.818115234375,2275.93017578125,2294.4169921875,2308.052490234375,2319.71142578125,2331.818115234375,2344.029052734375,2356.24462890625,2372.028564453125,2392.7763671875
2024-06-06,2024-05-30,2370.3,2345.135986328125,2293.1533203125,2310.101806640625,2323.234375,2334.30126953125,2345.135986328125,2357.1083984375,2369.066162109375,2384.343505859375,2405.81787109375
2024-06-07,2024-05-31,2305.2,2319.140625,2267.220703125,2284.23291015625,2297.415283203125,2308.134033203125,2319.140625,2331.15966796875,2343.2607421875,2358.418701171875,2380.0419921875
2024-06-10,2024-06-03,2307.7,2345.18408203125,2291.035888671875,2308.520263671875,2322.18408203125,2333.61767578125,2345.18408203125,2357.717529296875,2370.267822265625,2386.539306640625,2411.327880859375
2024-06-11,2024-06-04,2307.5,2330.034912109375,2280.9970703125,2296.43896484375,2308.854248046875,2319.486328125,2330.034912109375,2342.18603515625,2353.774658203125,2369.015625,2392.02978515625
2024-06-12,2024-06-05,2336.0,2362.270263671875,2313.49951171875,2328.587158203125,2340.5244140625,2351.5361328125,2362.270263671875,2375.09326171875,2386.272705078125,2401.326416015625,2423.234619140625
2024-06-13,2024-06-06,2300.2,2379.781982421875,2324.2900390625,2343.2373046875,2356.369140625,2368.32861328125,2379.781982421875,2392.593505859375,2403.49560546875,2418.865234375,2440.73583984375
2024-06-14,2024-06-07,2331.4,2311.86865234375,2249.48046875,2271.01416015625,2285.96923828125,2299.14013671875,2311.86865234375,2325.057373046875,2337.8916015625,2355.171875,2377.84130859375
2024-06-17,2024-06-10,2312.4,2306.8798828125,2248.489013671875,2267.82373046875,2281.6787109375,2294.699462890625,2306.8798828125,2319.598876953125,2332.346923828125,2349.400390625,2373.5546875
2024-06-18,2024-06-11,2330.4,2301.79931640625,2247.4033203125,2265.12109375,2277.9140625,2289.669189453125,2301.79931640625,2314.0078125,2325.90185546875,2342.491455078125,2366.214111328125
2024-06-20,2024-06-12,2353.8,2334.8671875,2278.056884765625,2296.559326171875,2310.379638671875,2322.841064453125,2334.8671875,2347.892578125,2359.74951171875,2376.4619140625,2400.185546875
2024-06-21,2024-06-13,2316.4,2296.18017578125,2236.652099609375,2257.1953125,2271.3623046875,2283.8603515625,2296.18017578125,2308.6953125,2320.303955078125,2337.68994140625,2359.00439453125
2024-06-24,2024-06-14,2330.0,2330.2041015625,2269.5771484375,2290.407958984375,2304.4052734375,2317.510498046875,2330.2041015625,2342.2685546875,2353.205078125,2369.875244140625,2391.660400390625
2024-06-25,2024-06-17,2316.6,2314.70947265625,2258.89013671875,2277.8994140625,2290.95166015625,2302.75,2314.70947265625,2327.33056640625,2337.9580078125,2353.947021484375,2375.843017578125
2024-06-26,2024-06-18,2299.2,2331.0224609375,2272.87548828125,2292.75,2306.55322265625,2318.660888671875,2331.0224609375,2343.503662109375,2353.8681640625,2370.6640625,2393.26806640625
2024-06-27,2024-06-20,2324.5,2351.867431640625,2294.69189453125,2313.416748046875,2327.675048828125,2339.4638671875,2351.867431640625,2365.252197265625,2375.5283203125,2393.225830078125,2418.096923828125
2024-06-28,2024-06-21,2327.7,2314.629638671875,2258.6376953125,2276.44140625,2291.077392578125,2302.49609375,2314.629638671875,2326.88427734375,2337.6826171875,2356.13330078125,2379.6513671875
2024-07-01,2024-06-24,2327.6,2322.4765625,2268.427734375,2284.748779296875,2299.77294921875,2310.028076171875,2322.4765625,2334.716796875,2343.761474609375,2361.6142578125,2386.416748046875
2024-07-02,2024-06-25,2323.0,2307.663330078125,2257.580322265625,2274.036865234375,2286.725830078125,2296.666015625,2307.663330078125,2318.89453125,2328.568359375,2345.386474609375,2368.2861328125
2024-07-03,2024-06-26,2359.8,2285.796875,2234.11962890625,2250.947998046875,2263.227294921875,2274.60595703125,2285.796875,2296.458251953125,2307.270751953125,2325.057373046875,2348.912353515625
2024-07-05,2024-06-27,2388.5,2311.322509765625,2256.219970703125,2273.95166015625,2286.858642578125,2299.595703125,2311.322509765625,2322.677978515625,2334.718505859375,2352.0517578125,2376.219970703125
2024-07-08,2024-06-28,2355.2,2323.097412109375,2272.29345703125,2288.979248046875,2301.5029296875,2312.7421875,2323.097412109375,2333.612060546875,2344.5654296875,2360.846435546875,2382.252685546875
2024-07-09,2024-07-01,2360.1,2327.139892578125,2278.583251953125,2294.709228515625,2306.408203125,2317.622314453125,2327.139892578125,2336.68408203125,2347.25341796875,2362.6611328125,2382.820556640625
2024-07-10,2024-07-02,2372.2,2318.103271484375,2268.594970703125,2285.501220703125,2297.591064453125,2308.1640625,2318.103271484375,2327.764892578125,2338.94873046875,2354.634765625,2376.78857421875
2024-07-11,2024-07-03,2415.0,2363.744140625,2310.7724609375,2328.18408203125,2340.948974609375,2352.5869140625,2363.744140625,2374.53125,2387.018310546875,2404.149658203125,2428.42578125
2024-07-12,2024-07-05,2414.0,2396.172119140625,2336.835205078125,2357.3271484375,2371.15380859375,2384.848876953125,2396.172119140625,2408.4111328125,2420.3505859375,2439.82958984375,2466.15771484375
2024-07-15,2024-07-08,2422.9,2358.08837890625,2295.013427734375,2317.4228515625,2330.996337890625,2344.923583984375,2358.08837890625,2370.459716796875,2382.42041015625,2402.212158203125,2428.197265625
2024-07-16,2024-07-09,2462.4,2362.3525390625,2306.36376953125,2325.691162109375,2338.397705078125,2351.503173828125,2362.3525390625,2373.59765625,2385.879150390625,2403.866943359375,2427.186767578125
2024-07-17,2024-07-10,2454.8,2378.103271484375,2319.9375,2340.12939453125,2353.549072265625,2366.490478515625,2378.103271484375,2389.768310546875,2402.07763671875,2418.88427734375,2440.81005859375
2024-07-18,2024-07-11,2451.8,2428.55224609375,2356.437744140625,2381.4423828125,2396.915771484375,2413.222412109375,2428.55224609375,2444.166748046875,2457.223388671875,2479.523193359375,2508.95703125
2024-07-19,2024-07-12,2395.5,2432.610595703125,2363.7724609375,2388.698486328125,2402.621826171875,2418.08203125,2432.610595703125,2447.73193359375,2460.169189453125,2479.84814453125,2506.5869140625
2024-07-22,2024-07-15,2392.0,2437.884765625,2374.68408203125,2398.73681640625,2411.806396484375,2425.6103515625,2437.884765625,2451.967041015625,2463.98388671875,2482.031982421875,2505.371826171875
2024-07-23,2024-07-16,2404.6,2479.191162109375,2412.36279296875,2437.39501953125,2451.33349609375,2465.981689453125,2479.191162109375,2494.9951171875,2508.22021484375,2527.591552734375,2553.417724609375
2024-07-24,2024-07-17,2413.3,2468.2236328125,2405.167236328125,2429.1220703125,2442.18603515625,2455.82568359375,2468.2236328125,2483.481201171875,2494.68408203125,2513.466796875,2538.75927734375
2024-07-25,2024-07-18,2351.9,2460.29248046875,2398.486328125,2420.630126953125,2434.4970703125,2448.02294921875,2460.29248046875,2474.601318359375,2485.03515625,2501.823486328125,2525.252685546875
2024-07-26,2024-07-19,2380.0,2392.38330078125,2323.463623046875,2349.2138671875,2364.0908203125,2378.0166015625,2392.38330078125,2406.6044921875,2416.4853515625,2434.946044921875,2460.559326171875
2024-07-29,2024-07-22,2377.3,2376.698974609375,2309.5732421875,2335.6123046875,2350.619873046875,2364.205322265625,2376.698974609375,2390.77099609375,2401.46240234375,2420.3056640625,2445.00537109375
2024-07-30,2024-07-23,2405.0,2389.3330078125,2324.924072265625,2349.588134765625,2364.5185546875,2376.77783203125,2389.3330078125,2403.49169921875,2412.50927734375,2429.469970703125,2453.3662109375
2024-07-31,2024-07-24,2426.5,2405.75,2343.10302734375,2366.57958984375,2380.304443359375,2393.584716796875,2405.75,2419.996826171875,2428.953857421875,2446.35009765625,2469.235107421875
2024-08-01,2024-07-25,2435.0,2343.895263671875,2271.08056640625,2298.67919921875,2315.31494140625,2329.81591796875,2343.895263671875,2359.14501953125,2369.13330078125,2387.7265625,2414.07275390625
2024-08-02,2024-07-26,2425.7,2370.508056640625,2302.59423828125,2328.080322265625,2343.51611328125,2357.169921875,2370.508056640625,2384.677001953125,2393.668212890625,2411.486572265625,2435.67041015625
2024-08-05,2024-07-29,2401.7,2370.498046875,2304.6748046875,2328.63671875,2343.73779296875,2357.320556640625,2370.498046875,2384.274169921875,2393.90380859375,2411.384033203125,2435.896728515625
2024-08-06,2024-07-30,2389.1,2402.489501953125,2333.8056640625,2358.400146484375,2374.648193359375,2389.18359375,2402.489501953125,2417.255859375,2426.273681640625,2444.812744140625,2470.22802734375
2024-08-07,2024-07-31,2390.5,2432.796142578125,2365.9501953125,2389.7841796875,2405.72705078125,2419.9345703125,2432.796142578125,2447.82470703125,2456.6142578125,2474.072509765625,2498.218505859375
2024-08-08,2024-08-01,2422.2,2444.475341796875,2374.715576171875,2398.90576171875,2415.187744140625,2430.164794921875,2444.475341796875,2459.695556640625,2468.437255859375,2485.869873046875,2509.798828125
2024-08-09,2024-08-02,2432.1,2435.95166015625,2366.625244140625,2391.46630859375,2408.281494140625,2422.08984375,2435.95166015625,2450.96142578125,2457.763427734375,2473.53564453125,2496.408935546875
2024-08-12,2024-08-05,2462.4,2405.915283203125,2340.01171875,2364.19091796875,2379.91162109375,2393.341796875,2405.915283203125,2419.76513671875,2426.506103515625,2443.263427734375,2464.796142578125
2024-08-13,2024-08-06,2466.7,2382.296142578125,2317.060302734375,2340.788330078125,2356.86328125,2369.404541015625,2382.296142578125,2396.267333984375,2403.652587890625,2420.37060546875,2444.759521484375
2024-08-14,2024-08-07,2439.4,2381.82177734375,2318.9033203125,2340.63720703125,2358.4130859375,2369.8564453125,2381.82177734375,2395.078125,2399.415771484375,2413.66455078125,2435.563720703125
2024-08-15,2024-08-08,2453.1,2418.78759765625,2347.51708984375,2372.16162109375,2390.98583984375,2404.296630859375,2418.78759765625,2432.720947265625,2439.783935546875,2455.9873046875,2480.79931640625
2024-08-16,2024-08-09,2498.6,2435.201171875,2367.80712890625,2391.015625,2409.05126953125,2422.3310546875,2435.201171875,2449.28662109375,2455.277099609375,2470.201416015625,2493.1103515625
2024-08-19,2024-08-12,2501.8,2468.998779296875,2393.8349609375,2420.076416015625,2439.80615234375,2453.2412109375,2468.998779296875,2484.803955078125,2490.42578125,2506.780029296875,2532.6083984375
2024-08-20,2024-08-13,2511.3,2478.89453125,2412.613525390625,2435.323974609375,2450.9189453125,2464.067626953125,2478.89453125,2495.034423828125,2503.72802734375,2521.065673828125,2546.38525390625
2024-08-21,2024-08-14,2508.4,2447.88623046875,2381.812744140625,2406.582763671875,2423.414306640625,2434.61669921875,2447.88623046875,2461.2607421875,2468.26611328125,2484.53076171875,2507.124267578125
2024-08-22,2024-08-15,2478.9,2456.466064453125,2392.0498046875,2415.551513671875,2431.621826171875,2443.1044921875,2456.466064453125,2470.100830078125,2475.38134765625,2490.814208984375,2512.58837890625
2024-08-23,2024-08-16,2508.4,2498.3154296875,2427.3994140625,2453.5419921875,2471.7529296875,2483.79833984375,2498.3154296875,2513.38232421875,2520.14208984375,2537.76611328125,2562.390625
2024-08-26,2024-08-19,2517.7,2504.6064453125,2436.0654296875,2460.3310546875,2478.54150390625,2490.578857421875,2504.6064453125,2519.53857421875,2525.120849609375,2540.697998046875,2563.80126953125
2024-08-27,2024-08-20,2516.0,2515.99755859375,2440.059326171875,2467.635986328125,2488.68115234375,2500.44677734375,2515.99755859375,2530.915771484375,2534.83203125,2550.86328125,2577.22802734375
2024-08-28,2024-08-21,2501.0,2512.85009765625,2441.52734375,2467.01318359375,2485.18310546875,2497.89013671875,2512.85009765625,2527.342529296875,2536.1806640625,2552.796875,2577.941650390625
2024-08-29,2024-08-22,2525.7,2478.6044921875,2410.22998046875,2434.856689453125,2451.14453125,2464.554931640625,2478.6044921875,2491.9521484375,2501.4345703125,2517.48974609375,2540.504150390625
2024-08-30,2024-08-23,2493.8,2510.619384765625,2441.54443359375,2465.1845703125,2482.267822265625,2496.17236328125,2510.619384765625,2525.17041015625,2535.60791015625,2552.7578125,2576.078369140625
2024-09-03,2024-08-26,2489.9,2519.35107421875,2447.34765625,2472.15966796875,2490.30322265625,2503.691162109375,2519.35107421875,2533.785888671875,2542.93212890625,2559.900146484375,2583.117431640625
2024-09-04,2024-08-27,2493.4,2519.167236328125,2449.699951171875,2474.375244140625,2491.0751953125,2504.15087890625,2519.167236328125,2532.56396484375,2541.77587890625,2556.9013671875,2578.2197265625
2024-09-05,2024-08-28,2511.4,2496.654541015625,2428.094482421875,2453.762939453125,2470.384765625,2482.68896484375,2496.654541015625,2509.9248046875,2517.9501953125,2533.953369140625,2555.1259765625
2024-09-06,2024-08-29,2493.5,2525.212890625,2454.085693359375,2480.27197265625,2497.039794921875,2510.65478515625,2525.212890625,2540.05029296875,2548.951416015625,2566.68359375,2589.901123046875
2024-09-09,2024-08-30,2501.8,2489.4150390625,2419.359375,2444.7197265625,2461.41162109375,2474.678466796875,2489.4150390625,2503.796875,2512.936279296875,2530.236572265625,2553.2080078125
2024-09-10,2024-09-03,2512.3,2480.009033203125,2414.90478515625,2437.886962890625,2452.93408203125,2466.6748046875,2480.009033203125,2493.143310546875,2501.99169921875,2518.17919921875,2539.364990234375
2024-09-11,2024-09-04,2512.1,2485.119384765625,2419.22802734375,2442.23681640625,2458.81201171875,2471.294677734375,2485.119384765625,2497.656494140625,2505.5166015625,2521.274658203125,2540.800048828125
2024-09-12,2024-09-05,2551.2,2505.887939453125,2440.9619140625,2463.690673828125,2480.105224609375,2492.521484375,2505.887939453125,2519.489990234375,2528.4638671875,2544.08056640625,2564.09619140625
2024-09-13,2024-09-06,2581.3,2488.7158203125,2424.112060546875,2446.310791015625,2462.842529296875,2474.98193359375,2488.7158203125,2502.119384765625,2510.572509765625,2526.736328125,2548.405517578125
2024-09-16,2024-09-09,2580.4,2499.729736328125,2433.72119140625,2455.96240234375,2472.0185546875,2485.501220703125,2499.729736328125,2513.258056640625,2522.100830078125,2538.8583984375,2561.9521484375
2024-09-17,2024-09-10,2564.3,2515.093505859375,2449.305908203125,2471.880126953125,2488.839111328125,2501.52685546875,2515.093505859375,2528.9404296875,2537.417724609375,2554.235107421875,2576.83837890625
2024-09-18,2024-09-11,2570.7,2514.166015625,2453.107177734375,2473.16455078125,2490.280029296875,2501.15966796875,2514.166015625,2526.87939453125,2532.754150390625,2547.87646484375,2568.29150390625
2024-09-19,2024-09-12,2588.0,2554.82373046875,2484.7890625,2507.30615234375,2526.279296875,2539.371826171875,2554.82373046875,2571.36962890625,2580.111328125,2598.673828125,2625.427490234375
2024-09-20,2024-09-13,2619.9,2592.2109375,2524.025390625,2546.1533203125,2564.78515625,2577.385498046875,2592.2109375,2610.5625,2621.021728515625,2640.197265625,2665.5234375
2024-09-23,2024-09-16,2626.5,2589.671875,2522.71630859375,2545.6943359375,2563.711669921875,2575.22216796875,2589.671875,2605.7958984375,2613.79296875,2630.96875,2655.05078125
2024-09-24,2024-09-17,2651.2,2571.589111328125,2503.679931640625,2526.368896484375,2543.3134765625,2556.31298828125,2571.589111328125,2587.659912109375,2595.99072265625,2612.97998046875,2635.6240234375
2024-09-25,2024-09-18,2659.2,2573.28076171875,2507.070556640625,2529.046142578125,2546.19921875,2559.48779296875,2573.28076171875,2589.184814453125,2598.1884765625,2615.64794921875,2638.982421875
2024-09-26,2024-09-19,2669.9,2588.5810546875,2518.392333984375,2542.541015625,2560.3740234375,2573.505126953125,2588.5810546875,2604.79443359375,2613.857177734375,2632.025390625,2655.69140625
2024-09-27,2024-09-20,2644.3,2613.46826171875,2535.76220703125,2561.573486328125,2583.301025390625,2596.4130859375,2613.46826171875,2630.4814453125,2638.90185546875,2656.99462890625,2683.570068359375
2024-09-30,2024-09-23,2636.1,2611.992431640625,2532.09619140625,2557.710205078125,2581.08544921875,2594.811279296875,2611.992431640625,2629.316162109375,2637.5615234375,2655.23193359375,2679.646484375
2024-10-01,2024-09-24,2667.3,2647.02734375,2570.044921875,2595.0029296875,2617.48583984375,2630.92333984375,2647.02734375,2665.002685546875,2673.537353515625,2692.139404296875,2717.49609375
2024-10-02,2024-09-25,2647.1,2650.1240234375,2567.424072265625,2595.182373046875,2618.84716796875,2633.827392578125,2650.1240234375,2666.719970703125,2678.95166015625,2695.938720703125,2721.270751953125
2024-10-03,2024-09-26,2657.1,2680.157958984375,2613.51611328125,2635.67919921875,2656.18798828125,2666.353271484375,2680.157958984375,2695.3134765625,2702.659912109375,2718.4638671875,2741.281494140625
2024-10-04,2024-09-27,2645.8,2642.77978515625,2578.238525390625,2598.3134765625,2616.2001953125,2628.1005859375,2642.77978515625,2658.417236328125,2667.443359375,2684.940185546875,2707.58251953125
2024-10-07,2024-09-30,2644.8,2630.32373046875,2569.33251953125,2589.31689453125,2606.6806640625,2616.99658203125,2630.32373046875,2643.7861328125,2653.0703125,2670.839599609375,2692.367919921875
2024-10-08,2024-10-01,2615.0,2659.1220703125,2598.048828125,2617.403076171875,2634.531982421875,2645.02685546875,2659.1220703125,2672.7646484375,2680.6484375,2697.072998046875,2718.97216796875
2024-10-09,2024-10-02,2606.0,2635.58837890625,2578.64990234375,2597.03564453125,2613.36669921875,2623.02197265625,2635.58837890625,2647.424560546875,2656.94384765625,2673.711181640625,2695.6171875
2024-10-10,2024-10-03,2620.6,2649.80859375,2590.48046875,2609.1875,2625.774658203125,2636.15234375,2649.80859375,2662.6982421875,2670.3974609375,2686.455322265625,2708.36962890625
2024-10-11,2024-10-04,2657.6,2635.1298828125,2567.384765625,2588.79833984375,2608.715087890625,2620.323974609375,2635.1298828125,2648.9033203125,2655.390625,2672.65234375,2695.38623046875
2024-10-14,2024-10-07,2647.8,2639.914306640625,2577.367431640625,2597.610595703125,2614.056884765625,2626.017333984375,2639.914306640625,2653.226318359375,2661.526611328125,2678.66943359375,2701.064453125
2024-10-15,2024-10-08,2661.4,2607.845703125,2541.39111328125,2564.01123046875,2580.5,2593.79150390625,2607.845703125,2621.95458984375,2631.17431640625,2649.997802734375,2672.101806640625
2024-10-16,2024-10-09,2674.0,2593.37744140625,2528.8408203125,2551.0009765625,2565.9580078125,2579.510498046875,2593.37744140625,2606.798828125,2615.97705078125,2634.390625,2656.65478515625
2024-10-17,2024-10-10,2691.0,2610.80419921875,2540.04150390625,2565.00439453125,2582.27587890625,2596.595703125,2610.80419921875,2624.669189453125,2633.46875,2652.153076171875,2674.84326171875
2024-10-18,2024-10-11,2713.7,2665.506591796875,2591.5146484375,2617.71337890625,2636.343017578125,2650.440673828125,2665.506591796875,2680.53857421875,2689.62890625,2708.36083984375,2733.408447265625
2024-10-21,2024-10-14,2723.1,2655.31982421875,2583.653564453125,2608.507568359375,2627.27978515625,2640.025390625,2655.31982421875,2668.978759765625,2675.582275390625,2694.439208984375,2716.52978515625
2024-10-22,2024-10-15,2744.2,2676.0205078125,2607.310302734375,2632.154541015625,2649.0693359375,2661.913330078125,2676.0205078125,2690.02490234375,2697.73876953125,2717.227294921875,2739.17041015625
2024-10-23,2024-10-16,2714.4,2687.972412109375,2616.33642578125,2642.57958984375,2660.5595703125,2674.3125,2687.972412109375,2702.7431640625,2711.125,2730.810546875,2754.27734375
2024-10-24,2024-10-17,2734.9,2701.11083984375,2632.56494140625,2657.1826171875,2673.74658203125,2686.96826171875,2701.11083984375,2715.69580078125,2724.904296875,2743.404052734375,2767.23828125
2024-10-25,2024-10-18,2740.9,2727.571533203125,2658.900146484375,2683.6767578125,2699.84423828125,2712.57470703125,2727.571533203125,2743.3056640625,2752.742431640625,2773.12744140625,2797.802734375
2024-10-28,2024-10-21,2742.9,2738.953369140625,2678.154296875,2701.4267578125,2716.025146484375,2727.03955078125,2738.953369140625,2753.793212890625,2763.48046875,2781.710693359375,2803.7958984375
2024-10-29,2024-10-22,2768.4,2760.45361328125,2699.1650390625,2722.210693359375,2737.503173828125,2747.967041015625,2760.45361328125,2775.774169921875,2785.3994140625,2804.646484375,2828.19482421875
2024-10-30,2024-10-23,2788.5,2717.5322265625,2650.253662109375,2675.82568359375,2691.3798828125,2703.82275390625,2717.5322265625,2732.109375,2741.949462890625,2761.28759765625,2783.831298828125
2024-10-31,2024-10-24,2738.3,2736.746337890625,2670.20703125,2695.575927734375,2710.271728515625,2723.43408203125,2736.746337890625,2751.41650390625,2761.2265625,2781.02880859375,2803.267578125
2024-11-01,2024-10-25,2738.6,2739.937255859375,2678.658203125,2702.047119140625,2716.121826171875,2727.783935546875,2739.937255859375,2753.716552734375,2763.69091796875,2782.7861328125,2803.91552734375
2024-11-04,2024-10-28,2736.1,2740.287353515625,2677.400634765625,2699.80078125,2715.284423828125,2726.87109375,2740.287353515625,2754.470458984375,2762.726318359375,2782.124267578125,2804.364501953125
2024-11-05,2024-10-29,2740.3,2764.995361328125,2696.60302734375,2721.212890625,2738.620849609375,2749.85888671875,2764.995361328125,2781.340576171875,2788.984619140625,2809.5244140625,2832.400634765625
2024-11-06,2024-10-30,2667.6,2795.7021484375,2727.29345703125,2751.547607421875,2769.9677734375,2781.264404296875,2795.7021484375,2812.177978515625,2819.05908203125,2840.3271484375,2863.92529296875
2024-11-07,2024-10-31,2698.4,2739.108642578125,2662.21240234375,2690.115234375,2708.316650390625,2722.978759765625,2739.108642578125,2754.95556640625,2765.5537109375,2787.67333984375,2814.00439453125
2024-11-08,2024-11-01,2687.5,2733.395263671875,2658.43603515625,2684.64013671875,2704.077392578125,2718.59033203125,2733.395263671875,2749.1064453125,2760.074462890625,2782.472900390625,2808.896484375
2024-11-11,2024-11-04,2611.2,2718.4296875,2647.084228515625,2671.33544921875,2690.8798828125,2703.87841796875,2718.4296875,2733.9267578125,2746.03076171875,2768.60107421875,2796.19677734375
2024-11-12,2024-11-05,2600.0,2726.29296875,2657.073486328125,2680.62158203125,2700.046875,2712.200927734375,2726.29296875,2741.80615234375,2753.14306640625,2775.85302734375,2803.80029296875
2024-11-13,2024-11-06,2580.8,2653.058349609375,2568.43017578125,2596.042724609375,2620.555419921875,2635.369873046875,2653.058349609375,2669.8203125,2683.931640625,2708.360595703125,2739.78173828125
2024-11-14,2024-11-07,2568.2,2679.390625,2605.365478515625,2629.715576171875,2650.84033203125,2664.07666015625,2679.390625,2696.045654296875,2707.884521484375,2733.25927734375,2764.6728515625
2024-11-15,2024-11-08,2565.7,2676.496826171875,2604.476806640625,2629.927978515625,2650.46240234375,2663.19482421875,2676.496826171875,2691.472900390625,2703.706787109375,2728.763916015625,2757.755126953125
2024-11-18,2024-11-11,2610.6,2606.06591796875,2523.78125,2550.549560546875,2572.9541015625,2589.102294921875,2606.06591796875,2622.65283203125,2637.03955078125,2663.251220703125,2698.12255859375
2024-11-19,2024-11-12,2627.1,2586.370849609375,2508.47314453125,2532.85400390625,2553.80419921875,2569.65478515625,2586.370849609375,2602.413818359375,2615.931884765625,2641.068115234375,2676.771484375
2024-11-20,2024-11-13,2648.2,2567.42138671875,2486.91455078125,2513.846923828125,2535.44287109375,2550.993896484375,2567.42138671875,2583.41650390625,2596.0859375,2620.77783203125,2651.357421875
2024-11-21,2024-11-14,2672.1,2552.12255859375,2471.8388671875,2498.68603515625,2520.391357421875,2536.15576171875,2552.12255859375,2568.70556640625,2581.30078125,2606.85986328125,2640.435546875
2024-11-22,2024-11-15,2709.9,2554.7568359375,2483.04931640625,2506.087158203125,2525.136474609375,2540.137939453125,2554.7568359375,2569.796875,2580.94775390625,2603.369384765625,2636.126220703125
2024-11-25,2024-11-18,2616.8,2611.109130859375,2537.970458984375,2560.883544921875,2580.2236328125,2595.740234375,2611.109130859375,2627.281494140625,2637.29931640625,2658.0615234375,2691.169921875
2024-11-26,2024-11-19,2620.3,2639.93798828125,2562.79296875,2586.888671875,2607.96728515625,2624.169921875,2639.93798828125,2657.145751953125,2667.3603515625,2688.553955078125,2723.62744140625
2024-11-27,2024-11-20,2639.9,2667.76806640625,2590.1220703125,2615.795654296875,2636.27880859375,2652.394775390625,2667.76806640625,2684.5927734375,2694.94921875,2714.9462890625,2748.9013671875
2024-11-29,2024-11-21,2657.0,2696.76318359375,2621.24169921875,2647.642333984375,2667.652587890625,2682.76318359375,2696.76318359375,2713.69287109375,2725.3046875,2744.0771484375,2775.215087890625
2024-12-02,2024-11-22,2634.9,2740.656982421875,2661.060546875,2687.730712890625,2708.5888671875,2725.15869140625,2740.656982421875,2758.630126953125,2772.55126953125,2792.00537109375,2825.955078125
2024-12-03,2024-11-25,2644.7,2628.55712890625,2542.238525390625,2571.464599609375,2594.443115234375,2611.9765625,2628.55712890625,2646.786865234375,2660.568359375,2681.25,2717.493408203125
2024-12-04,2024-11-26,2653.8,2619.452392578125,2532.438232421875,2559.869873046875,2585.32080078125,2602.5361328125,2619.452392578125,2637.68212890625,2648.97802734375,2670.0595703125,2707.193603515625
2024-12-05,2024-11-27,2626.6,2629.669921875,2549.497802734375,2576.83642578125,2598.371337890625,2614.217529296875,2629.669921875,2646.32421875,2657.13671875,2675.850341796875,2706.28857421875
2024-12-06,2024-11-29,2638.6,2646.9140625,2566.111328125,2594.894775390625,2615.21142578125,2631.9384765625,2646.9140625,2663.634765625,2675.715087890625,2694.580078125,2724.1533203125
2024-12-09,2024-12-02,2664.9,2628.636474609375,2549.36865234375,2577.1494140625,2598.41015625,2614.298828125,2628.636474609375,2645.219970703125,2657.039306640625,2677.9619140625,2710.87353515625
2024-12-10,2024-12-03,2697.6,2638.458740234375,2562.320068359375,2588.25927734375,2609.559326171875,2624.50244140625,2638.458740234375,2654.176025390625,2662.408935546875,2681.42919921875,2711.25830078125
2024-12-11,2024-12-04,2733.8,2646.06689453125,2563.00390625,2588.91748046875,2614.68896484375,2629.447021484375,2646.06689453125,2663.75,2672.08544921875,2694.234375,2728.2265625
2024-12-12,2024-12-05,2687.5,2625.689453125,2550.587158203125,2578.13037109375,2597.0146484375,2611.55810546875,2625.689453125,2641.539794921875,2653.78515625,2674.192626953125,2704.056640625
2024-12-13,2024-12-06,2656.0,2638.283203125,2563.859130859375,2588.9931640625,2609.94873046875,2623.981201171875,2638.283203125,2654.29931640625,2665.01171875,2686.459716796875,2717.305908203125
2024-12-16,2024-12-09,2651.4,2663.472412109375,2590.91455078125,2614.437744140625,2635.96728515625,2649.3193359375,2663.472412109375,2678.326171875,2687.54833984375,2707.265625,2739.0068359375
2024-12-17,2024-12-10,2644.4,2694.515625,2612.115234375,2639.012451171875,2663.13720703125,2679.097412109375,2694.515625,2710.271728515625,2720.08154296875,2741.974365234375,2774.73046875
2024-12-18,2024-12-11,2636.5,2735.332275390625,2645.543701171875,2674.683837890625,2701.550048828125,2718.892578125,2735.332275390625,2752.68505859375,2765.001953125,2788.57861328125,2825.328857421875
2024-12-19,2024-12-12,2592.2,2696.830078125,2614.165771484375,2640.737060546875,2663.92626953125,2681.080810546875,2696.830078125,2714.364990234375,2728.159423828125,2751.7421875,2788.314453125
2024-12-20,2024-12-13,2628.7,2655.3291015625,2572.293212890625,2598.75390625,2621.12548828125,2638.843994140625,2655.3291015625,2671.81982421875,2684.31640625,2709.55078125,2749.860107421875
2024-12-23,2024-12-16,2612.3,2649.970458984375,2577.5068359375,2601.23046875,2620.510498046875,2636.583251953125,2649.970458984375,2665.00244140625,2676.394775390625,2699.917724609375,2735.583984375
2024-12-24,2024-12-17,2620.0,2641.971435546875,2568.383056640625,2593.89990234375,2612.2216796875,2627.682373046875,2641.971435546875,2657.0771484375,2669.19140625,2690.570068359375,2721.632080078125
2024-12-26,2024-12-18,2638.8,2635.411865234375,2564.21435546875,2588.77099609375,2606.446044921875,2621.558837890625,2635.411865234375,2650.3681640625,2662.718505859375,2683.9453125,2715.5400390625
2024-12-27,2024-12-19,2617.2,2587.409912109375,2512.57861328125,2537.03515625,2555.735595703125,2572.036376953125,2587.409912109375,2602.838623046875,2616.580078125,2638.55419921875,2672.97802734375
2024-12-30,2024-12-20,2606.1,2631.97265625,2554.25244140625,2579.063232421875,2598.56982421875,2616.218994140625,2631.97265625,2647.3984375,2660.7216796875,2684.703125,2720.911376953125
2024-12-31,2024-12-23,2629.2,2618.524658203125,2549.276611328125,2570.4765625,2588.93505859375,2604.137451171875,2618.524658203125,2633.030517578125,2644.513916015625,2664.845703125,2695.221435546875
2025-01-02,2024-12-24,2658.9,2630.806396484375,2562.28369140625,2582.366943359375,2600.9052734375,2616.297119140625,2630.806396484375,2645.455078125,2656.91357421875,2679.16796875,2712.26416015625
2025-01-03,2024-12-26,2645.0,2645.5205078125,2580.287841796875,2601.11083984375,2617.2685546875,2632.655517578125,2645.5205078125,2659.1748046875,2670.77197265625,2691.593017578125,2720.13525390625
2025-01-06,2024-12-27,2638.4,2624.9482421875,2555.96337890625,2577.86279296875,2595.001953125,2609.4404296875,2624.9482421875,2638.5361328125,2648.185546875,2667.96533203125,2694.71728515625
2025-01-07,2024-12-30,2656.7,2610.966796875,2542.09521484375,2562.48974609375,2579.537109375,2593.52783203125,2610.966796875,2624.299072265625,2633.49853515625,2653.53759765625,2683.510009765625
2025-01-08,2024-12-31,2664.5,2635.8544921875,2570.783935546875,2590.83349609375,2607.109375,2620.60888671875,2635.8544921875,2647.923095703125,2659.082275390625,2677.24462890625,2701.671875
2025-01-09,2025-01-02,2683.8,2662.80908203125,2592.26513671875,2615.50390625,2632.80419921875,2647.158447265625,2662.80908203125,2677.064453125,2688.01318359375,2707.204833984375,2735.544921875
2025-01-10,2025-01-03,2708.5,2655.9365234375,2588.766845703125,2611.442138671875,2627.381103515625,2641.0830078125,2655.9365234375,2668.3125,2679.62841796875,2697.20361328125,2724.307861328125
2025-01-13,2025-01-06,2673.5,2645.60302734375,2577.8798828125,2600.08544921875,2617.857421875,2631.30224609375,2645.60302734375,2657.4150390625,2669.52880859375,2686.8369140625,2712.7314453125
2025-01-14,2025-01-07,2677.5,2655.2802734375,2583.75439453125,2608.138916015625,2626.50537109375,2639.613037109375,2655.2802734375,2667.899169921875,2679.16357421875,2697.8701171875,2722.99853515625
2025-01-15,2025-01-08,2712.5,2665.93896484375,2588.6689453125,2617.886962890625,2636.2080078125,2649.580810546875,2665.93896484375,2679.13818359375,2690.718017578125,2709.13720703125,2732.68115234375
2025-01-16,2025-01-09,2746.4,2685.46728515625,2602.806640625,2633.34326171875,2653.694580078125,2667.926513671875,2685.46728515625,2699.428955078125,2712.0830078125,2732.02099609375,2758.470458984375
2025-01-17,2025-01-10,2744.3,2709.72216796875,2622.435791015625,2654.307861328125,2675.30322265625,2690.22802734375,2709.72216796875,2724.475830078125,2737.098876953125,2759.302978515625,2787.28369140625
2025-01-21,2025-01-13,2755.0,2669.76953125,2571.1484375,2607.259033203125,2632.787109375,2648.190185546875,2669.76953125,2685.639892578125,2697.879638671875,2721.739013671875,2748.96044921875
2025-01-22,2025-01-14,2767.6,2681.776611328125,2596.66748046875,2626.43798828125,2649.5224609375,2663.65625,2681.776611328125,2695.4794921875,2705.87255859375,2729.522705078125,2756.330078125
2025-01-23,2025-01-15,2763.1,2706.506591796875,2630.341796875,2659.3974609375,2676.85107421875,2691.7333984375,2706.506591796875,2720.052490234375,2731.558837890625,2751.3984375,2774.949951171875
2025-01-24,2025-01-16,2777.3,2723.93603515625,2638.51806640625,2670.1669921875,2690.3232421875,2706.02001953125,2723.93603515625,2739.7900390625,2752.837158203125,2775.32470703125,2805.44775390625
2025-01-27,2025-01-17,2737.5,2735.607666015625,2653.947998046875,2685.59521484375,2704.0654296875,2720.32177734375,2735.607666015625,2751.266845703125,2767.7392578125,2789.942626953125,2817.4365234375
2025-01-28,2025-01-21,2766.8,2751.08349609375,2674.7724609375,2705.040283203125,2722.36767578125,2736.5830078125,2751.08349609375,2765.24560546875,2779.006591796875,2799.1640625,2823.508544921875
2025-01-29,2025-01-22,2769.1,2751.550048828125,2660.34912109375,2696.41015625,2718.205078125,2734.8564453125,2751.550048828125,2769.047119140625,2786.279541015625,2810.8076171875,2838.15576171875
2025-01-30,2025-01-23,2823.0,2751.639892578125,2666.072265625,2698.98193359375,2719.815185546875,2735.0048828125,2751.639892578125,2769.146484375,2786.59228515625,2809.457763671875,2834.3984375
2025-01-31,2025-01-24,2812.5,2776.108642578125,2698.0400390625,2728.60546875,2747.453125,2761.9736328125,2776.108642578125,2791.9443359375,2807.8583984375,2830.274658203125,2854.53271484375
2025-02-03,2025-01-27,2833.9,2732.25537109375,2655.35595703125,2686.716552734375,2704.67919921875,2718.482421875,2732.25537109375,2747.08154296875,2762.524658203125,2784.13330078125,2807.001953125
2025-02-04,2025-01-28,2853.3,2770.728759765625,2698.0615234375,2727.55859375,2744.386962890625,2758.390380859375,2770.728759765625,2785.27734375,2800.593505859375,2821.047119140625,2842.652587890625
2025-02-05,2025-01-29,2871.6,2771.773681640625,2704.60595703125,2731.162841796875,2747.748046875,2761.394775390625,2771.773681640625,2785.928466796875,2799.276611328125,2817.43310546875,2837.785888671875
2025-02-06,2025-01-30,2856.0,2827.56201171875,2743.155517578125,2774.302734375,2796.482177734375,2813.513671875,2827.56201171875,2844.65673828125,2860.9765625,2884.13232421875,2913.328857421875
2025-02-07,2025-01-31,2867.3,2817.458984375,2729.314453125,2762.11865234375,2783.24658203125,2800.29052734375,2817.458984375,2835.19140625,2852.39453125,2877.41845703125,2905.330322265625
2025-02-10,2025-02-03,2914.3,2843.35693359375,2756.680419921875,2789.562255859375,2809.77880859375,2827.05810546875,2843.35693359375,2861.6611328125,2878.48974609375,2903.7060546875,2931.95263671875
2025-02-11,2025-02-04,2912.5,2868.247802734375,2777.86767578125,2809.930419921875,2831.605712890625,2850.573486328125,2868.247802734375,2886.496826171875,2903.609619140625,2929.4697265625,2960.26806640625
2025-02-12,2025-02-05,2909.0,2895.3095703125,2806.6572265625,2838.289794921875,2859.44140625,2878.044921875,2895.3095703125,2914.427978515625,2932.21728515625,2958.9296875,2992.379638671875
2025-02-13,2025-02-06,2925.9,2871.34814453125,2786.38818359375,2816.709228515625,2837.24365234375,2853.926513671875,2871.34814453125,2888.9384765625,2904.716552734375,2927.73974609375,2958.34521484375
2025-02-14,2025-02-07,2883.6,2878.65625,2795.428955078125,2825.166015625,2845.5244140625,2861.07666015625,2878.65625,2894.164306640625,2907.7255859375,2927.23779296875,2955.796630859375
2025-02-18,2025-02-10,2931.6,2929.88671875,2845.8251953125,2875.250244140625,2896.798828125,2912.45068359375,2929.88671875,2947.85986328125,2963.47998046875,2983.781494140625,3014.73388671875
2025-02-19,2025-02-11,2919.4,2928.0126953125,2847.397216796875,2875.47705078125,2895.251953125,2910.87353515625,2928.0126953125,2944.34423828125,2958.34375,2977.267333984375,3007.329345703125
2025-02-20,2025-02-12,2940.0,2924.21044921875,2844.86181640625,2872.4453125,2891.9951171875,2907.615478515625,2924.21044921875,2941.357177734375,2956.11083984375,2975.880126953125,3002.919921875
2025-02-21,2025-02-13,2937.6,2939.2587890625,2861.86474609375,2889.095703125,2909.241943359375,2923.12451171875,2939.2587890625,2955.288818359375,2968.650146484375,2987.52978515625,3012.5205078125
2025-02-24,2025-02-14,2947.9,2887.89013671875,2802.73876953125,2830.25341796875,2853.3857421875,2870.35693359375,2887.89013671875,2906.8818359375,2922.366455078125,2943.519775390625,2973.1953125
2025-02-25,2025-02-18,2904.5,2940.47314453125,2870.29443359375,2894.193603515625,2913.23828125,2927.0283203125,2940.47314453125,2957.64404296875,2970.41162109375,2990.051513671875,3020.1240234375
2025-02-26,2025-02-19,2916.8,2928.335693359375,2864.79736328125,2885.54150390625,2902.913330078125,2916.46142578125,2928.335693359375,2943.822265625,2954.581298828125,2971.60400390625,2998.794921875
2025-02-27,2025-02-20,2883.2,2947.380859375,2879.85888671875,2901.03466796875,2920.00390625,2934.667724609375,2947.380859375,2962.946533203125,2974.511474609375,2992.6240234375,3021.76171875
2025-02-28,2025-02-21,2836.8,2939.56298828125,2866.939453125,2890.34912109375,2910.46875,2924.83056640625,2939.56298828125,2954.05810546875,2964.753173828125,2984.68359375,3012.1826171875
2025-03-03,2025-02-24,2890.2,2949.015869140625,2879.071533203125,2902.870849609375,2922.5947265625,2935.6240234375,2949.015869140625,2963.140625,2974.972900390625,2995.0048828125,3022.83056640625
2025-03-04,2025-02-25,2909.6,2905.2001953125,2835.029296875,2859.0751953125,2877.377685546875,2892.112548828125,2905.2001953125,2919.58935546875,2932.8154296875,2953.51611328125,2980.37646484375
2025-03-05,2025-02-26,2915.3,2911.673095703125,2837.8095703125,2862.4267578125,2881.9765625,2897.00927734375,2911.673095703125,2926.867431640625,2940.909423828125,2962.30810546875,2991.605712890625
2025-03-06,2025-02-27,2916.6,2870.9736328125,2794.6142578125,2818.257080078125,2839.60546875,2855.866943359375,2870.9736328125,2888.6484375,2903.8486328125,2925.73193359375,2956.29833984375
2025-03-07,2025-02-28,2904.7,2821.8701171875,2731.98876953125,2761.271484375,2785.8154296875,2803.849853515625,2821.8701171875,2840.94384765625,2856.2412109375,2880.36572265625,2913.175537109375
2025-03-10,2025-03-03,2891.0,2883.9306640625,2802.795654296875,2830.882568359375,2853.5078125,2867.0986328125,2883.9306640625,2904.9423828125,2919.965576171875,2943.87841796875,2980.084716796875
2025-03-11,2025-03-04,2912.9,2910.03466796875,2828.25830078125,2853.919921875,2876.5302734375,2893.7880859375,2910.03466796875,2927.389892578125,2940.836669921875,2961.956298828125,2993.588134765625
2025-03-12,2025-03-05,2939.1,2917.506591796875,2833.8310546875,2861.466796875,2884.1650390625,2902.576171875,2917.506591796875,2935.4345703125,2948.920166015625,2970.266845703125,3001.78759765625
2025-03-13,2025-03-06,2984.3,2921.21923828125,2832.902099609375,2862.675048828125,2885.66064453125,2905.00390625,2921.21923828125,2940.890869140625,2954.6611328125,2974.91455078125,3006.03271484375
2025-03-14,2025-03-07,2994.5,2898.074462890625,2814.38671875,2842.85400390625,2864.46240234375,2883.4248046875,2898.074462890625,2918.168212890625,2931.5478515625,2951.375,2981.8388671875
2025-03-17,2025-03-10,3000.0,2884.189697265625,2799.98095703125,2827.696044921875,2850.587890625,2869.14111328125,2884.189697265625,2902.595703125,2914.6083984375,2935.30126953125,2963.99951171875
2025-03-18,2025-03-11,3035.1,2916.005859375,2835.314208984375,2863.8232421875,2884.30810546875,2902.11865234375,2916.005859375,2933.310791015625,2948.199462890625,2967.8310546875,2997.253173828125
2025-03-19,2025-03-12,3035.9,2936.7275390625,2853.646240234375,2883.23681640625,2905.931640625,2923.37060546875,2936.7275390625,2954.8212890625,2969.06689453125,2988.928955078125,3015.83349609375
2025-03-20,2025-03-13,3040.0,2989.1025390625,2897.15771484375,2930.9638671875,2954.637939453125,2974.41552734375,2989.1025390625,3009.88720703125,3025.929443359375,3047.970703125,3078.355224609375
2025-03-21,2025-03-14,3018.2,2997.78857421875,2911.71875,2943.62060546875,2966.028564453125,2984.606201171875,2997.78857421875,3018.21533203125,3033.360107421875,3053.524658203125,3082.58544921875
2025-03-24,2025-03-17,3013.1,3005.282470703125,2920.328125,2951.483154296875,2974.380859375,2992.05712890625,3005.282470703125,3026.10107421875,3040.29443359375,3059.929443359375,3088.36181640625
2025-03-25,2025-03-18,3023.7,3041.31005859375,2953.777587890625,2983.47314453125,3007.15625,3025.4169921875,3041.31005859375,3063.86572265625,3080.4130859375,3100.155029296875,3135.86083984375
2025-03-26,2025-03-19,3020.9,3037.71044921875,2946.68798828125,2978.6259765625,3001.87353515625,3020.21240234375,3037.71044921875,3061.0634765625,3078.26171875,3099.29150390625,3135.89306640625
2025-03-27,2025-03-20,3060.2,3039.600830078125,2950.76220703125,2980.370849609375,3003.098388671875,3022.7666015625,3039.600830078125,3062.797119140625,3081.396240234375,3103.25390625,3138.55126953125
2025-03-28,2025-03-21,3086.5,3003.815185546875,2917.76416015625,2947.62353515625,2968.17431640625,2987.125732421875,3003.815185546875,3022.74365234375,3040.815673828125,3063.282958984375,3096.48291015625
2025-03-31,2025-03-24,3122.8,2992.73388671875,2905.685302734375,2935.955078125,2956.89697265625,2975.800048828125,2992.73388671875,3011.01806640625,3030.2373046875,3052.415771484375,3084.6552734375
2025-04-01,2025-03-25,3118.9,3003.7021484375,2917.451171875,2948.22021484375,2967.945556640625,2987.086669921875,3003.7021484375,3021.5771484375,3040.033203125,3062.7216796875,3094.445556640625
2025-04-02,2025-03-26,3139.9,3000.52294921875,2915.795654296875,2947.158935546875,2965.6240234375,2984.67431640625,3000.52294921875,3017.26318359375,3035.229248046875,3056.342041015625,3085.0595703125
2025-04-03,2025-03-27,3097.0,3047.994140625,2965.5185546875,2996.418701171875,3014.234619140625,3032.583740234375,3047.994140625,3066.109619140625,3084.1787109375,3105.9091796875,3136.997314453125
2025-04-04,2025-03-28,3012.0,3080.231689453125,2993.6005859375,3026.33642578125,3045.73291015625,3064.96826171875,3080.231689453125,3099.193115234375,3117.619140625,3139.5859375,3171.4443359375
2025-04-07,2025-03-31,2951.3,3134.39794921875,3046.41162109375,3077.99169921875,3098.57861328125,3119.18896484375,3134.39794921875,3154.6962890625,3174.43505859375,3197.173583984375,3232.93408203125
2025-04-08,2025-04-01,2968.4,3130.573974609375,3042.46044921875,3075.2177734375,3095.701416015625,3115.56103515625,3130.573974609375,3149.82861328125,3168.48193359375,3190.126953125,3222.334716796875
2025-04-09,2025-04-02,3056.5,3164.22265625,3074.98974609375,3106.173828125,3126.38232421875,3147.3369140625,3164.22265625,3184.146728515625,3203.197265625,3226.40234375,3262.53173828125
2025-04-10,2025-04-03,3155.2,3109.6953125,3025.0830078125,3054.37939453125,3075.61083984375,3094.87939453125,3109.6953125,3127.343017578125,3145.61083984375,3166.176025390625,3198.7958984375
2025-04-11,2025-04-04,3222.2,3011.65234375,2917.962890625,2948.2490234375,2971.475830078125,2993.515625,3011.65234375,3030.882568359375,3051.26123046875,3076.6455078125,3116.559326171875
2025-04-14,2025-04-07,3204.8,2929.18603515625,2825.78515625,2859.92626953125,2885.15234375,2908.8388671875,2929.18603515625,2950.3798828125,2972.62060546875,3000.7451171875,3045.251220703125
2025-04-15,2025-04-08,3218.7,2952.326904296875,2862.47607421875,2891.27587890625,2913.31640625,2934.4091796875,2952.326904296875,2970.59326171875,2988.732421875,3012.547119140625,3050.27587890625
2025-04-16,2025-04-09,3326.6,3054.32861328125,2960.35498046875,2988.072265625,3013.38623046875,3035.271484375,3054.32861328125,3074.570556640625,3092.771728515625,3118.4248046875,3159.916748046875
2025-04-17,2025-04-10,3308.7,3140.80078125,3039.08544921875,3069.364013671875,3099.199462890625,3119.71484375,3140.80078125,3163.37255859375,3180.087890625,3206.164306640625,3251.68408203125
2025-04-21,2025-04-11,3406.2,3223.27490234375,3117.023193359375,3146.857177734375,3177.73876953125,3200.365478515625,3223.27490234375,3249.67333984375,3269.2998046875,3298.577392578125,3351.042236328125
2025-04-22,2025-04-14,3400.8,3200.62744140625,3093.04052734375,3126.57080078125,3153.62255859375,3177.1875,3200.62744140625,3227.1337890625,3249.83544921875,3279.1162109375,3329.753173828125
2025-04-23,2025-04-15,3276.3,3234.620361328125,3121.148193359375,3156.47119140625,3185.21142578125,3209.5205078125,3234.620361328125,3263.095703125,3285.462646484375,3315.65283203125,3373.1728515625
2025-04-24,2025-04-16,3332.0,3367.94140625,3238.42578125,3279.11865234375,3313.619873046875,3339.801513671875,3367.94140625,3403.006103515625,3428.42822265625,3466.52197265625,3540.28076171875
2025-04-25,2025-04-17,3282.4,3314.207275390625,3199.3046875,3236.16748046875,3267.64892578125,3291.986328125,3314.207275390625,3345.69140625,3371.12060546875,3402.571044921875,3462.958251953125
2025-04-28,2025-04-21,3332.5,3407.66943359375,3265.477783203125,3306.268310546875,3345.394775390625,3376.36328125,3407.66943359375,3447.85791015625,3475.222412109375,3519.157958984375,3598.85546875
2025-04-29,2025-04-22,3318.8,3404.426513671875,3267.3251953125,3308.6416015625,3347.974365234375,3376.90966796875,3404.426513671875,3440.2705078125,3464.8662109375,3503.0751953125,3574.368408203125
2025-04-30,2025-04-23,3305.0,3244.5185546875,3111.02587890625,3150.26611328125,3185.936279296875,3215.908447265625,3244.5185546875,3280.94091796875,3311.571533203125,3354.0263671875,3433.310791015625
2025-05-01,2025-04-24,3210.0,3320.24169921875,3185.333251953125,3222.72314453125,3259.1337890625,3288.975341796875,3320.24169921875,3357.6572265625,3382.36279296875,3427.872802734375,3512.437255859375
2025-05-02,2025-04-25,3231.9,3265.33837890625,3160.948486328125,3191.192626953125,3221.37548828125,3241.79296875,3265.33837890625,3296.9150390625,3320.220458984375,3354.751220703125,3417.109375
2025-05-05,2025-04-28,3311.3,3317.8271484375,3208.115966796875,3239.312255859375,3271.390625,3292.55859375,3317.8271484375,3351.9892578125,3373.017578125,3408.156982421875,3472.13134765625
2025-05-06,2025-04-29,3411.4,3300.17431640625,3201.5869140625,3231.12841796875,3259.1181640625,3277.25537109375,3300.17431640625,3334.15234375,3357.07421875,3391.28173828125,3457.634765625
2025-05-07,2025-04-30,3381.4,3286.642822265625,3182.41162109375,3213.6357421875,3243.672119140625,3263.939453125,3286.642822265625,3317.75146484375,3338.02978515625,3369.594970703125,3433.37841796875
2025-05-08,2025-05-01,3296.6,3194.850341796875,3080.419677734375,3113.085205078125,3146.724365234375,3168.9892578125,3194.850341796875,3226.017822265625,3252.64794921875,3287.4736328125,3355.98095703125
2025-05-09,2025-05-02,3335.4,3213.060546875,3103.54248046875,3133.595703125,3166.525390625,3188.83154296875,3213.060546875,3242.967529296875,3268.571533203125,3301.722412109375,3373.67138671875
2025-05-12,2025-05-05,3220.0,3301.324462890625,3178.100341796875,3209.23974609375,3244.9609375,3271.741455078125,3301.324462890625,3337.41455078125,3365.4580078125,3406.4013671875,3495.22607421875
2025-05-13,2025-05-06,3240.3,3415.4873046875,3269.5341796875,3310.56689453125,3350.473388671875,3381.3056640625,3415.4873046875,3458.76171875,3492.304443359375,3539.489013671875,3636.400390625
2025-05-14,2025-05-07,3181.4,3386.462158203125,3246.298583984375,3285.427734375,3324.55859375,3352.25439453125,3386.462158203125,3427.768310546875,3463.912353515625,3508.24169921875,3610.39892578125
2025-05-15,2025-05-08,3220.7,3291.412109375,3143.60595703125,3183.03515625,3222.2705078125,3254.5673828125,3291.412109375,3332.337158203125,3373.13623046875,3423.8583984375,3536.63916015625
2025-05-16,2025-05-09,3182.0,3348.410888671875,3210.342041015625,3250.53955078125,3285.877685546875,3315.151611328125,3348.410888671875,3384.44775390625,3413.78759765625,3456.519775390625,3543.7099609375
2025-05-19,2025-05-12,3228.9,3229.68505859375,3085.3408203125,3128.117919921875,3165.90869140625,3196.54248046875,3229.68505859375,3265.324462890625,3298.88330078125,3339.827880859375,3427.479248046875
2025-05-20,2025-05-13,3280.3,3240.947509765625,3108.24560546875,3147.983154296875,3181.237060546875,3210.709228515625,3240.947509765625,3272.73974609375,3304.074462890625,3347.078369140625,3433.73876953125
2025-05-21,2025-05-14,3309.3,3172.672119140625,3047.924072265625,3084.761962890625,3117.87060546875,3144.50732421875,3172.672119140625,3204.171875,3233.81689453125,3270.885986328125,3350.40185546875
2025-05-22,2025-05-15,3292.3,3219.74169921875,3096.799560546875,3132.26416015625,3163.547607421875,3191.4013671875,3219.74169921875,3252.3173828125,3279.677001953125,3314.97705078125,3396.04833984375
2025-05-23,2025-05-16,3363.6,3184.202880859375,3073.4013671875,3104.611572265625,3133.6123046875,3157.77099609375,3184.202880859375,3217.037109375,3244.99609375,3279.652099609375,3355.96630859375
2025-05-27,2025-05-19,3299.1,3234.311767578125,3115.22021484375,3148.80810546875,3177.982177734375,3205.89599609375,3234.311767578125,3269.053955078125,3297.2177734375,3338.550537109375,3427.311279296875
2025-05-28,2025-05-20,3293.6,3291.728515625,3175.71484375,3209.37255859375,3238.5087890625,3264.7783203125,3291.728515625,3327.671142578125,3354.73095703125,3391.484375,3471.171875
2025-05-29,2025-05-21,3317.1,3324.76025390625,3195.50341796875,3231.98828125,3263.855224609375,3293.31689453125,3324.76025390625,3364.64404296875,3395.98388671875,3440.3330078125,3531.08837890625
2025-05-30,2025-05-22,3288.9,3306.087646484375,3177.481201171875,3214.987060546875,3247.80712890625,3276.400146484375,3306.087646484375,3342.25,3376.60400390625,3420.03271484375,3509.6611328125
2025-06-02,2025-05-23,3370.6,3366.36669921875,3233.324951171875,3273.5166015625,3309.26220703125,3337.564453125,3366.36669921875,3400.10986328125,3430.5458984375,3470.476806640625,3546.725341796875
2025-06-03,2025-05-27,3350.2,3300.64453125,3176.07421875,3214.130859375,3247.559326171875,3273.1640625,3300.64453125,3333.8759765625,3362.636962890625,3396.775390625,3468.03173828125
2025-06-04,2025-05-28,3373.5,3289.0400390625,3171.911865234375,3209.8486328125,3239.725341796875,3263.662109375,3289.0400390625,3319.57373046875,3347.9091796875,3381.3759765625,3447.0224609375
2025-06-05,2025-05-29,3350.7,3310.9228515625,3195.4677734375,3231.69970703125,3262.0634765625,3287.21630859375,3310.9228515625,3341.041015625,3366.55712890625,3401.222900390625,3468.34375
2025-06-06,2025-05-30,3322.7,3283.269775390625,3168.220947265625,3203.841552734375,3232.556396484375,3258.97314453125,3283.269775390625,3314.4951171875,3341.401611328125,3378.465576171875,3452.974609375
2025-06-09,2025-06-02,3332.1,3368.571044921875,3225.9501953125,3266.2978515625,3303.03955078125,3335.13525390625,3368.571044921875,3409.65087890625,3442.2490234375,3489.270751953125,3580.708984375
2025-06-10,2025-06-03,3320.9,3350.291259765625,3224.38525390625,3263.874267578125,3295.662353515625,3322.283935546875,3350.291259765625,3383.6416015625,3411.86083984375,3449.26025390625,3521.744384765625
2025-06-11,2025-06-04,3321.3,3370.565185546875,3249.70068359375,3285.283935546875,3317.5048828125,3343.041259765625,3370.565185546875,3403.240234375,3428.27294921875,3464.1220703125,3533.58203125
2025-06-12,2025-06-05,3380.9,3342.53857421875,3227.79833984375,3263.211181640625,3292.912841796875,3317.646240234375,3342.53857421875,3373.447265625,3396.955810546875,3431.794921875,3493.585205078125
2025-06-13,2025-06-06,3431.2,3311.413818359375,3211.4072265625,3242.813232421875,3269.0390625,3290.250732421875,3311.413818359375,3340.217529296875,3362.27734375,3396.90234375,3454.27685546875
2025-06-16,2025-06-09,3396.4,3295.768310546875,3174.800537109375,3213.603271484375,3247.85791015625,3270.628173828125,3295.768310546875,3326.00439453125,3345.92626953125,3379.32958984375,3435.30078125
2025-06-17,2025-06-10,3386.6,3284.415771484375,3174.36181640625,3209.408203125,3240.287841796875,3261.33642578125,3284.415771484375,3311.326416015625,3331.457275390625,3363.169921875,3415.3681640625
2025-06-18,2025-06-11,3389.8,3302.7177734375,3185.9404296875,3223.584228515625,3254.47412109375,3279.51416015625,3302.7177734375,3328.32177734375,3350.585205078125,3382.37646484375,3433.85498046875
2025-06-20,2025-06-12,3368.1,3357.01904296875,3229.81103515625,3271.10302734375,3304.97119140625,3332.914794921875,3357.01904296875,3385.283203125,3406.599609375,3440.56884765625,3496.01611328125
2025-06-23,2025-06-13,3377.7,3415.84326171875,3287.36669921875,3328.2783203125,3361.985595703125,3390.818359375,3415.84326171875,3446.89013671875,3473.20947265625,3510.0673828125,3576.416015625
2025-06-24,2025-06-16,3317.4,3390.21630859375,3273.69482421875,3312.10107421875,3343.89599609375,3367.81640625,3390.21630859375,3420.153076171875,3443.879150390625,3477.5849609375,3537.180908203125
2025-06-25,2025-06-17,3327.1,3378.27197265625,3263.916259765625,3300.819580078125,3330.82080078125,3355.87744140625,3378.27197265625,3407.07177734375,3427.42333984375,3460.706787109375,3515.62158203125
2025-06-26,2025-06-18,3333.5,3386.750244140625,3274.967041015625,3309.556884765625,3338.68896484375,3363.854736328125,3386.750244140625,3413.947265625,3434.984375,3467.83154296875,3519.9072265625
2025-06-27,2025-06-20,3273.7,3368.144287109375,3255.532958984375,3293.53955078125,3322.68994140625,3346.068603515625,3368.144287109375,3393.232421875,3413.169921875,3444.497314453125,3491.286376953125
2025-06-30,2025-06-23,3294.4,3379.22998046875,3268.77099609375,3307.986083984375,3335.21728515625,3360.10400390625,3379.22998046875,3403.12158203125,3422.2275390625,3452.369140625,3498.72021484375
2025-07-01,2025-06-24,3336.7,3324.36083984375,3204.323486328125,3246.428466796875,3277.39501953125,3301.26513671875,3324.36083984375,3350.14501953125,3370.75537109375,3401.71142578125,3450.6123046875
2025-07-02,2025-06-25,3348.0,3323.3134765625,3211.270263671875,3248.59521484375,3277.673095703125,3301.708984375,3323.3134765625,3349.21142578125,3368.79345703125,3400.601806640625,3452.96533203125
2025-07-03,2025-06-26,3331.6,3329.561279296875,3218.024169921875,3256.304931640625,3285.9755859375,3307.138427734375,3329.561279296875,3356.040283203125,3371.53955078125,3400.211669921875,3440.874267578125
2025-07-04,2025-06-27,3332.5,3269.678466796875,3156.92333984375,3195.40478515625,3225.080810546875,3246.16748046875,3269.678466796875,3297.71826171875,3315.54638671875,3345.86376953125,3388.492431640625
2025-07-07,2025-06-30,3332.2,3286.161865234375,3175.438232421875,3213.070068359375,3242.086669921875,3264.01171875,3286.161865234375,3312.329345703125,3327.822265625,3357.243408203125,3399.80712890625
2025-07-08,2025-07-01,3307.0,3329.32177734375,3216.05712890625,3255.38623046875,3285.42919921875,3306.838623046875,3329.32177734375,3355.5546875,3368.34912109375,3396.67724609375,3437.90478515625
2025-07-09,2025-07-02,3311.6,3351.289306640625,3241.791748046875,3279.744384765625,3307.906494140625,3329.795166015625,3351.289306640625,3377.94482421875,3392.080322265625,3421.13671875,3462.51513671875
2025-07-10,2025-07-03,3317.4,3335.643798828125,3225.426025390625,3263.469970703125,3291.642333984375,3313.13720703125,3335.643798828125,3362.654296875,3376.3408203125,3403.984375,3442.16015625
2025-07-11,2025-07-04,3356.0,3338.7919921875,3234.05908203125,3270.685791015625,3295.859619140625,3317.7568359375,3338.7919921875,3365.23779296875,3381.16162109375,3411.28564453125,3454.37548828125
2025-07-14,2025-07-07,3351.5,3340.96435546875,3236.16064453125,3271.563720703125,3298.321533203125,3317.0068359375,3340.96435546875,3364.633544921875,3374.75048828125,3401.234619140625,3443.371826171875
2025-07-15,2025-07-08,3329.8,3313.28662109375,3211.982421875,3245.9296875,3271.284423828125,3290.46337890625,3313.28662109375,3336.93017578125,3351.08056640625,3379.554931640625,3419.32421875
2025-07-16,2025-07-09,3352.5,3321.3212890625,3223.919677734375,3258.33642578125,3280.17529296875,3300.367431640625,3321.3212890625,3344.41943359375,3360.29736328125,3389.7646484375,3429.1875
2025-07-17,2025-07-10,3340.1,3322.03271484375,3225.164794921875,3260.74755859375,3282.979736328125,3303.564697265625,3322.03271484375,3342.59375,3354.3046875,3381.720947265625,3416.061767578125
2025-07-18,2025-07-11,3353.0,3346.3193359375,3241.0947265625,3279.6328125,3305.016357421875,3324.9755859375,3346.3193359375,3368.428466796875,3379.25244140625,3406.649658203125,3440.9638671875
2025-07-21,2025-07-14,3401.9,3340.80224609375,3241.41748046875,3279.3603515625,3303.16064453125,3323.10595703125,3340.80224609375,3363.2138671875,3374.979248046875,3401.52978515625,3432.99267578125
2025-07-22,2025-07-15,3439.2,3323.052001953125,3228.41748046875,3263.046630859375,3285.84228515625,3305.51611328125,3323.052001953125,3343.640380859375,3357.5625,3383.90869140625,3416.064208984375
2025-07-23,2025-07-16,3394.1,3346.8056640625,3252.96728515625,3288.392333984375,3311.01123046875,3331.3984375,3346.8056640625,3366.691162109375,3381.73583984375,3408.912109375,3444.340087890625
2025-07-24,2025-07-17,3371.0,3342.69580078125,3231.4267578125,3274.571533203125,3299.73681640625,3323.75244140625,3342.69580078125,3365.1396484375,3381.95947265625,3410.9296875,3448.421875
2025-07-25,2025-07-18,3334.0,3347.506591796875,3248.233154296875,3288.86474609375,3311.28076171875,3331.36474609375,3347.506591796875,3367.8466796875,3382.1181640625,3408.29052734375,3441.2998046875
2025-07-28,2025-07-21,3309.1,3393.595703125,3281.062255859375,3324.7841796875,3351.003662109375,3374.401123046875,3393.595703125,3417.1025390625,3431.83154296875,3461.47705078125,3500.090576171875
2025-07-29,2025-07-22,3323.4,3417.611572265625,3308.41845703125,3349.594482421875,3375.49169921875,3398.280029296875,3417.611572265625,3440.896484375,3454.32861328125,3484.367431640625,3521.991943359375
2025-07-30,2025-07-23,3295.8,3384.972412109375,3277.23291015625,3317.94580078125,3341.862548828125,3364.18798828125,3384.972412109375,3406.7333984375,3420.220458984375,3448.1904296875,3482.46533203125
2025-07-31,2025-07-24,3293.2,3365.40185546875,3267.000732421875,3303.873046875,3325.37548828125,3346.650146484375,3365.40185546875,3384.697021484375,3394.550537109375,3422.71240234375,3458.7578125
2025-08-01,2025-07-25,3347.7,3338.511962890625,3237.860107421875,3274.064453125,3297.1572265625,3318.97802734375,3338.511962890625,3358.4814453125,3370.6787109375,3400.701171875,3436.58837890625
2025-08-04,2025-07-28,3374.4,3322.0966796875,3215.718017578125,3254.853271484375,3277.6552734375,3301.17236328125,3322.0966796875,3342.90673828125,3357.958740234375,3389.139404296875,3426.023681640625
2025-08-05,2025-07-29,3381.9,3341.65380859375,3226.003173828125,3266.724609375,3292.666259765625,3317.0078125,3341.65380859375,3365.1015625,3379.519775390625,3412.0908203125,3454.62353515625
2025-08-06,2025-07-30,3380.0,3302.874267578125,3191.750732421875,3232.135498046875,3256.219482421875,3279.588623046875,3302.874267578125,3325.429443359375,3340.9189453125,3372.056884765625,3414.84619140625
2025-08-07,2025-07-31,3400.3,3315.42724609375,3210.8486328125,3250.102294921875,3272.36181640625,3294.92431640625,3315.42724609375,3338.40234375,3351.951416015625,3383.172119140625,3426.48779296875
2025-08-08,2025-08-01,3439.1,3361.926513671875,3250.099853515625,3292.83349609375,3315.576171875,3339.23828125,3361.926513671875,3386.86572265625,3399.3427734375,3429.887451171875,3470.378662109375
2025-08-11,2025-08-04,3353.1,3373.829833984375,3261.426025390625,3304.750244140625,3328.809326171875,3352.754150390625,3373.829833984375,3397.053955078125,3411.741943359375,3441.57080078125,3479.822509765625
2025-08-12,2025-08-05,3348.9,3387.114501953125,3273.290283203125,3318.984130859375,3342.41748046875,3365.1328125,3387.114501953125,3409.69921875,3423.09716796875,3452.241455078125,3489.010498046875
2025-08-13,2025-08-06,3358.7,3381.9912109375,3277.04296875,3319.11962890625,3341.992431640625,3363.5048828125,3381.9912109375,3403.353759765625,3416.11376953125,3442.260498046875,3475.460205078125
2025-08-14,2025-08-07,3335.2,3407.740966796875,3294.199951171875,3338.48193359375,3362.919921875,3386.6533203125,3407.740966796875,3429.766357421875,3442.651123046875,3470.436279296875,3508.150634765625
2025-08-15,2025-08-08,3336.0,3451.4619140625,3328.214599609375,3374.001220703125,3401.450927734375,3428.080078125,3451.4619140625,3477.3330078125,3493.12646484375,3525.922607421875,3569.0732421875
2025-08-18,2025-08-11,3331.7,3382.69677734375,3271.00537109375,3314.4091796875,3339.740234375,3361.0693359375,3382.69677734375,3406.75927734375,3420.988525390625,3453.663818359375,3493.242919921875
2025-08-19,2025-08-12,3313.4,3377.88330078125,3279.96240234375,3318.8271484375,3339.83935546875,3360.5322265625,3377.88330078125,3398.787109375,3410.496337890625,3440.776123046875,3480.25439453125
2025-08-20,2025-08-13,3343.4,3380.489013671875,3285.776123046875,3323.51806640625,3343.593505859375,3362.5244140625,3380.489013671875,3399.3037109375,3410.619384765625,3437.84619140625,3473.09521484375
2025-08-21,2025-08-14,3336.9,3361.154541015625,3269.715087890625,3305.7099609375,3324.857666015625,3343.61962890625,3361.154541015625,3378.67431640625,3389.314453125,3416.649169921875,3450.611572265625
2025-08-22,2025-08-15,3374.4,3355.01904296875,3268.434814453125,3302.783935546875,3320.795654296875,3338.86572265625,3355.01904296875,3371.952392578125,3383.36865234375,3409.347900390625,3441.769775390625
2025-08-25,2025-08-18,3373.8,3345.89111328125,3259.584716796875,3294.45263671875,3312.64501953125,3330.75927734375,3345.89111328125,3363.783203125,3373.872314453125,3398.747802734375,3426.2509765625
2025-08-26,2025-08-19,3388.6,3326.630859375,3244.177490234375,3274.214599609375,3291.475341796875,3310.74072265625,3326.630859375,3344.390380859375,3359.8291015625,3385.14111328125,3417.273681640625
2025-08-27,2025-08-20,3404.6,3370.02685546875,3292.19775390625,3323.298828125,3339.594482421875,3355.93408203125,3370.02685546875,3389.439453125,3402.403076171875,3426.638916015625,3457.967041015625
2025-08-28,2025-08-21,3431.8,3344.519287109375,3265.246337890625,3296.603271484375,3313.42578125,3329.633056640625,3344.519287109375,3362.40234375,3376.71337890625,3399.4658203125,3425.161376953125
2025-08-29,2025-08-22,3473.7,3372.28369140625,3285.739990234375,3318.760986328125,3337.870849609375,3355.95458984375,3372.28369140625,3392.021728515625,3407.749267578125,3431.566162109375,3461.1123046875
2025-09-02,2025-08-25,3549.4,3374.24853515625,3294.596923828125,3324.28515625,3341.1904296875,3360.60009765625,3374.24853515625,3391.279541015625,3407.943359375,3430.3583984375,3459.080078125
2025-09-03,2025-08-26,3593.2,3385.620361328125,3309.406494140625,3337.502197265625,3353.986083984375,3372.631591796875,3385.620361328125,3402.535888671875,3418.56298828125,3438.646728515625,3468.640625
2025-09-04,2025-08-27,3565.8,3401.17529296875,3323.3251953125,3350.27880859375,3368.499267578125,3387.783447265625,3401.17529296875,3417.456787109375,3432.751220703125,3453.427490234375,3481.10546875
2025-09-05,2025-08-28,3613.2,3429.9990234375,3346.6748046875,3376.527099609375,3396.62353515625,3416.04736328125,3429.9990234375,3447.6494140625,3464.28857421875,3485.60693359375,3514.412841796875
2025-09-08,2025-08-29,3638.1,3464.90966796875,3365.1806640625,3398.84521484375,3424.1083984375,3447.5146484375,3464.90966796875,3487.474365234375,3507.242431640625,3533.11767578125,3568.0126953125
2025-09-09,2025-09-02,3643.3,3547.716552734375,3415.3681640625,3458.652587890625,3489.96533203125,3522.02197265625,3547.716552734375,3577.265625,3604.005615234375,3640.4453125,3691.32666015625
2025-09-10,2025-09-03,3643.6,3584.108642578125,3438.565673828125,3483.208740234375,3519.09716796875,3554.65625,3584.108642578125,3617.95458984375,3646.5078125,3688.00927734375,3746.07080078125
2025-09-11,2025-09-04,3636.9,3548.023681640625,3431.3583984375,3465.75634765625,3494.376708984375,3523.939208984375,3548.023681640625,3574.58935546875,3597.074462890625,3629.43994140625,3673.157958984375
2025-09-12,2025-09-05,3649.4,3588.7763671875,3468.932861328125,3502.83447265625,3534.69921875,3565.0595703125,3588.7763671875,3616.17724609375,3635.4208984375,3670.5107421875,3713.747314453125
2025-09-15,2025-09-08,3682.2,3627.48828125,3518.151123046875,3546.458740234375,3575.866455078125,3604.86328125,3627.48828125,3652.69775390625,3671.7646484375,3705.00732421875,3751.4560546875
2025-09-16,2025-09-09,3688.9,3622.591552734375,3516.3193359375,3543.36962890625,3570.354248046875,3599.23388671875,3622.591552734375,3647.6923828125,3667.23974609375,3701.966796875,3746.6005859375
2025-09-17,2025-09-10,3681.8,3612.34912109375,3509.236328125,3535.109619140625,3561.293212890625,3590.7421875,3612.34912109375,3635.6884765625,3654.43359375,3690.0751953125,3734.48486328125
2025-09-18,2025-09-11,3643.7,3603.5390625,3499.404296875,3526.316650390625,3554.117919921875,3581.99609375,3603.5390625,3627.59130859375,3647.73583984375,3681.167724609375,3728.087890625
2025-09-19,2025-09-12,3671.5,3605.9140625,3502.25830078125,3529.319091796875,3555.4013671875,3584.21240234375,3605.9140625,3628.82568359375,3646.6103515625,3681.444580078125,3726.9951171875
2025-09-22,2025-09-15,3740.7,3630.806640625,3500.909423828125,3536.16552734375,3568.984375,3602.95654296875,3630.806640625,3660.730712890625,3685.028076171875,3724.237060546875,3781.419921875
2025-09-23,2025-09-16,3780.6,3637.869140625,3515.671142578125,3548.554931640625,3579.74560546875,3611.95654296875,3637.869140625,3664.919921875,3686.28662109375,3723.1767578125,3775.77001953125
2025-09-24,2025-09-17,3732.1,3623.13037109375,3503.90380859375,3539.348388671875,3569.514404296875,3600.083740234375,3623.13037109375,3649.81298828125,3671.4326171875,3708.97705078125,3759.78759765625
2025-09-25,2025-09-18,3736.9,3580.83056640625,3462.0869140625,3498.20361328125,3528.0390625,3557.18701171875,3580.83056640625,3606.148193359375,3627.031982421875,3664.6328125,3714.5439453125
2025-09-26,2025-09-19,3775.3,3603.3984375,3468.60888671875,3511.845703125,3545.373046875,3577.029296875,3603.3984375,3629.28759765625,3650.743896484375,3688.85498046875,3742.315673828125
2025-09-29,2025-09-22,3820.9,3659.77294921875,3501.43212890625,3551.740966796875,3591.8984375,3629.31103515625,3659.77294921875,3692.55322265625,3716.70654296875,3758.4755859375,3816.53955078125
2025-09-30,2025-09-23,3840.8,3685.138671875,3518.776611328125,3570.89453125,3612.41015625,3651.82470703125,3685.138671875,3718.6533203125,3742.55712890625,3786.248046875,3849.3388671875
2025-10-01,2025-09-24,3867.5,3659.886474609375,3504.230712890625,3553.13671875,3591.258056640625,3628.669921875,3659.886474609375,3689.481689453125,3712.151611328125,3752.166015625,3809.13671875
2025-10-02,2025-09-25,3839.7,3685.85205078125,3534.540771484375,3584.890625,3624.8837890625,3656.466552734375,3685.85205078125,3715.966796875,3735.177734375,3771.69677734375,3823.8564453125
2025-10-03,2025-09-26,3880.8,3672.148193359375,3513.16015625,3563.751708984375,3606.683837890625,3642.24951171875,3672.148193359375,3704.06591796875,3729.00244140625,3768.93505859375,3829.2734375
2025-10-06,2025-09-29,3948.5,3746.86181640625,3584.582763671875,3636.036376953125,3677.355224609375,3715.286376953125,3746.86181640625,3780.45166015625,3805.455078125,3847.08447265625,3910.15576171875
2025-10-07,2025-09-30,3976.6,3773.3525390625,3594.01318359375,3653.0791015625,3698.681640625,3739.00341796875,3773.3525390625,3810.25390625,3837.03515625,3876.759765625,3940.10107421875
2025-10-08,2025-10-01,4043.3,3812.02587890625,3625.56103515625,3687.53955078125,3735.1650390625,3776.15185546875,3812.02587890625,3851.00244140625,3877.263916015625,3917.29931640625,3983.609130859375
2025-10-09,2025-10-02,3946.3,3806.86083984375,3633.750244140625,3693.47119140625,3738.5693359375,3775.419921875,3806.86083984375,3841.7568359375,3864.27685546875,3900.37744140625,3957.90283203125
2025-10-10,2025-10-03,3975.9,3855.52734375,3687.9560546875,3742.33935546875,3785.19873046875,3821.9482421875,3855.52734375,3893.19580078125,3919.624755859375,3958.51806640625,4021.89453125
2025-10-13,2025-10-06,4108.6,3890.767333984375,3705.445556640625,3767.807861328125,3814.6455078125,3853.36376953125,3890.767333984375,3933.580810546875,3961.9560546875,4000.05615234375,4076.58056640625
2025-10-14,2025-10-07,4138.7,3989.08984375,3821.00732421875,3875.80322265625,3916.6884765625,3953.873046875,3989.08984375,4029.056640625,4062.286376953125,4103.3564453125,4181.6611328125
2025-10-15,2025-10-08,4176.9,4044.4560546875,3846.325927734375,3909.33935546875,3960.26904296875,4002.179443359375,4044.4560546875,4089.380859375,4125.62890625,4167.80078125,4253.55908203125
2025-10-16,2025-10-09,4280.2,3941.7392578125,3778.51953125,3828.5888671875,3871.67626953125,3907.751708984375,3941.7392578125,3977.65869140625,4008.2578125,4048.350830078125,4124.025390625
2025-10-17,2025-10-10,4189.9,3960.5478515625,3804.86767578125,3852.43603515625,3895.23046875,3927.196533203125,3960.5478515625,3996.82421875,4026.25634765625,4063.45361328125,4139.52490234375
2025-10-20,2025-10-13,4336.4,4090.444580078125,3912.316162109375,3964.261962890625,4011.97900390625,4050.38037109375,4090.444580078125,4134.705078125,4174.1357421875,4217.12890625,4301.63720703125
2025-10-21,2025-10-14,4087.7,4143.98046875,3988.314453125,4035.6689453125,4076.46728515625,4109.38720703125,4143.98046875,4181.86474609375,4215.95654296875,4253.65087890625,4334.626953125
2025-10-22,2025-10-15,4044.4,4198.0439453125,4035.71142578125,4088.75341796875,4128.5849609375,4161.5546875,4198.0439453125,4234.57861328125,4264.2880859375,4305.15380859375,4385.654296875
2025-10-23,2025-10-16,4125.5,4281.67236328125,4051.896728515625,4125.87548828125,4181.9189453125,4228.314453125,4281.67236328125,4335.72998046875,4380.451171875,4434.9208984375,4535.62890625
2025-10-24,2025-10-17,4118.4,4181.021484375,3981.228515625,4046.982177734375,4099.76416015625,4137.5478515625,4181.021484375,4220.248046875,4261.77392578125,4302.00390625,4387.69775390625
2025-10-27,2025-10-20,4001.9,4324.10986328125,4060.98046875,4152.08251953125,4216.63330078125,4268.1337890625,4324.10986328125,4378.93115234375,4429.00537109375,4478.55224609375,4591.7529296875
2025-10-28,2025-10-21,3966.2,4033.78125,3751.85693359375,3846.1552734375,3917.740234375,3976.294921875,4033.78125,4083.96728515625,4137.1650390625,4192.9384765625,4305.4228515625
2025-10-29,2025-10-22,3983.7,3937.12646484375,3658.3359375,3751.313232421875,3822.28662109375,3880.3681640625,3937.12646484375,3985.59228515625,4038.47998046875,4094.7705078125,4212.03955078125
2025-10-30,2025-10-23,4001.3,4015.11669921875,3687.24609375,3797.993896484375,3881.11328125,3950.55224609375,4015.11669921875,4070.88623046875,4130.6513671875,4199.5244140625,4322.22265625
2025-10-31,2025-10-24,3982.2,4050.849853515625,3773.729736328125,3868.4892578125,3939.02685546875,3992.60693359375,4050.849853515625,4096.04443359375,4147.65673828125,4208.9111328125,4317.1162109375
2025-11-03,2025-10-27,4000.3,3937.190185546875,3634.8642578125,3743.5341796875,3818.427490234375,3878.14697265625,3937.190185546875,3984.52197265625,4037.263671875,4097.79443359375,4204.2490234375
2025-11-04,2025-10-28,3947.7,3889.781005859375,3585.6298828125,3696.824951171875,3770.4052734375,3831.224609375,3889.781005859375,3939.938232421875,3990.54443359375,4052.24072265625,4161.0595703125
2025-11-05,2025-10-29,3980.3,3973.02978515625,3722.60546875,3812.384033203125,3870.983642578125,3922.1435546875,3973.02978515625,4014.64013671875,4064.7333984375,4121.13671875,4217.7314453125
2025-11-06,2025-10-30,3979.9,4002.88671875,3743.17431640625,3836.934326171875,3895.432373046875,3948.083984375,4002.88671875,4042.8916015625,4093.113037109375,4150.1162109375,4244.8212890625
2025-11-07,2025-10-31,3999.4,3977.973388671875,3737.56689453125,3820.384521484375,3876.54541015625,3926.60791015625,3977.973388671875,4019.531005859375,4069.6259765625,4126.03173828125,4224.9169921875
2025-11-10,2025-11-03,4111.8,4031.33447265625,3830.4443359375,3897.114013671875,3944.9130859375,3989.943359375,4031.33447265625,4065.03125,4109.6455078125,4163.34619140625,4252.7861328125
2025-11-11,2025-11-04,4106.8,3942.242919921875,3722.313720703125,3797.184326171875,3850.89697265625,3901.09814453125,3942.242919921875,3976.7861328125,4025.324462890625,4080.723876953125,4164.96875
2025-11-12,2025-11-05,4204.4,3985.734375,3770.029052734375,3845.2099609375,3897.502197265625,3944.98388671875,3985.734375,4019.824462890625,4068.7880859375,4125.59619140625,4209.5205078125
2025-11-13,2025-11-06,4186.9,3970.448486328125,3755.358154296875,3832.09765625,3885.436279296875,3928.927001953125,3970.448486328125,4007.22412109375,4053.255126953125,4103.38916015625,4183.86865234375
2025-11-14,2025-11-07,4087.6,3989.72900390625,3767.51513671875,3844.21435546875,3899.759765625,3946.972900390625,3989.72900390625,4025.982177734375,4072.81640625,4119.5791015625,4194.671875
2025-11-17,2025-11-10,4068.3,4096.12744140625,3871.223876953125,3944.51953125,4003.689697265625,4050.072998046875,4096.12744140625,4141.88232421875,4192.64697265625,4242.798828125,4336.05078125
2025-11-18,2025-11-11,4061.3,4121.71533203125,3920.56494140625,3990.639892578125,4041.99169921875,4082.4130859375,4121.71533203125,4159.4951171875,4204.353515625,4248.95947265625,4330.208984375
2025-11-19,2025-11-12,4077.7,4200.84521484375,3978.039794921875,4056.424560546875,4111.34326171875,4156.96630859375,4200.84521484375,4245.88232421875,4299.720703125,4353.97998046875,4447.322265625
2025-11-20,2025-11-13,4056.5,4180.19970703125,3982.697265625,4049.8896484375,4100.587890625,4138.9609375,4180.19970703125,4219.595703125,4271.46337890625,4323.27734375,4411.2685546875
2025-11-21,2025-11-14,4076.7,4074.04443359375,3883.649658203125,3948.89697265625,3998.38671875,4033.629638671875,4074.04443359375,4113.61669921875,4164.57666015625,4217.91259765625,4307.0185546875
2025-11-24,2025-11-17,4091.9,4062.647705078125,3917.359375,3964.92626953125,3998.19775390625,4027.17578125,4062.647705078125,4094.089599609375,4142.4697265625,4189.5419921875,4272.380859375
2025-11-25,2025-11-18,4139.2,4045.75537109375,3921.367919921875,3960.318359375,3991.7998046875,4014.745849609375,4045.75537109375,4071.89453125,4113.6728515625,4157.3232421875,4231.60107421875
2025-11-26,2025-11-19,4165.2,4067.991455078125,3940.49462890625,3980.89013671875,4013.6982421875,4038.501953125,4067.991455078125,4093.77099609375,4134.42578125,4179.19091796875,4255.71484375
2025-11-28,2025-11-20,4218.3,4061.0595703125,3943.296630859375,3982.1796875,4007.8896484375,4032.68310546875,4061.0595703125,4084.271484375,4120.34033203125,4166.99365234375,4242.61767578125
2025-12-01,2025-11-21,4239.3,4066.714599609375,3933.72119140625,3977.07666015625,4009.15625,4036.610595703125,4066.714599609375,4089.911376953125,4127.513671875,4173.77099609375,4248.84375
2025-12-02,2025-11-24,4186.6,4082.32763671875,3949.369384765625,3990.60009765625,4024.534423828125,4051.884765625,4082.32763671875,4104.23974609375,4140.896484375,4189.70263671875,4271.12890625
2025-12-03,2025-11-25,4199.3,4127.5,4000.11865234375,4041.4052734375,4072.529296875,4098.5703125,4127.5,4152.31201171875,4186.40234375,4231.3779296875,4307.2666015625
2025-12-04,2025-11-26,4211.8,4152.3291015625,4024.551513671875,4064.8935546875,4096.0068359375,4123.298828125,4152.3291015625,4174.65478515625,4207.3603515625,4253.60400390625,4325.45703125
2025-12-05,2025-11-28,4212.9,4209.1591796875,4078.63037109375,4118.48681640625,4152.3203125,4179.638671875,4209.1591796875,4231.44970703125,4265.68505859375,4309.892578125,4386.35546875
2025-12-08,2025-12-01,4187.2,4240.42578125,4097.3818359375,4141.05126953125,4178.0966796875,4207.75439453125,4240.42578125,4265.19091796875,4300.35546875,4349.60400390625,4428.4521484375
2025-12-09,2025-12-02,4206.7,4186.220703125,4049.884765625,4094.98046875,4125.90478515625,4154.83740234375,4186.220703125,4207.431640625,4239.11767578125,4286.91162109375,4364.8427734375
2025-12-10,2025-12-03,4196.4,4203.83447265625,4067.2685546875,4112.90234375,4142.943359375,4171.48681640625,4203.83447265625,4224.4033203125,4257.21435546875,4305.3291015625,4388.30859375
2025-12-11,2025-12-04,4285.5,4215.60205078125,4085.263671875,4129.25390625,4161.330078125,4188.162109375,4215.60205078125,4232.18994140625,4262.8408203125,4306.9287109375,4374.57763671875
2025-12-12,2025-12-05,4300.1,4223.0068359375,4088.9306640625,4133.64453125,4163.7265625,4191.9853515625,4223.0068359375,4239.25,4270.5830078125,4315.94140625,4393.6875
2025-12-15,2025-12-08,4306.7,4201.17578125,4070.04443359375,4115.74609375,4144.7255859375,4171.0771484375,4201.17578125,4221.525390625,4255.1611328125,4299.7041015625,4371.5166015625
2025-12-16,2025-12-09,4304.5,4232.5224609375,4102.0458984375,4147.1005859375,4174.869140625,4204.2666015625,4232.5224609375,4252.033203125,4282.5791015625,4329.39453125,4404.27099609375
2025-12-17,2025-12-10,4347.5,4210.03466796875,4092.3876953125,4131.71142578125,4155.095703125,4182.806640625,4210.03466796875,4227.619140625,4256.22412109375,4299.52685546875,4372.46044921875
2025-12-18,2025-12-11,4339.5,4298.81103515625,4164.35888671875,4211.1640625,4240.837890625,4270.05322265625,4298.81103515625,4322.12939453125,4353.82421875,4400.81103515625,4476.41357421875
2025-12-19,2025-12-12,4361.4,4307.525390625,4176.8603515625,4224.19775390625,4252.30712890625,4279.57421875,4307.525390625,4330.87744140625,4362.30224609375,4407.361328125,4478.341796875
2025-12-22,2025-12-15,4444.6,4307.2802734375,4175.77880859375,4216.96923828125,4247.115234375,4277.40478515625,4307.2802734375,4329.91552734375,4362.31494140625,4411.59912109375,4480.96923828125
2025-12-23,2025-12-16,4482.8,4306.2451171875,4181.9697265625,4222.220703125,4248.50927734375,4278.78857421875,4306.2451171875,4327.5986328125,4356.9970703125,4404.9462890625,4470.85400390625
2025-12-24,2025-12-17,4480.6,4358.08154296875,4228.341796875,4274.369140625,4300.384765625,4329.51904296875,4358.08154296875,4381.7587890625,4414.18603515625,4463.060546875,4530.42626953125
2025-12-26,2025-12-18,4529.1,4358.4208984375,4242.6962890625,4278.98388671875,4304.16552734375,4331.216796875,4358.4208984375,4383.42822265625,4414.15234375,4464.232421875,4530.580078125
2025-12-29,2025-12-19,4325.1,4387.50390625,4281.13330078125,4319.8310546875,4342.4306640625,4363.3515625,4387.50390625,4413.94091796875,4441.052734375,4489.4599609375,4552.40087890625
2025-12-30,2025-12-22,4370.1,4451.95947265625,4328.14013671875,4375.3994140625,4403.20458984375,4424.591796875,4451.95947265625,4481.9423828125,4511.830078125,4565.2529296875,4629.53271484375
2025-12-31,2025-12-23,4325.6,4497.30078125,4371.21728515625,4419.9052734375,4447.71044921875,4467.8359375,4497.30078125,4527.73193359375,4556.6181640625,4608.2109375,4679.224609375
2026-01-02,2025-12-24,4314.4,4499.34716796875,4377.64501953125,4422.7333984375,4450.45166015625,4469.0615234375,4499.34716796875,4528.42041015625,4557.333984375,4601.97509765625,4661.45849609375
2026-01-05,2025-12-26,4436.9,4552.65283203125,4432.3701171875,4475.185546875,4503.27197265625,4521.90625,4552.65283203125,4585.703125,4620.22021484375,4670.5625,4737.83251953125
2026-01-06,2025-12-29,4482.2,4343.541015625,4171.765625,4228.29736328125,4269.6689453125,4302.9072265625,4343.541015625,4381.517578125,4426.79541015625,4492.94970703125,4574.291015625
2026-01-07,2025-12-30,4449.3,4396.85888671875,4254.09912109375,4300.81640625,4334.71044921875,4362.93798828125,4396.85888671875,4430.47705078125,4465.6962890625,4522.068359375,4599.2138671875
2026-01-08,2025-12-31,4449.7,4322.9873046875,4178.8984375,4225.78076171875,4260.60791015625,4288.16748046875,4322.9873046875,4353.9658203125,4391.203125,4447.6806640625,4524.2744140625
2026-01-09,2026-01-02,4490.3,4306.62646484375,4167.4326171875,4213.583984375,4247.134765625,4274.49267578125,4306.62646484375,4337.3056640625,4371.005859375,4425.77197265625,4497.91552734375
2026-01-12,2026-01-05,4604.3,4429.05126953125,4282.40625,4333.353515625,4370.01513671875,4398.9970703125,4429.05126953125,4460.73388671875,4492.94921875,4547.8193359375,4616.78125
2026-01-13,2026-01-06,4589.2,4479.17431640625,4331.5712890625,4380.4716796875,4420.224609375,4449.462890625,4479.17431640625,4511.9033203125,4543.1533203125,4593.5146484375,4657.4384765625
2026-01-14,2026-01-07,4626.3,4455.16357421875,4313.80322265625,4361.1923828125,4400.89013671875,4427.23876953125,4455.16357421875,4489.8837890625,4519.9794921875,4570.51513671875,4633.658203125
2026-01-15,2026-01-08,4616.3,4455.7099609375,4320.62841796875,4364.7041015625,4401.2490234375,4427.486328125,4455.7099609375,4489.39501953125,4519.5869140625,4573.123046875,4639.3173828125
2026-01-16,2026-01-09,4588.4,4503.20166015625,4373.0146484375,4416.3056640625,4450.89892578125,4476.921875,4503.20166015625,4536.8837890625,4565.169921875,4618.787109375,4683.2939453125
2026-01-20,2026-01-12,4759.6,4601.75537109375,4463.96728515625,4508.45166015625,4544.97021484375,4571.806640625,4601.75537109375,4635.20458984375,4664.84033203125,4715.462890625,4783.8388671875
2026-01-21,2026-01-13,4831.8,4599.1396484375,4470.45263671875,4514.9228515625,4552.14892578125,4571.9482421875,4599.1396484375,4632.79248046875,4656.8232421875,4703.43701171875,4759.5849609375
2026-01-22,2026-01-14,4908.8,4628.755859375,4494.63671875,4538.10205078125,4579.53173828125,4602.373046875,4628.755859375,4661.49755859375,4684.8583984375,4735.3525390625,4791.72021484375
2026-01-23,2026-01-15,4976.2,4634.44091796875,4502.3955078125,4546.65771484375,4584.99951171875,4609.8388671875,4634.44091796875,4667.8330078125,4691.73046875,4744.158203125,4805.01904296875
2026-01-26,2026-01-16,5079.7,4615.67138671875,4466.63134765625,4514.6005859375,4558.6181640625,4588.20068359375,4615.67138671875,4648.84814453125,4675.62890625,4729.1572265625,4793.421875
2026-01-27,2026-01-20,5079.9,4733.19140625,4565.03857421875,4616.693359375,4668.76171875,4700.0712890625,4733.19140625,4771.47314453125,4797.0888671875,4855.337890625,4928.1279296875
2026-01-28,2026-01-21,5301.6,4804.82763671875,4640.36474609375,4696.12841796875,4744.06103515625,4770.50390625,4804.82763671875,4846.666015625,4874.90234375,4933.27294921875,5013.462890625
2026-01-29,2026-01-22,5318.4,4881.2470703125,4701.1416015625,4759.33154296875,4813.2900390625,4840.1044921875,4881.2470703125,4925.662109375,4950.275390625,5009.08154296875,5088.91650390625
2026-01-30,2026-01-23,4713.9,4940.21826171875,4738.8447265625,4804.11279296875,4866.2763671875,4897.759765625,4940.21826171875,4990.46337890625,5019.234375,5083.7333984375,5173.88623046875
2026-02-02,2026-01-26,4622.5,5076.98046875,4866.619140625,4930.9482421875,4987.02099609375,5027.7060546875,5076.98046875,5134.0859375,5179.921875,5249.2119140625,5362.6455078125
2026-02-03,2026-01-27,4903.7,5065.4169921875,4827.474609375,4904.09130859375,4971.880859375,5009.9013671875,5065.4169921875,5126.28857421875,5164.5732421875,5237.50537109375,5341.75
2026-02-04,2026-01-28,4920.4,5239.4296875,4941.7470703125,5033.68798828125,5110.46630859375,5171.8369140625,5239.4296875,5312.384765625,5377.1064453125,5469.787109375,5629.603515625
2026-02-05,2026-01-29,4861.4,5287.984375,4956.5341796875,5059.94677734375,5144.6416015625,5212.07568359375,5287.984375,5365.3359375,5432.796875,5535.5546875,5703.39501953125
2026-02-06,2026-01-30,4951.2,4711.591796875,4401.10546875,4492.130859375,4573.1875,4636.9228515625,4711.591796875,4786.876953125,4867.66455078125,4978.8134765625,5143.9853515625
2026-02-09,2026-02-02,5050.9,4631.8251953125,4348.9111328125,4425.787109375,4500.736328125,4565.8271484375,4631.8251953125,4703.828125,4777.072265625,4881.1328125,5045.03125
2026-02-10,2026-02-03,5003.8,4879.23681640625,4576.826171875,4662.14501953125,4740.4658203125,4805.552734375,4879.23681640625,4956.548828125,5030.6357421875,5141.318359375,5304.5693359375
2026-02-11,2026-02-04,5071.6,4930.70703125,4648.91796875,4726.52490234375,4806.16943359375,4863.24560546875,4930.70703125,5010.333984375,5082.646484375,5185.57470703125,5344.19921875
2026-02-12,2026-02-05,4923.7,4873.7626953125,4630.73974609375,4695.66796875,4766.21484375,4816.94970703125,4873.7626953125,4939.33056640625,4999.39501953125,5093.41796875,5232.7177734375
2026-02-13,2026-02-06,5022.0,4955.7373046875,4707.9072265625,4779.6474609375,4853.2734375,4900.1787109375,4955.7373046875,5019.68359375,5068.97998046875,5158.0908203125,5291.197265625
2026-02-17,2026-02-09,4882.9,5016.0263671875,4747.53759765625,4822.8486328125,4904.37548828125,4954.2001953125,5016.0263671875,5088.72802734375,5143.66796875,5240.001953125,5388.0263671875
2026-02-18,2026-02-10,4986.5,5006.546875,4765.20751953125,4830.22900390625,4909.40625,4948.85009765625,5006.546875,5069.853515625,5114.935546875,5202.599609375,5327.29833984375
2026-02-19,2026-02-11,4975.9,5081.75244140625,4806.892578125,4882.0068359375,4966.95849609375,5016.958984375,5081.75244140625,5154.38720703125,5207.75390625,5307.123046875,5463.138671875
2026-02-20,2026-02-12,5059.3,4967.55419921875,4735.0166015625,4797.07080078125,4867.96435546875,4908.51123046875,4967.55419921875,5032.6689453125,5076.396484375,5161.51171875,5292.3798828125
2026-02-23,2026-02-13,5204.7,5052.07421875,4810.43994140625,4870.77099609375,4944.3154296875,4990.236328125,5052.07421875,5119.17578125,5172.95556640625,5259.181640625,5397.93603515625
2026-02-24,2026-02-17,5155.8,4956.6201171875,4728.14453125,4778.5341796875,4840.9814453125,4893.18115234375,4956.6201171875,5020.01953125,5083.40234375,5175.3955078125,5326.1337890625
2026-02-25,2026-02-18,5206.4,5045.82568359375,4817.9453125,4869.3251953125,4935.26806640625,4986.11328125,5045.82568359375,5105.57666015625,5162.384765625,5248.14453125,5387.8984375
2026-02-26,2026-02-19,5176.5,5024.1826171875,4817.3037109375,4859.70947265625,4922.0595703125,4970.224609375,5024.1826171875,5079.16259765625,5131.4462890625,5209.9990234375,5345.1923828125
2026-02-27,2026-02-20,5230.5,5102.02685546875,4878.99560546875,4924.54541015625,4988.42431640625,5042.4853515625,5102.02685546875,5161.1220703125,5224.630859375,5310.9658203125,5465.90576171875
2026-03-02,2026-02-23,5294.4,5194.9189453125,4911.48095703125,4979.24365234375,5053.34375,5123.00439453125,5194.9189453125,5268.8232421875,5349.013671875,5459.5703125,5641.8017578125
2026-03-03,2026-02-24,5107.4,5149.02880859375,4913.7314453125,4964.01904296875,5027.529296875,5086.236328125,5149.02880859375,5212.392578125,5278.7421875,5367.7802734375,5514.9921875
2026-03-04,2026-02-25,5120.2,5203.42578125,4987.40234375,5033.1435546875,5090.1865234375,5144.822265625,5203.42578125,5265.2451171875,5329.46337890625,5413.5517578125,5557.0625
2026-03-05,2026-02-26,5065.3,5182.1953125,4986.078125,5028.16796875,5079.08544921875,5129.5869140625,5182.1953125,5240.7861328125,5300.830078125,5375.74609375,5513.1904296875
2026-03-06,2026-02-27,5146.1,5216.384765625,5026.228515625,5067.83544921875,5112.37109375,5160.650390625,5216.384765625,5278.0185546875,5344.00390625,5422.181640625,5557.4482421875
2026-03-09,2026-03-02,5091.5,5239.4736328125,5033.1357421875,5087.0712890625,5138.02587890625,5188.515625,5239.4736328125,5297.296875,5362.40673828125,5439.048828125,5563.62939453125
2026-03-10,2026-03-03,5229.7,5085.13037109375,4865.126953125,4916.3984375,4968.48828125,5025.07666015625,5085.13037109375,5149.48388671875,5216.591796875,5306.0625,5456.08740234375
2026-03-11,2026-03-04,5167.4,5078.265625,4862.5634765625,4910.40576171875,4966.5302734375,5022.0888671875,5078.265625,5137.83447265625,5202.458984375,5282.564453125,5422.912109375
2026-03-12,2026-03-05,5115.8,5033.2861328125,4829.314453125,4869.62939453125,4925.5859375,4976.791015625,5033.2861328125,5096.37939453125,5164.28662109375,5241.6064453125,5385.96875
2026-03-13,2026-03-06,5052.5,5095.16796875,4869.8369140625,4920.7763671875,4981.1708984375,5033.31103515625,5095.16796875,5157.1787109375,5221.7568359375,5304.837890625,5444.6484375
2026-03-16,2026-03-09,4994.0,5043.2802734375,4850.80224609375,4888.984375,4944.373046875,4990.6416015625,5043.2802734375,5096.51025390625,5148.86767578125,5216.7890625,5334.5390625
2026-03-17,2026-03-10,5001.0,5138.84765625,4910.9296875,4959.916015625,5022.1455078125,5077.61279296875,5138.84765625,5195.4775390625,5250.138671875,5327.42578125,5456.3984375
2026-03-18,2026-03-11,4889.9,5128.19287109375,4904.2587890625,4956.1943359375,5022.23876953125,5073.041015625,5128.19287109375,5182.5556640625,5234.10400390625,5310.08251953125,5414.96142578125
2026-03-19,2026-03-12,4600.7,5119.0615234375,4915.7802734375,4955.3837890625,5017.51953125,5062.1259765625,5119.0615234375,5172.9404296875,5218.236328125,5295.779296875,5410.7412109375
2026-03-20,2026-03-13,4570.4,5044.90966796875,4829.0712890625,4880.765625,4945.99609375,4992.3623046875,5044.90966796875,5099.69482421875,5142.380859375,5222.529296875,5332.22314453125
2026-03-23,2026-03-16,4404.1,5000.7080078125,4793.44287109375,4843.5244140625,4906.0576171875,4951.4404296875,5000.7080078125,5049.3212890625,5087.86279296875,5168.60302734375,5278.5439453125
2026-03-24,2026-03-17,4399.3,4989.6396484375,4780.82958984375,4840.91650390625,4899.732421875,4938.06103515625,4989.6396484375,5043.13525390625,5073.4560546875,5145.91259765625,5242.0986328125
2026-03-25,2026-03-18,4549.8,4875.7529296875,4648.91064453125,4707.78515625,4777.28125,4820.470703125,4875.7529296875,4927.42236328125,4962.001953125,5035.103515625,5138.0908203125
2026-03-26,2026-03-19,4375.5,4628.48583984375,4319.51025390625,4411.9248046875,4499.13623046875,4560.416015625,4628.48583984375,4693.94140625,4751.03515625,4843.666015625,4980.38037109375
2026-03-27,2026-03-20,4492.0,4562.7412109375,4289.59375,4372.91845703125,4447.3310546875,4503.9287109375,4562.7412109375,4619.01220703125,4669.30908203125,4752.814453125,4879.3447265625
2026-03-30,2026-03-23,4526.0,4354.5537109375,4041.439453125,4148.48046875,4228.71142578125,4289.9140625,4354.5537109375,4422.80615234375,4487.85693359375,4583.765625,4723.09716796875
2026-03-31,2026-03-24,4647.6,4350.24609375,4062.8193359375,4159.31591796875,4231.29443359375,4291.67529296875,4350.24609375,4411.380859375,4473.83935546875,4562.0107421875,4699.548828125
2026-04-01,2026-03-25,4783.2,4590.6435546875,4337.4990234375,4421.7451171875,4483.2763671875,4538.4599609375,4590.6435546875,4652.08349609375,4702.185546875,4780.32470703125,4907.24560546875
2026-04-02,2026-03-26,4651.5,4356.37841796875,4083.8251953125,4171.6943359375,4239.2490234375,4297.3017578125,4356.37841796875,4417.3037109375,4472.36328125,4551.8056640625,4683.029296875
2026-04-06,2026-03-27,4656.8,4542.86279296875,4300.12158203125,4378.50732421875,4437.4599609375,4490.80224609375,4542.86279296875,4599.6298828125,4647.2568359375,4718.12890625,4834.2626953125
2026-04-07,2026-03-30,4657.1,4552.76953125,4306.8359375,4386.4765625,4448.60107421875,4499.7607421875,4552.76953125,4606.42236328125,4649.3515625,4714.16357421875,4821.990234375
2026-04-08,2026-03-31,4749.5,4645.82080078125,4416.73974609375,4489.5419921875,4547.412109375,4598.71630859375,4645.82080078125,4694.1376953125,4736.0068359375,4795.16845703125,4897.1396484375
2026-04-09,2026-04-01,4792.2,4745.00048828125,4467.04638671875,4557.64892578125,4630.52783203125,4691.71044921875,4745.00048828125,4804.40673828125,4856.37744140625,4924.484375,5040.07080078125
2026-04-10,2026-04-02,4761.9,4621.7158203125,4378.67822265625,4454.5126953125,4519.9912109375,4572.083984375,4621.7158203125,4676.89990234375,4731.6484375,4802.1796875,4922.6396484375
2026-04-13,2026-04-06,4742.4,4637.54736328125,4411.517578125,4483.2255859375,4545.158203125,4592.9150390625,4637.54736328125,4689.2939453125,4737.54833984375,4801.46630859375,4915.650390625
2026-04-14,2026-04-07,4825.0,4629.68017578125,4413.44921875,4480.19775390625,4537.85400390625,4585.21435546875,4629.68017578125,4676.8466796875,4722.41845703125,4784.83984375,4894.76318359375
2026-04-15,2026-04-08,4800.0,4730.10986328125,4479.875,4557.58984375,4623.521484375,4679.77294921875,4730.10986328125,4781.59765625,4834.501953125,4899.27685546875,5013.93798828125
2026-04-16,2026-04-09,4785.4,4772.10546875,4512.1533203125,4594.814453125,4662.1572265625,4714.61962890625,4772.10546875,4829.66943359375,4887.0908203125,4961.7255859375,5085.2705078125
2026-04-17,2026-04-10,4857.6,4748.19580078125,4525.84228515625,4594.34326171875,4650.8828125,4697.98828125,4748.19580078125,4797.0126953125,4848.5888671875,4911.41796875,5020.7451171875
2026-04-20,2026-04-13,4806.6,4722.20703125,4491.4560546875,4567.1240234375,4624.45556640625,4671.3974609375,4722.20703125,4771.7421875,4822.013671875,4892.23486328125,5006.974609375
2026-04-21,2026-04-14,4698.4,4794.3994140625,4541.61181640625,4625.0849609375,4687.59619140625,4738.68603515625,4794.3994140625,4846.005859375,4897.12548828125,4973.92578125,5092.2060546875
2026-04-22,2026-04-15,4732.5,4771.5439453125,4541.521484375,4621.6728515625,4676.0546875,4722.20703125,4771.5439453125,4817.22998046875,4865.923828125,4936.62255859375,5048.07080078125
2026-04-23,2026-04-16,4705.1,4752.21142578125,4529.9013671875,4603.89892578125,4656.96142578125,4704.64990234375,4752.21142578125,4792.84130859375,4837.91455078125,4900.681640625,5002.220703125
2026-04-24,2026-04-17,4722.3,4822.83984375,4571.91650390625,4656.61376953125,4718.74169921875,4770.513671875,4822.83984375,4870.35205078125,4916.13671875,4987.6064453125,5091.90234375
2026-04-27,2026-04-20,4675.4,4758.05615234375,4521.255859375,4602.9326171875,4658.16162109375,4706.96875,4758.05615234375,4802.68115234375,4844.4765625,4911.38818359375,5001.318359375
2026-04-28,2026-04-21,4591.5,4659.0166015625,4410.43603515625,4492.9833984375,4551.23095703125,4601.79541015625,4659.0166015625,4710.7255859375,4758.5048828125,4832.259765625,4935.84912109375
2026-04-29,2026-04-22,4545.2,4719.35302734375,4473.08154296875,4556.6103515625,4614.8115234375,4665.82275390625,4719.35302734375,4768.78466796875,4817.77783203125,4893.40380859375,4988.13623046875
2026-04-30,2026-04-23,4614.7,4688.7802734375,4472.32763671875,4544.9453125,4597.66552734375,4643.33203125,4688.7802734375,4732.5380859375,4777.7314453125,4848.91796875,4933.841796875
2026-05-01,2026-04-24,4629.9,4702.765625,4473.9912109375,4552.880859375,4607.05224609375,4653.220703125,4702.765625,4752.11669921875,4797.7490234375,4870.06103515625,4953.90478515625
2026-05-04,2026-04-27,4519.5,4669.74609375,4455.6259765625,4526.49072265625,4576.16455078125,4620.8935546875,4669.74609375,4714.43896484375,4759.02734375,4831.20703125,4914.974609375
2026-05-05,2026-04-28,4555.8,4561.1318359375,4320.564453125,4394.7041015625,4452.248046875,4503.46630859375,4561.1318359375,4612.4619140625,4659.4462890625,4738.86962890625,4835.68798828125
2026-05-06,2026-04-29,4681.9,4517.59765625,4268.2978515625,4340.6298828125,4401.77587890625,4458.84912109375,4517.59765625,4569.5693359375,4615.0595703125,4693.0712890625,4797.13037109375
2026-05-07,2026-04-30,4699.8,4622.544921875,4393.26123046875,4459.7978515625,4517.646484375,4569.8369140625,4622.544921875,4671.755859375,4712.60107421875,4788.314453125,4883.17333984375
2026-05-08,2026-05-01,4720.4,4634.74462890625,4415.60546875,4478.9794921875,4536.03369140625,4587.4541015625,4634.74462890625,4680.18994140625,4721.35595703125,4789.193359375,4874.89453125
2026-05-11,2026-05-04,4718.7,4501.5458984375,4289.3759765625,4354.375,4406.82421875,4452.7900390625,4501.5458984375,4541.3232421875,4573.4658203125,4637.55712890625,4719.6552734375
2026-05-12,2026-05-05,4677.6,4538.3896484375,4337.134765625,4400.62353515625,4447.357421875,4490.99365234375,4538.3896484375,4573.83203125,4597.16064453125,4654.14111328125,4723.1787109375
2026-05-13,2026-05-06,4697.7,4629.78076171875,4396.90380859375,4470.68505859375,4526.43017578125,4575.5517578125,4629.78076171875,4674.03125,4706.65869140625,4770.57275390625,4851.08740234375
2026-05-14,2026-05-07,4678.1,4684.697265625,4465.50927734375,4538.7041015625,4590.9755859375,4637.3974609375,4684.697265625,4727.6923828125,4760.01708984375,4818.67822265625,4894.75048828125
2026-05-15,2026-05-08,4555.8,4697.63671875,4478.59619140625,4552.90673828125,4603.30908203125,4653.99462890625,4697.63671875,4740.4873046875,4777.310546875,4836.5166015625,4917.05126953125
2026-05-18,2026-05-11,4552.5,4722.708984375,4505.05322265625,4582.11962890625,4631.0625,4679.48828125,4722.708984375,4771.0068359375,4802.70751953125,4857.78515625,4925.802734375
2026-05-19,2026-05-12,4506.3,4667.46435546875,4476.66748046875,4541.80029296875,4581.03271484375,4622.00732421875,4667.46435546875,4706.94873046875,4738.4453125,4789.8876953125,4855.25244140625
2026-05-20,2026-05-13,4531.3,4698.525390625,4497.9892578125,4570.068359375,4612.89208984375,4653.2763671875,4698.525390625,4739.25244140625,4772.12890625,4819.943359375,4875.3623046875
2026-05-21,2026-05-14,4539.8,4680.1640625,4502.1572265625,4568.8935546875,4603.99267578125,4640.9052734375,4680.1640625,4715.0849609375,4741.71337890625,4782.70751953125,4833.2021484375
2026-05-22,2026-05-15,4521.0,4571.11865234375,4378.9345703125,4449.7216796875,4484.22412109375,4528.8994140625,4571.11865234375,4604.9404296875,4640.88720703125,4689.025390625,4754.37646484375
2026-05-26,2026-05-18,4500.4,4555.61474609375,4371.376953125,4442.669921875,4472.01171875,4514.564453125,4555.61474609375,4586.18994140625,4617.783203125,4662.61279296875,4723.9912109375
2026-05-27,2026-05-19,4447.5,4490.58056640625,4317.482421875,4386.21337890625,4413.79052734375,4453.259765625,4490.58056640625,4519.92431640625,4550.263671875,4592.99755859375,4653.5546875
2026-05-28,2026-05-20,4499.3,4523.30029296875,4344.78564453125,4411.34765625,4442.7177734375,4483.99755859375,4523.30029296875,4554.36669921875,4583.73291015625,4629.2236328125,4688.1298828125
2026-05-29,2026-05-21,4560.5,4529.6826171875,4363.375,4426.61083984375,4455.77099609375,4493.251953125,4529.6826171875,4558.658203125,4584.18115234375,4627.5,4681.06103515625
2026-06-01,2026-05-22,4475.2,4505.66162109375,4338.5712890625,4399.00341796875,4428.47802734375,4468.77587890625,4505.66162109375,4533.20751953125,4564.6435546875,4606.7861328125,4663.01904296875
2026-06-02,2026-05-26,4489.1,4478.9384765625,4313.51953125,4374.369140625,4402.83544921875,4442.52783203125,4478.9384765625,4504.5947265625,4534.0419921875,4574.47412109375,4626.95458984375
2026-06-03,2026-05-27,4436.7,4427.59228515625,4268.18994140625,4325.25,4355.6083984375,4391.984375,4427.59228515625,4454.171875,4485.04150390625,4527.99609375,4581.392578125
2026-06-04,2026-05-28,4475.8,4490.1826171875,4314.71630859375,4379.1923828125,4413.462890625,4453.974609375,4490.1826171875,4520.07958984375,4551.02197265625,4594.517578125,4650.82275390625
2026-06-05,2026-05-29,4337.1,4539.080078125,4355.7998046875,4420.59326171875,4459.65185546875,4501.01171875,4539.080078125,4572.03515625,4604.708984375,4649.6953125,4708.3671875
2026-06-08,2026-06-01,4335.9,4471.7763671875,4295.04443359375,4361.224609375,4397.46826171875,4434.6953125,4471.7763671875,4501.6982421875,4535.955078125,4579.9580078125,4641.9580078125
2026-06-09,2026-06-02,4260.0,4490.58740234375,4322.1943359375,4383.490234375,4418.7275390625,4455.0888671875,4490.58740234375,4519.85302734375,4550.34326171875,4592.3984375,4648.7490234375
2026-06-10,2026-06-03,4108.2,4430.63671875,4272.822265625,4328.6630859375,4363.5888671875,4396.9697265625,4430.63671875,4457.05615234375,4485.2666015625,4527.1044921875,4579.6376953125
2026-06-11,2026-06-04,4090.3,4474.00732421875,4317.9482421875,4372.724609375,4407.697265625,4440.19384765625,4474.00732421875,4502.6953125,4532.07568359375,4576.13623046875,4626.30419921875
2026-06-12,2026-06-05,4215.0,4357.07177734375,4190.01611328125,4250.7236328125,4287.3291015625,4323.08203125,4357.07177734375,4387.8447265625,4421.0849609375,4471.7578125,4529.22265625
2026-06-15,2026-06-08,4328.0,4332.83642578125,4166.3466796875,4224.63720703125,4260.82568359375,4297.7919921875,4332.83642578125,4360.599609375,4394.8857421875,4443.8056640625,4502.279296875
2026-06-16,2026-06-09,4330.9,4243.43701171875,4072.83349609375,4133.68115234375,4171.58349609375,4207.2734375,4243.43701171875,4272.146484375,4305.041015625,4355.1005859375,4412.6826171875
2026-06-17,2026-06-10,4358.9,4067.21923828125,3840.869140625,3925.174560546875,3976.548828125,4019.433837890625,4067.21923828125,4108.2041015625,4152.39306640625,4214.83544921875,4292.1494140625
2026-06-18,2026-06-11,4224.1,4036.919921875,3840.35693359375,3916.0126953125,3957.62451171875,3991.665771484375,4036.919921875,4073.101318359375,4112.171875,4171.3017578125,4243.373046875
2026-06-22,2026-06-12,4181.9,4191.71826171875,3997.814453125,4070.81298828125,4109.40234375,4149.03857421875,4191.71826171875,4226.07666015625,4266.59375,4321.1259765625,4382.90283203125
2026-06-23,2026-06-15,4129.9,4324.0244140625,4117.322265625,4191.8125,4232.38818359375,4280.94921875,4324.0244140625,4362.0009765625,4401.02294921875,4459.01025390625,4520.6865234375
2026-06-24,2026-06-16,3990.3,4322.18115234375,4118.48046875,4194.54345703125,4234.46435546875,4276.66162109375,4322.18115234375,4355.9892578125,4394.65576171875,4448.6962890625,4509.01953125
2026-06-25,2026-06-17,4030.5,4359.53564453125,4164.2529296875,4235.958984375,4273.35107421875,4318.0107421875,4359.53564453125,4395.74267578125,4435.79052734375,4487.02001953125,4542.08056640625
2026-06-26,2026-06-18,4078.7,4223.31884765625,4012.36865234375,4088.875,4130.93603515625,4180.654296875,4223.31884765625,4260.44677734375,4298.337890625,4354.2529296875,4419.697265625
2026-06-29,2026-06-22,4022.3,4159.279296875,3950.3251953125,4028.143310546875,4072.92822265625,4115.8984375,4159.279296875,4192.24365234375,4234.3046875,4290.146484375,4361.75
2026-06-30,2026-06-23,4022.9,4106.873046875,3916.690673828125,3986.568603515625,4027.194091796875,4068.800048828125,4106.873046875,4137.90380859375,4180.13720703125,4228.2138671875,4293.421875
2026-07-01,2026-06-24,4068.3,3967.5673828125,3749.37060546875,3826.322998046875,3876.2822265625,3923.660400390625,3967.5673828125,4005.473388671875,4053.832763671875,4114.9384765625,4199.1025390625
2026-07-02,2026-06-25,4112.7,4007.89013671875,3819.68359375,3889.337890625,3928.871337890625,3968.21826171875,4007.89013671875,4036.4931640625,4080.958984375,4133.6943359375,4209.7177734375
2026-07-06,2026-06-26,4155.1,4059.641357421875,3860.28076171875,3935.353271484375,3977.437744140625,4018.186279296875,4059.641357421875,4091.327392578125,4136.24462890625,4189.99072265625,4266.02294921875
2026-07-07,2026-06-29,4145.3,3971.70361328125,3794.108642578125,3862.25,3899.919921875,3934.44091796875,3971.70361328125,4000.245849609375,4041.801513671875,4095.967041015625,4168.998046875
2026-07-08,2026-06-30,4070.9,3983.252685546875,3812.036376953125,3878.33203125,3913.719482421875,3946.892822265625,3983.252685546875,4009.71630859375,4048.28759765625,4099.634765625,4166.6953125
2026-07-09,2026-07-01,4130.6,4023.337646484375,3846.790283203125,3914.75830078125,3951.58056640625,3986.646484375,4023.337646484375,4050.123779296875,4088.043701171875,4138.203125,4205.43994140625
2026-07-10,2026-07-02,4104.1,4062.47607421875,3880.406982421875,3950.310791015625,3989.94677734375,4025.64892578125,4062.47607421875,4089.7783203125,4127.09716796875,4176.49853515625,4242.18603515625
2026-07-13,2026-07-06,3997.0,4106.2763671875,3920.301025390625,3986.869140625,4027.63720703125,4067.22265625,4106.2763671875,4134.66015625,4176.626953125,4228.7607421875,4297.9443359375
2026-07-14,2026-07-07,4061.1,4100.029296875,3927.995361328125,3990.8642578125,4028.47900390625,4064.560546875,4100.029296875,4125.1845703125,4159.39111328125,4206.82421875,4263.787109375
2026-07-15,2026-07-08,4044.0,4030.183349609375,3871.57763671875,3930.27685546875,3963.812744140625,3996.31640625,4030.183349609375,4053.573974609375,4086.46240234375,4133.44873046875,4192.20703125
2026-07-16,2026-07-09,3985.6,4113.99267578125,3939.74609375,4003.794189453125,4040.82177734375,4078.24365234375,4113.99267578125,4140.8154296875,4177.546875,4228.52734375,4290.60595703125
2026-07-17,2026-07-10,4012.7,4082.48046875,3916.922119140625,3977.5576171875,4011.991455078125,4049.595458984375,4082.48046875,4106.947265625,4141.017578125,4187.4716796875,4244.576171875
2026-07-20,2026-07-13,4010.3,3969.75341796875,3810.08203125,3867.944091796875,3902.003662109375,3935.202392578125,3969.75341796875,3994.599853515625,4030.935546875,4077.40771484375,4135.74462890625
2026-07-21,2026-07-14,4071.1,4039.05322265625,3865.651123046875,3931.069091796875,3966.863525390625,4002.269775390625,4039.05322265625,4067.453857421875,4104.8408203125,4152.38525390625,4212.2255859375
2026-07-22,2026-07-15,4146.9,4020.733642578125,3859.01953125,3922.369873046875,3956.552734375,3987.7802734375,4020.733642578125,4044.3916015625,4078.0419921875,4123.2080078125,4180.755859375
2026-07-23,2026-07-16,4046.6,3960.32373046875,3792.038818359375,3856.7734375,3891.088623046875,3924.927978515625,3960.32373046875,3984.876220703125,4020.486572265625,4071.198974609375,4133.29541015625
2026-07-24,2026-07-17,4067.6,3991.857177734375,3818.785888671875,3886.649169921875,3921.91845703125,3954.682373046875,3991.857177734375,4017.0849609375,4050.67822265625,4098.5810546875,4161.73291015625
2026-07-27,2026-07-20,4074.5,3974.461669921875,3821.04833984375,3879.470458984375,3909.4462890625,3941.41357421875,3974.461669921875,3997.8232421875,4029.88720703125,4079.3271484375,4141.92529296875
2026-07-28,2026-07-21,4036.3,4032.3046875,3857.510498046875,3923.89794921875,3959.50439453125,3996.319580078125,4032.3046875,4058.28662109375,4091.864013671875,4145.572265625,4206.68115234375
2026-07-29,2026-07-22,4034.7,4087.2666015625,3910.673828125,3977.4599609375,4014.757568359375,4050.05224609375,4087.2666015625,4116.5478515625,4152.67822265625,4208.52587890625,4270.56982421875
2026-07-30,2026-07-23,4100.1,4004.10595703125,3834.281005859375,3897.70556640625,3933.61572265625,3970.35498046875,4004.10595703125,4035.085205078125,4070.289306640625,4125.9052734375,4190.2783203125
2026-07-31,2026-07-24,4049.1,4040.27392578125,3862.151123046875,3928.571044921875,3965.443359375,4005.108642578125,4040.27392578125,4068.09716796875,4100.955078125,4155.3916015625,4215.6689453125
2026-08-03,2026-07-27,4033.7,4035.908935546875,3867.646728515625,3932.896240234375,3967.720703125,4003.26513671875,4035.908935546875,4062.69677734375,4095.364501953125,4149.04248046875,4203.07080078125
2026-08-04,2026-07-28,4095.4,4005.51904296875,3836.55419921875,3902.512939453125,3939.76513671875,3970.923828125,4005.51904296875,4033.060546875,4067.633056640625,4118.10009765625,4170.5712890625
2026-08-05,2026-07-29,4245.8,4017.029541015625,3869.08154296875,3926.14501953125,3958.25830078125,3984.5947265625,4017.029541015625,4040.41650390625,4070.38671875,4117.02783203125,4167.73974609375
2026-08-06,2026-07-30,4242.0,4089.05224609375,3920.126708984375,3985.71142578125,4024.342041015625,4057.802001953125,4089.05224609375,4118.84619140625,4152.47412109375,4204.48388671875,4255.94873046875
2026-08-07,2026-07-31,4340.7,4037.3916015625,3873.5771484375,3937.64111328125,3972.970947265625,4004.42333984375,4037.3916015625,4066.02294921875,4097.27099609375,4147.66162109375,4200.0009765625
2026-08-10,2026-08-03,4422.9,4022.450927734375,3863.57080078125,3928.446044921875,3961.973876953125,3989.85791015625,4022.450927734375,4049.0439453125,4076.1005859375,4121.078125,4166.6240234375
